"time","control","GABAzine"
0,-1.24130853479078,1.24125970666858
0.1,-2.38876941778931,0.948290970583855
0.2,-2.33994129510852,0.850634725222277
0.3,-2.77939439923562,0.972705031924247
0.4,-2.48642566315089,0.142626946350838
0.5,-1.9737303750026,-0.0770996057127107
0.6,-2.31552723376813,-0.63862301654178
0.7,-3.04794907397996,-0.296826157776258
0.8,-3.04794907397996,0.0205566396488663
0.9,-3.17001938068193,0.460009743775971
1,-3.51181623944745,0.7529784798607
1.1,-2.92587876727798,-0.85834956860533
1.2,-3.36533187140508,0.240283191712416
1.3,-4.12216777295731,-0.296826157776259
1.4,-4.87900367450953,-0.638623016541779
1.5,-4.39072244770164,0.484423805116359
1.6,-4.00009746625534,-0.29682615777626
1.7,-2.8526365832568,-0.858349568605327
1.8,-3.24326156470311,-0.394482403137835
1.9,-3.731542791511,-0.41889646447823
2,-3.36533187140508,-0.0282714830319222
2.1,-3.24326156470311,-0.370068341797442
2.2,-3.82919903687257,-0.150341789733892
2.3,-2.90146470593759,1.63188468811489
2.4,-2.8526365832568,1.33891595203016
2.5,-3.78037091419178,-0.150341789733891
2.6,-3.2676756260435,-0.687451139222569
2.7,-3.19443344202232,-0.24799803509547
2.8,-3.48740217810705,-0.125927728393495
2.9,-3.46298811676666,0.0693847623296548
3,-3.36533187140508,0.118212885010443
3.1,-3.14560531934153,-0.589794893860991
3.2,-2.26669911108734,0.386767559754782
3.3,-2.12021474304497,0.752978479860695
3.4,-2.60849596985286,-0.907177691286118
3.5,-3.02353501263956,0.264697253052809
3.6,-3.51181623944745,0.26469725305281
3.7,-3.46298811676666,0.167041007691232
3.8,-1.998144436343,-0.394482403137837
3.9,-2.77939439923562,0.264697253052809
4,-3.19443344202232,0.191455069031629
4.1,-2.92587876727799,-1.0048339366477
4.2,-2.75498033789522,-1.34663079541321
4.3,-2.70615221521444,-0.296826157776259
4.4,-3.17001938068193,0.899462847903061
4.5,-2.95029282861838,1.04594721594543
4.6,-2.8770506445972,-0.223583973755075
4.7,-3.38974593274548,-0.394482403137833
4.8,-3.56064436212824,-0.663037077882174
4.9,-3.2920896873839,0.435595682435573
5,-2.58408190851246,1.80278311749765
5.1,-1.85166006830063,1.04594721594543
5.2,-1.63193351623708,0.289111314393202
5.3,-1.75400382293906,0.142626946350838
5.4,-2.29111317242773,0.289111314393206
5.5,-3.36533187140508,-0.052685544372315
5.6,-2.02255849768339,-0.443310525818625
5.7,-2.33994129510852,-0.0282714830319222
5.8,-1.80283194561985,-0.394482403137835
5.9,-1.41220696417354,-0.00385742169152792
6,-2.51083972449128,1.58305656543411
6.1,-1.29013665747157,0.899462847903067
6.2,-1.1680663507696,0.460009743775967
6.3,-0.997167921386833,-0.223583973755075
6.4,-2.4375975404701,0.167041007691233
6.5,-2.63291003119325,0.606494111818328
6.6,-2.04697255902379,1.41215813605134
6.7,-2.48642566315089,-0.272412096435865
6.8,-2.68173815387404,0.142626946350839
6.9,-2.31552723376813,1.143603461307
7,-1.5831053935563,0.460009743775961
7.1,-1.68076163891787,-0.101513667053104
7.2,-0.923925737365651,-0.540966771180202
7.3,-0.58212887860013,0.508837866456754
7.4,-1.19248041210999,0.14262694635084
7.5,-1.24130853479078,0.997119093264638
7.6,-2.26669911108734,1.31450189068977
7.7,-2.29111317242773,0.460009743775963
7.8,-2.38876941778931,0.0449707009892592
7.9,-2.04697255902379,0.36235349841439
8,-1.94931631366221,-0.0282714830319208
8.1,-1.16806635076959,-0.638623016541779
8.2,-0.948339798706044,-0.028271483031925
8.3,-1.26572259613117,-0.0526855443723179
8.4,-0.777441369323286,0.191455069031628
8.5,-0.728613246642497,0.704150357179907
8.6,-0.0450195291114554,1.50981438141292
8.7,-0.386816387876977,-0.052685544372315
8.8,-0.460058571898158,-1.27338861139203
8.9,0.125878900271305,0.069384762329652
9,0.125878900271304,0.972705031924244
9.1,-0.679785123961708,0.0205566396488663
9.2,-0.801855430663679,0.0449707009892606
9.3,-1.43662102551393,0.777392541201091
9.4,-1.1436522894292,0.801806602541484
9.5,-0.0694335904518503,0.191455069031628
9.6,-0.630957001280919,-0.199169912414682
9.7,-0.875097614684864,0.630908173158724
9.8,-0.435644510557764,0.191455069031626
9.9,-1.09482416674841,0.167041007691232
10,-0.777441369323285,0.777392541201088
10.1,-0.53330075591934,-0.223583973755078
10.2,-0.46005857189816,-0.565380832520596
10.3,-0.704199185302102,-0.614208955201387
10.4,-0.630957001280919,-0.516552709839807
10.5,0.492089820377218,1.11918939996661
10.6,1.12685541522747,1.85161124017844
10.7,1.63955070337575,-0.492138648499416
10.8,0.540917943058007,-0.589794893860993
10.9,0.589746065738797,0.70415035717991
11,0.418847636356036,-0.0282714830319208
11.1,-0.411230449217371,0.362353498414389
11.2,0.199121084292487,1.41215813605134
11.3,-0.0938476517922439,1.41215813605134
11.4,-0.142675774473033,-0.00385742169152792
11.5,-1.04599604406762,-0.785107384584146
11.6,-0.0450195291114561,-0.125927728393499
11.7,0.174707022952092,-0.0038574216915265
11.8,1.20009759924866,0.240283191712413
11.9,-0.0206054677710618,-0.51655270983981
12,0.345605452334853,0.0937988236700505
12.1,0.345605452334853,0.679736295839515
12.2,0.321191390994458,0.923876909243454
12.3,0.174707022952093,0.411181621095179
12.4,0.467675759036825,0.0205566396488692
12.5,0.370019513675247,-0.589794893860993
12.6,-0.11826171313264,-0.125927728393496
12.7,0.0770507775905166,-0.638623016541779
12.8,-0.313574203855794,0.0449707009892592
12.9,-0.655371062621314,0.435595682435572
13,-0.923925737365651,0.557665989137543
13.1,-0.142675774473035,-0.174755851074288
13.2,-1.11923822808881,-0.76069332324375
13.3,-1.60751945489669,-0.565380832520596
13.4,-0.435644510557766,-0.711865200562963
13.5,-0.435644510557765,-0.638623016541781
13.6,-1.19248041210999,-0.272412096435868
13.7,-1.41220696417354,0.752978479860697
13.8,-1.72958976159866,0.704150357179908
13.9,-1.85166006830064,0.630908173158724
14,-0.53330075591934,0.557665989137546
14.1,0.125878900271306,0.337939437073994
14.2,-0.24033201983461,-0.174755851074289
14.3,-0.167089835813427,-0.101513667053105
14.4,0.321191390994459,-0.223583973755075
14.5,-0.191503897153822,0.0937988236700534
14.6,-0.337988265196187,0.533251927797149
14.7,-0.58212887860013,-0.394482403137836
14.8,-1.68076163891787,-1.22456048871124
14.9,-1.04599604406762,-1.07807612066887
15,-1.26572259613117,-0.785107384584144
15.1,-0.948339798706046,0.948290970583848
15.2,-0.850683553344469,1.75395499481686
15.3,-1.31455071881196,0.801806602541487
15.4,-0.972753860046439,-0.101513667053106
15.5,-0.557714817259736,-0.540966771180203
15.6,-0.557714817259735,-1.10249018200927
15.7,-1.65634757757748,-1.29780267273243
15.8,-1.1436522894292,-1.66401359283834
15.9,-0.875097614684862,-0.0282714830319222
16,-0.337988265196187,0.0693847623296548
16.1,-0.630957001280918,-0.370068341797443
16.2,-0.362402326536582,-0.321240219116653
16.3,-0.777441369323285,-1.46870110211519
16.4,-0.899511676025256,-1.37104485675361
16.5,-1.43662102551393,-0.809521445924541
16.6,-1.19248041210999,-0.663037077882174
16.7,-1.43662102551393,-0.00385742169152792
16.8,-0.630957001280919,0.0937988236700477
16.9,-0.435644510557765,-0.858349568605328
17,-1.63193351623709,-0.321240219116655
17.1,-1.16806635076959,-0.467724587159019
17.2,0.0282226549097274,0.606494111818331
17.3,-0.606542939940523,1.07036127728582
17.4,-1.60751945489669,1.46098625873213
17.5,-1.46103508685433,0.386767559754779
17.6,-1.1192382280888,-0.63862301654178
17.7,-0.777441369323284,-0.0282714830319208
17.8,-0.777441369323284,0.948290970583851
17.9,-1.1436522894292,1.46098625873214
18,-1.80283194561985,1.09477533862622
18.1,-1.65634757757748,0.386767559754783
18.2,-0.0450195291114561,0.191455069031632
18.3,0.394433575015643,-0.540966771180204
18.4,-0.801855430663679,-0.345654280457046
18.5,-1.60751945489669,-0.0282714830319193
18.6,-1.5586913322159,-1.10249018200927
18.7,-0.948339798706046,-0.711865200562966
18.8,-1.02158198272723,-0.565380832520599
18.9,-0.899511676025254,0.215869130372022
19,-0.679785123961708,-0.101513667053106
19.1,0.83388667914274,-0.174755851074291
19.2,0.223535145632881,0.215869130372019
19.3,-0.875097614684864,0.362353498414389
19.4,0.687402311100375,0.55766598913754
19.5,0.785058556461951,-0.223583973755075
19.6,-1.38779290283314,-0.9804198753073
19.7,-1.90048819098143,-1.34663079541321
19.8,-1.07041010540802,-0.565380832520596
19.9,0.101464838930912,0.191455069031632
20,0.0282226549097263,-0.34565428045705
20.1,-0.801855430663679,-0.565380832520597
20.2,-0.508886694578948,-0.223583973755075
20.3,-0.167089835813428,-0.199169912414681
20.4,-1.31455071881196,0.752978479860694
20.5,-1.16806635076959,1.53422844275332
20.6,-0.801855430663679,0.875048786562667
20.7,-0.386816387876976,-0.223583973755078
20.8,-0.923925737365651,-0.58979489386099
20.9,-1.63193351623709,-0.492138648499414
21,-0.167089835813427,-0.614208955201386
21.1,0.662988249759979,-1.20014642737085
21.2,-0.508886694578947,-0.467724587159022
21.3,0.467675759036824,0.752978479860694
21.4,0.296777329654064,0.142626946350836
21.5,0.565332004398402,-0.467724587159017
21.6,0.345605452334853,-0.687451139222567
21.7,0.0282226549097288,-0.223583973755079
21.8,0.394433575015642,0.77739254120109
21.9,-0.264746081175005,0.728564418520301
22,-0.63095700128092,0.0693847623296548
22.1,0.150292961611699,0.386767559754782
22.2,-0.313574203855794,1.07036127728582
22.3,-0.215917958494215,0.972705031924245
22.4,-0.337988265196188,0.142626946350839
22.5,-1.41220696417354,-0.589794893860989
22.6,-1.21689447345038,-0.296826157776259
22.7,-0.460058571898159,0.0693847623296548
22.8,0.150292961611699,-0.272412096435865
22.9,-0.484472633238554,0.118212885010443
23,-0.0206054677710611,-0.711865200562966
23.1,0.809472617802344,-0.882763629945721
23.2,0.174707022952094,0.240283191712419
23.3,0.00380859356933385,0.3135253757336
23.4,-0.0694335904518489,-0.931591752626513
23.5,-0.386816387876975,-1.15131830469006
23.6,-1.97373037500261,-0.223583973755076
23.7,-2.46201160181049,-0.540966771180203
23.8,-1.33896478015235,-0.272412096435866
23.9,-0.0450195291114554,-0.443310525818625
24,-0.337988265196186,0.240283191712416
24.1,-0.435644510557764,0.167041007691232
24.2,-1.36337884149275,-0.150341789733896
24.3,-0.753027307982892,0.850634725222272
24.4,-0.264746081175005,0.77739254120109
24.5,-0.411230449217369,0.0937988236700534
24.6,-0.386816387876976,0.411181621095177
24.7,-0.0938476517922439,0.704150357179907
24.8,0.0282226549097274,-0.41889646447823
24.9,-1.04599604406762,-1.71284171551913
25,-1.65634757757748,-1.29780267273243
25.1,-1.36337884149275,-0.29682615777626
25.2,-1.21689447345038,-0.24799803509547
25.3,-0.899511676025257,0.26469725305281
25.4,-0.850683553344467,0.533251927797149
25.5,-0.264746081175003,-0.614208955201383
25.6,0.44326169769643,-0.0038574216915265
25.7,-0.264746081175004,0.655322234499116
25.8,-0.630957001280918,0.289111314393203
25.9,-0.191503897153822,-0.223583973755075
26,0.0770507775905159,0.142626946350839
26.1,-0.679785123961708,-0.125927728393498
26.2,-0.899511676025257,-0.247998035095466
26.3,0.296777329654064,0.411181621095176
26.4,-0.0450195291114561,-0.125927728393499
26.5,-0.337988265196187,0.630908173158723
26.6,-0.289160142515399,1.90043936285923
26.7,-0.0450195291114561,0.899462847903062
26.8,0.614160127079191,0.337939437073992
26.9,0.27236326831367,0.704150357179907
27,0.0526367162501217,0.337939437073997
27.1,-1.1436522894292,-0.321240219116656
27.2,-1.5586913322159,0.167041007691233
27.3,-1.5831053935563,-0.150341789733895
27.4,-0.899511676025256,-0.0526855443723193
27.5,-1.02158198272723,0.55766598913754
27.6,-0.533300755919341,-0.125927728393502
27.7,-0.997167921386833,-0.199169912414683
27.8,-1.19248041210999,0.0205566396488678
27.9,0.199121084292488,-0.0282714830319222
28,-0.24033201983461,-0.0526855443723179
28.1,-1.87607412964103,-0.760693323243751
28.2,-0.997167921386834,-0.833935507264935
28.3,-1.21689447345038,-0.443310525818625
28.4,-1.48544914819472,-0.321240219116653
28.5,-0.386816387876975,-0.614208955201386
28.6,-1.31455071881196,-0.882763629945724
28.7,-0.948339798706044,-0.711865200562963
28.8,0.394433575015642,0.484423805116359
28.9,-1.1436522894292,-0.0526855443723179
29,0.516503881717612,-0.638623016541777
29.1,1.05361323120629,0.435595682435569
29.2,1.51748039667378,1.19243158398779
29.3,-0.679785123961708,0.60649411181833
29.4,-1.53427727087551,1.48540032007252
29.5,-0.215917958494215,1.50981438141292
29.6,-0.58212887860013,1.11918939996661
29.7,-0.264746081175006,-0.24799803509547
29.8,-0.630957001280918,-0.199169912414681
29.9,-0.997167921386834,0.118212885010443
30,-1.53427727087551,0.704150357179907
30.1,-0.899511676025258,1.55864250409371
30.2,-0.826269492004074,0.557665989137541
30.3,-0.655371062621313,-0.370068341797443
30.4,-1.16806635076959,-1.00483393664769
30.5,-1.04599604406762,-1.05366205932848
30.6,0.10146483893091,-1.39545891809401
30.7,-0.679785123961707,-1.71284171551913
30.8,-0.679785123961709,-1.20014642737085
30.9,0.0526367162501209,-0.272412096435868
31,0.687402311100373,0.386767559754782
31.1,0.638574188419584,0.38676755975478
31.2,-0.142675774473033,0.167041007691232
31.3,-0.923925737365649,-0.49213864849941
31.4,-0.264746081175006,-0.492138648499416
31.5,1.29775384461023,-0.125927728393501
31.6,1.07802729254668,0.386767559754782
31.7,-0.484472633238553,-0.223583973755078
31.8,-0.704199185302101,0.484423805116359
31.9,-0.75302730798289,-0.199169912414679
32,0.833886679142739,-0.58979489386099
32.1,1.4198241513122,-1.32221673407282
32.2,0.27236326831367,0.0937988236700505
32.3,-1.11923822808881,-0.125927728393495
32.4,-1.04599604406762,-0.736279261903357
32.5,0.736230433781163,-0.833935507264933
32.6,1.78603507141812,0.191455069031628
32.7,0.10146483893091,-0.125927728393499
32.8,-0.557714817259737,-1.15131830469006
32.9,-0.215917958494215,-0.614208955201387
33,-0.264746081175004,0.0937988236700505
33.1,-0.0694335904518503,-0.101513667053104
33.2,-0.264746081175004,0.508837866456751
33.3,-0.46005857189816,0.435595682435569
33.4,-0.63095700128092,-0.321240219116656
33.5,0.00380859356933385,-0.687451139222569
33.6,-0.484472633238554,-1.05366205932848
33.7,-0.582128878600129,-1.12690424334967
33.8,0.0282226549097274,-0.736279261903356
33.9,0.711816372440767,0.215869130372019
34,-0.630957001280918,1.31450189068976
34.1,-1.09482416674841,1.38774407471095
34.2,0.49208982037722,-0.516552709839809
34.3,-0.435644510557765,-0.052685544372315
34.4,-1.16806635076959,0.508837866456756
34.5,-1.04599604406762,0.0205566396488678
34.6,-0.58212887860013,-0.663037077882176
34.7,0.443261697696429,-0.85834956860533
34.8,-0.289160142515399,-0.85834956860533
34.9,-0.386816387876976,-0.223583973755078
35,-1.33896478015235,1.5830565654341
35.1,-1.31455071881196,1.04594721594542
35.2,-1.80283194561984,-0.0770996057127121
35.3,-0.557714817259738,-0.711865200562964
35.4,0.711816372440768,-0.858349568605328
35.5,0.247949206973279,0.0693847623296534
35.6,-1.04599604406762,0.704150357179905
35.7,-1.92490225232182,0.191455069031628
35.8,-1.11923822808881,0.386767559754779
35.9,-1.53427727087551,-0.370068341797442
36,-2.16904286572576,0.0205566396488706
36.1,-0.80185543066368,-0.174755851074286
36.2,-0.75302730798289,0.0693847623296577
36.3,-1.82724600696024,-0.663037077882173
36.4,-2.4375975404701,-1.12690424334966
36.5,-1.80283194561985,-0.321240219116653
36.6,-1.75400382293906,0.118212885010442
36.7,-2.31552723376813,-0.272412096435865
36.8,-2.0225584976834,-0.565380832520596
36.9,-2.14462880438537,-0.760693323243753
37,-2.04697255902379,-1.73725577685952
37.1,-1.24130853479078,-0.687451139222567
37.2,-1.21689447345038,-0.614208955201387
37.3,-1.65634757757748,-0.247998035095468
37.4,-1.29013665747157,0.606494111818331
37.5,-1.46103508685433,1.21684564532819
37.6,-2.07138662036418,0.533251927797146
37.7,-2.77939439923562,-0.565380832520596
37.8,-1.998144436343,-0.956005813966904
37.9,-0.801855430663678,0.460009743775961
38,-0.948339798706046,0.606494111818328
38.1,-0.875097614684862,-0.394482403137839
38.2,-1.19248041210999,-1.24897455005164
38.3,-1.68076163891787,-0.492138648499414
38.4,-1.63193351623709,-0.052685544372315
38.5,-1.04599604406762,-0.809521445924541
38.6,-1.02158198272723,-0.931591752626511
38.7,-0.972753860046438,-0.0526855443723179
38.8,-0.972753860046439,0.630908173158721
38.9,-1.41220696417354,-0.199169912414682
39,-1.38779290283314,0.240283191712416
39.1,-1.24130853479078,0.289111314393203
39.2,-1.33896478015235,0.704150357179908
39.3,-1.70517570025827,0.264697253052812
39.4,-2.75498033789522,0.118212885010443
39.5,-2.04697255902379,-0.0526855443723179
39.6,-1.02158198272723,-0.833935507264935
39.7,0.125878900271304,0.679736295839511
39.8,-0.142675774473034,0.94829097058385
39.9,0.00380859356933456,0.0205566396488649
40,-0.630957001280919,0.362353498414384
40.1,-1.63193351623709,-0.663037077882173
40.2,-0.142675774473032,-0.223583973755073
40.3,-0.337988265196187,-0.589794893860991
40.4,-1.07041010540802,-0.711865200562964
40.5,-1.24130853479078,-0.956005813966905
40.6,-1.77841788427945,-0.492138648499414
40.7,-1.77841788427945,-0.980419875307302
40.8,-1.77841788427945,-0.467724587159019
40.9,-1.85166006830063,-0.272412096435863
41,-1.04599604406762,-1.10249018200927
41.1,-1.11923822808881,-0.80952144592454
41.2,-1.11923822808881,-0.125927728393502
41.3,-0.0450195291114568,0.655322234499121
41.4,-0.264746081175006,0.972705031924245
41.5,0.49208982037722,0.508837866456754
41.6,0.321191390994459,-0.101513667053106
41.7,-0.0450195291114554,-0.614208955201386
41.8,-0.606542939940524,-1.37104485675361
41.9,-0.875097614684862,-0.687451139222567
42,-0.655371062621313,0.533251927797147
42.1,-0.11826171313264,1.04594721594543
42.2,-1.29013665747156,0.191455069031628
42.3,-1.5831053935563,-0.101513667053105
42.4,-1.29013665747157,0.60649411181833
42.5,0.443261697696429,0.240283191712416
42.6,0.247949206973276,-0.321240219116655
42.7,-0.362402326536583,0.0205566396488678
42.8,-0.386816387876976,-0.272412096435865
42.9,-0.435644510557766,1.04594721594543
43,-0.264746081175004,1.63188468811489
43.1,-0.728613246642497,0.484423805116359
43.2,-0.728613246642495,0.118212885010446
43.3,-0.484472633238553,0.484423805116356
43.4,-0.948339798706046,-0.0526855443723164
43.5,-0.411230449217369,-0.51655270983981
43.6,-0.606542939940525,-0.345654280457047
43.7,-0.777441369323286,-0.101513667053105
43.8,-0.923925737365651,0.826220663881877
43.9,-0.875097614684863,0.386767559754784
44,-0.777441369323284,-0.321240219116653
44.1,-0.362402326536582,-0.00385742169152792
44.2,-0.142675774473035,0.606494111818331
44.3,-0.801855430663679,0.533251927797147
44.4,-1.33896478015235,0.557665989137541
44.5,-0.777441369323284,0.362353498414389
44.6,-1.41220696417354,-0.467724587159019
44.7,-1.77841788427945,-0.0770996057127078
44.8,-1.63193351623709,-0.492138648499414
44.9,-1.41220696417354,-0.150341789733892
45,-1.63193351623709,0.337939437073992
45.1,-1.16806635076959,0.191455069031628
45.2,-0.63095700128092,-0.638623016541779
45.3,-1.07041010540802,0.0205566396488678
45.4,-0.801855430663679,0.362353498414386
45.5,-0.704199185302102,-0.247998035095472
45.6,-0.923925737365651,-1.27338861139203
45.7,-1.36337884149275,-1.68842765417873
45.8,-1.998144436343,-0.663037077882173
45.9,-0.704199185302102,0.337939437073996
46,-0.264746081175004,1.38774407471095
46.1,-0.826269492004073,0.704150357179907
46.2,-0.118261713132639,0.606494111818331
46.3,-0.0938476517922439,-0.931591752626513
46.4,-0.777441369323284,-1.0048339366477
46.5,-0.386816387876976,-0.785107384584148
46.6,-0.533300755919341,-0.247998035095469
46.7,-0.460058571898158,-1.15131830469006
46.8,-1.36337884149275,-0.711865200562961
46.9,-0.948339798706045,0.0693847623296577
47,0.321191390994458,1.26567376800898
47.1,0.39443357501564,0.899462847903064
47.2,-0.0938476517922446,-0.540966771180202
47.3,-0.240332019834611,-1.12690424334967
47.4,-0.289160142515398,-0.150341789733895
47.5,0.27236326831367,0.85063472522227
47.6,-0.313574203855793,1.21684564532818
47.7,-0.167089835813427,1.38774407471095
47.8,-0.533300755919342,1.19243158398779
47.9,0.199121084292488,0.582080050477938
48,1.29775384461023,0.728564418520301
48.1,1.63955070337575,0.0937988236700463
48.2,0.443261697696431,0.044970700989262
48.3,-0.0694335904518503,-0.443310525818625
48.4,-0.142675774473032,0.337939437073994
48.5,1.0047851085255,1.21684564532819
48.6,1.27333978326984,0.948290970583854
48.7,-0.362402326536583,1.38774407471095
48.8,-0.606542939940525,1.02153315460503
48.9,0.0282226549097267,0.484423805116359
49,1.27333978326984,0.118212885010443
49.1,0.44326169769643,0.85063472522227
49.2,-0.557714817259735,0.191455069031625
49.3,-0.704199185302102,-0.516552709839807
49.4,0.49208982037722,-1.24897455005164
49.5,0.809472617802346,1.33891595203016
49.6,0.10146483893091,1.26567376800898
49.7,-0.215917958494217,0.142626946350838
49.8,0.150292961611698,-0.101513667053104
49.9,0.174707022952092,0.972705031924245
50,-0.435644510557764,0.0449707009892606
50.1,0.174707022952092,0.0449707009892606
50.2,0.736230433781161,0.0205566396488649
50.3,0.760644495121556,1.09477533862622
50.4,0.687402311100374,-0.00385742169152792
50.5,-0.215917958494217,-0.492138648499413
50.6,-0.557714817259738,0.923876909243452
50.7,-0.508886694578948,0.289111314393202
50.8,-0.704199185302102,-0.101513667053104
50.9,0.370019513675248,0.215869130372022
51,0.223535145632882,-0.150341789733895
51.1,0.443261697696431,-0.46772458715902
51.2,1.37099602863141,-0.907177691286118
51.3,-0.0694335904518496,-0.85834956860533
51.4,-0.435644510557764,-1.46870110211519
51.5,0.247949206973277,-1.90815420624229
51.6,0.39443357501564,0.362353498414387
51.7,0.687402311100374,1.41215813605134
51.8,-0.118261713132639,1.04594721594542
51.9,-0.337988265196187,0.0937988236700491
52,-0.313574203855792,0.0937988236700505
52.1,0.199121084292487,0.655322234499118
52.2,0.443261697696431,-0.0526855443723164
52.3,0.321191390994458,0.21586913037202
52.4,-0.337988265196186,0.801806602541485
52.5,-0.655371062621313,0.850634725222274
52.6,-0.97275386004644,0.0205566396488692
52.7,-0.777441369323286,-0.540966771180203
52.8,-0.80185543066368,-1.10249018200927
52.9,0.516503881717613,-0.492138648499413
53,0.638574188419587,-0.00385742169152792
53.1,0.61416012707919,-1.0048339366477
53.2,-0.0938476517922439,-0.32124021911665
53.3,-0.899511676025256,-0.29682615777626
53.4,-0.508886694578946,0.26469725305281
53.5,-0.069433590451851,0.43559568243557
53.6,0.78505855646195,0.679736295839513
53.7,0.907128863163921,-0.101513667053106
53.8,0.101464838930912,-1.37104485675361
53.9,-0.142675774473032,-0.956005813966907
54,0.638574188419585,-0.0770996057127107
54.1,0.736230433781163,-0.443310525818627
54.2,0.247949206973274,-0.956005813966905
54.3,0.150292961611698,-0.907177691286114
54.4,-0.826269492004074,-0.785107384584146
54.5,-0.97275386004644,-1.12690424334967
54.6,0.32119139099446,-0.345654280457047
54.7,0.321191390994459,-0.492138648499413
54.8,-0.777441369323286,-0.00385742169152792
54.9,-0.875097614684864,0.508837866456756
55,0.199121084292486,0.362353498414389
55.1,0.467675759036825,-0.63862301654178
55.2,0.418847636356038,-1.73725577685952
55.3,0.22353514563288,-1.73725577685952
55.4,0.394433575015642,-1.81049796088071
55.5,0.589746065738796,-1.07807612066888
55.6,0.345605452334855,0.826220663881881
55.7,0.418847636356036,1.31450189068976
55.8,1.0047851085255,0.0693847623296563
55.9,0.0770507775905166,-0.370068341797443
56,-0.191503897153822,-0.565380832520597
56.1,0.61416012707919,-0.565380832520596
56.2,0.418847636356036,-0.467724587159019
56.3,0.565332004398402,-1.02924799798809
56.4,0.125878900271304,-0.63862301654178
56.5,-0.362402326536583,-0.68745113922257
56.6,-0.0206054677710618,-0.345654280457049
56.7,-0.386816387876977,-0.247998035095473
56.8,-0.386816387876974,-0.833935507264931
56.9,0.809472617802344,-1.63959953149794
57,-0.093847651792246,-0.93159175262651
57.1,-0.167089835813428,-0.394482403137837
57.2,-0.0206054677710618,-0.0282714830319208
57.3,1.02919916986589,-0.052685544372315
57.4,1.46865227399299,0.264697253052812
57.5,0.418847636356036,0.264697253052809
57.6,-0.118261713132639,-0.540966771180204
57.7,0.27236326831367,-0.58979489386099
57.8,0.247949206973276,-0.345654280457049
57.9,-0.582128878600132,-0.00385742169152792
58,-0.508886694578946,-0.516552709839811
58.1,0.199121084292487,-0.565380832520596
58.2,0.882714801823529,0.191455069031626
58.3,1.02919916986589,-0.199169912414685
58.4,0.882714801823528,-1.61518547015755
58.5,-0.0938476517922439,-0.785107384584148
58.6,-0.313574203855792,0.33793943707399
58.7,0.174707022952093,0.362353498414393
58.8,0.00380859356933172,-0.0526855443723164
58.9,-0.41123044921737,0.167041007691233
59,0.687402311100374,-0.150341789733891
59.1,0.809472617802345,-0.321240219116653
59.2,-0.801855430663679,0.630908173158723
59.3,-1.36337884149275,0.65532223449912
59.4,-0.582128878600132,-0.663037077882176
59.5,0.955956985844711,-0.736279261903358
59.6,1.46865227399299,0.118212885010446
59.7,1.78603507141812,-0.492138648499414
59.8,0.955956985844712,-0.150341789733895
59.9,0.614160127079189,0.582080050477938
60,1.29775384461023,0.21586913037202
60.1,1.39541008997181,0.679736295839513
60.2,0.589746065738796,1.41215813605134
60.3,1.32216790595063,0.460009743775964
60.4,1.93251943946048,-0.41889646447823
60.5,0.418847636356036,-0.101513667053104
60.6,0.00380859356933314,0.142626946350839
60.7,-0.264746081175004,0.850634725222274
60.8,1.22451166058905,0.630908173158724
60.9,1.66396476471615,0.362353498414384
61,0.882714801823526,-0.199169912414683
61.1,-0.75302730798289,-0.272412096435866
61.2,0.370019513675246,0.508837866456754
61.3,1.29775384461023,0.240283191712415
61.4,1.0047851085255,0.337939437073993
61.5,2.2987303595664,-0.63862301654178
61.6,1.37099602863141,-0.199169912414682
61.7,0.223535145632881,-0.199169912414683
61.8,-0.069433590451851,-0.0282714830319193
61.9,-0.0206054677710611,-0.760693323243748
62,0.492089820377218,-0.589794893860991
62.1,0.345605452334853,-0.443310525818627
62.2,-0.11826171313264,0.460009743775963
62.3,1.32216790595063,1.11918939996661
62.4,1.34658196729102,1.21684564532819
62.5,0.858300740483132,-0.321240219116652
62.6,1.0047851085255,-0.418896464478229
62.7,1.61513664203536,0.606494111818331
62.8,0.809472617802346,0.752978479860697
62.9,0.125878900271304,0.0937988236700534
63,0.00380859356933314,0.533251927797149
63.1,0.321191390994458,1.65629874945529
63.2,0.27236326831367,0.606494111818333
63.3,-0.728613246642498,-1.02924799798809
63.4,0.394433575015644,-0.956005813966905
63.5,0.662988249759979,-0.516552709839803
63.6,0.614160127079193,-1.63959953149794
63.7,0.662988249759979,-1.15131830469006
63.8,0.345605452334854,1.21684564532819
63.9,0.247949206973275,0.82622066388188
64,1.24892572192944,-0.125927728393498
64.1,1.05361323120629,-0.272412096435866
64.2,0.565332004398403,0.337939437073996
64.3,0.907128863163923,0.0205566396488692
64.4,0.833886679142739,-0.9804198753073
64.5,1.4442382126526,0.752978479860697
64.6,0.736230433781163,0.801806602541487
64.7,0.492089820377218,-0.0526855443723164
64.8,-0.191503897153822,-0.711865200562963
64.9,-0.0450195291114561,-1.49311516345558
65,0.418847636356035,-1.71284171551913
65.1,0.61416012707919,-0.370068341797443
65.2,0.101464838930909,0.289111314393207
65.3,0.0526367162501231,-0.589794893860993
65.4,0.638574188419585,-0.980419875307301
65.5,1.22451166058905,-0.760693323243755
65.6,1.73720694873733,-0.931591752626511
65.7,0.638574188419584,-0.29682615777626
65.8,-0.11826171313264,1.09477533862622
65.9,1.0047851085255,0.460009743775967
66,2.03017568482206,1.07036127728582
66.1,2.59169909565113,0.630908173158727
66.2,1.51748039667378,0.0937988236700505
66.3,1.32216790595063,0.0693847623296591
66.4,1.8836913167797,0.460009743775966
66.5,2.03017568482206,0.0693847623296563
66.6,2.22548817554521,0.435595682435573
66.7,2.46962878894916,0.0205566396488678
66.8,1.61513664203536,0.826220663881881
66.9,2.24990223688561,1.21684564532819
67,1.4442382126526,-1.02924799798809
67.1,0.00380859356933172,-0.540966771180203
67.2,0.223535145632881,0.044970700989262
67.3,0.833886679142738,0.337939437073994
67.4,1.68837882605654,0.3135253757336
67.5,2.54287097297034,0.630908173158724
67.6,1.61513664203536,0.679736295839514
67.7,0.907128863163923,-0.565380832520593
67.8,1.39541008997181,-0.321240219116653
67.9,1.32216790595063,0.289111314393205
68,0.296777329654066,0.0937988236700505
68.1,0.736230433781161,0.923876909243455
68.2,1.22451166058905,1.97368154688041
68.3,0.882714801823528,-0.565380832520597
68.4,0.931542924504316,-1.29780267273243
68.5,0.223535145632881,-0.0038574216915265
68.6,1.0291991698659,0.582080050477938
68.7,0.711816372440767,0.679736295839513
68.8,1.56630851935457,-0.0282714830319222
68.9,0.882714801823528,-0.174755851074286
69,1.20009759924865,0.87504878656267
69.1,2.24990223688561,1.09477533862622
69.2,0.858300740483134,-0.565380832520599
69.3,-0.0450195291114575,-0.321240219116652
69.4,0.638574188419586,-0.345654280457045
69.5,1.63955070337575,-0.516552709839807
69.6,1.98134756214127,0.435595682435576
69.7,1.20009759924865,0.069384762329652
69.8,1.98134756214127,0.606494111818334
69.9,1.12685541522747,0.850634725222275
70,-0.337988265196186,0.337939437073994
70.1,0.247949206973276,-0.101513667053099
70.2,0.931542924504316,0.215869130372022
70.3,0.785058556461951,0.55766598913754
70.4,0.882714801823527,0.289111314393202
70.5,1.51748039667378,-0.247998035095473
70.6,2.03017568482206,-1.4198729794344
70.7,2.05458974616246,-1.4198729794344
70.8,1.56630851935457,0.142626946350839
70.9,1.27333978326984,-0.150341789733892
71,0.150292961611699,-0.296826157776263
71.1,-0.0206054677710618,1.02153315460503
71.2,0.83388667914274,1.19243158398779
71.3,0.955956985844712,0.142626946350843
71.4,1.32216790595063,0.679736295839515
71.5,1.15126947656787,1.1680175226474
71.6,0.516503881717612,0.191455069031626
71.7,0.760644495121557,-0.492138648499413
71.8,0.907128863163923,0.240283191712416
71.9,0.760644495121558,-1.32221673407282
72,1.05361323120629,-1.17573236603045
72.1,1.68837882605654,-0.858349568605327
72.2,1.4442382126526,-0.93159175262651
72.3,1.07802729254668,-0.467724587159019
72.4,0.858300740483136,0.36235349841439
72.5,0.858300740483134,-0.247998035095472
72.6,1.10244135388708,-0.9804198753073
72.7,0.614160127079193,-0.736279261903356
72.8,1.32216790595062,0.0937988236700491
72.9,1.0047851085255,0.0693847623296534
73,-0.118261713132638,0.0693847623296563
73.1,0.760644495121556,-1.22456048871124
73.2,1.81044913275851,0.508837866456756
73.3,2.56728503431074,1.43657219739174
73.4,1.73720694873733,0.606494111818328
73.5,1.05361323120629,0.875048786562665
73.6,1.98134756214127,-0.540966771180204
73.7,2.12783193018364,-0.0526855443723193
73.8,0.370019513675248,0.655322234499118
73.9,-0.826269492004074,-0.174755851074289
74,-0.191503897153822,-0.199169912414682
74.1,1.0047851085255,0.0205566396488649
74.2,0.907128863163926,0.0937988236700505
74.3,0.71181637244077,0.337939437073993
74.4,0.272363268313671,-0.589794893860991
74.5,0.760644495121557,-0.174755851074291
74.6,0.662988249759979,-0.833935507264933
74.7,0.199121084292486,-0.614208955201386
74.8,0.95595698584471,-1.34663079541321
74.9,1.20009759924866,0.386767559754782
75,1.12685541522747,1.50981438141292
75.1,0.370019513675248,1.41215813605134
75.2,0.345605452334853,0.118212885010446
75.3,0.223535145632882,-0.174755851074288
75.4,1.07802729254668,-0.174755851074288
75.5,0.931542924504318,-0.0526855443723193
75.6,1.12685541522747,0.167041007691235
75.7,1.39541008997181,0.044970700989262
75.8,0.858300740483135,-0.638623016541781
75.9,1.32216790595063,-0.68745113922257
76,1.51748039667378,0.679736295839513
76.1,2.24990223688561,1.14360346130701
76.2,1.56630851935457,-0.125927728393498
76.3,1.39541008997181,0.0449707009892634
76.4,0.61416012707919,0.582080050477934
76.5,0.638574188419585,0.118212885010443
76.6,0.394433575015643,-0.760693323243755
76.7,-0.386816387876975,-1.0048339366477
76.8,0.370019513675246,0.191455069031623
76.9,1.51748039667378,-0.34565428045705
77,1.51748039667378,-1.54194328613637
77.1,1.4442382126526,-0.345654280457047
77.2,0.833886679142739,0.313525375733599
77.3,-0.167089835813427,0.215869130372027
77.4,0.95595698584471,-0.760693323243751
77.5,1.98134756214127,-0.174755851074289
77.6,1.15126947656787,0.899462847903062
77.7,0.882714801823528,-0.199169912414683
77.8,1.4198241513122,-0.614208955201387
77.9,1.59072258069496,-0.272412096435863
78,1.05361323120629,0.948290970583855
78.1,1.54189445801417,0.557665989137537
78.2,1.32216790595063,-0.370068341797442
78.3,1.71279288739693,0.728564418520301
78.4,1.63955070337575,1.07036127728582
78.5,0.882714801823528,0.606494111818327
78.6,0.516503881717615,-0.0770996057127093
78.7,0.540917943058009,-1.66401359283834
78.8,0.00380859356933243,-0.565380832520596
78.9,-0.19150389715382,0.313525375733597
79,0.61416012707919,0.289111314393205
79.1,0.638574188419585,0.777392541201092
79.2,-0.337988265196187,0.215869130372019
79.3,0.907128863163923,-0.614208955201387
79.4,1.10244135388708,-0.589794893860991
79.5,2.78701158637429,0.582080050477933
79.6,2.49404285028955,1.65629874945529
79.7,1.32216790595063,-0.174755851074291
79.8,1.56630851935457,-0.345654280457046
79.9,1.4442382126526,-0.66303707788217
80,1.07802729254668,-0.247998035095472
80.1,0.614160127079191,-0.125927728393496
80.2,0.614160127079191,1.04594721594543
80.3,1.07802729254668,-0.272412096435865
80.4,0.321191390994457,-0.150341789733893
80.5,0.907128863163923,0.26469725305281
80.6,1.10244135388708,-0.370068341797442
80.7,-0.0938476517922439,0.923876909243455
80.8,1.32216790595063,1.19243158398779
80.9,2.24990223688561,0.118212885010445
81,1.32216790595063,-0.638623016541781
81.1,1.49306633533339,-0.247998035095472
81.2,1.76162101007772,0.337939437073994
81.3,1.63955070337575,-0.443310525818627
81.4,1.95693350080088,0.21586913037202
81.5,2.07900380750285,0.435595682435567
81.6,0.931542924504316,1.02153315460503
81.7,0.394433575015641,0.70415035717991
81.8,1.15126947656787,0.215869130372019
81.9,1.02919916986589,0.0937988236700463
82,0.955956985844713,-0.0282714830319193
82.1,2.07900380750285,1.09477533862621
82.2,1.95693350080088,1.50981438141292
82.3,0.760644495121556,0.484423805116357
82.4,1.4442382126526,-0.150341789733893
82.5,1.02919916986589,1.02153315460503
82.6,1.22451166058905,0.948290970583854
82.7,1.32216790595063,0.728564418520304
82.8,0.785058556461951,0.240283191712416
82.9,0.955956985844711,0.167041007691232
83,1.22451166058905,0.142626946350842
83.1,1.95693350080088,0.0937988236700491
83.2,2.10341786884324,-0.125927728393496
83.3,1.81044913275851,-0.540966771180202
83.4,1.0047851085255,0.0205566396488649
83.5,0.760644495121557,0.899462847903064
83.6,1.66396476471614,0.21586913037202
83.7,1.15126947656786,-0.638623016541783
83.8,0.345605452334853,-0.80952144592454
83.9,0.44326169769643,-0.150341789733892
84,0.0770507775905159,-0.614208955201384
84.1,1.12685541522747,0.411181621095179
84.2,1.81044913275851,-0.125927728393498
84.3,1.37099602863141,0.582080050477934
84.4,0.418847636356037,0.362353498414389
84.5,1.59072258069496,-0.150341789733892
84.6,1.29775384461023,0.411181621095176
84.7,0.638574188419585,1.75395499481686
84.8,1.49306633533339,0.630908173158723
84.9,0.907128863163923,-0.638623016541781
85,1.51748039667378,-1.22456048871124
85.1,1.54189445801417,-0.125927728393502
85.2,0.736230433781163,-0.150341789733895
85.3,1.37099602863141,0.0937988236700505
85.4,1.15126947656787,-0.418896464478232
85.5,2.59169909565113,-0.394482403137836
85.6,3.03115219977823,-0.0282714830319222
85.7,2.51845691162995,1.26567376800897
85.8,1.95693350080088,0.87504878656267
85.9,0.955956985844711,-0.711865200562967
86,0.858300740483134,-1.10249018200927
86.1,1.39541008997181,-0.833935507264933
86.2,1.54189445801418,-0.785107384584147
86.3,1.34658196729102,-0.882763629945723
86.4,1.24892572192944,-0.125927728393496
86.5,1.37099602863142,0.557665989137541
86.6,1.15126947656787,-0.272412096435865
86.7,0.980371047185106,-0.68745113922257
86.8,2.51845691162995,-0.80952144592454
86.9,2.17666005286443,0.484423805116357
87,1.32216790595063,-0.638623016541781
87.1,1.15126947656787,-1.00483393664769
87.2,1.83486319409891,-0.0526855443723179
87.3,1.88369131677969,-0.00385742169152934
87.4,2.274316298226,-0.736279261903357
87.5,1.8592772554393,-0.687451139222569
87.6,1.98134756214127,-0.907177691286117
87.7,1.02919916986589,-0.956005813966907
87.8,0.272363268313671,-0.63862301654178
87.9,0.321191390994458,0.752978479860695
88,1.98134756214127,0.215869130372022
88.1,2.12783193018364,-0.41889646447823
88.2,2.20107411420482,1.02153315460503
88.3,0.907128863163924,0.0205566396488678
88.4,1.17568353790826,-1.63959953149795
88.5,1.81044913275851,-0.833935507264933
88.6,1.02919916986589,-0.174755851074286
88.7,0.907128863163923,-0.565380832520599
88.8,1.39541008997181,-1.29780267273243
88.9,1.05361323120629,-1.44428704077479
89,0.809472617802346,-0.589794893860991
89.1,1.68837882605654,0.411181621095174
89.2,1.24892572192944,-0.101513667053105
89.3,0.61416012707919,-0.00385742169153076
89.4,0.0526367162501209,0.55766598913754
89.5,0.736230433781162,0.0693847623296563
89.6,1.0047851085255,-0.51655270983981
89.7,0.44326169769643,-0.540966771180204
89.8,0.882714801823528,-0.565380832520599
89.9,1.37099602863141,-0.125927728393498
90,0.760644495121557,0.460009743775964
90.1,0.345605452334853,-0.736279261903356
90.2,0.394433575015642,-1.81049796088071
90.3,1.05361323120629,-0.24799803509547
90.4,0.321191390994458,-0.296826157776258
90.5,0.174707022952093,-0.29682615777626
90.6,1.8836913167797,0.289111314393206
90.7,1.17568353790826,0.142626946350838
90.8,0.882714801823528,-0.638623016541779
90.9,2.22548817554522,-0.88276362994572
91,2.49404285028955,-1.395458918094
91.1,2.20107411420482,-0.785107384584147
91.2,2.22548817554521,0.777392541201092
91.3,1.78603507141812,0.411181621095179
91.4,0.809472617802346,0.240283191712417
91.5,0.0526367162501202,0.33793943707399
91.6,0.394433575015642,-0.540966771180202
91.7,1.32216790595063,-1.49311516345558
91.8,2.03017568482206,-0.492138648499413
91.9,1.0047851085255,-0.0526855443723193
92,2.12783193018364,0.630908173158723
92.1,2.15224599152403,1.09477533862621
92.2,1.4198241513122,0.313525375733602
92.3,2.07900380750285,-0.0770996057127093
92.4,2.15224599152403,-0.68745113922257
92.5,1.78603507141812,-0.638623016541779
92.6,1.71279288739694,-0.418896464478229
92.7,1.8592772554393,0.362353498414387
92.8,1.51748039667378,0.53325192779715
92.9,0.687402311100375,0.435595682435567
93,2.17666005286443,1.26567376800898
93.1,1.71279288739694,0.313525375733599
93.2,0.858300740483135,-0.516552709839807
93.3,0.589746065738797,0.167041007691233
93.4,0.199121084292488,-0.540966771180203
93.5,-0.0938476517922453,-0.272412096435863
93.6,0.736230433781164,0.167041007691233
93.7,0.931542924504317,0.508837866456753
93.8,1.59072258069496,1.21684564532819
93.9,2.12783193018364,1.94926748554002
94,1.32216790595063,1.38774407471095
94.1,1.51748039667378,0.997119093264638
94.2,1.46865227399299,0.264697253052812
94.3,1.07802729254668,0.65532223449912
94.4,0.443261697696432,-0.565380832520597
94.5,0.760644495121556,-1.68842765417873
94.6,0.833886679142742,-1.8104979608807
94.7,0.223535145632883,-0.858349568605328
94.8,0.10146483893091,0.508837866456751
94.9,0.711816372440769,0.508837866456753
95,1.32216790595063,-1.81049796088071
95.1,1.37099602863141,-1.68842765417874
95.2,1.63955070337575,-0.150341789733895
95.3,1.66396476471615,0.289111314393206
95.4,0.61416012707919,-0.565380832520597
95.5,-0.0206054677710618,-0.49213864849941
95.6,1.8592772554393,0.313525375733599
95.7,2.274316298226,1.21684564532819
95.8,2.00576162348167,-0.0770996057127135
95.9,1.0047851085255,-1.20014642737085
96,0.931542924504319,-0.370068341797445
96.1,1.29775384461023,-0.321240219116655
96.2,1.37099602863141,-0.345654280457049
96.3,0.95595698584471,-0.052685544372315
96.4,0.589746065738796,0.923876909243455
96.5,0.687402311100373,1.5586425040937
96.6,0.125878900271305,2.21782216028436
96.7,0.418847636356037,2.0225096695612
96.8,0.931542924504316,2.0225096695612
96.9,0.907128863163923,0.826220663881884
97,1.61513664203536,-0.150341789733892
97.1,1.15126947656787,0.582080050477934
97.2,0.931542924504317,0.118212885010445
97.3,0.736230433781162,-0.0526855443723193
97.4,1.17568353790826,0.508837866456751
97.5,1.4442382126526,0.0449707009892592
97.6,1.54189445801417,-0.516552709839807
97.7,2.2987303595664,-0.711865200562964
97.8,2.17666005286443,0.264697253052806
97.9,2.51845691162995,0.435595682435569
98,1.63955070337575,0.484423805116357
98.1,1.73720694873733,-0.663037077882173
98.2,1.29775384461023,-0.0526855443723164
98.3,0.736230433781161,0.655322234499124
98.4,1.71279288739694,2.09575185358238
98.5,1.95693350080088,2.14457997626317
98.6,1.24892572192944,1.53422844275331
98.7,0.833886679142741,0.801806602541484
98.8,0.711816372440769,0.533251927797147
98.9,1.78603507141812,0.82622066388188
99,1.32216790595063,0.997119093264639
99.1,1.05361323120629,0.630908173158724
99.2,0.931542924504316,0.704150357179907
99.3,1.17568353790826,0.679736295839515
99.4,0.540917943058007,0.557665989137541
99.5,0.101464838930909,1.29008782934937
99.6,0.931542924504317,0.337939437073993
99.7,1.46865227399299,0.630908173158721
99.8,2.22548817554522,-0.785107384584146
99.9,2.17666005286443,-0.150341789733895
100,1.59072258069496,1.65629874945528
100.1,2.05458974616245,1.09477533862622
100.2,2.49404285028955,-0.00385742169152934
100.3,2.34755848224719,1.04594721594543
100.4,1.51748039667378,0.948290970583851
100.5,1.27333978326984,-0.638623016541777
100.6,2.20107411420482,-1.10249018200927
100.7,2.49404285028955,0.704150357179905
100.8,2.17666005286443,0.655322234499117
100.9,1.93251943946048,0.508837866456753
101,2.68935534101271,0.826220663881881
101.1,2.12783193018364,0.777392541201088
101.2,1.61513664203536,1.80278311749765
101.3,2.10341786884324,1.50981438141292
101.4,2.56728503431074,1.07036127728582
101.5,2.76259752503389,1.04594721594543
101.6,4.08095683741518,1.41215813605134
101.7,3.20205062916099,0.923876909243457
101.8,2.86025377039547,0.557665989137539
101.9,2.81142564771468,0.850634725222272
102,3.27529281318217,0.43559568243557
102.1,2.24990223688561,0.411181621095176
102.2,1.56630851935457,2.07133779224199
102.3,1.93251943946048,1.99809560822081
102.4,1.88369131677969,0.0693847623296548
102.5,1.4198241513122,-0.809521445924538
102.6,1.10244135388708,-3.08002915058121
102.7,-0.533300755919343,-5.39936497791867
102.8,-2.99912095129917,-7.96284141866007
102.9,-6.51474578431595,-12.2841302759099
103,-9.2735347157805,-16.5810050718193
103.1,-11.8614252178623,-19.8769033527725
103.2,-16.0118156457293,-26.0048327492115
103.3,-20.6016591777235,-33.0116683539046
103.4,-25.3868152004407,-40.1405742652998
103.5,-30.5625962046043,-46.1952614777176
103.6,-35.7139631474275,-53.4950658184955
103.7,-41.9639628505685,-61.1610810793793
103.8,-47.9698219403055,-68.3144010521148
103.9,-53.389743557873,-75.0282679207233
104,-58.7608370527598,-79.471627084675
104.1,-62.1299775177342,-83.744087819244
104.2,-64.9864226945603,-89.9696734610446
104.3,-68.2090787914924,-95.7069778760372
104.4,-71.9688442379131,-99.344673015756
104.5,-75.8506799910358,-102.738227542071
104.6,-80.4893516457107,-105.497016473535
104.7,-82.8086874730482,-108.036078852936
104.8,-85.2012654844068,-109.47650847202
104.9,-86.3243123060649,-111.087836520486
105,-86.6172810421497,-112.455023955548
105.1,-88.2286090906157,-113.944281697312
105.2,-91.280366758165,-115.09174258031
105.3,-93.5997025855025,-118.021429941158
105.4,-95.7481399834572,-120.706976688601
105.5,-97.3106399092424,-122.806585963875
105.6,-98.4092726695601,-125.467718649978
105.7,-99.3858351231759,-125.443304588637
105.8,-100.484467883494,-125.418890527297
105.9,-102.681733404129,-126.688421716998
106,-105.318452028892,-126.83490608504
106.1,-106.954194138698,-126.639593594317
106.2,-108.052826899016,-126.444281103594
106.3,-109.590912763461,-126.786077962359
106.4,-112.61825636967,-127.713812293294
106.5,-117.525482699089,-129.227484096399
106.6,-123.262787114082,-131.18060900363
106.7,-128.389739995564,-130.838812144865
106.8,-134.102630349217,-131.497991801055
106.9,-140.132903500294,-132.743108929415
107,-146.553801632818,-133.133733910862
107.1,-152.120207618428,-133.084905788181
107.2,-156.148527739593,-134.598577591285
107.3,-160.494230658183,-134.818304143349
107.4,-165.938566337091,-133.768499505712
107.5,-169.844816151554,-131.717718353119
107.6,-173.775480027357,-130.54584340878
107.7,-176.778409572226,-131.742132414459
107.8,-180.513760957306,-132.450140193331
107.9,-184.883877937237,-130.423773102078
108,-189.498135530571,-128.69037474691
108.1,-192.745205688844,-128.641546624229
108.2,-194.551846228033,-128.617132562889
108.3,-196.529385196605,-128.250921642783
108.4,-199.263760066729,-126.908148269061
108.5,-200.606533440451,-125.199163975234
108.6,-201.924892752832,-124.930609300489
108.7,-204.219814518829,-122.538031289131
108.8,-204.537197316254,-121.073187608707
108.9,-204.952236359041,-120.218695461793
109,-204.732509806977,-118.460883045285
109.1,-205.51375976987,-117.826117450434
109.2,-207.149501879676,-117.313422162286
109.3,-208.077236210611,-116.800726874138
109.4,-207.149501879676,-116.532172199394
109.5,-207.39364249308,-115.04291445763
109.6,-207.36922843174,-113.2118598571
109.7,-209.20028303227,-111.38080525657
109.8,-211.275478246203,-109.720649085424
109.9,-211.837001657032,-109.696235024083
110,-211.71493135033,-109.403266287998
110.1,-212.837978171988,-108.28021946634
110.2,-213.936610932306,-108.329047589021
110.3,-215.499110858091,-107.66986793283
110.4,-216.67098580243,-105.619086780237
110.5,-216.988368599855,-103.617133750325
110.6,-217.989345114811,-102.372016621965
110.7,-217.818446685429,-102.152290069901
110.8,-218.282313850896,-102.225532253922
110.9,-218.404384157598,-103.128852523517
111,-219.356532549874,-103.861274363729
111.1,-220.259852819468,-104.325141529196
111.2,-219.551845040597,-104.398383713218
111.3,-219.795985654001,-104.52045401992
111.4,-219.551845040597,-105.008735246727
111.5,-220.845790291638,-107.767524178192
111.6,-223.531337039081,-109.745063146764
111.7,-225.508876007653,-110.550727170997
111.8,-227.071375933438,-111.087836520486
111.9,-229.146571147372,-113.333930163802
112,-231.075281993263,-113.82221139061
112.1,-231.685633526773,-112.430609894207
112.2,-232.906336593792,-111.576117747294
112.3,-236.275477058767,-111.136664643166
112.4,-241.939539289738,-111.307563072549
112.5,-246.822351557817,-110.892524029762
112.6,-251.33895290579,-109.671820962743
112.7,-257.198327627485,-108.548774141085
112.8,-262.862389858456,-108.475531957063
112.9,-266.329186568792,-107.498969503448
113,-270.894616039446,-105.985297700343
113.1,-275.215904896696,-104.935493062706
113.2,-278.487389116309,-104.54486808126
113.3,-283.687584181813,-103.690375934346
113.4,-287.642662118956,-103.592719688985
113.5,-290.743247909187,-102.640571296709
113.6,-293.819419638076,-101.493110413711
113.7,-297.920981943262,-100.174751101329
113.8,-301.827231757726,-99.5888136291599
113.9,-305.928794062912,-99.1737745863732
114,-308.174887706228,-97.5380324765668
114.1,-308.980551730461,-96.2196731641855
114.2,-311.104575067075,-95.9267044281008
114.3,-312.471762502137,-95.4872513239737
114.4,-313.155356219668,-93.1923295579766
114.5,-314.595785838752,-91.2880327734259
114.6,-316.280356071239,-90.677681239916
114.7,-318.379965346513,-89.4081500502155
114.8,-319.966879333638,-88.0897907378342
114.9,-321.431723014062,-87.9433063697918
115,-323.067465123869,-87.7479938790687
115.1,-324.752035356356,-87.7235798177283
115.2,-325.582113441929,-87.894478247111
115.3,-327.632894594522,-86.8935017321549
115.4,-328.462972680096,-85.4286580517312
115.5,-328.902425784223,-84.1835409233711
115.6,-328.389730496074,-82.9872519176918
115.7,-328.365316434734,-81.1073691944814
115.8,-327.584066471842,-80.6923301516947
115.9,-326.26570715946,-81.1073691944814
116,-324.581136926973,-81.7177207279913
116.1,-323.79988696408,-80.5946739063331
116.2,-323.336019798613,-80.3505332929292
116.3,-322.237387038295,-80.5702598449928
116.4,-321.578207382104,-80.2284629862272
116.5,-320.894613664573,-78.9345177351863
116.6,-320.992269909935,-78.6171349377612
116.7,-319.869223088277,-76.6151819078489
116.8,-318.453207530534,-74.8085413686597
116.9,-316.207113887218,-74.7841273073193
117,-315.401449862985,-75.2968225954676
117.1,-312.984457790286,-73.8563929763843
117.2,-310.836020392331,-72.7089320933858
117.3,-309.590903263971,-71.6347133944084
117.4,-307.540122111378,-70.8534634315158
117.5,-305.635825326827,-70.4140103273887
117.6,-305.611411265487,-70.2919400206868
117.7,-304.61043475053,-70.243111898006
117.8,-303.121177008766,-68.9491666469651
117.9,-300.484458384004,-68.1679166840725
118,-298.702231906155,-66.5810026969468
118.1,-296.016685158712,-65.8729949180754
118.2,-292.305747834972,-66.0194792861177
118.3,-291.109458829292,-65.5311980593098
118.4,-289.10750579938,-65.0917449551828
118.5,-285.958091886469,-65.6288543046714
118.6,-283.101646709643,-66.3612761448833
118.7,-280.733482759625,-66.4833464515852
118.8,-278.780357852393,-65.9462371020965
118.9,-278.023521950841,-65.726510550033
119,-274.87410803793,-66.7030730036488
119.1,-273.482506541528,-67.8749479479877
119.2,-271.456139450275,-66.9227995557123
119.3,-268.69735051881,-65.4091277526079
119.4,-267.037194347664,-64.4569793603325
119.5,-266.011803771367,-63.7001434587803
119.6,-264.93758507239,-63.1630341092916
119.7,-263.326257023924,-63.9442840721842
119.8,-261.690514914117,-63.3583466000148
119.9,-260.61629621514,-60.0624483190615
120,-260.494225908438,-59.1591280494669
120.1,-259.688561884205,-58.792917129361
120.2,-257.906335406356,-57.7431124917241
120.3,-257.881921345016,-57.2792453262566
120.4,-257.222741688825,-57.3280734489374
120.5,-256.954187014081,-57.6698703077029
120.6,-254.610437125403,-57.181589080895
120.7,-251.241296660429,-55.7411594618117
120.8,-249.214929569176,-54.4716282721112
120.9,-246.846765619158,-54.9354954375787
121,-244.747156343884,-54.8622532535575
121.1,-242.794031436652,-54.2763157813881
121.2,-240.108484689209,-53.6659642478782
121.3,-237.349695757744,-52.8847142849856
121.4,-236.44637548815,-52.103464322093
121.5,-234.786219317003,-52.4940893035393
121.6,-232.198328814921,-51.3954565432216
121.7,-230.977625747901,-49.8329566174363
121.8,-230.26961796903,-49.2714332066072
121.9,-228.340907123139,-49.320261329288
122,-226.143641602503,-49.7108863107343
122.1,-226.021571295801,-49.1737769612457
122.2,-226.363368154567,-47.7821754648432
122.3,-225.97274317312,-46.5614723978235
122.4,-227.242274362821,-47.3427223607161
122.5,-229.976649232945,-46.5370583364831
122.6,-232.14950069224,-45.3407693308038
122.7,-234.053797476791,-45.7069802509097
122.8,-235.88485207732,-46.5614723978235
122.9,-238.594812886104,-45.5849099442077
123,-239.742273769103,-44.8036599813151
123.1,-241.646570553654,-44.48627718389
123.2,-243.3067267248,-42.8505350740835
123.3,-244.112390749033,-41.825144497787
123.4,-244.747156343884,-41.0438945348944
123.5,-243.502039215524,-41.1415507802559
123.6,-240.718836222719,-41.8495585591274
123.7,-238.765711315487,-41.3124492096387
123.8,-237.422937941765,-40.7509257988096
123.9,-235.640711463917,-40.8729961055116
124,-235.054773991747,-40.091746142619
124.1,-234.200281844833,-39.6034649158111
124.2,-233.37020375926,-40.3847148787037
124.3,-234.102625599472,-39.5790508544707
124.4,-234.664149010301,-40.2870586333421
124.5,-234.761805255662,-38.3095196647702
124.6,-235.103602114428,-36.747019738985
124.7,-235.738367709278,-36.7226056776446
124.8,-234.517664642258,-36.7958478616658
124.9,-234.127039660812,-38.0897931127066
125,-234.517664642258,-38.7733868302377
125.1,-234.297938090195,-37.8212384379623
125.2,-233.272547513898,-38.0653790513663
125.3,-232.198328814921,-38.4071759101318
125.4,-231.587977281411,-38.1874493580682
125.5,-230.953211686561,-37.7479962539411
125.6,-229.195399270052,-38.2851056034298
125.7,-227.266688424161,-38.8954571369397
125.8,-225.679774437036,-38.7001446462165
125.9,-223.677821407123,-37.7479962539411
126,-223.311610487017,-38.9198711982801
126.1,-222.188563665359,-39.5790508544707
126.2,-220.626063739574,-38.5780743395145
126.3,-219.77157159266,-39.041941504982
126.4,-218.257899789556,-39.2616680570456
126.5,-216.01180614624,-40.1405742652998
126.6,-215.547938980772,-39.6278789771515
126.7,-214.693446833858,-39.6034649158111
126.8,-212.837978171988,-38.9686993209609
126.9,-210.811611080736,-39.1395977503436
127,-209.83504862712,-38.91987119828
127.1,-209.151454909589,-38.3095196647702
127.2,-208.248134639994,-38.3339337261106
127.3,-206.807705020911,-37.430613456516
127.4,-204.610439500275,-36.1366682054751
127.5,-203.755947353362,-35.0624495064978
127.6,-204.097744212127,-34.2567854822647
127.7,-202.803798961086,-33.6708480100953
127.8,-200.508877195089,-34.5009260956687
127.9,-198.531338226517,-34.0126448688608
128,-198.018642938369,-33.0849105379258
128.1,-196.895596116711,-32.9140121085431
128.2,-195.845791479074,-32.9140121085431
128.3,-194.454189982671,-33.5731917647337
128.4,-193.526455651736,-34.3300276662859
128.5,-192.867275995546,-34.5985823410303
128.6,-193.013760363588,-34.9647932611362
128.7,-193.917080633183,-35.0624495064978
128.8,-193.77059626514,-33.9882308075204
128.9,-193.892666571842,-33.280223028649
129,-194.429775921331,-33.280223028649
129.1,-194.234463430608,-33.2069808446278
129.2,-192.842861934205,-33.0116683539046
129.3,-192.354580707397,-32.5233871270967
129.4,-193.599697835758,-32.5233871270967
129.5,-193.355557222354,-31.0585434466731
129.6,-192.818447872865,-30.1308091157381
129.7,-192.159268216674,-29.9599106863553
129.8,-191.109463579037,-30.8144028332691
129.9,-190.889737026974,-31.3270981214174
130,-191.622158867186,-30.8388168946095
130.1,-191.793057296568,-32.1327621456504
130.2,-190.718838597591,-31.2294418760559
130.3,-189.742276143975,-29.7890122569726
130.4,-189.839932389337,-29.0321763554204
130.5,-190.181729248102,-29.2763169688243
130.6,-189.034268365104,-29.1786607234627
130.7,-187.398526255297,-29.3495591528455
130.8,-187.59383874602,-27.6161607976775
130.9,-189.620205837273,-27.2011217548908
131,-188.863369935721,-27.9335435951026
131.1,-187.715909052722,-29.4960435208879
131.2,-187.300870009936,-29.6425278889302
131.3,-187.203213764574,-29.2274888461435
131.4,-186.495205985703,-30.0331528703765
131.5,-185.567471654768,-29.7890122569726
131.6,-185.005948243939,-30.0575669317169
131.7,-185.274502918683,-29.7401841342918
131.8,-185.543057593427,-29.2274888461435
131.9,-184.590909201152,-30.5702622198652
132,-183.296963950111,-30.374949729142
132.1,-181.880948392368,-28.8612779260376
132.2,-182.686612416601,-28.7147935579952
132.3,-183.638760808877,-29.5204575822283
132.4,-181.465909349582,-28.4706529445913
132.5,-180.171964098541,-26.7616686507637
132.6,-180.611417202668,-26.6640124054021
132.7,-180.977628122774,-27.7382311043795
132.8,-180.294034405243,-28.7392076193356
132.9,-178.8780188475,-27.1034655095292
133,-178.316495436671,-26.8349108347849
133.1,-177.339932983055,-26.6640124054021
133.2,-176.485440836141,-27.3720201842735
133.3,-175.16708152376,-25.7851061971479
133.4,-175.142667462419,-24.1737781486819
133.5,-176.241300222737,-25.0282702955957
133.6,-175.972745547993,-25.7362780744671
133.7,-176.509854897482,-26.5907702213809
133.8,-177.608487657799,-28.3729966992297
133.9,-177.291104860374,-28.5683091899529
134,-176.338956468099,-26.2978014852962
134.1,-176.656339265524,-26.1513171172538
134.2,-176.680753326864,-26.3222155466366
134.3,-176.729581449545,-26.5907702213809
134.4,-175.704190873248,-27.1767076935504
134.5,-174.410245622208,-27.4452623682947
134.6,-173.873136272719,-28.1776842085066
134.7,-173.9219643954,-27.2499498775716
134.8,-173.799894088698,-26.7128405280829
134.9,-174.044034702102,-26.4931139760194
135,-171.822355120126,-26.2733874239558
135.1,-170.381925501043,-26.0780749332327
135.2,-170.943448911872,-26.9325670801464
135.3,-171.944425426828,-27.274363938912
135.4,-172.115323856211,-28.5683091899529
135.5,-169.405363047427,-28.6903794966548
135.6,-167.794034998961,-29.4960435208879
135.7,-166.402433502558,-28.9345201100588
135.8,-167.159269404111,-28.1776842085066
135.9,-167.867277182982,-27.835887349741
136,-167.13485534277,-28.3241685765489
136.1,-166.50008974792,-28.1044420244854
136.2,-164.64462108605,-27.835887349741
136.3,-164.66903514739,-27.5185045523159
136.4,-164.449308595327,-27.8114732884006
136.5,-164.0098554912,-27.4208483069543
136.6,-162.911222730882,-27.1278795708696
136.7,-163.033293037584,-27.2499498775716
136.8,-163.790128939136,-25.6142077677652
136.9,-163.570402387073,-26.224559301275
137,-162.935636792222,-26.5907702213809
137.1,-161.031340007672,-26.468699914679
137.2,-160.90926970097,-27.15229363221
137.3,-161.837004031905,-27.6894029816987
137.4,-161.885832154585,-28.3485826378893
137.5,-160.982511884991,-27.4452623682947
137.6,-159.932707247354,-27.3476061229332
137.7,-159.761808817971,-26.0536608718922
137.8,-160.079191615396,-26.7128405280829
137.9,-159.761808817971,-26.6640124054021
138,-158.858488548376,-26.1757311785942
138.1,-157.979582340122,-25.9071765038499
138.2,-156.636808966401,-25.2724109089996
138.3,-158.638761996313,-24.8085437435321
138.4,-159.395597897865,-23.5145984924912
138.5,-158.028410462803,-24.1737781486819
138.6,-157.930754217441,-24.2958484553839
138.7,-158.394621382909,-24.4423328234262
138.8,-158.882902609717,-25.2724109089996
138.9,-159.346769775184,-24.4179187620858
139,-158.272551076207,-24.8329578048725
139.1,-157.466887051974,-24.491160946107
139.2,-156.978605825166,-24.8085437435321
139.3,-156.856535518464,-25.1259265409573
139.4,-157.491301113314,-23.9784656579587
139.5,-157.295988622591,-22.9774891430026
139.6,-157.24716049991,-22.0497548120676
139.7,-155.733488696806,-23.3192860017681
139.8,-154.610441875148,-23.7587391058952
139.9,-153.853605973596,-23.4169422471297
140,-153.53622317617,-22.7821766522794
140.1,-154.927824672573,-23.9784656579587
140.2,-155.562590267423,-25.7362780744671
140.3,-155.3672777767,-26.6395983440617
140.4,-153.731535666894,-25.2479968476592
140.5,-153.389738808128,-23.9784656579587
140.6,-154.488371568446,-24.8573718662129
140.7,-154.952238733913,-24.9306140502341
140.8,-153.780363789574,-24.2958484553839
140.9,-155.269621531338,-24.4667468847666
141,-156.00204337155,-24.9306140502341
141.1,-156.246183984954,-25.1259265409573
141.2,-154.219816893702,-24.613231252809
141.3,-153.585051298851,-24.7597156208514
141.4,-154.244230955042,-24.0272937806395
141.5,-154.586027813807,-22.8310047749602
141.6,-152.852629458639,-23.9540515966183
141.7,-151.558684207599,-25.3212390316804
141.8,-150.630949876664,-23.7587391058952
141.9,-151.802824821003,-22.5136219775351
142,-152.90145758132,-22.6601063455774
142.1,-152.706145090597,-23.0507313270238
142.2,-150.704192060685,-22.0253407507272
142.3,-149.77645772975,-22.19623918011
142.4,-150.093840527175,-23.2704578790873
142.5,-151.485442023577,-23.9052234739376
142.6,-151.607512330279,-23.6122547378528
142.7,-151.314543594195,-22.7821766522794
142.8,-151.338957655535,-22.3183094868119
142.9,-152.730559151937,-22.2206532414503
143,-152.730559151937,-22.7089344682582
143.1,-152.071379495747,-23.0995594497045
143.2,-152.950285704001,-22.0253407507272
143.3,-152.364348231832,-21.146434542473
143.4,-151.534270146258,-22.5380360388755
143.5,-151.534270146258,-22.0985829347484
143.6,-151.924895127704,-21.9032704440252
143.7,-151.753996698322,-22.5380360388755
143.8,-151.607512330279,-22.0253407507272
143.9,-152.535246661214,-22.6845204069178
144,-154.000090341638,-22.3671376094927
144.1,-155.39169183804,-22.879832897641
144.2,-157.320402683932,-23.0751453883641
144.3,-157.735441726718,-21.7812001373233
144.4,-158.248137014867,-21.4882314012385
144.5,-157.881926094761,-21.5370595239193
144.6,-157.637785481357,-20.9999501744306
144.7,-157.344816745272,-21.5370595239193
144.8,-157.466887051974,-23.1483875723853
144.9,-157.80868391074,-24.0272937806395
145,-156.246183984954,-22.2694813641311
145.1,-155.171965285977,-22.3915516708331
145.2,-153.780363789574,-22.7333485295986
145.3,-153.48739505349,-22.0985829347484
145.4,-153.462980992149,-21.9276845053656
145.5,-153.365324746788,-20.8534658063883
145.6,-152.29110604781,-19.7304189847301
145.7,-151.265715471514,-20.1698720888572
145.8,-151.143645164812,-21.6347157692809
145.9,-150.508879569962,-22.8310047749602
146,-149.874113975111,-22.5380360388755
146.1,-149.263762441601,-20.9511220517498
146.2,-149.1416921349,-20.8534658063883
146.3,-147.872160945199,-21.024364235771
146.4,-147.188567227668,-21.2929189105154
146.5,-147.261809411689,-21.3905751558769
146.6,-146.163176651371,-22.1474110574292
146.7,-146.627043816839,-22.5136219775351
146.8,-145.577239179202,-22.0985829347484
146.9,-144.600676725586,-22.1474110574292
147,-145.967864160648,-21.7323720146425
147.1,-145.552825117862,-22.2450673027908
147.2,-144.991301707032,-22.3183094868119
147.3,-145.308684504458,-21.7812001373233
147.4,-145.723723547244,-21.1708486038134
147.5,-144.82040327765,-21.8544423213444
147.6,-143.379973658566,-21.7567860759829
147.7,-142.842864309078,-21.8544423213444
147.8,-144.039153314757,-21.8056141986636
147.9,-143.502043965268,-21.6591298306213
148,-142.623137757014,-22.1229969960888
148.1,-140.792083156485,-21.7323720146425
148.2,-139.986419132252,-21.268504849175
148.3,-139.571380089465,-20.5360830089631
148.4,-139.400481660082,-19.3642080646242
148.5,-139.131926985338,-19.6327627393686
148.6,-139.351653537401,-20.3163564568996
148.7,-138.936614494615,-19.8524892914321
148.8,-138.301848899764,-19.6083486780282
148.9,-138.912200433274,-19.413036187305
149,-137.007903648724,-20.1698720888572
149.1,-136.470794299235,-21.146434542473
149.2,-135.811614643044,-21.6835438919617
149.3,-135.494231845619,-20.6581533156651
149.4,-135.176849048194,-18.8270987151355
149.5,-136.641692728618,-18.2167471816257
149.6,-137.056731771404,-19.6083486780282
149.7,-137.129973955426,-19.290965880603
149.8,-136.519622421916,-20.0478017821553
149.9,-135.616302152321,-19.8280752300917
150,-134.688567821386,-19.290965880603
150.1,-133.174896018282,-19.3397940032838
150.2,-133.419036631686,-19.413036187305
150.3,-133.760833490451,-19.5106924326666
150.4,-133.980560042515,-20.4140127022612
150.5,-134.151458471897,-20.6825673770055
150.6,-134.053802226536,-19.9257314754533
150.7,-132.686614791474,-20.1454580275168
150.8,-132.515716362091,-20.8778798677287
150.9,-133.638763183749,-20.1210439661764
151,-134.102630349217,-19.8769033527725
151.1,-133.589935061068,-20.218700211538
151.2,-133.638763183749,-19.3886221259646
151.3,-134.127044410557,-18.363231549668
151.4,-135.347747477577,-20.0478017821553
151.5,-136.714934912639,-20.7558095610267
151.6,-136.397552115214,-20.0233877208149
151.7,-136.080169317789,-20.0722158434957
151.8,-136.690520851298,-19.2665518192626
151.9,-136.690520851298,-18.2411612429661
152,-136.128997440469,-17.8505362615198
152.1,-136.17782556315,-18.4364737336892
152.2,-135.323333416236,-19.2421377579222
152.3,-134.517669392003,-20.3895986409208
152.4,-136.031341195108,-20.6825673770055
152.5,-136.470794299235,-20.7313954996863
152.6,-134.835052189428,-21.0487782971114
152.7,-134.688567821386,-19.9989736594745
152.8,-134.737395944067,-19.6083486780282
152.9,-133.174896018282,-20.6825673770055
153,-132.637786668793,-20.5360830089631
153.1,-132.857513220857,-19.9989736594745
153.2,-132.613372607453,-19.1688955739011
153.3,-132.149505441985,-19.2665518192626
153.4,-131.563567969816,-20.1210439661764
153.5,-131.24618517239,-21.3661610945366
153.6,-130.806732068263,-20.3895986409208
153.7,-130.684661761561,-19.6083486780282
153.8,-130.733489884242,-20.218700211538
153.9,-130.733489884242,-19.8769033527725
154,-130.049896166711,-19.413036187305
154.1,-129.610443062584,-19.6327627393686
154.2,-130.245208657434,-19.9257314754533
154.3,-128.853607161032,-19.5839346166878
154.4,-127.144622867204,-19.8280752300917
154.5,-126.656341640396,-19.535106494007
154.6,-126.070404168227,-19.7060049233897
154.7,-126.949310376481,-20.218700211538
154.8,-126.363372904312,-20.2919423955592
154.9,-125.386810450696,-19.6815908620493
155,-126.094818229567,-19.413036187305
155.1,-126.87606819246,-20.8046376837075
155.2,-124.922943285228,-21.4394032785577
155.3,-122.920990255316,-18.9979971445183
155.4,-122.920990255316,-18.4608877950296
155.5,-124.825287039867,-18.5097159177104
155.6,-124.532318303782,-17.7772940774986
155.7,-122.53036527387,-18.8515127764759
155.8,-122.310638721806,-19.9013174141129
155.9,-123.531341788826,-19.2421377579222
156,-124.43466205842,-17.679637832137
156.1,-124.312591751718,-18.3876456110084
156.2,-123.287201175422,-19.2421377579222
156.3,-123.16513086872,-18.4120596723488
156.4,-123.946380831613,-18.9735830831779
156.5,-122.750091825933,-19.1444815125607
156.6,-124.117279260995,-18.4608877950296
156.7,-124.556732365122,-17.5331534640946
156.8,-122.57919339655,-17.7772940774986
156.9,-121.627045004275,-18.7782705924547
157,-121.627045004275,-18.9735830831779
157.1,-122.457123089849,-19.3153799419434
157.2,-121.407318452212,-20.0233877208149
157.3,-121.822357494998,-20.7313954996863
157.4,-123.311615236762,-21.4638173398981
157.5,-122.676849641912,-21.9276845053656
157.6,-120.552826305298,-22.2206532414503
157.7,-120.015716955809,-21.146434542473
157.8,-120.577240366638,-20.2919423955592
157.9,-120.650482550659,-19.6327627393686
158,-120.284271630553,-21.146434542473
158.1,-119.527435729001,-22.0497548120676
158.2,-118.84384201147,-22.3183094868119
158.3,-118.428802968683,-22.9042469589814
158.4,-117.671967067131,-22.2938954254715
158.5,-117.232513963004,-22.6845204069178
158.6,-117.57431082177,-22.2694813641311
158.7,-118.087006109918,-21.3661610945366
158.8,-119.087982624874,-20.1210439661764
158.9,-119.258881054257,-19.8036611687513
159,-118.599701398066,-19.290965880603
159.1,-117.891693619195,-19.1688955739011
159.2,-117.794037373833,-20.4140127022612
159.3,-117.378998331047,-20.5849111316439
159.4,-117.671967067131,-18.8759268378163
159.5,-118.770599827449,-18.607372163072
159.6,-118.575287336726,-18.9247549604971
159.7,-119.039154502193,-18.8759268378163
159.8,-120.186615385192,-19.4374502486454
159.9,-119.844818526426,-20.0233877208149
160,-119.722748219724,-19.4862783713262
160.1,-119.893646649107,-19.6083486780282
160.2,-118.428802968683,-19.3153799419434
160.3,-117.134857717643,-18.4364737336892
160.4,-117.647553005791,-17.9481925068813
160.5,-118.404388907343,-17.4110831573927
160.6,-116.915131165579,-17.801708138839
160.7,-116.524506184133,-18.2655753043065
160.8,-116.524506184133,-19.1688955739011
160.9,-116.036224957325,-18.5341299790508
161,-115.816498405261,-17.8505362615198
161.1,-115.792084343921,-17.0448722372868
161.2,-115.279389055773,-17.2401847280099
161.3,-114.205170356795,-16.751903501202
161.4,-114.913178135667,-17.0937003599675
161.5,-115.13290468773,-17.5331534640946
161.6,-115.377045301134,-17.7284659548178
161.7,-116.37802181609,-16.8007316238828
161.8,-117.061615533621,-18.6317862244124
161.9,-116.231537448048,-18.0702628135833
162,-114.669037522263,-17.0448722372868
162.1,-114.376068786178,-17.4843253414139
162.2,-114.620209399582,-17.8261222001794
162.3,-114.180756295455,-16.5565910104789
162.4,-114.034271927412,-15.1649895140764
162.5,-113.27743602586,-15.4579582501611
162.6,-113.423920393903,-16.8007316238828
162.7,-114.083100050093,-17.0937003599675
162.8,-115.059662503709,-16.1659660290326
162.9,-114.156342234114,-16.3612785197557
163,-114.229584418136,-16.8007316238828
163.1,-114.351654724838,-17.2890128506907
163.2,-114.693451583603,-17.0448722372868
163.3,-115.816498405261,-15.5800285568631
163.4,-115.13290468773,-15.7753410475863
163.5,-114.52255315422,-16.5077628877981
163.6,-113.814545375349,-17.1913566053291
163.7,-113.423920393903,-14.8231926553109
163.8,-113.692475068647,-15.5556144955227
163.9,-113.545990700605,-15.4335441888207
164,-113.399506332562,-14.6278801645877
164.1,-113.106537596478,-16.190380090373
164.2,-114.205170356795,-15.2382316980976
164.3,-112.984467289776,-14.6767082872685
164.4,-112.056732958841,-15.4335441888207
164.5,-112.471772001627,-15.9706535383094
164.6,-112.227631388223,-15.9706535383094
164.7,-112.374115756266,-14.5302239192261
164.8,-112.64267043101,-14.0175286310779
164.9,-112.886811044414,-13.9198723857163
165,-112.545014185648,-14.3593254898434
165.1,-111.348725179969,-14.4325676738646
165.2,-109.835053376865,-14.7255364099493
165.3,-109.688569008822,-14.1884270604606
165.4,-109.590912763461,-13.0165521161217
165.5,-108.272553451079,-13.52924740427
165.6,-109.151459659334,-12.5526849506542
165.7,-108.614350309845,-12.6747552573562
165.8,-108.492280003143,-13.5048333429296
165.9,-109.420014334078,-13.6513177109719
166,-109.127045597993,-13.4804192815892
166.1,-109.420014334078,-13.285106790866
166.2,-109.151459659334,-12.8212396253985
166.3,-109.786225254184,-14.5790520419069
166.4,-110.689545523778,-15.1161613913956
166.5,-110.201264296971,-14.6278801645877
166.6,-110.15243617429,-14.8720207779917
166.7,-110.713959585119,-15.018505146034
166.8,-111.006928321204,-16.1415519676922
166.9,-110.884858014502,-15.2382316980976
167,-109.761811192843,-14.4813957965454
167.1,-108.638764371185,-14.4325676738646
167.2,-109.004975291291,-14.6034661032473
167.3,-109.078217475312,-14.7987785939705
167.4,-108.443451880462,-15.262645759438
167.5,-108.150483144377,-15.6044426182035
167.6,-107.466889426846,-16.1415519676922
167.7,-106.44149885055,-17.3866690960523
167.8,-105.416108274253,-17.2645987893503
167.9,-105.147553599509,-15.6044426182035
168,-104.756928618063,-14.9452629620129
168.1,-105.440522335594,-15.4091301274803
168.2,-106.734467586635,-14.9452629620128
168.3,-105.83114731704,-15.1649895140764
168.4,-105.098725476828,-14.8720207779917
168.5,-105.977631685082,-14.9208489006725
168.6,-106.783295709315,-16.5321769491385
168.7,-106.172944175806,-16.2147941517133
168.8,-106.246186359827,-15.140575452736
168.9,-106.002045746423,-14.090770815099
169,-106.807709770656,-15.1649895140764
169.1,-107.955170653654,-15.824169170267
169.2,-107.295990997464,-15.140575452736
169.3,-106.661225402613,-15.4579582501611
169.4,-106.905366016017,-15.7753410475863
169.5,-106.832123831996,-16.2636222743941
169.6,-105.953217623742,-16.190380090373
169.7,-105.733491071678,-14.9696770233532
169.8,-105.83114731704,-15.2138176367572
169.9,-105.440522335594,-16.3124503970749
170,-105.709077010338,-16.4345207037769
170.1,-106.050873869104,-14.9208489006724
170.2,-104.683686434041,-14.9696770233532
170.3,-103.926850532489,-14.8964348393321
170.4,-102.681733404129,-14.8476067166513
170.5,-102.14462405464,-14.334911428503
170.6,-102.315522484023,-14.7743645326301
170.7,-103.462983367022,-15.7509269862459
170.8,-103.023530262895,-15.018505146034
170.9,-102.510834974746,-13.9687005083971
171,-103.096772446916,-14.9452629620128
171.1,-102.242280300002,-15.5312004341823
171.2,-102.70614746547,-15.7265129249055
171.3,-103.560639612383,-16.5321769491385
171.4,-103.585053673724,-14.9696770233532
171.5,-103.878022409808,-14.8231926553109
171.6,-103.511811489703,-15.4335441888207
171.7,-102.584077158768,-14.5058098578857
171.8,-103.072358385575,-14.7499504712897
171.9,-102.803803710831,-15.5067863728419
172,-101.680756889173,-14.0663567537586
172.1,-102.022553747938,-14.1640129991202
172.2,-102.315522484023,-14.334911428503
172.3,-101.021577232982,-14.6767082872685
172.4,-101.558686582471,-14.6767082872685
172.5,-101.168061601025,-14.5302239192261
172.6,-101.143647539684,-15.4823723115015
172.7,-101.729585011854,-15.6776848022247
172.8,-100.679780374217,-15.3847160661399
172.9,-98.897553896368,-15.7509269862459
173,-96.9688430504769,-16.0194816609902
173.1,-97.6768508293483,-16.3856925810961
173.2,-99.6055616752394,-16.4101066424365
173.3,-99.1172804484316,-15.4823723115015
173.4,-99.0440382644104,-13.3583489748872
173.5,-98.7510695283256,-13.6513177109719
173.6,-99.6299757365798,-13.9931145697375
173.7,-99.7764601046222,-14.1395989377798
173.8,-100.045014779367,-14.334911428503
173.9,-99.6299757365798,-13.7489739563335
174,-98.1651320561562,-14.2372551831414
174.1,-97.6524367680079,-14.2860833058222
174.2,-97.8965773814118,-15.7509269862459
174.3,-97.9942336267734,-15.018505146034
174.4,-97.7500930133695,-14.6034661032473
174.5,-98.6045851602833,-13.8710442630355
174.6,-97.3838820932636,-14.1640129991202
174.7,-94.9668900205645,-14.4325676738646
174.8,-94.9180618978837,-13.9198723857163
174.9,-94.7227494071606,-14.334911428503
175,-95.5284134313936,-14.4325676738646
175.1,-96.0166946582015,-14.1640129991202
175.2,-94.5762650391182,-14.7743645326301
175.3,-94.1123978736507,-15.6532707408843
175.4,-94.9180618978837,-14.2616692444818
175.5,-94.6983353458202,-13.9198723857163
175.6,-93.9903275669488,-13.4804192815892
175.7,-93.9659135056084,-12.8212396253985
175.8,-93.6485307081832,-13.7733880176739
175.9,-94.3321244257143,-12.8944818094197
176,-93.9903275669488,-12.4062005826118
176.1,-94.7715775298414,-13.0409661774621
176.2,-93.7217728922044,-12.6503411960158
176.3,-93.4532182174601,-13.52924740427
176.4,-94.8936478365434,-14.7255364099493
176.5,-95.9922805968611,-16.873973807904
176.6,-96.1143509035631,-18.9491690218375
176.7,-96.8956008664557,-19.8280752300917
176.8,-96.2608352716054,-20.4872548862824
176.9,-94.5762650391182,-21.7812001373233
177,-94.747163468501,-22.2694813641311
177.1,-94.9424759592241,-23.929637535278
177.2,-93.2823197880773,-23.1239735110449
177.3,-91.6954058009517,-22.9774891430026
177.4,-92.4766557638443,-24.2958484553839
177.5,-92.7452104385887,-23.2460438177469
177.6,-91.3291948808458,-22.8554188363006
177.7,-91.7930620463133,-21.8544423213444
177.8,-92.1836870277596,-21.4394032785577
177.9,-92.0372026597172,-22.1229969960888
178,-91.9395464143556,-22.5868641615563
178.1,-91.7930620463133,-22.3671376094927
178.2,-91.9151323530152,-22.1229969960888
178.3,-91.158296451463,-21.6347157692809
178.4,-91.8418901689941,-20.8534658063883
178.5,-93.1114213586946,-21.8056141986636
178.6,-91.6954058009517,-21.3905751558769
178.7,-91.1827105128034,-20.8046376837075
178.8,-91.8663042303345,-21.4882314012385
178.9,-91.1338823901226,-22.1474110574292
179,-91.3047808195054,-21.9276845053656
179.1,-91.3780230035266,-21.146434542473
179.2,-91.4512651875478,-20.0233877208149
179.3,-92.330171395802,-20.5604970703035
179.4,-91.9883745370364,-21.0487782971114
179.5,-90.8164995926975,-20.4872548862824
179.6,-91.5977495555901,-19.4862783713262
179.7,-92.7207963772483,-19.2177236965818
179.8,-93.1846635427158,-20.0722158434957
179.9,-92.9161088679714,-20.4384267636016
180,-92.2569292117808,-18.9003408991567
180.1,-91.9883745370364,-19.0956533898799
180.2,-92.2813432731212,-19.9013174141129
180.3,-91.6465776782709,-18.1435049976045
180.4,-91.6709917396113,-17.9481925068813
180.5,-91.7686479849729,-17.2890128506907
180.6,-91.402437064867,-17.5087394027543
180.7,-91.2071245741438,-18.0458487522429
180.8,-90.7920855313571,-17.8749503228602
180.9,-90.35263242723,-17.4599112800735
181,-90.0840777524857,-16.2880363357345
181.1,-90.2549761818684,-16.3856925810961
181.2,-89.546968402997,-18.2411612429661
181.3,-89.1075152988699,-19.1444815125607
181.4,-89.424898096295,-18.9003408991567
181.5,-88.0332965998926,-18.4364737336892
181.6,-87.0323200849364,-19.8280752300917
181.7,-85.958101385959,-20.4872548862824
181.8,-86.7393513488517,-19.8524892914321
181.9,-88.2286090906157,-19.0224112058587
182,-88.6436481334024,-19.8524892914321
182.1,-88.619234072062,-19.7060049233897
182.2,-88.2530231519561,-20.2431142728784
182.3,-88.9122028081467,-20.2675283342188
182.4,-88.741304378764,-19.4374502486454
182.5,-88.5215778267004,-20.0233877208149
182.6,-87.7891559864886,-19.6327627393686
182.7,-88.1309528452541,-19.5839346166878
182.8,-87.5938434957654,-19.0224112058587
182.9,-86.4952107354477,-18.3388174883277
183,-86.5440388581285,-17.8261222001794
183.1,-86.0557576313206,-17.557567525435
183.2,-85.4454060978108,-17.6063956481158
183.3,-84.8106405029605,-17.8749503228602
183.4,-83.296968699856,-18.1435049976045
183.5,-82.5157187369634,-18.4364737336892
183.6,-83.663179619962,-17.1913566053291
183.7,-85.0303670550241,-16.2636222743941
183.8,-85.4454060978108,-16.6786613171808
183.9,-84.8594686256413,-17.3866690960523
184,-84.7373983189393,-16.0927238450114
184.1,-84.1758749081103,-15.946239476969
184.2,-83.4678671292388,-17.1425284826483
184.3,-82.9063437184097,-17.6308097094562
184.4,-83.2725546385157,-16.2392082130537
184.5,-83.2481405771753,-14.8231926553109
184.6,-83.4434530678984,-16.2636222743941
184.7,-82.1250937555171,-15.8729972929478
184.8,-81.9053672034536,-14.3593254898434
184.9,-82.0518515714959,-14.0419426924183
185,-81.124117240561,-14.334911428503
185.1,-82.5157187369634,-15.3847160661399
185.2,-81.8321250194324,-15.6044426182035
185.3,-82.5157187369634,-14.8964348393321
185.4,-82.613374982325,-14.7499504712897
185.5,-81.2950156699437,-14.8476067166513
185.6,-79.0489220266274,-14.9208489006724
185.7,-78.7803673518831,-16.1171379063518
185.8,-79.9766563575624,-16.7030753785212
185.9,-79.6348594987969,-15.0673332687148
186,-78.1456017570328,-13.6513177109719
186.1,-78.1944298797136,-13.3583489748872
186.2,-79.4151329467334,-14.0663567537587
186.3,-78.8291954745639,-14.5302239192261
186.4,-77.9991173889905,-14.9452629620128
186.5,-77.3155236714594,-15.2382316980976
186.6,-77.2666955487787,-13.6269036496316
186.7,-78.5362267384792,-12.4550287052926
186.8,-78.7803673518831,-12.8456536867389
186.9,-78.6094689225003,-12.601513073335
187,-78.1211876956925,-13.5048333429296
187.1,-77.9991173889905,-13.5048333429296
187.2,-77.9258752049693,-13.6269036496316
187.3,-77.657320530225,-13.7245598949931
187.4,-78.1211876956925,-13.3583489748872
187.5,-77.9991173889905,-13.5536614656104
187.6,-76.8272424446516,-13.7489739563335
187.7,-76.2901330951629,-13.285106790866
187.8,-77.7061486529058,-13.0409661774621
187.9,-78.0479455116713,-12.0399896625059
188,-78.0967736343521,-12.2108880918887
188.1,-77.4864221008422,-13.52924740427
188.2,-77.291109610119,-13.52924740427
188.3,-77.0957971193959,-13.4560052202488
188.4,-76.72958619929,-12.3329583985907
188.5,-75.2647425188663,-12.723583380037
188.6,-75.1426722121643,-13.4315911589084
188.7,-75.2647425188663,-13.3583489748872
188.8,-74.752047230718,-13.6513177109719
188.9,-75.7286096843338,-13.0165521161217
189,-76.0948206044397,-12.9188958707601
189.1,-75.6553675003126,-12.8456536867389
189.2,-75.118258150824,-14.6522942259281
189.3,-75.923922175057,-17.2157706666695
189.4,-77.0469689967151,-18.8759268378163
189.5,-76.72958619929,-19.8280752300917
189.6,-76.5586877699072,-19.7304189847301
189.7,-76.8760705673323,-20.5849111316439
189.8,-76.2657190338225,-21.5614735852597
189.9,-76.3877893405244,-22.5624501002159
190,-74.9473597214412,-21.9276845053656
190.1,-74.190523819889,-21.6835438919617
190.2,-75.0938440894836,-22.2938954254715
190.3,-75.8995081137166,-21.6591298306213
190.4,-76.3877893405244,-22.2206532414503
190.5,-76.1680627884609,-22.0253407507272
190.6,-74.8252894147392,-22.2206532414504
190.7,-74.752047230718,-22.4647938548543
190.8,-75.1915003348451,-21.6103017079405
190.9,-73.824312899783,-22.5136219775351
191,-73.0674769982308,-22.3915516708331
191.1,-74.1661097585486,-21.4882314012385
191.2,-75.0206019054624,-21.5614735852597
191.3,-74.1661097585486,-21.7079579533021
191.4,-72.9942348142096,-21.9032704440252
191.5,-73.8731410224638,-21.7812001373233
191.6,-74.752047230718,-21.2929189105154
191.7,-74.068453513187,-19.9501455367937
191.8,-74.0928675745274,-19.1933096352415
191.9,-74.5323206786545,-19.5106924326666
192,-73.9707972678254,-20.1210439661764
192.1,-73.7754847771023,-18.7538565311144
192.2,-73.1163051209116,-18.8026846537951
192.3,-72.7500942008057,-18.8515127764759
192.4,-73.1163051209116,-17.6552237707966
192.5,-73.140719182252,-17.6552237707966
192.6,-72.579195771423,-17.8993643842006
192.7,-72.4815395260614,-18.0946768749237
192.8,-72.4327114033806,-17.2401847280099
192.9,-73.0430629368904,-17.0204581759464
193,-71.7735317471899,-18.0214346909025
193.1,-69.9913052693412,-17.801708138839
193.2,-70.4063443121279,-17.7528800161582
193.3,-71.2364223977013,-17.9481925068813
193.4,-71.7002895631688,-16.6786613171808
193.5,-71.4561489497648,-16.3368644584153
193.6,-70.7969692935742,-16.1659660290326
193.7,-70.8946255389357,-16.190380090373
193.8,-70.8946255389357,-15.4335441888207
193.9,-71.1631802136801,-15.3603020047996
194,-70.2842740054259,-14.9452629620128
194.1,-71.5538051951264,-14.5302239192261
194.2,-72.8233363848269,-14.5790520419069
194.3,-73.9219691451446,-14.9452629620128
194.4,-72.8721645075077,-15.3114738821188
194.5,-73.5069301023579,-14.8720207779917
194.6,-74.4102503719525,-15.3603020047995
194.7,-73.7754847771023,-15.2870598207784
194.8,-74.1661097585486,-14.1395989377798
194.9,-75.2891565802067,-14.2860833058222
195,-73.7510707157619,-14.6522942259281
195.1,-72.9209926301885,-14.0175286310779
195.2,-74.068453513187,-13.8222161403547
195.3,-74.8008753533988,-14.1395989377798
195.4,-75.4112268869087,-13.7978020790143
195.5,-73.7266566544215,-13.3827630362276
195.6,-73.0430629368904,-11.9423334171443
195.7,-73.140719182252,-11.917919355804
195.8,-74.8985315987604,-12.5526849506542
195.9,-74.9473597214412,-12.3817865212714
196,-73.6778285317407,-12.2353021532291
196.1,-72.8965785688481,-11.551708435698
196.2,-73.7022425930811,-11.6981928037404
196.3,-73.946383206485,-12.5770990119946
196.4,-74.5567347399949,-12.601513073335
196.5,-73.3604457343156,-12.0155756011655
196.6,-73.0918910595712,-9.23237260836058
196.7,-72.6524379554441,-9.79389601918965
196.8,-72.335055158019,-11.2099115769325
196.9,-72.5547817100826,-11.7470209264212
197,-72.335055158019,-11.5272943743576
197.1,-71.8956020538919,-12.5770990119946
197.2,-72.3594692193594,-12.1864740305483
197.3,-72.7256801394653,-11.6493646810596
197.4,-72.5303676487422,-9.9892085099128
197.5,-70.5284146188298,-9.79389601918964
197.6,-71.0655239683185,-10.1601069392956
197.7,-72.212984851317,-9.84272414187043
197.8,-72.6524379554441,-9.81831008053004
197.9,-72.7256801394653,-10.2333491233167
198,-72.0909145446151,-11.0390131475498
198.1,-71.5049770724456,-10.6728022274438
198.2,-70.5772427415106,-9.9892085099128
198.3,-70.0889615147027,-9.96479444857241
198.4,-70.6748989868722,-10.1601069392956
198.5,-70.2110318214047,-10.2089350619763
198.6,-69.1856412451081,-9.72065383516846
198.7,-68.4532194048963,-10.3798334913591
198.8,-68.3799772208751,-11.4540521903365
198.9,-69.1368131224274,-10.7216303501246
199,-69.4297818585121,-9.81831008053004
199.1,-68.5752897115983,-9.40327103774334
199.2,-67.7940397487057,-9.33002885372215
199.3,-68.5752897115983,-10.4042475526995
199.4,-69.5030240425333,-10.0136225712532
199.5,-69.5274381038737,-9.72065383516846
199.6,-68.4776334662367,-9.94038038723201
199.7,-68.3311490981943,-10.5263178594015
199.8,-68.2579069141732,-9.01264605629703
199.9,-67.7696256873653,-8.08491172536205
200,-67.7452116260249,-9.33002885372216
200.1,-67.5743131966421,-9.18354448567979
200.2,-67.5743131966421,-9.74506789650886
200.3,-69.1368131224274,-10.0380366325936
200.4,-68.5508756502579,-9.81831008053004
200.5,-68.1602506688116,-8.7196773202123
200.6,-69.0635709384062,-8.91498981093545
200.7,-67.4278288285998,-10.0380366325936
200.8,-66.451266374984,-8.84174762691427
200.9,-66.5977507430264,-9.30561479238176
201,-65.9141570254953,-10.4774897367207
201.1,-65.2549773693047,-9.15913042433939
201.2,-65.1329070626027,-8.64643513619111
201.3,-65.5723601667298,-9.72065383516846
201.4,-65.8653289028145,-11.0390131475498
201.5,-63.912203995583,-10.3310053686783
201.6,-64.7422820811564,-9.40327103774334
201.7,-65.9873992095165,-9.08588824031821
201.8,-65.0596648785815,-8.59760701351033
201.9,-64.1563446089869,-8.79291950423348
202,-63.1797821553711,-8.67084919753151
202.1,-63.6192352594982,-9.134716362999
202.2,-63.7657196275406,-8.37788046144678
202.3,-62.9112274806268,-8.86616168825466
202.4,-63.0332977873288,-9.72065383516846
202.5,-63.6924774435194,-9.84272414187044
202.6,-62.5694306218613,-10.8925287795074
202.7,-61.3487275548416,-10.6239741047631
202.8,-61.4219697388628,-9.42768509908373
202.9,-61.7881806589687,-8.7440913815527
203,-62.4961884378401,-9.72065383516846
203.1,-64.4004852223908,-9.42768509908373
203.2,-64.8155242651776,-9.52534134444531
203.3,-64.9375945718795,-9.54975540578571
203.4,-65.3038054919854,-8.93940387227584
203.5,-65.0596648785815,-8.42670858412756
203.6,-64.1319305476465,-8.47553670680836
203.7,-63.3506805847539,-7.88959923463889
203.8,-63.3506805847539,-8.28022421608519
203.9,-62.9356415419672,-7.79194298927731
204,-63.1797821553711,-8.23139609340441
204.1,-62.4961884378401,-7.57221643721377
204.2,-60.5918916532893,-6.96186490370391
204.3,-59.7373995063755,-8.35346640010638
204.4,-61.6661103522667,-7.74311486659653
204.5,-61.4219697388628,-6.81538053566154
204.6,-60.5430635306086,-5.96088838874774
204.7,-60.2500947945238,-7.52338831453298
204.8,-60.0791963651411,-8.18256797072362
204.9,-60.323336978545,-7.18159145576745
205,-61.0801728800972,-7.27924770112903
205.1,-61.6416962909263,-7.62104455989455
205.2,-62.3985321924785,-7.64545862123494
205.3,-62.056735333713,-7.91401329597929
205.4,-62.4961884378401,-8.08491172536204
205.5,-62.4229462538189,-8.79291950423348
205.6,-61.25107130948,-9.47651322176452
205.7,-60.7872041440125,-7.45014613051179
205.8,-61.4219697388628,-8.01166954134086
205.9,-61.1778291254588,-9.96479444857241
206,-59.3467745249292,-8.15815390938323
206.1,-59.7129854450351,-6.1317868181305
206.2,-60.1768526105026,-7.69428674391574
206.3,-59.2979464022484,-7.52338831453298
206.4,-58.467868316675,-7.62104455989455
206.5,-59.273532340908,-8.06049766402165
206.6,-60.9336885120549,-7.15717739442706
206.7,-60.079196365141,-7.54780237587337
206.8,-60.0303682424603,-8.35346640010638
206.9,-60.445407285247,-8.98823199495664
207,-59.5420870156524,-9.42768509908373
207.1,-58.9317354821425,-8.54877889082954
207.2,-58.3213839486327,-7.30366176246943
207.3,-58.2725558259519,-6.62006804493839
207.4,-59.273532340908,-6.86420865834233
207.5,-59.1758760955465,-6.88862271968272
207.6,-60.0059541811199,-6.20502900215168
207.7,-59.4444307702908,-6.22944306349208
207.8,-57.7354464764632,-7.30366176246943
207.9,-57.3936496176977,-7.8407711119581
208,-58.3213839486327,-7.37690394649061
208.1,-58.6387667460578,-7.8407711119581
208.2,-58.712008930079,-7.69428674391574
208.3,-59.7373995063755,-6.9862789650443
208.4,-59.5420870156524,-7.69428674391574
208.5,-59.6885713836948,-7.76752892793692
208.6,-60.2500947945238,-6.69331022895957
208.7,-59.7618135677159,-7.30366176246943
208.8,-57.906344905846,-8.84174762691427
208.9,-58.2237277032711,-8.47553670680836
209,-58.345798009973,-7.40131800783101
209.1,-57.7110324151228,-7.0106930263847
209.2,-57.2471652496553,-7.49897425319258
209.3,-58.9561495434829,-7.20600551710785
209.4,-58.4434542553346,-6.76655241298076
209.5,-58.1504855192499,-7.49897425319258
209.6,-58.4434542553346,-8.37788046144678
209.7,-58.2237277032711,-8.54877889082954
209.8,-57.9307589671864,-8.96381793361624
209.9,-56.4659152867627,-7.37690394649061
210,-54.7081028702543,-6.96186490370391
210.1,-54.6348606862331,-8.45112264546796
210.2,-56.0997043666568,-8.37788046144678
210.3,-56.8809543295494,-8.98823199495664
210.4,-57.2471652496553,-8.74409138155269
210.5,-56.8077121455282,-7.32807582380982
210.6,-56.8077121455282,-8.30463827742559
210.7,-57.6133761697612,-9.11030230165861
210.8,-57.9795870898672,-10.4042475526995
210.9,-57.6377902311016,-8.15815390938323
211,-56.5391574707839,-7.62104455989455
211.1,-56.5635715321243,-9.03706011763743
211.2,-57.4180636790381,-8.6952632588719
211.3,-57.2715793109957,-7.96284141866007
211.4,-56.978610574911,-8.59760701351032
211.5,-56.5391574707839,-8.42670858412756
211.6,-57.0762668202726,-8.67084919753151
211.7,-58.2481417646115,-8.52436482948914
211.8,-57.662204292442,-9.11030230165861
211.9,-57.6133761697612,-9.50092728310491
212,-57.6866183537824,-8.89057574959506
212.1,-56.2706027960396,-8.40229452278717
212.2,-56.0264621826356,-9.20795854702018
212.3,-56.0997043666568,-9.15913042433939
212.4,-56.4170871640819,-8.2802242160852
212.5,-57.1739230656341,-8.06049766402165
212.6,-57.5645480470804,-8.52436482948914
212.7,-58.0284152125479,-7.62104455989456
212.8,-58.0040011512075,-7.52338831453298
212.9,-58.2725558259519,-8.40229452278717
213,-58.5655245620366,-8.76850544289309
213.1,-57.54013398574,-8.54877889082954
213.2,-57.4424777403785,-8.89057574959506
213.3,-58.6875948687386,-9.18354448567979
213.4,-59.0538057888445,-9.50092728310491
213.5,-59.7373995063755,-8.67084919753151
213.6,-60.2745088558642,-8.06049766402165
213.7,-59.5909151383332,-7.4257320691714
213.8,-60.1524385491623,-6.49799773823642
213.9,-61.006930696076,-7.23041957844825
214,-61.0801728800972,-7.71870080525613
214.1,-60.4942354079278,-7.49897425319258
214.2,-61.6416962909263,-7.47456019185219
214.3,-61.2022431867992,-8.08491172536205
214.4,-60.0791963651411,-7.69428674391573
214.5,-60.445407285247,-8.2802242160852
214.6,-61.2754853708204,-8.06049766402165
214.7,-61.5684541069051,-6.22944306349208
214.8,-61.5928681682455,-5.88764620472655
214.9,-60.9336885120549,-7.03510708772509
215,-60.7872041440125,-7.96284141866007
215.1,-61.5440400455647,-8.2558101547448
215.2,-62.2520478244362,-8.79291950423348
215.3,-62.5450165605209,-9.18354448567979
215.4,-62.0079072110322,-9.45209916042413
215.5,-62.0811493950534,-8.89057574959506
215.6,-61.6416962909263,-6.83979459700194
215.7,-60.0547823038007,-6.49799773823642
215.8,-59.39560264761,-7.8407711119581
215.9,-58.712008930079,-8.20698203206402
216,-58.4434542553346,-7.74311486659653
216.1,-58.9805636048233,-8.57319295216993
216.2,-58.7364229914194,-8.96381793361624
216.3,-58.1260714579095,-8.57319295216993
216.4,-58.2237277032711,-7.88959923463889
216.5,-58.7608370527598,-9.47651322176452
216.6,-59.3711885862696,-8.57319295216993
216.7,-59.2491182795677,-8.32905233876599
216.8,-58.2237277032711,-9.42768509908373
216.9,-56.29501685738,-9.52534134444531
217,-56.1241184279972,-9.23237260836058
217.1,-56.2461887346992,-8.7196773202123
217.2,-56.050876243976,-8.23139609340441
217.3,-55.5381809558277,-8.42670858412757
217.4,-54.5127903795312,-8.2558101547448
217.5,-54.3663060114888,-8.06049766402165
217.6,-54.3907200728292,-7.35248988515022
217.7,-54.3418919501484,-7.27924770112903
217.8,-53.6582982326174,-6.69331022895957
217.9,-54.4151341341696,-6.88862271968272
218,-55.0743137903602,-7.45014613051179
218.1,-53.7803685393193,-7.64545862123495
218.2,-52.9747045150863,-7.30366176246943
218.3,-53.8047826006597,-6.79096647432115
218.4,-53.6582982326174,-6.74213835164036
218.5,-53.9512669687021,-7.66987268257534
218.6,-54.6592747475735,-7.15717739442706
218.7,-54.3418919501484,-6.00971651142853
218.8,-54.5372044408716,-7.01069302638469
218.9,-55.0987278517006,-6.86420865834233
219,-54.4151341341696,-6.22944306349208
219.1,-53.389743557873,-7.30366176246943
219.2,-53.4873998032346,-7.20600551710785
219.3,-53.8291966620001,-8.2802242160852
219.4,-54.2198216434464,-7.93842735731968
219.5,-52.9502904537459,-8.10932578670244
219.6,-52.7305639016824,-8.42670858412757
219.7,-52.0469701841513,-8.52436482948914
219.8,-51.900485816109,-7.64545862123495
219.9,-52.1934545521937,-8.54877889082954
220,-52.3155248588957,-8.13373984804284
220.1,-51.1680639758971,-6.9862789650443
220.2,-50.4112280743449,-6.88862271968272
220.3,-50.6065405650681,-6.1073727567901
220.4,-51.5098608346627,-5.91206026606695
220.5,-52.58407953364,-6.81538053566154
220.6,-52.5596654722996,-7.4257320691714
220.7,-51.4122045893011,-7.4501461305118
220.8,-51.6075170800242,-8.59760701351033
220.9,-52.462009226938,-6.76655241298075
221,-51.9981420614705,-7.08393521040588
221.1,-53.0967748217883,-8.96381793361624
221.2,-53.6827122939577,-8.91498981093545
221.3,-53.1211888831287,-7.8407711119581
221.4,-51.9737280001302,-6.9618649037039
221.5,-50.972751485174,-6.59565398359799
221.6,-50.3623999516641,-6.66889616761917
221.7,-50.8018530557912,-7.32807582380982
221.8,-50.6553686877489,-7.62104455989456
221.9,-50.9483374238336,-7.69428674391574
222,-51.4854467733223,-7.64545862123495
222.1,-52.0469701841513,-7.54780237587337
222.2,-51.4854467733223,-7.59663049855416
222.3,-50.4112280743449,-8.47553670680836
222.4,-48.9463843939213,-8.98823199495664
222.5,-49.4834937434099,-7.47456019185219
222.6,-49.8497046635159,-7.15717739442706
222.7,-48.9707984552617,-8.13373984804283
222.8,-48.4581031671134,-6.93745084236351
222.9,-48.0430641243267,-7.74311486659652
223,-48.5069312897942,-7.45014613051179
223.1,-48.6045875351557,-6.37592743153444
223.2,-48.6290015964961,-5.35053685523788
223.3,-49.1416968846444,-6.44916961555563
223.4,-48.995212516602,-7.66987268257534
223.5,-49.7520484181543,-7.88959923463888
223.6,-50.972751485174,-7.15717739442706
223.7,-50.72861087177,-7.47456019185219
223.8,-50.0938452769198,-7.66987268257534
223.9,-49.9717749702178,-8.49995076814875
224,-49.9961890315582,-6.93745084236351
224.1,-50.4356421356853,-5.66791965266301
224.2,-50.3868140130045,-6.40034149287484
224.3,-50.5821265037277,-7.57221643721377
224.4,-50.5821265037277,-7.49897425319258
224.5,-49.9717749702178,-6.47358367689602
224.6,-50.1915015222814,-5.91206026606695
224.7,-50.3623999516641,-6.9862789650443
224.8,-50.045017154239,-7.401318007831
224.9,-48.2383766150498,-7.13276333308667
225,-47.6768532042208,-6.05854463410932
225.1,-47.6036110201996,-6.62006804493839
225.2,-47.7012672655612,-7.37690394649061
225.3,-46.9444313640089,-7.13276333308667
225.4,-46.6514626279242,-6.59565398359799
225.5,-45.7969704810104,-8.35346640010638
225.6,-46.5049782598818,-9.59858352846649
225.7,-46.0411110944143,-10.5019037980611
225.8,-46.7491188732858,-12.8212396253985
225.9,-46.5538063825626,-14.212841121801
226,-46.7491188732858,-14.3104973671626
226.1,-46.7491188732858,-14.8231926553109
226.2,-46.3584938918395,-14.9452629620128
226.3,-45.088962702139,-15.3603020047996
226.4,-44.0147440031616,-16.2636222743941
226.5,-43.8438455737789,-16.0438957223306
226.6,-44.4297830459483,-15.9950675996498
226.7,-44.8692361500754,-16.7763175625424
226.8,-44.6006814753311,-15.5312004341823
226.9,-44.1368143098636,-15.0429192073744
227,-44.3077127392463,-16.2392082130537
227.1,-45.2842751928621,-17.557567525435
227.2,-45.6749001743084,-16.0927238450114
227.3,-46.3584938918395,-14.456981735205
227.4,-46.9200173026685,-15.2870598207784
227.5,-46.2364235851375,-13.9198723857163
227.6,-43.9903299418212,-12.723583380037
227.7,-43.6973612057365,-11.4784662516769
227.8,-44.8204080273946,-12.0399896625059
227.9,-45.7481423583296,-12.2841302759099
228,-45.7969704810104,-11.9423334171443
228.1,-44.0879861871828,-11.3808100063153
228.2,-43.7217752670769,-11.1854975155921
228.3,-44.3077127392463,-11.9667474784847
228.4,-44.2588846165655,-11.917919355804
228.5,-44.8692361500754,-12.0399896625059
228.6,-46.3829079531799,-12.3329583985907
228.7,-46.7491188732858,-11.5761224970384
228.8,-45.9434548490528,-11.5028803130172
228.9,-45.1377908248197,-12.1132318465271
229,-45.1622048861601,-11.795849049102
229.1,-45.5528298676065,-10.6972162887842
229.2,-44.2100564938848,-10.8925287795074
229.3,-44.4541971072887,-11.5272943743576
229.4,-44.5030252299695,-10.868114718167
229.5,-44.1368143098636,-10.0868647552744
229.6,-44.8692361500754,-9.67182571248767
229.7,-44.6739236593523,-9.79389601918965
229.8,-43.8926736964596,-9.37885697640295
229.9,-43.6241190217153,-10.184521000636
230,-43.6485330830557,-10.184521000636
230.1,-42.5254862613976,-9.94038038723201
230.2,-42.2813456479936,-8.96381793361624
230.3,-43.1846659175882,-9.08588824031821
230.4,-43.0137674882054,-9.52534134444531
230.5,-44.4541971072887,-8.20698203206401
230.6,-46.0166970330739,-7.71870080525613
230.7,-45.8457986036912,-7.66987268257534
230.8,-44.6006814753311,-9.01264605629703
230.9,-44.3809549232675,-9.1591304243394
231,-44.4786111686291,-7.96284141866007
231.1,-43.5997049603749,-8.91498981093545
231.2,-43.7217752670769,-9.25678666970097
231.3,-45.8213845423508,-8.54877889082954
231.4,-45.2842751928621,-6.18061494081129
231.5,-44.4541971072887,-6.00971651142853
231.6,-45.1377908248197,-6.76655241298075
231.7,-45.5528298676064,-6.00971651142853
231.8,-46.2608376464779,-7.30366176246943
231.9,-45.2598611315217,-7.32807582380982
232,-43.5264627763537,-6.86420865834233
232.1,-44.4297830459483,-6.44916961555563
232.2,-44.6983377206926,-7.08393521040588
232.3,-44.6495095980119,-7.96284141866007
232.4,-44.4786111686291,-7.98725548000047
232.5,-43.4043924696517,-7.4257320691714
232.6,-43.3067362242902,-6.81538053566154
232.7,-43.1602518562478,-6.9862789650443
232.8,-42.9161112428439,-7.35248988515022
232.9,-43.7217752670769,-7.54780237587337
233,-43.5264627763537,-7.93842735731968
233.1,-42.989353426865,-7.20600551710785
233.2,-44.1124002485232,-7.10834927174627
233.3,-44.161228371204,-7.20600551710785
233.4,-43.9170877578,-7.35248988515022
233.5,-44.3321268005867,-7.8651851732985
233.6,-43.9659158804808,-8.7440913815527
233.7,-43.5997049603749,-9.23237260836058
233.8,-43.233494040269,-8.35346640010638
233.9,-43.3067362242902,-8.47553670680835
234,-43.2823221629498,-7.79194298927731
234.1,-42.989353426865,-8.20698203206402
234.2,-42.3545878320148,-7.32807582380982
234.3,-42.0860331572705,-7.71870080525613
234.4,-43.2823221629498,-8.37788046144678
234.5,-44.1124002485232,-7.52338831453298
234.6,-43.9170877578,-7.05952114906548
234.7,-43.233494040269,-5.86323214338616
234.8,-43.6485330830557,-6.79096647432115
234.9,-43.2823221629498,-6.79096647432115
235,-43.6485330830557,-6.1317868181305
235.1,-43.355564346971,-6.25385712483247
235.2,-43.4776346536729,-6.30268524751326
235.3,-43.4532205923325,-7.08393521040588
235.4,-42.8428690588227,-7.4257320691714
235.5,-42.5254862613976,-7.96284141866007
235.6,-42.1348612799512,-8.6952632588719
235.7,-42.6231425067591,-8.35346640010638
235.8,-42.6475565680995,-7.49897425319258
235.9,-43.3067362242902,-7.47456019185219
236,-42.7207987521207,-8.06049766402165
236.1,-43.4776346536729,-7.13276333308667
236.2,-43.5752908990345,-6.83979459700194
236.3,-43.4532205923325,-6.52241179957681
236.4,-43.5752908990345,-6.66889616761918
236.5,-42.4034159546956,-7.52338831453297
236.6,-43.3799784083114,-8.42670858412757
236.7,-44.3077127392463,-7.8651851732985
236.8,-43.8682596351192,-6.93745084236351
236.9,-42.8916971815035,-6.96186490370391
237,-42.2813456479936,-6.86420865834233
237.1,-42.0616190959301,-8.10932578670244
237.2,-41.622165991803,-9.08588824031821
237.3,-41.7686503598453,-9.91596632589162
237.4,-42.6719706294399,-9.20795854702019
237.5,-41.6709941144838,-8.74409138155269
237.6,-41.6954081758241,-8.49995076814875
237.7,-41.7198222371645,-6.83979459700194
237.8,-41.5977519304626,-7.05952114906548
237.9,-41.3536113170586,-7.71870080525613
238,-41.500095685101,-7.08393521040587
238.1,-42.5987284454187,-7.03510708772509
238.2,-42.4766581387168,-7.59663049855416
238.3,-42.9161112428439,-7.69428674391574
238.4,-41.9883769119089,-8.74409138155269
238.5,-42.7940409361419,-10.062450693934
238.6,-42.7207987521207,-9.30561479238176
238.7,-42.0616190959301,-8.6952632588719
238.8,-41.6709941144838,-8.01166954134086
238.9,-41.3291972557182,-9.35444291506255
239,-40.7676738448892,-9.81831008053004
239.1,-41.7442362985049,-7.66987268257534
239.2,-41.6954081758241,-6.76655241298075
239.3,-41.500095685101,-6.79096647432115
239.4,-41.8174784825261,-7.79194298927731
239.5,-41.5489238077818,-9.45209916042413
239.6,-41.622165991803,-8.86616168825466
239.7,-41.9639628505685,-7.57221643721377
239.8,-41.3047831943778,-7.30366176246942
239.9,-40.0596660660177,-8.74409138155269
240,-39.8643535752946,-10.1112788166148
240.1,-40.572361354166,-9.74506789650886
240.2,-41.0850566423143,-9.67182571248768
240.3,-42.0860331572705,-9.40327103774334
240.4,-44.0879861871828,-8.45112264546796
240.5,-45.3819314382237,-8.42670858412756
240.6,-45.6260720516276,-9.81831008053004
240.7,-46.8956032413281,-8.86616168825466
240.8,-48.5069312897942,-7.8407711119581
240.9,-50.2159155836218,-8.89057574959505
241,-51.2413061599183,-9.20795854702018
241.1,-51.8516576934282,-8.76850544289309
241.2,-52.462009226938,-7.8651851732985
241.3,-52.3155248588957,-8.7196773202123
241.4,-51.8272436320878,-8.89057574959506
241.5,-49.9717749702178,-9.23237260836058
241.6,-49.5567359274311,-9.5741694671261
241.7,-50.8750952398124,-9.52534134444531
241.8,-50.5577124423873,-8.45112264546796
241.9,-49.6055640501119,-8.62202107485072
242,-48.3848609830922,-8.67084919753151
242.1,-48.6290015964961,-8.01166954134086
242.2,-50.3379858903237,-7.88959923463889
242.3,-49.5079078047503,-8.57319295216993
242.4,-48.6290015964961,-8.74409138155269
242.5,-47.3106422841148,-8.30463827742559
242.6,-47.6524391428804,-8.23139609340441
242.7,-47.9698219403055,-7.57221643721376
242.8,-47.4327125908168,-7.74311486659652
242.9,-45.6016579902872,-9.134716362999
243,-44.9424783340966,-10.0136225712532
243.1,-45.7237282969892,-10.0380366325936
243.2,-45.528415806266,-9.45209916042413
243.3,-44.6495095980119,-9.96479444857241
243.4,-44.4786111686291,-9.40327103774334
243.5,-44.3321268005867,-8.49995076814875
243.6,-43.6241190217153,-7.76752892793692
243.7,-43.4776346536729,-8.59760701351032
243.8,-43.4776346536729,-8.42670858412757
243.9,-43.5264627763537,-8.74409138155269
244,-42.8672831201631,-9.62299758980689
244.1,-43.2823221629498,-9.06147417897782
244.2,-42.9161112428439,-9.50092728310492
244.3,-42.4034159546956,-9.91596632589162
244.4,-42.0860331572705,-9.11030230165861
244.5,-42.5254862613976,-7.98725548000047
244.6,-41.6709941144838,-7.66987268257534
244.7,-40.9629863356123,-7.71870080525613
244.8,-41.3536113170586,-9.06147417897782
244.9,-41.500095685101,-8.59760701351033
245,-40.572361354166,-7.15717739442706
245.1,-40.5235332314852,-7.57221643721376
245.2,-39.7911113912734,-8.57319295216993
245.3,-38.9854473670404,-8.23139609340441
245.4,-39.5225567165291,-8.23139609340441
245.5,-40.2793926180813,-8.47553670680835
245.6,-40.7676738448892,-7.25483363978864
245.7,-40.4258769861236,-6.5468258609172
245.8,-40.4014629247833,-6.91303678102312
245.9,-39.083103612402,-7.8407711119581
246,-38.9854473670404,-9.11030230165861
246.1,-38.3995098948709,-8.86616168825467
246.2,-37.911228668063,-8.23139609340441
246.3,-37.6915021159995,-8.64643513619112
246.4,-38.1065411587862,-8.6952632588719
246.5,-37.3252911958936,-7.27924770112903
246.6,-36.8370099690857,-7.15717739442706
246.7,-37.10556464383,-7.45014613051179
246.8,-38.2286114654882,-6.5712399222576
246.9,-38.4727520788921,-7.15717739442706
247,-37.3008771345532,-8.3046382774256
247.1,-36.8125959077453,-7.05952114906549
247.2,-37.7891583613611,-5.98530245008813
247.3,-38.3262677108497,-5.78998995936498
247.4,-37.6670880546591,-6.10737275679011
247.5,-36.8125959077453,-7.79194298927731
247.6,-36.7149396623837,-8.30463827742559
247.7,-37.1543927665108,-8.08491172536204
247.8,-36.8125959077453,-7.59663049855416
247.9,-36.3975568649586,-6.66889616761917
248,-38.2041974041478,-5.76557589802458
248.1,-37.349705257234,-7.18159145576745
248.2,-35.9092756381507,-7.23041957844824
248.3,-36.5928693556817,-7.8651851732985
248.4,-37.4717755639359,-8.57319295216993
248.5,-36.9590802757877,-6.79096647432115
248.6,-36.7149396623837,-6.42475555421523
248.7,-36.4952131103202,-5.59467746864182
248.8,-36.0069318835123,-5.64350559132261
248.9,-35.6895490860872,-7.71870080525613
249,-35.1280256752581,-7.79194298927731
249.1,-36.6661115397029,-7.13276333308667
249.2,-37.3008771345532,-7.20600551710785
249.3,-36.2754865582566,-7.52338831453298
249.4,-36.6172834170221,-7.08393521040588
249.5,-36.421970926299,-6.64448210627878
249.6,-36.8370099690857,-6.52241179957681
249.7,-35.6895490860871,-6.37592743153445
249.8,-36.3243146809374,-6.88862271968272
249.9,-37.7159161773399,-7.69428674391574
250,-37.3252911958936,-8.52436482948914
250.1,-36.2266584355758,-8.03608360268126
250.2,-35.9581037608315,-7.69428674391574
250.3,-36.6172834170221,-6.83979459700194
250.4,-35.7627912701083,-6.74213835164036
250.5,-35.372166288662,-7.8651851732985
250.6,-35.372166288662,-7.52338831453298
250.7,-35.4698225340236,-7.37690394649061
250.8,-37.0079083984684,-7.71870080525613
250.9,-37.227634950532,-6.69331022895957
251,-36.3975568649586,-5.78998995936498
251.1,-36.4952131103202,-5.39936497791867
251.2,-36.9102521531069,-5.83881808204577
251.3,-36.7149396623837,-5.61909152998222
251.4,-36.7881818464049,-6.00971651142853
251.5,-37.1543927665108,-5.57026340730143
251.6,-36.8858380917665,-6.18061494081129
251.7,-35.8604475154699,-4.93549781245118
251.8,-36.4952131103202,-5.35053685523788
251.9,-36.3731428036182,-6.37592743153444
252,-36.2022443742354,-6.44916961555563
252.1,-36.3243146809374,-5.35053685523788
252.2,-36.8125959077453,-5.54584934596104
252.3,-35.8604475154699,-5.86323214338616
252.4,-36.0557600061931,-6.71772429029996
252.5,-35.9581037608315,-6.81538053566154
252.6,-35.3233381659812,-6.37592743153444
252.7,-36.0313459448527,-6.25385712483247
252.8,-35.6895490860871,-6.1317868181305
252.9,-36.0557600061931,-6.76655241298075
253,-36.5196271716606,-5.86323214338617
253.1,-37.2520490118724,-6.25385712483247
253.2,-36.421970926299,-6.40034149287484
253.3,-35.5674787793852,-6.59565398359799
253.4,-35.0059553685561,-5.54584934596104
253.5,-35.4454084726832,-5.20405248719552
253.6,-34.9571272458753,-5.44819310059946
253.7,-34.3223616510251,-6.25385712483247
253.8,-35.5918928407256,-7.54780237587337
253.9,-36.2754865582566,-7.27924770112903
254,-35.1280256752581,-6.69331022895957
254.1,-35.0547834912369,-6.22944306349207
254.2,-35.5674787793852,-6.59565398359799
254.3,-34.9571272458753,-5.96088838874774
254.4,-34.0049788535999,-7.37690394649061
254.5,-34.3711897737059,-6.86420865834233
254.6,-33.9073226082384,-7.0106930263847
254.7,-33.6143538721536,-7.54780237587337
254.8,-34.5420882030886,-6.83979459700194
254.9,-34.6397444484502,-5.96088838874774
255,-35.9092756381507,-5.13081030317434
255.1,-35.8116193927891,-6.44916961555563
255.2,-34.1514632216423,-6.81538053566154
255.3,-33.5411116881324,-6.69331022895957
255.4,-33.6875960561748,-6.32709930885365
255.5,-33.2725570133881,-5.39936497791867
255.6,-33.2969710747285,-5.93647432740735
255.7,-33.6875960561748,-6.08295869544971
255.8,-33.4678695041113,-6.69331022895957
255.9,-32.5401351731763,-6.9862789650443
256,-32.3692367437935,-7.30366176246942
256.1,-32.6622054798783,-6.83979459700194
256.2,-32.2471664370915,-6.10737275679011
256.3,-32.6377914185379,-6.47358367689602
256.4,-32.833103909261,-7.52338831453297
256.5,-32.4424789278147,-7.13276333308666
256.6,-32.2471664370916,-5.83881808204577
256.7,-31.1729477381142,-5.08198218049354
256.8,-31.1241196154334,-6.42475555421523
256.9,-30.8311508793487,-6.59565398359799
257,-30.977635247391,-5.81440402070537
257.1,-30.6846665113063,-5.52143528462064
257.2,-30.8555649406891,-6.00971651142853
257.3,-32.3692367437935,-7.4501461305118
257.4,-32.9307601546226,-6.52241179957681
257.5,-32.4913070504955,-5.52143528462064
257.6,-31.5635727195605,-5.91206026606695
257.7,-30.3672837138812,-5.74116183668419
257.8,-31.4903305355393,-6.62006804493838
257.9,-32.2471664370916,-7.20600551710785
258,-31.7588852102837,-7.18159145576746
258.1,-30.9532211860506,-6.69331022895957
258.2,-31.1485336767738,-6.27827118617287
258.3,-31.9297836396664,-7.15717739442706
258.4,-31.3194321061566,-6.9618649037039
258.5,-31.0264633700718,-7.25483363978864
258.6,-31.8809555169856,-6.30268524751326
258.7,-32.1006820690492,-5.03315405781276
258.8,-31.7832992716241,-5.59467746864183
258.9,-31.0508774314122,-6.30268524751326
259,-31.3682602288374,-5.7167477753438
259.1,-31.4170883515181,-5.54584934596104
259.2,-30.8799790020295,-6.47358367689602
259.3,-30.3184555912004,-6.93745084236351
259.4,-30.4893540205832,-7.81635705061771
259.5,-30.3184555912004,-7.20600551710785
259.6,-30.4649399592428,-6.47358367689602
259.7,-32.1006820690492,-5.83881808204577
259.8,-32.5645492345167,-5.05756811915315
259.9,-32.3448226824531,-5.32612279389748
260,-32.0762680077088,-5.22846654853591
260.1,-32.3204086211127,-4.91108375111078
260.2,-33.077244522665,-5.52143528462064
260.3,-32.027439885028,-5.86323214338616
260.4,-33.3457991974093,-5.52143528462064
260.5,-33.2725570133881,-5.03315405781276
260.6,-31.5391586582201,-6.25385712483247
260.7,-31.1729477381142,-6.64448210627878
260.8,-31.5391586582201,-6.91303678102311
260.9,-31.6612289649221,-6.05854463410931
261,-32.4180648664743,-5.667919652663
261.1,-32.4668929891551,-6.08295869544971
261.2,-31.7100570876029,-5.52143528462064
261.3,-31.9297836396664,-5.42377903925906
261.4,-32.1250961303896,-5.7167477753438
261.5,-32.1983383144108,-6.08295869544971
261.6,-30.9532211860506,-7.4257320691714
261.7,-31.221775860795,-7.401318007831
261.8,-32.0518539463684,-6.59565398359799
261.9,-32.1739242530704,-7.401318007831
262,-31.7100570876029,-7.32807582380982
262.1,-31.0508774314122,-6.18061494081129
262.2,-33.2725570133881,-6.22944306349207
262.3,-34.688572571131,-6.74213835164035
262.4,-33.2969710747285,-6.42475555421523
262.5,-32.3936508051339,-6.40034149287484
262.6,-31.7588852102837,-6.44916961555563
262.7,-31.5391586582201,-6.10737275679011
262.8,-30.8555649406891,-5.78998995936498
262.9,-30.7090805726467,-5.37495091657827
263,-30.5381821432639,-5.32612279389749
263.1,-31.3926742901778,-6.49799773823642
263.2,-31.8321273943048,-5.93647432740735
263.3,-30.8799790020295,-5.66791965266301
263.4,-29.7569321803713,-4.76459938306842
263.5,-30.1231431004772,-4.66694313770684
263.6,-30.1963852844984,-5.52143528462064
263.7,-30.3184555912004,-6.10737275679011
263.8,-30.416111836562,-7.35248988515022
263.9,-30.5870102659447,-7.32807582380982
264,-31.0508774314122,-5.54584934596104
264.1,-31.3926742901778,-4.88666968977039
264.2,-30.8311508793487,-5.42377903925906
264.3,-29.8301743643925,-5.98530245008814
264.4,-29.9278306097541,-5.78998995936498
264.5,-30.6114243272851,-5.61909152998222
264.6,-30.3184555912004,-4.74018532172802
264.7,-29.8057603030521,-4.52045876966448
264.8,-28.9268540947979,-5.13081030317433
264.9,-30.0010727937753,-6.32709930885365
265,-30.2696274685196,-6.03413057276892
265.1,-29.6592759350097,-5.42377903925906
265.2,-29.488377505627,-5.81440402070537
265.3,-30.3428696525408,-6.62006804493839
265.4,-29.4639634442866,-5.61909152998222
265.5,-30.29404152986,-4.93549781245118
265.6,-30.8799790020295,-4.32514627894132
265.7,-30.8799790020295,-3.83686505213343
265.8,-30.416111836562,-3.9833494201758
265.9,-30.4405258979024,-4.91108375111078
266,-31.6368149035817,-5.22846654853591
266.1,-31.905369578326,-4.27631815626053
266.2,-31.343846167497,-4.76459938306842
266.3,-31.1241196154334,-5.37495091657828
266.4,-31.1729477381142,-5.57026340730143
266.5,-29.8545884257329,-4.95991187379157
266.6,-29.0977525241807,-5.32612279389749
266.7,-28.2920884999477,-5.66791965266301
266.8,-29.9766587324349,-6.71772429029996
266.9,-30.8067368180083,-4.98432593513196
267,-30.0254868551157,-5.47260716193985
267.1,-30.6602524499659,-5.93647432740734
267.2,-31.3682602288374,-5.6923337140034
267.3,-30.3428696525408,-5.61909152998222
267.4,-29.8790024870733,-6.1562008794709
267.5,-30.1475571618176,-6.76655241298075
267.6,-29.9522446710945,-6.03413057276892
267.7,-29.7325181190309,-5.05756811915315
267.8,-29.1221665855211,-5.96088838874774
267.9,-29.2930650149038,-7.4501461305118
268,-29.2198228308827,-7.47456019185219
268.1,-28.4141588066496,-6.1317868181305
268.2,-29.366307198925,-6.37592743153444
268.3,-29.4395493829462,-5.66791965266301
268.4,-28.9024400334575,-5.49702122328025
268.5,-28.7803697267556,-5.59467746864183
268.6,-28.7559556654152,-5.7167477753438
268.7,-29.1465806468615,-5.57026340730143
268.8,-28.8291978494363,-6.03413057276892
268.9,-28.3409166226285,-5.64350559132262
269,-27.6084947824166,-6.86420865834233
269.1,-28.4874009906708,-7.37690394649061
269.2,-29.2686509535634,-6.93745084236351
269.3,-29.610447812329,-6.81538053566154
269.4,-28.8536119107767,-6.91303678102312
269.5,-28.8536119107767,-5.98530245008813
269.6,-28.804783788096,-5.47260716193985
269.7,-28.9512681561383,-7.23041957844824
269.8,-27.5840807210762,-6.93745084236352
269.9,-28.1944322545861,-5.15522436451473
270,-29.1465806468615,-5.37495091657828
270.1,-28.9024400334575,-5.52143528462064
270.2,-28.560643174692,-5.59467746864182
270.3,-29.4151353216058,-6.25385712483247
270.4,-29.0245103401595,-6.35151337019405
270.5,-28.5850572360324,-6.37592743153444
270.6,-26.9981432489068,-6.27827118617287
270.7,-27.1690416782895,-5.96088838874774
270.8,-27.632908843757,-5.86323214338616
270.9,-28.43857286799,-6.18061494081129
271,-27.5840807210762,-7.18159145576745
271.1,-27.3399401076723,-7.20600551710785
271.2,-28.0235338252033,-7.23041957844825
271.3,-27.9502916411822,-6.59565398359799
271.4,-28.9756822174787,-5.91206026606695
271.5,-29.1709947082019,-6.49799773823641
271.6,-28.1456041319053,-6.03413057276893
271.7,-27.7305650891186,-6.03413057276892
271.8,-27.7061510277782,-6.81538053566154
271.9,-27.7305650891186,-5.32612279389749
272,-27.5840807210762,-4.69135719904724
272.1,-27.7061510277782,-5.78998995936498
272.2,-27.1690416782895,-7.32807582380982
272.3,-27.3399401076723,-7.32807582380982
272.4,-28.0723619478841,-5.74116183668419
272.5,-27.754979150459,-5.61909152998222
272.6,-27.5352525983954,-4.93549781245118
272.7,-27.1934557396299,-4.71577126038763
272.8,-27.8526353958206,-4.44721658564329
272.9,-28.2920884999477,-6.00971651142853
273,-28.560643174692,-6.44916961555562
273.1,-29.0000962788191,-6.1073727567901
273.2,-27.4131822916935,-5.66791965266301
273.3,-28.4141588066496,-4.59370095368566
273.4,-29.6348618736694,-4.03217754285659
273.5,-28.7315416040748,-5.08198218049354
273.6,-28.2920884999477,-5.32612279389749
273.7,-26.8516588808644,-6.37592743153445
273.8,-26.2168932860142,-5.52143528462064
273.9,-28.4141588066496,-4.71577126038763
274,-29.2686509535634,-4.86225562843
274.1,-28.0479478865437,-5.6923337140034
274.2,-26.2657214086949,-5.42377903925907
274.3,-27.3643541690127,-5.98530245008813
274.4,-28.1456041319053,-5.52143528462064
274.5,-26.3877917153969,-5.10639624183394
274.6,-26.2413073473546,-5.03315405781275
274.7,-26.8028307581836,-5.17963842585512
274.8,-27.071385432928,-6.1317868181305
274.9,-26.949315126226,-5.81440402070537
275,-26.5831042061201,-6.10737275679011
275.1,-26.6319323288009,-5.91206026606695
275.2,-26.6319323288009,-5.52143528462064
275.3,-26.6075182674605,-5.20405248719552
275.4,-26.1680651633334,-5.83881808204577
275.5,-26.3145495313757,-7.25483363978864
275.6,-26.2413073473546,-6.00971651142853
275.7,-25.8262683045678,-5.76557589802458
275.8,-27.0225573102472,-6.62006804493838
275.9,-27.2666979236511,-5.74116183668419
276,-27.6084947824166,-4.4228025243029
276.1,-27.3887682303531,-4.88666968977039
276.2,-26.0948229793122,-5.20405248719551
276.3,-26.0704089179718,-5.42377903925906
276.4,-25.4112292617811,-4.32514627894132
276.5,-25.0694324030156,-4.44721658564329
276.6,-26.6075182674605,-5.6923337140034
276.7,-26.7540026355028,-5.61909152998222
276.8,-27.754979150459,-4.78901344440881
276.9,-26.5586901447797,-4.49604470832408
277,-26.143651101993,-4.20307597223935
277.1,-26.6075182674605,-3.39741194800634
277.2,-26.7784166968432,-4.22749003357974
277.3,-27.0957994942684,-4.76459938306842
277.4,-27.2422838623107,-4.54487283100487
277.5,-26.9249010648856,-4.08100566553738
277.6,-27.6084947824166,-4.08100566553738
277.7,-27.2666979236511,-4.4228025243029
277.8,-26.5831042061201,-4.05659160419699
277.9,-26.5831042061201,-3.49506819336791
278,-25.9483386112698,-3.69038068409107
278.1,-26.3389635927161,-4.52045876966447
278.2,-27.2178698009703,-4.15424784955856
278.3,-26.2413073473546,-3.00678696656002
278.4,-25.3624011391004,-4.59370095368566
278.5,-24.532323053527,-4.8378415670896
278.6,-25.9971667339506,-5.20405248719552
278.7,-27.2422838623107,-5.03315405781275
278.8,-27.6817369664378,-4.81342750574921
278.9,-26.4610338994181,-4.98432593513196
279,-25.1670886483772,-5.2528806098763
279.1,-23.7510730906343,-5.20405248719551
279.2,-24.3125965014634,-5.08198218049354
279.3,-25.5332995684831,-5.78998995936498
279.4,-25.8750964272486,-4.64252907636645
279.5,-26.0704089179718,-3.83686505213344
279.6,-27.5352525983954,-3.78803692945265
279.7,-27.6817369664378,-4.47163064698368
279.8,-27.2422838623107,-5.83881808204577
279.9,-26.0948229793122,-5.54584934596103
280,-25.8262683045678,-4.74018532172802
280.1,-25.7041979978659,-5.20405248719552
280.2,-24.8497058509521,-5.52143528462064
280.3,-25.5821276911639,-5.35053685523788
280.4,-25.7286120592063,-4.88666968977039
280.5,-25.1426745870368,-5.57026340730143
280.6,-24.3614246241442,-4.3983884629625
280.7,-25.1670886483772,-3.76362286811225
280.8,-25.5821276911639,-3.64155256141028
280.9,-25.9727526726102,-3.64155256141028
281,-25.2647448937388,-2.17670888098662
281.1,-24.6788074215693,-2.90913072119845
281.2,-24.7520496055905,-3.5438963160487
281.3,-24.8008777282713,-3.88569317481422
281.4,-24.4346668081654,-4.10541972687777
281.5,-24.2149402561018,-3.64155256141028
281.6,-24.0928699493999,-3.128857273262
281.7,-25.3135730164196,-4.93549781245118
281.8,-25.9483386112698,-5.6923337140034
281.9,-25.4112292617811,-3.78803692945265
282,-24.7032214829097,-3.78803692945264
282.1,-25.1426745870368,-5.32612279389749
282.2,-26.5831042061201,-5.6923337140034
282.3,-26.2168932860142,-5.05756811915315
282.4,-24.3614246241442,-5.03315405781275
282.5,-24.8741199122925,-5.13081030317433
282.6,-25.4112292617811,-4.27631815626053
282.7,-26.7540026355028,-4.66694313770684
282.8,-26.9737291875664,-4.47163064698369
282.9,-25.4356433231215,-5.42377903925907
283,-24.2149402561018,-5.39936497791867
283.1,-24.8252917896117,-5.10639624183394
283.2,-25.9239245499294,-6.25385712483247
283.3,-25.0450183416752,-6.40034149287484
283.4,-23.8487293359959,-5.32612279389749
283.5,-25.093846464356,-5.30170873255709
283.6,-25.6797839365255,-5.30170873255709
283.7,-25.3135730164196,-3.61713850006989
283.8,-26.2657214086949,-4.05659160419698
283.9,-26.4610338994181,-4.64252907636645
284,-25.6309558138447,-5.91206026606695
284.1,-25.1915027097176,-5.7167477753438
284.2,-25.6065417525043,-4.27631815626053
284.3,-25.1182605256964,-5.03315405781275
284.4,-24.9473620963137,-4.71577126038763
284.5,-24.8497058509521,-4.30073221760093
284.6,-23.7999012133151,-4.76459938306842
284.7,-23.7754871519747,-5.13081030317434
284.8,-24.971776157654,-3.9833494201758
284.9,-25.5577136298235,-4.27631815626053
285,-24.7764636669309,-4.03217754285659
285.1,-25.2647448937388,-3.34858382532555
285.2,-25.6309558138447,-4.49604470832408
285.3,-24.7764636669309,-3.83686505213344
285.4,-24.0684558880595,-2.98237290521963
285.5,-23.6778309066131,-4.30073221760093
285.6,-23.9952137040383,-4.93549781245118
285.7,-24.5079089921866,-4.91108375111078
285.8,-23.9463855813575,-6.00971651142853
285.9,-23.1163074957841,-5.78998995936498
286,-23.1651356184649,-5.05756811915315
286.1,-24.1905261947614,-4.32514627894132
286.2,-23.0918934344437,-5.57026340730143
286.3,-22.2618153488703,-4.54487283100487
286.4,-23.5069324772304,-4.74018532172803
286.5,-23.5069324772304,-5.10639624183394
286.6,-24.0196277653787,-5.10639624183393
286.7,-23.6290027839324,-4.39838846296251
286.8,-23.7022449679535,-4.03217754285659
286.9,-23.1407215571245,-4.66694313770684
287,-23.4581043545496,-4.12983378821817
287.1,-25.6309558138447,-4.25190409492014
287.2,-25.3624011391004,-4.44721658564329
287.3,-24.6543933602289,-4.27631815626053
287.4,-24.6299792988885,-4.00776348151619
287.5,-23.8243152746555,-3.88569317481423
287.6,-23.1895496798053,-3.5438963160487
287.7,-23.9219715200171,-4.66694313770684
287.8,-24.0928699493999,-4.76459938306842
287.9,-24.0684558880595,-4.59370095368566
288,-24.1905261947614,-5.08198218049354
288.1,-23.5557605999112,-4.4228025243029
288.2,-24.3858386854846,-3.81245099079304
288.3,-23.2872059251668,-4.37397440162211
288.4,-23.0918934344437,-4.49604470832408
288.5,-23.8243152746555,-3.51948225470831
288.6,-23.48251841589,-4.20307597223935
288.7,-23.0430653117629,-5.66791965266301
288.8,-23.2872059251668,-5.98530245008813
288.9,-23.5801746612516,-5.49702122328025
289,-23.5313465385708,-4.25190409492014
289.1,-23.5801746612516,-4.22749003357974
289.2,-22.8721668823801,-4.49604470832408
289.3,-23.48251841589,-4.98432593513197
289.4,-23.7754871519747,-5.59467746864182
289.5,-23.0186512504225,-5.47260716193985
289.6,-22.5059559622742,-3.34858382532555
289.7,-24.2393543174422,-3.20209945728318
289.8,-24.1416980720806,-4.08100566553738
289.9,-23.8243152746555,-4.71577126038763
290,-22.5303700236146,-4.88666968977039
290.1,-21.5293935086585,-4.76459938306842
290.2,-22.7256825143378,-4.56928689234527
290.3,-22.3594715942319,-4.49604470832408
290.4,-22.0176747354663,-3.44624007068713
290.5,-22.432713778253,-3.9589353588354
290.6,-22.5303700236146,-3.44624007068713
290.7,-23.4336902932092,-3.78803692945264
290.8,-23.4336902932092,-4.93549781245118
290.9,-24.0440418267191,-5.00873999647236
291,-25.8018542432275,-4.91108375111078
291.1,-27.3643541690127,-4.05659160419698
291.2,-27.1202135556087,-3.17768539594279
291.3,-27.2178698009703,-3.9833494201758
291.4,-28.0479478865437,-4.3983884629625
291.5,-29.0733384628403,-4.71577126038763
291.6,-28.682713481394,-4.66694313770685
291.7,-28.3897447453093,-4.47163064698369
291.8,-29.2686509535634,-4.93549781245118
291.9,-29.488377505627,-5.00873999647236
292,-28.3409166226285,-3.91010723615462
292.1,-28.5850572360324,-3.08002915058121
292.2,-28.4141588066496,-4.47163064698369
292.3,-27.3643541690127,-4.12983378821817
292.4,-27.3887682303531,-3.88569317481422
292.5,-27.6084947824166,-4.81342750574921
292.6,-26.9004870035452,-4.4228025243029
292.7,-27.6573229050974,-4.74018532172802
292.8,-27.632908843757,-5.30170873255709
292.9,-27.9014635185014,-5.49702122328025
293,-27.3155260463319,-4.64252907636644
293.1,-27.1202135556087,-5.08198218049354
293.2,-27.8282213344802,-4.12983378821816
293.3,-27.632908843757,-4.0077634815162
293.4,-28.2676744386073,-3.59272443872949
293.5,-27.7793932117994,-4.69135719904723
293.6,-27.1202135556087,-4.86225562842999
293.7,-28.4874009906708,-5.15522436451473
293.8,-28.3165025612881,-4.59370095368566
293.9,-27.3399401076723,-5.32612279389749
294,-28.0967760092245,-5.03315405781276
294.1,-27.5840807210762,-4.59370095368566
294.2,-26.7784166968432,-4.47163064698368
294.3,-26.6563463901413,-4.22749003357974
294.4,-25.4844714458023,-3.9833494201758
294.5,-26.1680651633334,-3.91010723615461
294.6,-26.2413073473546,-3.9833494201758
294.7,-25.4600573844619,-4.49604470832408
294.8,-25.1426745870368,-4.52045876966447
294.9,-25.8018542432275,-4.3983884629625
295,-24.8741199122925,-4.3983884629625
295.1,-24.0440418267191,-3.51948225470831
295.2,-25.8262683045679,-3.86127911347383
295.3,-27.0225573102472,-3.20209945728318
295.4,-25.3868152004408,-2.24995106500781
295.5,-23.7022449679535,-4.20307597223935
295.6,-23.604588722592,-5.52143528462064
295.7,-24.0196277653787,-5.15522436451472
295.8,-24.2393543174422,-4.30073221760093
295.9,-25.7286120592063,-5.10639624183394
296,-24.9961902189944,-5.74116183668419
296.1,-24.2393543174422,-4.98432593513197
296.2,-23.5313465385708,-4.10541972687777
296.3,-23.7266590292939,-4.37397440162211
296.4,-24.3614246241442,-4.17866191089896
296.5,-24.410252746825,-4.52045876966447
296.6,-23.4092762318688,-5.2772946712167
296.7,-22.554784084955,-5.39936497791867
296.8,-23.1163074957841,-5.74116183668419
296.9,-24.5323230535269,-5.64350559132261
297,-23.3360340478476,-5.91206026606695
297.1,-21.9444325514451,-5.96088838874774
297.2,-22.8721668823801,-5.17963842585512
297.3,-23.2627918638265,-5.32612279389749
297.4,-21.871190367424,-4.4228025243029
297.5,-20.7969716684466,-3.08002915058121
297.6,-21.8956044287644,-4.10541972687777
297.7,-22.6036122076358,-4.27631815626053
297.8,-21.9932606741259,-4.59370095368566
297.9,-22.554784084955,-3.49506819336792
298,-22.5303700236146,-3.93452129749501
298.1,-21.3584950792757,-4.52045876966448
298.2,-22.1397450421683,-3.78803692945265
298.3,-22.8965809437205,-3.49506819336792
298.4,-23.4336902932092,-4.03217754285659
298.5,-23.1651356184649,-3.86127911347383
298.6,-22.4082997169126,-3.81245099079304
298.7,-21.9688466127855,-4.47163064698369
298.8,-21.6758778767008,-4.59370095368566
298.9,-21.6758778767008,-4.93549781245118
299,-23.2383778024861,-5.20405248719551
299.1,-23.7999012133151,-5.76557589802459
299.2,-22.6524403303166,-6.00971651142853
299.3,-23.48251841589,-5.13081030317433
299.4,-24.3858386854846,-4.54487283100487
299.5,-22.6280262689762,-4.93549781245118
299.6,-23.2872059251668,-5.42377903925906
299.7,-25.8018542432274,-5.37495091657827
299.8,-25.8750964272486,-5.57026340730143
299.9,-25.6797839365255,-4.93549781245118
300,-25.6797839365255,-4.61811501502605
300.1,-24.8741199122925,-5.17963842585512
300.2,-25.5088855071427,-4.49604470832408
300.3,-25.9971667339506,-4.03217754285659
300.4,-24.9229480349733,-4.49604470832408
300.5,-25.2403308323984,-3.86127911347383
300.6,-25.8750964272486,-3.73920880677186
300.7,-26.0948229793122,-4.10541972687777
300.8,-25.4844714458023,-4.08100566553738
300.9,-25.8018542432274,-3.128857273262
301,-26.143651101993,-3.86127911347383
301.1,-26.8028307581836,-4.69135719904723
301.2,-26.021580795291,-4.76459938306842
301.3,-25.5088855071427,-4.4228025243029
301.4,-26.2657214086949,-4.20307597223935
301.5,-25.3624011391004,-4.37397440162211
301.6,-24.5323230535269,-4.88666968977039
301.7,-24.9229480349733,-4.54487283100487
301.8,-25.8750964272486,-4.78901344440881
301.9,-25.6553698751851,-4.88666968977039
302,-24.6055652375481,-4.54487283100487
302.1,-24.7032214829097,-3.27534164130437
302.2,-25.2891589550792,-4.25190409492013
302.3,-26.4610338994181,-4.74018532172802
302.4,-26.1192370406526,-4.69135719904723
302.5,-25.7774401818871,-4.56928689234526
302.6,-25.1670886483772,-4.95991187379157
302.7,-23.7999012133151,-5.03315405781276
302.8,-22.9209950050609,-4.17866191089895
302.9,-22.8965809437205,-4.93549781245118
303,-23.6778309066131,-5.78998995936498
303.1,-24.9229480349733,-5.83881808204577
303.2,-24.9229480349733,-5.15522436451473
303.3,-24.8252917896117,-6.08295869544971
303.4,-24.1416980720806,-5.91206026606695
303.5,-23.0918934344437,-5.17963842585513
303.6,-22.4815419009338,-4.91108375111078
303.7,-23.3360340478476,-6.30268524751326
303.8,-23.1163074957841,-5.39936497791867
303.9,-23.6290027839324,-3.9833494201758
304,-21.9932606741259,-4.61811501502605
304.1,-22.7256825143378,-5.37495091657828
304.2,-22.7500965756782,-3.83686505213343
304.3,-22.2129872261895,-3.39741194800633
304.4,-23.9707996426979,-4.4472165856433
304.5,-24.8252917896117,-4.95991187379157
304.6,-22.554784084955,-4.98432593513197
304.7,-22.2129872261895,-3.5683103773891
304.8,-22.2129872261895,-2.56733386243293
304.9,-22.9942371890821,-3.5683103773891
305,-22.9454090664013,-3.25092757996397
305.1,-22.6280262689762,-3.5683103773891
305.2,-22.6524403303166,-4.10541972687777
305.3,-23.0918934344437,-5.17963842585512
305.4,-22.6280262689762,-5.22846654853591
305.5,-22.0420887968067,-4.61811501502605
305.6,-22.8477528210397,-3.91010723615462
305.7,-22.7256825143378,-3.73920880677185
305.8,-22.1153309808279,-3.47065413202752
305.9,-21.4805653859777,-4.08100566553738
306,-22.3106434715511,-4.98432593513197
306.1,-22.1641591035087,-6.42475555421523
306.2,-21.3584950792757,-5.27729467121669
306.3,-21.3340810179353,-4.03217754285659
306.4,-22.3594715942319,-3.34858382532555
306.5,-22.3838856555723,-3.61713850006989
306.6,-21.3584950792757,-4.08100566553738
306.7,-21.5782216313392,-4.25190409492014
306.8,-21.2364247725737,-4.93549781245118
306.9,-21.7735341220624,-5.54584934596104
307,-22.6036122076358,-5.61909152998222
307.1,-21.749120060722,-4.91108375111078
307.2,-21.6758778767008,-4.37397440162211
307.3,-21.9200184901048,-4.25190409492014
307.4,-21.2120107112333,-5.39936497791867
307.5,-22.7256825143378,-4.91108375111078
307.6,-22.0420887968067,-3.93452129749501
307.7,-21.4073232019565,-4.30073221760093
307.8,-22.0176747354663,-4.49604470832408
307.9,-21.4561513246373,-5.2772946712167
308,-21.3584950792757,-5.78998995936498
308.1,-20.2110341962772,-6.40034149287484
308.2,-19.9668935828732,-4.32514627894132
308.3,-20.2354482576175,-3.20209945728318
308.4,-19.9180654601924,-3.69038068409107
308.5,-19.6983389081289,-3.47065413202752
308.6,-19.4297842333845,-3.73920880677185
308.7,-19.6739248467885,-4.88666968977039
308.8,-19.5274404787461,-4.30073221760093
308.9,-19.2588858040018,-4.00776348151619
309,-19.6495107854481,-4.71577126038763
309.1,-19.9424795215328,-2.98237290521963
309.2,-19.5762686014269,-3.83686505213343
309.3,-19.0391592519382,-3.73920880677186
309.4,-19.8692373375116,-2.61616198511372
309.5,-19.9424795215328,-3.34858382532555
309.6,-20.4307607483407,-4.47163064698369
309.7,-21.4561513246373,-3.51948225470831
309.8,-21.1143544658717,-3.27534164130436
309.9,-20.7725576071062,-4.17866191089895
310,-21.0411122818506,-4.98432593513197
310.1,-20.2842763802983,-3.91010723615462
310.2,-20.1866201349368,-4.00776348151619
310.3,-20.6016591777235,-3.83686505213343
310.4,-20.137792012256,-3.03120102790042
310.5,-20.4551748096811,-2.32319324902898
310.6,-20.137792012256,-3.27534164130436
310.7,-19.8204092148308,-3.9589353588354
310.8,-19.2832998653422,-4.03217754285659
310.9,-19.2344717426614,-4.20307597223935
311,-18.9415030065766,-3.95893535883541
311.1,-18.7950186385343,-4.59370095368566
311.2,-20.0645498282348,-4.05659160419698
311.3,-19.2344717426614,-3.1532713346024
311.4,-19.8692373375116,-4.17866191089896
311.5,-20.1866201349368,-5.32612279389749
311.6,-19.9668935828732,-3.5683103773891
311.7,-19.6495107854481,-3.71479474543146
311.8,-20.015721705554,-4.20307597223935
311.9,-19.332127988023,-4.81342750574921
312,-19.332127988023,-4.27631815626053
312.1,-19.6006826627673,-3.59272443872949
312.2,-19.0635733132786,-3.03120102790042
312.3,-19.4786123560653,-3.00678696656003
312.4,-19.2832998653422,-3.73920880677185
312.5,-19.332127988023,-3.61713850006988
312.6,-19.0147451905978,-3.86127911347383
312.7,-17.8184561849185,-3.88569317481422
312.8,-17.9161124302801,-2.46967761707135
312.9,-17.6231436941954,-2.6894041691349
313,-18.7461905158535,-4.25190409492014
313.1,-19.087987374619,-4.76459938306842
313.2,-18.1846671050244,-4.91108375111078
313.3,-17.7940421235781,-3.03120102790042
313.4,-18.5997061478111,-2.32319324902898
313.5,-19.4053701720441,-3.22651351862358
313.6,-19.3809561107037,-3.128857273262
313.7,-18.8926748838959,-4.12983378821817
313.8,-18.7950186385343,-3.15327133460239
313.9,-18.4288077184284,-3.27534164130437
314,-17.6231436941954,-3.05561508924082
314.1,-16.9395499766643,-2.49409167841175
314.2,-17.4522452648126,-2.66499010779451
314.3,-18.5508780251303,-2.90913072119845
314.4,-20.1133779509156,-3.20209945728318
314.5,-19.893651398852,-3.20209945728318
314.6,-19.6250967241077,-2.6649901077945
314.7,-19.5762686014269,-2.81147447583687
314.8,-19.7471670308097,-2.29877918768859
314.9,-20.015721705554,-2.44526355573096
315,-19.9424795215328,-3.37299788666594
315.1,-19.4786123560653,-3.71479474543146
315.2,-18.5508780251303,-3.71479474543146
315.3,-18.2090811663648,-3.128857273262
315.4,-18.6241202091515,-3.47065413202752
315.5,-19.2832998653422,-4.03217754285659
315.6,-19.7227529694693,-4.61811501502606
315.7,-19.7959951534905,-4.0077634815162
315.8,-19.3809561107037,-3.32416976398515
315.9,-19.6983389081289,-4.03217754285659
316,-19.6983389081289,-3.81245099079304
316.1,-21.3584950792757,-3.39741194800634
316.2,-22.1397450421683,-4.10541972687777
316.3,-20.6016591777235,-3.37299788666594
316.4,-19.9424795215328,-3.03120102790042
316.5,-19.1124014359594,-4.05659160419698
316.6,-19.0635733132786,-3.17768539594279
316.7,-19.9180654601924,-3.44624007068713
316.8,-20.3086904416387,-4.15424784955856
316.9,-21.0899404045314,-3.83686505213343
317,-21.3829091406161,-4.81342750574921
317.1,-21.2120107112333,-4.52045876966448
317.2,-19.7715810921501,-3.9833494201758
317.3,-20.2110341962772,-4.17866191089895
317.4,-20.3331045029791,-3.9833494201758
317.5,-20.6260732390639,-3.15327133460239
317.6,-20.0889638895752,-2.32319324902899
317.7,-20.8946279138082,-3.73920880677186
317.8,-21.2852528952545,-4.49604470832408
317.9,-21.62704975402,-3.49506819336791
318,-21.62704975402,-3.51948225470831
318.1,-20.9190419751486,-4.39838846296251
318.2,-21.0166982205102,-3.81245099079304
318.3,-21.2852528952545,-2.93354478253885
318.4,-21.1387685272121,-3.44624007068713
318.5,-21.4561513246373,-3.44624007068713
318.6,-21.5782216313392,-3.69038068409107
318.7,-21.7002919380412,-4.34956034028172
318.8,-22.4815419009338,-4.47163064698369
318.9,-22.5303700236146,-4.12983378821817
319,-21.1631825885525,-3.44624007068713
319.1,-20.7481435457658,-5.08198218049355
319.2,-20.5284169937023,-4.52045876966448
319.3,-22.1397450421683,-4.39838846296251
319.4,-21.6026356926796,-4.10541972687777
319.5,-20.821385729787,-2.6894041691349
319.6,-22.2618153488703,-3.05561508924082
319.7,-22.0420887968067,-3.15327133460239
319.8,-21.065526343191,-3.9833494201758
319.9,-19.8692373375116,-4.74018532172802
320,-20.1622060735964,-4.93549781245118
320.1,-19.8692373375116,-3.69038068409107
320.2,-19.6250967241077,-3.69038068409107
320.3,-20.4551748096811,-3.29975570264476
320.4,-20.0645498282348,-4.44721658564329
320.5,-19.3077139266826,-4.98432593513197
320.6,-20.4551748096811,-5.10639624183394
320.7,-21.0899404045314,-4.8378415670896
320.8,-21.1143544658717,-3.81245099079304
320.9,-20.3331045029791,-4.76459938306842
321,-20.2354482576176,-5.66791965266301
321.1,-20.3575185643195,-5.66791965266301
321.2,-19.7715810921501,-4.37397440162211
321.3,-19.3809561107037,-4.37397440162211
321.4,-20.5528310550427,-5.20405248719552
321.5,-20.4307607483407,-5.76557589802459
321.6,-20.4551748096811,-5.64350559132261
321.7,-19.6250967241077,-5.52143528462064
321.8,-18.3799795957476,-4.88666968977039
321.9,-18.404393657088,-4.74018532172802
322,-18.9170889452363,-4.86225562842999
322.1,-18.9415030065766,-4.22749003357974
322.2,-19.5518545400865,-3.34858382532555
322.3,-19.2344717426614,-4.56928689234527
322.4,-18.0870108596628,-3.5683103773891
322.5,-18.8194326998747,-3.95893535883541
322.6,-19.1856436199806,-4.59370095368566
322.7,-19.8204092148308,-4.4228025243029
322.8,-19.2832998653422,-4.61811501502605
322.9,-19.1856436199806,-4.74018532172802
323,-20.3819326256599,-4.30073221760093
323.1,-19.2588858040018,-4.10541972687777
323.2,-18.2090811663648,-4.98432593513197
323.3,-17.476659326153,-4.10541972687777
323.4,-18.4532217797688,-3.78803692945265
323.5,-17.7452140008973,-3.93452129749501
323.6,-18.4532217797688,-4.8378415670896
323.7,-18.9170889452363,-4.69135719904724
323.8,-18.0625967983225,-2.66499010779451
323.9,-18.160253043684,-3.42182600934673
324,-18.965917067917,-5.35053685523788
324.1,-20.4795888710215,-5.66791965266301
324.2,-20.3331045029791,-5.15522436451473
324.3,-19.5518545400865,-5.91206026606695
324.4,-19.4053701720441,-4.86225562843
324.5,-20.137792012256,-3.86127911347383
324.6,-19.7715810921501,-3.25092757996397
324.7,-18.5264639637899,-3.37299788666594
324.8,-19.6739248467885,-3.69038068409107
324.9,-21.1875966498929,-4.15424784955856
325,-18.6241202091515,-3.39741194800634
325.1,-17.476659326153,-3.5683103773891
325.2,-18.6485342704919,-4.25190409492014
325.3,-19.5762686014269,-5.35053685523788
325.4,-18.6485342704919,-4.86225562843
325.5,-18.6241202091515,-3.59272443872949
325.6,-18.4288077184284,-3.49506819336791
325.7,-19.5518545400865,-4.05659160419698
325.8,-19.4541982947249,-3.49506819336791
325.9,-18.404393657088,-3.03120102790042
326,-18.5264639637899,-3.78803692945264
326.1,-18.160253043684,-4.44721658564329
326.2,-18.5752920864707,-4.37397440162211
326.3,-17.7207999395569,-3.61713850006989
326.4,-17.2813468354298,-3.44624007068713
326.5,-17.6719718168761,-4.4228025243029
326.6,-17.9161124302801,-3.78803692945264
326.7,-18.160253043684,-3.51948225470831
326.8,-17.6719718168761,-4.03217754285659
326.9,-17.7940421235781,-4.32514627894132
327,-17.8184561849185,-3.93452129749501
327.1,-17.3301749581106,-3.37299788666594
327.2,-17.0372062220259,-3.76362286811225
327.3,-18.8438467612151,-3.95893535883541
327.4,-19.3809561107037,-3.49506819336791
327.5,-18.8926748838959,-3.59272443872949
327.6,-18.9170889452363,-4.25190409492014
327.7,-17.9405264916205,-3.51948225470831
327.8,-16.8418937313027,-2.66499010779451
327.9,-17.354589019451,-3.64155256141028
328,-17.3790030807914,-4.56928689234526
328.1,-17.598729632855,-4.08100566553738
328.2,-17.354589019451,-3.71479474543146
328.3,-17.354589019451,-4.08100566553738
328.4,-17.5254874488338,-3.91010723615462
328.5,-18.6485342704919,-4.44721658564329
328.6,-18.0625967983225,-5.22846654853591
328.7,-17.598729632855,-4.56928689234526
328.8,-17.8184561849185,-4.71577126038763
328.9,-18.2334952277052,-5.86323214338617
329,-18.7217764545131,-4.98432593513197
329.1,-18.3311514730668,-4.20307597223935
329.2,-18.0381827369821,-4.05659160419698
329.3,-17.598729632855,-3.128857273262
329.4,-17.3057608967702,-3.25092757996397
329.5,-17.4034171421318,-4.8378415670896
329.6,-17.0860343447067,-4.52045876966447
329.7,-16.793065608622,-5.17963842585512
329.8,-17.1836905900683,-4.59370095368566
329.9,-18.3555655344072,-3.71479474543146
330,-18.2090811663648,-4.30073221760093
330.1,-16.9151359153239,-5.17963842585512
330.2,-17.4522452648126,-4.56928689234526
330.3,-18.2579092890456,-4.8378415670896
330.4,-18.5264639637899,-5.57026340730143
330.5,-17.8672843075993,-4.64252907636644
330.6,-17.3301749581106,-3.86127911347383
330.7,-18.7217764545131,-5.52143528462064
330.8,-18.8682608225555,-4.54487283100487
330.9,-17.9649405529609,-3.05561508924082
331,-18.0137686756417,-4.52045876966447
331.1,-17.0127921606855,-5.88764620472656
331.2,-15.9141594003678,-5.66791965266301
331.3,-16.5733390565584,-4.59370095368566
331.4,-18.0137686756417,-4.98432593513197
331.5,-16.0850578297505,-5.91206026606695
331.6,-15.865331277687,-5.20405248719552
331.7,-17.1836905900683,-5.13081030317433
331.8,-17.3301749581106,-4.95991187379157
331.9,-17.0372062220259,-4.78901344440881
332,-16.67099530192,-4.15424784955856
332.1,-16.3536125044949,-4.69135719904723
332.2,-16.0850578297505,-5.54584934596104
332.3,-17.3301749581106,-5.17963842585512
332.4,-18.5752920864707,-4.59370095368566
332.5,-16.8907218539835,-6.35151337019405
332.6,-16.7442374859412,-6.66889616761917
332.7,-17.4034171421318,-5.88764620472655
332.8,-16.9883780993451,-5.08198218049354
332.9,-16.4512687498564,-5.66791965266301
333,-17.232518712749,-6.27827118617286
333.1,-17.2813468354298,-4.49604470832408
333.2,-17.476659326153,-4.27631815626053
333.3,-18.0381827369821,-4.86225562843
333.4,-16.8174796699623,-4.69135719904723
333.5,-16.7198234246008,-4.44721658564329
333.6,-16.8663077926431,-5.08198218049354
333.7,-17.0616202833663,-4.54487283100487
333.8,-17.232518712749,-4.64252907636645
333.9,-17.7696280622377,-4.8378415670896
334,-17.1348624673875,-4.74018532172802
334.1,-16.793065608622,-6.1073727567901
334.2,-16.8174796699623,-7.27924770112903
334.3,-17.1348624673875,-5.83881808204576
334.4,-17.5254874488338,-4.71577126038763
334.5,-16.6221671792392,-4.30073221760093
334.6,-16.0606437684101,-4.4228025243029
334.7,-15.743260970985,-4.52045876966448
334.8,-16.5245109338776,-4.00776348151619
334.9,-18.282323350386,-5.15522436451473
335,-17.9405264916205,-6.1073727567901
335.1,-17.2081046514087,-5.66791965266301
335.2,-17.8184561849185,-4.61811501502605
335.3,-18.8438467612151,-5.52143528462064
335.4,-17.5499015101742,-6.20502900215168
335.5,-16.6954093632604,-5.64350559132261
335.6,-16.5000968725372,-4.69135719904724
335.7,-16.0850578297505,-4.10541972687777
335.8,-16.3780265658352,-4.66694313770684
335.9,-15.2305656828367,-5.17963842585512
336,-13.7657220024131,-4.47163064698368
336.1,-14.6202141493269,-5.66791965266301
336.2,-16.548924995218,-5.81440402070538
336.3,-15.8897453390274,-4.4228025243029
336.4,-16.0118156457293,-4.47163064698369
336.5,-15.5967766029426,-4.59370095368566
336.6,-15.1573234988155,-5.08198218049354
336.7,-15.5235344189214,-6.03413057276892
336.8,-15.3282219281983,-5.91206026606695
336.9,-15.9629875230485,-5.2772946712167
337,-16.3291984431545,-4.69135719904724
337.1,-16.8418937313027,-3.93452129749501
337.2,-18.4532217797688,-4.17866191089896
337.3,-18.4532217797688,-4.44721658564329
337.4,-17.8672843075993,-4.08100566553738
337.5,-17.9161124302801,-4.71577126038763
337.6,-16.2315421977929,-4.12983378821817
337.7,-15.9141594003678,-4.08100566553738
337.8,-16.2803703204737,-3.88569317481422
337.9,-16.4756828111968,-4.27631815626053
338,-16.0118156457293,-4.08100566553738
338.1,-15.4747062962407,-2.76264635315609
338.2,-16.1094718910909,-1.63959953149795
338.3,-16.548924995218,-2.59174792377332
338.4,-15.4014641122195,-3.1044432119216
338.5,-14.6690422720076,-4.03217754285659
338.6,-15.6700187869638,-5.15522436451473
338.7,-15.1817375601559,-4.4228025243029
338.8,-13.8389641864342,-4.66694313770684
338.9,-12.96005797818,-5.61909152998222
339,-13.887792309115,-4.32514627894132
339.1,-14.7911125787096,-3.86127911347383
339.2,-15.1084953761347,-3.29975570264476
339.3,-15.621190664283,-3.22651351862358
339.4,-15.6944328483042,-2.59174792377332
339.5,-14.7178703946884,-1.98139639026347
339.6,-14.4981438426249,-2.95795884387924
339.7,-14.2540032292209,-3.42182600934673
339.8,-14.4004875972633,-3.05561508924082
339.9,-14.2051751065402,-3.20209945728318
340,-14.7911125787096,-3.17768539594279
340.1,-15.9874015843889,-3.44624007068712
340.2,-16.1338859524313,-3.15327133460239
340.3,-14.3760735359229,-2.78706041449648
340.4,-14.4004875972633,-3.32416976398515
340.5,-15.059667253454,-3.05561508924081
340.6,-14.8887688240712,-2.76264635315609
340.7,-14.2051751065402,-2.98237290521963
340.8,-14.4249016586037,-3.78803692945264
340.9,-14.4737297812845,-4.49604470832408
341,-14.3028313519017,-3.91010723615462
341.1,-14.937596946752,-3.00678696656003
341.2,-15.1573234988155,-3.03120102790042
341.3,-15.7676750323254,-3.9833494201758
341.4,-16.2803703204737,-2.61616198511372
341.5,-14.8887688240712,-2.64057604645412
341.6,-14.4737297812845,-3.42182600934673
341.7,-15.4014641122195,-3.83686505213344
341.8,-16.3536125044949,-3.32416976398516
341.9,-14.6446282106673,-3.88569317481422
342,-14.5713860266461,-3.66596662275068
342.1,-14.7178703946884,-4.37397440162211
342.2,-15.2061516214963,-5.2528806098763
342.3,-15.4991203575811,-5.08198218049354
342.4,-15.1817375601559,-3.49506819336791
342.5,-15.5479484802618,-3.27534164130437
342.6,-15.2793938055175,-4.93549781245118
342.7,-15.4502922349003,-4.88666968977039
342.8,-15.7920890936658,-4.17866191089895
342.9,-14.7911125787096,-3.69038068409107
343,-14.5958000879865,-4.49604470832408
343.1,-15.6700187869638,-3.59272443872949
343.2,-15.5235344189214,-3.128857273262
343.3,-15.865331277687,-3.61713850006988
343.4,-15.6456047256234,-3.27534164130436
343.5,-14.9864250694328,-3.29975570264476
343.6,-14.81552664005,-3.42182600934673
343.7,-15.1573234988155,-3.34858382532555
343.8,-14.8399407013904,-3.27534164130437
343.9,-15.1573234988155,-5.17963842585512
344,-14.5225579039653,-6.64448210627878
344.1,-14.009862615817,-7.0106930263847
344.2,-15.2793938055175,-7.49897425319258
344.3,-15.1573234988155,-8.37788046144677
344.4,-14.4737297812845,-8.91498981093546
344.5,-15.4991203575811,-9.69623977382807
344.6,-14.9864250694328,-9.5741694671261
344.7,-14.937596946752,-9.52534134444531
344.8,-14.7911125787096,-9.86713820321083
344.9,-14.0831047998382,-10.990185024869
345,-13.5948235730303,-11.9911615398251
345.1,-13.5215813890091,-10.9413569021882
345.2,-14.131932922519,-11.2099115769325
345.3,-14.4737297812845,-10.6972162887842
345.4,-15.0108391307732,-9.64741165114728
345.5,-15.3770500508791,-9.72065383516846
345.6,-14.937596946752,-9.45209916042413
345.7,-13.5215813890091,-9.64741165114728
345.8,-13.4727532663283,-10.3798334913591
345.9,-12.8624017328185,-10.5995600434227
346,-12.5206048740529,-10.5751459820823
346.1,-12.4717767513722,-9.08588824031821
346.2,-13.4727532663283,-7.88959923463889
346.3,-14.3272454132421,-8.67084919753151
346.4,-14.8887688240712,-9.52534134444531
346.5,-14.4981438426249,-8.79291950423348
346.6,-13.8145501250938,-7.79194298927731
346.7,-13.7657220024131,-8.06049766402165
346.8,-13.5215813890091,-7.64545862123495
346.9,-13.204198591584,-7.98725548000046
347,-13.887792309115,-8.18256797072362
347.1,-14.3516594745825,-7.59663049855416
347.2,-13.8145501250938,-7.76752892793692
347.3,-13.3750970209668,-7.98725548000047
347.4,-13.3750970209668,-6.47358367689602
347.5,-13.0088861008608,-7.52338831453298
347.6,-12.9112298554993,-8.20698203206402
347.7,-13.5704095116899,-7.62104455989455
347.8,-13.6924798183919,-7.4257320691714
347.9,-13.4971673276687,-7.54780237587337
348,-13.2286126529244,-6.91303678102312
348.1,-13.082128284882,-6.62006804493839
348.2,-14.0342766771574,-6.66889616761917
348.3,-15.0352531921136,-6.44916961555563
348.4,-14.2051751065402,-6.79096647432115
348.5,-14.1807610451998,-7.13276333308666
348.6,-13.8145501250938,-6.05854463410931
348.7,-13.6192376343707,-6.52241179957681
348.8,-13.2774407756052,-6.03413057276892
348.9,-13.6436516957111,-5.15522436451473
349,-13.9366204317958,-4.05659160419698
349.1,-13.4483392049879,-4.8378415670896
349.2,-13.887792309115,-5.52143528462064
349.3,-14.4493157199441,-6.30268524751326
349.4,-14.0586907384978,-5.39936497791867
349.5,-13.2286126529244,-4.74018532172802
349.6,-13.4239251436475,-4.44721658564329
349.7,-13.8145501250938,-5.35053685523788
349.8,-15.1084953761347,-5.64350559132261
349.9,-14.7178703946884,-5.2772946712167
350,-14.2540032292209,-4.66694313770684
350.1,-14.2784172905613,-3.86127911347383
350.2,-15.3282219281983,-4.30073221760093
350.3,-15.4258781735599,-4.8378415670896
350.4,-14.5713860266461,-4.59370095368566
350.5,-14.4249016586037,-4.91108375111078
350.6,-14.4737297812845,-5.10639624183394
350.7,-13.6680657570515,-5.17963842585512
350.8,-13.5704095116899,-4.34956034028171
350.9,-13.0088861008608,-4.17866191089895
351,-13.2530267142648,-5.17963842585512
351.1,-14.0586907384978,-5.59467746864182
351.2,-13.1065423462224,-3.51948225470831
351.3,-13.2530267142648,-2.88471665985806
351.4,-13.9122063704554,-3.91010723615462
351.5,-14.2540032292209,-3.51948225470831
351.6,-14.4981438426249,-3.39741194800634
351.7,-14.3028313519017,-3.83686505213343
351.8,-14.2784172905613,-4.3983884629625
351.9,-14.937596946752,-4.61811501502605
352,-15.2305656828367,-5.32612279389749
352.1,-15.1084953761347,-4.76459938306842
352.2,-14.8887688240712,-4.17866191089896
352.3,-13.5459954503495,-5.30170873255709
352.4,-13.0333001622012,-4.8378415670896
352.5,-12.8624017328185,-3.20209945728318
352.6,-12.8624017328185,-2.64057604645411
352.7,-13.5704095116899,-3.76362286811225
352.8,-13.7657220024131,-3.44624007068712
352.9,-13.6924798183919,-3.20209945728318
353,-14.0831047998382,-4.08100566553737
353.1,-14.8399407013904,-3.69038068409107
353.2,-14.1075188611786,-2.2743651263482
353.3,-13.5459954503495,-2.44526355573096
353.4,-13.5459954503495,-2.03022451294426
353.5,-13.4971673276687,-2.03022451294426
353.6,-12.8624017328185,-3.22651351862358
353.7,-13.8633782477746,-3.49506819336791
353.8,-13.2774407756052,-3.27534164130436
353.9,-13.1797845302436,-3.27534164130437
354,-13.9122063704554,-3.25092757996397
354.1,-13.7901360637535,-3.34858382532555
354.2,-14.7666985173692,-4.3983884629625
354.3,-14.7911125787096,-4.64252907636645
354.4,-13.082128284882,-5.20405248719552
354.5,-13.3750970209668,-4.3983884629625
354.6,-14.0342766771574,-2.88471665985806
354.7,-13.4971673276687,-2.93354478253885
354.8,-13.6436516957111,-4.17866191089896
354.9,-13.6680657570515,-4.30073221760093
355,-14.4004875972633,-2.56733386243293
355.1,-15.6456047256234,-1.73725577685952
355.2,-15.621190664283,-3.22651351862357
355.3,-14.9131828854116,-4.30073221760093
355.4,-14.2540032292209,-4.12983378821817
355.5,-14.7422844560288,-3.49506819336791
355.6,-16.1583000137717,-3.27534164130436
355.7,-15.4258781735599,-3.25092757996397
355.8,-14.2295891678806,-4.22749003357974
355.9,-14.7422844560288,-2.83588853717726
356,-14.3028313519017,-2.46967761707135
356.1,-14.9620110080924,-2.05463857428465
356.2,-14.937596946752,-2.42084949439056
356.3,-14.7911125787096,-3.49506819336792
356.4,-15.1817375601559,-2.78706041449648
356.5,-14.8643547627308,-2.6894041691349
356.6,-14.1807610451998,-2.29877918768859
356.7,-14.3028313519017,-1.59077140881716
356.8,-15.4502922349003,-1.73725577685952
356.9,-14.4981438426249,-2.81147447583687
357,-14.8887688240712,-2.03022451294425
357.1,-14.4981438426249,-3.1532713346024
357.2,-14.3516594745825,-2.93354478253885
357.3,-14.7422844560288,-3.44624007068713
357.4,-15.1573234988155,-2.88471665985806
357.5,-16.0362297070697,-2.64057604645411
357.6,-15.0352531921136,-4.52045876966447
357.7,-14.5958000879865,-4.25190409492014
357.8,-14.7911125787096,-3.128857273262
357.9,-14.8643547627308,-2.6649901077945
358,-14.2051751065402,-2.34760731036938
358.1,-14.5958000879865,-3.64155256141028
358.2,-14.3272454132421,-3.71479474543146
358.3,-13.1309564075628,-3.29975570264476
358.4,-13.6680657570515,-3.05561508924082
358.5,-13.7413079410727,-2.39643543305017
358.6,-12.6915033034357,-2.54291980109253
358.7,-13.9366204317958,-3.49506819336791
358.8,-14.0831047998382,-5.13081030317434
358.9,-12.96005797818,-4.91108375111078
359,-13.1309564075628,-3.1044432119216
359.1,-13.6436516957111,-2.73823229181569
359.2,-13.8633782477746,-3.59272443872949
359.3,-13.2530267142648,-3.44624007068713
359.4,-13.887792309115,-3.22651351862358
359.5,-12.6915033034357,-2.6894041691349
359.6,-12.6182611194145,-2.66499010779451
359.7,-14.0586907384978,-3.42182600934673
359.8,-14.6446282106673,-4.05659160419698
359.9,-14.6446282106673,-3.83686505213344
360,-14.5713860266461,-2.32319324902899
360.1,-13.8633782477746,-2.90913072119845
360.2,-14.1075188611786,-3.61713850006988
360.3,-13.9854485544766,-3.17768539594279
360.4,-13.6436516957111,-2.2743651263482
360.5,-13.6680657570515,-1.93256826758268
360.6,-13.4727532663283,-2.64057604645412
360.7,-13.7413079410727,-1.85932608356149
360.8,-15.059667253454,-1.8593260835615
360.9,-14.9864250694328,-2.32319324902899
361,-14.4981438426249,-2.34760731036938
361.1,-14.3760735359229,-2.6894041691349
361.2,-12.9844720395204,-2.32319324902899
361.3,-12.4473626900318,-2.81147447583687
361.4,-13.9366204317958,-1.88374014490189
361.5,-13.8145501250939,-2.15229481964623
361.6,-13.5704095116899,-2.15229481964623
361.7,-13.4727532663283,-1.93256826758268
361.8,-13.7901360637535,-1.63959953149794
361.9,-13.1309564075628,-2.12788075830584
362,-13.6436516957111,-3.5438963160487
362.1,-14.8399407013904,-3.10444321192161
362.2,-14.693456333348,-2.22553700366741
362.3,-14.009862615817,-2.20112294232702
362.4,-13.7413079410727,-3.73920880677185
362.5,-13.8389641864342,-2.86030259851766
362.6,-14.6202141493269,-2.81147447583687
362.7,-14.0831047998382,-3.37299788666594
362.8,-14.5958000879865,-3.27534164130437
362.9,-14.131932922519,-3.64155256141028
363,-13.7168938797323,-3.49506819336791
363.1,-13.4483392049879,-3.5683103773891
363.2,-12.8868157941589,-3.03120102790042
363.3,-12.7891595487973,-3.00678696656003
363.4,-12.7159173647761,-3.17768539594279
363.5,-13.1065423462224,-3.25092757996397
363.6,-13.3506829596264,-2.73823229181569
363.7,-12.6670892420953,-2.49409167841175
363.8,-13.4239251436475,-2.88471665985806
363.9,-14.0831047998382,-2.29877918768859
364,-15.8409172163466,-2.05463857428465
364.1,-15.4747062962407,-2.93354478253884
364.2,-14.9864250694328,-3.128857273262
364.3,-14.4737297812845,-2.83588853717726
364.4,-13.6924798183919,-2.81147447583687
364.5,-12.6915033034357,-2.17670888098662
364.6,-13.082128284882,-2.78706041449648
364.7,-14.0342766771574,-3.76362286811225
364.8,-13.4727532663283,-3.15327133460239
364.9,-13.5459954503495,-2.64057604645411
365,-14.0586907384978,-2.05463857428465
365.1,-13.3506829596264,-2.59174792377332
365.2,-13.6924798183919,-3.25092757996397
365.3,-13.9610344931362,-2.93354478253885
365.4,-14.0342766771574,-1.93256826758268
365.5,-14.9864250694328,-1.56635734747676
365.6,-14.7911125787096,-0.980419875307302
365.7,-14.1075188611786,-2.34760731036938
365.8,-13.6436516957111,-1.8593260835615
365.9,-13.7413079410727,-2.29877918768859
366,-12.7647454874569,-2.98237290521963
366.1,-14.1075188611786,-2.00581045160386
366.2,-14.009862615817,-1.46870110211519
366.3,-13.3018548369456,-3.15327133460239
366.4,-12.2032220766278,-3.49506819336792
366.5,-13.0333001622012,-2.54291980109253
366.6,-14.4249016586037,-2.2743651263482
366.7,-15.2305656828367,-2.12788075830583
366.8,-15.1329094374751,-2.95795884387924
366.9,-12.5938470580741,-2.90913072119845
367,-13.2286126529244,-3.49506819336791
367.1,-14.4493157199441,-4.47163064698369
367.2,-13.5215813890091,-4.66694313770684
367.3,-13.6436516957111,-3.51948225470831
367.4,-13.5459954503495,-2.83588853717727
367.5,-13.6436516957111,-2.46967761707135
367.6,-12.7159173647761,-3.73920880677185
367.7,-13.1065423462224,-3.00678696656003
367.8,-14.2540032292209,-2.86030259851766
367.9,-13.9610344931362,-1.90815420624228
368,-14.4249016586037,-2.98237290521964
368.1,-14.2540032292209,-4.64252907636645
368.2,-13.1309564075628,-4.17866191089896
368.3,-13.7413079410727,-3.69038068409107
368.4,-13.6924798183919,-3.39741194800634
368.5,-13.6192376343707,-3.76362286811225
368.6,-13.1309564075628,-3.59272443872949
368.7,-13.4239251436475,-2.51850573975214
368.8,-12.5450189353933,-1.81049796088071
368.9,-12.1055658312662,-2.39643543305017
369,-12.276464260649,-3.93452129749501
369.1,-12.6670892420953,-2.83588853717727
369.2,-13.2774407756052,-2.00581045160386
369.3,-13.9122063704554,-2.32319324902899
369.4,-13.2286126529244,-2.56733386243293
369.5,-12.9112298554993,-2.86030259851766
369.6,-12.4473626900318,-4.03217754285659
369.7,-12.9112298554993,-3.25092757996397
369.8,-13.0333001622012,-1.54194328613637
369.9,-12.8868157941589,-2.05463857428465
370,-14.1075188611786,-3.00678696656003
370.1,-14.7666985173692,-4.03217754285659
370.2,-13.5215813890091,-4.27631815626054
370.3,-11.7637689725007,-3.59272443872949
370.4,-11.6172846044584,-3.49506819336791
370.5,-12.5450189353933,-3.128857273262
370.6,-11.4219721137352,-2.90913072119845
370.7,-11.9102533405431,-3.22651351862357
370.8,-11.6172846044584,-2.93354478253885
370.9,-11.6172846044584,-3.08002915058121
371,-12.398534567351,-2.73823229181569
371.1,-11.9102533405431,-2.32319324902899
371.2,-13.326268898286,-3.32416976398515
371.3,-12.4717767513722,-2.71381823047529
371.4,-12.96005797818,-3.1044432119216
371.5,-14.4249016586037,-3.29975570264476
371.6,-14.0586907384978,-2.90913072119845
371.7,-13.6436516957111,-3.5438963160487
371.8,-13.9610344931362,-3.91010723615462
371.9,-14.5713860266461,-4.08100566553738
372,-13.6192376343707,-3.5438963160487
372.1,-13.5215813890091,-3.17768539594278
372.2,-13.326268898286,-3.1044432119216
372.3,-14.2540032292209,-2.93354478253885
372.4,-13.0333001622012,-2.98237290521963
372.5,-12.5694329967337,-3.27534164130437
372.6,-13.6192376343707,-2.93354478253885
372.7,-14.6690422720076,-1.93256826758268
372.8,-13.3750970209667,-1.56635734747676
372.9,-12.7891595487973,-2.17670888098662
373,-12.7159173647761,-2.98237290521963
373.1,-13.3018548369456,-3.42182600934673
373.2,-13.2774407756052,-2.73823229181569
373.3,-13.6436516957111,-3.25092757996397
373.4,-13.1065423462224,-3.25092757996397
373.5,-11.8858392792027,-3.128857273262
373.6,-12.2032220766278,-2.15229481964623
373.7,-12.7159173647761,-2.2987791876886
373.8,-12.5694329967337,-3.44624007068713
373.9,-11.8614252178623,-2.76264635315608
374,-12.8135736101377,-2.83588853717727
374.1,-13.2286126529244,-3.64155256141028
374.2,-13.0333001622012,-3.20209945728318
374.3,-12.7403314261165,-1.90815420624228
374.4,-13.1065423462224,-2.34760731036938
374.5,-13.3018548369456,-3.5683103773891
374.6,-12.8868157941589,-2.76264635315609
374.7,-13.0088861008608,-2.46967761707135
374.8,-13.9610344931362,-3.69038068409107
374.9,-14.2051751065402,-3.95893535883541
375,-14.81552664005,-4.32514627894132
375.1,-13.1797845302436,-4.3983884629625
375.2,-12.8379876714781,-3.5683103773891
375.3,-12.4961908127126,-2.64057604645411
375.4,-12.8135736101377,-2.15229481964623
375.5,-12.6915033034357,-2.03022451294426
375.6,-12.2276361379682,-2.95795884387924
375.7,-12.4961908127126,-4.10541972687777
375.8,-12.5450189353933,-3.83686505213343
375.9,-12.3252923833298,-3.44624007068713
376,-12.96005797818,-3.47065413202752
376.1,-13.5948235730303,-3.32416976398516
376.2,-12.3008783219894,-2.7138182304753
376.3,-12.8135736101377,-2.86030259851766
376.4,-14.1807610451998,-3.44624007068712
376.5,-14.1075188611786,-4.74018532172802
376.6,-13.2530267142648,-4.56928689234526
376.7,-13.0577142235416,-4.64252907636645
376.8,-14.2784172905613,-4.25190409492014
376.9,-13.9122063704554,-4.03217754285659
377,-12.1055658312662,-3.91010723615462
377.1,-12.0079095859047,-2.88471665985806
377.2,-13.3995110823071,-2.24995106500781
377.3,-13.5948235730303,-3.1532713346024
377.4,-13.6924798183919,-3.128857273262
377.5,-13.6924798183919,-2.07905263562504
377.6,-13.5948235730303,-2.49409167841175
377.7,-13.3995110823071,-2.2743651263482
377.8,-12.7647454874569,-2.56733386243293
377.9,-12.7159173647761,-2.76264635315609
378,-12.8868157941589,-3.61713850006988
378.1,-13.5215813890091,-3.42182600934673
378.2,-13.1553704689032,-2.6894041691349
378.3,-11.7881830338411,-2.78706041449648
378.4,-11.9834955245643,-3.5438963160487
378.5,-13.1309564075628,-2.7138182304753
378.6,-13.0577142235416,-2.42084949439056
378.7,-12.6670892420953,-1.54194328613637
378.8,-12.8624017328185,-1.95698232892308
378.9,-12.96005797818,-2.59174792377333
379,-12.3497064446702,-2.76264635315608
379.1,-11.9346674018835,-2.86030259851766
379.2,-12.4961908127126,-2.59174792377332
379.3,-13.2530267142648,-2.54291980109254
379.4,-12.5450189353933,-2.49409167841175
379.5,-12.0567377085855,-3.25092757996397
379.6,-12.9844720395204,-4.12983378821817
379.7,-12.5938470580741,-3.88569317481422
379.8,-11.9834955245643,-4.25190409492014
379.9,-11.9102533405431,-4.34956034028171
380,-12.2032220766278,-4.17866191089895
380.1,-11.8858392792027,-3.81245099079304
380.2,-12.5938470580741,-3.61713850006988
380.3,-12.9844720395204,-3.08002915058121
380.4,-13.0088861008608,-2.44526355573096
380.5,-13.3995110823071,-3.25092757996397
380.6,-13.6436516957111,-2.81147447583687
380.7,-13.4727532663283,-2.7138182304753
380.8,-12.4229486286914,-3.29975570264476
380.9,-10.8116205802253,-3.5683103773891
381,-9.81064406526918,-4.25190409492014
381.1,-10.6407221508426,-2.95795884387924
381.2,-12.0079095859047,-3.51948225470831
381.3,-11.8370111565219,-3.78803692945264
381.4,-12.1299798926066,-3.00678696656003
381.5,-12.3252923833298,-2.83588853717727
381.6,-12.4961908127126,-2.12788075830583
381.7,-12.5694329967337,-2.54291980109254
381.8,-11.5684564817776,-2.81147447583687
381.9,-11.6905267884795,-2.7138182304753
382,-11.226659623012,-2.2499510650078
382.1,-11.7149408498199,-3.59272443872949
382.2,-11.592870543118,-3.29975570264476
382.3,-10.4698237214598,-2.88471665985806
382.4,-11.9834955245643,-3.37299788666594
382.5,-11.9590814632239,-4.30073221760093
382.6,-12.9112298554993,-2.86030259851766
382.7,-12.5206048740529,-1.395458918094
382.8,-10.9092768255869,-2.90913072119845
382.9,-11.3243158683736,-4.03217754285659
383,-11.2510736843524,-3.93452129749501
383.1,-11.8858392792027,-3.37299788666594
383.2,-12.4473626900318,-3.22651351862358
383.3,-12.0811517699258,-2.95795884387924
383.4,-11.6905267884795,-1.78608389954031
383.5,-11.4952142977564,-2.73823229181569
383.6,-11.470800236416,-3.20209945728318
383.7,-11.7881830338411,-3.1532713346024
383.8,-10.4698237214598,-3.5683103773891
383.9,-10.420995598779,-3.34858382532555
384,-11.9346674018835,-2.81147447583687
384.1,-11.7149408498199,-3.22651351862358
384.2,-10.9825190096081,-3.76362286811225
384.3,-10.8848627642465,-2.64057604645411
384.4,-12.276464260649,-2.44526355573096
384.5,-13.0577142235416,-2.73823229181569
384.6,-12.9844720395204,-1.27338861139203
384.7,-12.96005797818,-1.63959953149795
384.8,-13.7657220024131,-3.83686505213343
384.9,-13.0577142235416,-4.25190409492014
385,-12.8379876714781,-2.66499010779451
385.1,-13.0333001622012,-2.32319324902899
385.2,-12.5450189353933,-2.81147447583687
385.3,-13.3506829596264,-3.10444321192161
385.4,-13.2774407756052,-3.22651351862358
385.5,-11.3243158683736,-3.95893535883541
385.6,-11.0069330709485,-4.25190409492014
385.7,-11.6172846044584,-3.00678696656003
385.8,-12.0079095859047,-3.54389631604871
385.9,-13.1553704689032,-3.17768539594279
386,-12.154393953947,-1.95698232892307
386.1,-10.6407221508426,-2.42084949439056
386.2,-12.2520501993086,-2.49409167841175
386.3,-12.6426751807549,-4.15424784955856
386.4,-12.276464260649,-3.39741194800634
386.5,-11.9590814632239,-2.32319324902899
386.6,-12.8379876714781,-2.10346669696544
386.7,-12.1788080152874,-2.07905263562504
386.8,-12.3252923833298,-3.05561508924082
386.9,-11.9346674018835,-2.59174792377333
387,-11.3975580523948,-2.95795884387924
387.1,-11.3731439910544,-3.37299788666594
387.2,-10.2989252920771,-2.90913072119845
387.3,-9.90830031063076,-2.83588853717727
387.4,-10.7383783962042,-2.78706041449648
387.5,-11.6172846044584,-3.10444321192161
387.6,-11.9590814632239,-2.61616198511372
387.7,-11.9346674018835,-1.59077140881716
387.8,-11.5440424204372,-2.20112294232702
387.9,-11.0801752549697,-2.22553700366741
388,-11.7637689725007,-2.29877918768859
388.1,-11.8125970951815,-3.1532713346024
388.2,-12.0079095859047,-2.56733386243293
388.3,-11.470800236416,-1.34663079541321
388.4,-11.5196283590968,-1.8593260835615
388.5,-11.0557611936293,-2.76264635315608
388.6,-11.4952142977564,-2.83588853717727
388.7,-11.5196283590968,-4.52045876966447
388.8,-11.4219721137352,-3.64155256141028
388.9,-11.470800236416,-1.51752922479598
389,-11.470800236416,-1.02924799798809
389.1,-12.5694329967337,-2.88471665985805
389.2,-12.5450189353933,-4.22749003357974
389.3,-11.7881830338411,-2.78706041449648
389.4,-11.8370111565219,-2.03022451294425
389.5,-11.2999018070332,-2.2743651263482
389.6,-11.592870543118,-2.59174792377333
389.7,-11.6172846044584,-2.71381823047529
389.8,-11.0069330709485,-2.24995106500781
389.9,-11.2754877456928,-1.76166983819992
390,-12.2520501993086,-2.15229481964623
390.1,-11.9590814632239,-2.76264635315608
390.2,-11.0801752549697,-2.37202137170978
390.3,-10.3965815374386,-2.56733386243293
390.4,-11.2754877456928,-2.61616198511372
390.5,-10.8848627642465,-2.59174792377332
390.6,-10.420995598779,-2.39643543305017
390.7,-11.226659623012,-3.34858382532555
390.8,-11.3975580523948,-3.9589353588354
390.9,-10.3477534147579,-3.76362286811225
391,-10.9336908869273,-3.81245099079303
391.1,-10.1036128013539,-3.25092757996397
391.2,-10.8604487029061,-2.46967761707135
391.3,-11.1778315003313,-3.25092757996397
391.4,-10.3965815374386,-4.27631815626053
391.5,-9.68857375856721,-3.128857273262
391.6,-11.4952142977564,-3.15327133460239
391.7,-11.4463861750756,-2.59174792377333
391.8,-11.1534174389909,-2.37202137170978
391.9,-10.9581049482677,-2.59174792377332
392,-10.3721674760983,-2.54291980109254
392.1,-10.2256831080559,-1.71284171551913
392.2,-10.1280268626943,-2.12788075830583
392.3,-10.0791987400135,-2.07905263562504
392.4,-9.66415969722682,-2.49409167841175
392.5,-10.9581049482677,-2.2987791876886
392.6,-11.348729929714,-2.46967761707135
392.7,-10.2745112307367,-2.44526355573096
392.8,-10.2989252920771,-2.12788075830583
392.9,-11.1534174389909,-2.93354478253884
393,-12.154393953947,-3.27534164130437
393.1,-12.6670892420953,-1.95698232892307
393.2,-11.3975580523948,-2.90913072119845
393.3,-11.9346674018835,-3.00678696656003
393.4,-10.4942377828002,-2.95795884387924
393.5,-9.49326126784405,-2.15229481964623
393.6,-10.7627924575446,-2.56733386243293
393.7,-11.4952142977564,-2.64057604645411
393.8,-11.2510736843524,-2.46967761707135
393.9,-10.543065905481,-2.54291980109254
394,-10.9581049482677,-2.81147447583687
394.1,-11.3243158683736,-2.93354478253885
394.2,-11.5196283590968,-2.59174792377332
394.3,-11.4463861750756,-2.66499010779451
394.4,-11.592870543118,-2.46967761707135
394.5,-11.7637689725007,-2.81147447583687
394.6,-12.3497064446702,-2.03022451294425
394.7,-12.3497064446702,-1.63959953149795
394.8,-12.96005797818,-1.05366205932848
394.9,-11.6661127271391,-1.4198729794344
395,-11.4219721137352,-2.20112294232701
395.1,-12.1788080152874,-2.59174792377333
395.2,-12.3497064446702,-2.66499010779451
395.3,-12.5694329967337,-1.66401359283834
395.4,-12.9112298554993,-0.443310525818626
395.5,-13.082128284882,-1.44428704077479
395.6,-12.3741205060106,-2.6894041691349
395.7,-11.9590814632239,-3.00678696656003
395.8,-12.5938470580741,-2.03022451294426
395.9,-13.2286126529244,-1.54194328613637
396,-13.7657220024131,-1.81049796088071
396.1,-13.2530267142648,-2.05463857428465
396.2,-13.2774407756052,-2.46967761707135
396.3,-13.3995110823071,-2.64057604645411
396.4,-12.7891595487973,-3.15327133460239
396.5,-11.5440424204372,-3.5683103773891
396.6,-12.1788080152874,-3.37299788666594
396.7,-12.276464260649,-1.98139639026347
396.8,-13.082128284882,-1.76166983819992
396.9,-12.5450189353933,-2.81147447583687
397,-12.7159173647761,-2.93354478253884
397.1,-13.4727532663283,-3.29975570264476
397.2,-12.1055658312662,-3.10444321192161
397.3,-11.5684564817776,-2.86030259851766
397.4,-12.1299798926066,-3.5683103773891
397.5,-12.9844720395204,-3.93452129749501
397.6,-12.2520501993086,-3.66596662275067
397.7,-11.5684564817776,-2.90913072119845
397.8,-10.8604487029061,-2.39643543305017
397.9,-10.6895502735234,-2.76264635315608
398,-11.9102533405431,-2.34760731036938
398.1,-11.6905267884795,-2.93354478253884
398.2,-11.1534174389909,-3.34858382532555
398.3,-11.8370111565219,-2.10346669696544
398.4,-12.8624017328185,-1.90815420624229
398.5,-13.082128284882,-3.29975570264476
398.6,-12.4473626900318,-3.39741194800634
398.7,-12.96005797818,-2.83588853717727
398.8,-12.2032220766278,-2.51850573975214
398.9,-11.8858392792027,-2.98237290521963
399,-11.4952142977564,-2.73823229181569
399.1,-12.2276361379682,-2.22553700366741
399.2,-12.0567377085855,-2.12788075830583
399.3,-11.2510736843524,-2.66499010779451
399.4,-9.88388624929036,-2.56733386243293
399.5,-10.3233393534175,-2.37202137170977
399.6,-11.3975580523948,-2.71381823047529
399.7,-10.7383783962042,-2.61616198511372
399.8,-11.3731439910544,-2.34760731036938
399.9,-11.348729929714,-2.7138182304753
400,-10.8604487029061,-4.42280252430289
400.1,-11.7149408498199,-4.10541972687777
400.2,-11.1045893163101,-4.0077634815162
400.3,-9.88388624929036,-5.17963842585512
400.4,-9.56650345186524,-5.00873999647236
400.5,-10.3721674760982,-2.12788075830583
400.6,-10.4698237214598,-2.86030259851766
400.7,-10.9825190096081,-2.93354478253885
400.8,-11.7881830338411,-4.00776348151619
400.9,-11.1778315003313,-4.74018532172802
401,-11.470800236416,-3.47065413202752
401.1,-11.4219721137352,-3.03120102790042
401.2,-11.1045893163101,-2.86030259851766
401.3,-10.665136212183,-3.44624007068713
401.4,-11.1534174389909,-2.56733386243293
401.5,-10.8848627642465,-2.78706041449648
401.6,-11.3731439910544,-2.2743651263482
401.7,-10.5918940281618,-2.10346669696544
401.8,-9.95712843331155,-2.49409167841175
401.9,-9.95712843331154,-3.05561508924081
402,-11.226659623012,-2.05463857428465
402.1,-11.1778315003313,-2.64057604645411
402.2,-10.6407221508426,-3.61713850006988
402.3,-9.90830031063076,-2.83588853717727
402.4,-9.93271437197115,-2.61616198511372
402.5,-9.61533157454602,-2.88471665985806
402.6,-9.2979487771209,-2.86030259851766
402.7,-10.4454096601194,-2.2743651263482
402.8,-11.2999018070332,-1.63959953149795
402.9,-11.5196283590968,-2.34760731036938
403,-11.4463861750756,-3.00678696656003
403.1,-10.6163080895022,-2.86030259851766
403.2,-10.543065905481,-2.56733386243293
403.3,-11.5440424204372,-2.20112294232701
403.4,-11.1778315003313,-2.24995106500781
403.5,-9.95712843331155,-1.71284171551913
403.6,-10.0547846786731,-2.44526355573096
403.7,-10.6163080895022,-2.95795884387924
403.8,-9.46884720650366,-2.83588853717727
403.9,-10.1524409240347,-2.93354478253884
404,-10.5186518441406,-2.90913072119845
404.1,-10.420995598779,-1.93256826758268
404.2,-10.7139643348638,-2.46967761707135
404.3,-11.3975580523948,-2.22553700366741
404.4,-11.5196283590968,-2.86030259851766
404.5,-10.6163080895022,-3.71479474543146
404.6,-11.1778315003313,-2.29877918768859
404.7,-10.9336908869273,-1.395458918094
404.8,-10.787206518885,-1.66401359283834
404.9,-10.8116205802253,-2.56733386243293
405,-11.7149408498199,-2.34760731036938
405.1,-12.0079095859047,-2.88471665985806
405.2,-11.9834955245643,-2.86030259851766
405.3,-13.1797845302436,-1.73725577685952
405.4,-13.5215813890091,-1.98139639026347
405.5,-13.326268898286,-3.61713850006989
405.6,-13.8633782477746,-3.47065413202752
405.7,-14.0342766771574,-2.81147447583687
405.8,-14.1807610451998,-2.73823229181569
405.9,-15.0840813147943,-3.47065413202752
406,-15.2305656828367,-3.61713850006988
406.1,-14.5713860266461,-3.61713850006988
406.2,-13.7413079410727,-3.5438963160487
406.3,-14.6690422720076,-2.7138182304753
406.4,-14.2295891678806,-1.61518547015755
406.5,-13.9854485544766,-2.32319324902899
406.6,-14.8643547627308,-2.46967761707135
406.7,-15.6456047256234,-1.73725577685953
406.8,-15.7920890936658,-1.59077140881716
406.9,-15.4014641122195,-1.90815420624228
407,-13.4727532663283,-0.51655270983981
407.1,-13.5704095116899,-1.49311516345558
407.2,-14.4737297812845,-1.61518547015755
407.3,-13.2774407756052,-0.980419875307298
407.4,-13.9366204317958,-1.71284171551913
407.5,-15.059667253454,-3.05561508924082
407.6,-15.1084953761347,-3.47065413202752
407.7,-14.5713860266461,-4.22749003357974
407.8,-13.7901360637535,-4.47163064698368
407.9,-14.5225579039653,-3.86127911347383
408,-15.0352531921136,-2.61616198511372
408.1,-14.1075188611786,-2.15229481964623
408.2,-12.8624017328185,-2.6894041691349
408.3,-13.6680657570515,-4.15424784955856
408.4,-13.3750970209668,-4.66694313770684
408.5,-13.6680657570515,-2.86030259851766
408.6,-14.0342766771574,-1.78608389954031
408.7,-13.2774407756052,-0.736279261903356
408.8,-13.5704095116899,-1.8593260835615
408.9,-13.4483392049879,-2.2499510650078
409,-12.0567377085855,-2.10346669696544
409.1,-12.2520501993086,-2.51850573975214
409.2,-12.8135736101377,-2.61616198511372
409.3,-12.154393953947,-3.51948225470831
409.4,-13.6680657570515,-2.90913072119845
409.5,-14.1807610451998,-2.34760731036938
409.6,-13.5704095116899,-2.98237290521963
409.7,-12.0567377085855,-2.78706041449648
409.8,-13.3995110823071,-2.10346669696544
409.9,-14.4737297812845,-2.78706041449648
410,-13.204198591584,-1.98139639026347
410.1,-11.4219721137352,-1.68842765417873
410.2,-11.1778315003313,-1.68842765417873
410.3,-11.5684564817776,-1.49311516345558
410.4,-11.8370111565219,-1.78608389954031
410.5,-12.1299798926066,-2.64057604645411
410.6,-12.0811517699259,-2.44526355573095
410.7,-11.8858392792027,-3.17768539594279
410.8,-11.9102533405431,-3.61713850006989
410.9,-12.1299798926066,-2.22553700366741
411,-11.7637689725007,-2.10346669696544
411.1,-11.1534174389909,-3.1044432119216
411.2,-11.0069330709485,-3.51948225470831
411.3,-11.470800236416,-2.59174792377332
411.4,-11.5684564817776,-3.128857273262
411.5,-12.3252923833298,-3.69038068409107
411.6,-11.4952142977564,-3.05561508924082
411.7,-10.4454096601194,-1.98139639026347
411.8,-10.5186518441406,-1.27338861139203
411.9,-9.90830031063076,-1.66401359283834
412,-8.80966755031301,-2.88471665985806
412.1,-9.66415969722681,-2.93354478253884
412.2,-9.88388624929036,-2.51850573975214
412.3,-10.4454096601194,-3.22651351862358
412.4,-11.0557611936293,-2.88471665985805
412.5,-11.3243158683736,-1.88374014490189
412.6,-11.7149408498199,-1.76166983819992
412.7,-11.592870543118,-3.05561508924082
412.8,-12.1788080152874,-2.56733386243293
412.9,-12.1055658312662,-1.68842765417874
413,-11.8125970951815,-2.29877918768859
413.1,-11.0801752549697,-2.56733386243293
413.2,-11.2999018070332,-2.20112294232701
413.3,-11.3731439910544,-3.37299788666594
413.4,-11.1290033776505,-3.29975570264476
413.5,-10.3721674760982,-2.46967761707135
413.6,-10.2989252920771,-1.73725577685952
413.7,-11.348729929714,-2.05463857428465
413.8,-10.9581049482677,-2.73823229181569
413.9,-10.1768549853751,-1.90815420624229
414,-11.0801752549697,-1.24897455005164
414.1,-11.1045893163101,-1.63959953149794
414.2,-11.1045893163101,-2.20112294232702
414.3,-9.37119096114208,-1.71284171551913
414.4,-9.78623000392879,-1.24897455005164
414.5,-9.98154249465194,-1.05366205932848
414.6,-10.2256831080559,-0.540966771180204
414.7,-10.2500971693963,-0.663037077882173
414.8,-10.9825190096081,-1.61518547015755
414.9,-12.0811517699259,-3.34858382532555
415,-13.1309564075628,-2.93354478253885
415.1,-12.4717767513722,-1.8593260835615
415.2,-10.9825190096081,-2.10346669696544
415.3,-11.0557611936293,-2.66499010779451
415.4,-11.6172846044584,-2.12788075830583
415.5,-11.4219721137352,-1.95698232892307
415.6,-11.1534174389909,-2.03022451294426
415.7,-12.2520501993086,-2.44526355573096
415.8,-11.3243158683736,-1.59077140881716
415.9,-10.1768549853751,-1.49311516345558
416,-9.54208939052485,-2.37202137170978
416.1,-10.3965815374386,-2.07905263562504
416.2,-10.3477534147579,-1.8104979608807
416.3,-9.15146440907853,-3.29975570264476
416.4,-10.2500971693963,-2.56733386243293
416.5,-10.2256831080559,-1.98139639026347
416.6,-10.5674799668214,-1.59077140881716
416.7,-10.665136212183,-1.05366205932848
416.8,-10.8848627642465,-1.95698232892307
416.9,-10.3233393534175,-2.46967761707135
417,-10.0791987400135,-2.98237290521964
417.1,-10.665136212183,-1.07807612066888
417.2,-10.420995598779,-2.00581045160386
417.3,-9.81064406526918,-3.59272443872949
417.4,-9.37119096114208,-2.56733386243293
417.5,-9.54208939052484,-2.2743651263482
417.6,-10.8604487029061,-1.73725577685952
417.7,-9.78623000392878,-1.90815420624228
417.8,-9.10263628639775,-2.59174792377332
417.9,-9.737401881248,-2.49409167841175
418,-10.1524409240347,-2.44526355573096
418.1,-9.39560502248248,-0.90717769128612
418.2,-10.0303706173327,-1.68842765417874
418.3,-9.90830031063076,-3.17768539594279
418.4,-10.0059565559923,-2.20112294232702
418.5,-9.42001908382287,-1.95698232892307
418.6,-8.54111287556868,-2.56733386243293
418.7,-8.68759724361104,-2.49409167841174
418.8,-7.05185513380462,-1.46870110211519
418.9,-7.54013636061251,-1.61518547015755
419,-9.39560502248248,-2.15229481964623
419.1,-10.9581049482677,-3.22651351862358
419.2,-10.1524409240347,-2.86030259851766
419.3,-9.37119096114209,-1.63959953149795
419.4,-8.61435505958986,-2.34760731036938
419.5,-8.71201130495144,-2.29877918768859
419.6,-8.54111287556868,-2.95795884387924
419.7,-8.56552693690907,-3.03120102790042
419.8,-9.22470659309972,-3.10444321192161
419.9,-9.68857375856721,-3.00678696656003
420,-10.3965815374386,-2.93354478253884
420.1,-9.15146440907853,-3.37299788666594
420.2,-8.83408161165341,-3.00678696656003
420.3,-9.12705034773814,-2.61616198511372
420.4,-8.90732379567459,-2.59174792377332
420.5,-9.32236283846129,-3.64155256141028
420.6,-10.3477534147579,-2.6649901077945
420.7,-10.0059565559923,-2.03022451294426
420.8,-8.83408161165341,-2.86030259851766
420.9,-8.05283164876079,-3.44624007068712
421,-8.22373007814355,-2.78706041449648
421.1,-10.3721674760982,-2.56733386243293
421.2,-10.0303706173327,-2.93354478253884
421.3,-9.00498004103617,-3.32416976398516
421.4,-8.27255820082434,-3.1532713346024
421.5,-8.8829097343342,-3.32416976398515
421.6,-9.56650345186524,-2.29877918768859
421.7,-9.66415969722682,-1.61518547015755
421.8,-9.88388624929036,-2.42084949439056
421.9,-9.81064406526918,-2.64057604645411
422,-10.0791987400135,-2.42084949439056
422.1,-10.9092768255869,-2.49409167841175
422.2,-9.42001908382287,-2.6894041691349
422.3,-9.63974563588642,-3.00678696656003
422.4,-10.2012690467155,-1.73725577685952
422.5,-10.3233393534175,-1.32221673407282
422.6,-10.5918940281618,-2.2743651263482
422.7,-9.44443314516327,-1.93256826758268
422.8,-8.90732379567459,-1.76166983819992
422.9,-9.46884720650366,-1.81049796088071
423,-9.20029253175933,-2.05463857428465
423.1,-10.3477534147579,-1.93256826758268
423.2,-9.85947218794997,-1.34663079541321
423.3,-9.07822222505735,-1.4198729794344
423.4,-8.66318318227065,-2.00581045160386
423.5,-8.90732379567459,-1.98139639026347
423.6,-9.737401881248,-1.76166983819992
423.7,-9.98154249465194,-2.03022451294425
423.8,-9.88388624929036,-2.34760731036938
423.9,-9.85947218794997,-2.73823229181569
424,-10.1280268626943,-2.24995106500781
424.1,-9.2979487771209,-1.0048339366477
424.2,-9.81064406526918,-2.12788075830583
424.3,-10.0059565559923,-3.10444321192161
424.4,-9.17587847041893,-2.49409167841175
424.5,-9.20029253175933,-1.93256826758268
424.6,-8.8584956729938,-1.78608389954031
424.7,-8.66318318227065,-2.03022451294425
424.8,-9.61533157454603,-1.8593260835615
424.9,-11.0557611936293,-1.90815420624228
425,-10.4942377828002,-2.64057604645411
425.1,-10.4942377828002,-3.20209945728318
425.2,-9.68857375856721,-2.95795884387924
425.3,-8.9073237956746,-2.46967761707135
425.4,-8.80966755031301,-2.56733386243293
425.5,-8.05283164876079,-3.44624007068713
425.6,-8.34580038484552,-3.93452129749501
425.7,-8.8829097343342,-2.37202137170978
425.8,-8.61435505958986,-1.34663079541321
425.9,-10.9092768255869,-1.51752922479597
426,-11.1778315003313,-1.78608389954031
426.1,-9.737401881248,-2.66499010779451
426.2,-9.54208939052484,-3.5683103773891
426.3,-8.8829097343342,-4.0077634815162
426.4,-8.95615191835538,-2.37202137170977
426.5,-10.0791987400135,-0.956005813966907
426.6,-9.90830031063076,-1.8104979608807
426.7,-9.54208939052484,-2.61616198511372
426.8,-8.56552693690907,-2.12788075830583
426.9,-8.83408161165341,-1.59077140881716
427,-8.85849567299381,-1.88374014490189
427.1,-9.59091751320563,-2.46967761707135
427.2,-10.1280268626943,-1.8593260835615
427.3,-9.98154249465194,-1.63959953149795
427.4,-10.6407221508426,-2.00581045160386
427.5,-10.4454096601194,-2.42084949439057
427.6,-10.3477534147579,-2.88471665985805
427.7,-10.8116205802253,-2.46967761707135
427.8,-9.90830031063076,-2.61616198511372
427.9,-9.78623000392878,-4.15424784955856
428,-9.81064406526918,-4.05659160419698
428.1,-10.2256831080559,-2.00581045160386
428.2,-10.8604487029061,-2.29877918768859
428.3,-9.93271437197115,-1.63959953149795
428.4,-9.88388624929036,-0.882763629945723
428.5,-9.66415969722682,-1.63959953149795
428.6,-9.56650345186524,-1.73725577685952
428.7,-10.0059565559923,-2.32319324902899
428.8,-10.6407221508426,-3.91010723615462
428.9,-10.1524409240347,-3.27534164130436
429,-10.1524409240347,-1.34663079541321
429.1,-10.2989252920771,-0.0282714830319193
429.2,-10.2500971693963,-1.95698232892307
429.3,-10.9092768255869,-2.64057604645411
429.4,-10.5186518441406,-2.00581045160386
429.5,-10.0303706173327,-1.8104979608807
429.6,-11.348729929714,-2.73823229181569
429.7,-11.8614252178623,-2.81147447583688
429.8,-11.9834955245643,-2.39643543305017
429.9,-11.1778315003313,-2.17670888098662
430,-10.2256831080559,-1.46870110211519
430.1,-9.81064406526918,-0.589794893860987
430.2,-10.543065905481,-0.833935507264935
430.3,-10.1036128013539,-2.59174792377332
430.4,-10.2745112307367,-1.73725577685952
430.5,-10.5674799668214,-1.56635734747677
430.6,-9.24912065444011,-2.10346669696544
430.7,-8.56552693690907,-1.71284171551913
430.8,-10.3965815374386,-1.73725577685953
430.9,-9.68857375856721,-1.395458918094
431,-9.54208939052484,-0.785107384584141
431.1,-9.49326126784405,-1.00483393664769
431.2,-8.58994099824946,-0.394482403137837
431.3,-8.15048789412237,-2.00581045160386
431.4,-8.34580038484552,-1.8349120222211
431.5,-9.20029253175932,-1.71284171551913
431.6,-9.76181594258839,-3.51948225470831
431.7,-9.76181594258839,-2.49409167841175
431.8,-10.787206518885,-2.42084949439056
431.9,-11.1534174389909,-2.10346669696544
432,-10.2989252920771,-2.2499510650078
432.1,-9.56650345186524,-1.59077140881716
432.2,-9.39560502248248,-2.86030259851766
432.3,-10.7383783962042,-3.61713850006988
432.4,-10.7627924575446,-2.22553700366741
432.5,-9.81064406526918,-2.12788075830583
432.6,-9.46884720650366,-1.51752922479597
432.7,-9.44443314516327,-1.44428704077479
432.8,-8.8584956729938,-2.49409167841175
432.9,-8.58994099824947,-2.86030259851766
433,-8.8584956729938,-2.22553700366741
433.1,-8.95615191835538,-1.56635734747676
433.2,-9.78623000392878,-1.39545891809401
433.3,-10.0303706173327,-2.29877918768859
433.4,-9.61533157454603,-1.88374014490189
433.5,-8.80966755031301,-1.59077140881716
433.6,-8.63876912093025,-1.78608389954031
433.7,-9.98154249465194,-1.88374014490189
433.8,-10.4698237214598,-1.05366205932849
433.9,-10.0791987400135,-0.345654280457046
434,-10.2012690467155,-1.07807612066888
434.1,-8.63876912093025,-1.32221673407282
434.2,-8.93173785701499,-2.59174792377333
434.3,-8.95615191835538,-3.128857273262
434.4,-8.66318318227065,-2.66499010779451
434.5,-9.56650345186524,-2.37202137170978
434.6,-9.68857375856721,-2.20112294232701
434.7,-10.2500971693963,-2.39643543305017
434.8,-10.787206518885,-1.95698232892307
434.9,-9.88388624929036,-1.76166983819992
435,-9.56650345186524,-1.59077140881716
435.1,-10.2500971693963,-2.22553700366741
435.2,-9.24912065444011,-2.95795884387924
435.3,-8.98056597969577,-2.2499510650078
435.4,-8.98056597969578,-2.78706041449648
435.5,-9.27353471578051,-3.44624007068712
435.6,-8.95615191835538,-3.59272443872949
435.7,-8.00400352608,-2.46967761707135
435.8,-8.12607383278197,-2.12788075830583
435.9,-9.24912065444011,-2.07905263562505
436,-9.66415969722682,-2.03022451294425
436.1,-8.78525348897262,-2.22553700366741
436.2,-8.0284175874204,-2.6894041691349
436.3,-9.20029253175933,-2.49409167841175
436.4,-9.24912065444011,-1.98139639026347
436.5,-9.7129878199076,-2.37202137170978
436.6,-8.80966755031301,-2.76264635315608
436.7,-8.61435505958986,-1.54194328613637
436.8,-8.66318318227065,-1.88374014490189
436.9,-8.76083942763223,-1.8104979608807
437,-8.68759724361104,-2.54291980109253
437.1,-9.2735347157805,-2.95795884387924
437.2,-8.73642536629183,-2.37202137170978
437.3,-9.3223628384613,-3.05561508924082
437.4,-8.54111287556868,-2.81147447583687
437.5,-8.83408161165341,-2.95795884387924
437.6,-10.1524409240347,-3.1532713346024
437.7,-9.56650345186524,-3.32416976398515
437.8,-8.12607383278197,-2.95795884387924
437.9,-8.17490195546276,-2.73823229181569
438,-8.61435505958986,-2.66499010779451
438.1,-10.1524409240347,-3.29975570264476
438.2,-9.83505812660958,-2.73823229181569
438.3,-7.95517540339921,-1.95698232892307
438.4,-8.17490195546276,-2.49409167841175
438.5,-8.56552693690907,-2.2743651263482
438.6,-8.61435505958986,-2.17670888098662
438.7,-8.54111287556868,-2.51850573975214
438.8,-8.56552693690907,-1.73725577685952
438.9,-8.63876912093025,-1.81049796088071
439,-8.24814413948394,-2.61616198511372
439.1,-8.8584956729938,-2.76264635315608
439.2,-9.07822222505735,-2.05463857428465
439.3,-8.8829097343342,-1.8349120222211
439.4,-9.83505812660957,-2.17670888098662
439.5,-10.3477534147579,-3.27534164130437
439.6,-10.5674799668214,-3.47065413202752
439.7,-9.32236283846129,-2.73823229181569
439.8,-8.34580038484552,-2.64057604645411
439.9,-8.8584956729938,-3.61713850006988
440,-10.0791987400135,-3.51948225470831
440.1,-10.3965815374386,-2.93354478253885
440.2,-9.10263628639775,-3.44624007068713
440.3,-9.22470659309972,-3.05561508924082
440.4,-9.56650345186524,-3.51948225470831
440.5,-8.95615191835538,-3.61713850006989
440.6,-9.2979487771209,-2.76264635315608
440.7,-8.63876912093025,-2.44526355573096
440.8,-9.59091751320563,-2.54291980109253
440.9,-10.7383783962042,-1.71284171551913
441,-10.6407221508426,-2.81147447583687
441.1,-9.76181594258839,-3.83686505213343
441.2,-9.88388624929036,-3.86127911347383
441.3,-11.2510736843524,-2.88471665985806
441.4,-10.9092768255869,-2.51850573975214
441.5,-9.07822222505735,-2.78706041449648
441.6,-8.41904256886671,-2.37202137170977
441.7,-8.83408161165341,-1.07807612066888
441.8,-9.78623000392879,-1.05366205932848
441.9,-9.32236283846129,-2.15229481964622
442,-8.54111287556868,-3.64155256141028
442.1,-8.49228475288789,-2.24995106500781
442.2,-8.49228475288789,-3.1044432119216
442.3,-8.05283164876079,-3.69038068409107
442.4,-8.71201130495144,-2.49409167841175
442.5,-9.78623000392879,-2.42084949439056
442.6,-10.1768549853751,-3.71479474543146
442.7,-10.1768549853751,-3.47065413202752
442.8,-9.15146440907853,-2.88471665985805
442.9,-7.78427697401645,-2.03022451294426
443,-8.07724571010119,-1.56635734747676
443.1,-8.39462850752631,-2.42084949439056
443.2,-10.1036128013539,-2.6894041691349
443.3,-9.76181594258839,-1.73725577685952
443.4,-7.5645504219529,-0.589794893860991
443.5,-7.97958946473961,-0.760693323243751
443.6,-8.29697226216473,-2.2743651263482
443.7,-8.93173785701499,-2.73823229181569
443.8,-9.61533157454603,-2.86030259851766
443.9,-9.737401881248,-2.81147447583687
444,-10.420995598779,-2.29877918768859
444.1,-9.2979487771209,-0.565380832520593
444.2,-8.10165977144158,-1.46870110211518
444.3,-8.15048789412237,-1.54194328613637
444.4,-8.95615191835538,-1.49311516345558
444.5,-9.32236283846129,-1.8104979608807
444.6,-7.83310509669724,-1.88374014490189
444.7,-7.61337854463369,-2.2499510650078
444.8,-7.75986291267606,-3.39741194800634
444.9,-8.37021444618592,-3.83686505213343
445,-8.66318318227065,-3.17768539594279
445.1,-8.66318318227065,-1.32221673407282
445.2,-7.63779260597409,-1.56635734747676
445.3,-7.85751915803764,-2.61616198511372
445.4,-8.8829097343342,-2.95795884387924
445.5,-8.90732379567459,-1.00483393664769
445.6,-8.0284175874204,-1.44428704077479
445.7,-8.10165977144158,-3.47065413202752
445.8,-8.12607383278197,-3.93452129749501
445.9,-7.88193321937803,-3.81245099079304
446,-8.27255820082434,-2.15229481964623
446.1,-8.07724571010119,-1.54194328613637
446.2,-8.68759724361104,-3.128857273262
446.3,-9.20029253175933,-2.56733386243293
446.4,-8.39462850752631,-1.78608389954031
446.5,-7.5645504219529,-1.95698232892308
446.6,-7.78427697401645,-1.71284171551913
446.7,-7.75986291267606,-2.17670888098662
446.8,-7.85751915803764,-3.22651351862357
446.9,-7.49130823793172,-2.88471665985806
447,-8.00400352608,-2.46967761707135
447.1,-8.58994099824946,-1.51752922479597
447.2,-8.63876912093025,-1.02924799798809
447.3,-8.05283164876079,-2.59174792377332
447.4,-8.22373007814355,-2.56733386243293
447.5,-9.07822222505735,-1.66401359283834
447.6,-10.420995598779,-1.63959953149795
447.7,-8.76083942763223,-2.29877918768859
447.8,-6.97861294978344,-2.17670888098662
447.9,-6.53915984565634,-2.15229481964623
448,-6.7344723363795,-2.46967761707135
448.1,-7.41806605391054,-2.78706041449648
448.2,-7.97958946473961,-2.44526355573096
448.3,-8.05283164876079,-2.34760731036938
448.4,-9.3223628384613,-3.5683103773891
448.5,-9.34677689980169,-3.9833494201758
448.6,-8.63876912093025,-1.66401359283834
448.7,-8.98056597969577,-0.80952144592454
448.8,-9.2979487771209,-0.394482403137836
448.9,-8.83408161165341,-0.907177691286118
449,-7.90634728071842,-2.10346669696544
449.1,-6.53915984565634,-2.73823229181569
449.2,-6.2950192322524,-2.66499010779451
449.3,-7.27158168586817,-3.128857273262
449.4,-7.93076134205882,-1.78608389954031
449.5,-6.7100582750391,-2.59174792377333
449.6,-6.7100582750391,-3.49506819336791
449.7,-8.0284175874204,-2.32319324902898
449.8,-8.19931601680316,-1.95698232892308
449.9,-7.22275356318738,-1.8349120222211
450,-7.27158168586817,-1.49311516345558
450.1,-7.83310509669724,-1.22456048871124
450.2,-7.95517540339922,-3.22651351862358
450.3,-7.1250973178258,-2.29877918768859
450.4,-6.46591766163516,-1.61518547015755
450.5,-6.27060517091201,-1.27338861139203
450.6,-6.27060517091201,-1.44428704077479
450.7,-6.7344723363795,-1.88374014490189
450.8,-7.1250973178258,-2.2743651263482
450.9,-7.1495113791662,-3.5438963160487
451,-7.19833950184699,-2.90913072119845
451.1,-7.75986291267606,-1.98139639026347
451.2,-7.83310509669724,-2.12788075830583
451.3,-7.83310509669724,-2.93354478253884
451.4,-7.5889644832933,-2.6649901077945
451.5,-6.95419888844305,-1.24897455005164
451.6,-7.00302701112383,-1.93256826758268
451.7,-8.51669881422828,-2.03022451294425
451.8,-8.0284175874204,-2.51850573975214
451.9,-7.29599574720857,-2.17670888098662
452,-7.68662072865488,-2.15229481964623
452.1,-7.1495113791662,-2.34760731036938
452.2,-6.88095670442186,-0.882763629945723
452.3,-6.75888639771989,-1.63959953149795
452.4,-6.88095670442186,-2.37202137170978
452.5,-7.10068325648541,-1.95698232892307
452.6,-7.1495113791662,-2.42084949439056
452.7,-7.29599574720857,-3.20209945728318
452.8,-8.12607383278197,-3.25092757996397
452.9,-6.85654264308147,-2.71381823047529
453,-7.83310509669724,-1.85932608356149
453.1,-7.51572229927212,-2.29877918768859
453.2,-7.71103478999527,-2.51850573975214
453.3,-8.90732379567459,-1.17573236603045
453.4,-8.80966755031301,-1.395458918094
453.5,-7.78427697401645,-2.73823229181569
453.6,-7.61337854463369,-3.5438963160487
453.7,-6.78330045906029,-1.88374014490189
453.8,-6.83212858174108,-0.833935507264935
453.9,-8.39462850752631,-1.51752922479598
454,-7.39365199257014,-2.12788075830583
454.1,-7.34482386988936,-1.78608389954031
454.2,-7.90634728071842,-0.589794893860991
454.3,-7.80869103535685,-1.00483393664769
454.4,-7.83310509669724,-2.2499510650078
454.5,-7.88193321937803,-3.00678696656003
454.6,-7.05185513380463,-1.93256826758268
454.7,-6.75888639771989,-1.49311516345558
454.8,-8.41904256886671,-1.71284171551913
454.9,-9.49326126784406,-2.42084949439056
455,-9.34677689980169,-2.59174792377332
455.1,-8.22373007814355,-2.56733386243293
455.2,-8.29697226216473,-2.46967761707135
455.3,-8.27255820082434,-2.15229481964623
455.4,-7.5889644832933,-0.711865200562961
455.5,-7.49130823793172,-1.17573236603045
455.6,-8.78525348897262,-2.22553700366741
455.7,-8.8584956729938,-3.128857273262
455.8,-8.22373007814355,-2.15229481964623
455.9,-8.00400352608,-1.44428704077479
456,-8.17490195546276,-1.59077140881716
456.1,-8.07724571010118,-3.49506819336791
456.2,-8.37021444618592,-3.27534164130436
456.3,-7.46689417659132,-2.15229481964623
456.4,-7.61337854463369,-1.59077140881716
456.5,-7.07626919514502,-2.05463857428465
456.6,-6.44150360029477,-3.10444321192161
456.7,-7.61337854463369,-2.24995106500781
456.8,-8.68759724361104,-1.4198729794344
456.9,-8.51669881422828,-1.73725577685952
457,-7.95517540339921,-2.17670888098662
457.1,-7.95517540339921,-1.4198729794344
457.2,-8.80966755031301,-2.78706041449648
457.3,-7.61337854463369,-1.27338861139203
457.4,-5.4405270853386,-1.24897455005163
457.5,-6.02646455750806,-2.05463857428465
457.6,-6.22177704823122,-3.32416976398515
457.7,-6.95419888844305,-3.83686505213344
457.8,-7.5645504219529,-3.73920880677185
457.9,-7.90634728071843,-2.00581045160386
458,-7.97958946473961,-1.93256826758268
458.1,-7.85751915803764,-1.76166983819992
458.2,-6.92978482710265,-1.05366205932848
458.3,-7.07626919514502,-1.22456048871124
458.4,-7.93076134205882,-2.93354478253884
458.5,-7.90634728071842,-3.47065413202752
458.6,-7.5645504219529,-2.49409167841175
458.7,-8.0284175874204,-0.907177691286114
458.8,-9.05380816371696,-1.24897455005164
458.9,-9.27353471578051,-1.51752922479597
459,-8.8829097343342,-1.61518547015755
459.1,-8.8829097343342,-1.15131830469006
459.2,-8.05283164876079,-1.59077140881716
459.3,-7.61337854463369,-2.76264635315608
459.4,-7.88193321937803,-1.71284171551913
459.5,-9.17587847041893,-0.37006834179744
459.6,-8.49228475288789,-1.49311516345558
459.7,-8.51669881422828,-1.71284171551913
459.8,-9.54208939052484,-0.858349568605328
459.9,-10.1280268626943,-1.71284171551913
460,-9.737401881248,-2.22553700366741
460.1,-8.4434566302071,-2.44526355573096
460.2,-9.07822222505735,-2.03022451294426
460.3,-9.737401881248,-1.17573236603046
460.4,-9.63974563588642,-1.02924799798809
460.5,-9.66415969722681,-1.93256826758268
460.6,-10.3721674760982,-2.24995106500781
460.7,-10.3233393534175,-2.05463857428465
460.8,-9.76181594258839,-2.37202137170978
460.9,-9.737401881248,-2.15229481964623
461,-9.76181594258839,-2.88471665985806
461.1,-9.17587847041893,-2.71381823047529
461.2,-10.3233393534175,-2.93354478253884
461.3,-10.2500971693963,-2.51850573975214
461.4,-8.4678706915475,-2.03022451294426
461.5,-9.05380816371696,-2.46967761707135
461.6,-9.42001908382287,-1.37104485675361
461.7,-9.05380816371695,-1.00483393664769
461.8,-8.51669881422828,-1.90815420624229
461.9,-9.51767532918445,-2.90913072119845
462,-9.81064406526918,-2.90913072119845
462.1,-9.44443314516327,-2.15229481964623
462.2,-9.7129878199076,-1.46870110211519
462.3,-10.3477534147579,-1.32221673407282
462.4,-9.81064406526918,-1.29780267273242
462.5,-8.93173785701498,-1.49311516345558
462.6,-8.76083942763223,-1.78608389954031
462.7,-9.3223628384613,-1.51752922479598
462.8,-8.98056597969578,-2.34760731036938
462.9,-8.61435505958986,-2.20112294232702
463,-8.8829097343342,-1.4198729794344
463.1,-9.90830031063076,-2.22553700366741
463.2,-10.5186518441406,-3.1044432119216
463.3,-9.90830031063076,-3.03120102790042
463.4,-9.85947218794997,-2.37202137170978
463.5,-9.51767532918445,-1.98139639026347
463.6,-9.22470659309972,-1.34663079541321
463.7,-9.93271437197116,-1.81049796088071
463.8,-9.20029253175932,-2.22553700366741
463.9,-8.93173785701499,-2.17670888098662
464,-8.4190425688667,-0.71186520056296
464.1,-9.27353471578051,-0.760693323243751
464.2,-9.76181594258839,-1.8104979608807
464.3,-9.737401881248,-1.98139639026347
464.4,-11.0069330709485,-3.39741194800634
464.5,-11.7149408498199,-3.66596662275068
464.6,-12.4717767513722,-2.59174792377333
464.7,-12.5450189353933,-1.61518547015755
464.8,-13.326268898286,-2.34760731036938
464.9,-12.7159173647761,-2.00581045160386
465,-12.4961908127126,-1.17573236603045
465.1,-12.9844720395204,-2.29877918768859
465.2,-13.4239251436475,-2.83588853717727
465.3,-13.3750970209667,-2.93354478253884
465.4,-12.5938470580741,-2.6894041691349
465.5,-13.0088861008608,-2.78706041449648
465.6,-12.7159173647761,-1.29780267273242
465.7,-12.4717767513722,-1.17573236603045
465.8,-13.1553704689032,-1.73725577685952
465.9,-12.8868157941589,-1.10249018200927
466,-12.8379876714781,-0.687451139222567
466.1,-13.6436516957111,-1.27338861139203
466.2,-12.4717767513722,-1.95698232892307
466.3,-11.0557611936293,-1.17573236603046
466.4,-11.8614252178623,-1.15131830469006
466.5,-12.96005797818,-1.73725577685952
466.6,-12.1788080152874,-0.370068341797442
466.7,-11.2510736843524,-0.68745113922257
466.8,-10.6163080895022,-1.49311516345558
466.9,-10.7383783962042,-2.12788075830583
467,-10.6407221508426,-2.37202137170978
467.1,-10.6407221508426,-1.56635734747676
467.2,-10.9336908869273,-1.12690424334966
467.3,-12.1788080152874,-1.59077140881716
467.4,-11.3243158683736,-1.46870110211518
467.5,-10.0791987400135,-1.27338861139203
467.6,-9.32236283846129,-1.29780267273243
467.7,-9.90830031063076,-2.71381823047529
467.8,-10.5674799668214,-2.81147447583687
467.9,-10.6895502735234,-1.0048339366477
468,-10.2989252920771,-1.32221673407282
468.1,-10.4454096601194,-1.4198729794344
468.2,-10.5918940281618,-1.27338861139203
468.3,-10.7627924575446,-2.17670888098662
468.4,-10.2989252920771,-2.93354478253884
468.5,-9.7618159425884,-2.07905263562504
468.6,-9.90830031063076,-1.12690424334966
468.7,-10.5918940281618,-1.63959953149795
468.8,-11.7149408498199,-1.8104979608807
468.9,-12.2276361379682,-1.93256826758268
469,-11.0801752549697,-2.07905263562504
469.1,-10.6895502735234,-2.22553700366741
469.2,-11.5196283590968,-2.37202137170977
469.3,-10.2012690467155,-1.46870110211519
469.4,-9.15146440907853,-1.71284171551913
469.5,-9.02939410237656,-2.05463857428465
469.6,-9.54208939052484,-3.27534164130436
469.7,-9.00498004103617,-2.78706041449648
469.8,-8.8584956729938,-1.37104485675361
469.9,-8.71201130495144,-0.467724587159019
470,-9.37119096114208,-1.395458918094
470.1,-9.34677689980169,-2.07905263562504
470.2,-9.05380816371696,-1.59077140881716
470.3,-8.12607383278197,-0.956005813966907
470.4,-8.8584956729938,-1.63959953149795
470.5,-10.4942377828002,-2.7138182304753
470.6,-10.0547846786731,-1.61518547015755
470.7,-9.15146440907853,-0.785107384584147
470.8,-8.41904256886671,-1.8349120222211
470.9,-8.80966755031301,-0.687451139222569
471,-8.07724571010119,-0.345654280457047
471.1,-7.17392544050659,-1.12690424334967
471.2,-8.29697226216473,-1.46870110211519
471.3,-10.7383783962042,-1.68842765417873
471.4,-10.420995598779,-1.66401359283834
471.5,-9.24912065444011,-1.81049796088071
471.6,-9.98154249465194,-2.15229481964623
471.7,-10.1768549853751,-0.931591752626507
471.8,-10.543065905481,-0.956005813966905
471.9,-9.83505812660958,-1.20014642737085
472,-9.46884720650366,-1.76166983819992
472.1,-9.17587847041893,-1.12690424334966
472.2,-9.10263628639775,-1.46870110211518
472.3,-10.0791987400135,-1.32221673407282
472.4,-9.49326126784405,-0.29682615777626
472.5,-9.39560502248248,-0.614208955201381
472.6,-8.17490195546276,-0.980419875307298
472.7,-8.34580038484552,-0.589794893860991
472.8,-8.58994099824947,0.337939437073997
472.9,-8.71201130495144,-0.882763629945723
473,-9.10263628639775,-2.34760731036938
473.1,-8.78525348897262,-1.44428704077479
473.2,-8.61435505958986,-0.68745113922257
473.3,-7.78427697401645,-1.10249018200927
473.4,-8.22373007814355,-1.00483393664769
473.5,-8.66318318227065,-2.05463857428465
473.6,-8.29697226216473,-1.63959953149794
473.7,-8.90732379567459,-1.85932608356149
473.8,-8.10165977144158,-0.760693323243751
473.9,-7.78427697401645,-0.711865200562961
474,-8.90732379567459,-1.0048339366477
474.1,-9.07822222505735,-0.882763629945724
474.2,-9.20029253175933,-0.711865200562964
474.3,-8.8584956729938,-0.345654280457047
474.4,-8.4190425688667,0.16704100769123
474.5,-8.05283164876079,0.33793943707399
474.6,-7.95517540339921,-1.15131830469006
474.7,-7.5889644832933,-1.73725577685952
474.8,-8.37021444618592,-1.8349120222211
474.9,-7.71103478999527,-1.68842765417873
475,-7.24716762452778,-2.12788075830583
475.1,-7.00302701112384,-2.88471665985806
475.2,-7.5645504219529,-3.128857273262
475.3,-5.97763643482727,-1.78608389954031
475.4,-6.09970674152925,-1.10249018200927
475.5,-7.27158168586817,-1.10249018200927
475.6,-7.5889644832933,-0.931591752626513
475.7,-6.58798796833713,-1.02924799798808
475.8,-5.29404271729623,-1.24897455005164
475.9,-7.07626919514502,-1.12690424334966
476,-7.71103478999527,-1.59077140881716
476.1,-6.66123015235831,-1.05366205932848
476.2,-6.80771452040068,-1.61518547015755
476.3,-8.10165977144158,-1.98139639026347
476.4,-7.73544885133567,-1.56635734747676
476.5,-6.51474578431595,-1.98139639026347
476.6,-6.66123015235831,-2.15229481964623
476.7,-6.92978482710265,-0.394482403137837
476.8,-6.63681609101792,-0.687451139222569
476.9,-7.73544885133566,-2.29877918768859
477,-7.02744107246423,-1.88374014490189
477.1,-7.5889644832933,-0.0526855443723164
477.2,-7.27158168586817,-0.0282714830319222
477.3,-6.05087861884846,0.191455069031625
477.4,-6.51474578431595,-0.785107384584144
477.5,-6.34384735493319,-1.46870110211519
477.6,-6.02646455750806,-1.93256826758268
477.7,-6.58798796833713,-1.76166983819992
477.8,-6.22177704823122,-1.63959953149795
477.9,-6.66123015235832,-1.68842765417873
478,-6.7100582750391,-1.8349120222211
478.1,-7.19833950184699,-2.07905263562504
478.2,-7.5889644832933,-1.49311516345558
478.3,-7.6133785446337,-1.34663079541321
478.4,-7.44248011525093,-1.90815420624228
478.5,-6.92978482710265,-1.20014642737085
478.6,-6.68564421369871,-0.41889646447823
478.7,-6.83212858174107,-0.882763629945721
478.8,-6.27060517091201,-2.10346669696544
478.9,-6.97861294978344,-1.44428704077479
479,-8.19931601680316,-0.882763629945724
479.1,-7.46689417659132,-0.516552709839809
479.2,-7.24716762452778,-1.61518547015755
479.3,-6.90537076576226,-2.42084949439057
479.4,-5.8555661281253,-1.73725577685952
479.5,-6.44150360029477,-1.22456048871124
479.6,-6.00205049616767,-1.46870110211519
479.7,-6.34384735493319,-1.46870110211518
479.8,-6.90537076576226,-2.95795884387924
479.9,-6.61240202967753,-2.6649901077945
480,-5.464941146679,-1.61518547015755
480.1,-5.39169896265781,-1.73725577685953
480.2,-5.61142551472136,-1.4198729794344
480.3,-6.7344723363795,-1.32221673407282
480.4,-5.78232394410412,-0.882763629945725
480.5,-5.48935520801939,0.26469725305281
480.6,-5.51376926935978,-0.51655270983981
480.7,-6.61240202967753,-0.443310525818626
480.8,-6.36826141627358,-0.93159175262651
480.9,-6.09970674152925,-1.76166983819992
481,-6.2950192322524,-1.46870110211519
481.1,-6.58798796833713,-1.15131830469006
481.2,-6.63681609101792,-1.05366205932848
481.3,-6.17294892555043,-0.467724587159019
481.4,-5.39169896265781,-1.15131830469006
481.5,-6.12412080286964,-1.0048339366477
481.6,-5.68466769874254,-0.858349568605328
481.7,-6.07529268018885,-1.95698232892307
481.8,-6.66123015235831,-2.07905263562504
481.9,-7.36923793122975,-2.20112294232702
482,-6.22177704823122,-1.51752922479598
482.1,-5.8799801894657,-1.44428704077479
482.2,-6.44150360029477,-1.90815420624228
482.3,-6.31943329359279,-2.20112294232702
482.4,-5.8799801894657,-2.73823229181569
482.5,-6.22177704823122,-2.2499510650078
482.6,-5.56259739204057,-1.51752922479598
482.7,-6.46591766163516,-1.395458918094
482.8,-6.49033172297555,-0.58979489386099
482.9,-5.95322237348688,-0.296826157776259
483,-6.41708953895437,-0.0770996057127121
483.1,-5.97763643482727,-1.27338861139203
483.2,-5.4405270853386,-2.2499510650078
483.3,-4.92783179719032,-1.66401359283834
483.4,-5.70908176008294,-0.785107384584144
483.5,-6.24619110957161,-1.27338861139203
483.6,-5.78232394410412,-2.22553700366741
483.7,-5.61142551472136,-1.51752922479598
483.8,-6.41708953895437,-0.809521445924541
483.9,-5.29404271729623,-0.980419875307304
484,-4.90341773584992,-2.78706041449648
484.1,-5.92880831214648,-1.02924799798809
484.2,-6.2950192322524,0.752978479860695
484.3,-5.36728490131742,0.0205566396488649
484.4,-5.73349582142333,-0.394482403137836
484.5,-5.78232394410412,-0.956005813966907
484.6,-6.63681609101792,-1.66401359283834
484.7,-5.90439425080609,-1.44428704077479
484.8,-4.90341773584993,-1.12690424334967
484.9,-5.17197241059426,-0.711865200562963
485,-6.17294892555043,-0.931591752626513
485.1,-6.22177704823122,-1.37104485675361
485.2,-5.68466769874254,-1.54194328613637
485.3,-6.92978482710265,-1.12690424334966
485.4,-6.36826141627358,-1.10249018200927
485.5,-6.63681609101792,-0.272412096435866
485.6,-6.53915984565634,-2.05463857428465
485.7,-5.464941146679,-1.8349120222211
485.8,-4.83017555182874,-0.174755851074288
485.9,-5.4161130239982,-0.467724587159017
486,-6.2950192322524,-1.71284171551913
486.1,-6.36826141627358,-3.00678696656003
486.2,-5.83115206678491,-3.73920880677185
486.3,-5.29404271729623,-4.52045876966447
486.4,-5.12314428791347,-4.78901344440881
486.5,-5.0010739812115,-6.10737275679011
486.6,-5.41611302399821,-6.22944306349208
486.7,-5.70908176008294,-5.76557589802458
486.8,-5.29404271729623,-6.1317868181305
486.9,-6.00205049616767,-6.25385712483247
487,-5.92880831214648,-7.54780237587337
487.1,-6.19736298689082,-6.86420865834233
487.2,-5.63583957606175,-6.66889616761917
487.3,-5.0010739812115,-6.88862271968272
487.4,-5.48935520801939,-6.1317868181305
487.5,-6.46591766163516,-6.27827118617287
487.6,-6.46591766163516,-7.401318007831
487.7,-6.14853486421003,-7.62104455989455
487.8,-6.88095670442187,-8.40229452278717
487.9,-6.05087861884846,-7.69428674391573
488,-6.270605170912,-7.69428674391574
488.1,-5.51376926935978,-7.10834927174627
488.2,-5.70908176008294,-6.15620087947089
488.3,-6.68564421369871,-5.6923337140034
488.4,-6.90537076576226,-5.66791965266301
488.5,-7.22275356318738,-6.1317868181305
488.6,-7.63779260597409,-6.22944306349208
488.7,-6.97861294978344,-6.42475555421523
488.8,-6.31943329359279,-6.57123992225759
488.9,-6.88095670442186,-5.54584934596104
489,-7.49130823793172,-5.37495091657828
489.1,-6.63681609101792,-5.22846654853591
489.2,-5.8555661281253,-5.03315405781276
489.3,-6.34384735493319,-4.54487283100487
489.4,-7.1250973178258,-5.76557589802459
489.5,-6.78330045906029,-5.25288060987631
489.6,-6.49033172297555,-4.3983884629625
489.7,-5.8555661281253,-4.30073221760093
489.8,-6.7344723363795,-3.93452129749501
489.9,-7.39365199257014,-3.20209945728318
490,-7.29599574720857,-3.91010723615462
490.1,-5.56259739204057,-3.29975570264476
490.2,-5.39169896265781,-3.22651351862357
490.3,-5.97763643482727,-3.51948225470831
490.4,-6.02646455750806,-3.5438963160487
490.5,-6.46591766163516,-3.66596662275067
490.6,-6.97861294978344,-3.69038068409107
490.7,-6.22177704823122,-4.78901344440881
490.8,-5.66025363740215,-4.27631815626053
490.9,-5.34287083997702,-4.15424784955856
491,-4.90341773584992,-5.20405248719552
491.1,-5.4161130239982,-4.4472165856433
491.2,-5.4405270853386,-4.34956034028172
491.3,-5.8799801894657,-4.93549781245118
491.4,-5.97763643482727,-4.74018532172803
491.5,-4.75693336780756,-4.32514627894132
491.6,-5.36728490131742,-4.88666968977039
491.7,-4.83017555182874,-4.49604470832408
491.8,-4.70810524512677,-3.88569317481422
491.9,-4.5860349384248,-2.73823229181569
492,-5.07431616523268,-3.05561508924082
492.1,-4.95224585853071,-3.34858382532555
492.2,-5.26962865595584,-3.76362286811225
492.3,-5.14755834925387,-3.78803692945265
492.4,-5.73349582142333,-4.25190409492014
492.5,-6.58798796833713,-4.49604470832408
492.6,-6.46591766163516,-4.30073221760093
492.7,-5.53818333070018,-3.17768539594279
492.8,-5.02548804255189,-2.88471665985806
492.9,-5.36728490131742,-4.10541972687778
493,-6.66123015235831,-4.3983884629625
493.1,-6.22177704823122,-3.73920880677186
493.2,-4.97665991987111,-2.95795884387924
493.3,-4.83017555182874,-3.34858382532555
493.4,-4.78134742914795,-3.27534164130436
493.5,-5.12314428791347,-2.51850573975214
493.6,-6.34384735493319,-1.88374014490189
493.7,-5.95322237348688,-2.07905263562505
493.8,-5.26962865595584,-2.2743651263482
493.9,-6.09970674152925,-2.42084949439056
494,-7.02744107246423,-3.15327133460239
494.1,-6.7100582750391,-2.2743651263482
494.2,-5.51376926935978,-1.56635734747676
494.3,-5.09873022657308,-2.81147447583687
494.4,-4.80576149048835,-2.81147447583687
494.5,-5.56259739204057,-2.93354478253884
494.6,-5.90439425080609,-2.12788075830583
494.7,-6.36826141627358,-1.17573236603046
494.8,-6.51474578431595,-0.345654280457049
494.9,-6.63681609101792,-1.17573236603046
495,-7.73544885133566,-3.00678696656003
495.1,-7.10068325648541,-2.10346669696544
495.2,-7.27158168586817,-0.980419875307298
495.3,-8.37021444618592,-0.68745113922257
495.4,-8.41904256886671,-0.736279261903356
495.5,-8.27255820082434,-1.51752922479597
495.6,-8.15048789412237,-1.63959953149795
495.7,-7.95517540339921,-1.46870110211519
495.8,-7.27158168586817,-1.88374014490189
495.9,-7.29599574720856,-1.88374014490189
496,-7.34482386988935,-1.78608389954031
496.1,-7.68662072865488,-2.49409167841175
496.2,-7.49130823793172,-0.9804198753073
496.3,-7.36923793122975,-0.199169912414683
496.4,-7.39365199257014,-0.882763629945725
496.5,-8.15048789412237,-1.98139639026346
496.6,-8.63876912093025,-2.15229481964623
496.7,-8.4678706915475,-1.63959953149795
496.8,-8.56552693690907,-1.78608389954031
496.9,-9.37119096114208,-1.4198729794344
497,-8.56552693690907,-1.10249018200927
497.1,-7.73544885133566,-1.71284171551913
497.2,-7.85751915803763,-1.07807612066888
497.3,-7.61337854463369,-1.37104485675361
497.4,-8.22373007814355,-2.51850573975214
497.5,-8.90732379567459,-1.24897455005164
497.6,-8.63876912093025,-0.174755851074289
497.7,-8.02841758742039,-0.174755851074291
497.8,-7.44248011525093,-1.27338861139203
497.9,-7.44248011525093,-2.24995106500781
498,-7.41806605391054,-1.22456048871124
498.1,-8.46787069154749,-0.687451139222569
498.2,-8.78525348897262,-0.711865200562964
498.3,-8.56552693690907,-1.24897455005164
498.4,-8.24814413948394,-1.66401359283834
498.5,-8.05283164876079,-1.22456048871124
498.6,-7.88193321937803,-1.8349120222211
498.7,-8.71201130495144,-1.59077140881716
498.8,-9.76181594258839,-1.93256826758268
498.9,-9.02939410237656,-1.76166983819992
499,-8.27255820082434,-1.15131830469006
499.1,-7.88193321937803,-0.956005813966907
499.2,-7.80869103535685,-0.418896464478227
499.3,-8.19931601680316,-1.34663079541321
499.4,-7.6133785446337,-1.54194328613637
499.5,-7.24716762452778,-0.907177691286117
499.6,-7.63779260597409,-2.46967761707135
499.7,-8.10165977144158,-2.93354478253884
499.8,-8.05283164876079,-1.24897455005164
499.9,-8.05283164876079,-1.17573236603046
500,-8.10165977144158,-2.51850573975214
500.1,-8.83408161165341,-3.73920880677185
500.2,-9.46884720650366,-4.44721658564329
500.3,-8.4190425688667,-3.47065413202752
500.4,-7.88193321937803,-2.83588853717726
500.5,-8.63876912093025,-3.27534164130436
500.6,-8.78525348897262,-2.39643543305017
500.7,-8.95615191835538,-2.37202137170978
500.8,-7.71103478999527,-2.93354478253884
500.9,-7.19833950184699,-3.25092757996397
501,-8.19931601680316,-3.29975570264476
501.1,-7.90634728071843,-3.08002915058121
501.2,-7.46689417659133,-3.34858382532555
501.3,-6.85654264308147,-3.81245099079304
501.4,-8.05283164876079,-3.86127911347383
501.5,-8.10165977144158,-3.37299788666594
501.6,-8.22373007814355,-1.98139639026347
501.7,-8.58994099824946,-1.59077140881716
501.8,-8.68759724361104,-1.54194328613637
501.9,-9.54208939052484,-1.46870110211518
502,-9.49326126784405,-3.39741194800634
502.1,-8.29697226216473,-3.69038068409107
502.2,-8.27255820082434,-3.83686505213343
502.3,-8.19931601680316,-2.64057604645411
502.4,-7.66220666731448,-2.61616198511372
502.5,-6.7344723363795,-4.00776348151619
502.6,-7.44248011525093,-2.90913072119845
502.7,-7.75986291267606,-2.07905263562504
502.8,-7.5889644832933,-1.73725577685952
502.9,-7.00302701112384,-2.2499510650078
503,-7.32040980854896,-2.76264635315608
503.1,-7.27158168586817,-1.8349120222211
503.2,-6.80771452040068,-2.00581045160386
503.3,-6.7100582750391,-3.128857273262
503.4,-7.54013636061251,-3.20209945728318
503.5,-7.71103478999527,-2.76264635315608
503.6,-8.00400352608,-3.20209945728318
503.7,-6.97861294978344,-2.07905263562504
503.8,-7.22275356318738,-1.56635734747677
503.9,-8.00400352608,-0.85834956860533
504,-8.15048789412237,-1.02924799798809
504.1,-8.17490195546276,-2.71381823047529
504.2,-7.68662072865488,-2.00581045160386
504.3,-7.24716762452778,-1.22456048871124
504.4,-7.71103478999527,-0.76069332324375
504.5,-7.29599574720857,-1.12690424334966
504.6,-7.78427697401645,-0.931591752626514
504.7,-7.71103478999527,-0.956005813966907
504.8,-7.44248011525093,-1.4198729794344
504.9,-6.95419888844305,-2.39643543305016
505,-7.22275356318738,-2.05463857428465
505.1,-7.97958946473961,-1.37104485675361
505.2,-7.85751915803764,-1.54194328613637
505.3,-7.5889644832933,-2.76264635315609
505.4,-8.66318318227065,-1.46870110211518
505.5,-7.73544885133566,-1.395458918094
505.6,-6.34384735493319,-1.81049796088071
505.7,-7.34482386988936,-1.49311516345558
505.8,-7.61337854463369,-1.85932608356149
505.9,-7.5889644832933,-2.66499010779451
506,-6.78330045906029,-2.46967761707135
506.1,-6.66123015235831,-2.7138182304753
506.2,-7.46689417659133,-1.88374014490189
506.3,-6.92978482710265,-1.95698232892307
506.4,-5.90439425080609,-1.98139639026347
506.5,-6.12412080286964,-1.46870110211519
506.6,-6.31943329359279,-1.56635734747676
506.7,-6.97861294978344,-1.51752922479597
506.8,-7.83310509669724,-1.05366205932849
506.9,-8.00400352608,-2.2743651263482
507,-7.34482386988936,-2.2743651263482
507.1,-7.5645504219529,-2.05463857428465
507.2,-7.80869103535685,-2.64057604645411
507.3,-7.19833950184699,-2.20112294232702
507.4,-7.49130823793172,-2.39643543305017
507.5,-7.54013636061251,-1.76166983819992
507.6,-7.22275356318738,-0.858349568605331
507.7,-6.68564421369871,-0.907177691286117
507.8,-6.24619110957161,-0.785107384584147
507.9,-6.2950192322524,-1.44428704077479
508,-6.7100582750391,-2.56733386243293
508.1,-6.07529268018885,-2.64057604645411
508.2,-6.00205049616767,-1.56635734747676
508.3,-7.61337854463369,-0.272412096435865
508.4,-7.73544885133567,-0.785107384584144
508.5,-6.97861294978344,-1.22456048871124
508.6,-7.1495113791662,-0.0282714830319236
508.7,-7.10068325648541,-0.85834956860533
508.8,-7.27158168586817,-2.76264635315609
508.9,-7.32040980854896,-1.63959953149795
509,-7.83310509669724,-0.80952144592454
509.1,-7.46689417659133,-1.07807612066888
509.2,-7.19833950184699,-1.20014642737085
509.3,-5.92880831214649,-0.49213864849941
509.4,-5.4161130239982,0.411181621095179
509.5,-4.80576149048835,0.777392541201088
509.6,-5.97763643482728,-0.467724587159017
509.7,-6.68564421369871,-1.61518547015755
509.8,-7.24716762452778,-1.76166983819992
509.9,-7.41806605391054,-1.12690424334967
510,-7.34482386988936,-0.41889646447823
510.1,-6.68564421369871,-0.907177691286118
510.2,-6.36826141627358,0.167041007691232
510.3,-5.17197241059426,-0.0282714830319208
510.4,-6.14853486421003,-1.54194328613637
510.5,-7.05185513380462,-1.59077140881716
510.6,-6.95419888844305,-1.61518547015755
510.7,-6.27060517091201,-2.95795884387924
510.8,-6.80771452040068,-1.51752922479597
510.9,-7.24716762452778,-0.907177691286117
511,-6.83212858174107,-0.858349568605331
511.1,-6.46591766163516,-2.12788075830583
511.2,-5.95322237348688,-2.39643543305017
511.3,-6.2950192322524,-1.02924799798809
511.4,-6.17294892555043,-0.418896464478229
511.5,-6.14853486421003,-0.68745113922257
511.6,-6.12412080286964,-0.785107384584144
511.7,-6.36826141627358,-0.223583973755079
511.8,-7.46689417659133,-1.20014642737085
511.9,-7.66220666731448,-2.10346669696544
512,-7.05185513380462,-2.44526355573096
512.1,-6.36826141627358,-1.90815420624228
512.2,-7.10068325648541,-1.56635734747676
512.3,-6.24619110957161,-1.51752922479597
512.4,-6.39267547761398,-1.8593260835615
512.5,-6.7100582750391,-1.39545891809401
512.6,-6.46591766163516,-1.90815420624228
512.7,-5.92880831214648,-2.05463857428465
512.8,-5.12314428791347,-1.51752922479597
512.9,-4.80576149048835,-0.29682615777626
513,-5.95322237348688,-1.37104485675361
513.1,-6.61240202967753,-0.907177691286117
513.2,-7.22275356318738,-0.736279261903356
513.3,-6.24619110957161,-0.663037077882176
513.4,-6.12412080286964,-0.101513667053105
513.5,-6.24619110957161,-1.61518547015755
513.6,-6.51474578431595,-1.59077140881716
513.7,-6.36826141627358,-1.71284171551913
513.8,-6.61240202967753,-1.73725577685952
513.9,-6.63681609101792,-1.4198729794344
514,-6.2950192322524,-0.760693323243753
514.1,-5.8555661281253,-1.49311516345558
514.2,-5.66025363740215,-1.63959953149795
514.3,-6.41708953895437,-1.63959953149794
514.4,-6.24619110957161,-1.24897455005164
514.5,-6.31943329359279,-1.0048339366477
514.6,-7.05185513380462,-0.589794893860989
514.7,-6.05087861884846,-0.931591752626515
514.8,-6.00205049616767,-1.46870110211519
514.9,-6.56357390699674,-1.78608389954031
515,-5.61142551472136,-1.81049796088071
515.1,-5.14755834925387,-0.809521445924538
515.2,-5.78232394410412,-1.00483393664769
515.3,-7.41806605391054,-2.15229481964623
515.4,-6.36826141627358,-1.07807612066887
515.5,-5.29404271729623,-0.272412096435863
515.6,-5.53818333070017,-0.638623016541781
515.7,-6.02646455750806,-1.56635734747677
515.8,-5.97763643482727,-1.68842765417874
515.9,-5.4405270853386,-1.10249018200927
516,-5.31845677863663,-1.00483393664769
516.1,-6.34384735493319,-0.833935507264935
516.2,-6.58798796833713,-0.785107384584146
516.3,-5.92880831214648,-1.73725577685953
516.4,-6.07529268018885,-2.17670888098662
516.5,-7.1739254405066,-1.00483393664769
516.6,-6.95419888844305,-0.80952144592454
516.7,-6.83212858174107,-1.68842765417873
516.8,-6.46591766163516,-2.07905263562505
516.9,-5.0254880425519,-1.46870110211519
517,-4.92783179719032,-0.785107384584143
517.1,-6.00205049616767,-0.663037077882174
517.2,-6.68564421369871,-1.395458918094
517.3,-6.97861294978344,-0.34565428045705
517.4,-6.92978482710265,-0.540966771180203
517.5,-6.34384735493319,-1.51752922479597
517.6,-5.68466769874254,-2.24995106500781
517.7,-5.66025363740215,-2.10346669696544
517.8,-5.07431616523268,-2.49409167841175
517.9,-5.31845677863663,-3.34858382532555
518,-6.24619110957161,-2.81147447583688
518.1,-5.83115206678491,-0.85834956860533
518.2,-6.51474578431595,-0.174755851074291
518.3,-7.1250973178258,-0.589794893860993
518.4,-7.39365199257014,-0.907177691286117
518.5,-7.80869103535685,-0.150341789733895
518.6,-6.80771452040068,-0.00385742169152934
518.7,-6.53915984565634,-0.370068341797445
518.8,-7.44248011525093,-0.760693323243748
518.9,-6.56357390699674,-0.809521445924541
519,-6.36826141627358,-0.492138648499409
519.1,-6.14853486421003,-1.10249018200927
519.2,-4.85458961316914,-0.711865200562961
519.3,-5.39169896265781,-1.10249018200927
519.4,-6.14853486421003,-1.61518547015755
519.5,-5.58701145338096,-2.00581045160386
519.6,-5.70908176008293,-1.00483393664769
519.7,-5.19638647193466,-0.223583973755076
519.8,-5.46494114667899,0.362353498414387
519.9,-6.36826141627358,0.215869130372016
520,-6.80771452040068,-1.37104485675361
520.1,-5.83115206678491,-1.98139639026347
520.2,-6.12412080286964,-2.10346669696544
520.3,-6.34384735493319,-1.395458918094
520.4,-5.58701145338097,-1.71284171551913
520.5,-5.70908176008294,-1.4198729794344
520.6,-5.02548804255189,-0.46772458715902
520.7,-5.22080053327505,0.337939437073993
520.8,-5.80673800544451,-0.663037077882173
520.9,-6.97861294978344,-1.98139639026347
521,-5.66025363740215,-0.736279261903356
521.1,-5.12314428791347,-0.46772458715902
521.2,-4.87900367450953,0.0205566396488678
521.3,-5.41611302399821,-1.49311516345558
521.4,-5.29404271729623,-1.98139639026346
521.5,-6.95419888844305,-1.71284171551913
521.6,-6.07529268018885,-0.956005813966905
521.7,-5.26962865595584,-0.589794893860989
521.8,-5.34287083997702,-0.931591752626511
521.9,-5.48935520801939,-1.49311516345558
522,-3.97568340491494,-1.10249018200927
522.1,-4.83017555182874,-1.32221673407282
522.2,-5.78232394410412,-1.05366205932848
522.3,-4.48837869306322,-2.29877918768859
522.4,-5.17197241059426,-3.00678696656003
522.5,-5.4405270853386,-1.98139639026347
522.6,-6.05087861884846,-2.12788075830583
522.7,-6.78330045906028,-1.76166983819992
522.8,-7.1250973178258,-1.34663079541321
522.9,-6.80771452040068,0.0205566396488692
523,-8.15048789412237,0.655322234499121
523.1,-9.24912065444011,-0.565380832520597
523.2,-9.63974563588642,-2.15229481964623
523.3,-8.95615191835538,-2.34760731036938
523.4,-8.54111287556868,-2.51850573975214
523.5,-10.3721674760982,-1.81049796088071
523.6,-11.2999018070332,-0.833935507264935
523.7,-11.5684564817776,-1.395458918094
523.8,-11.6172846044584,-1.95698232892307
523.9,-10.1524409240347,-2.46967761707135
524,-9.90830031063076,-2.37202137170977
524.1,-10.2989252920771,-1.63959953149795
524.2,-11.1778315003313,-1.29780267273242
524.3,-11.470800236416,0.118212885010445
524.4,-12.1299798926066,-1.46870110211518
524.5,-12.154393953947,-2.07905263562505
524.6,-10.9336908869273,-0.980419875307301
524.7,-10.8116205802253,-0.565380832520597
524.8,-11.2999018070332,-0.809521445924538
524.9,-11.592870543118,-0.150341789733895
525,-12.2032220766278,-0.223583973755076
525.1,-12.0567377085855,-0.223583973755078
525.2,-12.0811517699258,0.777392541201087
525.3,-12.6426751807549,0.264697253052812
525.4,-12.3497064446702,0.0693847623296591
525.5,-10.9092768255869,-0.345654280457049
525.6,-10.8604487029061,-1.46870110211518
525.7,-10.8116205802253,-2.7138182304753
525.8,-10.420995598779,-1.78608389954031
525.9,-10.3233393534175,-0.858349568605325
526,-9.95712843331155,-1.34663079541321
526.1,-10.2500971693963,-1.4198729794344
526.2,-9.42001908382287,-0.736279261903357
526.3,-10.0303706173327,0.460009743775963
526.4,-9.83505812660957,-0.37006834179744
526.5,-9.24912065444011,-0.174755851074285
526.6,-9.98154249465194,-0.956005813966905
526.7,-9.61533157454602,-2.15229481964623
526.8,-9.00498004103617,-1.78608389954031
526.9,-9.61533157454603,-2.24995106500781
527,-10.6895502735234,-2.86030259851766
527.1,-11.4463861750756,-1.10249018200927
527.2,-12.8624017328185,0.728564418520304
527.3,-13.4239251436475,0.850634725222277
527.4,-12.3741205060106,-0.125927728393499
527.5,-11.0801752549697,-1.27338861139203
527.6,-11.2510736843524,-1.51752922479598
527.7,-12.3252923833298,-1.34663079541322
527.8,-13.5215813890091,-0.980419875307301
527.9,-12.8868157941589,-1.12690424334967
528,-11.3731439910544,-1.32221673407282
528.1,-11.4952142977564,-0.125927728393502
528.2,-12.6426751807549,0.386767559754783
528.3,-12.7647454874569,-1.27338861139203
528.4,-13.7657220024131,-1.46870110211519
528.5,-13.7168938797323,-2.39643543305017
528.6,-12.154393953947,-1.73725577685953
528.7,-10.7383783962042,-0.247998035095472
528.8,-11.8370111565219,-0.614208955201384
528.9,-12.1788080152874,-1.71284171551913
529,-11.1534174389909,-1.8349120222211
529.1,-12.0811517699258,-1.66401359283834
529.2,-12.8379876714781,-1.49311516345558
529.3,-12.5450189353933,-1.44428704077479
529.4,-12.3741205060106,-1.0048339366477
529.5,-11.6416986657988,-0.614208955201386
529.6,-11.2754877456928,-0.9804198753073
529.7,-11.8125970951815,-1.15131830469006
529.8,-11.8614252178623,-1.56635734747676
529.9,-12.4229486286914,-1.32221673407282
530,-11.2999018070332,-1.51752922479598
530.1,-10.8360346415657,-1.90815420624229
530.2,-11.3243158683736,-1.81049796088071
530.3,-12.2520501993086,-1.8349120222211
530.4,-12.520604874053,-0.687451139222569
530.5,-11.6905267884795,0.337939437073992
530.6,-11.7149408498199,-0.394482403137837
530.7,-11.0801752549697,-2.17670888098662
530.8,-10.1036128013539,-1.395458918094
530.9,-9.46884720650366,-0.882763629945723
531,-9.20029253175932,-0.101513667053105
531.1,-10.8848627642465,-0.736279261903357
531.2,-12.0323236472451,-0.516552709839809
531.3,-11.0313471322889,-0.638623016541781
531.4,-9.51767532918445,-2.10346669696544
531.5,-9.07822222505735,-1.44428704077479
531.6,-9.61533157454602,-0.980419875307302
531.7,-9.93271437197115,-0.9804198753073
531.8,-9.98154249465194,0.093798823670052
531.9,-10.0791987400135,0.044970700989262
532,-10.9092768255869,-0.589794893860989
532.1,-10.3721674760982,-1.88374014490189
532.2,-10.3965815374386,-1.27338861139203
532.3,-9.88388624929036,-1.29780267273242
532.4,-10.9581049482677,-1.71284171551913
532.5,-11.2022455616717,-1.90815420624228
532.6,-10.5918940281618,-2.12788075830584
532.7,-9.02939410237656,-1.59077140881716
532.8,-8.58994099824947,-1.4198729794344
532.9,-9.76181594258839,-0.785107384584146
533,-9.98154249465194,-0.101513667053104
533.1,-9.2735347157805,-0.956005813966908
533.2,-9.00498004103617,-1.61518547015755
533.3,-9.37119096114208,-1.56635734747676
533.4,-9.07822222505735,-2.07905263562504
533.5,-9.51767532918445,-1.51752922479597
533.6,-9.46884720650366,-0.809521445924538
533.7,-9.54208939052484,-2.10346669696544
533.8,-8.51669881422828,-1.8349120222211
533.9,-7.63779260597409,-1.46870110211519
534,-8.12607383278197,-1.0048339366477
534.1,-9.2735347157805,-0.321240219116652
534.2,-9.90830031063076,-0.785107384584147
534.3,-9.12705034773814,-0.980419875307301
534.4,-9.07822222505735,-1.51752922479597
534.5,-8.71201130495144,-1.73725577685952
534.6,-8.56552693690907,-2.42084949439056
534.7,-8.29697226216473,-1.4198729794344
534.8,-8.54111287556868,-0.907177691286117
534.9,-8.73642536629183,-0.90717769128612
535,-8.17490195546276,-0.29682615777626
535.1,-8.56552693690907,-0.907177691286117
535.2,-8.80966755031301,-2.37202137170978
535.3,-9.15146440907853,-1.63959953149795
535.4,-8.4434566302071,-2.20112294232702
535.5,-7.83310509669724,-2.7138182304753
535.6,-7.90634728071842,-2.10346669696544
535.7,-8.54111287556868,-1.66401359283834
535.8,-7.80869103535684,-2.56733386243293
535.9,-7.80869103535685,-1.68842765417874
536,-8.66318318227065,-2.46967761707135
536.1,-8.66318318227065,-1.81049796088071
536.2,-8.93173785701499,-1.10249018200927
536.3,-7.24716762452778,-2.37202137170978
536.4,-7.32040980854896,-2.61616198511372
536.5,-7.29599574720857,-1.49311516345558
536.6,-8.32138632350513,-0.931591752626513
536.7,-7.88193321937803,0.167041007691233
536.8,-6.88095670442186,-0.321240219116653
536.9,-6.75888639771989,-1.37104485675361
537,-7.66220666731448,-1.44428704077479
537.1,-7.95517540339921,-1.22456048871124
537.2,-8.32138632350513,-1.29780267273243
537.3,-7.51572229927212,-1.22456048871124
537.4,-7.39365199257014,-1.46870110211519
537.5,-7.19833950184699,-0.663037077882174
537.6,-7.29599574720857,-1.54194328613637
537.7,-7.24716762452778,-0.272412096435866
537.8,-8.07724571010118,-0.418896464478227
537.9,-9.22470659309971,-0.907177691286117
538,-8.07724571010118,-0.809521445924538
538.1,-6.46591766163516,-0.809521445924538
538.2,-7.29599574720856,-0.614208955201387
538.3,-7.39365199257014,-0.540966771180202
538.4,-6.14853486421003,-1.66401359283834
538.5,-6.78330045906029,-1.4198729794344
538.6,-6.27060517091201,-0.785107384584147
538.7,-6.49033172297555,-0.46772458715902
538.8,-6.02646455750806,-0.467724587159019
538.9,-6.46591766163516,-0.809521445924543
539,-6.95419888844305,-0.638623016541781
539.1,-6.95419888844305,-0.956005813966905
539.2,-7.49130823793172,-1.32221673407282
539.3,-6.36826141627358,-1.61518547015755
539.4,-5.95322237348688,-3.27534164130437
539.5,-6.00205049616767,-3.37299788666594
539.6,-7.05185513380462,-1.29780267273243
539.7,-7.1739254405066,-0.223583973755073
539.8,-6.22177704823122,-0.516552709839806
539.9,-5.83115206678491,-1.395458918094
540,-5.19638647193466,-1.27338861139203
540.1,-5.46494114667899,0.875048786562665
540.2,-6.56357390699674,1.29008782934937
540.3,-6.24619110957161,0.044970700989262
540.4,-5.80673800544451,-0.296826157776259
540.5,-7.02744107246423,-0.736279261903357
540.6,-6.75888639771989,-1.17573236603046
540.7,-6.92978482710265,-1.44428704077479
540.8,-6.88095670442186,-2.32319324902899
540.9,-6.34384735493319,-0.540966771180203
541,-6.56357390699674,0.093798823670052
541.1,-6.85654264308147,-0.980419875307298
541.2,-6.95419888844304,-2.32319324902899
541.3,-6.270605170912,-1.85932608356149
541.4,-7.51572229927212,-1.78608389954031
541.5,-7.1495113791662,-1.20014642737085
541.6,-5.95322237348688,-0.614208955201384
541.7,-5.70908176008294,-0.394482403137836
541.8,-6.24619110957161,-1.4198729794344
541.9,-6.44150360029477,-1.46870110211518
542,-5.78232394410412,-1.73725577685952
542.1,-5.95322237348688,-0.833935507264934
542.2,-6.61240202967753,-0.345654280457049
542.3,-5.56259739204057,0.0205566396488663
542.4,-5.56259739204057,-0.565380832520597
542.5,-7.00302701112384,-0.931591752626513
542.6,-6.14853486421003,-0.247998035095466
542.7,-5.8555661281253,-0.223583973755079
542.8,-6.51474578431595,-2.17670888098662
542.9,-6.7344723363795,-0.907177691286117
543,-6.75888639771989,0.0937988236700505
543.1,-6.07529268018885,-1.61518547015755
543.2,-6.90537076576226,-2.12788075830583
543.3,-7.00302701112384,-1.49311516345558
543.4,-6.3194332935928,-0.272412096435863
543.5,-5.66025363740215,-0.174755851074291
543.6,-6.09970674152924,-0.51655270983981
543.7,-6.51474578431595,-0.370068341797442
543.8,-6.14853486421003,-0.711865200562963
543.9,-6.63681609101792,-0.711865200562967
544,-6.78330045906028,-1.24897455005164
544.1,-5.83115206678491,-0.882763629945725
544.2,-6.39267547761398,-1.0048339366477
544.3,-7.34482386988936,-1.395458918094
544.4,-7.71103478999527,-1.37104485675361
544.5,-6.07529268018885,-0.540966771180202
544.6,-6.09970674152924,-0.272412096435863
544.7,-5.95322237348688,-0.0526855443723136
544.8,-5.17197241059426,-1.51752922479597
544.9,-5.09873022657308,-2.10346669696544
545,-5.70908176008294,-1.81049796088071
545.1,-5.07431616523268,-0.638623016541781
545.2,-5.0010739812115,-0.614208955201384
545.3,-4.5860349384248,-0.956005813966905
545.4,-5.36728490131742,-1.51752922479598
545.5,-7.24716762452778,-0.85834956860533
545.6,-7.44248011525093,0.362353498414389
545.7,-6.85654264308147,-1.88374014490189
545.8,-5.63583957606175,-2.10346669696544
545.9,-6.07529268018885,-1.90815420624228
546,-6.66123015235832,-1.93256826758268
546.1,-6.61240202967753,-2.03022451294426
546.2,-6.41708953895437,-1.56635734747676
546.3,-7.12509731782581,-2.24995106500781
546.4,-6.14853486421004,-2.10346669696544
546.5,-5.26962865595584,-0.223583973755073
546.6,-5.58701145338096,0.728564418520303
546.7,-6.00205049616767,0.289111314393206
546.8,-6.51474578431595,-1.59077140881715
546.9,-6.51474578431595,-2.2743651263482
547,-6.34384735493319,-1.22456048871124
547.1,-6.22177704823122,-0.858349568605328
547.2,-6.17294892555043,-1.00483393664769
547.3,-6.12412080286964,-1.22456048871124
547.4,-6.270605170912,-1.8593260835615
547.5,-6.63681609101792,-0.931591752626513
547.6,-5.97763643482728,-0.418896464478232
547.7,-5.90439425080609,-1.0048339366477
547.8,-5.34287083997702,-1.32221673407282
547.9,-5.58701145338097,-2.07905263562504
548,-5.75790988276372,-1.49311516345558
548.1,-5.39169896265781,-0.882763629945723
548.2,-5.58701145338096,-1.8349120222211
548.3,-6.17294892555043,-2.20112294232702
548.4,-6.51474578431595,-2.83588853717727
548.5,-6.58798796833713,-2.88471665985806
548.6,-6.92978482710265,-2.39643543305017
548.7,-7.41806605391054,-1.4198729794344
548.8,-9.2979487771209,-1.63959953149795
548.9,-10.2745112307367,-1.78608389954031
549,-11.6661127271391,-0.321240219116655
549.1,-11.5684564817776,-0.00385742169152934
549.2,-10.8116205802253,-0.272412096435866
549.3,-9.07822222505735,-0.199169912414682
549.4,-9.56650345186524,-0.809521445924541
549.5,-10.3965815374386,-1.37104485675361
549.6,-11.1534174389909,-0.711865200562961
549.7,-11.5684564817776,0.191455069031625
549.8,-11.9834955245643,-0.565380832520597
549.9,-11.6905267884795,-1.34663079541321
550,-11.0801752549697,-0.63862301654178
550.1,-10.5186518441406,-0.907177691286118
550.2,-10.4942377828002,-1.05366205932848
550.3,-10.8116205802253,-0.711865200562964
550.4,-11.0557611936293,-1.66401359283834
550.5,-11.2754877456928,-1.78608389954031
550.6,-11.1778315003313,-0.809521445924541
550.7,-11.4952142977564,-0.540966771180204
550.8,-10.8360346415657,-0.760693323243751
550.9,-10.3477534147579,-1.29780267273243
551,-10.8360346415657,-1.46870110211518
551.1,-11.4219721137352,-1.46870110211519
551.2,-9.15146440907853,-0.93159175262651
551.3,-9.12705034773814,-1.05366205932848
551.4,-9.17587847041893,-2.17670888098662
551.5,-9.10263628639775,-1.63959953149795
551.6,-9.88388624929036,-1.22456048871124
551.7,-9.34677689980169,-1.02924799798809
551.8,-8.66318318227065,-0.663037077882176
551.9,-10.1036128013539,-0.833935507264935
552,-10.1768549853751,-1.61518547015755
552.1,-9.44443314516326,-1.8593260835615
552.2,-9.78623000392878,-1.22456048871124
552.3,-10.0303706173327,-2.2743651263482
552.4,-10.8116205802253,-2.51850573975214
552.5,-11.4219721137352,-2.61616198511372
552.6,-11.4952142977564,-1.61518547015755
552.7,-10.2012690467155,-1.05366205932848
552.8,-9.15146440907853,-1.49311516345558
552.9,-10.1036128013539,-1.4198729794344
553,-10.2989252920771,-1.24897455005164
553.1,-9.90830031063076,-2.24995106500781
553.2,-8.68759724361104,-3.05561508924082
553.3,-9.83505812660957,-2.93354478253885
553.4,-9.81064406526918,-2.17670888098662
553.5,-9.81064406526918,-1.37104485675361
553.6,-9.68857375856721,-0.711865200562964
553.7,-9.2979487771209,-0.809521445924541
553.8,-8.83408161165341,-1.34663079541322
553.9,-8.51669881422828,-2.15229481964623
554,-8.78525348897262,-2.05463857428465
554.1,-9.22470659309972,-2.10346669696544
554.2,-9.2979487771209,-2.6894041691349
554.3,-9.12705034773814,-2.54291980109253
554.4,-9.00498004103617,-2.37202137170978
554.5,-9.2979487771209,-2.17670888098662
554.6,-9.34677689980169,-1.90815420624228
554.7,-9.34677689980169,-2.73823229181569
554.8,-8.56552693690907,-2.6894041691349
554.9,-8.05283164876079,-2.66499010779451
555,-9.00498004103617,-2.22553700366741
555.1,-9.22470659309972,-2.10346669696544
555.2,-10.0059565559923,-2.46967761707135
555.3,-9.61533157454602,-2.37202137170978
555.4,-7.97958946473961,-1.37104485675361
555.5,-7.41806605391054,-1.22456048871124
555.6,-8.15048789412237,-1.15131830469006
555.7,-7.51572229927212,-0.858349568605327
555.8,-7.71103478999527,-1.15131830469006
555.9,-8.4434566302071,-3.17768539594279
556,-8.4434566302071,-2.7138182304753
556.1,-8.71201130495144,-2.10346669696544
556.2,-8.51669881422828,-1.51752922479598
556.3,-8.39462850752631,-0.809521445924543
556.4,-9.20029253175932,-1.10249018200927
556.5,-8.73642536629183,-1.39545891809401
556.6,-9.46884720650366,-1.17573236603045
556.7,-9.737401881248,-0.223583973755078
556.8,-8.63876912093025,-0.907177691286117
556.9,-8.24814413948394,-2.03022451294425
557,-8.51669881422828,-1.32221673407282
557.1,-8.39462850752631,-1.02924799798809
557.2,-9.68857375856721,-0.858349568605327
557.3,-9.66415969722681,-1.10249018200927
557.4,-8.71201130495144,-0.687451139222571
557.5,-9.07822222505735,-1.95698232892307
557.6,-9.07822222505735,-2.24995106500781
557.7,-7.44248011525093,-0.443310525818626
557.8,-7.83310509669724,-1.12690424334967
557.9,-8.80966755031301,-2.7138182304753
558,-8.32138632350513,-1.68842765417874
558.1,-7.78427697401645,-1.95698232892307
558.2,-7.32040980854896,-1.81049796088071
558.3,-8.05283164876079,-1.8593260835615
558.4,-7.05185513380462,-0.34565428045705
558.5,-7.41806605391054,0.752978479860695
558.6,-6.97861294978344,-0.32124021911665
558.7,-7.22275356318738,-2.05463857428465
558.8,-7.97958946473961,-2.90913072119845
558.9,-6.90537076576226,-1.81049796088071
559,-6.7344723363795,-0.565380832520596
559.1,-8.07724571010118,-0.736279261903354
559.2,-7.61337854463369,-1.27338861139203
559.3,-7.27158168586817,-1.93256826758268
559.4,-8.15048789412237,-1.71284171551913
559.5,-7.83310509669724,-0.833935507264937
559.6,-6.75888639771989,-1.4198729794344
559.7,-6.83212858174107,-3.03120102790042
559.8,-6.12412080286964,-2.10346669696544
559.9,-5.8799801894657,-0.833935507264937
560,-5.68466769874254,-1.95698232892307
560.1,-6.17294892555043,-1.90815420624229
560.2,-7.5645504219529,-2.2743651263482
560.3,-7.39365199257014,-1.98139639026347
560.4,-7.34482386988935,-1.32221673407282
560.5,-6.56357390699674,-1.8593260835615
560.6,-6.68564421369871,-1.12690424334966
560.7,-6.97861294978344,-0.809521445924537
560.8,-6.66123015235831,-0.492138648499414
560.9,-5.83115206678491,-0.638623016541779
561,-5.34287083997702,-1.24897455005164
561.1,-5.51376926935978,-1.395458918094
561.2,-5.73349582142333,-2.39643543305017
561.3,-6.83212858174107,-2.37202137170977
561.4,-7.12509731782581,-2.51850573975214
561.5,-6.90537076576226,-1.88374014490189
561.6,-6.3194332935928,-0.833935507264934
561.7,-7.29599574720856,-0.736279261903358
561.8,-8.07724571010118,-0.931591752626511
561.9,-6.90537076576226,-0.711865200562961
562,-6.09970674152924,-1.78608389954031
562.1,-6.39267547761398,-2.64057604645411
562.2,-7.34482386988936,-2.49409167841175
562.3,-7.88193321937803,-1.51752922479597
562.4,-7.78427697401645,-1.88374014490189
562.5,-8.37021444618592,-3.44624007068712
562.6,-7.88193321937803,-3.44624007068713
562.7,-7.90634728071842,-2.10346669696544
562.8,-6.56357390699674,-1.27338861139203
562.9,-6.66123015235831,-2.03022451294426
563,-7.07626919514502,-2.05463857428465
563.1,-7.61337854463369,-1.20014642737085
563.2,-7.97958946473961,-1.4198729794344
563.3,-7.83310509669724,-2.17670888098662
563.4,-6.12412080286964,-1.81049796088071
563.5,-5.39169896265781,-1.46870110211519
563.6,-6.05087861884845,-2.76264635315609
563.7,-6.66123015235831,-2.2743651263482
563.8,-8.34580038484552,-1.12690424334967
563.9,-7.44248011525093,-0.833935507264935
564,-6.19736298689082,-1.8349120222211
564.1,-6.7100582750391,-2.66499010779451
564.2,-6.44150360029476,-1.78608389954031
564.3,-6.92978482710265,-0.858349568605333
564.4,-6.75888639771989,0.0205566396488692
564.5,-6.7100582750391,-0.199169912414682
564.6,-7.39365199257014,-1.395458918094
564.7,-6.12412080286964,-1.37104485675361
564.8,-5.8555661281253,-0.687451139222566
564.9,-5.97763643482727,0.19145506903163
565,-7.07626919514502,0.167041007691233
565.1,-7.32040980854896,-1.49311516345558
565.2,-5.92880831214649,-1.4198729794344
565.3,-4.78134742914795,-1.37104485675361
565.4,-5.8555661281253,-1.15131830469006
565.5,-7.22275356318738,-1.20014642737085
565.6,-6.39267547761398,-1.54194328613637
565.7,-5.70908176008294,-1.395458918094
565.8,-5.8555661281253,-0.687451139222567
565.9,-7.1250973178258,-0.785107384584144
566,-6.95419888844305,-1.05366205932848
566.1,-6.78330045906029,-0.760693323243751
566.2,-6.53915984565634,-1.71284171551913
566.3,-5.78232394410412,-1.63959953149795
566.4,-5.95322237348688,-0.394482403137837
566.5,-6.46591766163516,0.264697253052813
566.6,-6.92978482710265,-0.370068341797442
566.7,-7.39365199257014,-0.956005813966904
566.8,-6.36826141627358,-0.736279261903358
566.9,-5.68466769874254,-0.321240219116652
567,-5.63583957606175,-0.589794893860993
567.1,-5.58701145338096,-1.20014642737085
567.2,-5.48935520801939,-1.49311516345558
567.3,-5.97763643482727,-0.418896464478227
567.4,-6.09970674152925,-0.736279261903357
567.5,-6.75888639771989,-0.858349568605327
567.6,-7.05185513380462,-0.687451139222563
567.7,-6.97861294978344,-0.150341789733895
567.8,-5.97763643482727,-0.272412096435866
567.9,-6.61240202967753,-0.589794893860993
568,-6.24619110957161,-0.540966771180202
568.1,-6.3194332935928,-1.8104979608807
568.2,-6.36826141627358,-1.8349120222211
568.3,-6.07529268018885,-1.395458918094
568.4,-5.4405270853386,-0.0770996057127135
568.5,-5.70908176008294,0.215869130372019
568.6,-5.39169896265781,-1.44428704077479
568.7,-5.0010739812115,-1.02924799798809
568.8,-4.83017555182874,-1.46870110211518
568.9,-4.80576149048835,-1.02924799798809
569,-5.66025363740215,-0.980419875307298
569.1,-5.8799801894657,-0.516552709839803
569.2,-6.56357390699674,-1.20014642737085
569.3,-6.7100582750391,-1.27338861139203
569.4,-6.3194332935928,-2.05463857428465
569.5,-6.12412080286964,-2.22553700366741
569.6,-6.41708953895437,-1.32221673407282
569.7,-5.95322237348688,-0.785107384584147
569.8,-5.31845677863663,-1.90815420624228
569.9,-5.14755834925387,-2.66499010779451
570,-5.22080053327505,-2.37202137170978
570.1,-5.53818333070017,-0.73627926190336
570.2,-5.92880831214649,-1.05366205932848
570.3,-5.87998018946569,-1.12690424334966
570.4,-6.07529268018885,-1.22456048871124
570.5,-6.56357390699674,-1.395458918094
570.6,-6.51474578431595,-1.78608389954031
570.7,-5.66025363740215,-1.95698232892307
570.8,-5.56259739204057,-2.00581045160386
570.9,-5.07431616523268,-2.20112294232701
571,-6.68564421369871,-0.80952144592454
571.1,-7.29599574720857,-0.565380832520596
571.2,-5.12314428791347,-1.37104485675361
571.3,-4.46396463172283,-0.931591752626513
571.4,-5.48935520801939,-0.516552709839806
571.5,-5.36728490131742,-0.980419875307302
571.6,-4.95224585853071,-1.46870110211519
571.7,-5.56259739204057,-2.07905263562504
571.8,-5.78232394410412,-2.17670888098662
571.9,-6.19736298689082,-1.73725577685952
572,-6.34384735493319,-0.394482403137833
572.1,-5.8799801894657,-0.41889646447823
572.2,-5.90439425080609,-1.29780267273243
572.3,-7.44248011525093,-1.07807612066888
572.4,-7.02744107246423,-0.711865200562961
572.5,-6.44150360029476,-1.66401359283834
572.6,-6.36826141627358,-1.76166983819992
572.7,-6.24619110957161,-2.32319324902899
572.8,-5.29404271729623,-1.8349120222211
572.9,-5.8555661281253,-0.516552709839806
573,-6.22177704823122,-1.05366205932849
573.1,-6.61240202967753,-1.8593260835615
573.2,-6.07529268018885,-1.51752922479597
573.3,-6.02646455750806,-1.02924799798809
573.4,-5.4405270853386,-1.51752922479597
573.5,-5.70908176008294,-1.02924799798809
573.6,-5.80673800544451,-1.17573236603046
573.7,-6.07529268018885,-0.663037077882173
573.8,-7.34482386988936,-0.467724587159017
573.9,-6.66123015235831,-1.51752922479597
574,-4.19540995697849,-0.247998035095472
574.1,-5.0010739812115,0.044970700989262
574.2,-5.0010739812115,-0.858349568605325
574.3,-4.70810524512677,-0.24799803509547
574.4,-6.09970674152924,-0.418896464478233
574.5,-6.34384735493319,-1.02924799798809
574.6,-6.78330045906029,-1.61518547015755
574.7,-6.34384735493319,-1.66401359283834
574.8,-4.9766599198711,-1.8349120222211
574.9,-5.68466769874254,-1.44428704077479
575,-5.19638647193466,-2.59174792377332
575.1,-5.78232394410412,-2.42084949439057
575.2,-5.75790988276372,-1.76166983819992
575.3,-6.19736298689082,-1.29780267273243
575.4,-6.66123015235831,-0.760693323243751
575.5,-6.41708953895437,-0.76069332324375
575.6,-5.80673800544451,-1.20014642737085
575.7,-5.29404271729623,-0.833935507264931
575.8,-5.70908176008294,-0.540966771180203
575.9,-6.22177704823122,-2.37202137170978
576,-5.51376926935978,-2.15229481964623
576.1,-6.49033172297555,-2.07905263562504
576.2,-6.39267547761398,-1.15131830469006
576.3,-6.02646455750806,-1.20014642737085
576.4,-5.68466769874254,-0.492138648499412
576.5,-5.51376926935978,-0.199169912414681
576.6,-6.02646455750806,-0.68745113922257
576.7,-5.46494114667899,-1.24897455005164
576.8,-5.22080053327505,-0.785107384584147
576.9,-6.19736298689082,-1.05366205932848
577,-6.80771452040068,-1.56635734747676
577.1,-5.24521459461544,-1.20014642737085
577.2,-4.95224585853071,-1.20014642737085
577.3,-5.36728490131742,-1.90815420624228
577.4,-5.0010739812115,-2.95795884387924
577.5,-4.87900367450953,-1.93256826758268
577.6,-6.19736298689082,-0.394482403137836
577.7,-5.8799801894657,-1.17573236603045
577.8,-5.97763643482727,-1.27338861139203
577.9,-6.58798796833713,-0.809521445924538
578,-7.12509731782581,-1.34663079541321
578.1,-6.75888639771989,-1.22456048871124
578.2,-6.66123015235832,-0.833935507264934
578.3,-6.09970674152924,-1.10249018200927
578.4,-6.09970674152925,-0.809521445924538
578.5,-6.31943329359279,-1.76166983819992
578.6,-5.48935520801939,-2.42084949439056
578.7,-5.19638647193466,-1.395458918094
578.8,-6.53915984565634,-0.663037077882176
578.9,-7.27158168586817,-0.711865200562963
579,-5.97763643482727,-0.90717769128612
579.1,-5.8555661281253,-1.54194328613637
579.2,-6.02646455750806,-0.443310525818626
579.3,-6.34384735493319,0.0205566396488663
579.4,-6.19736298689082,-0.41889646447823
579.5,-4.95224585853071,-1.12690424334966
579.6,-5.26962865595584,-0.687451139222573
579.7,-6.12412080286964,-0.663037077882174
579.8,-6.56357390699674,-1.71284171551913
579.9,-6.3194332935928,-1.37104485675361
580,-7.00302701112383,-0.785107384584146
580.1,-6.85654264308147,0.411181621095177
580.2,-6.44150360029477,1.21684564532819
580.3,-6.63681609101792,0.240283191712416
580.4,-5.51376926935978,-0.85834956860533
580.5,-4.41513650904204,-1.51752922479597
580.6,-5.78232394410412,-1.56635734747676
580.7,-5.78232394410412,-1.15131830469006
580.8,-6.49033172297555,-0.296826157776259
580.9,-6.51474578431595,-1.05366205932848
581,-6.14853486421003,-1.22456048871125
581.1,-6.34384735493319,-1.46870110211518
581.2,-6.85654264308147,-1.05366205932849
581.3,-6.90537076576226,-1.32221673407282
581.4,-7.29599574720857,-2.03022451294426
581.5,-7.1739254405066,-1.20014642737085
581.6,-6.83212858174108,0.337939437073993
581.7,-6.05087861884846,-1.32221673407282
581.8,-5.19638647193466,-1.95698232892307
581.9,-6.51474578431595,-1.07807612066888
582,-7.51572229927212,-0.760693323243751
582.1,-7.34482386988935,-0.394482403137836
582.2,-6.75888639771989,0.118212885010441
582.3,-6.95419888844305,-0.24799803509547
582.4,-7.5645504219529,-1.49311516345558
582.5,-7.1495113791662,-1.22456048871124
582.6,-6.63681609101792,-0.516552709839813
582.7,-6.14853486421003,0.386767559754779
582.8,-6.02646455750806,0.875048786562668
582.9,-6.05087861884846,-0.443310525818623
583,-7.00302701112383,-1.15131830469006
583.1,-7.36923793122975,-0.247998035095472
583.2,-6.78330045906029,-0.418896464478232
583.3,-6.00205049616767,0.0449707009892592
583.4,-5.22080053327505,0.313525375733596
583.5,-5.73349582142333,-0.394482403137835
583.6,-6.51474578431595,-0.638623016541774
583.7,-6.66123015235831,-0.638623016541781
583.8,-7.10068325648541,-0.858349568605327
583.9,-6.3194332935928,0.118212885010449
584,-6.22177704823122,-0.0282714830319208
584.1,-6.39267547761398,-1.51752922479598
584.2,-6.44150360029477,-2.22553700366741
584.3,-5.83115206678491,-0.614208955201386
584.4,-5.36728490131742,-0.125927728393499
584.5,-6.41708953895437,-1.05366205932848
584.6,-6.02646455750806,-1.4198729794344
584.7,-4.26865214099967,-1.29780267273242
584.8,-4.09775371161691,-1.22456048871124
584.9,-4.21982401831888,-0.736279261903357
585,-3.82919903687257,-0.174755851074289
585.1,-4.5860349384248,-1.12690424334966
585.2,-5.63583957606175,-1.17573236603046
585.3,-5.83115206678491,-0.0526855443723179
585.4,-4.95224585853071,0.167041007691232
585.5,-4.95224585853071,-0.370068341797442
585.6,-5.68466769874254,-0.858349568605328
585.7,-6.09970674152925,-0.492138648499414
585.8,-5.24521459461544,-0.663037077882173
585.9,-5.22080053327505,-0.223583973755073
586,-5.66025363740215,-0.24799803509547
586.1,-5.97763643482727,-0.247998035095473
586.2,-4.97665991987111,-0.467724587159022
586.3,-5.80673800544451,-0.711865200562966
586.4,-6.24619110957161,-0.394482403137839
586.5,-5.90439425080609,-0.00385742169152934
586.6,-5.97763643482727,-0.540966771180203
586.7,-5.90439425080609,-0.80952144592454
586.8,-5.8555661281253,-0.394482403137836
586.9,-5.8799801894657,-0.565380832520597
587,-6.19736298689082,-1.05366205932848
587.1,-6.12412080286964,-1.395458918094
587.2,-5.14755834925387,-2.34760731036938
587.3,-5.92880831214649,-2.46967761707135
587.4,-6.46591766163516,-2.00581045160386
587.5,-6.80771452040068,-1.61518547015755
587.6,-6.75888639771989,-2.05463857428465
587.7,-5.83115206678491,-1.44428704077479
587.8,-5.46494114667899,-1.44428704077479
587.9,-6.31943329359279,-1.07807612066887
588,-5.63583957606175,-0.00385742169152934
588.1,-4.78134742914795,-0.614208955201386
588.2,-5.04990210389229,-0.394482403137837
588.3,-5.92880831214648,-0.589794893860994
588.4,-5.29404271729623,-1.0048339366477
588.5,-4.36630838636125,-1.51752922479598
588.6,-5.31845677863663,-1.22456048871124
588.7,-4.73251930646716,-0.663037077882174
588.8,-5.22080053327505,-0.882763629945723
588.9,-5.46494114667899,-0.0282714830319236
589,-4.90341773584992,0.582080050477937
589.1,-4.39072244770164,0.167041007691235
589.2,-4.90341773584992,-0.931591752626511
589.3,-6.44150360029476,-0.760693323243753
589.4,-6.22177704823122,-0.760693323243751
589.5,-5.4161130239982,-1.07807612066888
589.6,-5.22080053327505,-0.345654280457049
589.7,-5.92880831214649,-0.589794893860991
589.8,-5.75790988276372,-1.05366205932848
589.9,-5.80673800544451,-0.882763629945724
590,-5.46494114667899,-0.785107384584147
590.1,-5.70908176008294,-1.12690424334966
590.2,-6.36826141627358,-1.44428704077479
590.3,-5.8799801894657,-0.63862301654178
590.4,-5.80673800544451,-0.956005813966901
590.5,-5.80673800544451,-1.98139639026346
590.6,-6.68564421369871,-1.59077140881716
590.7,-5.68466769874254,-0.345654280457049
590.8,-4.83017555182874,0.362353498414387
590.9,-4.78134742914795,-0.296826157776262
591,-4.70810524512677,-2.51850573975214
591.1,-5.04990210389229,-2.64057604645411
591.2,-4.78134742914795,-1.81049796088071
591.3,-5.39169896265781,-1.37104485675361
591.4,-5.19638647193466,-0.345654280457049
591.5,-5.34287083997702,0.337939437073992
591.6,-5.51376926935978,-0.907177691286117
591.7,-5.31845677863663,0.191455069031629
591.8,-4.75693336780756,0.313525375733596
591.9,-4.80576149048835,-1.59077140881716
592,-5.0254880425519,-0.663037077882173
592.1,-4.51279275440362,-1.22456048871125
592.2,-4.46396463172283,-2.90913072119845
592.3,-4.31748026368046,-2.46967761707135
592.4,-4.29306620234007,-1.8349120222211
592.5,-5.0254880425519,-1.81049796088071
592.6,-4.78134742914795,-2.00581045160386
592.7,-3.68271466883021,-0.492138648499416
592.8,-3.36533187140508,0.582080050477936
592.9,-3.87802715955336,0.289111314393203
593,-4.34189432502086,-1.15131830469006
593.1,-5.09873022657308,-0.199169912414681
593.2,-5.78232394410412,0.093798823670052
593.3,-5.68466769874254,-0.663037077882173
593.4,-5.8799801894657,-1.15131830469006
593.5,-5.22080053327505,-0.272412096435863
593.6,-5.0010739812115,-0.125927728393501
593.7,-5.07431616523268,-0.71186520056296
593.8,-4.21982401831888,-0.223583973755078
593.9,-3.7071287301706,-0.0526855443723207
594,-4.95224585853071,-0.125927728393498
594.1,-5.97763643482728,-1.22456048871124
594.2,-5.24521459461544,-1.4198729794344
594.3,-4.41513650904204,-0.785107384584147
594.4,-4.36630838636125,-0.345654280457043
594.5,-3.21884750336271,-1.07807612066888
594.6,-3.7071287301706,-0.663037077882176
594.7,-5.29404271729623,0.411181621095177
594.8,-5.4405270853386,-0.150341789733893
594.9,-5.22080053327505,-0.199169912414681
595,-4.5860349384248,-0.907177691286115
595.1,-3.58505842346863,-0.492138648499416
595.2,-3.04794907397996,0.289111314393205
595.3,-3.731542791511,0.142626946350838
595.4,-4.17099589563809,-0.687451139222569
595.5,-3.48740217810705,-1.71284171551913
595.6,-2.38876941778931,-1.46870110211519
595.7,-3.56064436212824,-1.0048339366477
595.8,-4.87900367450953,-0.736279261903356
595.9,-4.90341773584992,-0.150341789733893
596,-4.12216777295731,-0.736279261903356
596.1,-4.02451152759573,-0.785107384584144
596.2,-4.19540995697849,-0.492138648499414
596.3,-3.43857405542627,-0.150341789733891
596.4,-3.19443344202232,-0.931591752626511
596.5,-3.87802715955336,-0.711865200562961
596.6,-3.87802715955336,-2.46967761707135
596.7,-3.68271466883021,-2.51850573975214
596.8,-4.43955057038243,-0.68745113922257
596.9,-5.95322237348688,-1.4198729794344
597,-6.00205049616767,-0.101513667053105
597.1,-4.75693336780756,-0.125927728393499
597.2,-4.95224585853071,-0.492138648499414
597.3,-5.07431616523268,0.679736295839515
597.4,-5.92880831214648,0.191455069031626
597.5,-6.09970674152924,-0.907177691286117
597.6,-5.92880831214648,-1.73725577685952
597.7,-5.0010739812115,-1.93256826758268
597.8,-3.7071287301706,-0.956005813966907
597.9,-4.02451152759573,0.0937988236700491
598,-5.24521459461544,-1.02924799798809
598.1,-4.97665991987111,-0.614208955201387
598.2,-4.43955057038243,-0.907177691286117
598.3,-4.5616208770844,-1.17573236603045
598.4,-4.92783179719032,-0.760693323243748
598.5,-5.24521459461544,-0.663037077882173
598.6,-4.83017555182874,-1.46870110211518
598.7,-5.61142551472136,-2.12788075830583
598.8,-5.51376926935978,-0.931591752626511
598.9,-5.09873022657308,-0.687451139222567
599,-4.83017555182874,-1.51752922479598
599.1,-5.41611302399821,-0.785107384584146
599.2,-5.51376926935978,-0.052685544372315
599.3,-4.97665991987111,-0.00385742169152508
599.4,-4.26865214099967,-1.37104485675361
599.5,-3.731542791511,-1.56635734747676
599.6,-4.02451152759573,-0.931591752626511
599.7,-4.09775371161691,-1.59077140881716
599.8,-4.51279275440361,-1.8349120222211
599.9,-5.68466769874254,-1.61518547015755
600,-5.97763643482727,-2.15229481964623
600.1,-4.51279275440362,-1.93256826758268
600.2,-4.1221677729573,-0.931591752626511
600.3,-4.36630838636125,-1.4198729794344
600.4,-3.51181623944745,-1.71284171551913
600.5,-2.60849596985286,-2.05463857428465
600.6,-2.68173815387404,-1.85932608356149
600.7,-4.07333965027652,-1.20014642737085
600.8,-4.87900367450953,-1.78608389954031
600.9,-3.56064436212824,-2.20112294232702
601,-4.07333965027652,-1.95698232892307
601.1,-4.80576149048835,-0.638623016541779
601.2,-4.68369118378638,-0.0770996057127107
601.3,-5.19638647193466,-0.663037077882176
601.4,-5.07431616523268,-0.956005813966905
601.5,-4.83017555182874,-1.12690424334967
601.6,-4.90341773584993,-1.4198729794344
601.7,-5.09873022657308,-0.687451139222567
601.8,-4.41513650904204,-1.05366205932848
601.9,-4.36630838636125,-2.22553700366741
602,-5.22080053327505,-2.17670888098662
602.1,-5.46494114667899,-1.395458918094
602.2,-4.43955057038243,-1.4198729794344
602.3,-4.09775371161691,-0.882763629945724
602.4,-3.34091781006469,-0.516552709839806
602.5,-3.97568340491494,-0.125927728393501
602.6,-3.90244122089376,-0.101513667053106
602.7,-4.09775371161691,-0.223583973755075
602.8,-3.41415999408587,-0.956005813966902
602.9,-2.55966784717207,-1.17573236603045
603,-3.80478497553218,-0.565380832520599
603.1,-4.70810524512677,-0.125927728393498
603.2,-4.53720681574401,-0.736279261903354
603.3,-4.63486306110559,-1.73725577685952
603.4,-4.87900367450953,-0.589794893860991
603.5,-4.19540995697849,0.386767559754779
603.6,-3.63388654614942,-1.24897455005164
603.7,-2.53525378583168,-0.614208955201386
603.8,-3.02353501263956,-0.394482403137835
603.9,-4.29306620234007,-2.00581045160386
604,-3.65830060748981,-2.12788075830583
604.1,-3.90244122089376,-1.8349120222211
604.2,-3.43857405542626,-1.15131830469006
604.3,-2.31552723376813,-1.395458918094
604.4,-3.17001938068193,-2.17670888098662
604.5,-3.68271466883021,-1.395458918094
604.6,-4.41513650904204,-0.858349568605324
604.7,-4.19540995697849,-1.10249018200927
604.8,-3.3165037487243,-1.05366205932848
604.9,-3.21884750336271,-1.20014642737085
605,-4.43955057038243,-0.736279261903358
605.1,-5.19638647193466,-1.88374014490189
605.2,-4.41513650904204,-1.46870110211518
605.3,-4.31748026368046,-1.395458918094
605.4,-3.80478497553218,-1.0048339366477
605.5,-3.31650374872429,-1.22456048871125
605.6,-2.99912095129917,-0.370068341797443
605.7,-3.2676756260435,-0.199169912414681
605.8,-3.97568340491494,-1.29780267273242
605.9,-4.41513650904204,-1.4198729794344
606,-4.39072244770164,-1.29780267273243
606.1,-3.65830060748981,-1.0048339366477
606.2,-3.43857405542627,-1.68842765417873
606.3,-3.731542791511,-1.78608389954032
606.4,-3.92685528223415,-1.63959953149795
606.5,-3.87802715955336,-1.51752922479598
606.6,-3.48740217810705,0.044970700989262
606.7,-4.00009746625534,-0.101513667053106
606.8,-5.41611302399821,-1.27338861139203
606.9,-6.90537076576226,-1.00483393664769
607,-6.75888639771989,-1.44428704077479
607.1,-5.24521459461545,-1.8349120222211
607.2,-3.14560531934153,-2.07905263562504
607.3,-4.02451152759573,-1.95698232892307
607.4,-5.07431616523268,-2.44526355573096
607.5,-3.58505842346863,-3.20209945728318
607.6,-3.48740217810705,-2.64057604645411
607.7,-3.80478497553218,-1.37104485675361
607.8,-3.17001938068193,-1.8349120222211
607.9,-3.65830060748981,-1.49311516345558
608,-4.63486306110559,-0.565380832520597
608.1,-4.07333965027652,-0.882763629945723
608.2,-4.04892558893612,-1.37104485675361
608.3,-5.0254880425519,-0.760693323243751
608.4,-4.09775371161691,-0.174755851074288
608.5,-3.87802715955336,-0.589794893860991
608.6,-3.58505842346863,-1.22456048871124
608.7,-4.1221677729573,-1.02924799798809
608.8,-4.09775371161691,-1.61518547015755
608.9,-3.21884750336272,-1.90815420624229
609,-2.60849596985286,-2.81147447583687
609.1,-2.55966784717207,-1.20014642737085
609.2,-2.8526365832568,-0.931591752626511
609.3,-3.7071287301706,-1.20014642737085
609.4,-3.2920896873839,-0.199169912414683
609.5,-3.92685528223415,-0.63862301654178
609.6,-4.31748026368046,-1.95698232892307
609.7,-3.95126934357454,-2.10346669696544
609.8,-3.92685528223415,-1.66401359283834
609.9,-4.1465818342977,-1.27338861139203
610,-4.12216777295731,-0.540966771180204
610.1,-4.61044899976519,0.386767559754784
610.2,-4.87900367450953,0.41118162109518
610.3,-5.0010739812115,0.728564418520301
610.4,-4.65927712244598,-0.614208955201386
610.5,-4.36630838636125,-1.12690424334966
610.6,-3.63388654614942,-0.24799803509547
610.7,-4.00009746625533,0.386767559754782
610.8,-4.61044899976519,-0.858349568605325
610.9,-4.04892558893612,-1.05366205932848
611,-3.24326156470311,-0.931591752626513
611.1,-3.53623030078784,-0.589794893860993
611.2,-3.90244122089376,-1.24897455005164
611.3,-4.26865214099967,-2.20112294232702
611.4,-3.48740217810705,-2.07905263562505
611.5,-3.21884750336272,-1.37104485675361
611.6,-4.02451152759573,-0.638623016541779
611.7,-4.1465818342977,-0.443310525818622
611.8,-3.80478497553218,-0.736279261903358
611.9,-4.21982401831888,-1.73725577685952
612,-4.78134742914795,-0.833935507264934
612.1,-4.00009746625534,-0.00385742169152934
612.2,-3.04794907397996,-0.589794893860993
612.3,-4.07333965027652,-1.68842765417873
612.4,-3.92685528223415,-1.78608389954031
612.5,-4.41513650904204,-1.07807612066888
612.6,-3.21884750336272,-0.394482403137837
612.7,-2.92587876727798,-0.980419875307298
612.8,-3.78037091419178,-1.10249018200927
612.9,-3.09677719666074,-1.05366205932848
613,-2.19345692706616,-1.46870110211518
613.1,-3.34091781006469,-1.29780267273242
613.2,-4.21982401831888,-0.63862301654178
613.3,-4.04892558893612,-0.956005813966905
613.4,-4.95224585853071,-0.589794893860991
613.5,-4.97665991987111,-0.589794893860993
613.6,-4.04892558893612,-1.46870110211519
613.7,-3.2920896873839,-1.46870110211519
613.8,-3.82919903687257,-1.32221673407282
613.9,-4.02451152759573,-1.41987297943439
614,-3.38974593274548,-1.93256826758268
614.1,-4.34189432502085,-2.07905263562505
614.2,-4.65927712244598,-1.73725577685952
614.3,-4.19540995697849,-0.29682615777626
614.4,-3.2920896873839,-1.02924799798809
614.5,-3.90244122089376,-0.9804198753073
614.6,-4.29306620234007,-0.321240219116655
614.7,-4.68369118378638,-0.858349568605328
614.8,-3.09677719666074,-1.76166983819992
614.9,-2.53525378583168,-2.22553700366741
615,-2.77939439923562,-2.37202137170977
615.1,-4.21982401831889,-2.00581045160386
615.2,-4.78134742914795,-1.29780267273242
615.3,-3.43857405542626,-1.4198729794344
615.4,-3.731542791511,-2.15229481964623
615.5,-4.17099589563809,-2.05463857428465
615.6,-3.24326156470311,-1.59077140881716
615.7,-3.2920896873839,-0.785107384584144
615.8,-3.87802715955336,-0.565380832520597
615.9,-3.65830060748981,-1.05366205932848
616,-2.99912095129917,-1.395458918094
616.1,-3.95126934357455,-1.12690424334967
616.2,-4.75693336780756,-0.345654280457049
616.3,-3.63388654614942,-0.443310525818626
616.4,-3.92685528223415,-1.81049796088071
616.5,-4.24423807965928,-1.3710448567536
616.6,-5.66025363740215,-0.711865200562964
616.7,-6.68564421369871,-0.760693323243748
616.8,-7.24716762452778,-0.93159175262651
616.9,-6.95419888844305,-1.56635734747677
617,-6.14853486421003,-1.59077140881716
617.1,-7.27158168586817,-1.12690424334966
617.2,-7.22275356318738,-1.8593260835615
617.3,-7.1495113791662,-1.71284171551913
617.4,-6.66123015235831,-1.32221673407282
617.5,-5.63583957606175,-0.809521445924541
617.6,-5.53818333070018,-0.418896464478229
617.7,-6.22177704823122,-1.17573236603046
617.8,-6.53915984565634,-1.81049796088071
617.9,-5.46494114667899,-0.785107384584146
618,-5.0010739812115,-0.247998035095469
618.1,-4.95224585853071,-1.10249018200927
618.2,-5.12314428791347,-1.32221673407282
618.3,-5.0254880425519,-1.71284171551913
618.4,-6.00205049616767,-2.00581045160386
618.5,-6.24619110957161,-1.61518547015755
618.6,-5.36728490131742,-0.882763629945721
618.7,-4.41513650904204,-1.07807612066888
618.8,-4.97665991987111,-1.27338861139203
618.9,-5.66025363740215,-2.10346669696544
619,-6.09970674152925,-1.10249018200927
619.1,-5.78232394410412,-0.247998035095472
619.2,-6.39267547761398,-0.150341789733895
619.3,-6.00205049616767,-1.20014642737085
619.4,-5.0254880425519,-2.24995106500781
619.5,-4.36630838636125,-2.51850573975214
619.6,-4.39072244770164,-1.95698232892308
619.7,-5.17197241059426,-1.37104485675361
619.8,-4.87900367450953,-2.32319324902898
619.9,-3.75595685285139,-1.90815420624228
620,-3.97568340491494,-1.10249018200927
620.1,-4.61044899976519,-1.22456048871124
620.2,-4.31748026368046,-0.760693323243753
620.3,-3.38974593274548,-0.93159175262651
620.4,-3.21884750336272,-0.76069332324375
620.5,-4.85458961316913,-1.61518547015755
620.6,-4.26865214099967,-1.78608389954031
620.7,-4.1709958956381,-0.663037077882173
620.8,-5.4161130239982,-0.614208955201386
620.9,-5.41611302399821,-1.37104485675361
621,-5.56259739204057,-1.10249018200927
621.1,-5.22080053327505,-0.345654280457049
621.2,-5.22080053327505,-0.736279261903357
621.3,-5.34287083997702,-1.24897455005164
621.4,-5.63583957606175,-0.833935507264934
621.5,-5.63583957606175,0.118212885010448
621.6,-4.34189432502085,-0.272412096435868
621.7,-3.97568340491494,-1.24897455005163
621.8,-4.31748026368046,-2.05463857428465
621.9,-6.24619110957161,-1.395458918094
622,-6.41708953895437,-0.46772458715902
622.1,-5.66025363740215,-0.785107384584146
622.2,-4.61044899976519,-1.17573236603045
622.3,-4.97665991987111,-1.17573236603045
622.4,-5.0254880425519,-1.24897455005163
622.5,-4.41513650904204,-1.66401359283834
622.6,-4.5616208770844,-1.20014642737085
622.7,-4.75693336780756,-0.980419875307301
622.8,-5.26962865595584,-1.27338861139203
622.9,-6.19736298689082,-1.73725577685953
623,-5.78232394410412,-1.68842765417873
623.1,-4.68369118378638,-0.980419875307295
623.2,-3.51181623944745,-0.492138648499414
623.3,-4.02451152759573,0.0693847623296591
623.4,-4.48837869306322,-1.34663079541322
623.5,-2.95029282861838,-2.22553700366741
623.6,-4.24423807965928,-1.29780267273242
623.7,-5.51376926935978,-0.882763629945724
623.8,-5.24521459461545,-1.95698232892307
623.9,-4.61044899976519,-2.07905263562504
624,-3.43857405542626,-2.24995106500781
624.1,-4.48837869306322,-0.907177691286118
624.2,-5.17197241059426,-0.101513667053104
624.3,-4.41513650904204,-1.29780267273243
624.4,-3.17001938068193,-1.17573236603046
624.5,-3.53623030078784,-0.614208955201384
624.6,-5.26962865595584,-0.858349568605327
624.7,-4.95224585853071,-0.785107384584147
624.8,-5.07431616523268,-0.882763629945723
624.9,-4.95224585853071,-1.49311516345558
625,-4.29306620234007,-0.663037077882173
625.1,-3.36533187140508,0.21586913037202
625.2,-4.24423807965928,0.21586913037202
625.3,-4.19540995697849,0.142626946350838
625.4,-3.07236313532035,-0.345654280457047
625.5,-3.731542791511,-1.395458918094
625.6,-3.731542791511,-2.10346669696544
625.7,-3.36533187140508,-1.32221673407282
625.8,-3.87802715955336,-0.589794893860994
625.9,-4.5616208770844,-0.296826157776259
626,-4.21982401831888,-0.565380832520597
626.1,-2.97470688995877,-0.516552709839811
626.2,-4.1465818342977,-0.247998035095469
626.3,-4.70810524512677,-0.882763629945721
626.4,-4.73251930646716,-1.39545891809401
626.5,-5.07431616523268,-0.711865200562961
626.6,-4.92783179719032,-0.052685544372315
626.7,-3.51181623944745,-0.028271483031925
626.8,-3.95126934357455,-1.12690424334967
626.9,-4.24423807965928,-2.46967761707135
627,-3.53623030078784,-1.76166983819992
627.1,-4.92783179719032,-0.68745113922257
627.2,-6.02646455750806,0.0449707009892606
627.3,-5.90439425080609,0.21586913037202
627.4,-4.83017555182874,-0.833935507264934
627.5,-4.34189432502086,-1.0048339366477
627.6,-4.36630838636125,-1.15131830469006
627.7,-4.09775371161691,-1.4198729794344
627.8,-4.41513650904204,-0.00385742169152934
627.9,-5.17197241059426,0.215869130372022
628,-4.80576149048835,-0.296826157776258
628.1,-4.29306620234007,-0.29682615777626
628.2,-4.36630838636125,-0.95600581396691
628.3,-4.21982401831888,-0.833935507264935
628.4,-4.75693336780756,-1.12690424334966
628.5,-4.78134742914795,-1.10249018200927
628.6,-4.48837869306322,-1.93256826758268
628.7,-4.41513650904204,-1.66401359283834
628.8,-5.0010739812115,-1.37104485675361
628.9,-5.04990210389229,-2.59174792377333
629,-4.5860349384248,-1.71284171551913
629.1,-4.90341773584993,-0.785107384584146
629.2,-4.39072244770164,-1.4198729794344
629.3,-3.04794907397995,-0.272412096435865
629.4,-2.65732409253365,0.460009743775964
629.5,-4.75693336780756,-0.394482403137836
629.6,-4.61044899976519,-0.833935507264935
629.7,-5.4405270853386,-0.663037077882173
629.8,-5.46494114667899,-0.418896464478232
629.9,-5.36728490131742,-1.15131830469006
630,-5.46494114667899,-1.10249018200927
630.1,-5.39169896265781,-0.785107384584144
630.2,-5.14755834925387,-2.05463857428465
630.3,-4.85458961316914,-1.02924799798809
630.4,-4.34189432502085,-0.785107384584144
630.5,-4.21982401831888,-0.833935507264935
630.6,-5.66025363740215,-0.980419875307301
630.7,-5.51376926935978,-1.49311516345558
630.8,-3.92685528223415,-1.00483393664769
630.9,-4.80576149048835,-1.02924799798809
631,-6.53915984565634,-1.66401359283834
631.1,-5.75790988276372,-0.809521445924541
631.2,-4.97665991987111,-1.61518547015755
631.3,-5.58701145338097,-2.2255370036674
631.4,-5.66025363740215,-1.73725577685952
631.5,-5.48935520801939,-1.37104485675361
631.6,-4.83017555182874,-1.66401359283834
631.7,-5.31845677863663,-1.20014642737085
631.8,-5.22080053327505,-2.32319324902898
631.9,-4.73251930646716,-2.24995106500781
632,-4.75693336780756,-1.81049796088071
632.1,-5.14755834925387,-2.12788075830583
632.2,-4.41513650904204,-2.83588853717727
632.3,-3.58505842346863,-1.59077140881716
632.4,-4.1465818342977,-1.27338861139203
632.5,-5.22080053327505,-0.565380832520597
632.6,-5.8555661281253,-0.711865200562963
632.7,-5.78232394410412,-1.54194328613637
632.8,-5.56259739204057,-0.785107384584144
632.9,-4.68369118378638,-1.73725577685953
633,-3.31650374872429,-3.1532713346024
633.1,-2.73056627655483,-2.17670888098662
633.2,-2.33994129510852,-1.32221673407282
633.3,-3.58505842346863,-2.81147447583687
633.4,-4.09775371161691,-3.47065413202752
633.5,-4.53720681574401,-1.78608389954031
633.6,-5.22080053327505,-1.56635734747676
633.7,-4.53720681574401,-1.46870110211518
633.8,-4.21982401831888,-0.345654280457052
633.9,-4.53720681574401,-0.711865200562963
634,-4.53720681574401,-1.78608389954031
634.1,-4.65927712244598,-1.395458918094
634.2,-4.75693336780756,-1.17573236603046
634.3,-4.02451152759573,-1.22456048871124
634.4,-4.5860349384248,-1.90815420624228
634.5,-4.90341773584992,-1.73725577685952
634.6,-5.14755834925387,-1.90815420624229
634.7,-6.270605170912,-1.73725577685952
634.8,-5.66025363740215,-2.20112294232702
634.9,-4.5860349384248,-1.02924799798809
635,-3.85361309821297,-1.00483393664769
635.1,-4.1465818342977,-2.29877918768859
635.2,-4.02451152759573,-1.63959953149794
635.3,-4.41513650904204,-0.785107384584143
635.4,-4.43955057038243,-0.199169912414683
635.5,-4.83017555182874,-0.540966771180202
635.6,-5.61142551472136,-1.81049796088071
635.7,-4.87900367450953,-1.73725577685953
635.8,-5.12314428791347,-1.10249018200927
635.9,-5.31845677863663,-0.90717769128612
636,-5.17197241059426,-1.32221673407282
636.1,-6.14853486421003,-1.59077140881716
636.2,-5.31845677863663,-2.51850573975214
636.3,-5.90439425080609,-1.32221673407282
636.4,-5.26962865595584,-0.125927728393502
636.5,-5.34287083997702,-1.0048339366477
636.6,-5.04990210389229,-1.395458918094
636.7,-5.22080053327505,-1.90815420624228
636.8,-5.34287083997702,-1.61518547015755
636.9,-5.17197241059426,-2.15229481964623
637,-5.24521459461545,-1.59077140881716
637.1,-5.14755834925387,-0.589794893860994
637.2,-4.80576149048835,-0.736279261903358
637.3,-4.75693336780756,-1.73725577685952
637.4,-6.27060517091201,-1.93256826758268
637.5,-6.19736298689082,-1.98139639026347
637.6,-5.80673800544451,-1.81049796088071
637.7,-5.63583957606175,-1.85932608356149
637.8,-6.56357390699674,-0.76069332324375
637.9,-6.17294892555043,-0.589794893860991
638,-5.8555661281253,-0.0282714830319236
638.1,-5.61142551472136,-1.07807612066887
638.2,-5.46494114667899,-1.85932608356149
638.3,-5.19638647193466,-2.22553700366741
638.4,-5.53818333070018,-2.64057604645411
638.5,-7.00302701112383,-1.95698232892307
638.6,-6.66123015235832,-1.59077140881716
638.7,-6.24619110957161,-1.98139639026347
638.8,-5.46494114667899,-1.59077140881716
638.9,-5.24521459461544,-2.2743651263482
639,-5.04990210389229,-2.49409167841174
639.1,-4.92783179719032,-2.15229481964622
639.2,-6.24619110957161,-1.20014642737085
639.3,-6.78330045906029,-0.540966771180202
639.4,-5.73349582142333,-0.199169912414685
639.5,-4.26865214099967,-0.711865200562966
639.6,-5.58701145338097,-0.736279261903357
639.7,-5.92880831214649,-1.76166983819992
639.8,-3.92685528223415,-1.51752922479597
639.9,-4.26865214099967,-1.00483393664769
640,-5.95322237348688,-1.90815420624228
640.1,-6.61240202967753,-2.29877918768859
640.2,-5.80673800544451,-1.34663079541321
640.3,-5.53818333070018,-1.44428704077479
640.4,-4.97665991987111,-2.86030259851766
640.5,-5.92880831214648,-2.73823229181569
640.6,-6.49033172297555,-1.8349120222211
640.7,-5.4161130239982,-2.12788075830583
640.8,-3.31650374872429,-2.42084949439056
640.9,-4.1465818342977,-1.71284171551913
641,-4.36630838636125,-2.10346669696544
641.1,-4.85458961316914,-2.34760731036938
641.2,-5.12314428791347,-0.516552709839804
641.3,-5.31845677863663,-0.125927728393496
641.4,-4.41513650904204,-0.052685544372315
641.5,-4.29306620234007,-1.76166983819992
641.6,-4.36630838636125,-0.80952144592454
641.7,-4.90341773584992,-0.296826157776262
641.8,-5.97763643482727,-1.15131830469006
641.9,-5.95322237348688,-1.37104485675361
642,-4.90341773584992,-1.02924799798809
642.1,-4.31748026368046,-1.17573236603046
642.2,-5.0254880425519,-1.07807612066888
642.3,-5.61142551472136,-1.49311516345558
642.4,-5.17197241059426,-2.29877918768859
642.5,-5.36728490131742,-2.54291980109254
642.6,-4.75693336780756,-0.540966771180204
642.7,-4.26865214099967,-0.418896464478232
642.8,-4.68369118378638,-1.02924799798809
642.9,-5.4405270853386,-1.49311516345558
643,-4.43955057038243,-0.882763629945724
643.1,-4.48837869306322,-1.05366205932848
643.2,-4.80576149048835,-2.10346669696544
643.3,-4.21982401831888,-2.05463857428465
643.4,-5.61142551472136,-1.73725577685952
643.5,-6.07529268018885,-1.395458918094
643.6,-5.63583957606175,-1.71284171551913
643.7,-4.95224585853071,-1.63959953149795
643.8,-4.26865214099967,-1.76166983819992
643.9,-3.90244122089376,-1.17573236603046
644,-4.34189432502085,-0.638623016541781
644.1,-3.75595685285139,-0.638623016541779
644.2,-4.21982401831888,-1.0048339366477
644.3,-5.19638647193466,-0.711865200562964
644.4,-4.75693336780756,-1.32221673407282
644.5,-4.63486306110559,-0.540966771180206
644.6,-4.12216777295731,0.801806602541484
644.7,-4.92783179719032,0.850634725222274
644.8,-4.97665991987111,-0.73627926190336
644.9,-5.78232394410412,-0.443310525818625
645,-5.95322237348688,-0.0526855443723179
645.1,-5.70908176008293,-1.17573236603046
645.2,-5.17197241059426,0.0205566396488663
645.3,-4.46396463172283,-0.272412096435866
645.4,-3.95126934357455,-1.37104485675361
645.5,-4.95224585853071,-0.785107384584147
645.6,-5.83115206678491,-0.736279261903358
645.7,-4.85458961316914,-1.71284171551913
645.8,-4.92783179719032,-2.56733386243293
645.9,-5.66025363740215,-2.03022451294426
646,-5.22080053327505,-1.20014642737085
646.1,-4.78134742914795,-0.540966771180203
646.2,-4.24423807965928,-1.15131830469006
646.3,-4.24423807965928,-0.785107384584147
646.4,-4.5860349384248,0.167041007691235
646.5,-5.36728490131742,-0.418896464478233
646.6,-5.51376926935978,-2.78706041449647
646.7,-5.07431616523268,-2.17670888098662
646.8,-4.26865214099967,-1.20014642737085
646.9,-4.12216777295731,-1.02924799798809
647,-4.12216777295731,-0.833935507264931
647.1,-3.97568340491494,-0.174755851074289
647.2,-4.83017555182874,-0.85834956860533
647.3,-4.26865214099967,-1.8104979608807
647.4,-3.60947248480903,-1.27338861139203
647.5,-3.19443344202232,-1.12690424334967
647.6,-3.7071287301706,-1.17573236603046
647.7,-3.60947248480903,-0.80952144592454
647.8,-4.61044899976519,-0.589794893860991
647.9,-4.65927712244598,-1.24897455005164
648,-4.29306620234007,-2.2743651263482
648.1,-3.78037091419178,-2.98237290521963
648.2,-5.34287083997702,-2.83588853717727
648.3,-6.61240202967753,-2.22553700366741
648.4,-6.39267547761398,-0.589794893860991
648.5,-5.46494114667899,0.606494111818333
648.6,-3.87802715955336,-0.0526855443723179
648.7,-3.56064436212824,-2.05463857428465
648.8,-3.53623030078784,-2.39643543305017
648.9,-4.07333965027652,-1.41987297943439
649,-4.41513650904204,-1.02924799798809
649.1,-4.78134742914795,-1.4198729794344
649.2,-4.92783179719032,-1.395458918094
649.3,-4.65927712244598,-1.68842765417873
649.4,-6.14853486421003,-1.56635734747676
649.5,-5.66025363740215,-0.80952144592454
649.6,-4.46396463172283,-1.20014642737085
649.7,-4.73251930646717,-1.0048339366477
649.8,-5.4405270853386,-1.68842765417873
649.9,-6.05087861884846,-2.56733386243293
650,-5.8799801894657,-1.24897455005164
650.1,-5.68466769874254,-0.467724587159014
650.2,-6.88095670442186,-0.736279261903356
650.3,-7.32040980854896,-0.223583973755078
650.4,-7.34482386988936,-1.12690424334966
650.5,-7.00302701112384,-0.882763629945721
650.6,-5.83115206678491,-1.22456048871124
650.7,-5.92880831214649,-0.980419875307297
650.8,-6.17294892555043,-1.20014642737085
650.9,-6.7100582750391,-1.29780267273243
651,-6.36826141627358,-0.882763629945723
651.1,-6.17294892555043,-1.49311516345558
651.2,-5.24521459461544,-1.49311516345558
651.3,-6.36826141627358,-1.73725577685952
651.4,-6.00205049616767,-0.345654280457047
651.5,-5.464941146679,0.55766598913754
651.6,-5.75790988276373,-0.785107384584146
651.7,-5.53818333070017,-1.61518547015755
651.8,-4.24423807965928,-1.56635734747676
651.9,-5.12314428791347,-0.589794893860991
652,-5.92880831214649,-1.15131830469006
652.1,-4.85458961316913,-2.07905263562505
652.2,-4.51279275440361,-2.61616198511372
652.3,-3.34091781006469,-3.22651351862358
652.4,-4.34189432502086,-2.86030259851766
652.5,-5.8555661281253,-2.6894041691349
652.6,-4.90341773584992,-1.78608389954031
652.7,-4.90341773584992,-1.24897455005164
652.8,-3.92685528223415,-0.638623016541783
652.9,-4.43955057038243,-0.711865200562961
653,-3.82919903687257,-0.809521445924538
653.1,-4.80576149048835,0.484423805116357
653.2,-5.17197241059426,-0.418896464478229
653.3,-4.53720681574401,-0.931591752626513
653.4,-4.19540995697849,-0.711865200562963
653.5,-3.31650374872429,-0.833935507264933
653.6,-3.19443344202232,-0.540966771180203
653.7,-4.36630838636125,-0.956005813966904
653.8,-4.63486306110559,-1.51752922479598
653.9,-4.87900367450953,-1.78608389954031
654,-5.19638647193466,-1.98139639026347
654.1,-4.80576149048835,-1.56635734747676
654.2,-4.78134742914795,-1.59077140881716
654.3,-4.5860349384248,-1.51752922479597
654.4,-4.85458961316914,-1.56635734747676
654.5,-4.12216777295731,-1.29780267273243
654.6,-3.75595685285139,-1.0048339366477
654.7,-4.31748026368046,-1.24897455005164
654.8,-4.02451152759573,-0.882763629945725
654.9,-2.51083972449128,-0.80952144592454
655,-3.14560531934153,-2.03022451294425
655.1,-4.29306620234007,-1.44428704077479
655.2,-3.60947248480903,-0.687451139222569
655.3,-2.55966784717207,-1.00483393664769
655.4,-3.38974593274547,-1.63959953149795
655.5,-3.60947248480903,-2.2987791876886
655.6,-3.09677719666074,-1.93256826758268
655.7,-2.97470688995877,-1.17573236603046
655.8,-3.51181623944745,-0.565380832520597
655.9,-3.38974593274548,-0.492138648499413
656,-2.4375975404701,-0.58979489386099
656.1,-2.29111317242773,-0.199169912414683
656.2,-2.77939439923562,-0.345654280457046
656.3,-3.12119125800114,0.606494111818328
656.4,-3.48740217810705,-0.223583973755076
656.5,-3.41415999408587,0.33793943707399
656.6,-5.02548804255189,0.118212885010442
656.7,-4.78134742914795,-0.882763629945723
656.8,-4.04892558893612,-2.03022451294426
656.9,-3.58505842346863,-1.10249018200927
657,-1.92490225232182,-0.614208955201386
657.1,-1.72958976159866,-1.07807612066887
657.2,-3.38974593274548,-0.80952144592454
657.3,-4.19540995697849,0.0205566396488663
657.4,-3.58505842346863,-0.638623016541784
657.5,-2.68173815387404,-0.29682615777626
657.6,-2.95029282861838,0.191455069031626
657.7,-2.60849596985286,-0.150341789733891
657.8,-3.24326156470311,-0.199169912414679
657.9,-2.92587876727798,-0.443310525818622
658,-2.60849596985286,-0.858349568605325
658.1,-2.99912095129917,-0.931591752626511
658.2,-4.31748026368046,-0.589794893860989
658.3,-4.53720681574401,-1.27338861139203
658.4,-3.75595685285139,-1.98139639026347
658.5,-3.75595685285139,-1.07807612066888
658.6,-4.09775371161691,-0.516552709839809
658.7,-4.19540995697849,-0.736279261903354
658.8,-5.0254880425519,-0.516552709839809
658.9,-4.21982401831888,-0.589794893860994
659,-3.19443344202232,0.0693847623296577
659.1,-2.82822252191641,-1.32221673407282
659.2,-2.41318347912971,-0.85834956860533
659.3,-2.99912095129917,-0.394482403137839
659.4,-3.46298811676666,0.435595682435569
659.5,-3.58505842346863,-0.0038574216915265
659.6,-4.5616208770844,-0.956005813966907
659.7,-7.39365199257014,-1.34663079541321
659.8,-7.29599574720857,-1.17573236603046
659.9,-5.66025363740214,-1.71284171551913
660,-6.88095670442187,-1.34663079541322
660.1,-7.41806605391054,-1.71284171551913
660.2,-7.39365199257014,-1.44428704077479
660.3,-7.24716762452778,-0.321240219116655
660.4,-5.4405270853386,-0.125927728393499
660.5,-7.05185513380462,-1.46870110211519
660.6,-7.19833950184699,-1.54194328613637
660.7,-6.95419888844305,0.0937988236700477
660.8,-6.41708953895437,0.630908173158724
660.9,-6.95419888844305,0.411181621095176
661,-6.68564421369871,-1.32221673407282
661.1,-6.97861294978344,-2.10346669696544
661.2,-6.2950192322524,-1.10249018200927
661.3,-6.17294892555043,0.0937988236700477
661.4,-5.48935520801939,1.11918939996661
661.5,-4.39072244770164,0.826220663881878
661.6,-4.48837869306322,-0.516552709839807
661.7,-5.34287083997702,-0.540966771180204
661.8,-5.8799801894657,0.093798823670052
661.9,-6.63681609101792,-1.32221673407282
662,-7.24716762452778,0.337939437073989
662.1,-7.19833950184699,0.044970700989262
662.2,-5.34287083997702,-0.0282714830319208
662.3,-4.92783179719032,0.508837866456754
662.4,-5.24521459461544,-0.394482403137835
662.5,-4.5616208770844,-0.296826157776259
662.6,-4.70810524512677,-0.345654280457047
662.7,-4.85458961316913,-1.66401359283834
662.8,-5.04990210389229,-1.73725577685952
662.9,-4.75693336780756,-1.4198729794344
663,-5.0010739812115,-0.956005813966907
663.1,-5.31845677863663,-1.05366205932848
663.2,-5.09873022657308,-0.809521445924541
663.3,-4.73251930646716,0.118212885010445
663.4,-4.92783179719032,-0.0770996057127121
663.5,-4.26865214099967,-0.638623016541781
663.6,-4.24423807965928,-1.395458918094
663.7,-4.36630838636125,-0.882763629945723
663.8,-4.65927712244598,-0.980419875307297
663.9,-5.19638647193466,-2.00581045160386
664,-4.26865214099967,-1.22456048871124
664.1,-4.02451152759573,0.215869130372018
664.2,-4.73251930646716,0.191455069031628
664.3,-4.5616208770844,0.289111314393203
664.4,-3.78037091419178,-0.907177691286115
664.5,-3.60947248480903,-1.34663079541321
664.6,-4.78134742914795,-0.63862301654178
664.7,-3.38974593274548,-0.833935507264935
664.8,-2.58408190851246,-0.833935507264935
664.9,-2.36435535644892,-0.516552709839807
665,-3.2920896873839,-0.589794893860987
665.1,-3.51181623944745,-0.565380832520596
665.2,-3.90244122089376,0.240283191712419
665.3,-4.21982401831888,0.728564418520301
665.4,-4.39072244770164,-0.223583973755075
665.5,-4.97665991987111,-1.22456048871125
665.6,-5.34287083997702,-1.17573236603046
665.7,-4.78134742914795,-1.10249018200927
665.8,-3.92685528223415,-1.24897455005164
665.9,-4.34189432502085,-1.29780267273242
666,-5.0254880425519,-1.73725577685952
666.1,-4.41513650904204,-0.956005813966905
666.2,-2.97470688995877,-0.687451139222569
666.3,-2.70615221521444,-1.4198729794344
666.4,-3.04794907397996,-0.858349568605331
666.5,-3.51181623944745,0.484423805116357
666.6,-2.82822252191641,0.0693847623296534
666.7,-1.92490225232182,-0.614208955201383
666.8,-3.36533187140508,-0.052685544372315
666.9,-3.48740217810705,-0.125927728393498
667,-2.48642566315089,-1.51752922479597
667.1,-2.21787098840655,-1.78608389954031
667.2,-2.63291003119325,-1.59077140881716
667.3,-2.73056627655483,-0.638623016541779
667.4,-3.92685528223415,-0.980419875307298
667.5,-2.92587876727798,-0.24799803509547
667.6,-2.80380846057601,0.167041007691232
667.7,-3.34091781006469,-0.22358397375508
667.8,-2.29111317242773,-0.24799803509547
667.9,-2.14462880438537,-0.663037077882174
668,-3.12119125800114,-1.85932608356149
668.1,-2.73056627655483,-1.39545891809401
668.2,-2.60849596985286,-1.24897455005164
668.3,-2.77939439923562,-1.44428704077479
668.4,-3.34091781006469,-1.37104485675361
668.5,-3.07236313532035,-0.956005813966907
668.6,-2.55966784717207,-0.736279261903353
668.7,-2.55966784717207,-0.9804198753073
668.8,-2.48642566315089,-1.49311516345558
668.9,-1.85166006830063,-1.05366205932848
669,-1.50986320953511,-1.37104485675361
669.1,-1.43662102551393,-0.0282714830319236
669.2,-1.65634757757748,0.313525375733602
669.3,-1.43662102551393,0.240283191712416
669.4,-2.21787098840655,-0.345654280457046
669.5,-2.77939439923562,-0.150341789733895
669.6,-2.8770506445972,-0.0282714830319208
669.7,-2.12021474304497,-0.73627926190336
669.8,-1.26572259613117,-0.687451139222567
669.9,-0.948339798706046,0.0205566396488678
670,-1.38779290283314,-0.199169912414683
670.1,-2.02255849768339,-0.345654280457046
670.2,-3.2920896873839,-1.32221673407282
670.3,-3.2920896873839,-1.46870110211519
670.4,-2.33994129510852,-0.24799803509547
670.5,-2.53525378583168,-0.0526855443723179
670.6,-3.48740217810705,-0.272412096435866
670.7,-3.75595685285139,-0.0526855443723164
670.8,-3.07236313532035,-0.833935507264935
670.9,-3.21884750336272,-1.12690424334967
671,-2.04697255902379,-0.809521445924537
671.1,-1.97373037500261,-0.394482403137836
671.2,-3.04794907397996,-0.516552709839807
671.3,-2.97470688995877,-1.15131830469006
671.4,-1.85166006830064,-1.32221673407282
671.5,-1.1680663507696,-1.59077140881715
671.6,-2.80380846057601,-0.467724587159022
671.7,-3.12119125800114,-1.10249018200927
671.8,-1.1680663507696,-1.78608389954031
671.9,-2.04697255902379,-0.882763629945725
672,-1.5586913322159,-1.54194328613637
672.1,-1.65634757757748,-1.37104485675361
672.2,-1.72958976159866,-1.59077140881716
672.3,-2.70615221521444,-2.29877918768859
672.4,-2.73056627655483,-1.51752922479597
672.5,-2.97470688995877,-0.0770996057127078
672.6,-1.26572259613117,0.67973629583951
672.7,-1.16806635076959,1.04594721594543
672.8,-2.09580068170458,-0.199169912414681
672.9,-2.55966784717207,0.0205566396488663
673,-2.65732409253365,-1.02924799798809
673.1,-3.56064436212824,-1.88374014490189
673.2,-2.53525378583167,-2.12788075830583
673.3,-2.21787098840655,-1.93256826758268
673.4,-3.34091781006469,-1.20014642737085
673.5,-2.63291003119325,-1.3710448567536
673.6,-2.12021474304497,-1.17573236603045
673.7,-2.0225584976834,-0.199169912414682
673.8,-2.38876941778931,0.313525375733602
673.9,-2.38876941778931,0.38676755975478
674,-2.14462880438537,0.0205566396488678
674.1,-2.26669911108734,-0.516552709839807
674.2,-2.38876941778931,-1.02924799798809
674.3,-2.41318347912971,-1.05366205932848
674.4,-2.24228504974694,-1.22456048871124
674.5,-2.68173815387404,-1.54194328613637
674.6,-2.82822252191641,-0.296826157776259
674.7,-2.0225584976834,0.337939437073993
674.8,-1.43662102551393,-1.32221673407282
674.9,-2.80380846057601,-1.32221673407282
675,-2.90146470593759,-0.85834956860533
675.1,-2.58408190851247,-0.58979489386099
675.2,-2.97470688995877,-1.02924799798809
675.3,-2.95029282861838,-1.88374014490189
675.4,-2.82822252191641,-1.22456048871124
675.5,-3.65830060748981,0.0449707009892592
675.6,-3.34091781006469,0.728564418520301
675.7,-2.0225584976834,-0.174755851074289
675.8,-2.24228504974695,-0.199169912414679
675.9,-3.53623030078784,0.118212885010446
676,-3.46298811676666,-0.467724587159022
676.1,-3.46298811676666,-0.174755851074289
676.2,-3.46298811676666,-0.540966771180203
676.3,-3.63388654614942,-1.07807612066888
676.4,-2.8770506445972,-0.88276362994572
676.5,-1.70517570025827,-0.980419875307301
676.6,-2.75498033789522,-0.785107384584148
676.7,-2.60849596985286,-0.736279261903361
676.8,-1.90048819098142,-1.37104485675361
676.9,-3.75595685285139,-1.22456048871124
677,-3.56064436212824,-0.443310525818625
677.1,-2.92587876727799,0.850634725222271
677.2,-3.53623030078784,0.0449707009892606
677.3,-4.24423807965928,0.215869130372019
677.4,-3.97568340491494,-0.247998035095472
677.5,-2.80380846057601,-0.0282714830319222
677.6,-2.97470688995877,-0.58979489386099
677.7,-3.09677719666075,-0.76069332324375
677.8,-2.29111317242773,-0.516552709839809
677.9,-2.80380846057601,-1.24897455005164
678,-1.87607412964103,-0.663037077882176
678.1,-3.41415999408587,0.240283191712413
678.2,-4.53720681574401,0.704150357179905
678.3,-3.41415999408587,-0.125927728393501
678.4,-3.07236313532035,-0.663037077882174
678.5,-2.21787098840655,-0.247998035095472
678.6,-2.38876941778931,-1.59077140881716
678.7,-2.31552723376813,0.289111314393203
678.8,-2.68173815387404,0.850634725222272
678.9,-2.55966784717207,-0.687451139222569
679,-1.90048819098142,-1.34663079541321
679.1,-2.4131834791297,-0.272412096435863
679.2,-2.99912095129917,0.655322234499118
679.3,-2.73056627655483,-0.565380832520594
679.4,-2.77939439923562,-1.02924799798809
679.5,-2.8770506445972,-0.540966771180202
679.6,-3.14560531934153,-0.614208955201389
679.7,-2.75498033789522,0.191455069031628
679.8,-2.33994129510852,-0.272412096435866
679.9,-2.4131834791297,-0.687451139222571
680,-2.60849596985286,-1.59077140881716
680.1,-1.87607412964103,-1.17573236603045
680.2,-1.94931631366221,-0.394482403137837
680.3,-2.26669911108734,-0.663037077882176
680.4,-2.24228504974694,-1.0048339366477
680.5,-2.29111317242773,-0.394482403137837
680.6,-1.75400382293906,0.850634725222274
680.7,-2.60849596985286,0.7285644185203
680.8,-3.34091781006469,0.362353498414387
680.9,-3.95126934357455,0.0937988236700491
681,-3.02353501263956,-0.760693323243753
681.1,-2.19345692706616,-1.76166983819992
681.2,-3.53623030078784,-1.54194328613637
681.3,-3.82919903687257,-1.68842765417873
681.4,-3.04794907397996,-2.03022451294426
681.5,-2.36435535644892,-2.17670888098662
681.6,-2.99912095129917,-1.34663079541322
681.7,-3.731542791511,-1.39545891809401
681.8,-3.38974593274548,-1.93256826758268
681.9,-3.14560531934153,-1.46870110211519
682,-1.998144436343,-2.98237290521964
682.1,-1.48544914819472,-4.12983378821817
682.2,-2.99912095129917,-5.13081030317433
682.3,-3.19443344202232,-4.95991187379157
682.4,-3.04794907397996,-4.17866191089896
682.5,-3.24326156470311,-3.20209945728319
682.6,-3.58505842346863,-3.76362286811225
682.7,-3.17001938068193,-4.52045876966447
682.8,-2.48642566315089,-4.12983378821816
682.9,-1.60751945489669,-3.93452129749501
683,-1.82724600696024,-4.91108375111078
683.1,-2.60849596985286,-4.71577126038763
683.2,-1.68076163891787,-4.93549781245118
683.3,-1.998144436343,-4.0077634815162
683.4,-2.51083972449128,-4.64252907636645
683.5,-2.99912095129917,-6.30268524751326
683.6,-2.36435535644892,-6.03413057276892
683.7,-2.55966784717207,-4.22749003357975
683.8,-1.72958976159866,-3.00678696656003
683.9,-2.07138662036418,-3.71479474543146
684,-3.36533187140508,-3.15327133460239
684.1,-2.4375975404701,-1.95698232892307
684.2,-2.4375975404701,-2.49409167841175
684.3,-2.21787098840655,-2.76264635315609
684.4,-1.70517570025827,-4.08100566553738
684.5,-2.29111317242773,-4.05659160419698
684.6,-2.75498033789522,-3.66596662275067
684.7,-3.26767562604351,-3.03120102790042
684.8,-3.731542791511,-3.22651351862358
684.9,-3.21884750336272,-3.86127911347383
685,-1.998144436343,-2.61616198511372
685.1,-1.82724600696024,-1.71284171551913
685.2,-2.16904286572576,-1.88374014490189
685.3,-2.51083972449128,-2.98237290521963
685.4,-2.82822252191641,-3.49506819336792
685.5,-2.68173815387404,-2.51850573975214
685.6,-2.65732409253365,-1.95698232892307
685.7,-2.19345692706616,-2.32319324902899
685.8,-2.60849596985286,-3.00678696656003
685.9,-2.65732409253365,-3.5438963160487
686,-2.4375975404701,-2.00581045160386
686.1,-3.41415999408587,-2.22553700366741
686.2,-3.82919903687257,-1.85932608356149
686.3,-2.97470688995877,-2.29877918768859
686.4,-2.95029282861838,-2.37202137170978
686.5,-1.77841788427945,-3.20209945728318
686.6,-1.60751945489669,-3.03120102790043
686.7,-2.65732409253365,-3.22651351862358
686.8,-3.07236313532035,-3.32416976398516
686.9,-3.09677719666074,-2.88471665985806
687,-2.04697255902379,-3.27534164130436
687.1,-1.36337884149275,-4.08100566553738
687.2,-2.73056627655483,-2.98237290521963
687.3,-3.51181623944745,-3.64155256141028
687.4,-2.99912095129917,-3.69038068409107
687.5,-3.43857405542627,-3.51948225470831
687.6,-3.02353501263956,-2.81147447583688
687.7,-3.2920896873839,-3.76362286811225
687.8,-2.48642566315089,-3.64155256141028
687.9,-3.31650374872429,-3.128857273262
688,-3.43857405542627,-3.76362286811225
688.1,-3.92685528223415,-3.17768539594279
688.2,-4.09775371161691,-2.46967761707135
688.3,-3.731542791511,-3.37299788666594
688.4,-2.99912095129917,-3.128857273262
688.5,-3.53623030078784,-2.44526355573096
688.6,-3.56064436212824,-2.98237290521963
688.7,-4.29306620234007,-2.95795884387924
688.8,-3.48740217810705,-2.32319324902899
688.9,-2.38876941778931,-3.34858382532555
689,-2.48642566315089,-3.34858382532555
689.1,-2.97470688995877,-1.81049796088071
689.2,-2.58408190851246,-0.882763629945721
689.3,-2.70615221521444,-0.882763629945721
689.4,-2.31552723376813,-0.907177691286115
689.5,-1.5586913322159,-1.56635734747676
689.6,-1.72958976159866,-2.42084949439056
689.7,-2.82822252191641,-0.760693323243748
689.8,-1.53427727087551,-1.22456048871124
689.9,-2.04697255902379,-1.15131830469006
690,-2.31552723376813,-2.07905263562504
690.1,-2.26669911108734,-1.44428704077479
690.2,-2.16904286572576,-1.17573236603046
690.3,-3.21884750336272,-1.05366205932848
690.4,-3.63388654614942,-0.9804198753073
690.5,-4.43955057038243,-2.03022451294425
690.6,-3.46298811676666,-2.59174792377333
690.7,-1.65634757757748,-2.12788075830584
690.8,-2.51083972449128,-2.51850573975214
690.9,-3.31650374872429,-1.39545891809401
691,-2.8526365832568,-1.56635734747677
691.1,-2.48642566315089,-2.7138182304753
691.2,-2.21787098840655,-1.95698232892307
691.3,-2.46201160181049,-1.93256826758268
691.4,-2.4131834791297,-1.73725577685952
691.5,-3.21884750336271,-0.58979489386099
691.6,-3.41415999408587,-0.199169912414681
691.7,-2.4375975404701,-0.785107384584147
691.8,-1.92490225232182,-1.81049796088071
691.9,-2.04697255902379,-2.61616198511372
692,-2.73056627655483,-1.49311516345558
692.1,-2.4375975404701,-0.174755851074288
692.2,-1.1192382280888,0.167041007691232
692.3,-2.07138662036418,-1.44428704077479
692.4,-3.65830060748981,-2.00581045160386
692.5,-3.75595685285139,-1.49311516345557
692.6,-2.58408190851247,-2.22553700366741
692.7,-1.94931631366221,-1.68842765417874
692.8,-2.75498033789522,-0.418896464478233
692.9,-3.07236313532035,-0.614208955201383
693,-2.63291003119325,-0.785107384584146
693.1,-1.5831053935563,-0.247998035095469
693.2,-1.85166006830064,-0.540966771180199
693.3,-2.99912095129917,-0.907177691286115
693.4,-2.95029282861838,-1.05366205932848
693.5,-2.55966784717207,-0.9804198753073
693.6,-2.26669911108734,-0.956005813966905
693.7,-1.46103508685433,-0.51655270983981
693.8,-1.09482416674841,-0.0282714830319208
693.9,-1.92490225232182,0.313525375733599
694,-2.24228504974694,-1.37104485675361
694.1,-1.70517570025827,-1.95698232892307
694.2,-2.07138662036419,-1.54194328613637
694.3,-2.63291003119325,-0.663037077882174
694.4,-2.55966784717207,-0.833935507264931
694.5,-2.8770506445972,-1.54194328613637
694.6,-2.24228504974694,-2.07905263562505
694.7,-2.33994129510852,-0.63862301654178
694.8,-1.48544914819472,-0.663037077882176
694.9,-1.5586913322159,-1.395458918094
695,-0.899511676025256,-0.223583973755078
695.1,-2.14462880438537,-0.589794893860991
695.2,-3.07236313532035,-0.418896464478232
695.3,-2.46201160181049,-0.272412096435866
695.4,-2.4131834791297,0.630908173158723
695.5,-2.46201160181049,0.752978479860693
695.6,-2.46201160181049,-0.321240219116653
695.7,-3.34091781006469,-0.101513667053108
695.8,-3.2920896873839,-1.54194328613636
695.9,-2.75498033789522,-1.51752922479597
696,-2.63291003119325,-0.345654280457049
696.1,-2.51083972449128,-0.272412096435863
696.2,-2.65732409253365,-0.540966771180206
696.3,-3.17001938068193,-1.81049796088071
696.4,-3.09677719666075,-1.32221673407282
696.5,-2.77939439923562,-1.07807612066888
696.6,-2.75498033789522,-0.833935507264934
696.7,-2.8526365832568,-1.10249018200927
696.8,-1.77841788427945,-1.37104485675361
696.9,-2.51083972449128,-0.711865200562963
697,-2.68173815387404,-0.394482403137839
697.1,-2.4375975404701,-2.22553700366741
697.2,-3.09677719666074,-2.83588853717727
697.3,-3.97568340491494,-2.07905263562504
697.4,-3.09677719666074,-0.931591752626511
697.5,-2.21787098840655,-0.980419875307298
697.6,-2.12021474304497,-2.03022451294425
697.7,-2.68173815387404,-2.12788075830584
697.8,-3.21884750336272,-1.76166983819991
697.9,-3.17001938068193,-2.37202137170978
698,-3.12119125800114,-2.39643543305017
698.1,-1.90048819098142,-1.32221673407282
698.2,-2.14462880438537,-1.71284171551913
698.3,-2.19345692706616,-2.37202137170978
698.4,-3.21884750336271,-1.81049796088071
698.5,-3.60947248480903,-2.83588853717727
698.6,-2.26669911108734,-2.83588853717727
698.7,-2.38876941778931,-2.37202137170978
698.8,-2.99912095129917,-1.93256826758268
698.9,-2.92587876727798,-1.44428704077479
699,-2.48642566315089,-1.71284171551913
699.1,-2.70615221521444,-1.395458918094
699.2,-4.02451152759573,-2.20112294232702
699.3,-3.26767562604351,-2.12788075830583
699.4,-2.51083972449128,-1.88374014490189
699.5,-3.731542791511,-2.44526355573096
699.6,-2.70615221521444,-3.51948225470831
699.7,-2.80380846057601,-3.1044432119216
699.8,-3.02353501263956,-2.2743651263482
699.9,-3.48740217810705,-2.59174792377332
700,-2.60849596985286,-2.17670888098662
700.1,-2.77939439923562,-2.59174792377332
700.2,-1.53427727087551,-2.73823229181569
700.3,-2.33994129510852,-2.61616198511372
700.4,-2.36435535644892,-2.78706041449648
700.5,-1.43662102551393,-2.95795884387924
700.6,-2.92587876727799,-3.128857273262
700.7,-3.09677719666074,-2.22553700366741
700.8,-3.12119125800114,-1.46870110211519
700.9,-2.68173815387404,-2.24995106500781
701,-2.29111317242773,-1.73725577685952
701.1,-2.36435535644892,-1.8349120222211
701.2,-3.731542791511,-1.20014642737084
701.3,-4.92783179719032,-1.59077140881715
701.4,-4.07333965027652,-1.95698232892307
701.5,-3.2920896873839,-2.2499510650078
701.6,-3.07236313532035,-2.6894041691349
701.7,-2.68173815387404,-2.81147447583687
701.8,-3.58505842346863,-1.90815420624228
701.9,-4.43955057038243,-0.638623016541777
702,-3.90244122089375,-0.785107384584144
702.1,-3.75595685285139,-2.07905263562505
702.2,-3.24326156470311,-1.59077140881716
702.3,-3.41415999408587,-1.59077140881716
702.4,-3.43857405542626,-2.03022451294425
702.5,-2.73056627655483,-0.0282714830319208
702.6,-2.55966784717207,-0.492138648499416
702.7,-3.51181623944745,-2.07905263562505
702.8,-2.51083972449128,-1.73725577685952
702.9,-2.29111317242773,-0.687451139222567
703,-2.95029282861838,-0.296826157776255
703.1,-2.75498033789522,-0.223583973755076
703.2,-2.80380846057601,-0.443310525818627
703.3,-2.60849596985286,-0.565380832520597
703.4,-2.36435535644892,-1.10249018200927
703.5,-2.16904286572576,-1.61518547015755
703.6,-2.73056627655483,-1.44428704077479
703.7,-2.97470688995877,-1.66401359283834
703.8,-2.63291003119325,-1.73725577685952
703.9,-2.21787098840655,-0.736279261903358
704,-3.2920896873839,-0.467724587159022
704.1,-3.731542791511,-1.07807612066888
704.2,-4.00009746625534,-0.199169912414683
704.3,-3.68271466883021,-1.71284171551913
704.4,-2.8526365832568,-1.51752922479598
704.5,-1.90048819098142,0.435595682435574
704.6,-1.92490225232182,1.29008782934937
704.7,-2.26669911108734,-0.516552709839806
704.8,-1.80283194561985,-1.29780267273242
704.9,-1.36337884149275,-0.809521445924538
705,-1.63193351623709,-0.956005813966904
705.1,-2.09580068170458,-0.223583973755076
705.2,-2.4131834791297,-1.49311516345558
705.3,-1.92490225232182,-2.32319324902898
705.4,-1.80283194561985,-1.15131830469005
705.5,-1.77841788427945,-0.833935507264933
705.6,-2.26669911108734,-1.395458918094
705.7,-2.77939439923562,-0.614208955201386
705.8,-1.68076163891787,-0.150341789733892
705.9,-1.24130853479078,-0.101513667053102
706,-2.29111317242773,-1.4198729794344
706.1,-3.09677719666075,-1.15131830469006
706.2,-2.65732409253365,-1.24897455005164
706.3,-2.70615221521444,-1.51752922479597
706.4,-3.85361309821297,-2.34760731036938
706.5,-3.19443344202232,-1.54194328613637
706.6,-3.51181623944745,-0.638623016541779
706.7,-2.77939439923562,-0.0282714830319236
706.8,-1.26572259613117,-0.809521445924538
706.9,-1.72958976159866,-2.15229481964623
707,-3.21884750336272,-0.516552709839809
707.1,-5.07431616523268,0.704150357179907
707.2,-4.68369118378638,-0.00385742169152508
707.3,-4.19540995697849,-0.101513667053105
707.4,-4.61044899976519,-0.638623016541781
707.5,-4.70810524512677,-0.711865200562963
707.6,-4.53720681574401,0.313525375733596
707.7,-4.09775371161691,-0.174755851074289
707.8,-3.68271466883021,-1.29780267273243
707.9,-4.00009746625534,-1.90815420624228
708,-4.65927712244598,-2.39643543305017
708.1,-4.92783179719032,-1.73725577685952
708.2,-5.02548804255189,-1.34663079541322
708.3,-5.58701145338097,-1.395458918094
708.4,-5.4405270853386,-0.150341789733892
708.5,-4.83017555182874,-0.540966771180204
708.6,-3.92685528223415,-1.22456048871124
708.7,-4.31748026368046,-0.394482403137839
708.8,-5.36728490131742,-1.07807612066888
708.9,-5.83115206678491,-0.809521445924538
709,-5.70908176008294,-0.492138648499414
709.1,-5.92880831214648,-0.663037077882176
709.2,-6.36826141627358,-0.663037077882173
709.3,-4.85458961316913,-0.00385742169152792
709.4,-3.04794907397996,0.48442380511636
709.5,-4.1465818342977,0.460009743775963
709.6,-4.29306620234006,0.801806602541485
709.7,-3.38974593274548,0.82622066388188
709.8,-3.92685528223415,0.289111314393206
709.9,-5.26962865595584,-0.0282714830319208
710,-4.5616208770844,0.0937988236700505
710.1,-3.92685528223415,-0.9804198753073
710.2,-4.07333965027652,-1.05366205932848
710.3,-5.24521459461545,0.240283191712413
710.4,-5.39169896265781,-0.565380832520599
710.5,-4.36630838636125,-1.15131830469006
710.6,-4.1465818342977,-1.15131830469006
710.7,-3.56064436212824,-0.223583973755076
710.8,-3.60947248480903,-0.443310525818623
710.9,-4.43955057038243,-1.395458918094
711,-6.05087861884846,-0.589794893860993
711.1,-5.75790988276372,-0.418896464478227
711.2,-4.51279275440361,-0.345654280457049
711.3,-4.80576149048835,-0.589794893860991
711.4,-3.60947248480902,-1.05366205932848
711.5,-3.7071287301706,-1.56635734747676
711.6,-4.41513650904204,-2.07905263562504
711.7,-4.09775371161691,-2.00581045160386
711.8,-3.31650374872429,-0.663037077882174
711.9,-3.43857405542627,0.0937988236700477
712,-3.31650374872429,-0.272412096435865
712.1,-2.97470688995877,0.240283191712416
712.2,-3.53623030078784,0.630908173158724
712.3,-4.65927712244598,0.0449707009892606
712.4,-4.19540995697849,0.655322234499117
712.5,-3.92685528223415,1.04594721594543
712.6,-3.2920896873839,-0.540966771180204
712.7,-4.04892558893612,-0.5409667711802
712.8,-3.87802715955336,-0.247998035095472
712.9,-3.82919903687257,0.67973629583951
713,-3.31650374872429,0.167041007691233
713.1,-3.63388654614942,-0.492138648499414
713.2,-3.48740217810705,-0.394482403137836
713.3,-3.17001938068193,0.337939437073994
713.4,-3.56064436212823,-0.0038574216915265
713.5,-2.90146470593759,-0.711865200562964
713.6,-3.92685528223415,0.38676755975478
713.7,-4.09775371161691,0.679736295839513
713.8,-3.41415999408587,0.508837866456756
713.9,-3.36533187140508,-0.58979489386099
714,-2.73056627655483,-1.32221673407282
714.1,-2.8526365832568,1.11918939996661
714.2,-2.31552723376813,0.997119093264638
714.3,-2.97470688995877,-0.199169912414682
714.4,-4.09775371161691,-0.687451139222566
714.5,-4.19540995697849,-1.59077140881716
714.6,-3.82919903687257,-2.20112294232701
714.7,-3.36533187140508,-1.27338861139203
714.8,-2.21787098840655,0.460009743775966
714.9,-1.82724600696024,0.801806602541485
715,-2.68173815387404,-0.418896464478232
715.1,-3.12119125800114,-0.418896464478232
715.2,-2.77939439923562,-1.20014642737085
715.3,-4.00009746625533,-0.83393550726493
715.4,-3.53623030078784,-0.907177691286118
715.5,-3.75595685285139,0.264697253052807
715.6,-5.04990210389229,0.289111314393205
715.7,-4.73251930646716,-0.516552709839806
715.8,-3.92685528223415,-1.29780267273242
715.9,-3.17001938068193,-1.88374014490189
716,-2.82822252191641,-1.49311516345558
716.1,-3.04794907397996,-0.907177691286117
716.2,-3.51181623944745,-1.44428704077479
716.3,-3.38974593274548,-1.46870110211519
716.4,-2.73056627655483,-0.345654280457043
716.5,-2.65732409253365,-0.125927728393502
716.6,-2.73056627655483,0.118212885010443
716.7,-2.77939439923562,-0.809521445924543
716.8,-3.38974593274548,-2.6894041691349
716.9,-3.02353501263956,-2.2499510650078
717,-2.97470688995877,-0.296826157776258
717.1,-3.14560531934153,-0.125927728393501
717.2,-2.46201160181049,-0.760693323243753
717.3,-2.99912095129917,-0.638623016541779
717.4,-3.24326156470311,-0.443310525818625
717.5,-2.68173815387404,-0.736279261903357
717.6,-2.26669911108734,-1.20014642737085
717.7,-2.63291003119325,-1.02924799798809
717.8,-2.46201160181049,-1.20014642737085
717.9,-1.50986320953511,-0.29682615777626
718,-1.26572259613117,-0.247998035095466
718.1,-2.41318347912971,-0.687451139222567
718.2,-3.36533187140508,-0.956005813966907
718.3,-2.65732409253365,-0.785107384584146
718.4,-2.51083972449128,-0.565380832520596
718.5,-2.58408190851246,-1.07807612066888
718.6,-2.31552723376813,-1.02924799798809
718.7,-2.16904286572576,-1.34663079541321
718.8,-2.04697255902379,-1.15131830469006
718.9,-1.87607412964103,-0.882763629945723
719,-1.48544914819472,-0.394482403137836
719.1,-2.58408190851246,0.167041007691235
719.2,-2.77939439923562,-1.02924799798809
719.3,-3.17001938068193,-0.833935507264934
719.4,-3.97568340491494,-0.516552709839807
719.5,-3.34091781006469,-0.663037077882176
719.6,-4.07333965027652,-1.20014642737085
719.7,-4.65927712244598,-0.785107384584144
719.8,-5.66025363740215,-0.663037077882174
719.9,-5.8555661281253,-0.565380832520599
720,-5.09873022657308,-1.78608389954031
720.1,-4.73251930646716,-1.27338861139203
720.2,-4.51279275440361,-0.370068341797445
720.3,-3.87802715955336,-0.663037077882173
720.4,-4.61044899976519,-1.24897455005164
720.5,-4.92783179719031,-0.418896464478229
720.6,-4.61044899976519,-1.22456048871124
720.7,-4.24423807965928,-0.150341789733895
720.8,-4.63486306110559,0.118212885010443
720.9,-5.34287083997702,-0.516552709839807
721,-6.24619110957161,-0.0526855443723179
721.1,-5.73349582142333,-0.5653808325206
721.2,-3.17001938068193,-2.39643543305017
721.3,-4.00009746625533,-2.54291980109253
721.4,-3.97568340491494,-1.29780267273242
721.5,-4.26865214099967,-0.0526855443723179
721.6,-3.58505842346863,-1.44428704077479
721.7,-2.8526365832568,-1.32221673407282
721.8,-3.78037091419179,-0.614208955201387
721.9,-5.48935520801939,-1.10249018200927
722,-4.68369118378638,-1.39545891809401
722.1,-4.07333965027652,-0.589794893860993
722.2,-4.90341773584992,-1.20014642737085
722.3,-4.70810524512677,-1.78608389954032
722.4,-4.19540995697849,-1.93256826758268
722.5,-2.8770506445972,-0.785107384584147
722.6,-1.92490225232182,-0.907177691286117
722.7,-2.53525378583168,0.118212885010448
722.8,-3.48740217810705,-0.907177691286117
722.9,-3.58505842346863,-2.15229481964623
723,-2.80380846057601,-2.20112294232702
723.1,-3.43857405542627,-2.59174792377332
723.2,-4.5860349384248,-1.88374014490189
723.3,-3.31650374872429,-0.63862301654178
723.4,-3.09677719666074,-0.540966771180202
723.5,-3.63388654614942,-1.24897455005163
723.6,-3.36533187140508,0.142626946350839
723.7,-2.90146470593759,0.0693847623296563
723.8,-2.75498033789522,0.289111314393205
723.9,-3.46298811676666,0.33793943707399
724,-4.07333965027652,0.0205566396488649
724.1,-3.04794907397996,-0.88276362994572
724.2,-2.29111317242773,-1.22456048871125
724.3,-2.58408190851246,-0.540966771180203
724.4,-3.85361309821297,0.362353498414387
724.5,-2.82822252191641,-0.174755851074289
724.6,-1.998144436343,-1.395458918094
724.7,-2.21787098840655,-1.90815420624229
724.8,-3.12119125800114,-1.56635734747677
724.9,-2.26669911108734,-1.17573236603046
725,-2.19345692706615,-0.0770996057127078
725.1,-2.07138662036418,-0.199169912414683
725.2,-3.02353501263956,-0.443310525818625
725.3,-2.95029282861838,-0.394482403137837
725.4,-3.2920896873839,-0.199169912414685
725.5,-2.8526365832568,-0.223583973755076
725.6,-2.4131834791297,-0.394482403137837
725.7,-2.55966784717207,-0.0770996057127121
725.8,-1.5831053935563,-0.00385742169152934
725.9,-0.777441369323286,-1.12690424334967
726,-0.875097614684863,-1.29780267273243
726.1,-1.36337884149275,-0.565380832520599
726.2,-1.998144436343,0.752978479860701
726.3,-2.82822252191641,1.1680175226474
726.4,-2.4375975404701,0.50883786645675
726.5,-2.31552723376812,-0.76069332324375
726.6,-2.8770506445972,-0.833935507264937
726.7,-2.68173815387404,-0.125927728393501
726.8,-2.80380846057601,-0.370068341797439
726.9,-2.31552723376813,-1.15131830469006
727,-1.90048819098143,-1.395458918094
727.1,-3.85361309821297,-0.370068341797442
727.2,-3.75595685285139,0.36235349841439
727.3,-2.8770506445972,0.167041007691233
727.4,-2.63291003119325,-0.711865200562964
727.5,-3.80478497553218,-0.614208955201389
727.6,-3.63388654614942,0.48442380511636
727.7,-3.19443344202232,0.21586913037202
727.8,-1.998144436343,-1.54194328613637
727.9,-2.19345692706615,-2.2987791876886
728,-2.73056627655483,-0.418896464478233
728.1,-4.02451152759573,-0.711865200562963
728.2,-3.36533187140508,-1.07807612066888
728.3,-2.97470688995877,-0.565380832520594
728.4,-3.09677719666074,-0.736279261903357
728.5,-3.09677719666074,-0.809521445924543
728.6,-2.53525378583167,-1.05366205932848
728.7,-3.14560531934154,-1.07807612066888
728.8,-3.60947248480903,-1.15131830469006
728.9,-3.12119125800114,0.362353498414386
729,-3.7071287301706,0.0449707009892592
729.1,-2.90146470593759,-0.858349568605327
729.2,-2.75498033789522,-0.296826157776259
729.3,-3.90244122089376,-0.663037077882173
729.4,-4.29306620234007,-0.785107384584146
729.5,-3.19443344202232,0.118212885010446
729.6,-2.99912095129917,-0.760693323243753
729.7,-3.17001938068193,-1.27338861139203
729.8,-3.24326156470311,-0.24799803509547
729.9,-3.09677719666074,-0.760693323243753
730,-2.8770506445972,-0.68745113922257
730.1,-3.48740217810705,-0.614208955201384
730.2,-3.04794907397996,-0.150341789733892
730.3,-2.46201160181049,-0.370068341797437
730.4,-3.12119125800114,-0.321240219116653
730.5,-3.09677719666074,-0.418896464478229
730.6,-2.90146470593759,0.142626946350839
730.7,-2.58408190851247,0.948290970583851
730.8,-1.94931631366221,-0.785107384584147
730.9,-2.09580068170458,-0.614208955201383
731,-2.65732409253365,-0.150341789733892
731.1,-3.19443344202232,-0.71186520056296
731.2,-2.63291003119325,-0.540966771180202
731.3,-2.73056627655483,-0.199169912414682
731.4,-3.78037091419178,0.240283191712417
731.5,-2.48642566315089,0.118212885010446
731.6,-1.24130853479078,-1.20014642737085
731.7,-2.38876941778931,-1.73725577685952
731.8,-3.90244122089376,-0.736279261903357
731.9,-3.75595685285139,0.044970700989262
732,-3.17001938068193,-1.05366205932848
732.1,-3.38974593274548,-0.858349568605328
732.2,-3.36533187140508,0.801806602541483
732.3,-4.00009746625534,0.94829097058385
732.4,-3.2920896873839,1.65629874945529
732.5,-3.97568340491494,-0.516552709839807
732.6,-3.63388654614942,-2.37202137170978
732.7,-2.97470688995877,-1.12690424334966
732.8,-2.58408190851247,0.167041007691232
732.9,-2.09580068170458,-0.589794893860989
733,-2.07138662036418,-0.882763629945724
733.1,-2.19345692706616,-0.101513667053105
733.2,-2.33994129510852,-0.638623016541779
733.3,-3.3165037487243,0.337939437073994
733.4,-2.99912095129917,0.33793943707399
733.5,-3.14560531934153,-0.125927728393501
733.6,-3.31650374872429,0.460009743775966
733.7,-1.77841788427945,-0.223583973755078
733.8,-1.998144436343,-0.882763629945723
733.9,-2.65732409253365,0.215869130372019
734,-2.36435535644892,0.60649411181833
734.1,-1.998144436343,1.5830565654341
734.2,-3.02353501263956,2.24223622162475
734.3,-2.51083972449128,0.923876909243455
734.4,-2.80380846057601,0.240283191712416
734.5,-2.53525378583167,-0.0770996057127093
734.6,-2.63291003119325,0.044970700989262
734.7,-2.73056627655483,0.215869130372022
734.8,-3.60947248480903,-0.24799803509547
734.9,-3.85361309821297,-1.00483393664769
735,-3.2920896873839,-1.15131830469006
735.1,-2.75498033789522,-0.711865200562961
735.2,-2.70615221521444,-0.0038574216915265
735.3,-2.16904286572576,1.68071281079568
735.4,-2.46201160181049,1.33891595203016
735.5,-3.04794907397995,0.337939437073993
735.6,-2.16904286572576,0.875048786562668
735.7,-1.80283194561984,0.0449707009892606
735.8,-2.4131834791297,-0.614208955201384
735.9,-2.92587876727799,-1.07807612066888
736,-2.75498033789522,-0.174755851074291
736.1,-2.75498033789522,0.630908173158724
736.2,-2.53525378583168,0.0693847623296548
736.3,-3.34091781006469,-0.321240219116653
736.4,-3.17001938068193,-0.296826157776258
736.5,-2.4375975404701,-0.394482403137833
736.6,-2.90146470593759,-0.0282714830319208
736.7,-2.36435535644892,-0.125927728393501
736.8,-2.8770506445972,-0.589794893860989
736.9,-3.19443344202232,0.044970700989262
737,-3.53623030078784,0.557665989137541
737.1,-2.75498033789522,-0.663037077882171
737.2,-3.19443344202232,-1.44428704077479
737.3,-2.8526365832568,-0.833935507264933
737.4,-2.36435535644892,-1.0048339366477
737.5,-3.04794907397996,0.411181621095174
737.6,-3.04794907397996,0.606494111818327
737.7,-1.97373037500261,0.33793943707399
737.8,-2.33994129510852,-0.443310525818626
737.9,-3.04794907397996,-1.22456048871124
738,-3.14560531934153,-0.85834956860533
738.1,-2.68173815387404,0.167041007691236
738.2,-2.65732409253365,1.1680175226474
738.3,-2.99912095129917,-0.199169912414683
738.4,-2.58408190851246,-0.516552709839804
738.5,-2.07138662036418,0.655322234499118
738.6,-3.51181623944745,0.630908173158727
738.7,-4.39072244770164,-0.272412096435865
738.8,-2.48642566315089,0.460009743775963
738.9,-1.65634757757748,0.264697253052807
739,-1.90048819098142,-0.174755851074288
739.1,-1.48544914819472,0.533251927797149
739.2,-2.16904286572576,0.167041007691233
739.3,-3.75595685285139,0.313525375733599
739.4,-4.51279275440361,0.484423805116361
739.5,-3.68271466883021,0.606494111818328
739.6,-1.85166006830064,0.606494111818328
739.7,-2.19345692706615,0.118212885010442
739.8,-1.92490225232182,-0.589794893860989
739.9,-1.87607412964103,-1.29780267273242
740,-2.92587876727798,-1.27338861139203
740.1,-3.43857405542627,-1.93256826758268
740.2,-2.14462880438536,-1.76166983819992
740.3,-1.41220696417354,-0.467724587159022
740.4,-1.97373037500261,-0.077099605712715
740.5,-2.26669911108734,0.0449707009892606
740.6,-3.85361309821297,-0.125927728393503
740.7,-3.82919903687257,-0.443310525818627
740.8,-2.29111317242773,0.70415035717991
740.9,-1.87607412964103,0.899462847903062
741,-3.12119125800114,-0.199169912414682
741.1,-2.53525378583168,-0.980419875307298
741.2,-2.31552723376813,-0.199169912414682
741.3,-2.53525378583167,0.0693847623296534
741.4,-3.12119125800114,-0.272412096435866
741.5,-3.07236313532035,-1.05366205932848
741.6,-2.51083972449128,0.289111314393206
741.7,-1.50986320953511,0.77739254120109
741.8,-2.09580068170458,0.704150357179907
741.9,-2.19345692706616,0.0937988236700463
742,-1.85166006830063,-0.0526855443723193
742.1,-1.998144436343,0.191455069031629
742.2,-2.12021474304497,-0.247998035095468
742.3,-3.34091781006469,-0.125927728393501
742.4,-2.29111317242773,-0.150341789733895
742.5,-2.77939439923562,0.557665989137544
742.6,-2.09580068170458,0.0693847623296563
742.7,-2.70615221521444,-0.540966771180202
742.8,-3.82919903687257,0.0449707009892606
742.9,-2.4375975404701,-0.565380832520599
743,-2.21787098840655,-0.150341789733893
743.1,-1.77841788427945,0.777392541201088
743.2,-2.4131834791297,1.33891595203016
743.3,-1.50986320953511,0.0449707009892634
743.4,-1.09482416674841,-0.907177691286117
743.5,-1.26572259613117,0.167041007691233
743.6,-1.36337884149275,-0.370068341797443
743.7,-1.92490225232182,-0.247998035095472
743.8,-1.02158198272723,0.0205566396488663
743.9,-1.31455071881196,0.118212885010446
744,-1.29013665747156,-0.760693323243753
744.1,-1.87607412964103,-1.05366205932848
744.2,-2.31552723376813,-0.467724587159016
744.3,-2.16904286572576,-1.17573236603046
744.4,-2.16904286572576,-0.931591752626513
744.5,-1.82724600696024,-0.46772458715902
744.6,-2.0225584976834,0.191455069031626
744.7,-2.31552723376813,-0.0282714830319236
744.8,-2.38876941778931,0.435595682435569
744.9,-2.95029282861838,1.04594721594543
745,-2.8770506445972,0.826220663881878
745.1,-1.70517570025827,0.630908173158724
745.2,-1.41220696417354,0.655322234499116
745.3,-1.21689447345038,1.02153315460504
745.4,-0.801855430663679,0.362353498414387
745.5,-1.5586913322159,0.752978479860694
745.6,-1.5586913322159,0.606494111818331
745.7,-1.02158198272723,1.6074706267745
745.8,-1.38779290283314,0.0937988236700505
745.9,-2.0225584976834,0.0205566396488663
746,-1.38779290283314,0.997119093264639
746.1,-0.582128878600131,0.26469725305281
746.2,-0.11826171313264,0.630908173158724
746.3,0.516503881717613,0.0937988236700491
746.4,-0.679785123961708,0.313525375733599
746.5,-1.19248041210999,-0.370068341797442
746.6,-0.923925737365651,0.0937988236700477
746.7,-1.5586913322159,-0.0770996057127093
746.8,-1.87607412964103,0.533251927797149
746.9,-1.5831053935563,0.240283191712419
747,-2.38876941778931,-0.272412096435865
747.1,-2.07138662036418,-0.931591752626513
747.2,-1.46103508685433,-0.199169912414682
747.3,-3.41415999408587,0.411181621095177
747.4,-3.78037091419178,0.289111314393205
747.5,-3.46298811676666,0.0449707009892606
747.6,-2.65732409253365,0.118212885010442
747.7,-1.77841788427945,0.26469725305281
747.8,-2.60849596985286,-0.51655270983981
747.9,-2.14462880438537,-1.46870110211518
748,-1.21689447345038,-0.931591752626513
748.1,-1.36337884149275,-0.101513667053106
748.2,-1.53427727087551,1.1680175226474
748.3,-2.0225584976834,0.630908173158726
748.4,-0.679785123961707,0.411181621095176
748.5,-1.70517570025827,-0.833935507264934
748.6,-2.48642566315089,-1.0048339366477
748.7,-3.24326156470311,-0.980419875307301
748.8,-2.77939439923562,-0.345654280457049
748.9,-2.12021474304497,-0.150341789733896
749,-2.4131834791297,-0.174755851074285
749.1,-2.0225584976834,-0.394482403137833
749.2,-1.50986320953511,0.142626946350838
749.3,-1.72958976159866,1.02153315460503
749.4,-1.97373037500261,-0.101513667053104
749.5,-2.90146470593759,-1.20014642737085
749.6,-2.82822252191641,-0.540966771180204
749.7,-2.68173815387404,-0.589794893860991
749.8,-3.04794907397996,-0.492138648499413
749.9,-2.68173815387404,-0.101513667053102
750,-1.5586913322159,-1.17573236603045
750.1,-1.63193351623709,-1.63959953149795
750.2,-1.50986320953511,-0.296826157776255
750.3,-1.68076163891787,0.240283191712416
750.4,-2.29111317242773,-0.296826157776259
750.5,-1.36337884149275,-0.833935507264931
750.6,-0.875097614684863,-0.516552709839806
750.7,-1.68076163891787,0.0205566396488663
750.8,-1.36337884149275,0.191455069031629
750.9,-1.41220696417354,0.362353498414386
751,-2.46201160181049,0.0205566396488663
751.1,-2.73056627655483,-1.66401359283834
751.2,-1.97373037500261,-1.32221673407282
751.3,-1.63193351623709,0.044970700989262
751.4,-2.04697255902379,0.63090817315873
751.5,-1.68076163891787,-0.272412096435863
751.6,-0.948339798706044,-0.540966771180203
751.7,-0.997167921386835,-0.345654280457049
751.8,-1.11923822808881,-0.833935507264935
751.9,-1.5586913322159,0.923876909243455
752,-0.655371062621315,0.948290970583851
752.1,-0.899511676025257,1.11918939996661
752.2,-1.82724600696024,0.460009743775964
752.3,-1.02158198272723,-0.174755851074289
752.4,-0.630957001280917,-0.0770996057127093
752.5,-0.142675774473032,-0.0282714830319208
752.6,-1.53427727087551,0.752978479860694
752.7,-1.60751945489669,-0.174755851074288
752.8,-1.94931631366221,-0.540966771180203
752.9,-1.72958976159866,0.167041007691235
753,-1.75400382293906,0.191455069031629
753.1,-1.82724600696024,-0.0282714830319208
753.2,-1.72958976159866,0.118212885010442
753.3,-1.11923822808881,0.337939437073993
753.4,-0.948339798706044,0.240283191712413
753.5,-1.29013665747157,0.0937988236700505
753.6,-1.11923822808881,-0.174755851074289
753.7,-1.998144436343,-0.00385742169152934
753.8,-1.94931631366221,-0.492138648499412
753.9,-1.02158198272723,-0.492138648499414
754,-1.46103508685433,0.167041007691232
754.1,-1.04599604406762,-0.614208955201386
754.2,-1.46103508685432,-1.32221673407282
754.3,-1.90048819098142,-1.22456048871124
754.4,-1.48544914819472,-0.711865200562964
754.5,-1.43662102551393,-0.956005813966905
754.6,-1.07041010540802,-1.59077140881716
754.7,-0.484472633238553,-1.71284171551913
754.8,-1.53427727087551,-0.321240219116653
754.9,-1.5831053935563,-0.101513667053108
755,-1.5586913322159,-0.125927728393499
755.1,-1.36337884149275,-0.565380832520597
755.2,-0.655371062621313,-0.101513667053106
755.3,-1.26572259613117,0.26469725305281
755.4,-0.728613246642497,0.484423805116361
755.5,-0.215917958494217,-0.0038574216915265
755.6,-1.07041010540802,-0.24799803509547
755.7,-1.21689447345038,-0.614208955201383
755.8,-0.728613246642497,-0.321240219116653
755.9,-2.65732409253365,-0.394482403137835
756,-2.73056627655483,-1.54194328613637
756.1,-2.58408190851246,-1.98139639026347
756.2,-1.65634757757748,-2.22553700366741
756.3,-0.801855430663679,-3.9833494201758
756.4,-1.29013665747157,-6.08295869544971
756.5,-1.19248041210999,-6.47358367689602
756.6,-1.41220696417354,-7.10834927174627
756.7,-1.43662102551393,-6.42475555421523
756.8,-2.26669911108734,-6.69331022895957
756.9,-1.77841788427945,-7.35248988515021
757,-1.21689447345038,-7.05952114906548
757.1,-1.72958976159866,-6.37592743153444
757.2,-2.73056627655483,-6.03413057276892
757.3,-3.12119125800114,-5.86323214338616
757.4,-2.4131834791297,-6.1073727567901
757.5,-2.09580068170458,-6.64448210627878
757.6,-2.19345692706615,-6.79096647432115
757.7,-1.94931631366221,-6.32709930885366
757.8,-1.36337884149275,-6.18061494081129
757.9,-0.997167921386834,-5.66791965266301
758,-1.16806635076959,-6.18061494081129
758.1,-0.875097614684863,-6.1317868181305
758.2,-0.582128878600131,-5.57026340730143
758.3,-1.36337884149275,-5.44819310059946
758.4,-1.63193351623709,-5.37495091657827
758.5,-2.73056627655483,-5.83881808204577
758.6,-1.998144436343,-5.44819310059945
758.7,-2.12021474304497,-4.98432593513196
758.8,-3.02353501263956,-5.49702122328025
758.9,-2.92587876727798,-4.95991187379157
759,-1.82724600696024,-4.86225562843
759.1,-1.53427727087551,-4.52045876966447
759.2,-1.48544914819472,-4.86225562843
759.3,-1.48544914819472,-3.76362286811225
759.4,-2.12021474304497,-3.37299788666595
759.5,-2.38876941778931,-3.49506819336792
759.6,-2.51083972449128,-2.78706041449648
759.7,-2.51083972449128,-2.93354478253884
759.8,-2.24228504974694,-2.2743651263482
759.9,-1.70517570025827,-3.10444321192161
760,-2.68173815387404,-3.44624007068712
760.1,-2.51083972449128,-3.128857273262
760.2,-2.29111317242773,-2.88471665985806
760.3,-2.33994129510852,-2.61616198511372
760.4,-1.72958976159866,-3.00678696656003
760.5,-1.46103508685432,-2.61616198511372
760.6,-1.80283194561985,-2.76264635315609
760.7,-1.63193351623709,-2.64057604645411
760.8,-0.899511676025257,-2.64057604645411
760.9,-2.02255849768339,-2.29877918768859
761,-2.33994129510852,-2.05463857428465
761.1,-2.0225584976834,-1.76166983819992
761.2,-1.21689447345038,-1.98139639026347
761.3,-1.38779290283314,-4.0077634815162
761.4,-2.75498033789523,-3.76362286811225
761.5,-1.53427727087551,-2.6894041691349
761.6,-1.53427727087551,-2.59174792377333
761.7,-2.58408190851246,-2.7138182304753
761.8,-2.07138662036418,-2.34760731036938
761.9,-1.5831053935563,-1.78608389954031
762,-2.70615221521444,-1.93256826758268
762.1,-2.21787098840655,-2.2987791876886
762.2,-1.92490225232182,-2.10346669696544
762.3,-2.36435535644892,-1.17573236603046
762.4,-2.97470688995877,-1.07807612066888
762.5,-2.24228504974694,-1.49311516345558
762.6,-1.43662102551393,-1.12690424334967
762.7,-1.90048819098142,0.215869130372023
762.8,-1.24130853479078,0.679736295839513
762.9,-0.679785123961709,0.313525375733599
763,-0.850683553344468,-0.809521445924534
763.1,-0.704199185302102,-1.95698232892307
763.2,-0.777441369323285,-1.07807612066888
763.3,-1.36337884149275,-0.565380832520596
763.4,-1.65634757757748,-0.565380832520597
763.5,-2.12021474304497,0.362353498414386
763.6,-1.94931631366221,0.289111314393206
763.7,-0.826269492004074,-0.125927728393502
763.8,-1.41220696417354,-0.394482403137837
763.9,-1.48544914819472,-0.370068341797443
764,-1.43662102551393,-0.272412096435866
764.1,-1.70517570025827,0.118212885010445
764.2,-1.87607412964103,-0.199169912414683
764.3,-2.38876941778931,-1.54194328613637
764.4,-2.4131834791297,-1.68842765417873
764.5,-2.36435535644892,-0.809521445924538
764.6,-1.998144436343,-0.272412096435866
764.7,-1.80283194561985,-1.02924799798809
764.8,-2.07138662036418,-0.614208955201381
764.9,-2.12021474304497,-1.24897455005164
765,-1.53427727087551,-1.17573236603046
765.1,-0.753027307982891,-0.68745113922257
765.2,-0.606542939940526,-1.22456048871124
765.3,-0.167089835813427,-1.56635734747676
765.4,-0.704199185302103,-0.907177691286118
765.5,-1.72958976159867,-0.0282714830319222
765.6,-2.31552723376813,-0.0526855443723164
765.7,-1.5831053935563,-0.296826157776258
765.8,-1.77841788427945,-0.00385742169152508
765.9,-2.19345692706616,0.142626946350839
766,-3.07236313532035,-0.0526855443723164
766.1,-2.8770506445972,-0.71186520056296
766.2,-2.58408190851247,-0.418896464478229
766.3,-2.63291003119325,0.48442380511636
766.4,-1.65634757757748,0.362353498414384
766.5,-1.50986320953511,-0.711865200562964
766.6,-0.826269492004073,-1.8349120222211
766.7,-0.972753860046441,-1.98139639026347
766.8,-1.48544914819472,-0.5409667711802
766.9,-2.0225584976834,-0.345654280457049
767,-1.92490225232182,-0.614208955201383
767.1,-2.0225584976834,-0.785107384584144
767.2,-1.97373037500261,-1.29780267273242
767.3,-0.826269492004072,-0.833935507264931
767.4,-0.508886694578948,-0.41889646447823
767.5,-0.923925737365651,-0.101513667053104
767.6,-2.29111317242773,-0.345654280457049
767.7,-2.92587876727798,-0.199169912414679
767.8,-1.82724600696024,-0.101513667053106
767.9,-0.997167921386835,-0.711865200562966
768,-0.11826171313264,-1.15131830469006
768.1,-0.850683553344469,-0.370068341797442
768.2,-1.24130853479078,0.0449707009892606
768.3,-1.04599604406762,-0.370068341797443
768.4,-2.33994129510852,-0.345654280457049
768.5,-2.02255849768339,-0.638623016541779
768.6,-2.65732409253365,-0.760693323243753
768.7,-1.77841788427945,-0.272412096435866
768.8,-0.411230449217369,-0.980419875307298
768.9,-1.02158198272723,-2.81147447583687
769,-1.46103508685433,-2.29877918768859
769.1,-2.38876941778931,-0.58979489386099
769.2,-2.29111317242773,-0.980419875307301
769.3,-2.70615221521444,-0.907177691286118
769.4,-2.48642566315089,-0.980419875307301
769.5,-1.48544914819472,-0.76069332324375
769.6,-1.97373037500261,-0.418896464478232
769.7,-2.21787098840655,-0.88276362994572
769.8,-2.07138662036418,-0.809521445924543
769.9,-1.85166006830064,-1.34663079541322
770,-2.16904286572576,-1.66401359283834
770.1,-1.33896478015235,-0.809521445924541
770.2,-0.411230449217371,-0.516552709839807
770.3,-0.362402326536581,-0.663037077882176
770.4,-1.33896478015236,-0.394482403137837
770.5,-2.31552723376813,-0.540966771180204
770.6,-2.46201160181049,-0.5409667711802
770.7,-2.16904286572576,-0.174755851074286
770.8,-2.31552723376813,-1.46870110211519
770.9,-2.33994129510852,-1.66401359283834
771,-2.46201160181049,-0.93159175262651
771.1,-1.70517570025827,-1.88374014490189
771.2,-1.5586913322159,-1.81049796088071
771.3,-1.1436522894292,-0.785107384584146
771.4,-2.07138662036418,-0.760693323243751
771.5,-3.2676756260435,-0.83393550726493
771.6,-2.58408190851246,-1.12690424334967
771.7,-1.41220696417354,-0.321240219116655
771.8,-0.923925737365652,-0.345654280457049
771.9,-1.46103508685433,-0.51655270983981
772,-1.90048819098142,-2.29877918768859
772.1,-2.55966784717207,-2.49409167841174
772.2,-2.0225584976834,-0.956005813966907
772.3,-2.0225584976834,-1.49311516345558
772.4,-1.998144436343,-1.17573236603046
772.5,-1.43662102551393,-0.58979489386099
772.6,-1.53427727087551,-1.02924799798809
772.7,-1.92490225232182,-0.101513667053108
772.8,-3.80478497553218,-0.760693323243753
772.9,-2.90146470593759,-0.76069332324375
773,-1.31455071881196,-0.516552709839811
773.1,-1.04599604406762,-0.443310525818627
773.2,-1.80283194561985,-0.589794893860993
773.3,-1.85166006830063,0.386767559754784
773.4,-2.46201160181049,0.972705031924244
773.5,-3.56064436212824,-0.0770996057127107
773.6,-2.73056627655483,-0.174755851074285
773.7,-1.90048819098142,-0.296826157776258
773.8,-2.09580068170458,-0.663037077882173
773.9,-2.02255849768339,-1.05366205932848
774,-1.87607412964103,-1.71284171551913
774.1,-1.19248041210999,-1.34663079541322
774.2,-1.92490225232182,0.215869130372023
774.3,-1.80283194561984,0.0693847623296563
774.4,-1.998144436343,0.142626946350838
774.5,-2.48642566315089,0.533251927797144
774.6,-2.24228504974694,0.582080050477937
774.7,-2.21787098840655,-0.540966771180204
774.8,-2.58408190851246,-0.345654280457047
774.9,-2.33994129510852,-0.370068341797442
775,-2.16904286572576,-0.0282714830319222
775.1,-2.70615221521444,0.0937988236700505
775.2,-2.73056627655483,-0.736279261903354
775.3,-2.4131834791297,-1.05366205932848
775.4,-2.53525378583168,-0.614208955201386
775.5,-3.85361309821297,-0.29682615777626
775.6,-3.43857405542626,-0.540966771180204
775.7,-2.09580068170458,-0.614208955201386
775.8,-1.65634757757748,-0.174755851074286
775.9,-1.5831053935563,-0.223583973755079
776,-2.16904286572576,-0.321240219116658
776.1,-2.19345692706616,-0.443310525818626
776.2,-1.75400382293906,-1.34663079541321
776.3,-2.38876941778931,-1.73725577685952
776.4,-2.4131834791297,-1.07807612066888
776.5,-2.21787098840655,0.508837866456754
776.6,-1.41220696417354,-0.443310525818623
776.7,-1.90048819098142,-0.76069332324375
776.8,-3.36533187140508,-0.492138648499414
776.9,-3.02353501263956,0.215869130372019
777,-2.99912095129917,0.484423805116361
777.1,-1.97373037500261,-0.418896464478232
777.2,-1.53427727087551,-0.71186520056296
777.3,-2.4131834791297,-0.174755851074285
777.4,-1.92490225232182,-1.05366205932848
777.5,-1.85166006830063,-1.54194328613637
777.6,-1.82724600696024,-0.663037077882173
777.7,-2.48642566315089,0.313525375733597
777.8,-1.29013665747156,-0.101513667053104
777.9,-1.65634757757748,-1.02924799798809
778,-2.95029282861838,-0.223583973755078
778.1,-2.95029282861838,-0.052685544372315
778.2,-2.97470688995877,-0.101513667053106
778.3,-2.19345692706616,-0.467724587159019
778.4,-2.02255849768339,-0.980419875307301
778.5,-2.36435535644892,0.508837866456754
778.6,-2.38876941778931,0.0449707009892606
778.7,-3.19443344202232,-1.10249018200927
778.8,-2.8770506445972,-1.66401359283834
778.9,-2.63291003119325,-1.05366205932848
779,-2.63291003119325,-0.956005813966907
779.1,-1.90048819098142,-1.88374014490189
779.2,-2.51083972449128,-1.0048339366477
779.3,-2.92587876727798,0.43559568243557
779.4,-2.63291003119325,0.460009743775967
779.5,-2.51083972449128,-0.199169912414681
779.6,-2.4375975404701,1.11918939996661
779.7,-3.2920896873839,1.31450189068977
779.8,-2.55966784717207,0.752978479860693
779.9,-3.17001938068193,0.435595682435567
780,-2.70615221521444,-0.125927728393501
780.1,-1.92490225232182,-0.0526855443723164
780.2,-2.68173815387404,-0.296826157776259
780.3,-1.80283194561985,-0.614208955201384
780.4,-1.41220696417354,-0.516552709839811
780.5,-2.12021474304497,-0.540966771180206
780.6,-2.55966784717207,-0.345654280457047
780.7,-2.55966784717207,-0.931591752626511
780.8,-2.70615221521444,-1.51752922479597
780.9,-2.97470688995877,-1.59077140881716
781,-2.97470688995877,-1.395458918094
781.1,-2.4375975404701,-1.0048339366477
781.2,-2.68173815387404,-0.882763629945725
781.3,-2.4375975404701,-0.663037077882177
781.4,-2.14462880438537,0.850634725222275
781.5,-1.85166006830064,1.85161124017844
781.6,-1.77841788427945,0.411181621095176
781.7,-1.50986320953511,-0.46772458715902
781.8,-2.24228504974694,-1.02924799798809
781.9,-3.90244122089376,-2.03022451294425
782,-4.04892558893612,-1.34663079541321
782.1,-3.731542791511,-0.760693323243751
782.2,-3.41415999408587,-0.125927728393498
782.3,-4.09775371161691,0.313525375733596
782.4,-4.02451152759573,-0.321240219116655
782.5,-4.83017555182874,-0.51655270983981
782.6,-4.73251930646716,-1.00483393664769
782.7,-3.80478497553218,-1.88374014490189
782.8,-5.63583957606175,-0.394482403137833
782.9,-6.41708953895437,0.0937988236700477
783,-5.97763643482727,-0.80952144592454
783.1,-5.02548804255189,0.435595682435572
783.2,-5.29404271729623,1.143603461307
783.3,-5.51376926935978,0.752978479860695
783.4,-6.7100582750391,-0.0282714830319222
783.5,-6.66123015235831,-0.199169912414685
783.6,-5.46494114667899,-0.345654280457046
783.7,-4.97665991987111,-1.32221673407282
783.8,-5.61142551472136,0.118212885010442
783.9,-5.4161130239982,1.02153315460503
784,-5.19638647193466,0.411181621095176
784.1,-6.88095670442186,0.337939437073993
784.2,-6.95419888844305,-0.68745113922257
784.3,-5.8555661281253,-0.565380832520596
