"x","y","yfilter","yfit","yfit1","yfit2"
0,8.36470500634367,8.36470500634367,0,0,0
0.1,7.63228316613184,7.63228316613184,0,0,0
0.2,8.6088456197476,8.6088456197476,0,0,0
0.3,8.03918418847175,8.03918418847175,0,0,0
0.4,7.7950435750678,7.7950435750678,0,0,0
0.5,9.9516189934693,9.9516189934693,0,0,0
0.6,10.1143794024053,10.1143794024053,0,0,0
0.7,10.1143794024053,10.1143794024053,0,0,0
0.8,9.66678827783137,9.66678827783137,0,0,0
0.9,8.32401490410968,8.32401490410968,0,0,0
1,6.98124153038798,6.98124153038798,0,0,0
1.1,6.981241530388,6.981241530388,0,0,0
1.2,8.12056439293973,8.12056439293973,0,0,0
1.3,9.30057735772544,9.30057735772544,0,0,0
1.4,6.98124153038798,6.98124153038798,0,0,0
1.5,8.52746541527963,8.52746541527963,0,0,0
1.6,9.87023878900131,9.87023878900131,0,0,0
1.7,8.03918418847175,8.03918418847175,0,0,0
1.8,7.10331183708996,7.10331183708996,0,0,0
1.9,7.22538214379193,7.22538214379193,0,0,0
2,7.95780398400377,7.95780398400377,0,0,0
2.1,7.91711388176978,7.91711388176978,0,0,0
2.2,8.6495357219816,8.6495357219816,0,0,0
2.3,8.6088456197476,8.6088456197476,0,0,0
2.4,8.6495357219816,8.6495357219816,0,0,0
2.5,8.97505653985353,8.97505653985353,0,0,0
2.6,7.7950435750678,7.7950435750678,0,0,0
2.7,7.3881425527279,7.3881425527279,0,0,0
2.8,6.20812958794217,6.20812958794217,0,0,0
2.9,8.89367633538555,8.89367633538555,0,0,0
3,8.93436643761954,8.93436643761954,0,0,0
3.1,7.22538214379194,7.22538214379194,0,0,0
3.2,8.28332480187569,8.28332480187569,0,0,0
3.3,9.01574664208752,9.01574664208752,0,0,0
3.4,8.77160602868357,8.77160602868357,0,0,0
3.5,9.42264766442742,9.42264766442742,0,0,0
3.6,8.48677531304564,8.48677531304564,0,0,0
3.7,7.7136633705998,7.7136633705998,0,0,0
3.8,6.4929603035801,6.4929603035801,0,0,0
3.9,6.16743948570817,6.16743948570817,0,0,0
4,7.42883265496189,7.42883265496189,0,0,0
4.1,6.61503061028208,6.61503061028208,0,0,0
4.2,5.71984836113428,5.71984836113428,0,0,0
4.3,3.84810365837072,3.84810365837072,0,0,0
4.4,3.80741355613673,3.80741355613673,0,0,0
4.5,5.80122856560227,5.80122856560227,0,0,0
4.6,6.65572071251606,6.65572071251606,0,0,0
4.7,5.6384681566663,5.6384681566663,0,0,0
4.8,5.6791582589003,5.6791582589003,0,0,0
4.9,4.53983539634855,4.53983539634855,0,0,0
5,3.19706202262688,3.19706202262688,0,0,0
5.1,0.592895479651475,0.592895479651475,0,0,0
5.2,-0.261596667262322,-0.261596667262322,0,0,0
5.3,0.430135070715513,0.430135070715513,0,0,0
5.4,2.17980946677711,2.17980946677711,0,0,0
5.5,1.16255691092735,1.16255691092735,0,0,0
5.6,0.0232340483756114,0.0232340483756114,0,0,0
5.7,0.0639241506096039,0.0639241506096039,0,0,0
5.8,0.552205377417484,0.552205377417484,0,0,0
5.9,0.674275684119451,0.674275684119451,0,0,0
6,2.17980946677711,2.17980946677711,0,0,0
6.1,2.42395008018106,2.42395008018106,0,0,0
6.2,2.2611896712451,2.2611896712451,0,0,0
6.3,1.3253173198633,1.3253173198633,0,0,0
6.4,-0.0988362583263644,-0.0988362583263644,0,0,0
6.5,0.755655888587436,0.755655888587436,0,0,0
6.6,1.24393711539532,1.24393711539532,0,0,0
6.7,0.226684559545556,0.226684559545556,0,0,0
6.8,0.470825172949501,0.470825172949501,0,0,0
6.9,1.16255691092735,1.16255691092735,0,0,0
7,0.633585581885465,0.633585581885465,0,0,0
7.1,0.145304355077582,0.145304355077582,0,0,0
7.2,-0.139526360560353,-0.139526360560353,0,0,0
7.3,0.308064764013542,0.308064764013542,0,0,0
7.4,0.267374661779552,0.267374661779552,0,0,0
7.5,-0.994018507474166,-0.994018507474166,0,0,0
7.6,-1.03470860970814,-1.03470860970814,0,0,0
7.7,-0.871948200772183,-0.871948200772183,0,0,0
7.8,-0.546427382900262,-0.546427382900262,0,0,0
7.9,-0.953328405240163,-0.953328405240163,0,0,0
8,-0.465047178432279,-0.465047178432279,0,0,0
8.1,-0.180216462794339,-0.180216462794339,0,0,0
8.2,0.104614252843585,0.104614252843585,0,0,0
8.3,-1.07539871194213,-1.07539871194213,0,0,0
8.4,-2.09265126779189,-2.09265126779189,0,0,0
8.5,-2.01127106332391,-2.01127106332391,0,0,0
8.6,-1.07539871194213,-1.07539871194213,0,0,0
8.7,-1.27884922311209,-1.27884922311209,0,0,0
8.8,0.226684559545561,0.226684559545561,0,0,0
8.9,-0.994018507474157,-0.994018507474157,0,0,0
9,-2.74369290353575,-2.74369290353575,0,0,0
9.1,-1.15677891641011,-1.15677891641011,0,0,0
9.2,-0.383666973964295,-0.383666973964295,0,0,0
9.3,-0.180216462794346,-0.180216462794346,0,0,0
9.4,-1.27884922311208,-1.27884922311208,0,0,0
9.5,0.59289547965147,0.59289547965147,0,0,0
9.6,0.755655888587441,0.755655888587441,0,0,0
9.7,-0.790567996304202,-0.790567996304202,0,0,0
9.8,-2.9064533124717,-2.9064533124717,0,0,0
9.9,-1.23815912087809,-1.23815912087809,0,0,0
10,-1.40091952981406,-1.40091952981406,0,0,0
10.1,-0.99401850747416,-0.99401850747416,0,0,0
10.2,-0.465047178432279,-0.465047178432279,0,0,0
10.3,-0.383666973964298,-0.383666973964298,0,0,0
10.4,0.796345990821434,0.796345990821434,0,0,0
10.5,-0.261596667262327,-0.261596667262327,0,0,0
10.6,-0.994018507474149,-0.994018507474149,0,0,0
10.7,-0.871948200772178,-0.871948200772178,0,0,0
10.8,-1.92989085885593,-1.92989085885593,0,0,0
10.9,-1.48229973428204,-1.48229973428204,0,0,0
11,-0.58711748513425,-0.58711748513425,0,0,0
11.1,-0.505737280666269,-0.505737280666269,0,0,0
11.2,0.796345990821432,0.796345990821432,0,0,0
11.3,-0.505737280666266,-0.505737280666266,0,0,0
11.4,0.308064764013542,0.308064764013542,0,0,0
11.5,1.16255691092735,1.16255691092735,0,0,0
11.6,0.837036093055419,0.837036093055419,0,0,0
11.7,0.592895479651472,0.592895479651472,0,0,0
11.8,-0.220906565028334,-0.220906565028334,0,0,0
11.9,-0.180216462794341,-0.180216462794341,0,0,0
12,-0.342976871730305,-0.342976871730305,0,0,0
12.1,-0.709187791836217,-0.709187791836217,0,0,0
12.2,-0.505737280666267,-0.505737280666267,0,0,0
12.3,0.63358558188547,0.63358558188547,0,0,0
12.4,0.918416297523403,0.918416297523403,0,0,0
12.5,-1.11608881417612,-1.11608881417612,0,0,0
12.6,-2.25541167672785,-2.25541167672785,0,0,0
12.7,-1.31953932534607,-1.31953932534607,0,0,0
12.8,-2.33679188119584,-2.33679188119584,0,0,0
12.9,-3.84232566385349,-3.84232566385349,0,0,0
13,-3.02852361917367,-3.02852361917367,0,0,0
13.1,-2.09265126779189,-2.09265126779189,0,0,0
13.2,-2.33679188119584,-2.33679188119584,0,0,0
13.3,-0.953328405240161,-0.953328405240161,0,0,0
13.4,-1.48229973428203,-1.48229973428203,0,0,0
13.5,-0.505737280666271,-0.505737280666271,0,0,0
13.6,-1.15677891641011,-1.15677891641011,0,0,0
13.7,-1.11608881417612,-1.11608881417612,0,0,0
13.8,0.104614252843583,0.104614252843583,0,0,0
13.9,-0.220906565028331,-0.220906565028331,0,0,0
14,-1.80782055215396,-1.80782055215396,0,0,0
14.1,-2.45886218789781,-2.45886218789781,0,0,0
14.2,-2.41817208566382,-2.41817208566382,0,0,0
14.3,-1.44160963204805,-1.44160963204805,0,0,0
14.4,-0.302286769496312,-0.302286769496312,0,0,0
14.5,-0.871948200772178,-0.871948200772178,0,0,0
14.6,-0.383666973964291,-0.383666973964291,0,0,0
14.7,-0.465047178432274,-0.465047178432274,0,0,0
14.8,-2.37748198342982,-2.37748198342982,0,0,0
14.9,-1.92989085885593,-1.92989085885593,0,0,0
15,-2.54024239236579,-2.54024239236579,0,0,0
15.1,-0.668497689602226,-0.668497689602226,0,0,0
15.2,-0.261596667262324,-0.261596667262324,0,0,0
15.3,0.430135070715513,0.430135070715513,0,0,0
15.4,-0.220906565028338,-0.220906565028338,0,0,0
15.5,-0.871948200772188,-0.871948200772188,0,0,0
15.6,-0.0988362583263695,-0.0988362583263695,0,0,0
15.7,-0.139526360560343,-0.139526360560343,0,0,0
15.8,-1.03470860970815,-1.03470860970815,0,0,0
15.9,-0.546427382900255,-0.546427382900255,0,0,0
16,-0.709187791836219,-0.709187791836219,0,0,0
16.1,0.308064764013549,0.308064764013549,0,0,0
16.2,-0.0174560538583767,-0.0174560538583767,0,0,0
16.3,-3.84232566385348,-3.84232566385348,0,0,0
16.4,-3.7609454593855,-3.7609454593855,0,0,0
16.5,-0.261596667262322,-0.261596667262322,0,0,0
16.6,1.08117670645936,1.08117670645936,0,0,0
16.7,-0.912638303006173,-0.912638303006173,0,0,0
16.8,-1.72644034768598,-1.72644034768598,0,0,0
16.9,-0.383666973964293,-0.383666973964293,0,0,0
17,-0.58711748513425,-0.58711748513425,0,0,0
17.1,-1.60437004098401,-1.60437004098401,0,0,0
17.2,-2.41817208566381,-2.41817208566381,0,0,0
17.3,-2.78438300576973,-2.78438300576973,0,0,0
17.4,-1.56367993875002,-1.56367993875002,0,0,0
17.5,-1.72644034768598,-1.72644034768598,0,0,0
17.6,-1.72644034768598,-1.72644034768598,0,0,0
17.7,-2.17403147225987,-2.17403147225987,0,0,0
17.8,-3.27266423257762,-3.27266423257762,0,0,0
17.9,-0.58711748513425,-0.58711748513425,0,0,0
18,-0.831258098538195,-0.831258098538195,0,0,0
18.1,-0.668497689602226,-0.668497689602226,0,0,0
18.2,0.0232340483756114,0.0232340483756114,0,0,0
18.3,-0.220906565028329,-0.220906565028329,0,0,0
18.4,-2.17403147225987,-2.17403147225987,0,0,0
18.5,-2.29610177896185,-2.29610177896185,0,0,0
18.6,-0.831258098538188,-0.831258098538188,0,0,0
18.7,-0.220906565028336,-0.220906565028336,0,0,0
18.8,-0.749877894070209,-0.749877894070209,0,0,0
18.9,-1.48229973428204,-1.48229973428204,0,0,0
19,-0.953328405240157,-0.953328405240157,0,0,0
19.1,-0.424357076198291,-0.424357076198291,0,0,0
19.2,-0.139526360560353,-0.139526360560353,0,0,0
19.3,-1.44160963204805,-1.44160963204805,0,0,0
19.4,-0.790567996304202,-0.790567996304202,0,0,0
19.5,0.185994457311575,0.185994457311575,0,0,0
19.6,-0.505737280666267,-0.505737280666267,0,0,0
19.7,-0.912638303006171,-0.912638303006171,0,0,0
19.8,-0.668497689602231,-0.668497689602231,0,0,0
19.9,0.267374661779556,0.267374661779556,0,0,0
20,-0.994018507474156,-0.994018507474156,0,0,0
20.1,-0.831258098538195,-0.831258098538195,0,0,0
20.2,0.714965786353451,0.714965786353451,0,0,0
20.3,-1.88920075662194,-1.88920075662194,0,0,0
20.4,-2.70300280130175,-2.70300280130175,0,0,0
20.5,-1.645060143218,-1.645060143218,0,0,0
20.6,-3.43542464151358,-3.43542464151358,0,0,0
20.7,-1.76713044991997,-1.76713044991997,0,0,0
20.8,-1.36022942758006,-1.36022942758006,0,0,0
20.9,1.16255691092735,1.16255691092735,0,0,0
21,0.796345990821432,0.796345990821432,0,0,0
21.1,0.308064764013542,0.308064764013542,0,0,0
21.2,0.918416297523396,0.918416297523396,0,0,0
21.3,-0.261596667262327,-0.261596667262327,0,0,0
21.4,-1.60437004098401,-1.60437004098401,0,0,0
21.5,-0.627807587368238,-0.627807587368238,0,0,0
21.6,0.0639241506095947,0.0639241506095947,0,0,0
21.7,-0.831258098538188,-0.831258098538188,0,0,0
21.8,-0.871948200772183,-0.871948200772183,0,0,0
21.9,-0.668497689602233,-0.668497689602233,0,0,0
22,0.389444968481523,0.389444968481523,0,0,0
22.1,1.56945793326725,1.56945793326725,0,0,0
22.2,0.592895479651468,0.592895479651468,0,0,0
22.3,0.511515275183496,0.511515275183496,0,0,0
22.4,0.674275684119463,0.674275684119463,0,0,0
22.5,0.389444968481525,0.389444968481525,0,0,0
22.6,-1.92989085885594,-1.92989085885594,0,0,0
22.7,-1.15677891641012,-1.15677891641012,0,0,0
22.8,-0.546427382900264,-0.546427382900264,0,0,0
22.9,-0.424357076198291,-0.424357076198291,0,0,0
23,-0.180216462794343,-0.180216462794343,0,0,0
23.1,-0.180216462794348,-0.180216462794348,0,0,0
23.2,0.796345990821425,0.796345990821425,0,0,0
23.3,-0.912638303006181,-0.912638303006181,0,0,0
23.4,-0.953328405240164,-0.953328405240164,0,0,0
23.5,-0.0174560538583814,-0.0174560538583814,0,0,0
23.6,0.674275684119456,0.674275684119456,0,0,0
23.7,0.470825172949503,0.470825172949503,0,0,0
23.8,-1.15677891641012,-1.15677891641012,0,0,0
23.9,-0.668497689602228,-0.668497689602228,0,0,0
24,-1.80782055215396,-1.80782055215396,0,0,0
24.1,-1.31953932534608,-1.31953932534608,0,0,0
24.2,-1.15677891641011,-1.15677891641011,0,0,0
24.3,-0.505737280666269,-0.505737280666269,0,0,0
24.4,1.52876783103326,1.52876783103326,0,0,0
24.5,0.185994457311566,0.185994457311566,0,0,0
24.6,-1.36022942758007,-1.36022942758007,0,0,0
24.7,-0.953328405240161,-0.953328405240161,0,0,0
24.8,0.755655888587446,0.755655888587446,0,0,0
24.9,-0.261596667262322,-0.261596667262322,0,0,0
25,-0.7905679963042,-0.7905679963042,0,0,0
25.1,0.552205377417489,0.552205377417489,0,0,0
25.2,-0.383666973964295,-0.383666973964295,0,0,0
25.3,0.023234048375609,0.023234048375609,0,0,0
25.4,-1.07539871194213,-1.07539871194213,0,0,0
25.5,-1.23815912087809,-1.23815912087809,0,0,0
25.6,-0.912638303006171,-0.912638303006171,0,0,0
25.7,-1.68575024545199,-1.68575024545199,0,0,0
25.8,-0.0174560538583838,-0.0174560538583838,0,0,0
25.9,0.308064764013542,0.308064764013542,0,0,0
26,-0.871948200772178,-0.871948200772178,0,0,0
26.1,-0.424357076198293,-0.424357076198293,0,0,0
26.2,-0.180216462794343,-0.180216462794343,0,0,0
26.3,-1.2381591208781,-1.2381591208781,0,0,0
26.4,-0.627807587368238,-0.627807587368238,0,0,0
26.5,-0.54642738290025,-0.54642738290025,0,0,0
26.6,-0.505737280666262,-0.505737280666262,0,0,0
26.7,-0.912638303006178,-0.912638303006178,0,0,0
26.8,-2.41817208566382,-2.41817208566382,0,0,0
26.9,-1.1974690186441,-1.1974690186441,0,0,0
27,-0.871948200772188,-0.871948200772188,0,0,0
27.1,-2.66231269906776,-2.66231269906776,0,0,0
27.2,-1.11608881417612,-1.11608881417612,0,0,0
27.3,-0.587117485134245,-0.587117485134245,0,0,0
27.4,0.0232340483756019,0.0232340483756019,0,0,0
27.5,0.755655888587441,0.755655888587441,0,0,0
27.6,0.796345990821429,0.796345990821429,0,0,0
27.7,-0.180216462794346,-0.180216462794346,0,0,0
27.8,-1.56367993875002,-1.56367993875002,0,0,0
27.9,-0.709187791836221,-0.709187791836221,0,0,0
28,-2.33679188119583,-2.33679188119583,0,0,0
28.1,-2.62162259683378,-2.62162259683378,0,0,0
28.2,-0.465047178432276,-0.465047178432276,0,0,0
28.3,0.0639241506095994,0.0639241506095994,0,0,0
28.4,0.308064764013535,0.308064764013535,0,0,0
28.5,0.755655888587436,0.755655888587436,0,0,0
28.6,-0.424357076198295,-0.424357076198295,0,0,0
28.7,-2.4995522901318,-2.4995522901318,0,0,0
28.8,-1.80782055215396,-1.80782055215396,0,0,0
28.9,0.0232340483756018,0.0232340483756018,0,0,0
29,1.8135985466712,1.8135985466712,0,0,0
29.1,-0.0988362583263647,-0.0988362583263647,0,0,0
29.2,-1.19746901864411,-1.19746901864411,0,0,0
29.3,-1.44160963204805,-1.44160963204805,0,0,0
29.4,-0.749877894070214,-0.749877894070214,0,0,0
29.5,0.267374661779556,0.267374661779556,0,0,0
29.6,-0.302286769496319,-0.302286769496319,0,0,0
29.7,0.104614252843583,0.104614252843583,0,0,0
29.8,-0.261596667262317,-0.261596667262317,0,0,0
29.9,-0.546427382900255,-0.546427382900255,0,0,0
30,0.145304355077575,0.145304355077575,0,0,0
30.1,-0.220906565028334,-0.220906565028334,0,0,0
30.2,-0.0174560538583862,-0.0174560538583862,0,0,0
30.3,-0.790567996304204,-0.790567996304204,0,0,0
30.4,-1.1974690186441,-1.1974690186441,0,0,0
30.5,-0.749877894070217,-0.749877894070217,0,0,0
30.6,-0.342976871730308,-0.342976871730308,0,0,0
30.7,-1.84851065438795,-1.84851065438795,0,0,0
30.8,-0.546427382900259,-0.546427382900259,0,0,0
30.9,-1.31953932534607,-1.31953932534607,0,0,0
31,-1.23815912087809,-1.23815912087809,0,0,0
31.1,-0.994018507474152,-0.994018507474152,0,0,0
31.2,-0.465047178432276,-0.465047178432276,0,0,0
31.3,-0.831258098538195,-0.831258098538195,0,0,0
31.4,-0.342976871730303,-0.342976871730303,0,0,0
31.5,-0.139526360560362,-0.139526360560362,0,0,0
31.6,0.267374661779547,0.267374661779547,0,0,0
31.7,0.430135070715513,0.430135070715513,0,0,0
31.8,0.755655888587434,0.755655888587434,0,0,0
31.9,0.430135070715518,0.430135070715518,0,0,0
32,0.552205377417484,0.552205377417484,0,0,0
32.1,-0.0988362583263599,-0.0988362583263599,0,0,0
32.2,-1.11608881417612,-1.11608881417612,0,0,0
32.3,-0.627807587368243,-0.627807587368243,0,0,0
32.4,-1.19746901864411,-1.19746901864411,0,0,0
32.5,-1.56367993875002,-1.56367993875002,0,0,0
32.6,-1.44160963204804,-1.44160963204804,0,0,0
32.7,1.20324701316134,1.20324701316134,0,0,0
32.8,2.09842926230913,2.09842926230913,0,0,0
32.9,0.837036093055417,0.837036093055417,0,0,0
33,0.267374661779547,0.267374661779547,0,0,0
33.1,-0.261596667262324,-0.261596667262324,0,0,0
33.2,-0.749877894070214,-0.749877894070214,0,0,0
33.3,-0.871948200772188,-0.871948200772188,0,0,0
33.4,-1.07539871194214,-1.07539871194214,0,0,0
33.5,-2.17403147225988,-2.17403147225988,0,0,0
33.6,-0.546427382900259,-0.546427382900259,0,0,0
33.7,-0.7905679963042,-0.7905679963042,0,0,0
33.8,-1.48229973428204,-1.48229973428204,0,0,0
33.9,-1.27884922311208,-1.27884922311208,0,0,0
34,-0.0988362583263624,-0.0988362583263624,0,0,0
34.1,1.08117670645937,1.08117670645937,0,0,0
34.2,-0.668497689602226,-0.668497689602226,0,0,0
34.3,0.0232340483756067,0.0232340483756067,0,0,0
34.4,-1.03470860970814,-1.03470860970814,0,0,0
34.5,-1.52298983651602,-1.52298983651602,0,0,0
34.6,-1.11608881417612,-1.11608881417612,0,0,0
34.7,-0.180216462794346,-0.180216462794346,0,0,0
34.8,-0.0174560538583816,-0.0174560538583816,0,0,0
34.9,0.145304355077582,0.145304355077582,0,0,0
35,-1.36022942758006,-1.36022942758006,0,0,0
35.1,-1.27884922311209,-1.27884922311209,0,0,0
35.2,0.755655888587436,0.755655888587436,0,0,0
35.3,1.61014803550124,1.61014803550124,0,0,0
35.4,0.38944496848152,0.38944496848152,0,0,0
35.5,-0.0988362583263621,-0.0988362583263621,0,0,0
35.6,-0.83125809853819,-0.83125809853819,0,0,0
35.7,-1.03470860970814,-1.03470860970814,0,0,0
35.8,0.104614252843589,0.104614252843589,0,0,0
35.9,1.52876783103326,1.52876783103326,0,0,0
36,-0.220906565028336,-0.220906565028336,0,0,0
36.1,0.837036093055417,0.837036093055417,0,0,0
36.2,1.44738762656528,1.44738762656528,0,0,0
36.3,1.08117670645936,1.08117670645936,0,0,0
36.4,0.87772619528941,0.87772619528941,0,0,0
36.5,1.65083813773523,1.65083813773523,0,0,0
36.6,0.59289547965147,0.59289547965147,0,0,0
36.7,-0.871948200772185,-0.871948200772185,0,0,0
36.8,-0.139526360560351,-0.139526360560351,0,0,0
36.9,0.14530435507758,0.14530435507758,0,0,0
37,-0.139526360560353,-0.139526360560353,0,0,0
37.1,0.0639241506095994,0.0639241506095994,0,0,0
37.2,0.674275684119456,0.674275684119456,0,0,0
37.3,-0.0581461560923787,-0.0581461560923787,0,0,0
37.4,-0.587117485134255,-0.587117485134255,0,0,0
37.5,-0.424357076198288,-0.424357076198288,0,0,0
37.6,-0.831258098538193,-0.831258098538193,0,0,0
37.7,-0.0988362583263621,-0.0988362583263621,0,0,0
37.8,2.13911936454312,2.13911936454312,0,0,0
37.9,0.145304355077585,0.145304355077585,0,0,0
38,-0.0581461560923696,-0.0581461560923696,0,0,0
38.1,1.28462721762931,1.28462721762931,0,0,0
38.2,0.0232340483756114,0.0232340483756114,0,0,0
38.3,-0.302286769496319,-0.302286769496319,0,0,0
38.4,-0.0174560538583862,-0.0174560538583862,0,0,0
38.5,-0.587117485134255,-0.587117485134255,0,0,0
38.6,-0.505737280666274,-0.505737280666274,0,0,0
38.7,-0.342976871730305,-0.342976871730305,0,0,0
38.8,0.0232340483756114,0.0232340483756114,0,0,0
38.9,1.85428864890518,1.85428864890518,0,0,0
39,-0.220906565028338,-0.220906565028338,0,0,0
39.1,-1.03470860970814,-1.03470860970814,0,0,0
39.2,0.226684559545558,0.226684559545558,0,0,0
39.3,0.308064764013542,0.308064764013542,0,0,0
39.4,0.10461425284359,0.10461425284359,0,0,0
39.5,-1.40091952981405,-1.40091952981405,0,0,0
39.6,-0.790567996304197,-0.790567996304197,0,0,0
39.7,0.552205377417489,0.552205377417489,0,0,0
39.8,-0.34297687173031,-0.34297687173031,0,0,0
39.9,-0.994018507474154,-0.994018507474154,0,0,0
40,-1.80782055215396,-1.80782055215396,0,0,0
40.1,-0.709187791836226,-0.709187791836226,0,0,0
40.2,1.20324701316134,1.20324701316134,0,0,0
40.3,2.13911936454312,2.13911936454312,0,0,0
40.4,0.714965786353455,0.714965786353455,0,0,0
40.5,-0.505737280666267,-0.505737280666267,0,0,0
40.6,-0.220906565028341,-0.220906565028341,0,0,0
40.7,1.04048660422537,1.04048660422537,0,0,0
40.8,2.70878079581899,2.70878079581899,0,0,0
40.9,1.69152823996922,1.69152823996922,0,0,0
41,0.0639241506095994,0.0639241506095994,0,0,0
41.1,-0.0174560538583791,-0.0174560538583791,0,0,0
41.2,-0.139526360560351,-0.139526360560351,0,0,0
41.3,1.40669752433129,1.40669752433129,0,0,0
41.4,2.58671048911702,2.58671048911702,0,0,0
41.5,1.8135985466712,1.8135985466712,0,0,0
41.6,0.877726195289412,0.877726195289412,0,0,0
41.7,0.592895479651479,0.592895479651479,0,0,0
41.8,0.348754866247532,0.348754866247532,0,0,0
41.9,-0.139526360560346,-0.139526360560346,0,0,0
42,0.837036093055417,0.837036093055417,0,0,0
42.1,0.511515275183496,0.511515275183496,0,0,0
42.2,-0.0581461560923743,-0.0581461560923743,0,0,0
42.3,0.145304355077578,0.145304355077578,0,0,0
42.4,-0.180216462794341,-0.180216462794341,0,0,0
42.5,1.3660074220973,1.3660074220973,0,0,0
42.6,1.28462721762932,1.28462721762932,0,0,0
42.7,0.959106399757386,0.959106399757386,0,0,0
42.8,0.511515275183496,0.511515275183496,0,0,0
42.9,0.877726195289413,0.877726195289413,0,0,0
43,1.52876783103326,1.52876783103326,0,0,0
43.1,0.592895479651475,0.592895479651475,0,0,0
43.2,-0.7905679963042,-0.7905679963042,0,0,0
43.3,-0.139526360560351,-0.139526360560351,0,0,0
43.4,-0.180216462794341,-0.180216462794341,0,0,0
43.5,-1.23815912087809,-1.23815912087809,0,0,0
43.6,0.430135070715511,0.430135070715511,0,0,0
43.7,0.837036093055417,0.837036093055417,0,0,0
43.8,-0.790567996304202,-0.790567996304202,0,0,0
43.9,-0.58711748513425,-0.58711748513425,0,0,0
44,0.796345990821429,0.796345990821429,0,0,0
44.1,1.04048660422538,1.04048660422538,0,0,0
44.2,0.511515275183496,0.511515275183496,0,0,0
44.3,0.674275684119458,0.674275684119458,0,0,0
44.4,0.59289547965147,0.59289547965147,0,0,0
44.5,-0.83125809853819,-0.83125809853819,0,0,0
44.6,-0.994018507474154,-0.994018507474154,0,0,0
44.7,-0.7905679963042,-0.7905679963042,0,0,0
44.8,-0.709187791836219,-0.709187791836219,0,0,0
44.9,0.714965786353444,0.714965786353444,0,0,0
45,1.24393711539533,1.24393711539533,0,0,0
45.1,0.0232340483756043,0.0232340483756043,0,0,0
45.2,1.20324701316134,1.20324701316134,0,0,0
45.3,1.04048660422538,1.04048660422538,0,0,0
45.4,-0.0988362583263552,-0.0988362583263552,0,0,0
45.5,0.959106399757389,0.959106399757389,0,0,0
45.6,0.348754866247527,0.348754866247527,0,0,0
45.7,0.999796501991384,0.999796501991384,0,0,0
45.8,0.308064764013542,0.308064764013542,0,0,0
45.9,0.714965786353448,0.714965786353448,0,0,0
46,1.12186680869336,1.12186680869336,0,0,0
46.1,0.714965786353444,0.714965786353444,0,0,0
46.2,0.063924150609597,0.063924150609597,0,0,0
46.3,0.0232340483756043,0.0232340483756043,0,0,0
46.4,0.145304355077575,0.145304355077575,0,0,0
46.5,0.430135070715518,0.430135070715518,0,0,0
46.6,1.3660074220973,1.3660074220973,0,0,0
46.7,2.62740059135101,2.62740059135101,0,0,0
46.8,0.0232340483756066,0.0232340483756066,0,0,0
46.9,-0.871948200772185,-0.871948200772185,0,0,0
47,-0.58711748513425,-0.58711748513425,0,0,0
47.1,-0.505737280666269,-0.505737280666269,0,0,0
47.2,2.79016100028697,2.79016100028697,0,0,0
47.3,3.03430161369091,3.03430161369091,0,0,0
47.4,1.04048660422538,1.04048660422538,0,0,0
47.5,0.592895479651477,0.592895479651477,0,0,0
47.6,-0.912638303006176,-0.912638303006176,0,0,0
47.7,0.10461425284359,0.10461425284359,0,0,0
47.8,0.837036093055417,0.837036093055417,0,0,0
47.9,1.56945793326726,1.56945793326726,0,0,0
48,1.77290844443721,1.77290844443721,0,0,0
48.1,1.73221834220322,1.73221834220322,0,0,0
48.2,1.40669752433129,1.40669752433129,0,0,0
48.3,0.714965786353455,0.714965786353455,0,0,0
48.4,0.308064764013537,0.308064764013537,0,0,0
48.5,1.16255691092734,1.16255691092734,0,0,0
48.6,1.16255691092735,1.16255691092735,0,0,0
48.7,2.30187977347909,2.30187977347909,0,0,0
48.8,1.16255691092735,1.16255691092735,0,0,0
48.9,2.05773916007515,2.05773916007515,0,0,0
49,3.23775212486087,3.23775212486087,0,0,0
49.1,2.627400591351,2.627400591351,0,0,0
49.2,2.01704905784115,2.01704905784115,0,0,0
49.3,1.28462721762932,1.28462721762932,0,0,0
49.4,-0.546427382900257,-0.546427382900257,0,0,0
49.5,0.877726195289412,0.877726195289412,0,0,0
49.6,0.552205377417489,0.552205377417489,0,0,0
49.7,1.24393711539533,1.24393711539533,0,0,0
49.8,1.85428864890518,1.85428864890518,0,0,0
49.9,1.04048660422537,1.04048660422537,0,0,0
50,-0.994018507474159,-0.994018507474159,0,0,0
50.1,0.633585581885465,0.633585581885465,0,0,0
50.2,0.43013507071552,0.43013507071552,0,0,0
50.3,0.0232340483756138,0.0232340483756138,0,0,0
50.4,1.28462721762932,1.28462721762932,0,0,0
50.5,1.3660074220973,1.3660074220973,0,0,0
50.6,0.0232340483756018,0.0232340483756018,0,0,0
50.7,1.52876783103326,1.52876783103326,0,0,0
50.8,2.50533028464903,2.50533028464903,0,0,0
50.9,0.837036093055417,0.837036093055417,0,0,0
51,-1.07539871194213,-1.07539871194213,0,0,0
51.1,-1.23815912087809,-1.23815912087809,0,0,0
51.2,-0.871948200772183,-0.871948200772183,0,0,0
51.3,-0.668497689602233,-0.668497689602233,0,0,0
51.4,0.104614252843585,0.104614252843585,0,0,0
51.5,-0.0174560538583815,-0.0174560538583815,0,0,0
51.6,1.32531731986331,1.32531731986331,0,0,0
51.7,1.20324701316134,1.20324701316134,0,0,0
51.8,0.67427568411946,0.67427568411946,0,0,0
51.9,-0.383666973964293,-0.383666973964293,0,0,0
52,-1.27884922311209,-1.27884922311209,0,0,0
52.1,-1.97058096108993,-1.97058096108993,0,0,0
52.2,-1.31953932534607,-1.31953932534607,0,0,0
52.3,-1.07539871194213,-1.07539871194213,0,0,0
52.4,-2.29610177896184,-2.29610177896184,0,0,0
52.5,-2.58093249459978,-2.58093249459978,0,0,0
52.6,-0.749877894070202,-0.749877894070202,0,0,0
52.7,-2.0519611655579,-2.0519611655579,0,0,0
52.8,-4.08646627725743,-4.08646627725743,0,0,0
52.9,-4.16784648172542,-4.16784648172542,0,0,0
53,-5.22578913980916,-5.22578913980916,0,0,0
53.1,-4.53405740183132,-4.53405740183132,0,0,0
53.2,-2.78438300576973,-2.78438300576973,0,0,0
53.3,-2.09265126779189,-2.09265126779189,0,0,0
53.4,-2.05196116555791,-2.05196116555791,0,0,0
53.5,-1.92989085885593,-1.92989085885593,0,0,0
53.6,-0.749877894070216,-0.749877894070216,0,0,0
53.7,-1.40091952981406,-1.40091952981406,0,0,0
53.8,-1.07539871194213,-1.07539871194213,0,0,0
53.9,-3.3947345392796,-3.3947345392796,0,0,0
54,-4.77819801523527,-4.77819801523527,0,0,0
54.1,-3.88301576608747,-3.88301576608747,0,0,0
54.2,-2.37748198342983,-2.37748198342983,0,0,0
54.3,-1.68575024545199,-1.68575024545199,0,0,0
54.4,-2.54024239236579,-2.54024239236579,0,0,0
54.5,-2.74369290353574,-2.74369290353574,0,0,0
54.6,-1.56367993875001,-1.56367993875001,0,0,0
54.7,-2.0926512677919,-2.0926512677919,0,0,0
54.8,-2.90645331247171,-2.90645331247171,0,0,0
54.9,-2.01127106332391,-2.01127106332391,0,0,0
55,-0.465047178432281,-0.465047178432281,0,0,0
55.1,0.552205377417489,0.552205377417489,0,0,0
55.2,0.145304355077582,0.145304355077582,0,0,0
55.3,-1.56367993875002,-1.56367993875002,0,0,0
55.4,-3.02852361917368,-3.02852361917368,0,0,0
55.5,-1.27884922311208,-1.27884922311208,0,0,0
55.6,-0.424357076198298,-0.424357076198298,0,0,0
55.7,-1.31953932534607,-1.31953932534607,0,0,0
55.8,-1.07539871194213,-1.07539871194213,0,0,0
55.9,-1.27884922311209,-1.27884922311209,0,0,0
56,-0.953328405240161,-0.953328405240161,0,0,0
56.1,-1.36022942758006,-1.36022942758006,0,0,0
56.2,-1.15677891641012,-1.15677891641012,0,0,0
56.3,-0.342976871730307,-0.342976871730307,0,0,0
56.4,-0.709187791836219,-0.709187791836219,0,0,0
56.5,-0.220906565028336,-0.220906565028336,0,0,0
56.6,-1.1974690186441,-1.1974690186441,0,0,0
56.7,-0.871948200772185,-0.871948200772185,0,0,0
56.8,0.14530435507758,0.14530435507758,0,0,0
56.9,0.34875486624753,0.34875486624753,0,0,0
57,-0.749877894070212,-0.749877894070212,0,0,0
57.1,0.918416297523396,0.918416297523396,0,0,0
57.2,0.552205377417489,0.552205377417489,0,0,0
57.3,-0.220906565028329,-0.220906565028329,0,0,0
57.4,0.267374661779549,0.267374661779549,0,0,0
57.5,1.77290844443721,1.77290844443721,0,0,0
57.6,0.470825172949501,0.470825172949501,0,0,0
57.7,-0.668497689602231,-0.668497689602231,0,0,0
57.8,-0.709187791836221,-0.709187791836221,0,0,0
57.9,0.348754866247527,0.348754866247527,0,0,0
58,2.74947089805297,2.74947089805297,0,0,0
58.1,2.79016100028697,2.79016100028697,0,0,0
58.2,1.08117670645936,1.08117670645936,0,0,0
58.3,-0.831258098538192,-0.831258098538192,0,0,0
58.4,-0.465047178432276,-0.465047178432276,0,0,0
58.5,0.877726195289403,0.877726195289403,0,0,0
58.6,2.50533028464902,2.50533028464902,0,0,0
58.7,1.36600742209729,1.36600742209729,0,0,0
58.8,1.36600742209729,1.36600742209729,0,0,0
58.9,1.44738762656528,1.44738762656528,0,0,0
59,2.50533028464903,2.50533028464903,0,0,0
59.1,2.34256987571308,2.34256987571308,0,0,0
59.2,1.20324701316134,1.20324701316134,0,0,0
59.3,0.267374661779554,0.267374661779554,0,0,0
59.4,0.267374661779554,0.267374661779554,0,0,0
59.5,1.3660074220973,1.3660074220973,0,0,0
59.6,3.48189273826481,3.48189273826481,0,0,0
59.7,2.34256987571307,2.34256987571307,0,0,0
59.8,1.61014803550125,1.61014803550125,0,0,0
59.9,1.08117670645936,1.08117670645936,0,0,0
60,-0.0988362583263693,-0.0988362583263693,0,0,0
60.1,1.73221834220321,1.73221834220321,0,0,0
60.2,2.99361151145692,2.99361151145692,0,0,0
60.3,1.20324701316134,1.20324701316134,0,0,0
60.4,1.32531731986331,1.32531731986331,0,0,0
60.5,1.16255691092735,1.16255691092735,0,0,0
60.6,1.7729084444372,1.7729084444372,0,0,0
60.7,1.52876783103326,1.52876783103326,0,0,0
60.8,1.93566885337317,1.93566885337317,0,0,0
60.9,1.20324701316134,1.20324701316134,0,0,0
61,1.16255691092735,1.16255691092735,0,0,0
61.1,0.918416297523401,0.918416297523401,0,0,0
61.2,1.89497875113917,1.89497875113917,0,0,0
61.3,0.999796501991379,0.999796501991379,0,0,0
61.4,-0.709187791836226,-0.709187791836226,0,0,0
61.5,-0.465047178432281,-0.465047178432281,0,0,0
61.6,-1.19746901864411,-1.19746901864411,0,0,0
61.7,-0.465047178432281,-0.465047178432281,0,0,0
61.8,-0.0988362583263623,-0.0988362583263623,0,0,0
61.9,-0.220906565028327,-0.220906565028327,0,0,0
62,-1.56367993875002,-1.56367993875002,0,0,0
62.1,-2.01127106332392,-2.01127106332392,0,0,0
62.2,-1.40091952981406,-1.40091952981406,0,0,0
62.3,-0.261596667262319,-0.261596667262319,0,0,0
62.4,-1.44160963204804,-1.44160963204804,0,0,0
62.5,-1.31953932534607,-1.31953932534607,0,0,0
62.6,0.10461425284359,0.10461425284359,0,0,0
62.7,0.552205377417484,0.552205377417484,0,0,0
62.8,-0.383666973964295,-0.383666973964295,0,0,0
62.9,-1.76713044991997,-1.76713044991997,0,0,0
63,0.145304355077585,0.145304355077585,0,0,0
63.1,0.592895479651475,0.592895479651475,0,0,0
63.2,-1.76713044991997,-1.76713044991997,0,0,0
63.3,-3.15059392587565,-3.15059392587565,0,0,0
63.4,-1.64506014321799,-1.64506014321799,0,0,0
63.5,-0.0988362583263622,-0.0988362583263622,0,0,0
63.6,-0.912638303006176,-0.912638303006176,0,0,0
63.7,-0.994018507474149,-0.994018507474149,0,0,0
63.8,-0.465047178432283,-0.465047178432283,0,0,0
63.9,-1.48229973428204,-1.48229973428204,0,0,0
64,-4.2085365839594,-4.2085365839594,0,0,0
64.1,-3.72025535715151,-3.72025535715151,0,0,0
64.2,-2.33679188119584,-2.33679188119584,0,0,0
64.3,-3.15059392587565,-3.15059392587565,0,0,0
64.4,-2.66231269906776,-2.66231269906776,0,0,0
64.5,-1.92989085885593,-1.92989085885593,0,0,0
64.6,-2.25541167672785,-2.25541167672785,0,0,0
64.7,-2.01127106332391,-2.01127106332391,0,0,0
64.8,-2.4588621878978,-2.4588621878978,0,0,0
64.9,-0.220906565028331,-0.220906565028331,0,0,0
65,-1.36022942758007,-1.36022942758007,0,0,0
65.1,-2.9064533124717,-2.9064533124717,0,0,0
65.2,-3.39473453927958,-3.39473453927958,0,0,0
65.3,-3.23197413034363,-3.23197413034363,0,0,0
65.4,-1.44160963204805,-1.44160963204805,0,0,0
65.5,-2.62162259683377,-2.62162259683377,0,0,0
65.6,-0.953328405240166,-0.953328405240166,0,0,0
65.7,-1.36022942758007,-1.36022942758007,0,0,0
65.8,-1.27884922311208,-1.27884922311208,0,0,0
65.9,0.104614252843587,0.104614252843587,0,0,0
66,-1.80782055215396,-1.80782055215396,0,0,0
66.1,-0.546427382900257,-0.546427382900257,0,0,0
66.2,-0.180216462794341,-0.180216462794341,0,0,0
66.3,-0.749877894070207,-0.749877894070207,0,0,0
66.4,0.0639241506096042,0.0639241506096042,0,0,0
66.5,1.89497875113918,1.89497875113918,0,0,0
66.6,2.09842926230913,2.09842926230913,0,0,0
66.7,-0.54642738290025,-0.54642738290025,0,0,0
66.8,-0.953328405240164,-0.953328405240164,0,0,0
66.9,-1.36022942758006,-1.36022942758006,0,0,0
67,-1.15677891641011,-1.15677891641011,0,0,0
67.1,-1.76713044991997,-1.76713044991997,0,0,0
67.2,0.0639241506095923,0.0639241506095923,0,0,0
67.3,0.592895479651475,0.592895479651475,0,0,0
67.4,0.959106399757395,0.959106399757395,0,0,0
67.5,-0.505737280666269,-0.505737280666269,0,0,0
67.6,-1.64506014321799,-1.64506014321799,0,0,0
67.7,-0.709187791836224,-0.709187791836224,0,0,0
67.8,-0.709187791836221,-0.709187791836221,0,0,0
67.9,-0.790567996304197,-0.790567996304197,0,0,0
68,-1.44160963204805,-1.44160963204805,0,0,0
68.1,-1.64506014321799,-1.64506014321799,0,0,0
68.2,-0.0988362583263623,-0.0988362583263623,0,0,0
68.3,0.552205377417484,0.552205377417484,0,0,0
68.4,-0.3836669739643,-0.3836669739643,0,0,0
68.5,-1.88920075662194,-1.88920075662194,0,0,0
68.6,-0.912638303006171,-0.912638303006171,0,0,0
68.7,0.226684559545561,0.226684559545561,0,0,0
68.8,0.18599445731157,0.18599445731157,0,0,0
68.9,-2.09265126779189,-2.09265126779189,0,0,0
69,-2.37748198342982,-2.37748198342982,0,0,0
69.1,0.308064764013542,0.308064764013542,0,0,0
69.2,2.34256987571308,2.34256987571308,0,0,0
69.3,0.34875486624753,0.34875486624753,0,0,0
69.4,-0.709187791836223,-0.709187791836223,0,0,0
69.5,0.796345990821427,0.796345990821427,0,0,0
69.6,0.674275684119453,0.674275684119453,0,0,0
69.7,1.08117670645937,1.08117670645937,0,0,0
69.8,0.918416297523398,0.918416297523398,0,0,0
69.9,0.267374661779556,0.267374661779556,0,0,0
70,0.470825172949501,0.470825172949501,0,0,0
70.1,-1.15677891641012,-1.15677891641012,0,0,0
70.2,-0.749877894070209,-0.749877894070209,0,0,0
70.3,-1.27884922311209,-1.27884922311209,0,0,0
70.4,-1.07539871194213,-1.07539871194213,0,0,0
70.5,0.389444968481525,0.389444968481525,0,0,0
70.6,1.16255691092735,1.16255691092735,0,0,0
70.7,0.592895479651475,0.592895479651475,0,0,0
70.8,-1.36022942758006,-1.36022942758006,0,0,0
70.9,-1.84851065438795,-1.84851065438795,0,0,0
71,-0.58711748513425,-0.58711748513425,0,0,0
71.1,-0.912638303006178,-0.912638303006178,0,0,0
71.2,-0.7905679963042,-0.7905679963042,0,0,0
71.3,-0.546427382900264,-0.546427382900264,0,0,0
71.4,-0.627807587368238,-0.627807587368238,0,0,0
71.5,0.10461425284359,0.10461425284359,0,0,0
71.6,-1.31953932534608,-1.31953932534608,0,0,0
71.7,-0.546427382900257,-0.546427382900257,0,0,0
71.8,0.9184162975234,0.9184162975234,0,0,0
71.9,1.56945793326725,1.56945793326725,0,0,0
72,-0.749877894070207,-0.749877894070207,0,0,0
72.1,-1.76713044991998,-1.76713044991998,0,0,0
72.2,-1.11608881417613,-1.11608881417613,0,0,0
72.3,-2.21472157449386,-2.21472157449386,0,0,0
72.4,-0.709187791836219,-0.709187791836219,0,0,0
72.5,0.185994457311568,0.185994457311568,0,0,0
72.6,0.592895479651479,0.592895479651479,0,0,0
72.7,0.999796501991384,0.999796501991384,0,0,0
72.8,0.430135070715513,0.430135070715513,0,0,0
72.9,0.592895479651482,0.592895479651482,0,0,0
73,-0.953328405240159,-0.953328405240159,0,0,0
73.1,-1.92989085885594,-1.92989085885594,0,0,0
73.2,-1.72644034768597,-1.72644034768597,0,0,0
73.3,-0.465047178432279,-0.465047178432279,0,0,0
73.4,-1.40091952981406,-1.40091952981406,0,0,0
73.5,-1.07539871194214,-1.07539871194214,0,0,0
73.6,-0.58711748513425,-0.58711748513425,0,0,0
73.7,0.796345990821422,0.796345990821422,0,0,0
73.8,0.796345990821432,0.796345990821432,0,0,0
73.9,-0.302286769496317,-0.302286769496317,0,0,0
74,1.20324701316134,1.20324701316134,0,0,0
74.1,0.389444968481523,0.389444968481523,0,0,0
74.2,0.511515275183496,0.511515275183496,0,0,0
74.3,0.308064764013539,0.308064764013539,0,0,0
74.4,-0.180216462794343,-0.180216462794343,0,0,0
74.5,-0.546427382900262,-0.546427382900262,0,0,0
74.6,-1.84851065438795,-1.84851065438795,0,0,0
74.7,-1.31953932534607,-1.31953932534607,0,0,0
74.8,-2.4995522901318,-2.4995522901318,0,0,0
74.9,-2.45886218789781,-2.45886218789781,0,0,0
75,-1.88920075662194,-1.88920075662194,0,0,0
75.1,-0.912638303006173,-0.912638303006173,0,0,0
75.2,-0.668497689602231,-0.668497689602231,0,0,0
75.3,-3.47611474374757,-3.47611474374757,0,0,0
75.4,-1.60437004098401,-1.60437004098401,0,0,0
75.5,-1.11608881417613,-1.11608881417613,0,0,0
75.6,-0.58711748513425,-0.58711748513425,0,0,0
75.7,-0.953328405240166,-0.953328405240166,0,0,0
75.8,-0.261596667262329,-0.261596667262329,0,0,0
75.9,-0.383666973964302,-0.383666973964302,0,0,0
76,-1.48229973428204,-1.48229973428204,0,0,0
76.1,-1.03470860970814,-1.03470860970814,0,0,0
76.2,0.185994457311566,0.185994457311566,0,0,0
76.3,-0.668497689602233,-0.668497689602233,0,0,0
76.4,-0.994018507474164,-0.994018507474164,0,0,0
76.5,-0.0174560538583838,-0.0174560538583838,0,0,0
76.6,-0.546427382900262,-0.546427382900262,0,0,0
76.7,1.08117670645937,1.08117670645937,0,0,0
76.8,-0.302286769496319,-0.302286769496319,0,0,0
76.9,0.308064764013549,0.308064764013549,0,0,0
77,1.24393711539533,1.24393711539533,0,0,0
77.1,-0.0174560538583814,-0.0174560538583814,0,0,0
77.2,-1.60437004098401,-1.60437004098401,0,0,0
77.3,-2.58093249459978,-2.58093249459978,0,0,0
77.4,-1.15677891641011,-1.15677891641011,0,0,0
77.5,-0.342976871730305,-0.342976871730305,0,0,0
77.6,-0.953328405240171,-0.953328405240171,0,0,0
77.7,0.959106399757396,0.959106399757396,0,0,0
77.8,-0.668497689602235,-0.668497689602235,0,0,0
77.9,-0.749877894070212,-0.749877894070212,0,0,0
78,-0.139526360560351,-0.139526360560351,0,0,0
78.1,-2.01127106332391,-2.01127106332391,0,0,0
78.2,-0.709187791836231,-0.709187791836231,0,0,0
78.3,-1.36022942758007,-1.36022942758007,0,0,0
78.4,0.877726195289408,0.877726195289408,0,0,0
78.5,1.12186680869336,1.12186680869336,0,0,0
78.6,0.185994457311575,0.185994457311575,0,0,0
78.7,-1.68575024545199,-1.68575024545199,0,0,0
78.8,-1.1974690186441,-1.1974690186441,0,0,0
78.9,-0.342976871730303,-0.342976871730303,0,0,0
79,-0.831258098538193,-0.831258098538193,0,0,0
79.1,-0.668497689602235,-0.668497689602235,0,0,0
79.2,0.43013507071552,0.43013507071552,0,0,0
79.3,0.67427568411946,0.67427568411946,0,0,0
79.4,-2.21472157449387,-2.21472157449387,0,0,0
79.5,-3.88301576608748,-3.88301576608748,0,0,0
79.6,-2.78438300576973,-2.78438300576973,0,0,0
79.7,-0.790567996304202,-0.790567996304202,0,0,0
79.8,-0.465047178432276,-0.465047178432276,0,0,0
79.9,0.267374661779549,0.267374661779549,0,0,0
80,-0.627807587368238,-0.627807587368238,0,0,0
80.1,-0.058146156092379,-0.058146156092379,0,0,0
80.2,-0.994018507474157,-0.994018507474157,0,0,0
80.3,0.145304355077582,0.145304355077582,0,0,0
80.4,0.592895479651482,0.592895479651482,0,0,0
80.5,0.267374661779549,0.267374661779549,0,0,0
80.6,-1.80782055215396,-1.80782055215396,0,0,0
80.7,-0.871948200772178,-0.871948200772178,0,0,0
80.8,-0.587117485134257,-0.587117485134257,0,0,0
80.9,0.877726195289408,0.877726195289408,0,0,0
81,-0.220906565028334,-0.220906565028334,0,0,0
81.1,-0.13952636056036,-0.13952636056036,0,0,0
81.2,1.40669752433129,1.40669752433129,0,0,0
81.3,-0.668497689602231,-0.668497689602231,0,0,0
81.4,-0.424357076198288,-0.424357076198288,0,0,0
81.5,0.592895479651477,0.592895479651477,0,0,0
81.6,0.59289547965148,0.59289547965148,0,0,0
81.7,2.13911936454311,2.13911936454311,0,0,0
81.8,-0.627807587368238,-0.627807587368238,0,0,0
81.9,-1.92989085885594,-1.92989085885594,0,0,0
82,0.104614252843597,0.104614252843597,0,0,0
82.1,-0.709187791836223,-0.709187791836223,0,0,0
82.2,-1.31953932534608,-1.31953932534608,0,0,0
82.3,-2.41817208566382,-2.41817208566382,0,0,0
82.4,-1.36022942758006,-1.36022942758006,0,0,0
82.5,-0.139526360560353,-0.139526360560353,0,0,0
82.6,0.79634599082142,0.79634599082142,0,0,0
82.7,0.0639241506095945,0.0639241506095945,0,0,0
82.8,-0.668497689602231,-0.668497689602231,0,0,0
82.9,-0.790567996304204,-0.790567996304204,0,0,0
83,1.16255691092735,1.16255691092735,0,0,0
83.1,0.796345990821427,0.796345990821427,0,0,0
83.2,0.837036093055413,0.837036093055413,0,0,0
83.3,0.430135070715518,0.430135070715518,0,0,0
83.4,-0.0988362583263599,-0.0988362583263599,0,0,0
83.5,-0.220906565028341,-0.220906565028341,0,0,0
83.6,-1.36022942758007,-1.36022942758007,0,0,0
83.7,-1.31953932534607,-1.31953932534607,0,0,0
83.8,-0.709187791836224,-0.709187791836224,0,0,0
83.9,-0.912638303006181,-0.912638303006181,0,0,0
84,-1.56367993875002,-1.56367993875002,0,0,0
84.1,-0.994018507474154,-0.994018507474154,0,0,0
84.2,0.023234048375614,0.023234048375614,0,0,0
84.3,-1.15677891641011,-1.15677891641011,0,0,0
84.4,-0.790567996304204,-0.790567996304204,0,0,0
84.5,-0.505737280666271,-0.505737280666271,0,0,0
84.6,-1.11608881417612,-1.11608881417612,0,0,0
84.7,-1.07539871194213,-1.07539871194213,0,0,0
84.8,-0.505737280666267,-0.505737280666267,0,0,0
84.9,1.56945793326725,1.56945793326725,0,0,0
85,0.9184162975234,0.9184162975234,0,0,0
85.1,1.20324701316134,1.20324701316134,0,0,0
85.2,0.959106399757389,0.959106399757389,0,0,0
85.3,1.48807772879928,1.48807772879928,0,0,0
85.4,0.308064764013542,0.308064764013542,0,0,0
85.5,0.796345990821432,0.796345990821432,0,0,0
85.6,1.24393711539533,1.24393711539533,0,0,0
85.7,0.226684559545559,0.226684559545559,0,0,0
85.8,1.3660074220973,1.3660074220973,0,0,0
85.9,0.592895479651479,0.592895479651479,0,0,0
86,-0.668497689602231,-0.668497689602231,0,0,0
86.1,-0.994018507474159,-0.994018507474159,0,0,0
86.2,0.755655888587434,0.755655888587434,0,0,0
86.3,0.389444968481523,0.389444968481523,0,0,0
86.4,-0.709187791836224,-0.709187791836224,0,0,0
86.5,-0.18021646279435,-0.18021646279435,0,0,0
86.6,0.633585581885465,0.633585581885465,0,0,0
86.7,0.918416297523403,0.918416297523403,0,0,0
86.8,1.04048660422538,1.04048660422538,0,0,0
86.9,-0.912638303006171,-0.912638303006171,0,0,0
87,-1.92989085885593,-1.92989085885593,0,0,0
87.1,-1.72644034768598,-1.72644034768598,0,0,0
87.2,-0.139526360560353,-0.139526360560353,0,0,0
87.3,-1.68575024545199,-1.68575024545199,0,0,0
87.4,-1.40091952981406,-1.40091952981406,0,0,0
87.5,-0.790567996304197,-0.790567996304197,0,0,0
87.6,-0.465047178432276,-0.465047178432276,0,0,0
87.7,0.430135070715513,0.430135070715513,0,0,0
87.8,0.511515275183494,0.511515275183494,0,0,0
87.9,0.145304355077573,0.145304355077573,0,0,0
88,-0.709187791836223,-0.709187791836223,0,0,0
88.1,-2.25541167672785,-2.25541167672785,0,0,0
88.2,-1.48229973428203,-1.48229973428203,0,0,0
88.3,-0.180216462794339,-0.180216462794339,0,0,0
88.4,-1.11608881417612,-1.11608881417612,0,0,0
88.5,0.0232340483756018,0.0232340483756018,0,0,0
88.6,0.55220537741748,0.55220537741748,0,0,0
88.7,-0.0174560538583862,-0.0174560538583862,0,0,0
88.8,-1.03470860970815,-1.03470860970815,0,0,0
88.9,-0.424357076198286,-0.424357076198286,0,0,0
89,1.69152823996922,1.69152823996922,0,0,0
89.1,2.2204995690111,2.2204995690111,0,0,0
89.2,0.67427568411946,0.67427568411946,0,0,0
89.3,-0.546427382900255,-0.546427382900255,0,0,0
89.4,-0.302286769496324,-0.302286769496324,0,0,0
89.5,-0.424357076198286,-0.424357076198286,0,0,0
89.6,-1.40091952981407,-1.40091952981407,0,0,0
89.7,0.267374661779556,0.267374661779556,0,0,0
89.8,0.674275684119453,0.674275684119453,0,0,0
89.9,0.511515275183494,0.511515275183494,0,0,0
90,0.470825172949504,0.470825172949504,0,0,0
90.1,0.226684559545561,0.226684559545561,0,0,0
90.2,1.61014803550124,1.61014803550124,0,0,0
90.3,-0.994018507474159,-0.994018507474159,0,0,0
90.4,-1.31953932534608,-1.31953932534608,0,0,0
90.5,-0.505737280666274,-0.505737280666274,0,0,0
90.6,-0.912638303006176,-0.912638303006176,0,0,0
90.7,-0.383666973964291,-0.383666973964291,0,0,0
90.8,-0.668497689602233,-0.668497689602233,0,0,0
90.9,-1.76713044991997,-1.76713044991997,0,0,0
91,-1.92989085885594,-1.92989085885594,0,0,0
91.1,-0.668497689602231,-0.668497689602231,0,0,0
91.2,1.8542886489052,1.8542886489052,0,0,0
91.3,1.12186680869336,1.12186680869336,0,0,0
91.4,-0.261596667262329,-0.261596667262329,0,0,0
91.5,-0.953328405240166,-0.953328405240166,0,0,0
91.6,-1.03470860970813,-1.03470860970813,0,0,0
91.7,-0.261596667262331,-0.261596667262331,0,0,0
91.8,0.0232340483756066,0.0232340483756066,0,0,0
91.9,0.389444968481523,0.389444968481523,0,0,0
92,-1.15677891641011,-1.15677891641011,0,0,0
92.1,-2.33679188119583,-2.33679188119583,0,0,0
92.2,-2.82507310800373,-2.82507310800373,0,0,0
92.3,-2.25541167672785,-2.25541167672785,0,0,0
92.4,-2.0519611655579,-2.0519611655579,0,0,0
92.5,-1.11608881417612,-1.11608881417612,0,0,0
92.6,-1.44160963204805,-1.44160963204805,0,0,0
92.7,-1.88920075662195,-1.88920075662195,0,0,0
92.8,-1.27884922311208,-1.27884922311208,0,0,0
92.9,-3.02852361917367,-3.02852361917367,0,0,0
93,-2.29610177896185,-2.29610177896185,0,0,0
93.1,-2.82507310800373,-2.82507310800373,0,0,0
93.2,-0.505737280666276,-0.505737280666276,0,0,0
93.3,-1.40091952981406,-1.40091952981406,0,0,0
93.4,-2.58093249459979,-2.58093249459979,0,0,0
93.5,-2.45886218789781,-2.45886218789781,0,0,0
93.6,-1.44160963204804,-1.44160963204804,0,0,0
93.7,-0.424357076198288,-0.424357076198288,0,0,0
93.8,0.267374661779556,0.267374661779556,0,0,0
93.9,-0.831258098538197,-0.831258098538197,0,0,0
94,-1.52298983651603,-1.52298983651603,0,0,0
94.1,-1.56367993875002,-1.56367993875002,0,0,0
94.2,-2.58093249459978,-2.58093249459978,0,0,0
94.3,-1.88920075662194,-1.88920075662194,0,0,0
94.4,-2.21472157449387,-2.21472157449387,0,0,0
94.5,-1.40091952981406,-1.40091952981406,0,0,0
94.6,-0.994018507474157,-0.994018507474157,0,0,0
94.7,-1.07539871194214,-1.07539871194214,0,0,0
94.8,-0.0581461560923696,-0.0581461560923696,0,0,0
94.9,-0.0988362583263621,-0.0988362583263621,0,0,0
95,-1.03470860970814,-1.03470860970814,0,0,0
95.1,-0.871948200772188,-0.871948200772188,0,0,0
95.2,-0.587117485134252,-0.587117485134252,0,0,0
95.3,-2.09265126779189,-2.09265126779189,0,0,0
95.4,-1.52298983651603,-1.52298983651603,0,0,0
95.5,-0.668497689602233,-0.668497689602233,0,0,0
95.6,-0.709187791836224,-0.709187791836224,0,0,0
95.7,-1.76713044991997,-1.76713044991997,0,0,0
95.8,-0.749877894070202,-0.749877894070202,0,0,0
95.9,-0.383666973964298,-0.383666973964298,0,0,0
96,0.308064764013542,0.308064764013542,0,0,0
96.1,-0.34297687173031,-0.34297687173031,0,0,0
96.2,-1.11608881417612,-1.11608881417612,0,0,0
96.3,-0.749877894070209,-0.749877894070209,0,0,0
96.4,-0.098836258326367,-0.098836258326367,0,0,0
96.5,-2.0926512677919,-2.0926512677919,0,0,0
96.6,-1.685750245452,-1.685750245452,0,0,0
96.7,-0.139526360560358,-0.139526360560358,0,0,0
96.8,0.470825172949503,0.470825172949503,0,0,0
96.9,-0.831258098538193,-0.831258098538193,0,0,0
97,-1.645060143218,-1.645060143218,0,0,0
97.1,-1.60437004098401,-1.60437004098401,0,0,0
97.2,-2.9878335169397,-2.9878335169397,0,0,0
97.3,-2.62162259683377,-2.62162259683377,0,0,0
97.4,-1.88920075662194,-1.88920075662194,0,0,0
97.5,-3.55749494821555,-3.55749494821555,0,0,0
97.6,-3.76094545938551,-3.76094545938551,0,0,0
97.7,-2.29610177896185,-2.29610177896185,0,0,0
97.8,-1.68575024545199,-1.68575024545199,0,0,0
97.9,-2.01127106332392,-2.01127106332392,0,0,0
98,-0.627807587368243,-0.627807587368243,0,0,0
98.1,-1.44160963204805,-1.44160963204805,0,0,0
98.2,-0.505737280666271,-0.505737280666271,0,0,0
98.3,-1.1974690186441,-1.1974690186441,0,0,0
98.4,-1.03470860970814,-1.03470860970814,0,0,0
98.5,-0.668497689602226,-0.668497689602226,0,0,0
98.6,0.430135070715508,0.430135070715508,0,0,0
98.7,1.04048660422537,1.04048660422537,0,0,0
98.8,0.918416297523403,0.918416297523403,0,0,0
98.9,0.0639241506095923,0.0639241506095923,0,0,0
99,0.0639241506095994,0.0639241506095994,0,0,0
99.1,-0.13952636056036,-0.13952636056036,0,0,0
99.2,0.63358558188547,0.63358558188547,0,0,0
99.3,2.34256987571308,2.34256987571308,0,0,0
99.4,1.69152823996923,1.69152823996923,0,0,0
99.5,-0.668497689602231,-0.668497689602231,0,0,0
99.6,-1.56367993875002,-1.56367993875002,0,0,0
99.7,-0.953328405240161,-0.953328405240161,0,0,0
99.8,-1.36022942758007,-1.36022942758007,0,0,0
99.9,-1.56367993875002,-1.56367993875002,0,0,0
100,-2.41817208566382,-2.41817208566382,0,0,0
100.1,-0.668497689602228,-0.668497689602228,0,0,0
100.2,-0.0174560538583862,-0.0174560538583862,0,0,0
100.3,-0.912638303006178,-0.912638303006178,0,0,0
100.4,0.470825172949501,0.470825172949501,0,0,0
100.5,-1.15677891641011,-1.15677891641011,0,0,0
100.6,-3.43542464151358,-3.43542464151358,0,0,0
100.7,-5.38854954874513,-5.38854954874513,0,0,0
100.8,-4.20853658395939,-4.20853658395939,0,0,0
100.9,-4.57474750406531,-4.57474750406531,0,0,0
101,-5.1037188331072,-5.1037188331072,0,0,0
101.1,-4.90026832193724,-4.90026832193724,0,0,0
101.2,-7.82995568278455,-7.82995568278455,0,0,0
101.3,-8.76582803416635,-8.76582803416635,0,0,0
101.4,-7.38236455821066,-7.38236455821066,0,0,0
101.5,-6.03959118448897,-6.03959118448897,0,0,0
101.6,-6.89408333140277,-6.89408333140277,0,0,0
101.7,-8.9285884431023,-8.9285884431023,0,0,0
101.8,-7.91133588725254,-7.91133588725254,0,0,0
101.9,-7.38236455821066,-7.38236455821066,0,0,0
102,-6.20235159342493,-6.20235159342493,0,0,0
102.1,-5.4699297532131,-5.4699297532131,0,0,0
102.2,-4.77819801523527,-4.77819801523527,0,0,0
102.3,-6.28373179789292,-6.28373179789292,0,0,0
102.4,-5.59200005991508,-5.59200005991508,0,0,0
102.5,-7.87064578501855,-7.87064578501855,0,0,0
102.6,-8.0740962961885,-8.0740962961885,0,0,0
102.7,-6.16166149119094,-6.16166149119094,0,0,0
102.8,-5.59200005991507,-5.59200005991507,0,0,0
102.9,-4.69681781076728,-4.69681781076728,0,0,0
103,-6.4058021045949,-6.4058021045949,0,0,0
103.1,-5.10371883310719,-5.10371883310719,0,0,0
103.2,-2.4995522901318,-2.4995522901318,0,0,0
103.3,-3.3540444370456,-3.3540444370456,0,0,0
103.4,-2.86576321023772,-2.86576321023772,0,0,0
103.5,-4.45267719736335,-4.45267719736335,0,0,0
103.6,-2.70300280130175,-2.70300280130175,0,0,0
103.7,-2.62162259683376,-2.62162259683376,0,0,0
103.8,-1.92989085885594,-1.92989085885594,0,0,0
103.9,-2.09265126779189,-2.09265126779189,0,0,0
104,-3.92370586832147,-3.92370586832147,0,0,0
104.1,-4.04577617502344,-4.04577617502344,0,0,0
104.2,-3.3947345392796,-3.3947345392796,0,0,0
104.3,-3.10990382364166,-3.10990382364166,0,0,0
104.4,-4.12715637949142,-4.12715637949142,0,0,0
104.5,-4.37129699289537,-4.37129699289537,0,0,0
104.6,-3.23197413034363,-3.23197413034363,0,0,0
104.7,-3.31335433481161,-3.31335433481161,0,0,0
104.8,-2.41817208566381,-2.41817208566381,0,0,0
104.9,-4.6561277085333,-4.6561277085333,0,0,0
105,-3.67956525491752,-3.67956525491752,0,0,0
105.1,-3.80163556161949,-3.80163556161949,0,0,0
105.2,-3.63887515268353,-3.63887515268353,0,0,0
105.3,-2.41817208566381,-2.41817208566381,0,0,0
105.4,-3.39473453927959,-3.39473453927959,0,0,0
105.5,-4.73750791300127,-4.73750791300127,0,0,0
105.6,-3.15059392587565,-3.15059392587565,0,0,0
105.7,-4.08646627725743,-4.08646627725743,0,0,0
105.8,-4.85957821970325,-4.85957821970325,0,0,0
105.9,-3.72025535715152,-3.72025535715152,0,0,0
106,-4.33060689066137,-4.33060689066137,0,0,0
106.1,-4.53405740183132,-4.53405740183132,0,0,0
106.2,-3.43542464151358,-3.43542464151358,0,0,0
106.3,-2.29610177896184,-2.29610177896184,0,0,0
106.4,-4.04577617502344,-4.04577617502344,0,0,0
106.5,-3.84232566385348,-3.84232566385348,0,0,0
106.6,-2.54024239236579,-2.54024239236579,0,0,0
106.7,-2.9471434147057,-2.9471434147057,0,0,0
106.8,-4.16784648172542,-4.16784648172542,0,0,0
106.9,-5.30716934427714,-5.30716934427714,0,0,0
107,-4.94095842417124,-4.94095842417124,0,0,0
107.1,-4.81888811746926,-4.81888811746926,0,0,0
107.2,-4.85957821970324,-4.85957821970324,0,0,0
107.3,-5.34785944651115,-5.34785944651115,0,0,0
107.4,-4.98164852640523,-4.98164852640523,0,0,0
107.5,-5.02233862863921,-5.02233862863921,0,0,0
107.6,-5.83614067331902,-5.83614067331902,0,0,0
107.7,-6.16166149119096,-6.16166149119096,0,0,0
107.8,-4.81888811746926,-4.81888811746926,0,0,0
107.9,-5.87683077555301,-5.87683077555301,-0.519163288979506,0,-0.519163288979506
108,-6.7720130247008,-6.7720130247008,-1.82962950325206,0,-1.82962950325206
108.1,-6.8533932291688,-6.8533932291688,-3.12316941735996,0,-3.12316941735996
108.2,-7.74857547831657,-7.74857547831657,-4.3999813395127,0,-4.3999813395127
108.3,-6.28373179789291,-6.28373179789291,-5.66026127880573,0,-5.66026127880573
108.4,-7.1789140470407,-7.1789140470407,-6.90420297184212,0,-6.90420297184212
108.5,-8.1147863984225,-8.1147863984225,-8.13199790904877,0,-8.13199790904877
108.6,-7.13822394480672,-7.13822394480672,-9.3438353606861,0,-9.3438353606861
108.7,-9.00996864757028,-9.00996864757028,-10.5399024025567,0,-10.5399024025567
108.8,-9.70170038554813,-9.70170038554813,-11.720383941418,0,-11.720383941418
108.9,-8.76582803416635,-8.76582803416635,-12.8854627400978,0,-12.8854627400978
109,-9.74239048778212,-9.74239048778212,-14.0353194423224,0,-14.0353194423224
109.1,-11.7768955994816,-11.7768955994816,-15.1701325972548,0,-15.1701325972548
109.2,-12.0210362128856,-12.0210362128856,-16.2900786837487,0,-16.2900786837487
109.3,-13.2010491776713,-13.2010491776713,-17.3953321343245,0,-17.3953321343245
109.4,-15.0727938804349,-15.0727938804349,-18.4860653588636,0,-18.4860653588636
109.5,-15.3169344938388,-15.3169344938388,-19.5624487680321,0,-19.5624487680321
109.6,-17.7990307301122,-17.7990307301122,-20.6246507964312,0,-20.6246507964312
109.7,-21.4611399311714,-21.4611399311714,-21.6728379254791,0,-21.6728379254791
109.8,-24.6349679054226,-24.6349679054226,-22.7071747060309,0,-22.7071747060309
109.9,-29.8839910936074,-29.8839910936074,-23.7278237807325,0,-23.7278237807325
110,-34.0750716237084,-34.0750716237084,-24.7349459061195,0,-24.7349459061195
110.1,-39.2834047096592,-39.2834047096592,-32.6361292062025,-6.90742923174487,-25.7286999744576
110.2,-44.2475971822061,-44.2475971822061,-42.4860693237196,-15.7768262883885,-26.7092430353312
110.3,-52.5890681401741,-52.5890681401741,-51.6535374637925,-23.9768071468103,-27.6767303169822
110.4,-59.6284558266545,-59.6284558266545,-60.1816830052944,-31.5503677578934,-28.631315247401
110.5,-65.5692107528171,-65.5692107528171,-68.1109719193681,-38.5378224441936,-29.5731494751745
110.6,-72.5272182348295,-72.5272182348295,-75.4793530433773,-44.9769701532862,-30.5023828900912
110.7,-78.9562543878,-78.9562543878,-82.3224140602136,-50.903250416705,-31.4191636435086
110.8,-85.1411499273666,-85.1411499273666,-88.6735278202315,-56.3498896517461,-32.3236381684854
110.9,-91.488805875869,-91.488805875869,-94.5639896036092,-61.3480384039304,-33.2159511996788
111,-97.5923212109676,-97.5923212109676,-100.023145883976,-65.9269000909626,-34.0962457930136
111.1,-103.695836546066,-103.695836546066,-105.078515119386,-70.113851774264,-34.9646633451216
111.2,-109.229690449889,-109.229690449889,-109.755901064176,-73.9345574516187,-35.8213436125572
111.3,-114.722854251478,-114.722854251478,-114.07949906471,-77.4130743339194,-36.6664247307903
111.4,-117.652541612325,-117.652541612325,-118.071995773301,-80.5719525403224,-37.5000432329785
111.5,-121.233270608916,-121.233270608916,-121.754662687787,-83.4323286192641,-38.3223340685233
111.6,-127.092645330611,-127.092645330611,-125.147443898955,-86.0140132775445,-39.1334306214105
111.7,-130.266473304862,-130.266473304862,-128.269038404377,-88.3355736760393,-39.9334647283378
111.8,-132.707879438902,-132.707879438902,-131.136977325041,-90.4144106284064,-40.7225666966345
111.9,-133.196160665709,-133.196160665709,-133.767696340291,-92.2668310183197,-41.5008653219708
112,-135.027215266239,-135.027215266239,-136.176603637112,-93.9081157312469,-42.2684879058652
112.1,-139.910027534318,-139.910027534318,-138.378143651438,-95.3525833784512,-43.0255602729869
112.2,-142.392123770591,-142.392123770591,-140.385856861973,-96.6136500737149,-43.7722067882582
112.3,-143.450066428675,-143.450066428675,-142.212435880918,-97.703885507158,-44.5085503737604
112.4,-145.036980415801,-145.036980415801,-143.869778070833,-98.6350655453917,-45.2347125254417
112.5,-146.827344914096,-146.827344914096,-145.369034902699,-99.418221573065,-45.9508133296341
112.6,-148.129428185584,-148.129428185584,-146.720658256919,-100.063686777542,-46.6569714793766
112.7,-150.652214524091,-150.652214524091,-147.934443856517,-100.581139565966,-47.3533042905512
112.8,-151.018425444197,-151.018425444197,-149.019572010077,-100.979644292246,-48.0399277178313
112.9,-151.425326466537,-151.425326466537,-149.984645830962,-101.267689460516,-48.7169563704458
113,-151.221875955367,-151.221875955367,-150.837727089065,-101.453223561305,-49.38450352776
113.1,-151.262566057601,-151.262566057601,-151.586369841658,-101.543688686981,-50.0426811546776
113.2,-151.913607693345,-151.913607693345,-152.237651980832,-101.54605206397,-50.691599916862
113.3,-153.337761271535,-153.337761271535,-152.798204826511,-101.466835630727,-51.3313691957837
113.4,-153.134310760365,-153.134310760365,-153.274240886051,-101.312143782459,-51.9620971035921
113.5,-152.483269124621,-152.483269124621,-153.671579893922,-101.087689396106,-52.5838904978159
113.6,-152.361198817919,-152.361198817919,-153.995673237965,-100.798818242073,-53.1968549958923
113.7,-153.500521680471,-153.500521680471,-154.251626872109,-100.45053188258,-53.801094989529
113.8,-155.006055463128,-155.006055463128,-154.444222809266,-100.047509150366,-54.3967136588996
113.9,-154.599154440788,-154.599154440788,-154.577939282301,-99.5941262956267,-54.9838129866739
114,-155.12812576983,-155.12812576983,-154.656969655552,-99.0944758836652,-55.5624937718872
114.1,-155.901237712276,-155.901237712276,-154.685240164258,-98.5523845206107,-56.1328556436476
114.2,-153.541211782705,-153.541211782705,-154.66642655446,-97.9714294797745,-56.6949970746856
114.3,-152.564649329089,-152.564649329089,-154.603969691469,-97.3549542967225,-57.249015394746
114.4,-152.890170146961,-152.890170146961,-154.501090200753,-96.7060833969275,-57.7950068038255
114.5,-152.279818613451,-152.279818613451,-154.360802201167,-96.0277358159105,-58.3330663852565
114.6,-155.331576281,-155.331576281,-154.185926186714,-95.3226380680739,-58.86328811864
114.7,-155.616406996638,-155.616406996638,-153.979101109575,-94.5933362169475,-59.3857648926274
114.8,-154.151563316214,-154.151563316214,-153.742795713862,-93.8422071963052,-59.9005885175565
114.9,-154.599154440788,-154.599154440788,-153.479319166489,-93.0714694285504,-60.407849737939
115,-154.477084134086,-154.477084134086,-153.190831028698,-92.2831927838934,-60.9076382448049
115.1,-151.913607693345,-151.913607693345,-152.879350609053,-91.4793079211497,-61.4000426879033
115.2,-150.204623399517,-150.204623399517,-152.546765736226,-90.6616150484641,-61.8851506877618
115.3,-151.994987897813,-151.994987897813,-152.194840987495,-89.8317921398875,-62.3630488476072
115.4,-152.320508715685,-152.320508715685,-151.825225406664,-88.991402641517,-62.8338227651469
115.5,-152.686719635791,-152.686719635791,-151.43945974303,-88.1419026988152,-63.2975570442148
115.6,-151.262566057601,-151.262566057601,-151.038983241057,-87.2846479347746,-63.7543353062824
115.7,-150.082553092815,-150.082553092815,-150.625140008585,-86.4208998067496,-64.2042402018354
115.8,-150.408073910687,-150.408073910687,-150.199184989682,-85.5518315680613,-64.6473534216206
115.9,-149.1059906392,-149.1059906392,-149.762289566622,-84.6785338588615,-65.0837557077604
116,-149.146680741434,-149.146680741434,-149.315546813967,-83.8020199492264,-65.5135268647406
116.1,-149.390821354838,-149.390821354838,-148.859976426299,-82.9232306560296,-65.9367457702696
116.2,-150.123243195049,-150.123243195049,-148.396529339821,-82.0430389538091,-66.353490386012
116.3,-146.705274607394,-146.705274607394,-147.926092066789,-81.1622542985899,-66.763837768199
116.4,-146.05423297165,-146.05423297165,-147.449490760568,-80.2816266824538,-67.1678640781144
116.5,-146.25768348282,-146.25768348282,-146.967495028002,-79.4018504355407,-67.5656445924608
116.6,-146.786654811862,-146.786654811862,-146.480821504744,-78.5235677911399,-67.9572537136042
116.7,-145.891472562714,-145.891472562714,-145.990137208253,-77.6473722285525,-68.342764979701
116.8,-145.281121029205,-145.281121029205,-145.49606268221,-76.7738116075024,-68.7222510747079
116.9,-146.05423297165,-146.05423297165,-144.999174945295,-75.9033911070209,-69.0957838382746
117,-144.223178371121,-144.223178371121,-144.500010256446,-75.0365759809224,-69.4634342755238
117.1,-143.979037757717,-143.979037757717,-143.999066707966,-74.1737941412494,-69.8252725667163
117.2,-145.036980415801,-145.036980415801,-143.496806657155,-73.3154385803499,-70.1813680768053
117.3,-145.484571540374,-145.484571540374,-142.993659006476,-72.4618696415963,-70.5317893648793
117.4,-144.955600211333,-144.955600211333,-142.490021341631,-71.6134171481342,-70.8766041934966
117.5,-142.188673259421,-142.188673259421,-141.986261936376,-70.7703823984659,-71.2158795379106
117.6,-140.64244937453,-140.64244937453,-141.482721632319,-69.9330400371299,-71.5496815951891
117.7,-139.747267125382,-139.747267125382,-140.979715601455,-69.101639808227,-71.8780757932276
117.8,-138.811394774,-138.811394774,-140.477534998719,-68.2764081990597,-72.2011267996589
117.9,-136.736199560067,-136.736199560067,-139.976448511366,-67.4575499807081,-72.5188985306582
118,-137.265170889108,-137.265170889108,-139.476703811582,-66.6452496519344,-72.8314541596478
118.1,-138.526564058362,-138.526564058362,-138.978528918321,-65.8396727924212,-73.1388561259001
118.2,-137.79414221815,-137.79414221815,-138.482133474011,-65.04096733097,-73.4411661430409
118.3,-138.648634365064,-138.648634365064,-137.987709941395,-64.2492647339403,-73.7384452074549
118.4,-138.852084876234,-138.852084876234,-137.495434725478,-63.4646811188847,-74.0307536065933
118.5,-136.654819355599,-136.654819355599,-137.005469225209,-62.6873182980239,-74.3181509271855
118.6,-137.59069170698,-137.59069170698,-136.517960819277,-61.9172647559215,-74.6006960633558
118.7,-137.672071911448,-137.672071911448,-136.033043790094,-61.1545965654484,-74.8784472246456
118.8,-137.427931298044,-137.427931298044,-135.550840189813,-60.3993782458698,-75.1514619439434
118.9,-135.149285572941,-135.149285572941,-135.071460651977,-59.6516635666543,-75.4197970853223
119,-133.155470563475,-133.155470563475,-134.595005152167,-58.9114963003796,-75.6835088517875
119.1,-133.358921074645,-133.358921074645,-134.121563720834,-58.1789109278998,-75.9426527929337
119.2,-134.986525164005,-134.986525164005,-133.651217111259,-57.4539332987461,-76.1972838125134
119.3,-134.213413221559,-134.213413221559,-133.184037425461,-56.7365812495428,-76.4474561759183
119.4,-133.643751790283,-133.643751790283,-132.72008870063,-56.026865183056,-76.6932235175742
119.5,-132.5858091322,-132.5858091322,-132.259427458571,-55.3247886103223,-76.9346388482488
119.6,-133.074090359007,-133.074090359007,-131.802103220436,-54.6303486581585,-77.1717545622773
119.7,-133.684441892517,-133.684441892517,-131.348158988912,-53.9435365442101,-77.4046224447017
119.8,-132.463738825498,-132.463738825498,-130.897631699888,-53.2643380215578,-77.6332936783298
119.9,-130.5513040205,-130.5513040205,-130.450552645495,-52.5927337947842,-77.8578188507106
120,-131.080275349542,-131.080275349542,-130.006947870307,-51.9286999092772,-78.0782479610302
120.1,-130.75475453167,-130.75475453167,-129.566838542368,-51.2722081154412,-78.2946304269272
120.2,-129.371291055714,-129.371291055714,-129.130241300612,-50.6232262093823,-78.5070150912293
120.3,-129.12715044231,-129.12715044231,-128.697168580148,-49.9817183515359,-78.7154502286124
120.4,-129.005080135608,-129.005080135608,-128.267628916796,-49.3476453646148,-78.9199835521814
120.5,-127.987827579759,-127.987827579759,-127.841627232147,-48.7209650121703,-79.1206622199763
120.6,-127.377476046249,-127.377476046249,-127.41916510038,-48.1016322589785,-79.3175328414018
120.7,-129.12715044231,-129.12715044231,-127.000240997973,-47.4895995143897,-79.5106414835832
120.8,-127.174025535079,-127.174025535079,-126.584850537353,-46.8848168597049,-79.7000336776481
120.9,-126.726434410505,-126.726434410505,-126.17298668552,-46.2872322605838,-79.8857544249358
121,-126.929884921675,-126.929884921675,-125.764639968553,-45.6967917654183,-80.0678482031347
121.1,-127.133335432845,-127.133335432845,-125.359798662904,-45.1134396905549,-80.2463589723486
121.2,-125.139520423379,-125.139520423379,-124.958448974282,-44.5371187931897,-80.4213301810927
121.3,-123.349155925084,-123.349155925084,-124.560575204931,-43.9677704327105,-80.5928047722201
121.4,-124.691929298805,-124.691929298805,-124.166159909993,-43.4053347212124,-80.7608251887804
121.5,-126.116082876995,-126.116082876995,-123.775184043677,-42.8497506638679,-80.925433379809
121.6,-123.633986640722,-123.633986640722,-123.387627095841,-42.3009562897896,-81.0866708060512
121.7,-121.192580506682,-121.192580506682,-123.003467219604,-41.7588887739863,-81.244578445618
121.8,-120.46015866647,-120.46015866647,-122.62268135055,-41.2234845509714,-81.3991967995787
121.9,-122.128452858064,-122.128452858064,-122.24524531804,-40.6946794205539,-81.5505658974864
122,-123.674676742956,-123.674676742956,-121.871133949145,-40.1724086463035,-81.6987253028415
122.1,-123.145705413914,-123.145705413914,-121.500321165645,-39.656607047155,-81.8437141184904
122.2,-122.047072653596,-122.047072653596,-121.132780074549,-39.1472090825857,-81.985570991963
122.3,-120.744989382108,-120.744989382108,-120.768483052521,-38.6441489317732,-82.1243341207475
122.4,-119.971877439662,-119.971877439662,-120.407401824621,-38.1473605671174,-82.2600412575041
122.5,-119.361525906153,-119.361525906153,-120.049507537702,-37.6567778224828,-82.3927297152192
122.6,-118.629104065941,-118.629104065941,-119.694770828799,-37.1723344564998,-82.522436372299
122.7,-119.84980713296,-119.84980713296,-119.343161888843,-36.6939642112382,-82.6491976776044
122.8,-118.507033759239,-118.507033759239,-118.994650521977,-36.2216008665491,-82.7730496554282
122.9,-116.594598954241,-116.594598954241,-118.649206200767,-35.7551782903536,-82.8940279104134
123,-116.920119772113,-116.920119772113,-118.306798117551,-35.2946304851355,-83.0121676324157
123.1,-116.757359363177,-116.757359363177,-117.967395232194,-34.8398916308847,-83.1275036013096
123.2,-117.204950487751,-117.204950487751,-117.630966316456,-34.3908961247184,-83.2400701917377
123.3,-117.327020794453,-117.327020794453,-117.2974799952,-33.947578617393,-83.3499013778069
123.4,-117.082880181049,-117.082880181049,-116.966904784639,-33.5098740469105,-83.4570307377282
123.5,-116.269078136369,-116.269078136369,-116.63920912781,-33.0777176694053,-83.5614914584045
123.6,-115.170445376052,-115.170445376052,-116.314361427453,-32.6510450874891,-83.663316339964
123.7,-113.380080877756,-113.380080877756,-115.992330076461,-32.2297922762191,-83.7625378002419
123.8,-113.82767200233,-113.82767200233,-115.673083486055,-31.8138956068447,-83.8591878792101
123.9,-114.356643331372,-114.356643331372,-115.356590111833,-31.403291868478,-83.953298243355
124,-113.380080877756,-113.380080877756,-115.042818477831,-30.9979182878252,-84.0449001900056
124.1,-113.583531388926,-113.583531388926,-114.731737198715,-30.597712547105,-84.1340246516104
124.2,-113.746291797862,-113.746291797862,-114.423315000243,-30.2026128002768,-84.2207021999658
124.3,-114.23457302467,-114.23457302467,-114.117520738082,-29.8125576876869,-84.3049630503948
124.4,-114.600783944776,-114.600783944776,-113.81432341512,-29.4274863492421,-84.3868370658776
124.5,-113.664911593394,-113.664911593394,-113.513692197341,-29.0473384362062,-84.4663537611344
124.6,-111.711786686162,-111.711786686162,-113.215596428374,-28.6720541217132,-84.5435423066611
124.7,-111.833856992864,-111.833856992864,-112.920005642802,-28.3015741100846,-84.6184315327175
124.8,-110.206252903505,-110.206252903505,-112.6268895783,-27.9358396450292,-84.6910499332704
124.9,-109.799351881165,-109.799351881165,-112.336218186696,-27.5747925168055,-84.7614256698903
125,-110.002802392335,-110.002802392335,-112.047961644016,-27.2183750684132,-84.8295865756031
125.1,-109.555211267761,-109.555211267761,-111.762090359582,-26.8665302008849,-84.8955601586975
125.2,-110.084182596803,-110.084182596803,-111.478574984226,-26.5192013777384,-84.9593736064878
125.3,-110.124872699037,-110.124872699037,-111.197386417681,-26.1763326286472,-85.021053789034
125.4,-109.107620143187,-109.107620143187,-110.918495815204,-25.8378685523868,-85.0806272628175
125.5,-110.084182596803,-110.084182596803,-110.641874593481,-25.5037543191056,-85.1381202743755
125.6,-110.328323210207,-110.328323210207,-110.367494435863,-25.1739356719701,-85.1935587638928
125.7,-108.334508200741,-108.334508200741,-110.095327296981,-24.8483589282289,-85.246968368752
125.8,-108.253127996273,-108.253127996273,-109.82534540678,-24.5269709797374,-85.2983744270422
125.9,-109.229690449889,-109.229690449889,-109.557521274011,-24.2097192929833,-85.3478019810282
126,-109.026239938719,-109.026239938719,-109.291827689228,-23.8965519086494,-85.3952757805782
126.1,-106.422073395744,-106.422073395744,-109.028237727301,-23.5874174407482,-85.4408202865528
126.2,-105.445510942128,-105.445510942128,-108.766724749516,-23.2822650753622,-85.4844596741543
126.3,-105.608271351064,-105.608271351064,-108.507262405254,-22.9810445690167,-85.5262178362371
126.4,-106.58483380468,-106.58483380468,-108.249824633298,-22.6837062467182,-85.5661183865803
126.5,-105.97448227117,-105.97448227117,-107.994385662802,-22.3902009996804,-85.6041846631219
126.6,-105.648961453298,-105.648961453298,-107.740920013921,-22.1004802827657,-85.6404397311556
126.7,-104.95722971532,-104.95722971532,-107.489402498155,-21.8144961116644,-85.674906386491
126.8,-105.852411964468,-105.852411964468,-107.239808218409,-21.5322010598322,-85.7076071585768
126.9,-103.573766239364,-103.573766239364,-106.992112568797,-21.2535482552088,-85.7385643135877
127,-104.672398999682,-104.672398999682,-106.74629123421,-20.9784913767334,-85.7677998574763
127.1,-105.038609919788,-105.038609919788,-106.502320189666,-20.7069846506777,-85.7953355389887
127.2,-104.428258386278,-104.428258386278,-106.260175699457,-20.4389828468114,-85.821192852646
127.3,-103.573766239364,-103.573766239364,-106.019834316106,-20.1744412744152,-85.8453930416907
127.4,-104.224807875108,-104.224807875108,-105.781272879157,-19.9133157781578,-85.8679571009993
127.5,-103.451695932662,-103.451695932662,-105.544468513809,-19.655562733848,-85.888905779961
127.6,-103.166865217024,-103.166865217024,-105.309398629399,-19.4011390440759,-85.9082595853234
127.7,-104.021357363938,-104.021357363938,-105.076040917759,-19.1500021337546,-85.9260387840048
127.8,-103.004104808088,-103.004104808088,-104.844373351447,-18.9021099455733,-85.9422634058739
127.9,-103.044794910322,-103.044794910322,-104.61437418187,-18.657420935372,-85.9569532464981
128,-102.800654296918,-102.800654296918,-104.386021937306,-18.4158940674472,-85.9701278698589
128.1,-101.620641332133,-101.620641332133,-104.159295420835,-18.1774888097979,-85.9818066110367
128.2,-101.620641332133,-101.620641332133,-103.934173708184,-17.9421651293194,-85.9920085788642
128.3,-100.440628367347,-100.440628367347,-103.710636145503,-17.7098834869538,-86.0007526585487
128.4,-101.946162150005,-101.946162150005,-103.488662347067,-17.4806048328025,-86.0080575142648
128.5,-101.579951229899,-101.579951229899,-103.268232192926,-17.2542906012091,-86.0139415917167
128.6,-101.742711638835,-101.742711638835,-103.049325826489,-17.0309027058185,-86.0184231206702
128.7,-102.108922558941,-102.108922558941,-102.831923652074,-16.810403534617,-86.0215201174568
128.8,-102.92272460362,-102.92272460362,-102.616006332407,-16.5927559449598,-86.0232503874475
128.9,-102.71927409245,-102.71927409245,-102.401554786089,-16.37792325859,-86.0236315274985
129,-99.3419956070292,-99.3419956070292,-102.188550185024,-16.1658692566552,-86.0226809283687
129.1,-98.8537143802213,-98.8537143802213,-101.976973951832,-15.9565581747232,-86.0204157771088
129.2,-99.6675164249012,-99.6675164249012,-101.766807757227,-15.7499546978041,-86.0168530594232
129.3,-99.8709669360711,-99.8709669360711,-101.558033517384,-15.5460239553799,-86.012009562004
129.4,-98.8537143802213,-98.8537143802213,-101.350633391284,-15.3447315164457,-86.0059018748386
129.5,-100.481318469581,-100.481318469581,-101.144589778057,-15.1460433845662,-85.9985463934903
129.6,-101.905472047771,-101.905472047771,-100.939885314302,-14.9499259929497,-85.989959321352
129.7,-100.481318469581,-100.481318469581,-100.736502871417,-14.7563461995423,-85.9801566718749
129.8,-99.3419956070292,-99.3419956070292,-100.534425552915,-14.5652712821453,-85.9691542707701
129.9,-101.905472047771,-101.905472047771,-100.333636691743,-14.3766689335571,-85.9569677581859
130,-101.010289798623,-101.010289798623,-100.134119847601,-14.1905072567423,-85.943612590859
130.1,-99.8709669360711,-99.8709669360711,-99.9358588042711,-14.0067547600297,-85.9291040442414
130.2,-98.1212925400095,-98.1212925400095,-99.7388375669434,-13.8253803523412,-85.9134572146022
130.3,-99.1385450958593,-99.1385450958593,-99.5430403595579,-13.6463533384528,-85.8966870211051
130.4,-97.4295608020317,-97.4295608020317,-99.3484516221509,-13.4696434142882,-85.8788082078626
130.5,-97.2261102908617,-97.2261102908617,-99.1550560082145,-13.2952206622491,-85.8598353459654
130.6,-98.2840529489455,-98.2840529489455,-98.9628383820684,-13.1230555465799,-85.8397828354886
130.7,-97.2261102908617,-97.2261102908617,-98.7717838162453,-12.9531189087702,-85.818664907475
130.8,-99.4233758114972,-99.4233758114972,-98.5818775888913,-12.7853819629959,-85.7964956258955
130.9,-97.5109410064997,-97.5109410064997,-98.3931051811832,-12.6198162915974,-85.7732888895858
131,-97.3481805975637,-97.3481805975637,-98.2054522747616,-12.4563938405995,-85.7490584341621
131.1,-97.1040399841598,-97.1040399841598,-98.0189047491838,-12.2950869152702,-85.7238178339136
131.2,-98.6909539712854,-98.6909539712854,-97.8334486793939,-12.1358681757207,-85.6975805036732
131.3,-99.7488966293691,-99.7488966293691,-97.6490703332143,-11.978710632547,-85.6703597006673
131.4,-99.0164747891573,-99.0164747891573,-97.4657561688557,-11.8235876425127,-85.642168526343
131.5,-99.3013055047952,-99.3013055047952,-97.2834928324501,-11.670472904275,-85.6130199281751
131.6,-97.6737014154356,-97.6737014154356,-97.1022671556034,-11.5193404541516,-85.5829267014518
131.7,-96.8598993707558,-96.8598993707558,-96.9220661529716,-11.370164661932,-85.5519014910395
131.8,-96.7785191662879,-96.7785191662879,-96.7428770198585,-11.2229202267305,-85.519956793128
131.9,-98.5688836645834,-98.5688836645834,-96.5646871298366,-11.0775821728825,-85.4871049569541
132,-98.2433628467115,-98.2433628467115,-96.3874840323909,-10.9341258458843,-85.4533581865066
132.1,-95.7612666104381,-95.7612666104381,-96.2112554505868,-10.792526908376,-85.4187285422108
132.2,-94.8253942590563,-94.8253942590563,-96.035989278761,-10.6527613361671,-85.383227942594
132.3,-95.7612666104381,-95.7612666104381,-95.8616735802369,-10.5148054143063,-85.3468681659306
132.4,-96.9819696774578,-96.9819696774578,-95.6882965850636,-10.3786357331935,-85.3096608518701
132.5,-96.9412795752238,-96.9412795752238,-95.5158466877792,-10.2442291847352,-85.271617503044
132.6,-97.0226597796918,-97.0226597796918,-95.3443124451994,-10.1115629585434,-85.232749486656
132.7,-97.7143915176696,-97.7143915176696,-95.1736825742291,-9.98061453817656,-85.1930680360525
132.8,-97.9178420288396,-97.9178420288396,-95.0039459496993,-9.85136169742378,-85.1525842522756
132.9,-95.2322952813962,-95.2322952813962,-94.8350916022288,-9.72378249663111,-85.1113091055977
133,-94.0929724188445,-94.0929724188445,-94.6671087161093,-9.5978552790705,-85.0692534370388
133.1,-94.6219437478863,-94.6219437478863,-94.4999866272166,-9.4735586673506,-85.026427959866
133.2,-95.4764358948001,-95.4764358948001,-94.3337148209446,-9.35087155986947,-84.9828432610752
133.3,-95.5985062015021,-95.5985062015021,-94.1682829301652,-9.22977312730898,-84.9385098028562
133.4,-97.9178420288396,-97.9178420288396,-94.0036807332113,-9.11024280917023,-84.8934379240411
133.5,-95.88333691714,-95.88333691714,-93.8398981518852,-8.99226031035035,-84.8476378415348
133.6,-96.249547837246,-96.249547837246,-93.6769252494899,-8.8758055977598,-84.8011196517301
133.7,-96.168167632778,-96.168167632778,-93.514752228886,-8.76085889698024,-84.7538933319058
133.8,-96.249547837246,-96.249547837246,-93.3533694305712,-8.6474006889625,-84.7059687416087
133.9,-95.1916051791622,-95.1916051791622,-93.1927673307841,-8.5354117067642,-84.6573556240199
134,-94.7033239523543,-94.7033239523543,-93.0329365396316,-8.42487293232705,-84.6080636073046
134.1,-94.6219437478863,-94.6219437478863,-92.8738677992402,-8.31576559329313,-84.558102205947
134.2,-95.6798864059701,-95.6798864059701,-92.7155519819295,-8.20807115985999,-84.5074808220695
134.3,-94.9474645657583,-94.9474645657583,-92.5579800884104,-8.10177134167429,-84.4562087467361
134.4,-92.5874386361868,-92.5874386361868,-92.4011432460051,-7.99684808476324,-84.4042951612418
134.5,-91.814326693741,-91.814326693741,-92.24503270689,-7.89328356850405,-84.351749138386
134.6,-92.2212277160809,-92.2212277160809,-92.089639846362,-7.79106020263057,-84.2985796437314
134.7,-93.3198604763987,-93.3198604763987,-91.9349561611262,-7.69016062427692,-84.2447955368493
134.8,-93.5640010898026,-93.5640010898026,-91.7809732676066,-7.59056769505791,-84.1904055725486
134.9,-92.3432980227829,-92.3432980227829,-91.6276829002781,-7.49226449818535,-84.1354184020928
135,-91.0005246490612,-91.0005246490612,-91.4750769100212,-7.39523433562064,-84.0798425744005
135.1,-92.3432980227829,-92.3432980227829,-91.3231472624971,-7.29946072526255,-84.0236865372345
135.2,-93.6046911920366,-93.6046911920366,-91.1718860365452,-7.20492739817029,-83.966958638375
135.3,-93.8895219076745,-93.8895219076745,-91.0212854226016,-7.11161829582136,-83.9096671267802
135.4,-93.8081417032065,-93.8081417032065,-90.8713377211376,-7.01951756740356,-83.851820153734
135.5,-93.8488318054405,-93.8488318054405,-90.7220353411201,-6.92860956714125,-83.7934257739789
135.6,-93.4419307831006,-93.4419307831006,-90.5733707984921,-6.83887885165507,-83.734491946837
135.7,-93.5233109875686,-93.5233109875686,-90.425336714673,-6.750310177355,-83.675026537318
135.8,-93.0757198629947,-93.0757198629947,-90.2779258150798,-6.66288849786634,-83.6150373172134
135.9,-92.7908891473568,-92.7908891473568,-90.1311309276671,-6.57659896148801,-83.5545319661791
136,-93.8488318054405,-93.8488318054405,-89.9849449814879,-6.49142690868318,-83.4935180728047
136.1,-92.9943396585267,-92.9943396585267,-89.8393610052726,-6.40735786960163,-83.432003135671
136.2,-92.0991574093789,-92.0991574093789,-89.6943721260282,-6.3243775616334,-83.3699945643948
136.3,-92.9536495562927,-92.9536495562927,-89.5499715676557,-6.24247188699374,-83.307499680662
136.4,-93.4012406808666,-93.4012406808666,-89.4061526495864,-6.16162693033838,-83.2445257192481
136.5,-93.1977901696966,-93.1977901696966,-89.2629087854371,-6.08182895640942,-83.1810798290277
136.6,-93.1164099652287,-93.1164099652287,-89.1202334816827,-6.00306440771104,-83.1171690739717
136.7,-91.855016795975,-91.855016795975,-88.9781203363481,-5.92531990221482,-83.0528004341333
136.8,-91.0412147512952,-91.0412147512952,-88.8365630377167,-5.84858223109444,-82.9879808066223
136.9,-90.4715533200193,-90.4715533200193,-88.6955553630572,-5.77283835648902,-82.9227170065682
137,-89.9425819909774,-89.9425819909774,-88.5550911773676,-5.6980754092953,-82.8570157680723
137.1,-91.4481157736351,-91.4481157736351,-88.4151644321367,-5.62428068698783,-82.7908837451489
137.2,-91.610876182571,-91.610876182571,-88.2757691641219,-5.55144165146715,-82.7243275126548
137.3,-91.570186080337,-91.570186080337,-88.1368994941445,-5.47954592693547,-82.657353567209
137.4,-90.6750038311893,-90.6750038311893,-87.9985496259009,-5.40858129779944,-82.5899683281015
137.5,-89.1694700485316,-89.1694700485316,-87.8607138447909,-5.33853570659997,-82.5221781381909
137.6,-91.2446652624651,-91.2446652624651,-87.723386516761,-5.26939725196841,-82.4539892647926
137.7,-92.5060584317188,-92.5060584317188,-87.5865620871651,-5.20115418660906,-82.3854079005561
137.8,-91.0005246490612,-91.0005246490612,-87.4502350796396,-5.13379491530753,-82.3164401643321
137.9,-89.2101601507656,-89.2101601507656,-87.3144000949946,-5.06730799296457,-82.24709210203
138,-88.0708372882139,-88.0708372882139,-87.1790518101203,-5.00168212265527,-82.1773696874651
138.1,-88.5184284127878,-88.5184284127878,-87.0441849769091,-4.93690615371317,-82.107278823196
138.2,-89.5763710708715,-89.5763710708715,-86.9097944211914,-4.87296907983892,-82.0368253413525
138.3,-89.2101601507656,-89.2101601507656,-86.7758750416871,-4.80986003723336,-81.9660150044538
138.4,-88.5998086172557,-88.5998086172557,-86.6424218089717,-4.74756830275449,-81.8948535062173
138.5,-88.3556680038518,-88.3556680038518,-86.509429764456,-4.68608329209827,-81.8233464723577
138.6,-87.663936265874,-87.663936265874,-86.3768940193801,-4.62539455800276,-81.7514994613774
138.7,-88.6404987194897,-88.6404987194897,-86.2448097538226,-4.56549178847538,-81.6793179653472
138.8,-88.0708372882139,-88.0708372882139,-86.1131722157216,-4.50636480504309,-81.6068074106785
138.9,-87.1756550390661,-87.1756550390661,-85.981976719911,-4.44800356102496,-81.533973158886
139,-85.6294311541744,-85.6294311541744,-85.851218647169,-4.39039813982709,-81.4608205073419
139.1,-87.745316470342,-87.745316470342,-85.7208934432808,-4.33353875325953,-81.3873546900213
139.2,-87.0535847323641,-87.0535847323641,-85.5909966181138,-4.27741573987483,-81.313580878239
139.3,-86.3618529943862,-86.3618529943862,-85.4615237447058,-4.22201956332808,-81.2395041813777
139.4,-86.4839233010882,-86.4839233010882,-85.3324704583658,-4.16734081075798,-81.1651296476078
139.5,-86.8094441189601,-86.8094441189601,-85.2038324557878,-4.11337019118896,-81.0904622645988
139.6,-86.8908243234281,-86.8908243234281,-85.0756054941764,-4.0600985339538,-81.0155069602226
139.7,-84.4494181893887,-84.4494181893887,-84.947785390385,-4.00751678713661,-80.9402686032484
139.8,-85.5480509497064,-85.5480509497064,-84.8203680200659,-3.95561601603602,-80.8647520040299
139.9,-87.0942748345981,-87.0942748345981,-84.6933493168324,-3.904387401648,-80.7889619151844
140,-86.6466837100242,-86.6466837100242,-84.5667252714322,-3.8538222391685,-80.7129030322637
140.1,-85.9142618698124,-85.9142618698124,-84.440491930933,-3.80391193651525,-80.6365799944177
140.2,-85.9142618698124,-85.9142618698124,-84.314645397919,-3.75464801286874,-80.5599973850503
140.3,-85.8328816653444,-85.8328816653444,-84.1891818296993,-3.70602209723206,-80.4831597324672
140.4,-84.8563192117286,-84.8563192117286,-84.064097437526,-3.65802592700925,-80.4060715105168
140.5,-85.7921915631104,-85.7921915631104,-83.9393884858252,-3.61065134660209,-80.3287371392231
140.6,-87.582556061406,-87.582556061406,-83.8150512914371,-3.56389030602503,-80.251160985412
140.7,-86.2397826876843,-86.2397826876843,-83.6910822228676,-3.51773485953799,-80.1733473633296
140.8,-85.6294311541744,-85.6294311541744,-83.5674776995507,-3.47217716429685,-80.0953005352538
140.9,-86.4839233010882,-86.4839233010882,-83.4442341911199,-3.42720947902132,-80.0170247120986
141,-85.2632202340685,-85.2632202340685,-83.3213482166916,-3.38282416268015,-79.9385240540114
141.1,-85.3446004385365,-85.3446004385365,-83.1988163441569,-3.33901367319322,-79.8598026709637
141.2,-86.5246134033222,-86.5246134033222,-83.076635189485,-3.29577056615048,-79.7808646233345
141.3,-86.4025430966203,-86.4025430966203,-82.9548014160347,-3.25308749354745,-79.7017139224872
141.4,-85.4666707452385,-85.4666707452385,-82.8333117338769,-3.21095720253702,-79.6223545313399
141.5,-84.5307983938567,-84.5307983938567,-82.7121628991262,-3.16937253419746,-79.5427903649287
141.6,-83.6356161447089,-83.6356161447089,-82.5913517132814,-3.12832642231633,-79.463025290965
141.7,-85.0190796206646,-85.0190796206646,-82.4708750225761,-3.08781189219008,-79.383063130386
141.8,-85.6294311541744,-85.6294311541744,-82.350729717338,-3.04782205943933,-79.3029076578987
141.9,-84.4494181893887,-84.4494181893887,-82.2309127313575,-3.00835012883922,-79.2225626025183
142,-84.3273478826867,-84.3273478826867,-82.1114210412643,-2.96938939316512,-79.1420316480991
142.1,-85.3852905407705,-85.3852905407705,-81.9922516659142,-2.93093323205319,-79.061318433861
142.2,-84.5714884960907,-84.5714884960907,-81.8734016657837,-2.89297511087565,-78.980426554908
142.3,-83.7169963491769,-83.7169963491769,-81.7548681423729,-2.85550857963066,-78.8993595627422
142.4,-85.5073608474725,-85.5073608474725,-81.6366482376175,-2.81852727184654,-78.818120965771
142.5,-85.1004598251325,-85.1004598251325,-81.5187391333087,-2.7820249035001,-78.7367142298086
142.6,-83.8797567581128,-83.8797567581128,-81.4011380505212,-2.74599527194915,-78.655142778572
142.7,-82.0487021575833,-82.0487021575833,-81.2838422490496,-2.71043225487858,-78.573409994171
142.8,-79.119014796736,-79.119014796736,-81.1668490268528,-2.67532980926034,-78.4915192175925
142.9,-80.4210980682236,-80.4210980682236,-81.0501557195056,-2.64068197032664,-78.409473749179
143,-82.7811239977951,-82.7811239977951,-80.9337596996588,-2.60648285055656,-78.3272768491022
143.1,-81.1128298062015,-81.1128298062015,-80.8176583765063,-2.57272663867584,-78.2449317378304
143.2,-81.4383506240734,-81.4383506240734,-80.7018491952604,-2.53940759866943,-78.162441596591
143.3,-82.0487021575833,-82.0487021575833,-80.5863296366343,-2.50652006880703,-78.0798095678272
143.4,-80.4210980682237,-80.4210980682237,-80.471097216331,-2.47405846068106,-77.99703875565
143.5,-79.7293663302458,-79.7293663302458,-80.3561494845413,-2.44201725825722,-77.9141322262841
143.6,-80.2583376592877,-80.2583376592877,-80.2414840254468,-2.41039101693723,-77.8310930085096
143.7,-80.5838584771596,-80.5838584771596,-80.1270984567317,-2.37917436263381,-77.7479240940979
143.8,-79.5666059213098,-79.5666059213098,-80.0129904291004,-2.34836199085759,-77.6646284382428
143.9,-78.4679731609921,-78.4679731609921,-79.8991576258025,-2.31794866581575,-77.5812089599867
144,-80.5024782726916,-80.5024782726916,-79.785597762164,-2.28792921952251,-77.4976685426415
144.1,-79.5666059213099,-79.5666059213099,-79.672308585126,-2.25829855092096,-77.414010034205
144.2,-78.834184081098,-78.834184081098,-79.5592878727887,-2.22905162501637,-77.3302362477723
144.3,-80.2583376592877,-80.2583376592877,-79.4465334339634,-2.2001834720207,-77.2463499619427
144.4,-79.5259158190759,-79.5259158190759,-79.3340431077294,-2.17168918650815,-77.1623539212213
144.5,-77.5321008096103,-77.5321008096103,-79.221814762998,-2.14356392658165,-77.0782508364163
144.6,-77.0845096850364,-77.0845096850364,-79.1098462980824,-2.11580291305019,-76.9940433850323
144.7,-77.2879601962064,-77.2879601962064,-78.9981356402742,-2.08840142861673,-76.9097342116575
144.8,-78.4272830587581,-78.4272830587581,-78.886680745425,-2.06135481707673,-76.8253259283482
144.9,-77.3693404006744,-77.3693404006744,-78.7754795975346,-2.03465848252689,-76.7408211150077
145,-75.1720748800389,-75.1720748800389,-78.664530208345,-2.00830788858431,-76.6562223197607
145.1,-76.3113977425906,-76.3113977425906,-78.5538306169402,-1.98229855761567,-76.5715320593246
145.2,-75.6196660046128,-75.6196660046128,-78.4433788893512,-1.95662606997636,-76.4867528193748
145.3,-75.9858769247187,-75.9858769247187,-78.333173118167,-1.93128606325958,-76.4018870549075
145.4,-76.5148482537606,-76.5148482537606,-78.2232114221516,-1.90627423155504,-76.3169371905965
145.5,-76.5555383559946,-76.5555383559946,-78.113491945865,-1.8815863247173,-76.2319056211477
145.6,-76.7182987649305,-76.7182987649305,-78.0040128592917,-1.85721814764364,-76.146794711648
145.7,-75.4975956979108,-75.4975956979108,-77.8947723574721,-1.83316555956117,-76.0616067979109
145.8,-75.2127649822729,-75.2127649822729,-77.7857686601414,-1.80942447332331,-75.9763441868181
145.9,-76.9217492761004,-76.9217492761004,-77.6770000113719,-1.78599085471523,-75.8910091566567
146,-77.3286502984404,-77.3286502984404,-77.5684646792214,-1.76286072176841,-75.805603957453
146.1,-75.9858769247187,-75.9858769247187,-77.4601609553863,-1.74003014408398,-75.7201308113024
146.2,-76.3113977425906,-76.3113977425906,-77.3520871548594,-1.7174952421649,-75.6345919126945
146.3,-74.602413448763,-74.602413448763,-77.244241615593,-1.69525218675676,-75.5489894288363
146.4,-73.2189499728073,-73.2189499728073,-77.1366226981668,-1.67329719819706,-75.4633254999697
146.5,-74.1141322219551,-74.1141322219551,-77.0292287854598,-1.65162654577302,-75.3776022396867
146.6,-73.6258509951472,-73.6258509951472,-76.9220582823279,-1.63023654708763,-75.2918217352402
146.7,-72.6492885415314,-72.6492885415314,-76.8151096152854,-1.6091235674339,-75.2059860478515
146.8,-73.5037806884453,-73.5037806884453,-76.7083812321915,-1.58828401917731,-75.1200972130142
146.9,-73.5444707906792,-73.5444707906792,-76.6018716019407,-1.56771436114616,-75.0341572407946
147,-73.3817103817433,-73.3817103817433,-76.4955792141582,-1.5474110980298,-74.9481681161284
147.1,-75.0093144711029,-75.0093144711029,-76.3895025788992,-1.5273707797848,-74.8621317991144
147.2,-75.6196660046128,-75.6196660046128,-76.2836402263529,-1.5075900010486,-74.7760502253043
147.3,-74.8872441644009,-74.8872441644009,-76.1779907065505,-1.48806540056097,-74.6899253059896
147.4,-74.2768926308911,-74.2768926308911,-76.0725525890773,-1.46879366059274,-74.6037589284845
147.5,-74.317582733125,-74.317582733125,-75.9673244627888,-1.44977150638214,-74.5175529564067
147.6,-73.5851608929132,-73.5851608929132,-75.8623049355317,-1.4309957055783,-74.4313092299534
147.7,-73.5851608929132,-73.5851608929132,-75.7574926338676,-1.41246306769198,-74.3450295661756
147.8,-73.2596400750413,-73.2596400750413,-75.6528862028016,-1.39417044355349,-74.2587157592481
147.9,-75.2127649822729,-75.2127649822729,-75.5484843055146,-1.37611472477751,-74.1723695807371
148,-75.6196660046128,-75.6196660046128,-75.444285623099,-1.35829284323494,-74.0859927798641
148.1,-73.5851608929132,-73.5851608929132,-75.3402888542988,-1.34070177053153,-73.9995870837673
148.2,-73.7072311996152,-73.7072311996152,-75.2364927152529,-1.3233385174933,-73.9131541977596
148.3,-73.8699916085511,-73.8699916085511,-75.1328959392424,-1.30620013365861,-73.8266958055838
148.4,-74.765173857699,-74.765173857699,-75.0294972764416,-1.28928370677678,-73.7402135696649
148.5,-74.8058639599329,-74.8058639599329,-74.926295493672,-1.27258636231327,-73.6537091313588
148.6,-74.2768926308911,-74.2768926308911,-74.8232893741604,-1.25610526296119,-73.5671841111993
148.7,-73.9513718130192,-73.9513718130192,-74.7204777173004,-1.23983760815918,-73.4806401091412
148.8,-72.6899786437654,-72.6899786437654,-74.617859338417,-1.22378063361555,-73.3940787048014
148.9,-73.1782598705733,-73.1782598705733,-74.5154330685348,-1.20793161083855,-73.3075014576963
149,-73.0561895638714,-73.0561895638714,-74.4131977541498,-1.19228784667269,-73.2209099074771
149.1,-74.398962937593,-74.398962937593,-74.3111522570035,-1.17684668284118,-73.1343055741623
149.2,-73.8699916085512,-73.8699916085512,-74.2092954538616,-1.16160549549417,-73.0476899583674
149.3,-74.2768926308911,-74.2768926308911,-74.107626236295,-1.14656169476291,-72.961064541532
149.4,-74.561723346529,-74.561723346529,-74.0061435104638,-1.13171272431968,-72.8744307861441
149.5,-73.5444707906792,-73.5444707906792,-73.9048461969052,-1.11705606094337,-72.7877901359618
149.6,-73.0154994616374,-73.0154994616374,-73.8037332303237,-1.10258921409077,-72.7011440162329
149.7,-73.7886114040832,-73.7886114040832,-73.7028035593846,-1.08830972547332,-72.6144938339113
149.8,-72.9748093594034,-72.9748093594034,-73.6020561465108,-1.07421516863944,-72.5278409778713
149.9,-74.3582728353591,-74.3582728353591,-73.5014899676816,-1.06030314856214,-72.4411868191194
150,-74.9279342666349,-74.9279342666349,-73.4011040122355,-1.04657130123212,-72.3545327110034
150.1,-74.2768926308911,-74.2768926308911,-73.3008972826753,-1.03301729325602,-72.2678799894193
150.2,-75.0906946755709,-75.0906946755709,-73.2008687944755,-1.01963882145993,-72.1812299730156
150.3,-73.6665410973812,-73.6665410973812,-73.1010175758938,-1.00643361249805,-72.0945839633957
150.4,-70.6554735320659,-70.6554735320659,-73.0013426677837,-0.993399422466322,-72.0079432453174
150.5,-71.2251349633418,-71.2251349633418,-72.9018431234113,-0.980534036521215,-71.9213090868901
150.6,-71.5099656789797,-71.5099656789797,-72.8025180082736,-0.967835268503317,-71.8346827397703
150.7,-70.6961636342999,-70.6961636342999,-72.70336639992,-0.955300960565864,-71.7480654393541
150.8,-72.4865281325955,-72.4865281325955,-72.6043873877764,-0.94292898280808,-71.6614584049683
150.9,-72.1203172124896,-72.1203172124896,-72.5055800729714,-0.930717232913233,-71.5748628400582
151,-71.5913458834477,-71.5913458834477,-72.4069435681655,-0.91866363579141,-71.4882799323741
151.1,-72.2423875191916,-72.2423875191916,-72.3084769973826,-0.906766143226904,-71.4017108541557
151.2,-72.9341192571694,-72.9341192571694,-72.2101794958436,-0.89502273353017,-71.3151567623134
151.3,-72.4865281325955,-72.4865281325955,-72.1120502098028,-0.883431411194298,-71.2286187986085
151.4,-71.2658250655758,-71.2658250655758,-72.0140882963869,-0.871990206555907,-71.142098089831
151.5,-72.1610073147236,-72.1610073147236,-71.9162929234354,-0.860697175460466,-71.055595747975
151.6,-73.8293015063172,-73.8293015063172,-71.8186632693443,-0.849550398931923,-70.9691128704124
151.7,-70.9403042477038,-70.9403042477038,-71.7211985229113,-0.838547982846626,-70.8826505400647
151.8,-71.3472052700438,-71.3472052700438,-71.6238978831841,-0.827688057611471,-70.7962098255726
151.9,-70.8182339410019,-70.8182339410019,-71.5267605593097,-0.816968777846195,-70.7097917814635
152,-69.4347704650462,-69.4347704650462,-71.429785770387,-0.806388322069808,-70.6233974483172
152.1,-70.8589240432359,-70.8589240432359,-71.3329727453211,-0.795944892391078,-70.53702785293
152.2,-72.8934291549354,-72.8934291549354,-71.2363207226793,-0.785636714203018,-70.4506840084763
152.3,-72.9748093594034,-72.9748093594034,-71.1398289505502,-0.775462035881346,-70.3643669146688
152.4,-70.6554735320659,-70.6554735320659,-71.0434966864033,-0.765419128486826,-70.2780775579165
152.5,-69.2313199538763,-69.2313199538763,-70.9473231969527,-0.755506285471484,-70.1918169114812
152.6,-70.8996141454699,-70.8996141454699,-70.8513077580205,-0.745721822388622,-70.1055859356319
152.7,-71.1030646566398,-71.1030646566398,-70.7554496544042,-0.736064076606584,-70.0193855777976
152.8,-69.3533902605782,-69.3533902605782,-70.6597481797445,-0.726531407026243,-69.9332167727183
152.9,-68.4582080114304,-68.4582080114304,-70.5642026363961,-0.717122193802121,-69.8470804425939
153,-68.9464892382383,-68.9464892382383,-70.4688123352994,-0.707834838067146,-69.7609774972323
153.1,-70.0044318963221,-70.0044318963221,-70.3735765958553,-0.69866776166096,-69.6749088341943
153.2,-70.207882407492,-70.207882407492,-70.2784947458002,-0.68961940686175,-69.5888753389385
153.3,-69.8416714873861,-69.8416714873861,-70.1835661210847,-0.680688236121558,-69.5028778849632
153.4,-68.4175179091964,-68.4175179091964,-70.0887900657523,-0.671872731804999,-69.4169173339473
153.5,-69.6382209762162,-69.6382209762162,-69.9941659318209,-0.663171395931384,-69.3309945358895
153.6,-69.8009813851521,-69.8009813851521,-69.8996930791657,-0.654582749920173,-69.2451103292455
153.7,-68.4988981136644,-68.4988981136644,-69.8053708754042,-0.646105334339733,-69.1592655410645
153.8,-68.6209684203664,-68.6209684203664,-69.711198695782,-0.63773770865933,-69.0734609871227
153.9,-69.2720100561102,-69.2720100561102,-69.6171759230612,-0.629478451004358,-68.9876974720568
154,-70.411332918662,-70.411332918662,-69.5233019474097,-0.621326157914717,-68.901975789495
154.1,-69.1906298516423,-69.1906298516423,-69.4295761662929,-0.613279444106334,-68.8162967221866
154.2,-69.0278694427063,-69.0278694427063,-69.335997984366,-0.605336942235775,-68.7306610421302
154.3,-67.5223356600487,-67.5223356600487,-69.2425668133684,-0.597497302667881,-68.6450695107006
154.4,-68.1733772957925,-68.1733772957925,-69.1492820720203,-0.589759193246444,-68.5595228787738
154.5,-68.8244189315364,-68.8244189315364,-69.0561431859192,-0.582121299067835,-68.4740218868513
154.6,-70.248572509726,-70.248572509726,-68.9631495874393,-0.574582322257567,-68.3885672651817
154.7,-70.167192305258,-70.167192305258,-68.870300715632,-0.567140981749761,-68.3031597338823
154.8,-70.0044318963221,-70.0044318963221,-68.7775960161276,-0.559796013069446,-68.2178000030582
154.9,-70.1265022030241,-70.1265022030241,-68.6850349410384,-0.552546168117704,-68.1324887729207
155,-70.6554735320659,-70.6554735320659,-68.5926169488637,-0.545390214959581,-68.0472267339041
155.1,-69.5975308739822,-69.5975308739822,-68.5003415043957,-0.538326937614747,-67.9620145667809
155.2,-67.0747445354748,-67.0747445354748,-68.408208078627,-0.531355135850883,-67.8768529427761
155.3,-68.5802783181324,-68.5802783181324,-68.3162161486596,-0.524473624979711,-67.7917425236799
155.4,-67.8478564779206,-67.8478564779206,-68.2243651976146,-0.5176812356557,-67.7066839619589
155.5,-66.7085336153689,-66.7085336153689,-68.1326547145441,-0.510976813677359,-67.6216779008668
155.6,-67.2375049444107,-67.2375049444107,-68.0410841943438,-0.504359219791106,-67.5367249745527
155.7,-64.9588592193073,-64.9588592193073,-67.9496531376669,-0.497827329497689,-67.4518258081692
155.8,-67.1561247399428,-67.1561247399428,-67.8583610508395,-0.491380032861091,-67.3669810179784
155.9,-67.8071663756866,-67.8071663756866,-67.7672074457772,-0.485016234319935,-67.2821912114572
156,-66.6678435131349,-66.6678435131349,-67.6761918399027,-0.478734852501314,-67.1974569874014
156.1,-66.179562286327,-66.179562286327,-67.5853137560648,-0.472534820037039,-67.1127789360278
156.2,-66.098182081859,-66.098182081859,-67.4945727224588,-0.46641508338227,-67.0281576390765
156.3,-66.220252388561,-66.220252388561,-67.4039682725472,-0.460374602636484,-66.9435936699107
156.4,-67.1154346377087,-67.1154346377087,-67.3134999449828,-0.454412351366775,-66.859087593616
156.5,-68.2547575002605,-68.2547575002605,-67.2231672835319,-0.448527316433434,-66.7746399670985
156.6,-66.9933643310068,-66.9933643310068,-67.1329698369993,-0.44271849781779,-66.6902513391815
156.7,-66.3830127974969,-66.3830127974969,-67.042907159154,-0.436984908452291,-66.6059222507017
156.8,-66.016801877391,-66.016801877391,-66.952978808656,-0.431325574052757,-66.5216532346033
156.9,-65.5692107528171,-65.5692107528171,-66.8631843489845,-0.42573953295284,-66.4374448160317
157,-64.5926482992013,-64.5926482992013,-66.7735233483669,-0.420225835940606,-66.3532975124263
157.1,-67.4409554555807,-67.4409554555807,-66.6839953797086,-0.414783546097239,-66.2692118336114
157.2,-67.5630257622827,-67.5630257622827,-66.5946000205249,-0.40941173863784,-66.185188281887
157.3,-66.5050831041989,-66.5050831041989,-66.5053368528719,-0.404109500754274,-66.1012273521177
157.4,-65.1623097304772,-65.1623097304772,-66.4162054632811,-0.398875931460066,-66.017329531821
157.5,-64.8367889126053,-64.8367889126053,-66.3272054426921,-0.393710141437297,-65.9334953012548
157.6,-65.8133513662211,-65.8133513662211,-66.2383363863889,-0.38861125288549,-65.8497251335034
157.7,-66.5864633086669,-66.5864633086669,-66.1495978939349,-0.383578399372448,-65.7660194945624
157.8,-66.5050831041989,-66.5050831041989,-66.0609895691108,-0.378610725687021,-65.6823788434237
157.9,-65.5692107528171,-65.5692107528171,-65.9725110198518,-0.37370738769379,-65.598803632158
158,-65.2436899349452,-65.2436899349452,-65.8841618581869,-0.368867552189619,-65.5152943059973
158.1,-64.1450571746274,-64.1450571746274,-65.7959417001784,-0.364090396762078,-65.4318513034163
158.2,-66.179562286327,-66.179562286327,-65.7078501658626,-0.359375109649697,-65.3484750562129
158.3,-65.813351366221,-65.813351366221,-65.6198868791912,-0.354720889604018,-65.2651659895872
158.4,-64.3891977880314,-64.3891977880314,-65.5320514679739,-0.350126945753448,-65.1819245222204
158.5,-65.3657602416472,-65.3657602416472,-65.4443435638211,-0.345592497468869,-65.0987510663523
158.6,-67.5630257622826,-67.5630257622826,-65.3567628020889,-0.341116774230986,-65.0156460278579
158.7,-65.4471404461151,-65.4471404461151,-65.2693088218228,-0.336699015499403,-64.9326098063234
158.8,-63.9009165612235,-63.9009165612235,-65.1819812657043,-0.332338470583381,-64.849642795121
158.9,-65.1623097304772,-65.1623097304772,-65.0947797799971,-0.328034398514276,-64.7667453814828
159,-66.3830127974969,-66.3830127974969,-65.0077040144942,-0.323786067919636,-64.6839179465745
159.1,-65.6505909572851,-65.6505909572851,-64.9207536224662,-0.319592756898915,-64.6011608655672
159.2,-65.0402394237752,-65.0402394237752,-64.8339282606101,-0.315453752900809,-64.5184745077093
159.3,-66.7085336153689,-66.7085336153689,-64.7472275889989,-0.31136835260217,-64.4358592363968
159.4,-65.0402394237752,-65.0402394237752,-64.660651271032,-0.307335861788499,-64.3533154092435
159.5,-66.3830127974969,-66.3830127974969,-64.574198973386,-0.303355595235974,-64.2708433781501
159.6,-66.260942490795,-66.260942490795,-64.4878703659669,-0.299426876595021,-64.1884434893719
159.7,-65.2843800371792,-65.2843800371792,-64.4016651218623,-0.29554903827538,-64.1061160835869
159.8,-65.2029998327112,-65.2029998327112,-64.3155829172948,-0.291721421332663,-64.0238614959622
159.9,-64.7960988103713,-64.7960988103713,-64.229623431576,-0.287943375356387,-63.9416800562196
160,-64.5519581969673,-64.5519581969673,-64.1437863470607,-0.284214258359449,-63.8595720887013
160.1,-65.1623097304772,-65.1623097304772,-64.0580713491027,-0.280533436669036,-63.7775379124337
160.2,-65.0402394237752,-65.0402394237752,-63.9724781260105,-0.276900284818952,-63.6955778411916
160.3,-64.8774790148393,-64.8774790148393,-63.8870063690038,-0.273314185443328,-63.6136921835605
160.4,-64.7147186059033,-64.7147186059033,-63.8016557721709,-0.269774529171721,-63.5318812429992
160.5,-65.0402394237752,-65.0402394237752,-63.7164260324265,-0.266280714525566,-63.450145317901
160.6,-64.6333384014353,-64.6333384014353,-63.6313168494703,-0.262832147815966,-63.3684847016543
160.7,-64.3891977880314,-64.3891977880314,-63.5463279257461,-0.259428243042815,-63.2868996827033
160.8,-62.3953827785659,-62.3953827785659,-63.4614589664013,-0.256068421795213,-63.2053905446061
160.9,-62.2326223696299,-62.2326223696299,-63.3767096792476,-0.252752113153188,-63.1239575660944
161,-63.9416066634575,-63.9416066634575,-63.2920797747219,-0.249478753590675,-63.0426010211312
161.1,-64.2264373790954,-64.2264373790954,-63.2075689658473,-0.246247786879761,-62.9613211789676
161.2,-63.3719452321816,-63.3719452321816,-63.1231769681959,-0.243058663996172,-62.8801183041998
161.3,-63.2091848232457,-63.2091848232457,-63.038903499851,-0.239910843025971,-62.7989926568251
161.4,-64.3891977880314,-64.3891977880314,-62.9547482813703,-0.236803789073481,-62.7179444922969
161.5,-63.4533254366496,-63.4533254366496,-62.87071103575,-0.233736974170386,-62.6369740615796
161.6,-62.6802134942038,-62.6802134942038,-62.7867914883886,-0.23070987718602,-62.5560816112026
161.7,-63.9009165612235,-63.9009165612235,-62.7029893670523,-0.227721983738813,-62.4752673833135
161.8,-63.3719452321816,-63.3719452321816,-62.6193044018398,-0.224772786108882,-62.3945316157309
161.9,-61.540890631652,-61.540890631652,-62.5357363251486,-0.221861783151759,-62.3138745419968
162,-61.4595104271841,-61.4595104271841,-62.4522848716412,-0.21898848021323,-62.233296391428
162.1,-62.0291718584599,-62.0291718584599,-62.368949778212,-0.216152389045285,-62.1527973891667
162.2,-62.3546926763319,-62.3546926763319,-62.2857307839547,-0.213353027723152,-62.0723777562316
162.3,-62.5581431875018,-62.5581431875018,-62.2026276301303,-0.210589920563399,-61.9920377095669
162.4,-62.8836640053737,-62.8836640053737,-62.1196400601352,-0.207862598043112,-61.9117774620921
162.5,-63.0871145165437,-63.0871145165437,-62.0367678194702,-0.205170596720105,-61.8315972227501
162.6,-62.8836640053737,-62.8836640053737,-61.9540106557098,-0.20251345915417,-61.7514971965556
162.7,-62.1512421651619,-62.1512421651619,-61.871368318472,-0.199890733829351,-61.6714775846427
162.8,-61.581580733886,-61.581580733886,-61.7888405593885,-0.197301975077213,-61.5915385843113
162.9,-62.0698619606939,-62.0698619606939,-61.706427132075,-0.194746743001116,-61.5116803890739
163,-62.5174530852678,-62.5174530852678,-61.6241277921031,-0.192224603401461,-61.4319031887016
163.1,-62.1105520629279,-62.1105520629279,-61.5419422969708,-0.189735127701916,-61.3522071692689
163.2,-62.6802134942038,-62.6802134942038,-61.4598704060756,-0.187277892876581,-61.2725925131991
163.3,-61.703651040588,-61.703651040588,-61.377911880686,-0.184852481378112,-61.1930593993079
163.4,-60.5643281780363,-60.5643281780363,-61.2960664839146,-0.182458481066763,-61.1136080028478
163.5,-61.0119193026102,-61.0119193026102,-61.2143339806914,-0.180095485140359,-61.034238495551
163.6,-61.2967500182481,-61.2967500182481,-61.1327141377373,-0.177763092065165,-60.9549510456721
163.7,-61.3374401204821,-61.3374401204821,-61.0512067235383,-0.175460905507657,-60.8757458180307
163.8,-61.0119193026102,-61.0119193026102,-60.9698115083198,-0.173188534267175,-60.7966229740526
163.9,-60.4422578713343,-60.4422578713343,-60.888528264021,-0.170945592209448,-60.7175826718116
164,-60.4829479735683,-60.4829479735683,-60.8073567642709,-0.168731698200978,-60.6386250660699
164.1,-61.0119193026102,-61.0119193026102,-60.7262967843631,-0.166546476044279,-60.5597503083188
164.2,-60.9305390981422,-60.9305390981422,-60.6453481012321,-0.164389554413947,-60.4809585468181
164.3,-60.6050182802703,-60.6050182802703,-60.5645104934294,-0.162260566793568,-60.4022499266359
164.4,-59.3843152132506,-59.3843152132506,-60.4837837411005,-0.160159151413432,-60.3236245896871
164.5,-58.1229220439968,-58.1229220439968,-60.4031676259613,-0.15808495118906,-60.2450826747722
164.6,-59.0181042931446,-59.0181042931446,-60.3226619312758,-0.15603761366053,-60.1666243176153
164.7,-59.5470756221865,-59.5470756221865,-60.2422664418341,-0.154016790932582,-60.0882496509015
164.8,-59.6284558266545,-59.6284558266545,-60.1619809439296,-0.1520221396155,-60.0099588043141
164.9,-58.7332735775067,-58.7332735775067,-60.0818052253382,-0.150053320766765,-59.9317519045714
165,-58.4891329641028,-58.4891329641028,-60.0017390752963,-0.148109999833458,-59.8536290754628
165.1,-57.9194715328269,-57.9194715328269,-59.9217822844804,-0.146191846595411,-59.775590437885
165.2,-59.0587943953786,-59.0587943953786,-59.8419346449859,-0.144298535109094,-59.6976361098768
165.3,-58.9774141909106,-58.9774141909106,-59.7621959503073,-0.142429743652229,-59.6197662066551
165.4,-57.512570510487,-57.512570510487,-59.6825659953175,-0.140585154669122,-59.5419808406484
165.5,-58.5705131685708,-58.5705131685708,-59.6030445762486,-0.1387644547167,-59.4642801215319
165.6,-57.8380913283589,-57.8380913283589,-59.5236314906722,-0.13696733441125,-59.3866641562609
165.7,-57.9194715328269,-57.9194715328269,-59.4443265374801,-0.135193488375849,-59.3091330491043
165.8,-57.431190306019,-57.431190306019,-59.365129516866,-0.133442615188469,-59.2316869016776
165.9,-56.3325575457013,-56.3325575457013,-59.2860402303063,-0.131714417330761,-59.1543258129756
166,-56.1291070345313,-56.1291070345313,-59.2070584805421,-0.130008601137493,-59.0770498794046
166.1,-55.6815159099574,-55.6815159099574,-59.1281840715612,-0.128324876746658,-58.9998591948145
166.2,-57.268429897083,-57.268429897083,-59.0494168085803,-0.126662958050212,-58.9227538505301
166.3,-56.2511773412333,-56.2511773412333,-58.9707564980276,-0.125022562645458,-58.8457339353821
166.4,-56.3732476479353,-56.3732476479353,-58.8922029475255,-0.12340341178706,-58.7687995357384
166.5,-56.9022189769771,-56.9022189769771,-58.8137559658737,-0.121805230339677,-58.6919507355341
166.6,-57.1870496926151,-57.1870496926151,-58.7354153630327,-0.120227746731209,-58.6151876163015
166.7,-56.1697971367653,-56.1697971367653,-58.6571809501071,-0.118670692906652,-58.5385102572004
166.8,-56.2511773412333,-56.2511773412333,-58.5790525393294,-0.117133804282545,-58.4619187350469
166.9,-55.3153049898515,-55.3153049898515,-58.5010299440445,-0.115616819702015,-58.3854131243425
167,-54.4201227407037,-54.4201227407037,-58.4231129786936,-0.114119481390396,-58.3089934973032
167.1,-54.7863336608096,-54.7863336608096,-58.3453014587989,-0.112641534911429,-58.2326599238875
167.2,-55.3966851943195,-55.3966851943195,-58.2675952009483,-0.111182729124026,-58.1564124718243
167.3,-55.0711643764475,-55.0711643764475,-58.1899940227808,-0.109742816139593,-58.0802512066412
167.4,-55.3966851943195,-55.3966851943195,-58.112497742971,-0.10832155127991,-58.0041761916911
167.5,-54.0539118205978,-54.0539118205978,-58.0351061812156,-0.106918693035552,-57.9281874881801
167.6,-54.2573623317677,-54.2573623317677,-57.9578191582182,-0.105534003024851,-57.8522851551934
167.7,-55.6408258077234,-55.6408258077234,-57.8806364956757,-0.104167245953389,-57.7764692497223
167.8,-54.9897841719796,-54.9897841719796,-57.8035580162643,-0.102818189574016,-57.7007398266903
167.9,-54.1759821272998,-54.1759821272998,-57.7265835436259,-0.101486604647382,-57.6250969389785
168,-55.2746148876175,-55.2746148876175,-57.6497129023546,-0.100172264902989,-57.5495406374516
168.1,-54.6642633541076,-54.6642633541076,-57.5729459179835,-0.098874947000736,-57.4740709709828
168.2,-52.995969162514,-52.995969162514,-57.496282416972,-0.0975944304929725,-57.398687986479
168.3,-54.1759821272998,-54.1759821272998,-57.4197222266921,-0.0963304977870354,-57.3233917289051
168.4,-53.321489980386,-53.321489980386,-57.3432651754168,-0.095082934108276,-57.2481822413085
168.5,-53.15872957145,-53.15872957145,-57.266911092307,-0.093851527463564,-57.1730595648434
168.6,-52.2228572200682,-52.2228572200682,-57.1906598073994,-0.0926360686052644,-57.0980237387942
168.7,-50.9614640508145,-50.9614640508145,-57.1145111515947,-0.0914363509956814,-57.023074800599
168.8,-51.5311254820904,-51.5311254820904,-57.0384649566454,-0.0902521707719613,-56.9482127858734
168.9,-52.9145889580461,-52.9145889580461,-56.9625210551442,-0.0890833267114518,-56.8734377284327
169,-52.5483780379401,-52.5483780379401,-56.8866792805127,-0.0879296201975088,-56.7987496603151
169.1,-51.4904353798564,-51.4904353798564,-56.8109394669897,-0.086790855185746,-56.7241486118039
169.2,-51.1242244597505,-51.1242244597505,-56.7353014496204,-0.0856668381707234,-56.6496346114497
169.3,-51.2869848686864,-51.2869848686864,-56.6597650642454,-0.0845573781530637,-56.5752076860924
169.4,-51.2056046642185,-51.2056046642185,-56.5843301474896,-0.0834622866069977,-56.5008678608826
169.5,-50.1069719039007,-50.1069719039007,-56.5089965367517,-0.082381377448329,-56.4266151593034
169.6,-50.1069719039007,-50.1069719039007,-56.433764070194,-0.0813144670028129,-56.3524496031912
169.7,-51.2462947664524,-51.2462947664524,-56.3586325867315,-0.0802613739749467,-56.2783712127565
169.8,-51.6938858910263,-51.6938858910263,-56.2836019260223,-0.079221919417161,-56.2043800066052
169.9,-51.5311254820904,-51.5311254820904,-56.2086719284575,-0.0781959266994136,-56.130476001758
170,-51.3276749709204,-51.3276749709204,-56.1338424351509,-0.0771832214791747,-56.0566592136717
170.1,-51.4904353798564,-51.4904353798564,-56.0591132879299,-0.0761836316718014,-55.9829296562581
170.2,-51.2056046642185,-51.2056046642185,-55.9844843293257,-0.0751969874212975,-55.9092873419044
170.3,-50.3918026195386,-50.3918026195386,-55.9099554025638,-0.0742231210714488,-55.8357322814923
170.4,-49.9035213927308,-49.9035213927308,-55.835526351555,-0.073261867137335,-55.7622644844177
170.5,-49.7000708815608,-49.7000708815608,-55.7611970208862,-0.0723130622772093,-55.688883958609
170.6,-50.5138729262406,-50.5138729262406,-55.6869672558112,-0.0713765452647424,-55.6155907105464
170.7,-51.8973364021963,-51.8973364021963,-55.6128369022423,-0.0704521569616266,-55.5423847452806
170.8,-53.118039469216,-53.118039469216,-55.5388058067413,-0.0695397402905333,-55.4692660664508
170.9,-52.7518285491101,-52.7518285491101,-55.4648738165112,-0.0686391402084216,-55.3962346763028
171,-52.95527906028,-52.95527906028,-55.3910407793874,-0.0677502036801931,-55.3232905757072
171.1,-51.6125056865584,-51.6125056865584,-55.3173065438299,-0.0668727796526865,-55.2504337641772
171.2,-52.5076879357062,-52.5076879357062,-55.2436709589149,-0.0660067190290111,-55.1776642398858
171.3,-53.280799878152,-53.280799878152,-55.1701338743264,-0.0651518746432097,-55.1049819996832
171.4,-53.7690811049599,-53.7690811049599,-55.0966951403493,-0.0643081012352524,-55.032387039114
171.5,-52.95527906028,-52.95527906028,-55.0233546078604,-0.0634752554263531,-54.9598793524341
171.6,-52.7518285491101,-52.7518285491101,-54.9501121283218,-0.0626531956946052,-54.8874589326272
171.7,-54.0946019228318,-54.0946019228318,-54.8769675537726,-0.0618417823509347,-54.8151257714216
171.8,-54.6642633541076,-54.6642633541076,-54.8039207368219,-0.0610408775153616,-54.7428798593065
171.9,-54.3794326384697,-54.3794326384697,-54.7309715306413,-0.0602503450935718,-54.6707211855478
172,-53.4028701848539,-53.4028701848539,-54.6581197889581,-0.059470050753791,-54.5986497382043
172.1,-52.8738988558121,-52.8738988558121,-54.5853653660474,-0.0586998619039578,-54.5266655041434
172.2,-53.8097712071938,-53.8097712071938,-54.5127081167261,-0.0579396476691938,-54.4547684690569
172.3,-54.4201227407037,-54.4201227407037,-54.4401478963454,-0.0571892788695636,-54.3829586174758
172.4,-53.4435602870879,-53.4435602870879,-54.3676845607842,-0.0564486279981244,-54.3112359327861
172.5,-53.8911514116618,-53.8911514116618,-54.2953179664426,-0.0557175691992591,-54.2396003972433
172.6,-53.9725316161298,-53.9725316161298,-54.2230479702352,-0.0549959782472899,-54.1680519919879
172.7,-54.5421930474057,-54.5421930474057,-54.1508744295849,-0.0542837325253704,-54.0965906970595
172.8,-55.0711643764475,-55.0711643764475,-54.078797202416,-0.0535807110046482,-54.0252164914114
172.9,-54.6235732518737,-54.6235732518737,-54.0068161471489,-0.0528867942236998,-53.9539293529252
173,-55.8035862166594,-55.8035862166594,-53.9349311226929,-0.0522018642682312,-53.8827292584246
173.1,-53.8911514116618,-53.8911514116618,-53.8631419884409,-0.0515258047510406,-53.8116161836899
173.2,-52.1007869133662,-52.1007869133662,-53.7914486042634,-0.0508585007922426,-53.7405901034712
173.3,-51.2869848686864,-51.2869848686864,-53.7198508305022,-0.0501998389997451,-53.6696509915025
173.4,-52.995969162514,-52.995969162514,-53.6483485279652,-0.0495497074499826,-53.5987988205152
173.5,-52.9145889580461,-52.9145889580461,-53.5769415579201,-0.048907995668897,-53.5280335622512
173.6,-52.4669978334722,-52.4669978334722,-53.5056297820895,-0.0482745946131651,-53.4573551874764
173.7,-54.5828831496397,-54.5828831496397,-53.434413062645,-0.0476493966516701,-53.3867636659933
173.8,-55.2339247853835,-55.2339247853835,-53.3632912622018,-0.0470322955472113,-53.3162589666546
173.9,-53.4435602870879,-53.4435602870879,-53.2922642438135,-0.0464231864384519,-53.245841057375
174,-52.5483780379401,-52.5483780379401,-53.2213318709668,-0.045821965822101,-53.1755099051447
174.1,-53.7690811049599,-53.7690811049599,-53.1504940075765,-0.0452285315353247,-53.1052654760412
174.2,-53.8911514116618,-53.8911514116618,-53.0797505179802,-0.0446427827383875,-53.0351077352418
174.3,-53.4842503893219,-53.4842503893219,-53.0091012669334,-0.0440646198975153,-52.9650366470359
174.4,-53.199419673684,-53.199419673684,-52.9385461196047,-0.0434939447679832,-52.8950521748367
174.5,-52.3449275267702,-52.3449275267702,-52.8680849415707,-0.0429306603774209,-52.8251542811932
174.6,-53.077349366982,-53.077349366982,-52.7977175988115,-0.0423746710093345,-52.7553429278021
174.7,-52.914588958046,-52.914588958046,-52.727443957706,-0.0418258821868421,-52.6856180755192
174.8,-54.1759821272998,-54.1759821272998,-52.6572638850272,-0.0412842006566194,-52.6159796843706
174.9,-54.9490940697456,-54.9490940697456,-52.5871772479377,-0.0407495343730536,-52.5464277135646
175,-54.0132217183638,-54.0132217183638,-52.517183913985,-0.0402217924826027,-52.4769621215024
175.1,-52.5890681401741,-52.5890681401741,-52.4472837510976,-0.0397008853083569,-52.4075828657893
175.2,-52.6704483446421,-52.6704483446421,-52.3774766275804,-0.0391867243348009,-52.3382899032456
175.3,-54.2980524340017,-54.2980524340017,-52.3077624121103,-0.0386792221927715,-52.2690831899176
175.4,-54.8677138652776,-54.8677138652776,-52.2381409737323,-0.0381782926446125,-52.1999626810877
175.5,-54.2980524340017,-54.2980524340017,-52.1686121818553,-0.0376838505695203,-52.1309283312857
175.6,-53.077349366982,-53.077349366982,-52.0991759062477,-0.0371958119490794,-52.0619800942986
175.7,-52.6704483446421,-52.6704483446421,-52.0298320170341,-0.0367140938529864,-51.9931179231811
175.8,-53.118039469216,-53.118039469216,-51.9605803846909,-0.036238614424957,-51.9243417702659
175.9,-52.7518285491101,-52.7518285491101,-51.8914208800423,-0.0357692928688168,-51.8556515871734
176,-55.0711643764475,-55.0711643764475,-51.8223533742569,-0.0353060494347725,-51.7870473248221
176.1,-53.5656305937899,-53.5656305937899,-51.7533777388437,-0.0348488054058595,-51.7185289334379
176.2,-52.1414770156002,-52.1414770156002,-51.6844938456488,-0.0343974830845668,-51.6500963625642
176.3,-52.995969162514,-52.995969162514,-51.615701566851,-0.0339520057796333,-51.5817495610714
176.4,-53.8504613094278,-53.8504613094278,-51.5470007749592,-0.0335122977930166,-51.5134884771661
176.5,-52.8332087535781,-52.8332087535781,-51.4783913428079,-0.0330782844070297,-51.4453130584009
176.6,-53.9318415138958,-53.9318415138958,-51.4098731435547,-0.0326498918716444,-51.3772232516831
176.7,-54.2573623317677,-54.2573623317677,-51.3414460506764,-0.0322270473919599,-51.3092190032844
176.8,-53.8911514116618,-53.8911514116618,-51.2731099379654,-0.0318096791158324,-51.2413002588496
176.9,-54.1352920250658,-54.1352920250658,-51.2048646795271,-0.0313977161216656,-51.1734669634054
177,-55.1525445809155,-55.1525445809155,-51.1367101497761,-0.0309910884063598,-51.1057190613697
177.1,-53.8504613094278,-53.8504613094278,-51.0686462234332,-0.0305897268734162,-51.0380564965598
177.2,-51.7752660954943,-51.7752660954943,-51.0006727755225,-0.0301935633211959,-50.9704792122013
177.3,-51.5311254820904,-51.5311254820904,-50.9327896813679,-0.0298025304313302,-50.9029871509366
177.4,-52.0194067088983,-52.0194067088983,-50.8649968165903,-0.029416561757282,-50.835580254833
177.5,-53.036659264748,-53.036659264748,-50.7972940571045,-0.0290355917130545,-50.7682584653915
177.6,-53.118039469216,-53.118039469216,-50.7296812791165,-0.0286595555620464,-50.7010217235545
177.7,-53.7690811049599,-53.7690811049599,-50.6621583591205,-0.0282883894060523,-50.6338699697144
177.8,-52.5076879357062,-52.5076879357062,-50.5947251738957,-0.0279220301744035,-50.5668031437213
177.9,-51.2869848686864,-51.2869848686864,-50.5273816005042,-0.0275604156132513,-50.4998211848909
178,-50.5952531307086,-50.5952531307086,-50.4601275162875,-0.0272034842749888,-50.4329240320126
178.1,-52.3449275267702,-52.3449275267702,-50.3929627988645,-0.0268511755078086,-50.3661116233567
178.2,-54.5828831496397,-54.5828831496397,-50.3258873261281,-0.0265034294453974,-50.2993838966827
178.3,-54.3794326384697,-54.3794326384697,-50.2589009762434,-0.0261601869967623,-50.2327407892466
178.4,-51.8566462999623,-51.8566462999623,-50.1920036276443,-0.0258213898361903,-50.1661822378081
178.5,-52.2228572200682,-52.2228572200682,-50.1251951590315,-0.0254869803933371,-50.0997081786382
178.6,-51.0428442552825,-51.0428442552825,-50.0584754493699,-0.0251569018434443,-50.0333185475265
178.7,-52.2635473223022,-52.2635473223022,-49.9918443778861,-0.0248310980976835,-49.9670132797884
178.8,-51.0835343575165,-51.0835343575165,-49.9253018240658,-0.0245095137936256,-49.9007923102722
178.9,-49.8628312904968,-49.8628312904968,-49.8588476676518,-0.0241920942858328,-49.834655573366
179,-49.8628312904968,-49.8628312904968,-49.7924817886413,-0.0238787856365734,-49.7686030030047
179.1,-51.1242244597505,-51.1242244597505,-49.7262040672838,-0.023569534606656,-49.7026345326771
179.2,-51.8566462999623,-51.8566462999623,-49.6600143840788,-0.0232642886463834,-49.6367500954324
179.3,-53.240109775918,-53.240109775918,-49.5939126197735,-0.0229629958866223,-49.5709496238869
179.4,-52.1414770156002,-52.1414770156002,-49.5278986553608,-0.0226656051299899,-49.5052330502308
179.5,-49.9442114949647,-49.9442114949647,-49.4619723720769,-0.0223720658421539,-49.4396003062347
179.6,-50.3918026195387,-50.3918026195387,-49.3961336513991,-0.0220823281432456,-49.3740513232558
179.7,-51.5718155843244,-51.5718155843244,-49.3303823750442,-0.0217963427993841,-49.3085860322448
179.8,-51.7345759932603,-51.7345759932603,-49.2647184249661,-0.0215140612143099,-49.2432043637517
179.9,-51.5718155843244,-51.5718155843244,-49.1991416833535,-0.0212354354211272,-49.1779062479324
180,-50.1883521083687,-50.1883521083687,-49.1336520326286,-0.0209604180741534,-49.1126916145544
180.1,-49.2931698592209,-49.2931698592209,-49.0682493554444,-0.0206889624408736,-49.0475603930036
180.2,-49.7000708815608,-49.7000708815608,-49.0029335346836,-0.0204210223939994,-48.9825125122896
180.3,-51.3276749709204,-51.3276749709204,-48.9377044534558,-0.0201565524036313,-48.9175479010522
180.4,-50.3104224150707,-50.3104224150707,-48.8725619950963,-0.019895507529521,-48.8526664875668
180.5,-50.2697323128367,-50.2697323128367,-48.807506043164,-0.019637843413436,-48.7878681997506
180.6,-51.4497452776224,-51.4497452776224,-48.7425364814396,-0.019383516271621,-48.723152965168
180.7,-51.8566462999623,-51.8566462999623,-48.6776531939239,-0.019132482887359,-48.6585207110366
180.8,-51.0021541530485,-51.0021541530485,-48.6128560648361,-0.0188847006036264,-48.5939713642325
180.9,-49.9442114949647,-49.9442114949647,-48.5481449786119,-0.0186401273158455,-48.529504851296
181,-49.9035213927308,-49.9035213927308,-48.4835198199018,-0.0183987214647295,-48.465121098437
181.1,-49.4559302681569,-49.4559302681569,-48.4189804735697,-0.0181604420292202,-48.4008200315405
181.2,-51.0428442552825,-51.0428442552825,-48.3545268246911,-0.0179252485195181,-48.3366015761716
181.3,-49.6186906770928,-49.6186906770928,-48.2901587585515,-0.0176931009702016,-48.2724656575813
181.4,-49.7000708815608,-49.7000708815608,-48.2258761606448,-0.0174639599334361,-48.2084122007114
181.5,-48.4793678145411,-48.4793678145411,-48.1616789166716,-0.0172377864722708,-48.1444411301994
181.6,-48.642128223477,-48.642128223477,-48.0975669125381,-0.017014542154022,-48.0805523703841
181.7,-47.9910865877332,-47.9910865877332,-48.033540034354,-0.0167941890437431,-48.0167458453103
181.8,-48.3979876100731,-48.3979876100731,-47.9695981684316,-0.0165766896977777,-47.9530214787339
181.9,-45.9972715782677,-45.9972715782677,-47.905741201284,-0.0163620071573973,-47.8893791941266
182,-45.7938210670977,-45.7938210670977,-47.8419690196235,-0.0161501049425213,-47.8258189146809
182.1,-48.1945370989032,-48.1945370989032,-47.7782815103607,-0.0159409470455176,-47.7623405633151
182.2,-49.1304094502849,-49.1304094502849,-47.7146785606027,-0.0157344979250844,-47.6989440626776
182.3,-47.5841855653933,-47.5841855653933,-47.6511600576519,-0.0155307225002106,-47.6356293351516
182.4,-47.6248756676273,-47.6248756676273,-47.5877258890045,-0.0153295861442146,-47.5723963028603
182.5,-48.0317766899672,-48.0317766899672,-47.5243759423494,-0.0151310546788605,-47.5092448876706
182.6,-48.804888632413,-48.804888632413,-47.4611101055668,-0.0149350943685503,-47.4461750111983
182.7,-48.886268836881,-48.886268836881,-47.3979282667268,-0.0147416719145914,-47.3831865948122
182.8,-47.4214251564573,-47.4214251564573,-47.3348303140883,-0.0145507544495379,-47.3202795596388
182.9,-47.2586647475214,-47.2586647475214,-47.2718161360977,-0.0143623095316062,-47.2574538265661
183,-49.4559302681569,-49.4559302681569,-47.2088856213876,-0.0141763051391618,-47.1947093162484
183.1,-49.6186906770928,-49.6186906770928,-47.1460386587756,-0.0139927096652783,-47.1320459491103
183.2,-49.4152401659229,-49.4152401659229,-47.0832751372635,-0.0138114919123666,-47.0694636453512
183.3,-48.804888632413,-48.804888632413,-47.0205949460356,-0.0136326210868732,-47.0069623249487
183.4,-48.682818325711,-48.682818325711,-46.9579979744578,-0.0134560667940481,-46.9445419076637
183.5,-46.8110736229475,-46.8110736229475,-46.8954841120764,-0.0132817990327796,-46.8822023130436
183.6,-46.4041726006076,-46.4041726006076,-46.8330532486172,-0.0131097881904966,-46.8199434604267
183.7,-46.6076231117775,-46.6076231117775,-46.7707052739841,-0.0129400050381365,-46.757765268946
183.8,-47.6655657698613,-47.6655657698613,-46.7084400782584,-0.0127724207251784,-46.6956676575332
183.9,-48.2759173033712,-48.2759173033712,-46.6462575516972,-0.0126070067747408,-46.6336505449225
184,-47.9503964854992,-47.9503964854992,-46.5841575847331,-0.0124437350787425,-46.5717138496543
184.1,-48.4793678145411,-48.4793678145411,-46.5221400679723,-0.0122825778931264,-46.5098574900792
184.2,-47.7469459743293,-47.7469459743293,-46.4602048921945,-0.0121235078331452,-46.4480813843613
184.3,-46.6890033162455,-46.6890033162455,-46.3983519483512,-0.0119664978687077,-46.3863854504825
184.4,-47.6248756676273,-47.6248756676273,-46.3365811275651,-0.0118115213197858,-46.3247696062453
184.5,-48.3166074056051,-48.3166074056051,-46.274892321129,-0.0116585518518812,-46.2632337692771
184.6,-48.723508427945,-48.723508427945,-46.2132854205049,-0.0115075634715501,-46.2017778570333
184.7,-46.5669330095435,-46.5669330095435,-46.1517603173231,-0.0113585305219865,-46.1404017868011
184.8,-46.1600319872036,-46.1600319872036,-46.0903169033813,-0.0112114276786623,-46.0791054757027
184.9,-46.8924538274155,-46.8924538274155,-46.0289550706436,-0.0110662299450238,-46.0178888406986
185,-46.7296934184795,-46.7296934184795,-45.9676747112397,-0.0109229126482447,-45.9567517985914
185.1,-45.5089903514598,-45.5089903514598,-45.9064757174638,-0.0107814514350332,-45.8956942660288
185.2,-44.8986388179499,-44.8986388179499,-45.8453579817744,-0.0106418222674938,-45.8347161595069
185.3,-46.5262429073095,-46.5262429073095,-45.7843213967925,-0.0105040014190425,-45.7738173953735
185.4,-47.8690162810312,-47.8690162810312,-45.7233658553017,-0.0103679654703753,-45.7129978898313
185.5,-45.6310606581617,-45.6310606581617,-45.6624912502466,-0.0102336913054886,-45.6522575589412
185.6,-47.0145241341174,-47.0145241341174,-45.6016974747327,-0.0101011561077509,-45.591596318625
185.7,-45.4683002492258,-45.4683002492258,-45.5409844220251,-0.00997033735602623,-45.5310140846691
185.8,-45.3055398402898,-45.3055398402898,-45.4803519855478,-0.00984121282084671,-45.4705107727269
185.9,-46.6890033162455,-46.6890033162455,-45.4198000588831,-0.00971376056063543,-45.4100862983225
186,-44.7765685112479,-44.7765685112479,-45.3593285357709,-0.00958795891797796,-45.3497405768529
186.1,-45.3869200447578,-45.3869200447578,-45.2989373101076,-0.00946378651594221,-45.2894735235916
186.2,-46.3227923961396,-46.3227923961396,-45.2386262759458,-0.00934122225444602,-45.2292850536913
186.3,-46.3634824983736,-46.3634824983736,-45.1783953274933,-0.00922024530667154,-45.1691750821866
186.4,-47.2586647475214,-47.2586647475214,-45.1182443591124,-0.00910083511552635,-45.1091435239968
186.5,-46.6076231117775,-46.6076231117775,-45.0581732653194,-0.00898297139015025,-45.0491902939292
186.6,-47.3807350542233,-47.3807350542233,-44.9981819407837,-0.00886663410246727,-44.9893153066812
186.7,-47.7469459743293,-47.7469459743293,-44.9382702803273,-0.00875180348378254,-44.9295184768435
186.8,-46.4448627028416,-46.4448627028416,-44.878438178924,-0.00863846002142287,-44.8697997189026
186.9,-46.8110736229475,-46.8110736229475,-44.8186855316988,-0.0085265844554212,-44.8101589472434
187,-45.8345111693317,-45.8345111693317,-44.7590122339273,-0.00841615777524375,-44.7505960761521
187.1,-47.2179746452874,-47.2179746452874,-44.699418181035,-0.00830716121655967,-44.6911110198184
187.2,-47.9910865877332,-47.9910865877332,-44.6399032685966,-0.0081995762580526,-44.6317036923386
187.3,-47.2993548497554,-47.2993548497554,-44.5804673923358,-0.00809338461827322,-44.5723740077175
187.4,-47.9097063832652,-47.9097063832652,-44.5211104481239,-0.0079885682525329,-44.5131218798714
187.5,-46.2821022939056,-46.2821022939056,-44.4618323319801,-0.00788510934983743,-44.4539472226303
187.6,-46.9738340318834,-46.9738340318834,-44.4026329400703,-0.0077829903298604,-44.3948499497405
187.7,-46.5669330095435,-46.5669330095435,-44.3435121687069,-0.00768219383995602,-44.3358299748669
187.8,-46.8924538274155,-46.8924538274155,-44.2844699143478,-0.00758270275221026,-44.2768872115956
187.9,-45.8345111693317,-45.8345111693317,-44.2255060735962,-0.00748450016053047,-44.2180215734357
188,-47.6655657698613,-47.6655657698613,-44.1666205432001,-0.00738756937777261,-44.1592329738223
188.1,-48.2759173033711,-48.2759173033711,-44.1078132200514,-0.00729189393290563,-44.1005213261185
188.2,-47.5841855653933,-47.5841855653933,-44.0490840011857,-0.00719745756821274,-44.0418865436175
188.3,-45.8752012715657,-45.8752012715657,-43.9904327837815,-0.00710424423652863,-43.983328539545
188.4,-43.9627664665681,-43.9627664665681,-43.9318594651601,-0.00701223809851273,-43.9248472270616
188.5,-45.4276101469918,-45.4276101469918,-43.8733639427845,-0.00692142351995775,-43.8664425192645
188.6,-45.5089903514598,-45.5089903514598,-43.8149461142593,-0.00683178506913289,-43.8081143291902
188.7,-44.1255268755041,-44.1255268755041,-43.7566058773304,-0.0067433075141618,-43.7498625698162
188.8,-43.5558654442282,-43.5558654442282,-43.6983431298838,-0.00665597582043406,-43.6916871540633
188.9,-44.369667488908,-44.369667488908,-43.6401577699458,-0.00656977514805057,-43.6335879947977
189,-44.2882872844401,-44.2882872844401,-43.5820496956822,-0.00648469084930182,-43.5755650048329
189.1,-43.8000060576322,-43.8000060576322,-43.524018805398,-0.00640070846617884,-43.5176180969319
189.2,-42.3351623772085,-42.3351623772085,-43.4660649975369,-0.0063178137279165,-43.459747183809
189.3,-43.9627664665681,-43.9627664665681,-43.4081881706805,-0.00623599254856845,-43.401952178132
189.4,-44.69518830678,-44.69518830678,-43.3503882235485,-0.00615523102461358,-43.3442329925239
189.5,-46.4041726006076,-46.4041726006076,-43.2926650549977,-0.00607551543259348,-43.2865895395651
189.6,-47.0552142363514,-47.0552142363514,-43.2350185640219,-0.00599683222678042,-43.2290217317951
189.7,-44.2475971822061,-44.2475971822061,-43.1774486497513,-0.00591916803687569,-43.1715294817145
189.8,-42.9048238084844,-42.9048238084844,-43.1199552114522,-0.00584250966573752,-43.1141127017865
189.9,-41.5213603325287,-41.5213603325287,-43.0625381485265,-0.0057668440871386,-43.0567713044393
190,-44.49173779561,-44.49173779561,-43.0051973605111,-0.00569215844355258,-42.9995052020676
190.1,-43.4744852397603,-43.4744852397603,-42.9479327470782,-0.00561844004396925,-42.9423143070342
190.2,-42.3351623772085,-42.3351623772085,-42.8907442080339,-0.00554567636173808,-42.8851985316722
190.3,-45.1427794313539,-45.1427794313539,-42.8336316433188,-0.00547385503243946,-42.8281577882863
190.4,-47.2586647475214,-47.2586647475214,-42.7765949530067,-0.00540296385178381,-42.7711919891549
190.5,-46.1600319872036,-46.1600319872036,-42.719634037305,-0.0053329907735377,-42.7143010465314
190.6,-44.410357591142,-44.410357591142,-42.6627487965537,-0.00526392390747687,-42.6574848726463
190.7,-42.5793029906125,-42.5793029906125,-42.6059391312257,-0.00519575151736587,-42.6007433797084
190.8,-42.2130920705065,-42.2130920705065,-42.5492049419258,-0.00512846201896363,-42.5440764799068
190.9,-41.9689514571026,-41.9689514571026,-42.4925461293906,-0.00506204397805509,-42.4874840854125
191,-43.6779357509302,-43.6779357509302,-42.4359625944882,-0.00499648610850822,-42.4309661083797
191.1,-45.4683002492258,-45.4683002492258,-42.3794542382178,-0.00493177727035619,-42.3745224609474
191.2,-44.8986388179499,-44.8986388179499,-42.3230209617093,-0.00486790646790448,-42.3181530552414
191.3,-42.4979227861445,-42.4979227861445,-42.2666626662232,-0.00480486284786231,-42.2618578033753
191.4,-41.5620504347627,-41.5620504347627,-42.2103792531499,-0.00474263569749848,-42.2056366174524
191.5,-42.6606831950805,-42.6606831950805,-42.1541706240095,-0.00468121444282096,-42.1494894095667
191.6,-41.8468811504006,-41.8468811504006,-42.0980366804518,-0.0046205886467801,-42.093416091805
191.7,-41.3585999235927,-41.3585999235927,-42.0419773242554,-0.00456074800749515,-42.0374165762479
191.8,-40.6668681856149,-40.6668681856149,-41.985992457328,-0.00450168235650363,-41.9814907749714
191.9,-40.0158265498711,-40.0158265498711,-41.9300819817054,-0.00444338165703351,-41.9256386000484
192,-40.9110087990189,-40.9110087990189,-41.8742457995519,-0.00438583600229768,-41.8698599635496
192.1,-41.7248108436987,-41.7248108436987,-41.8184838131596,-0.00432903561381051,-41.8141547775458
192.2,-41.8875712526346,-41.8875712526346,-41.7627959249481,-0.00427297083972631,-41.7585229541083
192.3,-42.3351623772085,-42.3351623772085,-41.7071820374642,-0.00421763215319913,-41.702964405311
192.4,-40.7075582878489,-40.7075582878489,-41.6516420533818,-0.00416301015076399,-41.647479043231
192.5,-40.504107776679,-40.504107776679,-41.5961758755015,-0.00410909555073894,-41.5920667799508
192.6,-40.5447978789129,-40.5447978789129,-41.5407834067503,-0.00405587919164785,-41.5367275275587
192.7,-39.9751364476371,-39.9751364476371,-41.4854645501812,-0.00400335203066375,-41.4814611981506
192.8,-39.6089255275312,-39.6089255275312,-41.4302192089733,-0.00395150514207206,-41.4262677038312
192.9,-39.7716859364671,-39.7716859364671,-41.3750472864309,-0.003900329715754,-41.3711469567152
193,-40.6668681856149,-40.6668681856149,-41.319948685984,-0.00384981705568948,-41.3160988689284
193.1,-41.2772197191248,-41.2772197191248,-41.2649233111874,-0.0037999585784794,-41.261123352609
193.2,-40.463417674445,-40.463417674445,-41.2099710657208,-0.0037507458118872,-41.2062203199089
193.3,-40.8703186967849,-40.8703186967849,-41.1550918533883,-0.0037021703933991,-41.1513896829949
193.4,-40.382037469977,-40.382037469977,-41.1002855781183,-0.00365422406880317,-41.0966313540495
193.5,-41.2772197191248,-41.2772197191248,-41.0455521439632,-0.00360689869078666,-41.0419452452724
193.6,-41.5620504347627,-41.5620504347627,-40.9908914550992,-0.00356018621755164,-40.9873312688817
193.7,-41.9282613548686,-41.9282613548686,-40.936303415826,-0.00351407871144844,-40.9327893371146
193.8,-42.0096415593366,-42.0096415593366,-40.8817879305665,-0.00346856833762686,-40.8783193622289
193.9,-41.2772197191248,-41.2772197191248,-40.8273449038667,-0.00342364736270481,-40.823921256504
194,-41.1551494124228,-41.1551494124228,-40.7729742403953,-0.00337930815345421,-40.7695949322419
194.1,-42.9455139107184,-42.9455139107184,-40.7186758449436,-0.00333554317550394,-40.7153403017681
194.2,-41.2772197191248,-41.2772197191248,-40.6644496224251,-0.00329234499205954,-40.661157277433
194.3,-40.219277061041,-40.219277061041,-40.6102954778756,-0.00324970626263949,-40.607045771613
194.4,-41.6027405369967,-41.6027405369967,-40.5562133164525,-0.00320761974182786,-40.5530056967107
194.5,-42.4572326839105,-42.4572326839105,-40.502203043435,-0.00316607827804321,-40.499036965157
194.6,-42.1724019682726,-42.1724019682726,-40.4482645642237,-0.00312507481232323,-40.4451394894114
194.7,-41.4399801280607,-41.4399801280607,-40.3943977843403,-0.00308460237712538,-40.3913131819631
194.8,-40.9923890034868,-40.9923890034868,-40.3406026094274,-0.0030446540951428,-40.3375579553322
194.9,-40.9923890034868,-40.9923890034868,-40.2868789452485,-0.00300522317813576,-40.2838737220704
195,-40.463417674445,-40.463417674445,-40.2332266976877,-0.0029663029257781,-40.2302603947619
195.1,-42.0503316615706,-42.0503316615706,-40.1796457727491,-0.00292788672451874,-40.1767178860246
195.2,-43.1082743196543,-43.1082743196543,-40.1261360765572,-0.00288996804645784,-40.1232461085108
195.3,-42.8641337062504,-42.8641337062504,-40.0726975153565,-0.0028525404482375,-40.0698449749082
195.4,-41.7655009459327,-41.7655009459327,-40.0193299955108,-0.00281559756994695,-40.0165143979408
195.5,-40.219277061041,-40.219277061041,-39.9660334235037,-0.00277913313404175,-39.9632542903696
195.6,-39.2427146074252,-39.2427146074252,-39.9128077059381,-0.00274314094427714,-39.9100645649938
195.7,-39.4054750163612,-39.4054750163612,-39.8596527495359,-0.00270761488465514,-39.8569451346512
195.8,-40.6668681856149,-40.6668681856149,-39.806568461138,-0.00267254891838521,-39.8038959122196
195.9,-40.8703186967849,-40.8703186967849,-39.7535547477039,-0.00263793708685852,-39.750916810617
196,-41.2365296168908,-41.2365296168908,-39.7006115163118,-0.00260377350863541,-39.6980077428031
196.1,-40.7889384923169,-40.7889384923169,-39.647738674158,-0.00257005237844595,-39.6451686217796
196.2,-42.2537821727406,-42.2537821727406,-39.5949361285572,-0.00253676796620354,-39.592399360591
196.3,-42.2944722749745,-42.2944722749745,-39.5422037869419,-0.00250391461603116,-39.5396998723259
196.4,-41.6434306392307,-41.6434306392307,-39.4895415568624,-0.0024714867453003,-39.4870700701171
196.5,-40.463417674445,-40.463417674445,-39.4369493459865,-0.00243947884368237,-39.4345098671428
196.6,-39.1613344029573,-39.1613344029573,-39.3844270620997,-0.0024078854722123,-39.3820191766275
196.7,-41.6434306392307,-41.6434306392307,-39.3319746131044,-0.00237670126236438,-39.329597911842
196.8,-41.8875712526346,-41.8875712526346,-39.2795919070202,-0.00234592091513993,-39.277245986105
196.9,-40.504107776679,-40.504107776679,-39.2272788519836,-0.00231553920016694,-39.2249633127834
197,-38.1847719493415,-38.1847719493415,-39.1750353562477,-0.00228555095481125,-39.1727498052929
197.1,-39.7716859364671,-39.7716859364671,-39.1228613281823,-0.0022559510832993,-39.120605377099
197.2,-40.178586958807,-40.178586958807,-39.0707566762734,-0.00222673455585224,-39.0685299417176
197.3,-39.4054750163612,-39.4054750163612,-39.0187213091232,-0.00219789640783122,-39.0165234127154
197.4,-38.7951234828514,-38.7951234828514,-38.9667551354501,-0.00216943173889378,-38.9645857037112
197.5,-37.6151105180656,-37.6151105180656,-38.914858064088,-0.00214133571216113,-38.9127167283759
197.6,-37.6151105180656,-37.6151105180656,-38.8630300039868,-0.00211360355339631,-38.8609164004334
197.7,-37.8185610292356,-37.8185610292356,-38.8112708642119,-0.00208623055019285,-38.8091846336617
197.8,-37.0047589845558,-37.0047589845558,-38.7595805539438,-0.00205921205117404,-38.7575213418926
197.9,-37.2895897001937,-37.2895897001937,-38.7079589824784,-0.00203254346520256,-38.7059264390132
198,-38.1847719493415,-38.1847719493415,-38.6564060592266,-0.00200622026060028,-38.654399838966
198.1,-38.1440818471075,-38.1440818471075,-38.6049216937143,-0.00198023796437825,-38.6029414557499
198.2,-38.9985739940213,-38.9985739940213,-38.5535057955818,-0.00195459216147664,-38.5515512034203
198.3,-40.259967163275,-40.259967163275,-38.5021582745843,-0.00192927849401446,-38.5002289960902
198.4,-39.4461651185952,-39.4461651185952,-38.4508790405911,-0.00190429266054907,-38.4489747479305
198.5,-37.6558006202996,-37.6558006202996,-38.399668003586,-0.00187963041534524,-38.3977883731707
198.6,-36.5571678599819,-36.5571678599819,-38.3485250736668,-0.00185528756765372,-38.3466697860991
198.7,-36.8419985756198,-36.8419985756198,-38.2974501610452,-0.00183125998099911,-38.2956189010642
198.8,-38.6323630739154,-38.6323630739154,-38.2464431760468,-0.00180754357247694,-38.2446356324743
198.9,-37.6964907225336,-37.6964907225336,-38.1955040291107,-0.00178413431205992,-38.1937198947986
199,-37.4930402113636,-37.4930402113636,-38.1446326307896,-0.0017610282219131,-38.1428716025677
199.1,-36.23164704211,-36.23164704211,-38.0938288917495,-0.00173822137571795,-38.0920906703738
199.2,-35.82474601977,-35.82474601977,-38.0430927227696,-0.00171570989800521,-38.0413770128716
199.3,-37.6558006202996,-37.6558006202996,-37.9924240347423,-0.00169348996349628,-37.9907305447788
199.4,-39.0392640962553,-39.0392640962553,-37.9418227386726,-0.00167155779645326,-37.9401511808761
199.5,-38.7137432783834,-38.7137432783834,-37.8912887456785,-0.00164990967003733,-37.8896388360085
199.6,-38.1847719493415,-38.1847719493415,-37.8408219669905,-0.00162854190567547,-37.8391934250849
199.7,-37.3709699046617,-37.3709699046617,-37.7904223139518,-0.0016074508724354,-37.7888148630793
199.8,-36.3944074510459,-36.3944074510459,-37.7400896980176,-0.00158663298640853,-37.7385030650312
199.9,-37.0047589845558,-37.0047589845558,-37.6898240307555,-0.00156608471010104,-37.6882579460454
200,-37.0454490867898,-37.0454490867898,-37.6396252238451,-0.00154580255183272,-37.6380794212933
200.1,-36.190956939876,-36.190956939876,-37.589493189078,-0.00152578306514362,-37.5879674060128
200.2,-36.5164777577479,-36.5164777577479,-37.5394278383574,-0.0015060228482085,-37.5379218155092
200.3,-36.109576735408,-36.109576735408,-37.4894290836983,-0.00148651854325866,-37.4879425651551
200.4,-35.6212955086001,-35.6212955086001,-37.4394968372272,-0.00146726683601146,-37.4380295703912
200.5,-35.6619856108341,-35.6619856108341,-37.3896310111819,-0.00144826445510709,-37.3881827467268
200.6,-34.1971419304104,-34.1971419304104,-37.3398315179114,-0.00142950817155268,-37.3384020097398
200.7,-36.068886633174,-36.068886633174,-37.2900982698758,-0.00141099479817364,-37.2886872750777
200.8,-35.906126224238,-35.906126224238,-37.2404311796464,-0.00139272118907206,-37.2390384584573
200.9,-34.8888736683883,-34.8888736683883,-37.1908301599049,-0.00137468423909214,-37.1894554756658
201,-37.1675193934917,-37.1675193934917,-37.1412951234441,-0.00135688088329254,-37.1399382425608
201.1,-36.4350975532799,-36.4350975532799,-37.0918259831671,-0.00133930809642558,-37.0904866750707
201.2,-37.0454490867897,-37.0454490867897,-37.0424226520876,-0.00132196289242317,-37.0411006891952
201.3,-36.109576735408,-36.109576735408,-36.9930850433295,-0.00130484232388939,-36.9917802010056
201.4,-35.6212955086001,-35.6212955086001,-36.9438130701269,-0.00128794348159967,-36.9425251266453
201.5,-36.3944074510459,-36.3944074510459,-36.8946066458241,-0.00127126349400642,-36.8933353823301
201.6,-36.2723371443439,-36.2723371443439,-36.845465683875,-0.00125479952675108,-36.8442108843482
201.7,-35.2143944862602,-35.2143944862602,-36.7963900978435,-0.00123854878218252,-36.7951515490613
201.8,-35.865436122004,-35.865436122004,-36.7473798014031,-0.00122250849888159,-36.7461572929043
201.9,-35.865436122004,-35.865436122004,-36.698434708337,-0.00120667595119195,-36.6972280323858
202,-36.6385480644499,-36.6385480644499,-36.6495547325375,-0.00119104844875686,-36.6483636840887
202.1,-36.5164777577479,-36.5164777577479,-36.6007397880063,-0.00117562333606204,-36.5995641646703
202.2,-33.7902409080705,-33.7902409080705,-36.5519897888545,-0.00116039799198444,-36.5508293908625
202.3,-36.109576735408,-36.109576735408,-36.5033046493019,-0.00114536982934683,-36.5021592794725
202.4,-35.3364647929621,-35.3364647929621,-36.4546842836772,-0.00113053629447816,-36.4535537473828
202.5,-33.3833398857306,-33.3833398857306,-36.4061286064182,-0.00111589486677964,-36.4050127115515
202.6,-35.0923241795582,-35.0923241795582,-36.3576375320711,-0.00110144305829644,-36.3565360890128
202.7,-34.1564518281764,-34.1564518281764,-36.3092109752907,-0.00108717841329491,-36.3081237968774
202.8,-35.1737043840262,-35.1737043840262,-36.2608488508402,-0.00107309850784526,-36.2597757523323
202.9,-33.7088607036025,-33.7088607036025,-36.212551073591,-0.00105920094940973,-36.2114918726416
203,-34.2378320326444,-34.2378320326444,-36.1643175585229,-0.00104548337643598,-36.1632720751464
203.1,-33.9123112147725,-33.9123112147725,-36.1161482207235,-0.00103194345795582,-36.1151162772655
203.2,-33.7495508058365,-33.7495508058365,-36.0680429753885,-0.00101857889318916,-36.0670243964953
203.3,-35.906126224238,-35.906126224238,-36.0200017378212,-0.00100538741115297,-36.0189963504101
203.4,-35.784055917536,-35.784055917536,-35.9720244234329,-0.000992366770275459,-35.9710320566626
203.5,-34.4005924415804,-34.4005924415804,-35.9241109477422,-0.000979514758015114,-35.9231314329842
203.6,-34.4005924415804,-34.4005924415804,-35.8762612263751,-0.000966829190484767,-35.8752943971846
203.7,-33.8309310103045,-33.8309310103045,-35.8284751750652,-0.000954307912080493,-35.8275208671531
203.8,-32.3660873298808,-32.3660873298808,-35.7807527096531,-0.000941948795115303,-35.779810760858
203.9,-34.8074934639203,-34.8074934639203,-35.7330937460864,-0.000929749739457607,-35.732163996347
204,-34.2785221348784,-34.2785221348784,-35.6854982004199,-0.000917708672174344,-35.6845804917478
204.1,-33.4647200901986,-33.4647200901986,-35.6379659888152,-0.000905823547178735,-35.637060165268
204.2,-33.4240299879646,-33.4240299879646,-35.5904970275405,-0.000894092344882614,-35.5896029351956
204.3,-34.4005924415804,-34.4005924415804,-35.5430912329706,-0.000882513071853226,-35.5422087198988
204.4,-34.2378320326444,-34.2378320326444,-35.4957485215871,-0.000871083760474507,-35.4948774378266
204.5,-33.5054101924326,-33.5054101924326,-35.4484688099775,-0.000859802468612731,-35.4476090075089
204.6,-34.6854231572183,-34.6854231572183,-35.4012520148361,-0.00084866727928649,-35.4004033475568
204.7,-33.5054101924326,-33.5054101924326,-35.3540980529628,-0.000837676300340958,-35.3532603766625
204.8,-33.9936914192405,-33.9936914192405,-35.307006841264,-0.000826827664126352,-35.3061800135999
204.9,-34.2785221348784,-34.2785221348784,-35.2599782967518,-0.000816119527180579,-35.2591621772246
205,-33.5461002946666,-33.5461002946666,-35.213012336544,-0.000805550069915983,-35.2122067864741
205.1,-34.8074934639203,-34.8074934639203,-35.1661088778643,-0.000795117496310147,-35.165313760368
205.2,-34.8481835661543,-34.8481835661543,-35.1192678380419,-0.000784820033600714,-35.1184830180083
205.3,-32.7729883522208,-32.7729883522208,-35.0724891345113,-0.000774655931984131,-35.0717144785793
205.4,-33.7088607036025,-33.7088607036025,-35.0257726848125,-0.000764623464318325,-35.0250080613482
205.5,-33.0985091700927,-33.0985091700927,-34.9791184065908,-0.000754720925829215,-34.978363685665
205.6,-34.4005924415804,-34.4005924415804,-34.9325262175964,-0.000744946633821024,-34.9317812709626
205.7,-33.6274804991345,-33.6274804991345,-34.8859960356846,-0.000735298927390353,-34.8852607367572
205.8,-34.0343815214745,-34.0343815214745,-34.8395277788156,-0.000725776167143942,-34.8388020026484
205.9,-33.9936914192405,-33.9936914192405,-34.7931213650544,-0.000716376734920097,-34.7924049883194
206,-33.5461002946666,-33.5461002946666,-34.7467767125705,-0.000707099033513728,-34.746069613537
206.1,-33.7088607036025,-33.7088607036025,-34.7004937396381,-0.000697941486404935,-34.6997957981517
206.2,-34.5633528505163,-34.5633528505163,-34.6542723646358,-0.000688902537491128,-34.6535834620983
206.3,-35.82474601977,-35.82474601977,-34.6081125060465,-0.000679980650822592,-34.6074325253957
206.4,-34.5633528505163,-34.5633528505163,-34.5620140824573,-0.000671174310341499,-34.561342908147
206.5,-33.0578190678587,-33.0578190678587,-34.5159770125594,-0.000662482019624285,-34.5153145305398
206.6,-31.877806103073,-31.877806103073,-34.4700012151479,-0.000653902301627371,-34.4693473128463
206.7,-32.2847071254129,-32.2847071254129,-34.424086609122,-0.000645433698436184,-34.4234411754235
206.8,-33.5054101924326,-33.5054101924326,-34.3782331134843,-0.000637074771017405,-34.3775960387133
206.9,-34.5226627482823,-34.5226627482823,-34.3324406473414,-0.000628824098974447,-34.3318118232425
207,-34.9702538728562,-34.9702538728562,-34.2867091299033,-0.000620680280306097,-34.286088449623
207.1,-33.8309310103045,-33.8309310103045,-34.2410384804832,-0.000612641931168272,-34.240425838552
207.2,-32.8950586589227,-32.8950586589227,-34.195428618498,-0.000604707685638879,-34.1948239108123
207.3,-32.1626368187109,-32.1626368187109,-34.1498794634674,-0.000596876195485699,-34.149282587272
207.4,-32.2847071254129,-32.2847071254129,-34.1043909350147,-0.000589146129937292,-34.1038017888847
207.5,-31.9998764097749,-31.9998764097749,-34.0589629528656,-0.000581516175456867,-34.0583814366901
207.6,-32.2033269209449,-32.2033269209449,-34.013595436849,-0.000573985035519072,-34.0130214518134
207.7,-33.2612695790286,-33.2612695790286,-33.9682883068965,-0.000566551430389692,-33.9677217554661
207.8,-34.7668033616863,-34.7668033616863,-33.9230414830423,-0.000559214096908178,-33.9224822689454
207.9,-34.3599023393464,-34.3599023393464,-33.8778548854232,-0.000551971788273009,-33.8773029136349
208,-32.6916081477528,-32.6916081477528,-33.8327284342784,-0.000544823273829826,-33.8321836110046
208.1,-32.4067774321148,-32.4067774321148,-33.7876620499493,-0.000537767338862314,-33.7871242826105
208.2,-30.0467515025434,-30.0467515025434,-33.7426556528797,-0.000530802784385794,-33.7421248500954
208.3,-31.837116000839,-31.837116000839,-33.6977091636154,-0.000523928426943477,-33.6971852351885
208.4,-32.6509180455188,-32.6509180455188,-33.6528225028041,-0.000517143098405368,-33.6523053597057
208.5,-33.0578190678587,-33.0578190678587,-33.6079955911954,-0.000510445645769773,-33.6074851455496
208.6,-33.9123112147725,-33.9123112147725,-33.5632283496408,-0.000503834930967369,-33.5627245147098
208.7,-33.9936914192405,-33.9936914192405,-33.5185206990933,-0.000497309830667824,-33.5180233892626
208.8,-32.5288477388168,-32.5288477388168,-33.4738725606075,-0.000490869236088908,-33.4733816913714
208.9,-32.6509180455188,-32.6509180455188,-33.4292838553394,-0.000484512052808084,-33.4287993432866
209,-32.7322982499868,-32.7322982499868,-33.3847545045465,-0.000478237200576539,-33.3842762673459
209.1,-32.2440170231789,-32.2440170231789,-33.3402844295871,-0.000472043613135619,-33.339812385974
209.2,-33.0171289656247,-33.0171289656247,-33.2958735519211,-0.000465930238035653,-33.2954076216831
209.3,-34.6040429527503,-34.6040429527503,-33.2515217931091,-0.0004598960364571,-33.2510618970727
209.4,-33.8716211125385,-33.8716211125385,-33.2072290748126,-0.00045393998303404,-33.2067751348296
209.5,-32.3253972276469,-32.3253972276469,-33.162995318794,-0.00044806106567993,-33.1625472577283
209.6,-32.9357487611567,-32.9357487611567,-33.1188204469162,-0.000442258285415629,-33.1183781886308
209.7,-33.9123112147725,-33.9123112147725,-33.0747043811429,-0.000436530656199645,-33.0742678504866
209.8,-33.4647200901986,-33.4647200901986,-33.0306470435379,-0.00043087720476058,-33.0302161663331
209.9,-30.7791733427552,-30.7791733427552,-32.9866483562656,-0.000425296970431746,-32.9862230592952
210,-31.9998764097749,-31.9998764097749,-32.9427082415907,-0.000419789004987922,-32.9422884525857
210.1,-31.4709050807331,-31.4709050807331,-32.8988266218777,-0.000414352372484229,-32.8984122695052
210.2,-30.6164129338193,-30.6164129338193,-32.8550034195915,-0.000408986149097091,-32.8545944334424
210.3,-31.755735796371,-31.755735796371,-32.8112385572966,-0.000403689422967247,-32.8108348678736
210.4,-32.5695378410508,-32.5695378410508,-32.7675319576574,-0.000398461294044806,-32.7671334963634
210.5,-31.9998764097749,-31.9998764097749,-32.7238835434381,-0.000393300873936307,-32.7234902425641
210.6,-30.8198634449892,-30.8198634449892,-32.6802932375022,-0.000388207285753752,-32.6799050302164
210.7,-29.6398504802035,-29.6398504802035,-32.636760962813,-0.000383179663965613,-32.636377783149
210.8,-28.9888088444596,-28.9888088444596,-32.593286642433,-0.00037821715424974,-32.5929084252787
210.9,-28.6632880265877,-28.6632880265877,-32.5498701995239,-0.000373318913348203,-32.5494968806105
211,-29.3957098667995,-29.3957098667995,-32.5065115573466,-0.00036848410892399,-32.5061430732377
211.1,-32.1626368187109,-32.1626368187109,-32.4632106392611,-0.000363711919419579,-32.4628469273417
211.2,-31.877806103073,-31.877806103073,-32.4199673687263,-0.000359001533917335,-32.4196083671924
211.3,-29.7212306846715,-29.7212306846715,-32.3767816692998,-0.000354352152001708,-32.3764273171478
211.4,-31.2267644673291,-31.2267644673291,-32.3336534646381,-0.000349762983623225,-32.3333037016545
211.5,-31.2267644673291,-31.2267644673291,-32.2905826784962,-0.000345233248964242,-32.2902374452473
211.6,-30.5350327293513,-30.5350327293513,-32.2475692347276,-0.000340762178306428,-32.2472284725493
211.7,-30.3315822181813,-30.3315822181813,-32.2046130572842,-0.000336349011899979,-32.2042767082723
211.8,-30.1688218092454,-30.1688218092454,-32.1617140702162,-0.000331992999834507,-32.1613820772164
211.9,-29.2736395600976,-29.2736395600976,-32.118872197672,-0.000327693401911617,-32.1185445042701
212,-30.2502020137133,-30.2502020137133,-32.0760873638979,-0.000323449487519126,-32.0757639144104
212.1,-30.2908921159473,-30.2908921159473,-32.0333594932383,-0.000319260535506912,-32.0330402327028
212.2,-31.552285285201,-31.552285285201,-31.9906885101355,-0.00031512583406438,-31.9903733843014
212.3,-32.2847071254129,-32.2847071254129,-31.9480743391294,-0.000311044680599495,-31.9477632944488
212.4,-30.5757228315853,-30.5757228315853,-31.9055169048577,-0.000307016381619401,-31.9052098884761
212.5,-31.837116000839,-31.837116000839,-31.8630161320554,-0.000303040252612578,-31.8627130918028
212.6,-31.511595182967,-31.511595182967,-31.8205719455552,-0.000299115617932525,-31.8202728299372
212.7,-30.3722723204153,-30.3722723204153,-31.7781842702868,-0.000295241810682951,-31.7778890284761
212.8,-29.3143296623316,-29.3143296623316,-31.7358530312773,-0.00029141817260445,-31.7355616131046
212.9,-30.6977931382872,-30.6977931382872,-31.6935781536508,-0.00028764405396265,-31.6932905095969
213,-30.4536525248833,-30.4536525248833,-31.6513595626286,-0.000283918813437802,-31.6510756438152
213.1,-27.7681057774399,-27.7681057774399,-31.6091971835286,-0.000280241818015804,-31.6089169417106
213.2,-29.5584702757355,-29.5584702757355,-31.5670909417656,-0.00027661244288064,-31.5668143293227
213.3,-31.1046941606271,-31.1046941606271,-31.525040762851,-0.000273030071308203,-31.5247677327797
213.4,-29.9653712980754,-29.9653712980754,-31.483046572393,-0.000269494094561499,-31.4827770782984
213.5,-29.5177801735015,-29.5177801735015,-31.4411082960959,-0.000266003911787208,-31.4408422921841
213.6,-28.9888088444596,-28.9888088444596,-31.3992258597605,-0.00026255892991358,-31.3989633008306
213.7,-29.2329494578636,-29.2329494578636,-31.3573991892839,-0.000259158563549664,-31.3571400307204
213.8,-32.4881576365828,-32.4881576365828,-31.3156282106593,-0.000255802234885828,-31.3153724084244
213.9,-30.8198634449892,-30.8198634449892,-31.2739128499758,-0.000252489373595578,-31.2736603606022
214,-30.9419337516912,-30.9419337516912,-31.2322530334185,-0.000249219416738643,-31.2320038140017
214.1,-30.9826238539252,-30.9826238539252,-31.1906486872683,-0.000245991808665316,-31.1904026954596
214.2,-31.0640040583931,-31.0640040583931,-31.1490997379019,-0.000242806000922043,-31.1488569319009
214.3,-30.2908921159473,-30.2908921159473,-31.1076061117914,-0.000239661452158213,-31.1073664503392
214.4,-30.8198634449892,-30.8198634449892,-31.0661677355044,-0.000236557628034181,-31.0659311778764
214.5,-32.6509180455188,-32.6509180455188,-31.0247845357041,-0.000233494001130461,-31.024551041703
214.6,-32.9357487611567,-32.9357487611567,-30.9834564391488,-0.00023047005085811,-30.9832259690979
214.7,-29.8026108891394,-29.8026108891394,-30.9421833726919,-0.000227485263370266,-30.9419558874285
214.8,-29.8433009913734,-29.8433009913734,-30.900965263282,-0.000224539131474827,-30.9007407241505
214.9,-30.2502020137133,-30.2502020137133,-30.8598020379625,-0.000221631154548271,-30.859580406808
215,-30.4129624226493,-30.4129624226493,-30.8186936238718,-0.000218760838450587,-30.8184748630334
215.1,-29.1515692533956,-29.1515692533956,-30.7776399482429,-0.000215927695441304,-30.7774240205475
215.2,-29.0701890489276,-29.0701890489276,-30.7366409384035,-0.000213131244096617,-30.7364278071594
215.3,-32.2847071254129,-32.2847071254129,-30.6956965217759,-0.000210371009227575,-30.6954861507667
215.4,-30.3315822181813,-30.3315822181813,-30.6548066258765,-0.00020764652179934,-30.6545989793547
215.5,-29.9246811958414,-29.9246811958414,-30.6139711783164,-0.00020495731885148,-30.6137662209975
215.6,-30.0467515025434,-30.0467515025434,-30.5731901068006,-0.000202302943419304,-30.5729878038572
215.7,-29.8433009913734,-29.8433009913734,-30.5324633391283,-0.000199682944456212,-30.5322636561839
215.8,-30.0060614003094,-30.0060614003094,-30.4917908031928,-0.000197096876757048,-30.491593706316
215.9,-28.7039781288217,-28.7039781288217,-30.4511724269811,-0.000194544300882451,-30.4509778826802
216,-28.0122463908439,-28.0122463908439,-30.410608138574,-0.00019202478308418,-30.4104161137909
216.1,-29.3957098667995,-29.3957098667995,-30.370097866146,-0.000189537895231412,-30.3699083282507
216.2,-31.1860743650951,-31.1860743650951,-30.3296415379652,-0.000187083214737992,-30.3294544547504
216.3,-31.4709050807331,-31.4709050807331,-30.289239082393,-0.000184660324490619,-30.2890544220685
216.4,-31.3081446717971,-31.3081446717971,-30.2488904278844,-0.000182268812777975,-30.2487081590716
216.5,-30.1688218092454,-30.1688218092454,-30.2085955029874,-0.00017990827322076,-30.2084155947142
216.6,-28.7446682310557,-28.7446682310557,-30.1683542363432,-0.000177578304702639,-30.1681766580385
216.7,-29.7619207869055,-29.7619207869055,-30.1281665566861,-0.000175278511302084,-30.1279912781748
216.8,-28.9481187422256,-28.9481187422256,-30.0880323928432,-0.000173008502225093,-30.087859384341
216.9,-26.6287829148882,-26.6287829148882,-30.0479516737344,-0.000170767891738787,-30.0477809058427
217,-26.7101631193562,-26.7101631193562,-30.0079243283725,-0.000168556299105863,-30.0077557720734
217.1,-27.279824550632,-27.279824550632,-29.9679502858626,-0.000166373348519895,-29.9677839125141
217.2,-27.1577542439301,-27.1577542439301,-29.9280294754025,-0.000164218669041481,-29.9278652567335
217.3,-26.7101631193562,-26.7101631193562,-29.8881618262824,-0.000162091894535204,-29.8879997343879
217.4,-28.7853583332897,-28.7853583332897,-29.8483472678847,-0.000159992663607419,-29.848187275221
217.5,-27.8087958796739,-27.8087958796739,-29.8085857296838,-0.000157920619544842,-29.8084278090643
217.6,-26.9949938349941,-26.9949938349941,-29.7688771412465,-0.000155875410253937,-29.7687212658363
217.7,-26.6694730171222,-26.6694730171222,-29.7292214322314,-0.000153856688201088,-29.7290675755432
217.8,-27.1170641416961,-27.1170641416961,-29.6896185323889,-0.000151864110353537,-29.6894666682786
217.9,-26.9136136305261,-26.9136136305261,-29.6500683715612,-0.000149897338121101,-29.6499184742231
218,-27.442584959568,-27.442584959568,-29.6105708796821,-0.000147956037298634,-29.6104229236448
218.1,-27.279824550632,-27.279824550632,-29.5711259867769,-0.000146039878009234,-29.5709799468989
218.2,-25.4894600523364,-25.4894600523364,-29.5317336229625,-0.000144148534648198,-29.5315894744279
218.3,-25.3673897456345,-25.3673897456345,-29.492393718447,-0.00014228168582768,-29.4922514367612
218.4,-25.8963610746763,-25.8963610746763,-29.4531062035296,-0.000140439014322091,-29.4529657645153
218.5,-26.2218818925483,-26.2218818925483,-29.4138710086008,-0.000138620207014187,-29.4137323883938
218.6,-27.0356839372281,-27.0356839372281,-29.374688064142,-0.000136824954841864,-29.3745512391872
218.7,-25.9777412791443,-25.9777412791443,-29.3355573007255,-0.000135052952745643,-29.3354222477728
218.8,-25.5301501545704,-25.5301501545704,-29.2964786490144,-0.000133303899616827,-29.2963453451148
218.9,-26.0998115858463,-26.0998115858463,-29.2574520397626,-0.000131577498246342,-29.2573204622643
219,-26.9136136305261,-26.9136136305261,-29.2184774038142,-0.000129873455274228,-29.218347530359
219.1,-24.2687569853167,-24.2687569853167,-29.1795546721042,-0.000128191481139791,-29.1794264806231
219.2,-24.1059965763808,-24.1059965763808,-29.1406837756578,-0.000126531290032402,-29.1405572443678
219.3,-26.5474027104202,-26.5474027104202,-29.1018646455904,-0.000124892599842924,-29.1017397529906
219.4,-26.1811917903143,-26.1811917903143,-29.0630972131077,-0.000123275132115784,-29.0629739379755
219.5,-24.9604887232946,-24.9604887232946,-29.0243814095051,-0.000121678612001645,-29.0242597308931
219.6,-23.7397856562749,-23.7397856562749,-28.9857171661684,-0.000120102768210711,-28.9855970634002
219.7,-24.8791085188266,-24.8791085188266,-28.947104414573,-0.000118547332966626,-28.94698586724
219.8,-24.6756580076566,-24.6756580076566,-28.9085430862839,-0.000117012041960968,-28.9084260742419
219.9,-24.8791085188266,-24.8791085188266,-28.870033112956,-0.000115496634308339,-28.8699176163217
220,-23.292194531701,-23.292194531701,-28.8315744263336,-0.000114000852502034,-28.831460425481
220.1,-23.4142648384029,-23.4142648384029,-28.7931669582502,-0.000112524442370285,-28.7930544338079
220.2,-22.925983611595,-22.925983611595,-28.7548106406291,-0.000111067153033067,-28.754699573476
220.3,-24.5535877009547,-24.5535877009547,-28.7165054054823,-0.000109628736859472,-28.7163957767454
220.4,-25.5301501545704,-25.5301501545704,-28.6782511849111,-0.000108208949425625,-28.6781429759617
220.5,-26.6287829148882,-26.6287829148882,-28.6400479111058,-0.000106807549473155,-28.6399411035564
220.6,-24.7570382121246,-24.7570382121246,-28.6018955163456,-0.000105424298868194,-28.6017900920468
220.7,-24.2280668830827,-24.2280668830827,-28.5637939329985,-0.000104058962560917,-28.5636898740359
220.8,-24.3908272920187,-24.3908272920187,-28.525743093521,-0.000102711308545597,-28.5256403822125
220.9,-25.9370511769103,-25.9370511769103,-28.4877429304584,-0.000101381107821184,-28.4876415493505
221,-25.1639392344645,-25.1639392344645,-28.4497933764442,-0.00010006813435239,-28.4496933083098
221.1,-24.1873767808488,-24.1873767808488,-28.4118943642005,-9.87721650312785e-05,-28.4117955920354
221.2,-24.1873767808487,-24.1873767808487,-28.3740458265375,-9.74929796393589e-05,-28.3739483335579
221.3,-23.8618559629768,-23.8618559629768,-28.3362476963537,-9.62303608101585e-05,-28.3361514659928
221.4,-25.2453194389325,-25.2453194389325,-28.2984999066354,-9.49840939922902e-05,-28.2984049225414
221.5,-24.9604887232946,-24.9604887232946,-28.2608023904571,-9.37539674129935e-05,-28.2607086364896
221.6,-25.6522204612724,-25.6522204612724,-28.2231550809809,-9.25397720421493e-05,-28.2230625412088
221.7,-25.8149808702084,-25.8149808702084,-28.1855579114567,-9.13413015567611e-05,-28.1854665701552
221.8,-24.5535877009547,-24.5535877009547,-28.1480108152223,-9.01583523058934e-05,-28.14792065687
221.9,-25.4487699501025,-25.4487699501025,-28.1105137257025,-8.89907232760679e-05,-28.1104247349792
222,-25.2453194389325,-25.2453194389325,-28.0730665764099,-8.78382160571054e-05,-28.0729787381938
222.1,-25.3673897456345,-25.3673897456345,-28.0356693009442,-8.67006348084108e-05,-28.0355826003094
222.2,-26.1405016880803,-26.1405016880803,-27.9983218329925,-8.55777862256957e-05,-27.9982362552063
222.3,-26.4660225059522,-26.4660225059522,-27.9610241063288,-8.44694795081295e-05,-27.9609396368493
222.4,-25.7742907679744,-25.7742907679744,-27.9237760548142,-8.33755263259184e-05,-27.9236926792879
222.5,-25.8556709724424,-25.8556709724424,-27.8865776123967,-8.22957407883032e-05,-27.8864953166559
222.6,-25.8963610746763,-25.8963610746763,-27.8494287131109,-8.12299394119712e-05,-27.8493474831715
222.7,-26.7508532215902,-26.7508532215902,-27.8123292910783,-8.01779410898792e-05,-27.8122491131373
222.8,-27.1577542439301,-27.1577542439301,-27.775279280507,-7.91395670604764e-05,-27.77520014094
222.9,-26.5880928126542,-26.5880928126542,-27.7382786156914,-7.81146408773302e-05,-27.7382005010505
223,-26.5880928126542,-26.5880928126542,-27.7013272310122,-7.71029883791423e-05,-27.7012501280238
223.1,-28.5005276176517,-28.5005276176517,-27.6644250609366,-7.61044376601544e-05,-27.6643489564989
223.2,-27.8087958796739,-27.8087958796739,-27.6275720400178,-7.51188190409382e-05,-27.6274969211988
223.3,-26.0998115858463,-26.0998115858463,-27.5907681028952,-7.41459650395605e-05,-27.5906939569301
223.4,-25.8149808702084,-25.8149808702084,-27.5540131842939,-7.31857103431251e-05,-27.5539399985835
223.5,-28.0936265953118,-28.0936265953118,-27.517307219025,-7.22378917796813e-05,-27.5172349811333
223.6,-28.6225979243537,-28.6225979243537,-27.4806501419854,-7.13023482904969e-05,-27.4805788396372
223.7,-29.0701890489276,-29.0701890489276,-27.4440418881576,-7.0378920902691e-05,-27.4439715092367
223.8,-27.483275061802,-27.483275061802,-27.4074823926094,-6.9467452702219e-05,-27.4074129251567
223.9,-26.3439521992503,-26.3439521992503,-27.3709715904944,-6.85677888072097e-05,-27.3709030227056
224,-27.320514652866,-27.320514652866,-27.3345094170513,-6.76797763416468e-05,-27.3344417372749
224.1,-25.1232491322305,-25.1232491322305,-27.298095807604,-6.68032644093912e-05,-27.2980290043395
224.2,-25.7336006657404,-25.7336006657404,-27.2617306975615,-6.59381040685404e-05,-27.2616647594575
224.3,-26.2218818925483,-26.2218818925483,-27.2254140224181,-6.50841483061184e-05,-27.2253489382698
224.4,-26.9136136305261,-26.9136136305261,-27.1891457177527,-6.42412520130955e-05,-27.1890814765007
224.5,-27.401894857334,-27.401894857334,-27.1529257192291,-6.34092719597298e-05,-27.1528623099571
224.6,-27.6867255729719,-27.6867255729719,-27.1167539625957,-6.25880667712288e-05,-27.1166913745289
224.7,-26.5067126081862,-26.5067126081862,-27.0806303836857,-6.17774969037273e-05,-27.0805686061888
224.8,-25.6522204612724,-25.6522204612724,-27.0445549184168,-6.09774246205736e-05,-27.0444939409921
224.9,-26.4253324037182,-26.4253324037182,-27.0085275027908,-6.01877139689258e-05,-27.0084673150768
225,-27.1170641416961,-27.1170641416961,-26.972548072894,-5.94082307566494e-05,-26.9724886646632
225.1,-27.6053453685039,-27.6053453685039,-26.9366165648969,-5.86388425295141e-05,-26.9365579260544
225.2,-29.0294989466936,-29.0294989466936,-26.9007329150541,-5.78794185486884e-05,-26.9006750356355
225.3,-29.0294989466936,-29.0294989466936,-26.864897059704,-5.71298297685211e-05,-26.8648399298743
225.4,-29.0294989466936,-29.0294989466936,-26.8291089352691,-5.63899488146147e-05,-26.8290525453203
225.5,-29.5584702757355,-29.5584702757355,-26.7933684782555,-5.56596499621809e-05,-26.7933128186055
225.6,-28.9888088444596,-28.9888088444596,-26.757675625253,-5.49388091146765e-05,-26.7576206864439
225.7,-29.7212306846715,-29.7212306846715,-26.7220303129351,-5.42273037827168e-05,-26.7219760856313
225.8,-29.2736395600976,-29.2736395600976,-26.6864324780586,-5.35250130632609e-05,-26.6863789530455
225.9,-30.2502020137133,-30.2502020137133,-26.6508820574637,-5.28318176190672e-05,-26.6508292256461
226,-30.9012436494572,-30.9012436494572,-26.615378988074,-5.21475996584154e-05,-26.6153268404743
226.1,-31.715045694137,-31.715045694137,-26.579923206896,-5.14722429150899e-05,-26.579871734653
226.2,-31.0233139561592,-31.0233139561592,-26.5445146510194,-5.08056326286244e-05,-26.5444638453868
226.3,-31.2674545695631,-31.2674545695631,-26.5091532576169,-5.01476555247998e-05,-26.5091031099614
226.4,-31.552285285201,-31.552285285201,-26.473838963944,-4.94981997963967e-05,-26.4737894657442
226.5,-31.796425898605,-31.796425898605,-26.438571707339,-4.88571550841965e-05,-26.4385228501839
226.6,-31.2267644673291,-31.2267644673291,-26.4033514252226,-4.82244124582282e-05,-26.4033032008101
226.7,-30.7384832405212,-30.7384832405212,-26.3681780550983,-4.7599864399259e-05,-26.3681304552339
226.8,-31.2674545695631,-31.2674545695631,-26.333051534552,-4.69834047805233e-05,-26.3330045511472
226.9,-32.5695378410508,-32.5695378410508,-26.2979718012519,-4.63749288496893e-05,-26.2979254263231
227,-32.1626368187109,-32.1626368187109,-26.2629387929484,-4.57743332110593e-05,-26.2628930186152
227.1,-32.4067774321148,-32.4067774321148,-26.2279524474741,-4.51815158079993e-05,-26.2279072659582
227.2,-33.6274804991346,-33.6274804991346,-26.1930127027435,-4.45963759055979e-05,-26.1929681063676
227.3,-31.633665489669,-31.633665489669,-26.1581194967532,-4.4018814073548e-05,-26.1580754779391
227.4,-33.4647200901986,-33.4647200901986,-26.1232727675816,-4.34487321692517e-05,-26.1232293188494
227.5,-32.7729883522208,-32.7729883522208,-26.0884724533887,-4.28860333211427e-05,-26.0884295673554
227.6,-30.9419337516912,-30.9419337516912,-26.0537184924162,-4.23306219122258e-05,-26.0536761617943
227.7,-30.3722723204153,-30.3722723204153,-26.0190108229874,-4.17824035638293e-05,-26.0189690405839
227.8,-31.511595182967,-31.511595182967,-25.984349383507,-4.12412851195671e-05,-25.9843081422218
227.9,-30.5350327293513,-30.5350327293513,-25.9497341124608,-4.07071746295092e-05,-25.9496934052861
228,-30.0874416047774,-30.0874416047774,-25.915164948416,-4.01799813345571e-05,-25.9151247684347
228.1,-30.6164129338193,-30.6164129338193,-25.8806418300211,-3.96596156510217e-05,-25.8806021704054
228.2,-31.3081446717971,-31.3081446717971,-25.8461646960053,-3.91459891554005e-05,-25.8461255500161
228.3,-31.1046941606271,-31.1046941606271,-25.8117334851788,-3.86390145693522e-05,-25.8116948461642
228.4,-29.0701890489276,-29.0701890489276,-25.7773481364327,-3.81386057448657e-05,-25.7773099978269
228.5,-28.7039781288217,-28.7039781288217,-25.7430085887387,-3.76446776496219e-05,-25.7429709440611
228.6,-30.4536525248833,-30.4536525248833,-25.7087147811494,-3.71571463525436e-05,-25.708677624003
228.7,-31.552285285201,-31.552285285201,-25.6744666527974,-3.66759290095347e-05,-25.6744299768684
228.8,-32.5288477388168,-32.5288477388168,-25.6402641428962,-3.62009438494015e-05,-25.6402279419523
228.9,-31.9591863075409,-31.9591863075409,-25.6061071907393,-3.57321101599589e-05,-25.6060714586292
229,-31.4302149784991,-31.4302149784991,-25.5719957357006,-3.52693482743142e-05,-25.5719604663524
229.1,-33.6681706013686,-33.6681706013686,-25.537929717234,-3.48125795573305e-05,-25.5378949046545
229.2,-33.5054101924326,-33.5054101924326,-25.5039090748735,-3.43617263922645e-05,-25.5038747131471
229.3,-31.674355591903,-31.674355591903,-25.4699337482329,-3.39167121675768e-05,-25.4698998315207
229.4,-30.9419337516912,-30.9419337516912,-25.4360036770058,-3.34774612639142e-05,-25.4359701995446
229.5,-29.4363999690335,-29.4363999690335,-25.4021188009657,-3.30438990412597e-05,-25.4020857570667
229.6,-29.6398504802035,-29.6398504802035,-25.3682790599655,-3.26159518262496e-05,-25.3682464440136
229.7,-31.1046941606271,-31.1046941606271,-25.3344843939376,-3.21935468996544e-05,-25.3344522003907
229.8,-30.5350327293513,-30.5350327293513,-25.3007347428941,-3.17766124840214e-05,-25.3007029662816
229.9,-28.7446682310557,-28.7446682310557,-25.267030046926,-3.13650777314788e-05,-25.2669986818483
230,-31.3488347740311,-31.3488347740311,-25.2333702462039,-3.09588727116959e-05,-25.2333392873312
230.1,-30.4943426271173,-30.4943426271173,-25.1997552809771,-3.05579284000007e-05,-25.1997247230487
230.2,-30.2908921159473,-30.2908921159473,-25.1661850915743,-3.0162176665651e-05,-25.1661549293977
230.3,-31.918496205307,-31.918496205307,-25.1326596184029,-2.97715502602565e-05,-25.1326298468526
230.4,-30.9012436494572,-30.9012436494572,-25.0991788019491,-2.93859828063523e-05,-25.0991494159663
230.5,-30.6977931382872,-30.6977931382872,-25.0657425827779,-2.90054087861192e-05,-25.0657135773692
230.6,-31.592975387435,-31.592975387435,-25.0323509015329,-2.86297635302506e-05,-25.0323222717694
230.7,-30.9012436494572,-30.9012436494572,-24.9990036989362,-2.8258983206964e-05,-24.998975439953
230.8,-29.7212306846715,-29.7212306846715,-24.9657009157882,-2.78930048111538e-05,-24.9656730227834
230.9,-28.5005276176517,-28.5005276176517,-24.9324424929677,-2.75317661536852e-05,-24.9324149612016
231,-30.2095119114793,-30.2095119114793,-24.8992283714319,-2.71752058508267e-05,-24.899201196226
231.1,-30.4536525248833,-30.4536525248833,-24.8660584922158,-2.68232633138196e-05,-24.8660316689525
231.2,-28.3377672087158,-28.3377672087158,-24.8329327964326,-2.64758787385824e-05,-24.8329063205538
231.3,-26.6287829148882,-26.6287829148882,-24.7998512252733,-2.61329930955482e-05,-24.7998250922802
231.4,-26.4253324037182,-26.4253324037182,-24.766813720007,-2.57945481196345e-05,-24.7667879254589
231.5,-28.0529364930778,-28.0529364930778,-24.7338202219802,-2.5460486300342e-05,-24.7337947614939
231.6,-28.0529364930778,-28.0529364930778,-24.7008706726171,-2.51307508719826e-05,-24.7008455418662
231.7,-27.0356839372281,-27.0356839372281,-24.6679650134196,-2.48052858040333e-05,-24.6679402081338
231.8,-29.1108791511616,-29.1108791511616,-24.6351031859668,-2.44840357916147e-05,-24.635078701931
231.9,-30.4536525248833,-30.4536525248833,-24.6022851319152,-2.41669462460939e-05,-24.602260964969
232,-27.7681057774399,-27.7681057774399,-24.5695107929987,-2.38539632858083e-05,-24.5694869390354
232.1,-28.0122463908439,-28.0122463908439,-24.536780111028,-2.35450337269094e-05,-24.5367565659943
232.2,-28.0936265953118,-28.0936265953118,-24.5040930278912,-2.32401050743262e-05,-24.5040697877861
232.3,-28.8667385377577,-28.8667385377577,-24.4714494855531,-2.29391255128441e-05,-24.4714265464276
232.4,-30.7384832405212,-30.7384832405212,-24.4388494260554,-2.26420438983007e-05,-24.4388267840115
232.5,-29.6805405824375,-29.6805405824375,-24.4062927915165,-2.2348809748895e-05,-24.4062704427068
232.6,-29.2329494578636,-29.2329494578636,-24.3737795241315,-2.2059373236609e-05,-24.3737574647583
232.7,-28.1343166975458,-28.1343166975458,-24.3413095661721,-2.17736851787413e-05,-24.3412877924869
232.8,-27.9715562886099,-27.9715562886099,-24.3088828599863,-2.14916970295489e-05,-24.3088613682893
232.9,-28.9074286399916,-28.9074286399916,-24.2764993479986,-2.12133608719983e-05,-24.2764781346377
233,-28.0122463908439,-28.0122463908439,-24.2441589727096,-2.09386294096234e-05,-24.2441380340802
233.1,-29.8026108891394,-29.8026108891394,-24.2118616766962,-2.06674559584884e-05,-24.2118410092403
233.2,-29.3550197645655,-29.3550197645655,-24.1796074026113,-2.0399794439255e-05,-24.1795870028169
233.3,-28.1343166975458,-28.1343166975458,-24.1473960931837,-2.01355993693525e-05,-24.1473759575844
233.4,-27.320514652866,-27.320514652866,-24.1152276912183,-1.9874825855249e-05,-24.1152078163924
233.5,-25.8963610746764,-25.8963610746764,-24.0831021395954,-1.96174295848227e-05,-24.0830825221658
233.6,-25.0011788255286,-25.0011788255286,-24.0510193812712,-1.93633668198325e-05,-24.0510000179044
233.7,-27.9308661863759,-27.9308661863759,-24.0189793592775,-1.91125943884854e-05,-24.0189602466831
233.8,-27.8901760841419,-27.8901760841419,-23.9869820167216,-1.88650696781007e-05,-23.9869631516519
233.9,-26.0998115858463,-26.0998115858463,-23.955027296786,-1.8620750627869e-05,-23.9550086760353
234,-27.1577542439301,-27.1577542439301,-23.9231151427285,-1.83795957217049e-05,-23.9230967631328
234.1,-27.1170641416961,-27.1170641416961,-23.8912454978824,-1.81415639811922e-05,-23.8912273563185
234.2,-26.8729235282921,-26.8729235282921,-23.8594183056558,-1.79066149586213e-05,-23.8594003990409
234.3,-25.0011788255286,-25.0011788255286,-23.8276335095319,-1.7674708730115e-05,-23.8276158348231
234.4,-25.0825590299965,-25.0825590299965,-23.7958910530686,-1.74458058888456e-05,-23.7958736072628
234.5,-25.3266996434005,-25.3266996434005,-23.764190879899,-1.72198675383375e-05,-23.7641736600315
234.6,-26.0998115858463,-26.0998115858463,-23.7325329337306,-1.69968552858587e-05,-23.7325159368753
234.7,-26.9543037327601,-26.9543037327601,-23.7009171583456,-1.67767312358963e-05,-23.7009003816144
234.8,-26.0998115858463,-26.0998115858463,-23.6693434976008,-1.65594579837172e-05,-23.6693269381428
234.9,-25.8556709724424,-25.8556709724424,-23.6378118954272,-1.63449986090121e-05,-23.6377955504286
235,-27.1577542439301,-27.1577542439301,-23.6063222958304,-1.61333166696218e-05,-23.6063061625138
235.1,-27.1170641416961,-27.1170641416961,-23.5748746428901,-1.59243761953449e-05,-23.5748587185139
235.2,-25.3266996434005,-25.3266996434005,-23.5434688807601,-1.57181416818251e-05,-23.5434531626184
235.3,-26.6287829148882,-26.6287829148882,-23.5121049536683,-1.55145780845187e-05,-23.5120894390902
235.4,-27.9308661863759,-27.9308661863759,-23.4807828059165,-1.5313650812739e-05,-23.4807674922657
235.5,-27.1577542439301,-27.1577542439301,-23.4495023818805,-1.51153257237788e-05,-23.4494872665548
235.6,-25.2046293366985,-25.2046293366985,-23.4182636260096,-1.49195691171089e-05,-23.4182487064405
235.7,-25.1639392344645,-25.1639392344645,-23.387066482827,-1.47263477286509e-05,-23.3870517564793
235.8,-25.2046293366985,-25.2046293366985,-23.3559108969293,-1.45356287251255e-05,-23.3558963613006
235.9,-26.0591214836123,-26.0591214836123,-23.3247968129867,-1.43473796984725e-05,-23.324782465607
236,-25.4487699501025,-25.4487699501025,-23.2937241757427,-1.41615686603445e-05,-23.2937100141741
236.1,-26.3439521992502,-26.3439521992502,-23.2626929300142,-1.39781640366709e-05,-23.2626789518501
236.2,-25.6522204612724,-25.6522204612724,-23.231703020691,-1.3797134662293e-05,-23.2316892235563
236.3,-27.6867255729719,-27.6867255729719,-23.2007543927363,-1.36184497756677e-05,-23.2007407742865
236.4,-26.8729235282921,-26.8729235282921,-23.1698469911862,-1.34420790136406e-05,-23.1698335491071
236.5,-26.7101631193562,-26.7101631193562,-23.1389807611496,-1.32679924062869e-05,-23.1389674931572
236.6,-27.3612047551,-27.3612047551,-23.1081556478085,-1.3096160371818e-05,-23.1081425516481
236.7,-25.8963610746764,-25.8963610746764,-23.0773715964173,-1.29265537115553e-05,-23.0773586698635
236.8,-25.2860095411665,-25.2860095411665,-23.0466285523031,-1.27591436049686e-05,-23.0466157931595
236.9,-24.7570382121246,-24.7570382121246,-23.0159264608657,-1.25939016047785e-05,-23.0159138669641
237,-25.3266996434005,-25.3266996434005,-22.9852652675772,-1.24307996321225e-05,-22.9852528367776
237.1,-25.3266996434005,-25.3266996434005,-22.954644917982,-1.22698099717839e-05,-22.954632648172
237.2,-23.3735747361689,-23.3735747361689,-22.9240653576969,-1.21109052674822e-05,-22.9240532467916
237.3,-24.7977283143586,-24.7977283143586,-22.8935265324108,-1.19540585172244e-05,-22.8935145783523
237.4,-24.1059965763808,-24.1059965763808,-22.8630283878845,-1.17992430687168e-05,-22.8630165886414
237.5,-25.2453194389325,-25.2453194389325,-22.8325708699511,-1.1646432614836e-05,-22.8325592235184
237.6,-24.9197986210606,-24.9197986210606,-22.8021539245152,-1.1495601189159e-05,-22.802142428914
237.7,-24.4315173942527,-24.4315173942527,-22.7717774975535,-1.13467231615502e-05,-22.7717661508303
237.8,-25.2860095411665,-25.2860095411665,-22.7414415351143,-1.11997732338068e-05,-22.741430335341
237.9,-25.5301501545704,-25.5301501545704,-22.7111459833173,-1.10547264353594e-05,-22.7111349285909
238,-25.0825590299965,-25.0825590299965,-22.6808907883541,-1.09115581190296e-05,-22.680879876796
238.1,-23.8211658607428,-23.8211658607428,-22.6506758964873,-1.0770243956841e-05,-22.6506651262434
238.2,-24.6756580076566,-24.6756580076566,-22.6205012540511,-1.0630759935886e-05,-22.6204906232912
238.3,-23.7804757585088,-23.7804757585088,-22.5903668074509,-1.04930823542446e-05,-22.5903563143686
238.4,-25.1232491322305,-25.1232491322305,-22.5602725031632,-1.03571878169577e-05,-22.5602621459753
238.5,-24.1059965763808,-24.1059965763808,-22.5302182877353,-1.02230532320508e-05,-22.5302080646821
238.6,-24.1059965763808,-24.1059965763808,-22.5002041077859,-1.0090655806611e-05,-22.5001940171301
238.7,-23.9025460652108,-23.9025460652108,-22.4702299100043,-9.95997304291317e-06,-22.4702199500313
238.8,-24.1873767808487,-24.1873767808487,-22.4402956411507,-9.8309827345973e-06,-22.4402858101679
238.9,-24.0653064741468,-24.0653064741468,-22.4104012480556,-9.70366296289518e-06,-22.4103915443927
239,-25.4487699501025,-25.4487699501025,-22.3805466776207,-9.57799209290545e-06,-22.3805370996286
239.1,-26.0184313813783,-26.0184313813783,-22.3507318768178,-9.45394876991776e-06,-22.350722422869
239.2,-25.1232491322305,-25.1232491322305,-22.320956792689,-9.33151191578378e-06,-22.3209474611771
239.3,-24.7163481098906,-24.7163481098906,-22.2912213723471,-9.21066072533537e-06,-22.2912121616863
239.4,-25.7742907679744,-25.7742907679744,-22.2615255629748,-9.09137466284963e-06,-22.2615164716001
239.5,-25.3673897456345,-25.3673897456345,-22.2318693118251,-8.97363345855887e-06,-22.2318603381916
239.6,-21.9494211579793,-21.9494211579793,-22.2022525662209,-8.85741710520672e-06,-22.2022437088038
239.7,-22.925983611595,-22.925983611595,-22.1726752735552,-8.74270585464815e-06,-22.1726665308493
239.8,-24.6349679054227,-24.6349679054227,-22.1431373812907,-8.62948021449359e-06,-22.1431287518105
239.9,-23.8618559629768,-23.8618559629768,-22.1136388369601,-8.5177209447971e-06,-22.1136303192392
240,-24.9604887232946,-24.9604887232946,-22.0841795881656,-8.40740905478655e-06,-22.0841711807565
240.1,-23.8211658607428,-23.8211658607428,-22.0547595825788,-8.29852579963696e-06,-22.054751284053
240.2,-20.9728587043635,-20.9728587043635,-22.0253787679413,-8.19105267728515e-06,-22.0253705768886
240.3,-21.0542389088315,-21.0542389088315,-21.9960370920636,-8.08497142528554e-06,-21.9960290070921
240.4,-22.3156320780852,-22.3156320780852,-21.9667345028258,-7.98026401770736e-06,-21.9667265225617
240.5,-22.4377023847872,-22.4377023847872,-21.9374709481771,-7.87691266207106e-06,-21.9374630712644
240.6,-23.292194531701,-23.292194531701,-21.9082463761359,-7.77489979632533e-06,-21.9082386012361
240.7,-23.7397856562749,-23.7397856562749,-21.8790607347897,-7.67420808586272e-06,-21.8790530605816
240.8,-24.2687569853167,-24.2687569853167,-21.8499139722949,-7.57482042057382e-06,-21.8499063974744
240.9,-22.8039133048931,-22.8039133048931,-21.8208060368765,-7.47671991194023e-06,-21.8207985601566
241,-21.7052805445753,-21.7052805445753,-21.7917368768288,-7.37988989016433e-06,-21.7917294969389
241.1,-21.1356191132995,-21.1356191132995,-21.7627064405143,-7.28431390133705e-06,-21.7626991562004
241.2,-21.0135488065975,-21.0135488065975,-21.7337146763645,-7.18997570464172e-06,-21.7337074863888
241.3,-22.2749419758512,-22.2749419758512,-21.704761532879,-7.09685926959422e-06,-21.7047544360197
241.4,-22.6818429981911,-22.6818429981911,-21.675846958626,-7.00494877331932e-06,-21.6758399536773
241.5,-22.1528716691492,-22.1528716691492,-21.6469709022423,-6.91422859786159e-06,-21.6469639880137
241.6,-21.5018300334054,-21.5018300334054,-21.6181333124324,-6.82468332753185e-06,-21.6181264877491
241.7,-21.6645904423413,-21.6645904423413,-21.5893341379694,-6.73629774628749e-06,-21.5893274016717
241.8,-21.5018300334054,-21.5018300334054,-21.5605733276943,-6.64905683514673e-06,-21.5605666786375
241.9,-21.3390696244694,-21.3390696244694,-21.531850830516,-6.56294576963686e-06,-21.5318442675702
242,-22.7225331004251,-22.7225331004251,-21.5031665954113,-6.47794991727478e-06,-21.5031601174614
242.1,-23.3735747361689,-23.3735747361689,-21.4745205714249,-6.3940548350809e-06,-21.4745141773701
242.2,-22.5597726914891,-22.5597726914891,-21.4459127076692,-6.31124626712477e-06,-21.445906396423
242.3,-22.966673713829,-22.966673713829,-21.4173429533241,-6.22951014210252e-06,-21.417336723814
242.4,-23.6177153495729,-23.6177153495729,-21.3888112576371,-6.14883257094605e-06,-21.3888051088046
242.5,-20.9728587043635,-20.9728587043635,-21.3603175699232,-6.06919984446258e-06,-21.3603115007233
242.6,-20.3218170686197,-20.3218170686197,-21.3318618395646,-5.99059843100546e-06,-21.3318558489661
242.7,-20.0776764552157,-20.0776764552157,-21.3034440160108,-5.91301497417458e-06,-21.3034381029959
242.8,-19.7928457395778,-19.7928457395778,-21.2750640487787,-5.83643629054673e-06,-21.2750582123424
242.9,-22.3563221803192,-22.3563221803192,-21.246721887452,-5.76084936743565e-06,-21.2467161266027
243,-22.6818429981911,-22.6818429981911,-21.2184174816816,-5.6862413606805e-06,-21.2184117954402
243.1,-21.6239003401074,-21.6239003401074,-21.1901507811851,-5.61259959246359e-06,-21.1901451685855
243.2,-22.7225331004251,-22.7225331004251,-21.1619217357472,-5.53991154915609e-06,-21.1619161958357
243.3,-22.1935617713832,-22.1935617713832,-21.1337302952192,-5.46816487919126e-06,-21.1337248270543
243.4,-21.4204498289374,-21.4204498289374,-21.1055764095189,-5.39734739096621e-06,-21.1055710121715
243.5,-21.8273508512773,-21.8273508512773,-21.077460028631,-5.3274470507696e-06,-21.0774547011839
243.6,-22.0714914646812,-22.0714914646812,-21.0493811026063,-5.25845198073733e-06,-21.0493758441543
243.7,-20.7287180909596,-20.7287180909596,-21.0213395815623,-5.19035045683394e-06,-21.0213343912119
243.8,-20.8100982954275,-20.8100982954275,-20.9933354156828,-5.12313090686027e-06,-20.9933302925519
243.9,-21.4204498289374,-21.4204498289374,-20.9653685552175,-5.05678190848742e-06,-20.9653634984356
244,-20.1183665574497,-20.1183665574497,-20.9374389504825,-4.99129218731531e-06,-20.9374339591903
244.1,-21.5425201356394,-21.5425201356394,-20.9095465518599,-4.92665061495739e-06,-20.9095416252093
244.2,-22.4783924870212,-22.4783924870212,-20.8816913097977,-4.86284620714931e-06,-20.8816864469515
244.3,-20.2404368641517,-20.2404368641517,-20.8538731748099,-4.79986812188238e-06,-20.8538683749417
244.4,-19.8742259440458,-19.8742259440458,-20.826092097476,-4.73770565756153e-06,-20.8260873597704
244.5,-20.1997467619177,-20.1997467619177,-20.7983480284416,-4.67634825118646e-06,-20.7983433520934
244.6,-18.5721426725581,-18.5721426725581,-20.7706409184176,-4.61578547655706e-06,-20.7706363026321
244.7,-20.6066477842576,-20.6066477842576,-20.7429707181805,-4.55600704250152e-06,-20.7429661621735
244.8,-20.3625071708537,-20.3625071708537,-20.7153373785724,-4.4970027911276e-06,-20.7153328815696
244.9,-19.4673249217058,-19.4673249217058,-20.6877408505004,-4.43876269609669e-06,-20.6877364117377
245,-18.856973388196,-18.856973388196,-20.6601810849372,-4.38127686091987e-06,-20.6601767036604
245.1,-20.6880279887256,-20.6880279887256,-20.6326580329206,-4.32453551727644e-06,-20.6326537083851
245.2,-20.1997467619177,-20.1997467619177,-20.6051716455535,-4.26852902335395e-06,-20.6051673770245
245.3,-20.1997467619177,-20.1997467619177,-20.5777218740037,-4.2132478622097e-06,-20.5777176607559
245.4,-20.2404368641517,-20.2404368641517,-20.5503086695041,-4.1586826401538e-06,-20.5503045108214
245.5,-19.3452546150039,-19.3452546150039,-20.5229319833522,-4.10482408515269e-06,-20.5229278785281
245.6,-18.775593183728,-18.775593183728,-20.4955917669106,-4.05166304525379e-06,-20.4955877152475
245.7,-20.0776764552157,-20.0776764552157,-20.4682879716062,-3.99919048703027e-06,-20.4682839724157
245.8,-20.7694081931936,-20.7694081931936,-20.4410205489307,-3.94739749404592e-06,-20.4410166015333
245.9,-21.0949290110655,-21.0949290110655,-20.4137894504404,-3.89627526534026e-06,-20.4137855541652
246,-20.9728587043635,-20.9728587043635,-20.3865946277558,-3.84581511393279e-06,-20.3865907819407
246.1,-21.2983795222354,-21.2983795222354,-20.3594360325618,-3.79600846534703e-06,-20.3594322365533
246.2,-19.9556061485137,-19.9556061485137,-20.3323136166076,-3.74684685615342e-06,-20.3323098697607
246.3,-19.8742259440458,-19.8742259440458,-20.3052273317065,-3.69832193253112e-06,-20.3052236333845
246.4,-19.5487051261738,-19.5487051261738,-20.2781771297359,-3.65042544884859e-06,-20.2781734793104
246.5,-17.8804109345802,-17.8804109345802,-20.2511629626373,-3.60314926626233e-06,-20.251159359488
246.6,-18.3280020591541,-18.3280020591541,-20.2241847824159,-3.55648535133396e-06,-20.2241812259305
246.7,-21.1763092155335,-21.1763092155335,-20.1972425411408,-3.51042577466517e-06,-20.1972390307151
246.8,-21.5018300334054,-21.5018300334054,-20.1703361909451,-3.46496270955013e-06,-20.1703327259824
246.9,-18.816283285962,-18.816283285962,-20.1434656840252,-3.42008843064576e-06,-20.1434622639368
247,-18.734903081494,-18.734903081494,-20.1166309726413,-3.37579531265882e-06,-20.116627596846
247.1,-18.5721426725581,-18.5721426725581,-20.0898320091169,-3.33207582905028e-06,-20.0898286770411
247.2,-19.9149160462797,-19.9149160462797,-20.0630687458392,-3.28892255075636e-06,-20.0630654569166
247.3,-20.3218170686197,-20.3218170686197,-20.0363411352584,-3.24632814492602e-06,-20.0363378889302
247.4,-18.5721426725581,-18.5721426725581,-20.0096491298881,-3.20428537367512e-06,-20.0096459256027
247.5,-19.2638744105359,-19.2638744105359,-19.9829926823051,-3.16278709285633e-06,-19.982989519518
247.6,-17.7990307301122,-17.7990307301122,-19.9563717451493,-3.12182625084529e-06,-19.956368623323
247.7,-17.6769604234103,-17.6769604234103,-19.9297862711234,-3.08139588734231e-06,-19.9297831897275
247.8,-18.653522877026,-18.653522877026,-19.9032362129931,-3.04148913218956e-06,-19.903233171504
247.9,-18.734903081494,-18.734903081494,-19.8767215235871,-3.00209920420382e-06,-19.8767185214879
248,-18.979043694898,-18.979043694898,-19.8502421557967,-2.96321941002399e-06,-19.8502391925773
248.1,-20.0369863529817,-20.0369863529817,-19.8237980625758,-2.9248431429739e-06,-19.8237951377326
248.2,-19.5487051261738,-19.5487051261738,-19.7973891969409,-2.88696388193955e-06,-19.797386309977
248.3,-18.3280020591541,-18.3280020591541,-19.7710155119711,-2.849575190261e-06,-19.7710126623959
248.4,-19.2638744105359,-19.2638744105359,-19.7446769608079,-2.81267071463872e-06,-19.7446741481372
248.5,-18.856973388196,-18.856973388196,-19.718373496655,-2.77624418405383e-06,-19.7183707204108
248.6,-18.612832774792,-18.612832774792,-19.6921050727785,-2.74028940870271e-06,-19.6921023324891
248.7,-18.1652416502182,-18.1652416502182,-19.6658716425067,-2.70480027894501e-06,-19.6658689377064
248.8,-20.4031972730876,-20.4031972730876,-19.6396731592297,-2.66977076426553e-06,-19.6396704894589
248.9,-19.6300853306418,-19.6300853306418,-19.6135095763999,-2.63519491224953e-06,-19.613506941205
249,-18.1652416502182,-18.1652416502182,-19.5873808475316,-2.60106684757115e-06,-19.5873782464648
249.1,-18.0024812412822,-18.0024812412822,-19.5612869262008,-2.56738077099516e-06,-19.56128435882
249.2,-18.2059317524522,-18.2059317524522,-19.5352277660453,-2.53413095839146e-06,-19.5352252319143
249.3,-18.0024812412822,-18.0024812412822,-19.5092033207646,-2.50131175976238e-06,-19.5092008194529
249.4,-18.612832774792,-18.612832774792,-19.4832135441199,-2.46891759828267e-06,-19.4832110752023
249.5,-18.979043694898,-18.979043694898,-19.4572583899338,-2.43694296935176e-06,-19.4572559529908
249.6,-18.2059317524522,-18.2059317524522,-19.4313378120902,-2.40538243965851e-06,-19.4313354067078
249.7,-18.5721426725581,-18.5721426725581,-19.4054517645347,-2.37423064625785e-06,-19.4054493903041
249.8,-18.3280020591541,-18.3280020591541,-19.379600201274,-2.34348229565948e-06,-19.3795978577917
249.9,-19.019733797132,-19.019733797132,-19.3537830763758,-2.31313216292847e-06,-19.3537807632436
250,-18.653522877026,-18.653522877026,-19.3280003439692,-2.28317509079725e-06,-19.3279980607941
250.1,-17.3514396055383,-17.3514396055383,-19.3022519582443,-2.25360598878943e-06,-19.3022497046383
250.2,-17.9211010368142,-17.9211010368142,-19.2765378734519,-2.22441983235469e-06,-19.2765356490321
250.3,-18.612832774792,-18.612832774792,-19.250858043904,-2.19561166201496e-06,-19.2508558482923
250.4,-18.979043694898,-18.979043694898,-19.2252124239731,-2.16717658252179e-06,-19.2252102567965
250.5,-20.8914784998955,-20.8914784998955,-19.1996009680926,-2.13910976202438e-06,-19.1995988289828
250.6,-17.5548901167083,-17.5548901167083,-19.1740236307565,-2.11140643124867e-06,-19.1740215193501
250.7,-15.9272860273487,-15.9272860273487,-19.1484803665193,-2.08406188268681e-06,-19.1484782824574
250.8,-18.2059317524522,-18.2059317524522,-19.122971129996,-2.05707146979725e-06,-19.1229690729245
250.9,-19.9962962507477,-19.9962962507477,-19.097495875862,-2.03043060621524e-06,-19.0974938454314
251,-21.0542389088315,-21.0542389088315,-19.0720545588529,-2.00413476497338e-06,-19.0720525547182
251.1,-19.6300853306418,-19.6300853306418,-19.0466471337648,-1.97817947773247e-06,-19.0466451555853
251.2,-18.1652416502182,-18.1652416502182,-19.0212735554536,-1.95256033402221e-06,-19.0212716028933
251.3,-17.5955802189423,-17.5955802189423,-18.9959337788356,-1.92727298049167e-06,-18.9959318515626
251.4,-17.8397208323462,-17.8397208323462,-18.9706277588869,-1.90231312016963e-06,-18.9706258565737
251.5,-17.4735099122403,-17.4735099122403,-18.9453554506434,-1.87767651173437e-06,-18.9453535729669
251.6,-18.5721426725581,-18.5721426725581,-18.9201168092012,-1.85335896879299e-06,-18.9201149558422
251.7,-18.979043694898,-18.979043694898,-18.8949117897158,-1.82935635917001e-06,-18.8949099603595
251.8,-18.856973388196,-18.856973388196,-18.8697403474027,-1.80566460420518e-06,-18.8697385417381
251.9,-19.2638744105359,-19.2638744105359,-18.8446024375366,-1.78227967806052e-06,-18.8446006552569
252,-19.3859447172379,-19.3859447172379,-18.8194980154521,-1.75919760703607e-06,-18.8194962562545
252.1,-19.5893952284078,-19.5893952284078,-18.794427036543,-1.73641446889479e-06,-18.7944253001285
252.2,-17.4735099122403,-17.4735099122403,-18.7693894562625,-1.71392639219602e-06,-18.7693877423361
252.3,-17.8804109345802,-17.8804109345802,-18.7443852301233,-1.69172955563757e-06,-18.7443835383937
252.4,-19.3045645127699,-19.3045645127699,-18.7194143136969,-1.66982018740651e-06,-18.7194126438767
252.5,-17.9617911390482,-17.9617911390482,-18.6944766626143,-1.64819456453809e-06,-18.6944750144197
252.6,-17.3107495033044,-17.3107495033044,-18.6695722325654,-1.62684901228325e-06,-18.6695706057164
252.7,-19.3452546150039,-19.3452546150039,-18.644700979299,-1.60577990348411e-06,-18.6446993735191
252.8,-19.3859447172379,-19.3859447172379,-18.619862858623,-1.5849836579576e-06,-18.6198612736393
252.9,-18.89766349043,-18.89766349043,-18.5950578264038,-1.56445674188718e-06,-18.5950562619471
253,-19.5893952284078,-19.5893952284078,-18.5702858385669,-1.54419566722228e-06,-18.5702842943712
253.1,-19.9556061485137,-19.9556061485137,-18.5455468510961,-1.52419699108563e-06,-18.5455453268991
253.2,-19.4673249217058,-19.4673249217058,-18.5208408200341,-1.50445731518821e-06,-18.5208393155768
253.3,-16.4562573563906,-16.4562573563906,-18.496167701482,-1.48497328525177e-06,-18.4961662165087
253.4,-17.8804109345802,-17.8804109345802,-18.4715274515991,-1.46574159043894e-06,-18.4715259858575
253.5,-19.6707754328758,-19.6707754328758,-18.4469200266034,-1.4467589627905e-06,-18.4469185798445
253.6,-17.4328198100063,-17.4328198100063,-18.422345382771,-1.4280221766702e-06,-18.4223439547488
253.7,-16.9852286854324,-16.9852286854324,-18.3978034764362,-1.40952804821655e-06,-18.3978020669081
253.8,-15.0727938804349,-15.0727938804349,-18.3732942639913,-1.39127343480184e-06,-18.3732928727179
253.9,-15.3576245960728,-15.3576245960728,-18.348817701887,-1.37325523449814e-06,-18.3488163286318
254,-14.7879631647969,-14.7879631647969,-18.3243737466316,-1.35547038555014e-06,-18.3243723911612
254.1,-15.1948641871369,-15.1948641871369,-18.2999623547914,-1.33791586585498e-06,-18.2999610168755
254.2,-15.6017652094768,-15.6017652094768,-18.2755834829906,-1.32058869244862e-06,-18.2755821624019
254.3,-15.4390048005408,-15.4390048005408,-18.251237087911,-1.30348592099899e-06,-18.2512357844251
254.4,-15.3169344938388,-15.3169344938388,-18.2269231262922,-1.28660464530572e-06,-18.2269218396876
254.5,-14.1776116312871,-14.1776116312871,-18.2026415549313,-1.26994199680621e-06,-18.2026402849893
254.6,-15.5610751072428,-15.5610751072428,-18.1783923306829,-1.25349514408829e-06,-18.1783910771878
254.7,-15.6424553117107,-15.6424553117107,-18.1541754104591,-1.237261292409e-06,-18.1541741731978
254.8,-15.1948641871368,-15.1948641871368,-18.1299907512293,-1.22123768321975e-06,-18.1299895299916
254.9,-14.747273062563,-14.747273062563,-18.10583831002,-1.20542159369755e-06,-18.1058371045985
255,-15.0727938804349,-15.0727938804349,-18.0817180439154,-1.18981033628233e-06,-18.081716854105
255.1,-15.0321037782009,-15.0321037782009,-18.0576299100562,-1.17440125822025e-06,-18.057628735655
255.2,-14.503132449159,-14.503132449159,-18.0335738656407,-1.15919174111296e-06,-18.0335727064489
255.3,-13.8927809156492,-13.8927809156492,-18.0095498679238,-1.14417920047263e-06,-18.0095487237446
255.4,-16.3341870496886,-16.3341870496886,-17.9855578742174,-1.1293610852828e-06,-17.9855567448563
255.5,-16.4969474586245,-16.4969474586245,-17.9615978418905,-1.11473487756487e-06,-17.9615967271556
255.6,-17.9211010368142,-17.9211010368142,-17.9376697283683,-1.10029809195029e-06,-17.9376686280702
255.7,-15.4390048005408,-15.4390048005408,-17.9137734911332,-1.08604827525817e-06,-17.9137724050849
255.8,-15.3169344938388,-15.3169344938388,-17.889909087724,-1.07198300607844e-06,-17.8899080157409
255.9,-17.3514396055384,-17.3514396055384,-17.8660764757358,-1.05809989436041e-06,-17.8660754176359
256,-15.7645256184127,-15.7645256184127,-17.8422756128206,-1.0443965810066e-06,-17.842274568424
256.1,-16.4155672541566,-16.4155672541566,-17.8185064566864,-1.03087073747191e-06,-17.8185054258156
256.2,-16.4562573563906,-16.4562573563906,-17.7947689650977,-1.01752006536795e-06,-17.7947679475776
256.3,-15.0727938804349,-15.0727938804349,-17.771063095875,-1.0043422960724e-06,-17.7710620915328
256.4,-14.9100334714989,-14.9100334714989,-17.7473888068954,-9.91335190343616e-07,-17.7473878155602
256.5,-15.4796949027748,-15.4796949027748,-17.7237460560916,-9.78496537940062e-07,-17.723745077595
256.6,-15.3169344938388,-15.3169344938388,-17.7001348014525,-9.65824157244744e-07,-17.7001338356283
256.7,-15.9272860273487,-15.9272860273487,-17.6765550010229,-9.53315894894528e-07,-17.676554047707
256.8,-14.747273062563,-14.747273062563,-17.6530066129036,-9.40969625414174e-07,-17.653005671934
256.9,-16.9445385831984,-16.9445385831984,-17.6294895952509,-9.28783250855218e-07,-17.6294886664677
257,-17.8397208323462,-17.8397208323462,-17.6060039062771,-9.16754700439451e-07,-17.6060029895224
257.1,-16.7817781742625,-16.7817781742625,-17.5825495042499,-9.0488193020702e-07,-17.582548599368
257.2,-14.625202755861,-14.625202755861,-17.5591263474927,-8.93162922669159e-07,-17.5591254543298
257.3,-13.1603590754373,-13.1603590754373,-17.5357343943843,-8.81595686465304e-07,-17.5357335127887
257.4,-13.7300205067132,-13.7300205067132,-17.512373603359,-8.70178256024766e-07,-17.5123727331808
257.5,-14.8693433692649,-14.8693433692649,-17.4890439329064,-8.589086912327e-07,-17.4890430739977
257.6,-14.9507235737329,-14.9507235737329,-17.4657453415712,-8.47785077100419e-07,-17.4657444937861
257.7,-15.9679761295827,-15.9679761295827,-17.4424777879536,-8.36805523440028e-07,-17.4424769511481
257.8,-15.9272860273487,-15.9272860273487,-17.4192412307087,-8.25968164543183e-07,-17.4192404047405
257.9,-14.0962314268191,-14.0962314268191,-17.3960356285467,-8.152711588641e-07,-17.3960348132756
258,-13.4044996888413,-13.4044996888413,-17.3728609402329,-8.04712688706628e-07,-17.3728601355202
258.1,-12.8755283597994,-12.8755283597994,-17.3497171245871,-7.94290959915319e-07,-17.3497163302962
258.2,-14.2589918357551,-14.2589918357551,-17.3266041404845,-7.84004201570646e-07,-17.3266033564803
258.3,-15.3576245960728,-15.3576245960728,-17.3035219468547,-7.73850665687985e-07,-17.303521173004
258.4,-13.7300205067132,-13.7300205067132,-17.2804705026819,-7.63828626920665e-07,-17.2804697388532
258.5,-13.3231194843733,-13.3231194843733,-17.2574497670051,-7.53936382266747e-07,-17.2574490130687
258.6,-14.8693433692649,-14.8693433692649,-17.2344596989179,-7.4417225077963e-07,-17.2344589547456
258.7,-14.665892858095,-14.665892858095,-17.2115002575681,-7.34534573282458e-07,-17.2114995230335
258.8,-15.5203850050088,-15.5203850050088,-17.1885714021582,-7.25021712086133e-07,-17.1885706771365
258.9,-15.1134839826689,-15.1134839826689,-17.1656730919447,-7.15632050711072e-07,-17.1656723763126
259,-14.543822551393,-14.543822551393,-17.1428052862386,-7.06363993612507e-07,-17.1428045798746
259.1,-12.9975986665014,-12.9975986665014,-17.119967944405,-6.97215965909346e-07,-17.119967247189
259.2,-13.4451897910753,-13.4451897910753,-17.0971610258631,-6.88186413116597e-07,-17.0971603376766
259.3,-15.1134839826689,-15.1134839826689,-17.074384490086,-6.79273800881179e-07,-17.0743838108122
259.4,-13.8520908134152,-13.8520908134152,-17.051638296601,-6.70476614721232e-07,-17.0516376261244
259.5,-13.2824293821393,-13.2824293821393,-17.0289224049891,-6.61793359768754e-07,-17.0289217431958
259.6,-15.8459058228807,-15.8459058228807,-17.0062367748853,-6.53222560515567e-07,-17.0062361216627
259.7,-16.3341870496886,-16.3341870496886,-16.9835813659781,-6.44762760562625e-07,-16.9835807212154
259.8,-16.9038484809644,-16.9038484809644,-16.9609561380099,-6.36412522372498e-07,-16.9609555015974
259.9,-15.0321037782009,-15.0321037782009,-16.9383610507766,-6.2817042702513e-07,-16.9383604226062
260,-14.625202755861,-14.625202755861,-16.9157960641276,-6.2003507397671e-07,-16.9157954440926
260.1,-15.6424553117107,-15.6424553117107,-16.8932611379659,-6.12005080821677e-07,-16.8932605259608
260.2,-13.8927809156491,-13.8927809156491,-16.8707562322477,-6.04079083057838e-07,-16.8707556281686
260.3,-12.7127679508634,-12.7127679508634,-16.8482813069827,-5.96255733854475e-07,-16.8482807107269
260.4,-13.6486403022452,-13.6486403022452,-16.8258363222336,-5.88533703823508e-07,-16.8258357336999
260.5,-14.462442346925,-14.462442346925,-16.8034212381167,-5.80911680793591e-07,-16.803420657205
260.6,-14.0148512223511,-14.0148512223511,-16.7810360148009,-5.73388369587125e-07,-16.7810354414126
260.7,-14.2589918357551,-14.2589918357551,-16.7586806125086,-5.659624918002e-07,-16.7586800465461
260.8,-14.584512653627,-14.584512653627,-16.7363549915149,-5.58632785585335e-07,-16.7363544328821
260.9,-15.5203850050088,-15.5203850050088,-16.7140591121477,-5.51398005437082e-07,-16.7140585607497
261,-14.9100334714989,-14.9100334714989,-16.6917929347881,-5.4425692198037e-07,-16.6917923905311
261.1,-13.8114007111812,-13.8114007111812,-16.6695564198695,-5.37208321761593e-07,-16.6695558826612
261.2,-15.2762443916048,-15.2762443916048,-16.6473495278785,-5.30251007042438e-07,-16.6473489976275
261.3,-16.0086662318167,-16.0086662318167,-16.6251722193538,-5.23383795596332e-07,-16.62517169597
261.4,-16.1714266407526,-16.1714266407526,-16.603024454887,-5.16605520507572e-07,-16.6030239382815
261.5,-16.3748771519226,-16.3748771519226,-16.580906195122,-5.09915029973029e-07,-16.580905685207
261.6,-16.7410880720285,-16.7410880720285,-16.5588174007552,-5.03311187106414e-07,-16.5588168974441
261.7,-16.1714266407526,-16.1714266407526,-16.5367580325354,-4.96792869745119e-07,-16.5367575357425
261.8,-17.1479890943684,-17.1479890943684,-16.5147280512634,-4.90358970259503e-07,-16.5147275609044
261.9,-15.8052157206467,-15.8052157206467,-16.4927274177924,-4.84008395364702e-07,-16.492726933784
262,-13.8520908134152,-13.8520908134152,-16.4707560930279,-4.77740065934839e-07,-16.4707556152878
262.1,-15.1541740849028,-15.1541740849028,-16.448814037927,-4.71552916819649e-07,-16.4488135663741
262.2,-16.4562573563905,-16.4562573563905,-16.4269012134992,-4.65445896663499e-07,-16.4269007480533
262.3,-16.5376375608585,-16.5376375608585,-16.4050175808057,-4.59417967726713e-07,-16.4050171213877
262.4,-15.8865959251147,-15.8865959251147,-16.3831631009596,-4.53468105709257e-07,-16.3831626474915
262.5,-16.3341870496886,-16.3341870496886,-16.361337735126,-4.4759529957667e-07,-16.3613372875307
262.6,-17.3514396055383,-17.3514396055383,-16.3395414445213,-4.41798551388259e-07,-16.3395410027227
262.7,-15.8459058228807,-15.8459058228807,-16.3177741904139,-4.36076876127542e-07,-16.317773754337
262.8,-15.8459058228807,-15.8459058228807,-16.2960359341236,-4.30429301534844e-07,-16.2960355036943
262.9,-17.3107495033044,-17.3107495033044,-16.2743266370218,-4.24854867942108e-07,-16.2743262121669
263,-16.7817781742625,-16.7817781742625,-16.2526462605312,-4.19352628109811e-07,-16.2526458411786
263.1,-16.0493563340506,-16.0493563340506,-16.2309947661261,-4.13921647065998e-07,-16.2309943522045
263.2,-16.3748771519226,-16.3748771519226,-16.209372115332,-4.08561001947423e-07,-16.209371706771
263.3,-15.2762443916048,-15.2762443916048,-16.1877782697254,-4.03269781842712e-07,-16.1877778664556
263.4,-16.2934969474546,-16.2934969474546,-16.1662131909344,-3.98047087637593e-07,-16.1662127928873
263.5,-15.7238355161787,-15.7238355161787,-16.1446768406379,-3.92892031862105e-07,-16.1446764477458
263.6,-14.584512653627,-14.584512653627,-16.1231691805659,-3.87803738539785e-07,-16.1231687927621
263.7,-14.0962314268191,-14.0962314268191,-16.1016901724994,-3.82781343038839e-07,-16.101689789718
263.8,-14.543822551393,-14.543822551393,-16.0802397782702,-3.77823991925196e-07,-16.0802394004462
263.9,-13.9741611201171,-13.9741611201171,-16.0588179597612,-3.72930842817504e-07,-16.0588175868303
264,-12.9162184620334,-12.9162184620334,-16.0374246789057,-3.68101064243984e-07,-16.0374243108046
264.1,-12.7941481553314,-12.7941481553314,-16.0160598976879,-3.6333383550113e-07,-16.016059534354
264.2,-14.421752244691,-14.421752244691,-15.9947235781426,-3.58628346514269e-07,-15.9947232195142
264.3,-15.9679761295827,-15.9679761295827,-15.9734156823551,-3.53983797699893e-07,-15.9734153283713
264.4,-17.1479890943684,-17.1479890943684,-15.9521361724613,-3.49399399829798e-07,-15.9521358230619
264.5,-16.6597078675605,-16.6597078675605,-15.9308850106475,-3.44874373896975e-07,-15.9308846657732
264.6,-16.3341870496886,-16.3341870496886,-15.9096621591503,-3.40407950983224e-07,-15.9096618187423
264.7,-15.3983146983068,-15.3983146983068,-15.8884675802566,-3.35999372128513e-07,-15.8884672442572
264.8,-15.8459058228807,-15.8459058228807,-15.8673012363035,-3.31647888201994e-07,-15.8673009046556
264.9,-16.4562573563906,-16.4562573563906,-15.8461630896783,-3.27352759774722e-07,-15.8461627623256
265,-15.6424553117107,-15.6424553117107,-15.8250531028185,-3.23113256993998e-07,-15.8250527797053
265.1,-15.7645256184127,-15.7645256184127,-15.8039712382115,-3.18928659459343e-07,-15.8039709192828
265.2,-16.4969474586245,-16.4969474586245,-15.7829174583946,-3.14798256100101e-07,-15.7829171435963
265.3,-15.5203850050088,-15.5203850050088,-15.761891725955,-3.1072134505459e-07,-15.7618914152337
265.4,-16.2528068452206,-16.2528068452206,-15.74089400353,-3.06697233550851e-07,-15.7408936968327
265.5,-16.3748771519226,-16.3748771519226,-15.7199242538063,-3.02725237788927e-07,-15.719923951081
265.6,-15.8052157206467,-15.8052157206467,-15.6989824395204,-2.98804682824657e-07,-15.6989821407158
265.7,-14.2183017335211,-14.2183017335211,-15.6780685234587,-2.94934902455003e-07,-15.6780682285238
265.8,-15.7238355161787,-15.7238355161787,-15.6571824684567,-2.91115239104824e-07,-15.6571821773415
265.9,-17.4735099122403,-17.4735099122403,-15.6363242373997,-2.87345043715159e-07,-15.6363239500547
266,-15.7238355161787,-15.7238355161787,-15.6154937932225,-2.83623675632922e-07,-15.6154935095988
266.1,-14.7879631647969,-14.7879631647969,-15.5946910989089,-2.79950502502037e-07,-15.5946908189584
266.2,-14.665892858095,-14.665892858095,-15.5739161174924,-2.76324900155995e-07,-15.5739158411675
266.3,-13.5265699955432,-13.5265699955432,-15.5531688120554,-2.72746252511779e-07,-15.5531685393092
266.4,-14.421752244691,-14.421752244691,-15.5324491457298,-2.69213951465189e-07,-15.5324488765158
266.5,-15.0321037782009,-15.0321037782009,-15.5117570816963,-2.65727396787502e-07,-15.5117568159689
266.6,-14.9507235737329,-14.9507235737329,-15.4910925831848,-2.62285996023472e-07,-15.4910923208988
266.7,-15.8052157206467,-15.8052157206467,-15.4704556134741,-2.58889164390674e-07,-15.4704553545849
266.8,-14.9507235737329,-14.9507235737329,-15.4498461358919,-2.55536324680114e-07,-15.4498458803556
266.9,-13.2824293821393,-13.2824293821393,-15.4292641138149,-2.52226907158161e-07,-15.429263861588
267,-12.9569085642674,-12.9569085642674,-15.4087095106684,-2.48960349469732e-07,-15.4087092617081
267.1,-14.0148512223511,-14.0148512223511,-15.3881822899265,-2.45736096542725e-07,-15.3881820441904
267.2,-14.421752244691,-14.421752244691,-15.3676824151119,-2.4255360049371e-07,-15.3676821725583
267.3,-16.8224682764965,-16.8224682764965,-15.3472098497959,-2.39412320534818e-07,-15.3472096103835
267.4,-17.5955802189423,-17.5955802189423,-15.3267645575982,-2.36311722881858e-07,-15.3267643212865
267.5,-16.9445385831984,-16.9445385831984,-15.3063465021873,-2.33251280663607e-07,-15.306346268936
267.6,-15.7645256184127,-15.7645256184127,-15.2859556472796,-2.3023047383228e-07,-15.2859554170491
267.7,-14.706582960329,-14.706582960329,-15.2655919566403,-2.27248789075166e-07,-15.2655917293915
267.8,-15.3169344938388,-15.3169344938388,-15.2452553940825,-2.24305719727396e-07,-15.2452551697768
267.9,-13.8114007111812,-13.8114007111812,-15.2249459234678,-2.21400765685855e-07,-15.224945702067
268,-15.3576245960728,-15.3576245960728,-15.2046635087056,-2.18533433324198e-07,-15.2046632901721
268.1,-14.0962314268191,-14.0962314268191,-15.1844081137536,-2.15703235408967e-07,-15.1844078980503
268.2,-14.0148512223511,-14.0148512223511,-15.1641797026174,-2.12909691016804e-07,-15.1641794897077
268.3,-16.3341870496886,-16.3341870496886,-15.1439782393507,-2.10152325452724e-07,-15.1439780291984
268.4,-16.3748771519226,-16.3748771519226,-15.1238036880549,-2.07430670169457e-07,-15.1238034806242
268.5,-15.4390048005408,-15.4390048005408,-15.1036560128792,-2.04744262687828e-07,-15.1036558081349
268.6,-15.1948641871369,-15.1948641871369,-15.0835351780207,-2.02092646518163e-07,-15.0835349759281
268.7,-15.5610751072428,-15.5610751072428,-15.0634411477241,-1.99475371082736e-07,-15.0634409482488
268.8,-15.1948641871369,-15.1948641871369,-15.0433738862818,-1.96891991639185e-07,-15.0433736893898
268.9,-15.6831454139447,-15.6831454139447,-15.0233333580335,-1.94342069204954e-07,-15.0233331636915
269,-15.9679761295827,-15.9679761295827,-15.0033195273668,-1.91825170482691e-07,-15.0033193355416
269.1,-14.503132449159,-14.503132449159,-14.9833323587163,-1.8934086778662e-07,-14.9833321693755
269.2,-14.0148512223511,-14.0148512223511,-14.9633718165644,-1.8688873896987e-07,-14.9633716296757
269.3,-15.1541740849029,-15.1541740849029,-14.9434378654405,-1.84468367352736e-07,-14.9434376809721
269.4,-14.8693433692649,-14.8693433692649,-14.9235304699212,-1.8207934165188e-07,-14.9235302878419
269.5,-16.1307365385186,-16.1307365385186,-14.9036495946307,-1.79721255910441e-07,-14.9036494149094
269.6,-14.462442346925,-14.462442346925,-14.8837952042398,-1.77393709429047e-07,-14.8837950268461
269.7,-14.2996819379891,-14.2996819379891,-14.8639672634667,-1.7509630669774e-07,-14.8639670883704
269.8,-14.543822551393,-14.543822551393,-14.8441657370764,-1.72828657328751e-07,-14.8441655642478
269.9,-14.747273062563,-14.747273062563,-14.8243905898811,-1.70590375990177e-07,-14.8243904192907
270,-15.6424553117108,-15.6424553117108,-14.8046417867394,-1.68381082340498e-07,-14.8046416183583
270.1,-16.1714266407526,-16.1714266407526,-14.7849192925572,-1.66200400963944e-07,-14.7849191263568
270.2,-16.7003979697945,-16.7003979697945,-14.7652230722869,-1.6404796130671e-07,-14.765222908239
270.3,-16.8631583787305,-16.8631583787305,-14.7455530909276,-1.6192339761398e-07,-14.7455529290042
270.4,-14.9100334714989,-14.9100334714989,-14.725909313525,-1.59826348867785e-07,-14.7259091536986
270.5,-13.2824293821393,-13.2824293821393,-14.7062917051713,-1.57756458725651e-07,-14.7062915474149
270.6,-14.9507235737329,-14.9507235737329,-14.6867002310055,-1.55713375460047e-07,-14.6867000752921
270.7,-14.0962314268191,-14.0962314268191,-14.6671348562127,-1.53696751898623e-07,-14.6671347025159
270.8,-13.4044996888413,-13.4044996888413,-14.6475955460244,-1.51706245365209e-07,-14.6475953943181
270.9,-11.0851638615038,-11.0851638615038,-14.6280822657186,-1.4974151762159e-07,-14.6280821159771
271,-9.86446079448407,-9.86446079448407,-14.6085949806195,-1.47802234810034e-07,-14.6085948328172
271.1,-11.4106846793757,-11.4106846793757,-14.5891336560973,-1.4588806739655e-07,-14.5891335102092
271.2,-11.5327549860777,-11.5327549860777,-14.5696982575685,-1.43998690114905e-07,-14.5696981135698
271.3,-10.5968826346959,-10.5968826346959,-14.5502887504956,-1.42133781911342e-07,-14.5502886083618
271.4,-11.0851638615038,-11.0851638615038,-14.5309051003872,-1.4029302589003e-07,-14.5309049600942
271.5,-10.5155024302279,-10.5155024302279,-14.5115472727978,-1.38476109259218e-07,-14.5115471343217
271.6,-9.00996864757028,-9.00996864757028,-14.4922152333276,-1.36682723278074e-07,-14.4922150966448
271.7,-7.95202598948653,-7.95202598948653,-14.4729089476228,-1.34912563204235e-07,-14.4729088127102
271.8,-8.84720823863432,-8.84720823863432,-14.4536283813754,-1.33165328242009e-07,-14.45362824821
271.9,-10.393432123526,-10.393432123526,-14.4343735003229,-1.31440721491277e-07,-14.4343733688822
272,-9.4168696699102,-9.4168696699102,-14.4151442702487,-1.29738449897031e-07,-14.4151441405102
272.1,-8.19616660289048,-8.19616660289048,-14.3959406569815,-1.28058224199578e-07,-14.3959405289233
272.2,-8.35892701182643,-8.35892701182643,-14.3767626263958,-1.26399758885394e-07,-14.376762499996
272.3,-9.17272905650625,-9.17272905650625,-14.3576101444112,-1.24762772138599e-07,-14.3576100196484
272.4,-9.3761795676762,-9.3761795676762,-14.338483176993,-1.23146985793078e-07,-14.3384830538461
272.5,-9.05065874980427,-9.05065874980427,-14.3193816901518,-1.21552125285206e-07,-14.3193815685997
272.6,-7.95202598948653,-7.95202598948653,-14.3003056499433,-1.19977919607195e-07,-14.3003055299654
272.7,-7.42305466044466,-7.42305466044466,-14.2812550224686,-1.18424101261047e-07,-14.2812549040445
272.8,-8.84720823863432,-8.84720823863432,-14.2622297738738,-1.16890406213091e-07,-14.2622296569834
272.9,-10.0272212034201,-10.0272212034201,-14.2432298703501,-1.15376573849124e-07,-14.2432297549735
273,-10.7596430436319,-10.7596430436319,-14.2242552781339,-1.13882346930126e-07,-14.2242551642516
273.1,-11.3699945771417,-11.3699945771417,-14.2053059635065,-1.1240747154854e-07,-14.205305851099
273.2,-10.6782628391639,-10.6782628391639,-14.186381892794,-1.10951697085138e-07,-14.1863817818423
273.3,-9.57963007884617,-9.57963007884617,-14.1674830323674,-1.09514776166425e-07,-14.1674829228527
273.4,-9.62032018108015,-9.62032018108015,-14.1486093486427,-1.0809646462261e-07,-14.1486092405462
273.5,-7.6671952738486,-7.6671952738486,-14.1297608080803,-1.06696521446113e-07,-14.1297607013838
273.6,-9.94584099895206,-9.94584099895206,-14.1109373771854,-1.0531470875061e-07,-14.1109372718707
273.7,-11.3699945771417,-11.3699945771417,-14.092139022508,-1.03950791730614e-07,-14.0921389185573
273.8,-11.2886143726738,-11.2886143726738,-14.0733657106425,-1.02604538621571e-07,-14.073365608038
273.9,-10.7596430436319,-10.7596430436319,-14.0546174082277,-1.0127572066048e-07,-14.054617306952
274,-10.8003331458659,-10.8003331458659,-14.035894081947,-9.99641120470213e-08,-14.0358939819829
274.1,-12.1837966218216,-12.1837966218216,-14.0171956985281,-9.8669489905183e-08,-14.0171955998586
274.2,-11.0851638615038,-11.0851638615038,-13.998522224743,-9.7391634245394e-08,-13.9985221273514
274.3,-11.2072341682058,-11.2072341682058,-13.9798736274081,-9.61303279271367e-08,-13.9798735312778
274.4,-12.2244867240555,-12.2244867240555,-13.9612498733839,-9.48853566220537e-08,-13.9612497784985
274.5,-10.8003331458659,-10.8003331458659,-13.9426509295749,-9.36565087775264e-08,-13.9426508359184
274.6,-10.23067171459,-10.23067171459,-13.9240767629299,-9.24435755807245e-08,-13.9240766704864
274.7,-10.7189529413979,-10.7189529413979,-13.9055273404418,-9.1246350923128e-08,-13.9055272491954
274.8,-11.4513747816097,-11.4513747816097,-13.8870026291471,-9.00646313654986e-08,-13.8870025390824
274.9,-11.5734450883117,-11.5734450883117,-13.8685025961265,-8.8898216103315e-08,-13.8685025072283
275,-9.29479936320821,-9.29479936320821,-13.8500272085045,-8.77469069326491e-08,-13.8500271207576
275.1,-10.5968826346959,-10.5968826346959,-13.8315764334493,-8.66105082164839e-08,-13.8315763468388
275.2,-11.1258539637378,-11.1258539637378,-13.8131502381731,-8.54888268514745e-08,-13.8131501526842
275.3,-11.2886143726738,-11.2886143726738,-13.7947485899313,-8.43816722351294e-08,-13.7947485055496
275.4,-11.6141351905457,-11.6141351905457,-13.7763714560233,-8.32888562334272e-08,-13.7763713727345
275.5,-12.6720778486294,-12.6720778486294,-13.758018803792,-8.22101931488454e-08,-13.7580187215818
275.6,-11.0444737592698,-11.0444737592698,-13.7396906006237,-8.11454996888042e-08,-13.7396905194782
275.7,-11.0444737592698,-11.0444737592698,-13.7213868139483,-8.00945949345242e-08,-13.7213867338537
275.8,-13.7300205067132,-13.7300205067132,-13.7031074112388,-7.90573003102791e-08,-13.7031073321815
275.9,-13.8114007111812,-13.8114007111812,-13.6848523600117,-7.80334395530556e-08,-13.6848522819783
276,-14.0555413245851,-14.0555413245851,-13.666621627827,-7.70228386825991e-08,-13.6666215508041
276.1,-13.8520908134152,-13.8520908134152,-13.6484151822874,-7.60253259718493e-08,-13.6484151062621
276.2,-15.6017652094768,-15.6017652094768,-13.6302329910393,-7.50407319177624e-08,-13.6302329159986
276.3,-13.0382887687353,-13.0382887687353,-13.6120750217717,-7.40688892125045e-08,-13.6120749477029
276.4,-12.2244867240555,-12.2244867240555,-13.5939412422171,-7.3109632715025e-08,-13.5939411691074
276.5,-12.5093174396935,-12.5093174396935,-13.5758316201506,-7.21627994229935e-08,-13.5758315479878
276.6,-13.7300205067132,-13.7300205067132,-13.5577461233904,-7.12282284451e-08,-13.5577460521621
276.7,-14.2589918357551,-14.2589918357551,-13.5396847197976,-7.03057609737188e-08,-13.5396846494918
276.8,-13.1603590754373,-13.1603590754373,-13.521647377276,-6.93952402579188e-08,-13.5216473078807
276.9,-12.6313877463954,-12.6313877463954,-13.5036340637722,-6.84965115768315e-08,-13.5036339952757
277,-13.5672600977772,-13.5672600977772,-13.4856447472756,-6.76094222133579e-08,-13.4856446796662
277.1,-13.4044996888413,-13.4044996888413,-13.4676793958182,-6.67338214282168e-08,-13.4676793290843
277.2,-13.2824293821393,-13.2824293821393,-13.4497379774743,-6.58695604343337e-08,-13.4497379116048
277.3,-13.9741611201171,-13.9741611201171,-13.4318204603612,-6.5016492371554e-08,-13.4318203953447
277.4,-12.8348382575654,-12.8348382575654,-13.4139268126383,-6.41744722816914e-08,-13.4139267484638
277.5,-11.0851638615038,-11.0851638615038,-13.3960570025075,-6.33433570838938e-08,-13.3960569391642
277.6,-13.8114007111812,-13.8114007111812,-13.3782109982133,-6.25230055503294e-08,-13.3782109356903
277.7,-15.8865959251147,-15.8865959251147,-13.3603887680421,-6.17132782821913e-08,-13.3603887063288
277.8,-15.1541740849029,-15.1541740849029,-13.3425902803228,-6.09140376860065e-08,-13.3425902194088
277.9,-15.0727938804349,-15.0727938804349,-13.3248155034265,-6.01251479502583e-08,-13.3248154433014
278,-14.543822551393,-14.543822551393,-13.3070644057663,-5.93464750223074e-08,-13.3070643464199
278.1,-13.8114007111812,-13.8114007111812,-13.2893369557975,-5.85778865856114e-08,-13.2893368972196
278.2,-13.8927809156491,-13.8927809156491,-13.2716331220173,-5.78192520372436e-08,-13.271633064198
278.3,-13.9334710178831,-13.9334710178831,-13.2539528729649,-5.70704424656972e-08,-13.2539528158945
278.4,-13.6486403022452,-13.6486403022452,-13.2362961772215,-5.63313306289829e-08,-13.2362961208902
278.5,-12.3465570307575,-12.3465570307575,-13.2186630034101,-5.56017909330053e-08,-13.2186629478083
278.6,-13.2010491776713,-13.2010491776713,-13.2010533201954,-5.48816994102209e-08,-13.2010532653137
278.7,-14.543822551393,-14.543822551393,-13.183467096284,-5.41709336985751e-08,-13.1834670421131
278.8,-13.8520908134152,-13.8520908134152,-13.1659043004241,-5.34693730207066e-08,-13.1659042469547
278.9,-13.5672600977772,-13.5672600977772,-13.1483649014054,-5.27768981634273e-08,-13.1483648486285
279,-14.1369215290531,-14.1369215290531,-13.1308488680595,-5.20933914574632e-08,-13.1308488159661
279.1,-15.1948641871369,-15.1948641871369,-13.1133561692592,-5.1418736757459e-08,-13.1133561178405
279.2,-14.665892858095,-14.665892858095,-13.095886773919,-5.07528194222436e-08,-13.0958867231662
279.3,-12.4279372352255,-12.4279372352255,-13.0784406509946,-5.00955262953477e-08,-13.0784406008991
279.4,-13.3231194843733,-13.3231194843733,-13.0610177694832,-4.94467456857777e-08,-13.0610177200365
279.5,-14.543822551393,-14.543822551393,-13.0436180984233,-4.88063673490351e-08,-13.0436180496169
279.6,-15.4796949027748,-15.4796949027748,-13.0262416068945,-4.81742824683828e-08,-13.0262415587203
279.7,-14.8693433692649,-14.8693433692649,-13.0088882640178,-4.75503836363563e-08,-13.0088882164674
279.8,-15.2355542893708,-15.2355542893708,-12.9915580389551,-4.69345648365097e-08,-12.9915579920206
279.9,-14.0148512223511,-14.0148512223511,-12.9742509009096,-4.63267214254033e-08,-12.9742508545829
280,-12.7127679508634,-12.7127679508634,-12.9569668191254,-4.57267501148208e-08,-12.9569667733986
280.1,-13.4044996888413,-13.4044996888413,-12.9397057628875,-4.51345489542172e-08,-12.9397057177529
280.2,-15.1134839826689,-15.1134839826689,-12.922467701522,-4.4550017313397e-08,-12.922467656972
280.3,-12.9569085642674,-12.9569085642674,-12.9052526043957,-4.39730558654118e-08,-12.9052525604227
280.4,-11.8175857017156,-11.8175857017156,-12.8880604409164,-4.34035665696846e-08,-12.8880603975128
280.5,-13.5265699955432,-13.5265699955432,-12.8708911805324,-4.2841452655349e-08,-12.8708911376909
280.6,-13.8927809156491,-13.8927809156491,-12.8537447927328,-4.22866186048046e-08,-12.8537447504462
280.7,-16.0086662318167,-16.0086662318167,-12.8366212470475,-4.1738970137488e-08,-12.8366212053086
280.8,-14.8693433692649,-14.8693433692649,-12.8195205130468,-4.11984141938499e-08,-12.8195204718484
280.9,-13.8520908134152,-13.8520908134152,-12.8024425603416,-4.06648589195441e-08,-12.8024425196767
281,-14.747273062563,-14.747273062563,-12.7853873585832,-4.0138213649818e-08,-12.785387318445
281.1,-13.3638095866073,-13.3638095866073,-12.7683548774634,-3.96183888941052e-08,-12.768354837845
281.2,-13.0382887687354,-13.0382887687354,-12.7513450867145,-3.91052963208213e-08,-12.7513450476092
281.3,-14.2996819379891,-14.2996819379891,-12.7343579561088,-3.85988487423517e-08,-12.73435791751
281.4,-16.4562573563906,-16.4562573563906,-12.7173934554593,-3.80989601002377e-08,-12.7173934173603
281.5,-17.3107495033044,-17.3107495033044,-12.7004515546187,-3.76055454505528e-08,-12.7004515170132
281.6,-14.584512653627,-14.584512653627,-12.6835322234804,-3.71185209494669e-08,-12.6835321863618
281.7,-14.0148512223511,-14.0148512223511,-12.6666354319774,-3.66378038390019e-08,-12.6666353953396
281.8,-14.9914136759669,-14.9914136759669,-12.6497611500831,-3.61633124329663e-08,-12.6497611139198
281.9,-15.2355542893708,-15.2355542893708,-12.6329093478108,-3.56949661030763e-08,-12.6329093121158
282,-14.0555413245851,-14.0555413245851,-12.6160799952137,-3.52326852652548e-08,-12.616079959981
282.1,-13.8927809156492,-13.8927809156492,-12.5992730623849,-3.47763913661066e-08,-12.5992730276085
282.2,-15.5610751072428,-15.5610751072428,-12.5824885194574,-3.43260068695726e-08,-12.5824884851314
282.3,-17.1479890943684,-17.1479890943684,-12.565726336604,-3.38814552437518e-08,-12.5657263027225
282.4,-16.1714266407526,-16.1714266407526,-12.548986484037,-3.34426609478986e-08,-12.5489864505944
282.5,-14.625202755861,-14.625202755861,-12.5322689320088,-3.30095494195858e-08,-12.5322688989992
282.6,-13.8520908134152,-13.8520908134152,-12.515573650811,-3.25820470620337e-08,-12.5155736182289
282.7,-14.543822551393,-14.543822551393,-12.498900610775,-3.21600812316059e-08,-12.498900578615
282.8,-14.462442346925,-14.462442346925,-12.4822497822718,-3.17435802254631e-08,-12.4822497505282
282.9,-14.7879631647969,-14.7879631647969,-12.4656211357116,-3.1332473269381e-08,-12.4656211043791
283,-13.8927809156492,-13.8927809156492,-12.4490146415442,-3.09266905057229e-08,-12.4490146106176
283.1,-13.2417392799053,-13.2417392799053,-12.4324302702589,-3.05261629815684e-08,-12.4324302397327
283.2,-13.2824293821393,-13.2824293821393,-12.4158679923839,-3.01308226369987e-08,-12.4158679622531
283.3,-15.3576245960728,-15.3576245960728,-12.3993277784871,-2.97406022935287e-08,-12.3993277487465
283.4,-15.8865959251147,-15.8865959251147,-12.3828095991753,-2.93554356426941e-08,-12.3828095698199
283.5,-15.1134839826689,-15.1134839826689,-12.3663134250946,-2.89752572347826e-08,-12.3663133961194
283.6,-15.9679761295827,-15.9679761295827,-12.3498392269303,-2.86000024677122e-08,-12.3498391983302
283.7,-14.0148512223511,-14.0148512223511,-12.3333869754064,-2.82296075760546e-08,-12.3333869471768
283.8,-13.8927809156492,-13.8927809156492,-12.3169566412862,-2.78640096201984e-08,-12.3169566134222
283.9,-14.421752244691,-14.421752244691,-12.3005481953719,-2.75031464756558e-08,-12.3005481678688
284,-15.6831454139447,-15.6831454139447,-12.2841616085046,-2.71469568225047e-08,-12.2841615813577
284.1,-15.2355542893708,-15.2355542893708,-12.2677968515642,-2.6795380134969e-08,-12.2677968247688
284.2,-16.2528068452206,-16.2528068452206,-12.2514538954693,-2.64483566711346e-08,-12.2514538690209
284.3,-16.0493563340506,-16.0493563340506,-12.2351327111773,-2.61058274627965e-08,-12.2351326850715
284.4,-13.3231194843733,-13.3231194843733,-12.2188332696845,-2.57677343054397e-08,-12.2188332439168
284.5,-11.2072341682058,-11.2072341682058,-12.2025555420256,-2.54340197483483e-08,-12.2025555165916
284.6,-11.0037836570358,-11.0037836570358,-12.186299499274,-2.51046270848425e-08,-12.1862994741693
284.7,-13.5265699955432,-13.5265699955432,-12.1700651125414,-2.4779500342644e-08,-12.1700650877619
284.8,-13.9741611201171,-13.9741611201171,-12.1538523529783,-2.44585842743636e-08,-12.1538523285197
284.9,-13.5672600977772,-13.5672600977772,-12.1376611917734,-2.41418243481141e-08,-12.1376611676316
285,-11.8582758039496,-11.8582758039496,-12.121491600154,-2.38291667382439e-08,-12.1214915763249
285.1,-12.7127679508634,-12.7127679508634,-12.1053435493856,-2.35205583161896e-08,-12.105343525865
285.2,-13.1603590754373,-13.1603590754373,-12.0892170107719,-2.32159466414498e-08,-12.0892169875559
285.3,-14.2589918357551,-14.2589918357551,-12.0731119556549,-2.29152799526724e-08,-12.0731119327396
285.4,-13.2417392799053,-13.2417392799053,-12.0570283554148,-2.26185071588601e-08,-12.0570283327963
285.5,-14.625202755861,-14.625202755861,-12.04096618147,-2.23255778306889e-08,-12.0409661591444
285.6,-13.9741611201171,-13.9741611201171,-12.0249254052767,-2.20364421919374e-08,-12.0249253832403
285.7,-11.9803461106516,-11.9803461106516,-12.0089059983295,-2.17510511110304e-08,-12.0089059765785
285.8,-13.6486403022452,-13.6486403022452,-11.9929079321607,-2.14693560926887e-08,-11.9929079106914
285.9,-15.2355542893708,-15.2355542893708,-11.9769311783406,-2.11913092696896e-08,-11.9769311571493
286,-13.9741611201171,-13.9741611201171,-11.9609757084774,-2.09168633947323e-08,-11.9609756875605
286.1,-12.7127679508634,-12.7127679508634,-11.945041494217,-2.06459718324096e-08,-11.9450414735711
286.2,-13.2417392799053,-13.2417392799053,-11.9291285072434,-2.03785885512835e-08,-11.9291284868648
286.3,-13.9741611201171,-13.9741611201171,-11.9132367192778,-2.01146681160627e-08,-11.9132366991631
286.4,-14.625202755861,-14.625202755861,-11.8973661020795,-1.98541656798831e-08,-11.8973660822254
286.5,-13.6079502000112,-13.6079502000112,-11.8815166274454,-1.95970369766861e-08,-11.8815166078483
286.6,-13.7707106089472,-13.7707106089472,-11.8656882672096,-1.93432383136969e-08,-11.8656882478664
286.7,-13.4858798933093,-13.4858798933093,-11.8498809932442,-1.90927265640004e-08,-11.8498809741515
286.8,-12.5093174396935,-12.5093174396935,-11.8340947774584,-1.88454591592123e-08,-11.8340947586129
286.9,-12.5093174396935,-12.5093174396935,-11.818329591799,-1.8601394082246e-08,-11.8183295731976
287,-13.9334710178832,-13.9334710178832,-11.8025854082501,-1.83604898601728e-08,-11.8025853898896
287.1,-15.1134839826689,-15.1134839826689,-11.7868621988332,-1.81227055571742e-08,-11.7868621807105
287.2,-12.9569085642674,-12.9569085642674,-11.7711599356071,-1.78880007675865e-08,-11.7711599177191
287.3,-12.7941481553314,-12.7941481553314,-11.7554785906676,-1.7656335609034e-08,-11.7554785730113
287.4,-13.0789788709693,-13.0789788709693,-11.7398181361479,-1.74276707156526e-08,-11.7398181187202
287.5,-14.0148512223511,-14.0148512223511,-11.7241785442182,-1.7201967231401e-08,-11.7241785270163
287.6,-12.7127679508634,-12.7127679508634,-11.7085597870859,-1.69791868034563e-08,-11.7085597701067
287.7,-13.3638095866073,-13.3638095866073,-11.6929618369952,-1.67592915756989e-08,-11.6929618202359
287.8,-14.381062142457,-14.381062142457,-11.6773846662276,-1.65422441822781e-08,-11.6773846496853
287.9,-14.8693433692649,-14.8693433692649,-11.6618282471011,-1.63280077412642e-08,-11.6618282307731
288,-14.747273062563,-14.747273062563,-11.646292551971,-1.61165458483801e-08,-11.6462925358545
288.1,-13.8520908134152,-13.8520908134152,-11.6307775532292,-1.59078225708158e-08,-11.6307775373214
288.2,-13.4044996888413,-13.4044996888413,-11.6152832233044,-1.57018024411225e-08,-11.6152832076026
288.3,-12.2244867240555,-12.2244867240555,-11.599809534662,-1.54984504511855e-08,-11.5998095191636
288.4,-11.8175857017156,-11.8175857017156,-11.5843564598042,-1.52977320462759e-08,-11.5843564445065
288.5,-12.7941481553314,-12.7941481553314,-11.5689239712697,-1.50996131191784e-08,-11.5689239561701
288.6,-13.7300205067132,-13.7300205067132,-11.5535120416339,-1.49040600043957e-08,-11.5535120267299
288.7,-13.7707106089472,-13.7707106089472,-11.5381206435087,-1.47110394724283e-08,-11.5381206287976
288.8,-12.8348382575654,-12.8348382575654,-11.5227497495423,-1.45205187241271e-08,-11.5227497350218
288.9,-12.9975986665014,-12.9975986665014,-11.5073993324197,-1.43324653851209e-08,-11.5073993180872
289,-12.9569085642674,-12.9569085642674,-11.4920693648619,-1.41468475003147e-08,-11.4920693507151
289.1,-13.1196689732033,-13.1196689732033,-11.4767598196266,-1.39636335284595e-08,-11.4767598056629
289.2,-12.3872471329915,-12.3872471329915,-11.4614706695074,-1.37827923367932e-08,-11.4614706557246
289.3,-12.3872471329915,-12.3872471329915,-11.4462018873346,-1.36042931957497e-08,-11.4462018737303
289.4,-11.5734450883117,-11.5734450883117,-11.4309534459742,-1.34281057737377e-08,-11.4309534325461
289.5,-12.3058669285235,-12.3058669285235,-11.4157253183288,-1.32542001319866e-08,-11.4157253050746
289.6,-13.0789788709693,-13.0789788709693,-11.4005174773368,-1.30825467194584e-08,-11.4005174642542
289.7,-13.0789788709693,-13.0789788709693,-11.3853298959727,-1.29131163678271e-08,-11.3853298830596
289.8,-12.5093174396935,-12.5093174396935,-11.3701625472472,-1.27458802865217e-08,-11.3701625345013
289.9,-11.2886143726738,-11.2886143726738,-11.3550154042066,-1.25808100578341e-08,-11.3550153916258
290,-12.5093174396935,-12.5093174396935,-11.3398884399335,-1.24178776320905e-08,-11.3398884275156
290.1,-15.1134839826689,-15.1134839826689,-11.324781627546,-1.22570553228844e-08,-11.3247816152889
290.2,-13.5265699955432,-13.5265699955432,-11.3096949401982,-1.20983158023726e-08,-11.3096949280999
290.3,-10.6782628391639,-10.6782628391639,-11.2946283510801,-1.19416320966309e-08,-11.2946283391385
290.4,-11.4106846793757,-11.4106846793757,-11.2795818334171,-1.17869775810712e-08,-11.2795818216301
290.5,-11.9803461106516,-11.9803461106516,-11.2645553604704,-1.1634325975917e-08,-11.2645553488361
290.6,-13.4044996888413,-13.4044996888413,-11.2495489055369,-1.14836513417373e-08,-11.2495488940533
290.7,-14.1369215290531,-14.1369215290531,-11.2345624419491,-1.13349280750397e-08,-11.2345624306141
290.8,-13.5265699955432,-13.5265699955432,-11.2195959430747,-1.1188130903919e-08,-11.2195959318866
290.9,-11.4513747816097,-11.4513747816097,-11.2046493823174,-1.10432348837635e-08,-11.2046493712741
291,-11.4106846793757,-11.4106846793757,-11.1897227331158,-1.09002153930155e-08,-11.1897227222156
291.1,-11.4920648838437,-11.4920648838437,-11.1748159689443,-1.07590481289882e-08,-11.1748159581852
291.2,-12.3872471329915,-12.3872471329915,-11.1599290633124,-1.06197091037355e-08,-11.1599290526927
291.3,-12.1837966218215,-12.1837966218215,-11.1450619897649,-1.0482174639976e-08,-11.1450619792827
291.4,-10.8003331458659,-10.8003331458659,-11.130214721882,-1.034642136707e-08,-11.1302147115355
291.5,-12.0617263151196,-12.0617263151196,-11.1153872332789,-1.02124262170477e-08,-11.1153872230665
291.6,-13.9334710178831,-13.9334710178831,-11.1005794976061,-1.00801664206893e-08,-11.1005794875259
291.7,-13.7707106089472,-13.7707106089472,-11.0857914885491,-9.94961950365682e-09,-11.0857914785995
291.8,-11.6548252927797,-11.6548252927797,-11.0710231798286,-9.82076328267382e-09,-11.0710231700078
291.9,-12.9975986665014,-12.9975986665014,-11.0562745452001,-9.693575861757e-09,-11.0562745355065
292,-12.8348382575654,-12.8348382575654,-11.0415455584542,-9.56803562849499e-09,-11.0415455488862
292.1,-12.9569085642674,-12.9569085642674,-11.0268361934164,-9.44412125037577e-09,-11.0268361839722
292.2,-11.3699945771417,-11.3699945771417,-11.012146423947,-9.32181167116214e-09,-11.0121464146252
292.3,-11.7768955994817,-11.7768955994817,-10.9974762239412,-9.20108610731323e-09,-10.9974762147401
292.4,-11.0037836570358,-11.0037836570358,-10.982825567329,-9.08192404445326e-09,-10.982825558247
292.5,-11.8175857017156,-11.8175857017156,-10.968194428075,-8.96430523388547e-09,-10.9681944191107
292.6,-12.8348382575654,-12.8348382575654,-10.9535827801786,-8.84820968915112e-09,-10.9535827713303
292.7,-12.2244867240556,-12.2244867240556,-10.9389905976737,-8.73361768263374e-09,-10.9389905889401
292.8,-11.4513747816097,-11.4513747816097,-10.9244178546291,-8.62050974220639e-09,-10.9244178460086
292.9,-12.9569085642674,-12.9569085642674,-10.9098645251478,-8.50886664792328e-09,-10.9098645166389
293,-12.4279372352255,-12.4279372352255,-10.8953305833674,-8.39866942875364e-09,-10.8953305749688
293.1,-14.1369215290531,-14.1369215290531,-10.8808160034601,-8.28989935935783e-09,-10.8808159951702
293.2,-13.7300205067132,-13.7300205067132,-10.8663207596323,-8.18253795690591e-09,-10.8663207514497
293.3,-10.8817133503339,-10.8817133503339,-10.8518448261248,-8.07656697793638e-09,-10.8518448180482
293.4,-10.43412222576,-10.43412222576,-10.8373881772129,-7.97196841525663e-09,-10.8373881692409
293.5,-12.1431065195876,-12.1431065195876,-10.822950787206,-7.86872449488283e-09,-10.8229507793373
293.6,-13.4451897910753,-13.4451897910753,-10.8085326304477,-7.76681767301951e-09,-10.8085326226809
293.7,-13.2824293821393,-13.2824293821393,-10.7941336813159,-7.66623063307885e-09,-10.7941336736497
293.8,-12.0617263151196,-12.0617263151196,-10.7797539142225,-7.56694628273766e-09,-10.7797539066556
293.9,-11.7768955994816,-11.7768955994816,-10.7653933036137,-7.46894775103336e-09,-10.7653932961448
294,-11.8582758039496,-11.8582758039496,-10.7510518239695,-7.37221838549698e-09,-10.7510518165973
294.1,-10.8003331458659,-10.8003331458659,-10.736729449804,-7.27674174932337e-09,-10.7367294425272
294.2,-10.7189529413979,-10.7189529413979,-10.7224261556652,-7.18250161857849e-09,-10.7224261484827
294.3,-11.2072341682058,-11.2072341682058,-10.7081419161352,-7.08948197944213e-09,-10.7081419090457
294.4,-13.0789788709694,-13.0789788709694,-10.6938767058297,-6.99766702548713e-09,-10.6938766988321
294.5,-13.2417392799053,-13.2417392799053,-10.6796304993984,-6.90704115499332e-09,-10.6796304924914
294.6,-12.5093174396935,-12.5093174396935,-10.6654032715246,-6.8175889682962e-09,-10.665403264707
294.7,-11.4920648838437,-11.4920648838437,-10.6511949969256,-6.7292952651705e-09,-10.6511949901963
294.8,-13.1196689732033,-13.1196689732033,-10.637005650352,-6.64214504224691e-09,-10.6370056437099
294.9,-13.1603590754373,-13.1603590754373,-10.6228352065884,-6.55612349046292e-09,-10.6228352000323
295,-12.4686273374595,-12.4686273374595,-10.6086836404528,-6.47121599254624e-09,-10.6086836339816
295.1,-9.3354894654422,-9.3354894654422,-10.5945509267968,-6.38740812053086e-09,-10.5945509204094
295.2,-11.0444737592698,-11.0444737592698,-10.5804370405054,-6.30468563330562e-09,-10.5804370342007
295.3,-12.9162184620334,-12.9162184620334,-10.5663419564972,-6.22303447419396e-09,-10.5663419502742
295.4,-14.503132449159,-14.503132449159,-10.5522656497242,-6.14244076856564e-09,-10.5522656435818
295.5,-13.6486403022452,-13.6486403022452,-10.5382080951717,-6.06289082147893e-09,-10.5382080891088
295.6,-13.5672600977772,-13.5672600977772,-10.5241692678583,-5.98437111535337e-09,-10.5241692618739
295.7,-13.6486403022452,-13.6486403022452,-10.5101491428359,-5.9068683076731e-09,-10.510149136929
295.8,-13.0789788709693,-13.0789788709693,-10.4961476951897,-5.83036922871925e-09,-10.4961476893594
295.9,-12.5093174396935,-12.5093174396935,-10.4821649000381,-5.75486087933241e-09,-10.4821648942833
296,-13.8520908134152,-13.8520908134152,-10.4682007325326,-5.68033042870355e-09,-10.4682007268523
296.1,-14.665892858095,-14.665892858095,-10.4542551678577,-5.60676521219367e-09,-10.454255162251
296.2,-12.3872471329915,-12.3872471329915,-10.4403281812312,-5.534152729182e-09,-10.440328175697
296.3,-11.1258539637378,-11.1258539637378,-10.4264197479036,-5.46248064094154e-09,-10.4264197424411
296.4,-11.1258539637378,-11.1258539637378,-10.4125298431586,-5.39173676854262e-09,-10.4125298377669
296.5,-12.2244867240555,-12.2244867240555,-10.3986584423129,-5.32190909078331e-09,-10.398658436991
296.6,-12.1431065195876,-12.1431065195876,-10.3848055207158,-5.25298574214658e-09,-10.3848055154628
296.7,-12.2651768262895,-12.2651768262895,-10.3709710537497,-5.1849550107843e-09,-10.3709710485647
296.8,-13.7707106089472,-13.7707106089472,-10.3571550168295,-5.11780533652681e-09,-10.3571550117117
296.9,-12.9975986665014,-12.9975986665014,-10.3433573854033,-5.05152530891881e-09,-10.3433573803517
297,-12.3872471329915,-12.3872471329915,-10.3295781349514,-4.98610366528032e-09,-10.3295781299653
297.1,-11.8175857017156,-11.8175857017156,-10.3158172409872,-4.92152928879272e-09,-10.3158172360656
297.2,-12.3058669285235,-12.3058669285235,-10.3020746790563,-4.85779120661003e-09,-10.3020746741985
297.3,-12.7941481553314,-12.7941481553314,-10.2883504247374,-4.79487858799399e-09,-10.2883504199425
297.4,-13.6893304044792,-13.6893304044792,-10.2746444536412,-4.73278074247396e-09,-10.2746444489084
297.5,-14.1776116312871,-14.1776116312871,-10.2609567414112,-4.67148711803015e-09,-10.2609567367397
297.6,-13.1196689732033,-13.1196689732033,-10.2472872637233,-4.61098729930051e-09,-10.2472872591123
297.7,-13.1603590754373,-13.1603590754373,-10.2336359962858,-4.55127100581113e-09,-10.2336359917345
297.8,-12.0210362128856,-12.0210362128856,-10.2200029148392,-4.492328090229e-09,-10.2200029103469
297.9,-12.4279372352255,-12.4279372352255,-10.2063879951567,-4.43414853663804e-09,-10.2063879907225
298,-12.6313877463955,-12.6313877463955,-10.1927912130433,-4.37672245883696e-09,-10.1927912086666
298.1,-13.0789788709693,-13.0789788709693,-10.1792125443365,-4.32004009865928e-09,-10.1792125400165
298.2,-13.8114007111812,-13.8114007111812,-10.1656519649061,-4.26409182431539e-09,-10.165651960642
298.3,-12.8755283597994,-12.8755283597994,-10.1521094506538,-4.2088681287556e-09,-10.152109446445
298.4,-11.1665440659718,-11.1665440659718,-10.1385849775135,-4.15435962805485e-09,-10.1385849733592
298.5,-12.9569085642674,-12.9569085642674,-10.1250785214512,-4.1005570598181e-09,-10.1250785173506
298.6,-12.3465570307575,-12.3465570307575,-10.1115900584648,-4.04745128160627e-09,-10.1115900544173
298.7,-10.43412222576,-10.43412222576,-10.0981195645843,-3.99503326938293e-09,-10.0981195605893
298.8,-11.3699945771417,-11.3699945771417,-10.0846670158716,-3.94329411598065e-09,-10.0846670119283
298.9,-13.2417392799053,-13.2417392799053,-10.0712323884204,-3.89222502958765e-09,-10.0712323845282
299,-13.3231194843733,-13.3231194843733,-10.0578156583564,-3.84181733225375e-09,-10.0578156545146
299.1,-11.0444737592698,-11.0444737592698,-10.044416801837,-3.79206245841569e-09,-10.044416798045
299.2,-11.4513747816097,-11.4513747816097,-10.0310357950515,-3.74295195344179e-09,-10.0310357913085
299.3,-12.9975986665014,-12.9975986665014,-10.0176726142206,-3.69447747219513e-09,-10.0176726105261
299.4,-12.9569085642674,-12.9569085642674,-10.004327235597,-3.64663077761562e-09,-10.0043272319503
299.5,-13.1196689732033,-13.1196689732033,-9.99099963546487,-3.59940373932025e-09,-9.99099963186547
299.6,-13.2417392799053,-13.2417392799053,-9.9776897901401,-3.55278833222147e-09,-9.97768978658731
299.7,-13.3638095866073,-13.3638095866073,-9.96439767597002,-3.50677663516371e-09,-9.96439767246324
299.8,-13.0789788709694,-13.0789788709694,-9.9511232693335,-3.46136082957711e-09,-9.95112326587213
299.9,-12.7941481553314,-12.7941481553314,-9.93786654664088,-3.4165331981492e-09,-9.93786654322435
300,-11.0444737592698,-11.0444737592698,-9.92462748433395,-3.3722861235134e-09,-9.92462748096166
300.1,-12.7127679508634,-12.7127679508634,-9.91140605888585,-3.32861208695455e-09,-9.91140605555723
300.2,-12.7941481553314,-12.7941481553314,-9.89820224680107,-3.28550366713152e-09,-9.89820224351557
300.3,-13.0789788709693,-13.0789788709693,-9.88501602461541,-3.24295353881588e-09,-9.88501602137245
300.4,-13.6079502000112,-13.6079502000112,-9.87184736889591,-3.20095447164737e-09,-9.87184736569496
300.5,-14.2183017335211,-14.2183017335211,-9.85869625624087,-3.15949932890515e-09,-9.85869625308137
300.6,-13.8927809156492,-13.8927809156492,-9.8455626632797,-3.11858106629507e-09,-9.84556266016111
300.7,-13.8520908134152,-13.8520908134152,-9.83244656667299,-3.07819273075279e-09,-9.8324465635948
300.8,-13.2417392799053,-13.2417392799053,-9.81934794311241,-3.03832745926212e-09,-9.81934794007409
300.9,-12.1837966218216,-12.1837966218216,-9.80626676932069,-2.99897847768896e-09,-9.80626676632171
301,-11.3699945771417,-11.3699945771417,-9.79320302205154,-2.96013909963012e-09,-9.7932030190914
301.1,-11.6955153950137,-11.6955153950137,-9.78015667808967,-2.9218027252771e-09,-9.78015667516787
301.2,-11.9396560084176,-11.9396560084176,-9.76712771425072,-2.88396284029472e-09,-9.76712771136676
301.3,-9.25410926097423,-9.25410926097423,-9.75411610738117,-2.84661301471403e-09,-9.75411610453456
301.4,-10.6782628391639,-10.6782628391639,-9.74112183435839,-2.80974690183984e-09,-9.74112183154864
301.5,-11.8989659061836,-11.8989659061836,-9.72814487209054,-2.77335823717216e-09,-9.72814486931719
301.6,-11.6141351905457,-11.6141351905457,-9.71518519751654,-2.73744083734167e-09,-9.7151851947791
301.7,-11.0851638615038,-11.0851638615038,-9.70224278760602,-2.70198859905914e-09,-9.70224278490404
301.8,-12.2244867240555,-12.2244867240555,-9.68931761935932,-2.66699549807815e-09,-9.68931761669232
301.9,-10.9224034525678,-10.9224034525678,-9.67640966980738,-2.63245558817157e-09,-9.67640966717492
302,-9.66101028331413,-9.66101028331413,-9.66351891601178,-2.5983630001211e-09,-9.66351891341342
302.1,-11.7362054972477,-11.7362054972477,-9.65064533506462,-2.56471194071981e-09,-9.65064533249991
302.2,-14.8693433692649,-14.8693433692649,-9.63778890408856,-2.531496691788e-09,-9.63778890155706
302.3,-14.0555413245851,-14.0555413245851,-9.62494960023669,-2.49871160920118e-09,-9.62494959773798
302.4,-11.2886143726738,-11.2886143726738,-9.61212740069256,-2.46635112193132e-09,-9.61212739822621
302.5,-12.9569085642674,-12.9569085642674,-9.59932228267014,-2.43440973110002e-09,-9.59932228023573
302.6,-12.4279372352255,-12.4279372352255,-9.58653422341369,-2.40288200904406e-09,-9.58653422101081
302.7,-11.9803461106516,-11.9803461106516,-9.57376320019785,-2.37176259839329e-09,-9.57376319782609
302.8,-12.4279372352255,-12.4279372352255,-9.56100919032749,-2.34104621116004e-09,-9.56100918798644
302.9,-13.3231194843733,-13.3231194843733,-9.54827217113774,-2.31072762784077e-09,-9.54827216882701
303,-13.6079502000112,-13.6079502000112,-9.53555211999392,-2.28080169652903e-09,-9.53555211771312
303.1,-14.2589918357551,-14.2589918357551,-9.52284901429148,-2.25126333203998e-09,-9.52284901204022
303.2,-12.4686273374595,-12.4686273374595,-9.51016283145603,-2.22210751504643e-09,-9.51016282923392
303.3,-12.3058669285235,-12.3058669285235,-9.4974935489432,-2.19332929122576e-09,-9.49749354674987
303.4,-12.0617263151196,-12.0617263151196,-9.48484114423867,-2.16492377041817e-09,-9.48484114207375
303.5,-11.2072341682058,-11.2072341682058,-9.47220559485815,-2.13688612579572e-09,-9.47220559272127
303.6,-12.0617263151196,-12.0617263151196,-9.45958687834725,-2.10921159304199e-09,-9.45958687623804
303.7,-11.6141351905457,-11.6141351905457,-9.44698497228153,-2.08189546954271e-09,-9.44698497019964
303.8,-10.189981612356,-10.189981612356,-9.4343998542664,-2.05493311358646e-09,-9.43439985221146
303.9,-10.6375727369299,-10.6375727369299,-9.42183150193711,-2.02831994357606e-09,-9.42183149990879
304,-11.6141351905457,-11.6141351905457,-9.40927989295871,-2.00205143725002e-09,-9.40927989095666
304.1,-12.3872471329915,-12.3872471329915,-9.396745005026,-1.976123130914e-09,-9.39674500304988
304.2,-13.9334710178832,-13.9334710178832,-9.38422681586352,-1.95053061868246e-09,-9.38422681391299
304.3,-12.4279372352255,-12.4279372352255,-9.37172530322542,-1.92526955172984e-09,-9.37172530130015
304.4,-11.5327549860777,-11.5327549860777,-9.35924044489555,-1.90033563755168e-09,-9.35924044299521
304.5,-10.43412222576,-10.43412222576,-9.34677221868732,-1.8757246392352e-09,-9.3467722168116
304.6,-10.6782628391639,-10.6782628391639,-9.33432060244372,-1.85143237473928e-09,-9.33432060059228
304.7,-11.8989659061836,-11.8989659061836,-9.32188557403724,-1.82745471618393e-09,-9.32188557220978
304.8,-10.6782628391639,-10.6782628391639,-9.30946711136983,-1.80378758914873e-09,-9.30946710956604
304.9,-9.90515089671807,-9.90515089671807,-9.29706519237293,-1.78042697198057e-09,-9.2970651905925
305,-9.62032018108014,-9.62032018108014,-9.28467979500735,-1.75736889511028e-09,-9.28467979324998
305.1,-11.5734450883117,-11.5734450883117,-9.27231089726324,-1.73460944037799e-09,-9.27231089552863
305.2,-10.067911305654,-10.067911305654,-9.25995847716011,-1.71214474036748e-09,-9.25995847544796
305.3,-9.7830805900161,-9.7830805900161,-9.24762251274671,-1.68997097774886e-09,-9.24762251105674
305.4,-11.4513747816097,-11.4513747816097,-9.23530298210108,-1.66808438463003e-09,-9.23530298043299
305.5,-11.1665440659718,-11.1665440659718,-9.22299986333043,-1.64648124191638e-09,-9.22299986168395
305.6,-11.3699945771417,-11.3699945771417,-9.21071313457114,-1.62515787867875e-09,-9.21071313294598
305.7,-11.2072341682058,-11.2072341682058,-9.19844277398873,-1.60411067152975e-09,-9.19844277238462
305.8,-12.9569085642674,-12.9569085642674,-9.18618875977779,-1.58333604400798e-09,-9.18618875819445
305.9,-11.8582758039496,-11.8582758039496,-9.17395107016197,-1.56283046597034e-09,-9.17395106859914
306,-11.2072341682058,-11.2072341682058,-9.16172968339393,-1.54259045299217e-09,-9.16172968185134
306.1,-10.7189529413979,-10.7189529413979,-9.1495245777553,-1.52261256577508e-09,-9.14952457623268
306.2,-10.312051919058,-10.312051919058,-9.13733573155663,-1.50289340956264e-09,-9.13733573005374
306.3,-12.8348382575654,-12.8348382575654,-9.12516312313738,-1.48342963356344e-09,-9.12516312165395
306.4,-10.8410232480999,-10.8410232480999,-9.11300673086586,-1.46421793038173e-09,-9.11300672940165
306.5,-11.4513747816097,-11.4513747816097,-9.10086653313921,-1.44525503545544e-09,-9.10086653169396
306.6,-12.3465570307575,-12.3465570307575,-9.08874250838333,-1.42653772650136e-09,-9.08874250695679
306.7,-9.53893997661216,-9.53893997661216,-9.07663463505286,-1.40806282296772e-09,-9.0766346336448
306.8,-9.21341915874024,-9.21341915874024,-9.06454289163115,-1.38982718549358e-09,-9.06454289024132
306.9,-10.067911305654,-10.067911305654,-9.05246725663022,-1.37182771537552e-09,-9.05246725525839
307,-11.8989659061836,-11.8989659061836,-9.04040770859071,-1.35406135404101e-09,-9.04040770723665
307.1,-11.9396560084176,-11.9396560084176,-9.02836422608184,-1.33652508252864e-09,-9.02836422474532
307.2,-11.2072341682058,-11.2072341682058,-9.01633678770139,-1.31921592097525e-09,-9.01633678638217
307.3,-11.4920648838437,-11.4920648838437,-9.00432537207565,-1.30213092810945e-09,-9.00432537077352
307.4,-10.6375727369299,-10.6375727369299,-8.99232995785938,-1.28526720075188e-09,-8.99232995657411
307.5,-9.57963007884615,-9.57963007884615,-8.98035052373578,-1.26862187332188e-09,-8.98035052246716
307.6,-10.108601407888,-10.108601407888,-8.96838704841643,-1.25219211735056e-09,-8.96838704716424
307.7,-10.149291510122,-10.149291510122,-8.95643951064131,-1.23597514100014e-09,-8.95643950940534
307.8,-10.9630935548018,-10.9630935548018,-8.94450788917868,-1.21996818858959e-09,-8.94450788795872
307.9,-12.7534580530974,-12.7534580530974,-8.93259216282511,-1.20416854012631e-09,-8.93259216162094
308,-12.0210362128856,-12.0210362128856,-8.9206923104054,-1.18857351084402e-09,-8.92069230921683
308.1,-11.7768955994816,-11.7768955994816,-8.90880831077257,-1.17318045074644e-09,-8.90880830959939
308.2,-9.45755977214418,-9.45755977214418,-8.89694014280782,-1.15798674415708e-09,-8.89694014164983
308.3,-9.57963007884615,-9.57963007884615,-8.88508778542045,-1.14298980927474e-09,-8.88508778427746
308.4,-8.48099731852841,-8.48099731852841,-8.8732512175479,-1.12818709773476e-09,-8.87325121641971
308.5,-8.19616660289048,-8.19616660289048,-8.86143041815565,-1.11357609417604e-09,-8.86143041704207
308.6,-9.17272905650625,-9.17272905650625,-8.84962536623718,-1.09915431581359e-09,-8.84962536513802
308.7,-10.5968826346959,-10.5968826346959,-8.83783604081398,-1.08491931201662e-09,-8.83783603972907
308.8,-10.149291510122,-10.149291510122,-8.82606242093551,-1.07086866389219e-09,-8.82606241986464
308.9,-10.5968826346959,-10.5968826346959,-8.81430448567907,-1.05699998387407e-09,-8.81430448462207
309,-11.0037836570358,-11.0037836570358,-8.80256221414991,-1.04331091531713e-09,-8.8025622131066
309.1,-9.41686966991018,-9.41686966991018,-8.79083558548106,-1.02979913209681e-09,-8.79083558445126
309.2,-9.66101028331413,-9.66101028331413,-8.77912457883336,-1.01646233821391e-09,-8.7791245778169
309.3,-9.3761795676762,-9.3761795676762,-8.76742917339545,-1.00329826740441e-09,-8.76742917239215
309.4,-9.66101028331413,-9.66101028331413,-8.75574934838363,-9.90304682754368e-10,-8.75574934739333
309.5,-10.7189529413979,-10.7189529413979,-8.74408508304196,-9.77479376319833e-10,-8.74408508206448
309.6,-10.312051919058,-10.312051919058,-8.73243635664207,-9.64820168751634e-10,-8.73243635567725
309.7,-9.86446079448408,-9.86446079448408,-8.72080314848328,-9.52324908925084e-10,-8.72080314753095
309.8,-10.23067171459,-10.23067171459,-8.70918543789244,-9.39991473574426e-10,-8.70918543695245
309.9,-10.393432123526,-10.393432123526,-8.69758320422396,-9.27817766932024e-10,-8.69758320329614
310,-10.6375727369299,-10.6375727369299,-8.68599642685974,-9.1580172037228e-10,-8.68599642594394
310.1,-10.6782628391639,-10.6782628391639,-8.67442508520915,-9.0394129206007e-10,-8.67442508430521
310.2,-10.23067171459,-10.23067171459,-8.66286915870901,-8.92234466603826e-10,-8.66286915781677
310.3,-10.0272212034201,-10.0272212034201,-8.65132862682351,-8.80679254713057e-10,-8.65132862594283
310.4,-10.7596430436319,-10.7596430436319,-8.6398034690442,-8.69273692860291e-10,-8.63980346817493
310.5,-10.189981612356,-10.189981612356,-8.62829366488997,-8.5801584294747e-10,-8.62829366403196
310.6,-10.189981612356,-10.189981612356,-8.61679919390698,-8.46903791976565e-10,-8.61679919306007
310.7,-10.9630935548018,-10.9630935548018,-8.60532003566862,-8.35935651724552e-10,-8.60532003483269
310.8,-11.0037836570358,-11.0037836570358,-8.59385616977554,-8.25109558422538e-10,-8.59385616895043
310.9,-9.70170038554812,-9.70170038554812,-8.58240757585552,-8.14423672439039e-10,-8.58240757504109
311,-10.5155024302279,-10.5155024302279,-8.5709742335635,-8.03876177967421e-10,-8.57097423275962
311.1,-11.1258539637378,-11.1258539637378,-8.55955612258151,-7.93465282717299e-10,-8.55955612178805
311.2,-11.4513747816097,-11.4513747816097,-8.54815322261867,-7.83189217610028e-10,-8.54815322183549
311.3,-11.0037836570358,-11.0037836570358,-8.53676551341112,-7.73046236478065e-10,-8.53676551263808
311.4,-9.94584099895208,-9.94584099895208,-8.52539297472199,-7.6303461576824e-10,-8.52539297395896
311.5,-9.17272905650625,-9.17272905650625,-8.51403558634137,-7.53152654248916e-10,-8.51403558558822
311.6,-9.86446079448409,-9.86446079448409,-8.50269332808627,-7.43398672720863e-10,-8.50269332734287
311.7,-9.66101028331413,-9.66101028331413,-8.4913661798006,-7.33771013731956e-10,-8.49136617906682
311.8,-8.48099731852841,-8.48099731852841,-8.48005412135511,-7.24268041295517e-10,-8.48005412063084
311.9,-8.44030721629442,-8.44030721629442,-8.46875713264737,-7.148881406123e-10,-8.46875713193249
312,-9.21341915874024,-9.21341915874024,-8.45747519360175,-7.05629717796136e-10,-8.45747519289612
312.1,-9.53893997661216,-9.53893997661216,-8.44620828416932,-6.96491199603044e-10,-8.44620828347282
312.2,-10.271361816824,-10.271361816824,-8.43495638432788,-6.87471033163938e-10,-8.43495638364041
312.3,-11.8175857017156,-11.8175857017156,-8.42371947408193,-6.78567685720735e-10,-8.42371947340336
312.4,-12.5500075419275,-12.5500075419275,-8.41249753346256,-6.69779644365886e-10,-8.41249753279278
312.5,-10.6782628391639,-10.6782628391639,-8.40129054252751,-6.6110541578533e-10,-8.4012905418664
312.6,-11.1665440659718,-11.1665440659718,-8.39009848136104,-6.52543526004703e-10,-8.3900984807085
312.7,-11.4920648838437,-11.4920648838437,-8.37892133007398,-6.44092520138902e-10,-8.37892132942989
312.8,-9.09134885203826,-9.09134885203826,-8.36775906880364,-6.35750962144854e-10,-8.36775906816789
312.9,-9.7830805900161,-9.7830805900161,-8.35661167771378,-6.27517434577475e-10,-8.35661167708626
313,-10.149291510122,-10.149291510122,-8.34547913699461,-6.19390538348847e-10,-8.34547913637522
313.1,-8.52168742076239,-8.52168742076239,-8.3343614268627,-6.11368892490438e-10,-8.33436142625133
313.2,-10.189981612356,-10.189981612356,-8.323258527561,-6.03451133918473e-10,-8.32325852695755
313.3,-10.6782628391639,-10.6782628391639,-8.31217041935879,-5.95635917202294e-10,-8.31217041876315
313.4,-9.49824987437817,-9.49824987437817,-8.30109708255158,-5.8792191433573e-10,-8.30109708196366
313.5,-7.46374476267865,-7.46374476267865,-8.2900384974612,-5.8030781451146e-10,-8.29003849688089
313.6,-7.91133588725254,-7.91133588725254,-8.27899464443563,-5.7279232389824e-10,-8.27899464386284
313.7,-10.312051919058,-10.312051919058,-8.26796550384909,-5.65374165421077e-10,-8.26796550328371
313.8,-10.5561925324619,-10.5561925324619,-8.2569510561019,-5.58052078544211e-10,-8.25695105554385
313.9,-9.21341915874024,-9.21341915874024,-8.24595128162051,-5.50824819056903e-10,-8.24595128106968
314,-9.70170038554812,-9.70170038554812,-8.23496616085745,-5.43691158862039e-10,-8.23496616031376
314.1,-9.57963007884615,-9.57963007884615,-8.22399567429127,-5.36649885767417e-10,-8.22399567375462
314.2,-9.8237706922501,-9.8237706922501,-8.21303980242654,-5.29699803279787e-10,-8.21303980189684
314.3,-8.64375772746437,-8.64375772746437,-8.20209852579382,-5.22839730401529e-10,-8.20209852527098
314.4,-9.4168696699102,-9.4168696699102,-8.19117182494956,-5.16068501429954e-10,-8.19117182443349
314.5,-9.62032018108014,-9.62032018108014,-8.18025968047615,-5.09384965759253e-10,-8.18025967996677
314.6,-8.68444782969836,-8.68444782969836,-8.16936207298184,-5.0278798768495e-10,-8.16936207247906
314.7,-8.9692785453363,-8.9692785453363,-8.15847898310072,-4.96276446210935e-10,-8.15847898260444
314.8,-10.7189529413979,-10.7189529413979,-8.14761039149266,-4.89849234858976e-10,-8.14761039100281
314.9,-10.189981612356,-10.189981612356,-8.13675627884329,-4.83505261480683e-10,-8.13675627835979
315,-9.70170038554813,-9.70170038554813,-8.12591662586401,-4.77243448071953e-10,-8.12591662538677
315.1,-10.8410232480999,-10.8410232480999,-8.11509141329187,-4.71062730589758e-10,-8.11509141282081
315.2,-12.1024164173536,-12.1024164173536,-8.10428062188962,-4.64962058771361e-10,-8.10428062142465
315.3,-10.7189529413979,-10.7189529413979,-8.09348423244561,-4.58940395955844e-10,-8.09348423198667
315.4,-8.27754680735845,-8.27754680735845,-8.08270222577378,-4.52996718907935e-10,-8.08270222532078
315.5,-9.25410926097423,-9.25410926097423,-8.07193458271366,-4.47130017644165e-10,-8.07193458226653
315.6,-10.108601407888,-10.108601407888,-8.06118128413028,-4.41339295261212e-10,-8.06118128368894
315.7,-10.23067171459,-10.23067171459,-8.05044231091417,-4.35623567766532e-10,-8.05044231047855
315.8,-10.189981612356,-10.189981612356,-8.03971764398132,-4.29981863911137e-10,-8.03971764355134
315.9,-11.3293044749078,-11.3293044749078,-8.02900726427313,-4.24413225024549e-10,-8.02900726384872
316,-11.0037836570358,-11.0037836570358,-8.01831115275641,-4.1891670485192e-10,-8.0183111523375
316.1,-11.2072341682058,-11.2072341682058,-8.00762929042331,-4.13491369393209e-10,-8.00762929000982
316.2,-11.3699945771417,-11.3699945771417,-7.99696165829129,-4.081362967445e-10,-7.99696165788316
316.3,-10.6782628391639,-10.6782628391639,-7.98630823740315,-4.02850576941333e-10,-7.9863082370003
316.4,-10.5561925324619,-10.5561925324619,-7.97566900882687,-3.97633311804068e-10,-7.97566900842923
316.5,-11.0444737592698,-11.0444737592698,-7.96504395365571,-3.92483614785286e-10,-7.96504395326323
316.6,-9.8237706922501,-9.8237706922501,-7.95443305300809,-3.87400610819115e-10,-7.95443305262069
316.7,-10.108601407888,-10.108601407888,-7.9438362880276,-3.82383436172555e-10,-7.94383628764522
316.8,-10.7596430436319,-10.7596430436319,-7.93325363988294,-3.77431238298703e-10,-7.93325363950551
316.9,-10.149291510122,-10.149291510122,-7.92268508976789,-3.72543175691862e-10,-7.92268508939534
317,-11.1258539637378,-11.1258539637378,-7.91213061890129,-3.67718417744589e-10,-7.91213061853357
317.1,-11.0037836570358,-11.0037836570358,-7.90159020852701,-3.62956144606504e-10,-7.90159020816405
317.2,-10.0272212034201,-10.0272212034201,-7.89106383991388,-3.58255547045023e-10,-7.89106383955562
317.3,-10.6782628391639,-10.6782628391639,-7.88055149435572,-3.53615826307821e-10,-7.88055149400211
317.4,-11.6141351905457,-11.6141351905457,-7.87005315317124,-3.49036193987102e-10,-7.8700531528222
317.5,-9.78308059001611,-9.78308059001611,-7.85956879770405,-3.44515871885647e-10,-7.85956879735954
317.6,-8.84720823863432,-8.84720823863432,-7.84909840932261,-3.4005409188456e-10,-7.84909840898255
317.7,-10.7596430436319,-10.7596430436319,-7.8386419694202,-3.35650095812756e-10,-7.83864196908455
317.8,-11.4106846793757,-11.4106846793757,-7.82819945941489,-3.31303135318127e-10,-7.82819945908359
317.9,-10.474812327994,-10.474812327994,-7.81777086074951,-3.27012471740367e-10,-7.8177708604225
318,-8.60306762523038,-8.60306762523038,-7.8073561548916,-3.22777375985473e-10,-7.80735615456882
318.1,-9.62032018108014,-9.62032018108014,-7.79695532333339,-3.18597128401833e-10,-7.79695532301479
318.2,-9.74239048778212,-9.74239048778212,-7.78656834759177,-3.14471018657957e-10,-7.7865683472773
318.3,-8.9692785453363,-8.9692785453363,-7.77619520920827,-3.10398345621765e-10,-7.77619520889787
318.4,-10.8410232480999,-10.8410232480999,-7.76583588974896,-3.06378417241439e-10,-7.76583588944259
318.5,-10.108601407888,-10.108601407888,-7.75549037080453,-3.02410550427844e-10,-7.75549037050212
318.6,-9.45755977214418,-9.45755977214418,-7.74515863399015,-2.98494070938433e-10,-7.74515863369166
318.7,-9.70170038554812,-9.70170038554812,-7.7348406609455,-2.94628313262692e-10,-7.73484066065087
318.8,-9.57963007884615,-9.57963007884615,-7.72453643333471,-2.9081262050905e-10,-7.72453643304389
318.9,-8.76582803416635,-8.76582803416635,-7.71424593284634,-2.87046344293242e-10,-7.71424593255929
319,-9.09134885203826,-9.09134885203826,-7.70396914119336,-2.83328844628155e-10,-7.70396914091003
319.1,-8.4809973185284,-8.4809973185284,-7.69370604011308,-2.79659489815054e-10,-7.69370603983342
319.2,-8.39961711406043,-8.39961711406043,-7.68345661136714,-2.76037656336261e-10,-7.6834566110911
319.3,-9.13203895427226,-9.13203895427226,-7.6732208367415,-2.72462728749191e-10,-7.67322083646904
319.4,-8.72513793193236,-8.72513793193236,-7.66299869804635,-2.68934099581771e-10,-7.66299869777742
319.5,-8.9692785453363,-8.9692785453363,-7.65279017711615,-2.65451169229227e-10,-7.6527901768507
319.6,-8.1147863984225,-8.1147863984225,-7.64259525580953,-2.6201334585218e-10,-7.64259525554751
319.7,-9.21341915874024,-9.21341915874024,-7.63241391600929,-2.58620045276091e-10,-7.63241391575067
319.8,-9.05065874980428,-9.05065874980428,-7.62224613962239,-2.5527069089199e-10,-7.62224613936712
319.9,-6.93477343363676,-6.93477343363676,-7.61209190857986,-2.51964713558488e-10,-7.6120919083279
320,-7.82995568278455,-7.82995568278455,-7.60195120483684,-2.48701551505079e-10,-7.60195120458813
320.1,-9.25410926097423,-9.25410926097423,-7.59182401037246,-2.45480650236666e-10,-7.59182401012698
320.2,-8.39961711406042,-8.39961711406042,-7.58171030718989,-2.42301462439352e-10,-7.58171030694759
320.3,-6.81270312693478,-6.81270312693478,-7.5716100773163,-2.39163447887429e-10,-7.57161007707713
320.4,-8.19616660289048,-8.19616660289048,-7.56152330280273,-2.36066073351578e-10,-7.56152330256666
320.5,-7.34167445597667,-7.34167445597667,-7.55144996572419,-2.33008812508268e-10,-7.55144996549118
320.6,-8.9692785453363,-8.9692785453363,-7.54139004817956,-2.2999114585031e-10,-7.54139004794957
320.7,-9.57963007884615,-9.57963007884615,-7.53134353229155,-2.2701256059859e-10,-7.53134353206453
320.8,-8.80651813640034,-8.80651813640034,-7.5213104002067,-2.24072550614928e-10,-7.52131039998262
320.9,-8.15547650065649,-8.15547650065649,-7.51129063409532,-2.21170616316068e-10,-7.51129063387415
321,-6.8127031269348,-6.8127031269348,-7.50128421615151,-2.18306264588801e-10,-7.5012842159332
321.1,-8.76582803416635,-8.76582803416635,-7.49129112859303,-2.15479008706153e-10,-7.49129112837755
321.2,-8.64375772746437,-8.64375772746437,-7.48131135366138,-2.12688368244693e-10,-7.48131135344869
321.3,-9.25410926097423,-9.25410926097423,-7.4713448736217,-2.09933869002891e-10,-7.47134487341176
321.4,-9.17272905650625,-9.17272905650625,-7.46139167076275,-2.07215042920536e-10,-7.46139167055553
321.5,-6.69063282023282,-6.69063282023282,-7.45145172739689,-2.04531427999208e-10,-7.45145172719236
321.6,-6.85339322916878,-6.85339322916878,-7.44152502586005,-2.01882568223761e-10,-7.44152502565817
321.7,-8.27754680735845,-8.27754680735845,-7.43161154851168,-1.99268013484849e-10,-7.43161154831241
321.8,-7.09753384257273,-7.09753384257273,-7.42171127773474,-1.96687319502432e-10,-7.42171127753805
321.9,-7.34167445597667,-7.34167445597667,-7.41182419593565,-1.94140047750277e-10,-7.41182419574151
322,-7.58581506938061,-7.58581506938061,-7.40195028554428,-1.91625765381453e-10,-7.40195028535265
322.1,-8.19616660289048,-8.19616660289048,-7.39208952901389,-1.8914404515477e-10,-7.39208952882474
322.2,-8.76582803416635,-8.76582803416635,-7.38224190882113,-1.86694465362184e-10,-7.38224190863443
322.3,-6.3651120023609,-6.3651120023609,-7.37240740746599,-1.84276609757137e-10,-7.37240740728171
322.4,-6.85339322916878,-6.85339322916878,-7.36258600747177,-1.81890067483823e-10,-7.36258600728988
322.5,-7.78926558055058,-7.78926558055058,-7.35277769138506,-1.79534433007381e-10,-7.35277769120552
322.6,-5.917520877787,-5.917520877787,-7.34298244177568,-1.77209306044973e-10,-7.34298244159847
322.7,-7.01615363810475,-7.01615363810475,-7.3332002412367,-1.74914291497775e-10,-7.33320024106178
322.8,-8.76582803416635,-8.76582803416635,-7.32343107238436,-1.72648999383838e-10,-7.32343107221171
322.9,-8.80651813640034,-8.80651813640034,-7.31367491785807,-1.70413044771813e-10,-7.31367491768766
323,-7.74857547831657,-7.74857547831657,-7.30393176032035,-1.68206047715552e-10,-7.30393176015215
323.1,-8.27754680735845,-8.27754680735845,-7.29420158245684,-1.66027633189534e-10,-7.29420158229081
323.2,-7.01615363810475,-7.01615363810475,-7.28448436697622,-1.63877431025151e-10,-7.28448436681234
323.3,-8.23685670512446,-8.23685670512446,-7.27478009661023,-1.61755075847797e-10,-7.27478009644847
323.4,-8.52168742076239,-8.52168742076239,-7.26508875411359,-1.59660207014782e-10,-7.26508875395393
323.5,-8.76582803416635,-8.76582803416635,-7.25541032226402,-1.57592468554059e-10,-7.25541032210643
323.6,-7.87064578501855,-7.87064578501855,-7.24574478386217,-1.55551509103721e-10,-7.24574478370661
323.7,-8.48099731852841,-8.48099731852841,-7.23609212173158,-1.53536981852308e-10,-7.23609212157805
323.8,-9.17272905650623,-9.17272905650623,-7.22645231871873,-1.51548544479869e-10,-7.22645231856718
323.9,-10.0272212034201,-10.0272212034201,-7.21682535769289,-1.49585859099793e-10,-7.2168253575433
324,-7.95202598948653,-7.95202598948653,-7.20721122154619,-1.47648592201396e-10,-7.20721122139854
324.1,-6.44649220682888,-6.44649220682888,-7.19760989319353,-1.45736414593243e-10,-7.19760989304779
324.2,-5.22578913980916,-5.22578913980916,-7.18802135557258,-1.43849001347219e-10,-7.18802135542873
324.3,-6.56856251353084,-6.56856251353084,-7.17844559164375,-1.41986031743311e-10,-7.17844559150177
324.4,-7.54512496714662,-7.54512496714662,-7.16888258439013,-1.40147189215102e-10,-7.16888258424999
324.5,-9.13203895427226,-9.13203895427226,-7.1593323168175,-1.38332161295995e-10,-7.15933231667917
324.6,-8.0740962961885,-8.0740962961885,-7.14979477195425,-1.36540639566097e-10,-7.14979477181771
324.7,-9.00996864757028,-9.00996864757028,-7.1402699328514,-1.34772319599829e-10,-7.14026993271663
324.8,-9.4168696699102,-9.4168696699102,-7.13075778258256,-1.33026900914184e-10,-7.13075778244954
324.9,-7.2602942515087,-7.2602942515087,-7.12125830424387,-1.31304086917671e-10,-7.12125830411256
325,-7.91133588725254,-7.91133588725254,-7.11177148095399,-1.29603584859919e-10,-7.11177148082439
325.1,-9.09134885203826,-9.09134885203826,-7.10229729585408,-1.27925105781924e-10,-7.10229729572615
325.2,-10.189981612356,-10.189981612356,-7.09283573210774,-1.26268364466957e-10,-7.09283573198147
325.3,-9.49824987437817,-9.49824987437817,-7.08338677290103,-1.24633079392093e-10,-7.08338677277639
325.4,-7.62650517161461,-7.62650517161461,-7.07395040144237,-1.2301897268037e-10,-7.07395040131935
325.5,-7.87064578501854,-7.87064578501854,-7.06452660096259,-1.21425770053579e-10,-7.06452660084117
325.6,-9.8237706922501,-9.8237706922501,-7.05511535471483,-1.19853200785649e-10,-7.05511535459498
325.7,-9.62032018108014,-9.62032018108014,-7.04571664597455,-1.18300997656647e-10,-7.04571664585625
325.8,-7.87064578501854,-7.87064578501854,-7.0363304580395,-1.16768896907373e-10,-7.03633045792273
325.9,-7.17891404704071,-7.17891404704071,-7.02695677422965,-1.15256638194534e-10,-7.02695677411439
326,-7.54512496714662,-7.54512496714662,-7.01759557788723,-1.13763964546513e-10,-7.01759557777346
326.1,-8.88789834086831,-8.88789834086831,-7.00824685237663,-1.12290622319695e-10,-7.00824685226434
326.2,-8.1147863984225,-8.1147863984225,-6.99891058108442,-1.10836361155373e-10,-6.99891058097359
326.3,-9.29479936320823,-9.29479936320823,-6.98958674741931,-1.09400933937204e-10,-6.98958674730991
326.4,-8.39961711406042,-8.39961711406042,-6.98027533481207,-1.07984096749211e-10,-6.98027533470409
326.5,-9.21341915874024,-9.21341915874024,-6.9709763267156,-1.06585608834347e-10,-6.97097632660902
326.6,-8.84720823863433,-8.84720823863433,-6.9616897066048,-1.05205232553574e-10,-6.9616897064996
326.7,-7.1789140470407,-7.1789140470407,-6.9524154579766,-1.03842733345488e-10,-6.95241545787276
326.8,-8.68444782969835,-8.68444782969835,-6.94315356434993,-1.02497879686459e-10,-6.94315356424743
326.9,-9.8237706922501,-9.8237706922501,-6.93390400926564,-1.01170443051288e-10,-6.93390400916447
327,-9.00996864757028,-9.00996864757028,-6.92466677628654,-9.98601978743781e-11,-6.92466677618668
327.1,-8.52168742076239,-8.52168742076239,-6.91544184899732,-9.85669215113999e-11,-6.91544184889876
327.2,-7.38236455821066,-7.38236455821066,-6.90622921100455,-9.72903942014643e-11,-6.90622921090726
327.3,-8.48099731852841,-8.48099731852841,-6.89702884593664,-9.60303990297764e-11,-6.89702884584061
327.4,-9.3761795676762,-9.3761795676762,-6.88784073744378,-9.47867218907744e-11,-6.887840737349
327.5,-6.93477343363676,-6.93477343363676,-6.87866486919799,-9.35591514517525e-11,-6.87866486910443
327.6,-6.40580210459488,-6.40580210459488,-6.86950122489299,-9.23474791169444e-11,-6.86950122480064
327.7,-8.56237752299639,-8.56237752299639,-6.86034978824426,-9.11514989920821e-11,-6.86034978815311
327.8,-10.108601407888,-10.108601407888,-6.85121054298896,-8.99710078494076e-11,-6.85121054289899
327.9,-9.7830805900161,-9.7830805900161,-6.84208347288592,-8.88058050931369e-11,-6.84208347279711
328,-9.05065874980428,-9.05065874980428,-6.8329685617156,-8.76556927253783e-11,-6.83296856162795
328.1,-8.64375772746437,-8.64375772746437,-6.82386579328007,-8.65204753124825e-11,-6.82386579319355
328.2,-7.74857547831657,-7.74857547831657,-6.81477515140299,-8.53999599518377e-11,-6.81477515131759
328.3,-9.13203895427224,-9.13203895427224,-6.80569661992955,-8.42939562390884e-11,-6.80569661984525
328.4,-9.74239048778212,-9.74239048778212,-6.79663018272646,-8.32022762357795e-11,-6.79663018264326
328.5,-10.108601407888,-10.108601407888,-6.78757582368195,-8.21247344374243e-11,-6.78757582359983
328.6,-8.60306762523038,-8.60306762523038,-6.7785335267057,-8.10611477419784e-11,-6.77853352662463
328.7,-8.15547650065649,-8.15547650065649,-6.7695032757288,-8.00113354187296e-11,-6.76950327564879
328.8,-8.56237752299639,-8.56237752299639,-6.76048505470379,-7.89751190775856e-11,-6.76048505462481
328.9,-8.35892701182643,-8.35892701182643,-6.75147884760455,-7.7952322638759e-11,-6.7514788475266
329,-9.05065874980427,-9.05065874980427,-6.74248463842634,-7.69427723028512e-11,-6.7424846383494
329.1,-9.57963007884615,-9.57963007884615,-6.73350241118572,-7.59462965213143e-11,-6.73350241110978
329.2,-8.9285884431023,-8.9285884431023,-6.72453214992056,-7.49627259673054e-11,-6.72453214984559
329.3,-8.03340619395451,-8.03340619395451,-6.71557383868997,-7.39918935069107e-11,-6.71557383861598
329.4,-6.4058021045949,-6.4058021045949,-6.70662746157432,-7.30336341707449e-11,-6.70662746150129
329.5,-6.24304169565892,-6.24304169565892,-6.69769300267519,-7.20877851259214e-11,-6.6976930026031
329.6,-8.44030721629441,-8.44030721629441,-6.68877044611531,-7.11541856483789e-11,-6.68877044604415
329.7,-10.4748123279939,-10.4748123279939,-6.67985977603858,-7.02326770955742e-11,-6.67985977596835
329.8,-9.74239048778212,-9.74239048778212,-6.67096097661004,-6.93231028795226e-11,-6.67096097654072
329.9,-8.19616660289048,-8.19616660289048,-6.6620740320158,-6.84253084401888e-11,-6.66207403194737
330,-6.93477343363676,-6.93477343363676,-6.65319892646304,-6.75391412192259e-11,-6.6531989263955
330.1,-7.34167445597667,-7.34167445597667,-6.64433564417999,-6.66644506340485e-11,-6.64433564411333
330.2,-8.84720823863432,-8.84720823863432,-6.63548416941589,-6.58010880522479e-11,-6.63548416935009
330.3,-8.44030721629441,-8.44030721629441,-6.62664448644095,-6.49489067663343e-11,-6.626644486376
330.4,-9.05065874980427,-9.05065874980427,-6.61781657954634,-6.4107761968806e-11,-6.61781657948224
330.5,-9.3761795676762,-9.3761795676762,-6.60900043304418,-6.32775107275463e-11,-6.6090004329809
330.6,-8.68444782969836,-8.68444782969836,-6.60019603126744,-6.24580119615316e-11,-6.60019603120499
330.7,-9.4168696699102,-9.4168696699102,-6.59140335857002,-6.16491264168617e-11,-6.59140335850837
330.8,-10.43412222576,-10.43412222576,-6.58262239932661,-6.08507166430954e-11,-6.58262239926576
330.9,-9.45755977214418,-9.45755977214418,-6.57385313793275,-6.00626469698929e-11,-6.57385313787269
331,-8.39961711406042,-8.39961711406042,-6.56509555880477,-5.92847834839649e-11,-6.56509555874548
331.1,-8.15547650065649,-8.15547650065649,-6.55634964637972,-5.85169940063139e-11,-6.5563496463212
331.2,-8.27754680735847,-8.27754680735847,-6.54761538511543,-5.77591480697765e-11,-6.54761538505767
331.3,-9.8237706922501,-9.8237706922501,-6.53889275949042,-5.7011116896853e-11,-6.53889275943341
331.4,-8.0740962961885,-8.0740962961885,-6.53018175400387,-5.62727733778219e-11,-6.5301817539476
331.5,-7.78926558055056,-7.78926558055056,-6.52148235317564,-5.55439920491462e-11,-6.5214823531201
331.6,-9.21341915874024,-9.21341915874024,-6.51279454154617,-5.48246490721478e-11,-6.51279454149135
331.7,-8.9692785453363,-8.9692785453363,-6.50411830367654,-5.41146222119687e-11,-6.50411830362243
331.8,-8.0740962961885,-8.0740962961885,-6.49545362414839,-5.34137908167995e-11,-6.49545362409497
331.9,-7.91133588725254,-7.91133588725254,-6.48680048756385,-5.27220357973737e-11,-6.48680048751113
332,-8.4809973185284,-8.4809973185284,-6.47815887854563,-5.20392396067378e-11,-6.47815887849359
332.1,-8.23685670512446,-8.23685670512446,-6.46952878173689,-5.13652862202701e-11,-6.46952878168552
332.2,-9.05065874980428,-9.05065874980428,-6.46091018180125,-5.07000611159712e-11,-6.46091018175055
332.3,-8.52168742076239,-8.52168742076239,-6.45230306342278,-5.00434512550005e-11,-6.45230306337273
332.4,-6.64994271799883,-6.64994271799883,-6.44370741130592,-4.93953450624677e-11,-6.44370741125652
332.5,-7.42305466044466,-7.42305466044466,-6.43512321017551,-4.87556324084754e-11,-6.43512321012676
332.6,-6.64994271799883,-6.64994271799883,-6.42655044477674,-4.81242045894032e-11,-6.42655044472862
332.7,-7.2602942515087,-7.2602942515087,-6.41798909987511,-4.75009543094379e-11,-6.41798909982761
332.8,-6.8533932291688,-6.8533932291688,-6.40943916025644,-4.68857756623402e-11,-6.40943916020955
332.9,-7.1789140470407,-7.1789140470407,-6.40090061072677,-4.62785641134477e-11,-6.40090061068049
333,-7.34167445597667,-7.34167445597667,-6.39237343611244,-4.56792164819144e-11,-6.39237343606676
333.1,-8.64375772746437,-8.64375772746437,-6.38385762125996,-4.50876309231742e-11,-6.38385762121487
333.2,-9.3761795676762,-9.3761795676762,-6.37535315103604,-4.45037069116377e-11,-6.37535315099154
333.3,-7.95202598948653,-7.95202598948653,-6.36686001032757,-4.39273452236096e-11,-6.36686001028364
333.4,-6.56856251353085,-6.56856251353085,-6.35837818404153,-4.33584479204264e-11,-6.35837818399818
333.5,-7.46374476267864,-7.46374476267864,-6.34990765710506,-4.27969183318167e-11,-6.34990765706227
333.6,-8.72513793193234,-8.72513793193234,-6.34144841446534,-4.22426610394721e-11,-6.3414484144231
333.7,-8.84720823863432,-8.84720823863432,-6.33300044108961,-4.16955818608351e-11,-6.33300044104792
333.8,-8.68444782969835,-8.68444782969835,-6.32456372196516,-4.11555878330939e-11,-6.324563721924
333.9,-8.9692785453363,-8.9692785453363,-6.31613824209924,-4.06225871973855e-11,-6.31613824205862
334,-8.03340619395452,-8.03340619395452,-6.30772398651912,-4.00964893832047e-11,-6.30772398647902
334.1,-7.95202598948652,-7.95202598948652,-6.29932094027196,-3.95772049930121e-11,-6.29932094023239
334.2,-6.24304169565893,-6.24304169565893,-6.2909290884249,-3.90646457870451e-11,-6.29092908838583
334.3,-7.6265051716146,-7.6265051716146,-6.28254841606493,-3.85587246683224e-11,-6.28254841602637
334.4,-6.97546353587075,-6.97546353587075,-6.27417890829892,-3.80593556678437e-11,-6.27417890826086
334.5,-6.48718230906287,-6.48718230906287,-6.2658205502536,-3.75664539299832e-11,-6.26582055021603
334.6,-8.03340619395451,-8.03340619395451,-6.25747332707547,-3.70799356980679e-11,-6.25747332703839
334.7,-10.474812327994,-10.474812327994,-6.24913722393086,-3.65997183001474e-11,-6.24913722389426
334.8,-9.13203895427226,-9.13203895427226,-6.24081222600584,-3.61257201349448e-11,-6.24081222596972
334.9,-7.99271609172053,-7.99271609172053,-6.23249831850622,-3.56578606579902e-11,-6.23249831847057
335,-8.64375772746437,-8.64375772746437,-6.22419548665753,-3.51960603679354e-11,-6.22419548662233
335.1,-8.9692785453363,-8.9692785453363,-6.21590371570495,-3.47402407930426e-11,-6.2159037156702
335.2,-7.99271609172053,-7.99271609172053,-6.20762299091334,-3.42903244778523e-11,-6.20762299087905
335.3,-7.6265051716146,-7.6265051716146,-6.19935329756719,-3.38462349700204e-11,-6.19935329753335
335.4,-8.76582803416635,-8.76582803416635,-6.1910946209706,-3.34078968073262e-11,-6.19109462093719
335.5,-7.6671952738486,-7.6671952738486,-6.18284694644723,-3.29752355048515e-11,-6.18284694641426
335.6,-6.20235159342493,-6.20235159342493,-6.1746102593403,-3.25481775423216e-11,-6.17461025930775
335.7,-7.42305466044464,-7.42305466044464,-6.16638454501254,-3.21266503516139e-11,-6.16638454498041
335.8,-9.29479936320821,-9.29479936320821,-6.15816978884622,-3.1710582304426e-11,-6.15816978881451
335.9,-9.21341915874024,-9.21341915874024,-6.14996597624304,-3.12999027001038e-11,-6.14996597621174
336,-9.94584099895206,-9.94584099895206,-6.14177309262418,-3.08945417536288e-11,-6.14177309259328
336.1,-9.66101028331413,-9.66101028331413,-6.13359112343021,-3.04944305837583e-11,-6.13359112339972
336.2,-9.53893997661216,-9.53893997661216,-6.12542005412112,-3.00995012013224e-11,-6.12542005409102
336.3,-8.31823690959244,-8.31823690959244,-6.11725987017627,-2.97096864976699e-11,-6.11725987014656
336.4,-9.0099686475703,-9.0099686475703,-6.10911055709435,-2.93249202332643e-11,-6.10911055706502
336.5,-8.80651813640034,-8.80651813640034,-6.10097210039338,-2.89451370264296e-11,-6.10097210036443
336.6,-7.99271609172053,-7.99271609172053,-6.09284448561066,-2.85702723422384e-11,-6.09284448558209
336.7,-8.4809973185284,-8.4809973185284,-6.08472769830277,-2.82002624815475e-11,-6.08472769827457
336.8,-10.0272212034201,-10.0272212034201,-6.07662172404553,-2.78350445701728e-11,-6.07662172401769
336.9,-10.5968826346959,-10.5968826346959,-6.06852654843396,-2.74745565482049e-11,-6.06852654840648
337,-7.34167445597667,-7.34167445597667,-6.0604421570823,-2.71187371594653e-11,-6.06044215705518
337.1,-9.21341915874024,-9.21341915874024,-6.05236853562392,-2.6767525941095e-11,-6.05236853559715
337.2,-9.13203895427226,-9.13203895427226,-6.04430566971135,-2.64208632132826e-11,-6.04430566968493
337.3,-8.39961711406043,-8.39961711406043,-6.03625354501624,-2.60786900691217e-11,-6.03625354499016
337.4,-8.60306762523038,-8.60306762523038,-6.0282121472293,-2.57409483646014e-11,-6.02821214720356
337.5,-8.5216874207624,-8.5216874207624,-6.02018146206034,-2.54075807087267e-11,-6.02018146203493
337.6,-8.76582803416635,-8.76582803416635,-6.01216147523817,-2.50785304537653e-11,-6.01216147521309
337.7,-7.82995568278456,-7.82995568278456,-6.00415217251063,-2.47537416856228e-11,-6.00415217248587
337.8,-9.57963007884615,-9.57963007884615,-5.99615353964455,-2.4433159214341e-11,-5.99615353962012
337.9,-9.57963007884615,-9.57963007884615,-5.98816556242571,-2.41167285647188e-11,-5.9881655624016
338,-8.76582803416635,-8.76582803416635,-5.98018822665885,-2.38043959670573e-11,-5.98018822663505
338.1,-8.23685670512447,-8.23685670512447,-5.97222151816758,-2.34961083480211e-11,-5.97222151814408
338.2,-7.6265051716146,-7.6265051716146,-5.96426542279443,-2.31918133216214e-11,-5.96426542277124
338.3,-8.52168742076239,-8.52168742076239,-5.95631992640077,-2.2891459180313e-11,-5.95631992637788
338.4,-8.4809973185284,-8.4809973185284,-5.94838501486683,-2.25949948862084e-11,-5.94838501484424
338.5,-8.0740962961885,-8.0740962961885,-5.94046067409163,-2.23023700624053e-11,-5.94046067406933
338.6,-8.31823690959243,-8.31823690959243,-5.93254688999296,-2.20135349844257e-11,-5.93254688997095
338.7,-8.03340619395451,-8.03340619395451,-5.92464364850741,-2.17284405717673e-11,-5.92464364848569
338.8,-7.42305466044466,-7.42305466044466,-5.91675093559029,-2.14470383795627e-11,-5.91675093556884
338.9,-7.46374476267865,-7.46374476267865,-5.90886873721559,-2.11692805903476e-11,-5.90886873719442
339,-6.60925261576485,-6.60925261576485,-5.90099703937603,-2.08951200059356e-11,-5.90099703935513
339.1,-6.64994271799883,-6.64994271799883,-5.89313582808295,-2.06245100393975e-11,-5.89313582806233
339.2,-8.35892701182645,-8.35892701182645,-5.88528508936636,-2.03574047071458e-11,-5.885285089346
339.3,-9.00996864757028,-9.00996864757028,-5.87744480927487,-2.00937586211202e-11,-5.87744480925478
339.4,-8.19616660289048,-8.19616660289048,-5.86961497387567,-1.98335269810751e-11,-5.86961497385583
339.5,-8.76582803416635,-8.76582803416635,-5.8617955692545,-1.95766655669672e-11,-5.86179556923492
339.6,-7.91133588725254,-7.91133588725254,-5.85398658151566,-1.93231307314411e-11,-5.85398658149633
339.7,-7.99271609172053,-7.99271609172053,-5.84618799678194,-1.90728793924126e-11,-5.84618799676287
339.8,-8.0740962961885,-8.0740962961885,-5.83839980119465,-1.88258690257482e-11,-5.83839980117583
339.9,-8.64375772746437,-8.64375772746437,-5.83062198091352,-1.85820576580384e-11,-5.83062198089494
340,-8.31823690959244,-8.31823690959244,-5.82285452211675,-1.83414038594664e-11,-5.82285452209841
340.1,-8.72513793193236,-8.72513793193236,-5.81509741100093,-1.81038667367669e-11,-5.81509741098282
340.2,-8.03340619395451,-8.03340619395451,-5.80735063378105,-1.78694059262784e-11,-5.80735063376318
340.3,-7.70788537608258,-7.70788537608258,-5.79961417669048,-1.76379815870839e-11,-5.79961417667284
340.4,-7.46374476267864,-7.46374476267864,-5.79188802598089,-1.74095543942406e-11,-5.79188802596348
340.5,-5.71407036661705,-5.71407036661705,-5.78417216792231,-1.71840855320983e-11,-5.78417216790513
340.6,-6.64994271799883,-6.64994271799883,-5.77646658880303,-1.69615366877027e-11,-5.77646658878607
340.7,-9.09134885203826,-9.09134885203826,-5.76877127492961,-1.6741870044286e-11,-5.76877127491287
340.8,-10.108601407888,-10.108601407888,-5.76108621262688,-1.65250482748403e-11,-5.76108621261035
340.9,-9.21341915874024,-9.21341915874024,-5.75341138823784,-1.63110345357747e-11,-5.75341138822153
341,-7.2602942515087,-7.2602942515087,-5.74574678812373,-1.60997924606552e-11,-5.74574678810763
341.1,-6.3651120023609,-6.3651120023609,-5.73809239866393,-1.58912861540243e-11,-5.73809239864804
341.2,-7.62650517161461,-7.62650517161461,-5.73044820625597,-1.56854801853021e-11,-5.73044820624028
341.3,-7.87064578501854,-7.87064578501854,-5.72281419731552,-1.54823395827658e-11,-5.72281419730003
341.4,-7.01615363810475,-7.01615363810475,-5.71519035827631,-1.5281829827606e-11,-5.71519035826103
341.5,-7.09753384257273,-7.09753384257273,-5.70757667559019,-1.50839168480629e-11,-5.7075766755751
341.6,-8.31823690959246,-8.31823690959246,-5.69997313572701,-1.48885670136347e-11,-5.69997313571212
341.7,-8.5216874207624,-8.5216874207624,-5.69237972517468,-1.46957471293643e-11,-5.69237972515999
341.8,-6.56856251353085,-6.56856251353085,-5.68479643043911,-1.45054244301983e-11,-5.68479643042461
341.9,-6.7720130247008,-6.7720130247008,-5.67722323804416,-1.43175665754188e-11,-5.67722323802984
342,-7.30098435374268,-7.30098435374268,-5.66966013453166,-1.41321416431486e-11,-5.66966013451753
342.1,-7.13822394480672,-7.13822394480672,-5.66210710646137,-1.39491181249263e-11,-5.66210710644742
342.2,-6.60925261576485,-6.60925261576485,-5.65456414041094,-1.37684649203527e-11,-5.65456414039718
342.3,-7.74857547831658,-7.74857547831658,-5.64703122297594,-1.35901513318059e-11,-5.64703122296235
342.4,-8.48099731852841,-8.48099731852841,-5.63950834076974,-1.34141470592244e-11,-5.63950834075633
342.5,-7.95202598948653,-7.95202598948653,-5.63199548042359,-1.32404221949594e-11,-5.63199548041035
342.6,-7.50443486491263,-7.50443486491263,-5.62449262858653,-1.30689472186918e-11,-5.62449262857346
342.7,-8.39961711406042,-8.39961711406042,-5.61699977192539,-1.28996929924163e-11,-5.61699977191249
342.8,-9.41686966991018,-9.41686966991018,-5.60951689712476,-1.27326307554904e-11,-5.60951689711202
342.9,-9.3761795676762,-9.3761795676762,-5.60204399088696,-1.25677321197464e-11,-5.60204399087439
343,-7.91133588725254,-7.91133588725254,-5.59458103993205,-1.24049690646687e-11,-5.59458103991965
343.1,-8.27754680735847,-8.27754680735847,-5.58712803099776,-1.22443139326311e-11,-5.58712803098551
343.2,-8.68444782969835,-8.68444782969835,-5.57968495083948,-1.2085739424198e-11,-5.5796849508274
343.3,-8.9285884431023,-8.9285884431023,-5.57225178623029,-1.19292185934854e-11,-5.57225178621836
343.4,-9.53893997661215,-9.53893997661215,-5.56482852396083,-1.17747248435816e-11,-5.56482852394905
343.5,-8.4809973185284,-8.4809973185284,-5.55741515083937,-1.16222319220281e-11,-5.55741515082775
343.6,-7.46374476267864,-7.46374476267864,-5.55001165369176,-1.14717139163587e-11,-5.55001165368029
343.7,-7.2602942515087,-7.2602942515087,-5.54261801936139,-1.13231452496959e-11,-5.54261801935006
343.8,-8.56237752299639,-8.56237752299639,-5.53523423470917,-1.11765006764054e-11,-5.53523423469799
343.9,-7.58581506938062,-7.58581506938062,-5.52786028661352,-1.10317552778054e-11,-5.52786028660249
344,-6.73132292246682,-6.73132292246682,-5.52049616197035,-1.08888844579329e-11,-5.52049616195946
344.1,-6.12097138895696,-6.12097138895696,-5.513141847693,-1.07478639393639e-11,-5.51314184768226
344.2,-7.99271609172053,-7.99271609172053,-5.50579733071229,-1.06086697590883e-11,-5.50579733070168
344.3,-10.8003331458659,-10.8003331458659,-5.4984625979764,-1.04712782644377e-11,-5.49846259796593
344.4,-10.271361816824,-10.271361816824,-5.49113763645092,-1.03356661090663e-11,-5.49113763644059
344.5,-9.09134885203826,-9.09134885203826,-5.48382243311882,-1.02018102489838e-11,-5.48382243310862
344.6,-9.00996864757028,-9.00996864757028,-5.47651697498038,-1.00696879386395e-11,-5.47651697497031
344.7,-8.27754680735845,-8.27754680735845,-5.46922124905323,-9.93927672705758e-12,-5.46922124904329
344.8,-6.60925261576485,-6.60925261576485,-5.46193524237226,-9.81055445402177e-12,-5.46193524236245
344.9,-8.19616660289048,-8.19616660289048,-5.45465894198966,-9.6834992463097e-12,-5.45465894197998
345,-8.84720823863432,-8.84720823863432,-5.44739233497486,-9.55808951397654e-12,-5.4473923349653
345.1,-10.23067171459,-10.23067171459,-5.44013540841451,-9.43430394668569e-12,-5.44013540840508
345.2,-9.21341915874024,-9.21341915874024,-5.43288814941247,-9.31212151008819e-12,-5.43288814940316
345.3,-9.17272905650625,-9.17272905650625,-5.42565054508978,-9.19152144224813e-12,-5.42565054508059
345.4,-8.56237752299639,-8.56237752299639,-5.41842258258463,-9.07248325011456e-12,-5.41842258257556
345.5,-9.00996864757028,-9.00996864757028,-5.41120424905235,-8.95498670603958e-12,-5.4112042490434
345.6,-10.271361816824,-10.271361816824,-5.40399553166538,-8.83901184434069e-12,-5.40399553165654
345.7,-8.64375772746437,-8.64375772746437,-5.39679641761326,-8.72453895790849e-12,-5.39679641760453
345.8,-8.72513793193234,-8.72513793193234,-5.38960689410257,-8.61154859485781e-12,-5.38960689409396
345.9,-8.39961711406042,-8.39961711406042,-5.38242694835696,-8.50002155522207e-12,-5.38242694834846
346,-8.5216874207624,-8.5216874207624,-5.37525656761709,-8.38993888769125e-12,-5.3752565676087
346.1,-8.72513793193236,-8.72513793193236,-5.3680957391406,-8.28128188639096e-12,-5.36809573913232
346.2,-8.0740962961885,-8.0740962961885,-5.36094445020214,-8.17403208770435e-12,-5.36094445019396
346.3,-7.74857547831658,-7.74857547831658,-5.35380268809328,-8.06817126713455e-12,-5.35380268808522
346.4,-6.77201302470082,-6.77201302470082,-5.34667044012255,-7.96368143620737e-12,-5.34667044011459
346.5,-6.3651120023609,-6.3651120023609,-5.33954769361536,-7.86054483941549e-12,-5.3395476936075
346.6,-7.34167445597667,-7.34167445597667,-5.33243443591402,-7.75874395120038e-12,-5.33243443590626
346.7,-6.08028128672296,-6.08028128672296,-5.3253306543777,-7.65826147297506e-12,-5.32533065437004
346.8,-6.64994271799883,-6.64994271799883,-5.31823633638241,-7.55908033018423e-12,-5.31823633637485
346.9,-7.05684374033874,-7.05684374033874,-5.31115146932096,-7.46118366940273e-12,-5.3111514693135
347,-7.42305466044466,-7.42305466044466,-5.304076040603,-7.36455485547217e-12,-5.30407604059564
347.1,-6.8127031269348,-6.8127031269348,-5.2970100376549,-7.26917746867368e-12,-5.29701003764763
347.2,-5.10371883310719,-5.10371883310719,-5.28995344791982,-7.17503530193818e-12,-5.28995344791265
347.3,-5.998901082255,-5.998901082255,-5.28290625885763,-7.08211235809224e-12,-5.28290625885054
347.4,-7.17891404704071,-7.17891404704071,-5.27586845794489,-6.99039284713955e-12,-5.2758684579379
347.5,-6.64994271799883,-6.64994271799883,-5.26884003267489,-6.8998611835782e-12,-5.26884003266799
347.6,-6.12097138895695,-6.12097138895695,-5.26182097055753,-6.81050198375188e-12,-5.26182097055072
347.7,-7.50443486491263,-7.50443486491263,-5.25481125911938,-6.72230006323614e-12,-5.25481125911266
347.8,-6.8127031269348,-6.8127031269348,-5.24781088590363,-6.63524043425801e-12,-5.24781088589699
347.9,-6.7720130247008,-6.7720130247008,-5.24081983847003,-6.5493083031491e-12,-5.24081983846348
348,-6.69063282023282,-6.69063282023282,-5.23383810439495,-6.46448906783204e-12,-5.23383810438848
348.1,-7.58581506938061,-7.58581506938061,-5.22686567127127,-6.38076831533888e-12,-5.22686567126489
348.2,-7.05684374033874,-7.05684374033874,-5.21990252670842,-6.29813181936229e-12,-5.21990252670212
348.3,-6.8127031269348,-6.8127031269348,-5.21294865833234,-6.21656553783795e-12,-5.21294865832613
348.4,-7.34167445597667,-7.34167445597667,-5.20600405378544,-6.13605561055837e-12,-5.2060040537793
348.5,-7.38236455821066,-7.38236455821066,-5.1990687007266,-6.05658835681796e-12,-5.19906870072055
348.6,-6.48718230906287,-6.48718230906287,-5.19214258683114,-5.97815027308799e-12,-5.19214258682516
348.7,-6.73132292246681,-6.73132292246681,-5.1852256997908,-5.90072803072229e-12,-5.18522569978489
348.8,-6.8533932291688,-6.8533932291688,-5.1783180273137,-5.82430847369225e-12,-5.17831802730788
348.9,-6.69063282023282,-6.69063282023282,-5.17141955712438,-5.74887861635114e-12,-5.17141955711863
349,-7.50443486491263,-7.50443486491263,-5.16453027696368,-5.67442564122779e-12,-5.164530276958
349.1,-7.54512496714662,-7.54512496714662,-5.1576501745888,-5.60093689684828e-12,-5.1576501745832
349.2,-8.1147863984225,-8.1147863984225,-5.15077923777325,-5.52839989558639e-12,-5.15077923776772
349.3,-8.64375772746437,-8.64375772746437,-5.14391745430682,-5.45680231154151e-12,-5.14391745430136
349.4,-7.87064578501855,-7.87064578501855,-5.13706481199556,-5.38613197844404e-12,-5.13706481199018
349.5,-5.79545057108504,-5.79545057108504,-5.1302212986618,-5.3163768875883e-12,-5.13022129865648
349.6,-6.16166149119094,-6.16166149119094,-5.12338690214403,-5.24752518579165e-12,-5.12338690213878
349.7,-7.50443486491263,-7.50443486491263,-5.116561610297,-5.17956517338056e-12,-5.11656161029182
349.8,-9.13203895427226,-9.13203895427226,-5.10974541099162,-5.11248530220244e-12,-5.1097454109865
349.9,-6.93477343363677,-6.93477343363677,-5.10293829211494,-5.04627417366322e-12,-5.10293829210989
350,-5.917520877787,-5.917520877787,-5.09614024157017,-4.98092053679068e-12,-5.09614024156519
350.1,-6.12097138895695,-6.12097138895695,-5.08935124727663,-4.9164132863223e-12,-5.08935124727171
350.2,-7.78926558055056,-7.78926558055056,-5.08257129716973,-4.8527414608185e-12,-5.08257129716488
350.3,-7.7078853760826,-7.7078853760826,-5.07580037920095,-4.78989424079984e-12,-5.07580037919616
350.4,-6.16166149119096,-6.16166149119096,-5.06903848133783,-4.72786094690847e-12,-5.0690384813331
350.5,-6.69063282023283,-6.69063282023283,-5.06228559156393,-4.66663103809362e-12,-5.06228559155926
350.6,-8.15547650065649,-8.15547650065649,-5.05554169787882,-4.60619410982016e-12,-5.05554169787421
350.7,-7.58581506938061,-7.58581506938061,-5.04880678829805,-4.54653989230085e-12,-5.04880678829351
350.8,-8.84720823863433,-8.84720823863433,-5.04208085085317,-4.4876582487511e-12,-5.04208085084868
350.9,-7.50443486491264,-7.50443486491264,-5.03536387359162,-4.4295391736664e-12,-5.03536387358719
351,-6.28373179789291,-6.28373179789291,-5.02865584457681,-4.37217279112235e-12,-5.02865584457244
351.1,-6.03959118448897,-6.03959118448897,-5.02195675188802,-4.31554935309624e-12,-5.0219567518837
351.2,-6.24304169565893,-6.24304169565893,-5.01526658362043,-4.25965923781081e-12,-5.01526658361617
351.3,-6.44649220682888,-6.44649220682888,-5.00858532788507,-4.20449294809917e-12,-5.00858532788087
351.4,-8.39961711406043,-8.39961711406043,-5.00191297280882,-4.15004110979092e-12,-5.00191297280467
351.5,-7.58581506938061,-7.58581506938061,-4.99524950653436,-4.09629447011943e-12,-4.99524950653026
351.6,-7.58581506938061,-7.58581506938061,-4.98859491722017,-4.04324389614933e-12,-4.98859491721612
351.7,-6.8127031269348,-6.8127031269348,-4.98194919304051,-3.99088037322477e-12,-4.98194919303652
351.8,-6.69063282023282,-6.69063282023282,-4.97531232218541,-3.93919500343755e-12,-4.97531232218147
351.9,-6.28373179789292,-6.28373179789292,-4.9686842928606,-3.88817900411501e-12,-4.96868429285671
352,-5.34785944651115,-5.34785944651115,-4.96206509328755,-3.83782370632787e-12,-4.96206509328371
352.1,-6.73132292246681,-6.73132292246681,-4.95545471170339,-3.78812055341689e-12,-4.9554547116996
352.2,-7.38236455821066,-7.38236455821066,-4.94885313636096,-3.73906109953909e-12,-4.94885313635722
352.3,-5.51061985544709,-5.51061985544709,-4.94226035552873,-3.6906370082325e-12,-4.94226035552504
352.4,-6.12097138895696,-6.12097138895696,-4.93567635749079,-3.64284005099951e-12,-4.93567635748714
352.5,-5.42923965097912,-5.42923965097912,-4.92910113054684,-3.59566210590879e-12,-4.92910113054325
352.6,-5.26647924204316,-5.26647924204316,-4.92253466301219,-3.549095156215e-12,-4.92253466300864
352.7,-6.48718230906287,-6.48718230906287,-4.91597694321768,-3.50313128899668e-12,-4.91597694321417
352.8,-6.56856251353085,-6.56856251353085,-4.90942795950972,-3.45776269381158e-12,-4.90942795950627
352.9,-6.03959118448897,-6.03959118448897,-4.90288770025025,-3.41298166136941e-12,-4.90288770024684
353,-6.8127031269348,-6.8127031269348,-4.8963561538167,-3.36878058222196e-12,-4.89635615381333
353.1,-7.34167445597667,-7.34167445597667,-4.88983330860197,-3.32515194546993e-12,-4.88983330859865
353.2,-7.82995568278456,-7.82995568278456,-4.88331915301446,-3.28208833748673e-12,-4.88331915301118
353.3,-6.8533932291688,-6.8533932291688,-4.87681367547798,-3.23958244065869e-12,-4.87681367547474
353.4,-5.5106198554471,-5.5106198554471,-4.87031686443178,-3.19762703214154e-12,-4.87031686442858
353.5,-5.59200005991507,-5.59200005991507,-4.8638287083305,-3.1562149826332e-12,-4.86382870832734
353.6,-5.67338026438305,-5.67338026438305,-4.85734919564416,-3.11533925516216e-12,-4.85734919564104
353.7,-7.30098435374268,-7.30098435374268,-4.85087831485815,-3.07499290389188e-12,-4.85087831485507
353.8,-9.33548946544222,-9.33548946544222,-4.84441605447319,-3.03516907294043e-12,-4.84441605447016
353.9,-7.99271609172053,-7.99271609172053,-4.83796240300533,-2.99586099521547e-12,-4.83796240300234
354,-6.89408333140278,-6.89408333140278,-4.83151734898591,-2.95706199126444e-12,-4.83151734898296
354.1,-6.16166149119094,-6.16166149119094,-4.82508088096155,-2.91876546813944e-12,-4.82508088095864
354.2,-5.83614067331902,-5.83614067331902,-4.81865298749413,-2.88096491827701e-12,-4.81865298749125
354.3,-5.5106198554471,-5.5106198554471,-4.81223365716077,-2.84365391839233e-12,-4.81223365715793
354.4,-6.52787241129686,-6.52787241129686,-4.80582287855379,-2.80682612838762e-12,-4.80582287855098
354.5,-8.35892701182645,-8.35892701182645,-4.79942064028073,-2.77047529027494e-12,-4.79942064027796
354.6,-8.52168742076239,-8.52168742076239,-4.7930269309643,-2.73459522711269e-12,-4.79302693096156
354.7,-6.48718230906286,-6.48718230906286,-4.78664173924235,-2.69917984195606e-12,-4.78664173923965
354.8,-6.89408333140278,-6.89408333140278,-4.7802650537679,-2.664223116821e-12,-4.78026505376524
354.9,-5.4699297532131,-5.4699297532131,-4.77389686320906,-2.62971911166152e-12,-4.77389686320643
355,-5.59200005991508,-5.59200005991508,-4.76753715624904,-2.59566196336045e-12,-4.76753715624644
355.1,-6.48718230906287,-6.48718230906287,-4.76118592158612,-2.56204588473302e-12,-4.76118592158356
355.2,-6.60925261576485,-6.60925261576485,-4.75484314793366,-2.52886516354359e-12,-4.75484314793113
355.3,-7.6671952738486,-7.6671952738486,-4.74850882402005,-2.49611416153494e-12,-4.74850882401755
355.4,-6.85339322916878,-6.85339322916878,-4.74218293858866,-2.46378731347011e-12,-4.74218293858619
355.5,-7.54512496714662,-7.54512496714662,-4.7358654803979,-2.4318791261869e-12,-4.73586548039546
355.6,-8.4809973185284,-8.4809973185284,-4.72955643822113,-2.40038417766422e-12,-4.72955643821873
355.7,-10.352742021292,-10.352742021292,-4.72325580084668,-2.36929711610095e-12,-4.72325580084431
355.8,-12.1024164173536,-12.1024164173536,-4.71696355707781,-2.33861265900647e-12,-4.71696355707547
355.9,-11.2072341682058,-11.2072341682058,-4.71067969573269,-2.30832559230287e-12,-4.71067969573038
356,-9.8237706922501,-9.8237706922501,-4.7044042056444,-2.27843076943925e-12,-4.70440420564213
356.1,-11.3699945771417,-11.3699945771417,-4.6981370756609,-2.24892311051687e-12,-4.69813707565865
356.2,-10.8003331458659,-10.8003331458659,-4.69187829464497,-2.2197976014262e-12,-4.69187829464275
356.3,-10.474812327994,-10.474812327994,-4.68562785147428,-2.19104929299474e-12,-4.68562785147208
356.4,-8.9285884431023,-8.9285884431023,-4.67938573504126,-2.16267330014608e-12,-4.6793857350391
356.5,-8.23685670512446,-8.23685670512446,-4.6731519342532,-2.13466480106979e-12,-4.67315193425106
356.6,-10.8003331458659,-10.8003331458659,-4.6669264380321,-2.1070190364021e-12,-4.66692643803
356.7,-11.5734450883117,-11.5734450883117,-4.66070923531478,-2.07973130841709e-12,-4.6607092353127
356.8,-9.66101028331413,-9.66101028331413,-4.65450031505276,-2.05279698022857e-12,-4.65450031505071
356.9,-9.78308059001611,-9.78308059001611,-4.64829966621229,-2.02621147500192e-12,-4.64829966621026
357,-10.149291510122,-10.149291510122,-4.64210727777431,-1.99997027517665e-12,-4.64210727777231
357.1,-10.189981612356,-10.189981612356,-4.63592313873446,-1.97406892169846e-12,-4.63592313873249
357.2,-9.57963007884615,-9.57963007884615,-4.62974723810303,-1.94850301326181e-12,-4.62974723810108
357.3,-9.17272905650625,-9.17272905650625,-4.62357956490493,-1.92326820556183e-12,-4.62357956490301
357.4,-9.90515089671807,-9.90515089671807,-4.61742010817972,-1.89836021055616e-12,-4.61742010817783
357.5,-9.90515089671807,-9.90515089671807,-4.61126885698156,-1.87377479573635e-12,-4.61126885697968
357.6,-9.21341915874024,-9.21341915874024,-4.60512580037916,-1.8495077834086e-12,-4.60512580037731
357.7,-9.49824987437817,-9.49824987437817,-4.59899092745582,-1.82555504998385e-12,-4.598990927454
357.8,-10.9224034525678,-10.9224034525678,-4.5928642273094,-1.80191252527718e-12,-4.59286422730759
357.9,-12.4279372352255,-12.4279372352255,-4.58674568905223,-1.778576191816e-12,-4.58674568905045
358,-11.4920648838437,-11.4920648838437,-4.58063530181119,-1.75554208415758e-12,-4.58063530180943
358.1,-9.70170038554812,-9.70170038554812,-4.57453305472762,-1.73280628821503e-12,-4.57453305472589
358.2,-10.108601407888,-10.108601407888,-4.56843893695736,-1.71036494059235e-12,-4.56843893695565
358.3,-10.312051919058,-10.312051919058,-4.56235293767065,-1.68821422792787e-12,-4.56235293766896
358.4,-8.23685670512446,-8.23685670512446,-4.55627504605218,-1.66635038624623e-12,-4.55627504605052
358.5,-9.13203895427226,-9.13203895427226,-4.55020525130107,-1.64476970031887e-12,-4.55020525129942
358.6,-10.7189529413979,-10.7189529413979,-4.54414354263078,-1.62346850303263e-12,-4.54414354262915
358.7,-10.8410232480999,-10.8410232480999,-4.53808990926917,-1.60244317476668e-12,-4.53808990926757
358.8,-9.53893997661216,-9.53893997661216,-4.53204434045847,-1.58169014277743e-12,-4.53204434045688
358.9,-10.8410232480999,-10.8410232480999,-4.52600682545519,-1.56120588059137e-12,-4.52600682545363
359,-8.9285884431023,-8.9285884431023,-4.51997735353019,-1.54098690740598e-12,-4.51997735352865
359.1,-7.34167445597667,-7.34167445597667,-4.51395591396862,-1.52102978749806e-12,-4.51395591396709
359.2,-7.38236455821066,-7.38236455821066,-4.50794249606988,-1.50133112964009e-12,-4.50794249606838
359.3,-8.72513793193236,-8.72513793193236,-4.50193708914767,-1.48188758652385e-12,-4.50193708914619
359.4,-9.05065874980427,-9.05065874980427,-4.49593968252988,-1.4626958541917e-12,-4.49593968252841
359.5,-9.94584099895206,-9.94584099895206,-4.48995026555863,-1.44375267147508e-12,-4.48995026555719
359.6,-10.352742021292,-10.352742021292,-4.48396882759026,-1.42505481944044e-12,-4.48396882758883
359.7,-9.70170038554813,-9.70170038554813,-4.47799535799526,-1.40659912084219e-12,-4.47799535799386
359.8,-8.35892701182645,-8.35892701182645,-4.47202984615831,-1.38838243958288e-12,-4.47202984615692
359.9,-8.39961711406042,-8.39961711406042,-4.4660722814782,-1.37040168018016e-12,-4.46607228147683
360,-8.9285884431023,-8.9285884431023,-4.46012265336787,-1.35265378724096e-12,-4.46012265336652
360.1,-8.39961711406042,-8.39961711406042,-4.45418095125434,-1.33513574494214e-12,-4.45418095125301
360.2,-8.31823690959244,-8.31823690959244,-4.44824716457874,-1.31784457651813e-12,-4.44824716457742
360.3,-7.95202598948652,-7.95202598948652,-4.44232128279625,-1.30077734375505e-12,-4.44232128279495
360.4,-9.21341915874024,-9.21341915874024,-4.43640329537609,-1.28393114649144e-12,-4.4364032953748
360.5,-9.70170038554812,-9.70170038554812,-4.43049319180153,-1.26730312212544e-12,-4.43049319180027
360.6,-9.29479936320821,-9.29479936320821,-4.42459096156985,-1.2508904451284e-12,-4.4245909615686
360.7,-10.352742021292,-10.352742021292,-4.41869659419229,-1.23469032656469e-12,-4.41869659419105
360.8,-11.4920648838437,-11.4920648838437,-4.4128100791941,-1.21870001361787e-12,-4.41281007919288
360.9,-9.53893997661216,-9.53893997661216,-4.40693140611447,-1.2029167891228e-12,-4.40693140611326
361,-7.13822394480672,-7.13822394480672,-4.40106056450652,-1.18733797110405e-12,-4.40106056450533
361.1,-6.4464922068289,-6.4464922068289,-4.39519754393729,-1.17196091232005e-12,-4.39519754393612
361.2,-7.2196041492747,-7.2196041492747,-4.38934233398772,-1.15678299981337e-12,-4.38934233398657
361.3,-6.97546353587077,-6.97546353587077,-4.38349492425264,-1.1418016544666e-12,-4.3834949242515
361.4,-7.2602942515087,-7.2602942515087,-4.37765530434073,-1.12701433056415e-12,-4.3776553043396
361.5,-7.46374476267864,-7.46374476267864,-4.37182346387451,-1.11241851535968e-12,-4.3718234638734
361.6,-6.28373179789292,-6.28373179789292,-4.36599939249033,-1.09801172864909e-12,-4.36599939248923
361.7,-5.67338026438307,-5.67338026438307,-4.36018307983835,-1.08379152234907e-12,-4.36018307983727
361.8,-6.60925261576485,-6.60925261576485,-4.35437451558252,-1.06975548008113e-12,-4.35437451558145
361.9,-8.44030721629441,-8.44030721629441,-4.34857368940054,-1.05590121676096e-12,-4.34857368939948
362,-8.9285884431023,-8.9285884431023,-4.34278059098389,-1.04222637819321e-12,-4.34278059098285
362.1,-8.39961711406042,-8.39961711406042,-4.33699521003776,-1.02872864067135e-12,-4.33699521003673
362.2,-9.3761795676762,-9.3761795676762,-4.33121753628106,-1.0154057105829e-12,-4.33121753628004
362.3,-10.8817133503339,-10.8817133503339,-4.3254475594464,-1.00225532401966e-12,-4.3254475594454
362.4,-10.067911305654,-10.067911305654,-4.31968526928008,-9.89275246393e-13,-4.31968526927909
362.5,-10.5968826346959,-10.5968826346959,-4.31393065554203,-9.76463272054149e-13,-4.31393065554105
362.6,-9.21341915874024,-9.21341915874024,-4.30818370800584,-9.63817223919413e-13,-4.30818370800488
362.7,-7.74857547831657,-7.74857547831657,-4.30244441645873,-9.51334953100215e-13,-4.30244441645778
362.8,-7.74857547831658,-7.74857547831658,-4.29671277070152,-9.39014338537983e-13,-4.29671277070058
362.9,-9.21341915874024,-9.21341915874024,-4.29098876054861,-9.26853286643645e-13,-4.29098876054768
363,-9.86446079448408,-9.86446079448408,-4.28527237582797,-9.14849730941985e-13,-4.28527237582705
363.1,-8.52168742076238,-8.52168742076238,-4.27956360638112,-9.03001631720382e-13,-4.27956360638021
363.2,-8.76582803416635,-8.76582803416635,-4.27386244206312,-8.91306975682312e-13,-4.27386244206223
363.3,-9.45755977214418,-9.45755977214418,-4.26816887274255,-8.79763775605168e-13,-4.26816887274167
363.4,-8.60306762523038,-8.60306762523038,-4.26248288830148,-8.68370070002605e-13,-4.26248288830061
363.5,-6.52787241129686,-6.52787241129686,-4.25680447863545,-8.57123922791235e-13,-4.25680447863459
363.6,-7.70788537608258,-7.70788537608258,-4.25113363365347,-8.46023422961631e-13,-4.25113363365263
363.7,-7.42305466044466,-7.42305466044466,-4.245470343278,-8.35066684253593e-13,-4.24547034327716
363.8,-5.99890108225499,-5.99890108225499,-4.23981459744491,-8.24251844835655e-13,-4.23981459744408
363.9,-5.83614067331902,-5.83614067331902,-4.23416638610348,-8.13577066988646e-13,-4.23416638610267
364,-8.27754680735845,-8.27754680735845,-4.2285256992164,-8.03040536793499e-13,-4.2285256992156
364.1,-7.70788537608258,-7.70788537608258,-4.2228925267597,-7.92640463822934e-13,-4.22289252675891
364.2,-5.83614067331902,-5.83614067331902,-4.21726685872279,-7.82375080837296e-13,-4.21726685872201
364.3,-4.6561277085333,-4.6561277085333,-4.2116486851084,-7.72242643484202e-13,-4.21164868510763
364.4,-7.13822394480672,-7.13822394480672,-4.20603799593258,-7.62241430002149e-13,-4.20603799593182
364.5,-6.4058021045949,-6.4058021045949,-4.2004347812247,-7.52369740927946e-13,-4.20043478122394
364.6,-4.41198709512935,-4.41198709512935,-4.19483903102737,-7.42625898807927e-13,-4.19483903102663
364.7,-4.90026832193724,-4.90026832193724,-4.18925073539651,-7.330082479129e-13,-4.18925073539578
364.8,-5.22578913980916,-5.22578913980916,-4.18366988440127,-7.23515153956832e-13,-4.18366988440055
364.9,-6.12097138895695,-6.12097138895695,-4.17809646812403,-7.14145003819074e-13,-4.17809646812331
365,-6.85339322916878,-6.85339322916878,-4.17253047666037,-7.04896205270334e-13,-4.17253047665966
365.1,-5.63269016214907,-5.63269016214907,-4.16697190011908,-6.95767186702033e-13,-4.16697190011838
365.2,-6.28373179789292,-6.28373179789292,-4.16142072862212,-6.86756396859324e-13,-4.16142072862143
365.3,-7.78926558055058,-7.78926558055058,-4.15587695230461,-6.77862304577439e-13,-4.15587695230394
365.4,-8.72513793193236,-8.72513793193236,-4.15034056131483,-6.6908339852153e-13,-4.15034056131416
365.5,-7.42305466044466,-7.42305466044466,-4.14481154581415,-6.60418186929847e-13,-4.14481154581349
365.6,-7.17891404704071,-7.17891404704071,-4.13928989597707,-6.51865197360254e-13,-4.13928989597642
365.7,-7.2602942515087,-7.2602942515087,-4.13377560199117,-6.43422976440014e-13,-4.13377560199053
365.8,-7.05684374033874,-7.05684374033874,-4.12826865405712,-6.35090089618849e-13,-4.12826865405649
365.9,-5.18509903757518,-5.18509903757518,-4.12276904238862,-6.26865120925124e-13,-4.12276904238799
366,-5.5106198554471,-5.5106198554471,-4.11727675721242,-6.187466727253e-13,-4.1172767572118
366.1,-5.5106198554471,-5.5106198554471,-4.11179178876828,-6.10733365486375e-13,-4.11179178876766
366.2,-5.4699297532131,-5.4699297532131,-4.10631412730897,-6.02823837541527e-13,-4.10631412730837
366.3,-6.48718230906287,-6.48718230906287,-4.10084376310026,-5.95016744858686e-13,-4.10084376309966
366.4,-7.38236455821066,-7.38236455821066,-4.09538068642086,-5.87310760812172e-13,-4.09538068642027
366.5,-6.24304169565893,-6.24304169565893,-4.08992488756244,-5.79704575957256e-13,-4.08992488756186
366.6,-5.71407036661705,-5.71407036661705,-4.08447635682962,-5.72196897807662e-13,-4.08447635682905
366.7,-6.97546353587075,-6.97546353587075,-4.07903508453992,-5.64786450615927e-13,-4.07903508453935
366.8,-6.56856251353085,-6.56856251353085,-4.07360106102375,-5.57471975156643e-13,-4.07360106102319
366.9,-4.6561277085333,-4.6561277085333,-4.06817427662442,-5.5025222851244e-13,-4.06817427662387
367,-6.28373179789291,-6.28373179789291,-4.0627547216981,-5.43125983862836e-13,-4.06275472169756
367.1,-6.8533932291688,-6.8533932291688,-4.0573423866138,-5.36092030275713e-13,-4.05734238661326
367.2,-6.3244219001269,-6.3244219001269,-4.05193726175336,-5.29149172501602e-13,-4.05193726175283
367.3,-7.17891404704071,-7.17891404704071,-4.04653933751146,-5.22296230770538e-13,-4.04653933751093
367.4,-6.24304169565892,-6.24304169565892,-4.04114860429553,-5.15532040591608e-13,-4.04114860429501
367.5,-5.67338026438306,-5.67338026438306,-4.03576505252581,-5.08855452555065e-13,-4.0357650525253
367.6,-7.78926558055058,-7.78926558055058,-4.03038867263531,-5.02265332137021e-13,-4.0303886726348
367.7,-7.30098435374268,-7.30098435374268,-4.02501945506975,-4.95760559506653e-13,-4.02501945506925
367.8,-5.63269016214907,-5.63269016214907,-4.01965739028761,-4.89340029335935e-13,-4.01965739028712
367.9,-7.05684374033874,-7.05684374033874,-4.01430246876007,-4.83002650611776e-13,-4.01430246875958
368,-8.15547650065649,-8.15547650065649,-4.00895468097099,-4.76747346450679e-13,-4.00895468097052
368.1,-6.12097138895696,-6.12097138895696,-4.00361401741694,-4.70573053915699e-13,-4.00361401741647
368.2,-5.75476046885104,-5.75476046885104,-3.99828046860712,-4.64478723835867e-13,-3.99828046860665
368.3,-6.4058021045949,-6.4058021045949,-3.99295402506339,-4.5846332062789e-13,-3.99295402506293
368.4,-7.46374476267864,-7.46374476267864,-3.98763467732022,-4.52525822120161e-13,-3.98763467731977
368.5,-6.3244219001269,-6.3244219001269,-3.98232241592472,-4.46665219379106e-13,-3.98232241592427
368.6,-6.16166149119096,-6.16166149119096,-3.97701723143655,-4.40880516537697e-13,-3.97701723143611
368.7,-5.99890108225497,-5.99890108225497,-3.971719114428,-4.35170730626267e-13,-3.97171911442756
368.8,-4.85957821970324,-4.85957821970324,-3.96642805548386,-4.29534891405455e-13,-3.96642805548343
368.9,-3.47611474374756,-3.47611474374756,-3.96114404520151,-4.23972041201333e-13,-3.96114404520109
369,-5.22578913980916,-5.22578913980916,-3.95586707419084,-4.18481234742701e-13,-3.95586707419042
369.1,-6.60925261576485,-6.60925261576485,-3.95059713307424,-4.13061539000423e-13,-3.95059713307383
369.2,-6.24304169565892,-6.24304169565892,-3.9453342124866,-4.07712033028917e-13,-3.94533421248619
369.3,-6.16166149119096,-6.16166149119096,-3.9400783030753,-4.02431807809646e-13,-3.94007830307489
369.4,-6.28373179789291,-6.28373179789291,-3.93482939550014,-3.97219966096637e-13,-3.93482939549975
369.5,-5.51061985544709,-5.51061985544709,-3.92958748043342,-3.92075622264056e-13,-3.92958748043302
369.6,-6.03959118448897,-6.03959118448897,-3.92435254855981,-3.8699790215567e-13,-3.92435254855942
369.7,-5.87683077555301,-5.87683077555301,-3.91912459057643,-3.81985942936346e-13,-3.91912459057604
369.8,-6.3651120023609,-6.3651120023609,-3.91390359719277,-3.7703889294541e-13,-3.91390359719239
369.9,-6.8127031269348,-6.8127031269348,-3.90868955913071,-3.72155911551931e-13,-3.90868955913034
370,-5.22578913980917,-5.22578913980917,-3.90348246712448,-3.67336169011885e-13,-3.90348246712412
370.1,-4.73750791300128,-4.73750791300128,-3.89828231192066,-3.6257884632715e-13,-3.8982823119203
370.2,-5.02233862863921,-5.02233862863921,-3.89308908427817,-3.57883135106341e-13,-3.89308908427781
370.3,-5.34785944651115,-5.34785944651115,-3.8879027749682,-3.53248237427453e-13,-3.88790277496785
370.4,-5.95821098002099,-5.95821098002099,-3.88272337477428,-3.48673365702249e-13,-3.88272337477393
370.5,-6.20235159342494,-6.20235159342494,-3.87755087449219,-3.44157742542463e-13,-3.87755087449185
370.6,-5.02233862863921,-5.02233862863921,-3.87238526492999,-3.39700600627662e-13,-3.87238526492965
370.7,-5.87683077555301,-5.87683077555301,-3.86722653690797,-3.35301182574898e-13,-3.86722653690763
370.8,-6.03959118448898,-6.03959118448898,-3.86207468125865,-3.3095874080998e-13,-3.86207468125832
370.9,-6.20235159342493,-6.20235159342493,-3.85692968882678,-3.26672537440456e-13,-3.85692968882646
371,-6.28373179789292,-6.28373179789292,-3.85179155046929,-3.22441844130223e-13,-3.85179155046897
371.1,-4.53405740183132,-4.53405740183132,-3.84666025705529,-3.18265941975761e-13,-3.84666025705497
371.2,-5.42923965097912,-5.42923965097912,-3.84153579946607,-3.14144121383975e-13,-3.84153579946575
371.3,-5.59200005991508,-5.59200005991508,-3.83641816859504,-3.10075681951628e-13,-3.83641816859473
371.4,-7.1789140470407,-7.1789140470407,-3.83130735534777,-3.06059932346295e-13,-3.83130735534746
371.5,-6.93477343363677,-6.93477343363677,-3.82620335064193,-3.02096190188927e-13,-3.82620335064163
371.6,-5.02233862863921,-5.02233862863921,-3.82110614540729,-2.98183781937856e-13,-3.82110614540699
371.7,-6.16166149119096,-6.16166149119096,-3.81601573058571,-2.94322042774384e-13,-3.81601573058542
371.8,-4.85957821970324,-4.85957821970324,-3.81093209713112,-2.90510316489781e-13,-3.81093209713083
371.9,-4.94095842417123,-4.94095842417123,-3.80585523600949,-2.86747955373793e-13,-3.8058552360092
372,-5.71407036661705,-5.71407036661705,-3.80078513819882,-2.83034320104577e-13,-3.80078513819854
372.1,-4.77819801523527,-4.77819801523527,-3.79572179468914,-2.79368779640064e-13,-3.79572179468886
372.2,-5.26647924204316,-5.26647924204316,-3.7906651964825,-2.75750711110727e-13,-3.79066519648222
372.3,-5.83614067331902,-5.83614067331902,-3.78561533459289,-2.72179499713747e-13,-3.78561533459262
372.4,-4.73750791300128,-4.73750791300128,-3.78057220004632,-2.68654538608524e-13,-3.78057220004605
372.5,-4.98164852640523,-4.98164852640523,-3.77553578388073,-2.65175228813584e-13,-3.77553578388047
372.6,-7.17891404704071,-7.17891404704071,-3.770506077146,-2.61740979104771e-13,-3.77050607714574
372.7,-6.93477343363677,-6.93477343363677,-3.76548307090393,-2.58351205914809e-13,-3.76548307090367
372.8,-5.67338026438306,-5.67338026438306,-3.76046675622825,-2.55005333234117e-13,-3.760466756228
372.9,-5.18509903757518,-5.18509903757518,-3.75545712420456,-2.51702792512939e-13,-3.7554571242043
373,-4.6561277085333,-4.6561277085333,-3.75045416593033,-2.48443022564736e-13,-3.75045416593008
373.1,-5.958210980021,-5.958210980021,-3.74545787251491,-2.4522546947082e-13,-3.74545787251466
373.2,-6.28373179789292,-6.28373179789292,-3.74046823507948,-2.42049586486231e-13,-3.74046823507924
373.3,-5.10371883310719,-5.10371883310719,-3.73548524475706,-2.38914833946838e-13,-3.73548524475682
373.4,-6.64994271799883,-6.64994271799883,-3.73050889269246,-2.35820679177616e-13,-3.73050889269223
373.5,-5.5106198554471,-5.5106198554471,-3.72553917004232,-2.32766596402162e-13,-3.72553917004209
373.6,-3.88301576608747,-3.88301576608747,-3.72057606797504,-2.29752066653317e-13,-3.72057606797481
373.7,-3.39473453927959,-3.39473453927959,-3.71561957767077,-2.26776577685011e-13,-3.71561957767055
373.8,-3.72025535715152,-3.72025535715152,-3.71066969032146,-2.238396238852e-13,-3.71066969032123
373.9,-4.85957821970325,-4.85957821970325,-3.70572639713073,-2.20940706189956e-13,-3.70572639713051
374,-6.73132292246681,-6.73132292246681,-3.70078968931397,-2.18079331998663e-13,-3.70078968931376
374.1,-6.85339322916878,-6.85339322916878,-3.69585955809825,-2.15255015090313e-13,-3.69585955809803
374.2,-6.44649220682888,-6.44649220682888,-3.69093599472232,-2.12467275540877e-13,-3.69093599472211
374.3,-5.87683077555301,-5.87683077555301,-3.68601899043662,-2.09715639641769e-13,-3.68601899043641
374.4,-5.30716934427714,-5.30716934427714,-3.68110853650324,-2.06999639819329e-13,-3.68110853650304
374.5,-4.53405740183134,-4.53405740183134,-3.67620462419591,-2.04318814555394e-13,-3.6762046241957
374.6,-5.42923965097912,-5.42923965097912,-3.67130724479997,-2.01672708308852e-13,-3.67130724479977
374.7,-4.37129699289537,-4.37129699289537,-3.66641638961239,-1.99060871438254e-13,-3.66641638961219
374.8,-4.85957821970325,-4.85957821970325,-3.66153204994173,-1.96482860125391e-13,-3.66153204994154
374.9,-4.28991678842738,-4.28991678842738,-3.65665421710813,-1.93938236299889e-13,-3.65665421710793
375,-3.88301576608747,-3.88301576608747,-3.65178288244328,-1.91426567564767e-13,-3.65178288244308
375.1,-6.20235159342494,-6.20235159342494,-3.64691803729042,-1.88947427122957e-13,-3.64691803729023
375.2,-5.71407036661706,-5.71407036661706,-3.64205967300434,-1.86500393704786e-13,-3.64205967300415
375.3,-5.42923965097912,-5.42923965097912,-3.63720778095134,-1.84085051496394e-13,-3.63720778095115
375.4,-5.18509903757518,-5.18509903757518,-3.6323623525092,-1.81700990069063e-13,-3.63236235250902
375.5,-5.30716934427715,-5.30716934427715,-3.62752337906722,-1.79347804309493e-13,-3.62752337906704
375.6,-6.28373179789292,-6.28373179789292,-3.62269085202615,-1.77025094350943e-13,-3.62269085202597
375.7,-7.91133588725254,-7.91133588725254,-3.6178647627982,-1.74732465505304e-13,-3.61786476279802
375.8,-7.17891404704071,-7.17891404704071,-3.61304510280702,-1.72469528196016e-13,-3.61304510280684
375.9,-5.87683077555301,-5.87683077555301,-3.60823186348768,-1.70235897891873e-13,-3.60823186348751
376,-4.6561277085333,-4.6561277085333,-3.60342503628668,-1.68031195041687e-13,-3.60342503628651
376.1,-5.22578913980916,-5.22578913980916,-3.59862461266189,-1.65855045009782e-13,-3.59862461266173
376.2,-7.54512496714662,-7.54512496714662,-3.59383058408258,-1.63707078012343e-13,-3.59383058408242
376.3,-7.38236455821066,-7.38236455821066,-3.58904294202938,-1.61586929054579e-13,-3.58904294202921
376.4,-6.3244219001269,-6.3244219001269,-3.58426167799424,-1.59494237868693e-13,-3.58426167799408
376.5,-6.03959118448898,-6.03959118448898,-3.5794867834805,-1.57428648852676e-13,-3.57948678348034
376.6,-6.03959118448897,-6.03959118448897,-3.57471825000276,-1.55389811009865e-13,-3.57471825000261
376.7,-4.90026832193724,-4.90026832193724,-3.56995606908698,-1.53377377889319e-13,-3.56995606908682
376.8,-5.02233862863921,-5.02233862863921,-3.56520023227036,-1.51391007526932e-13,-3.5652002322702
376.9,-6.8533932291688,-6.8533932291688,-3.5604507311014,-1.49430362387331e-13,-3.56045073110125
377,-5.95821098002099,-5.95821098002099,-3.55570755713986,-1.47495109306521e-13,-3.55570755713971
377.1,-4.6561277085333,-4.6561277085333,-3.55097070195673,-1.45584919435268e-13,-3.55097070195659
377.2,-4.37129699289537,-4.37129699289537,-3.54624015713425,-1.43699468183222e-13,-3.54624015713411
377.3,-3.06921372140767,-3.06921372140767,-3.54151591426585,-1.41838435163765e-13,-3.54151591426571
377.4,-4.81888811746926,-4.81888811746926,-3.53679796495618,-1.40001504139555e-13,-3.53679796495604
377.5,-4.57474750406532,-4.57474750406532,-3.53208630082106,-1.38188362968809e-13,-3.53208630082092
377.6,-5.59200005991508,-5.59200005991508,-3.52738091348747,-1.3639870355224e-13,-3.52738091348734
377.7,-5.38854954874512,-5.38854954874512,-3.52268179459358,-1.34632221780725e-13,-3.52268179459344
377.8,-4.45267719736335,-4.45267719736335,-3.51798893578866,-1.32888617483614e-13,-3.51798893578853
377.9,-4.28991678842739,-4.28991678842739,-3.51330232873314,-1.31167594377726e-13,-3.51330232873301
378,-5.1037188331072,-5.1037188331072,-3.50862196509853,-1.29468860017007e-13,-3.5086219650984
378.1,-7.01615363810475,-7.01615363810475,-3.50394783656744,-1.27792125742834e-13,-3.50394783656732
378.2,-6.52787241129686,-6.52787241129686,-3.49927993483359,-1.26137106634961e-13,-3.49927993483346
378.3,-4.94095842417124,-4.94095842417124,-3.49461825160172,-1.24503521463114e-13,-3.4946182516016
378.4,-4.41198709512935,-4.41198709512935,-3.48996277858766,-1.22891092639186e-13,-3.48996277858754
378.5,-6.03959118448897,-6.03959118448897,-3.48531350751826,-1.21299546170085e-13,-3.48531350751814
378.6,-5.55130995768109,-5.55130995768109,-3.48067043013138,-1.19728611611161e-13,-3.48067043013126
378.7,-5.38854954874513,-5.38854954874513,-3.4760335381759,-1.18178022020265e-13,-3.47603353817578
378.8,-5.55130995768109,-5.55130995768109,-3.4714028234117,-1.16647513912374e-13,-3.47140282341158
378.9,-6.12097138895696,-6.12097138895696,-3.46677827760961,-1.1513682721483e-13,-3.46677827760949
379,-5.55130995768109,-5.55130995768109,-3.46215989255146,-1.13645705223138e-13,-3.46215989255134
379.1,-7.2602942515087,-7.2602942515087,-3.45754766002999,-1.12173894557351e-13,-3.45754766002988
379.2,-6.60925261576485,-6.60925261576485,-3.45294157184891,-1.10721145119014e-13,-3.4529415718488
379.3,-6.3651120023609,-6.3651120023609,-3.44834161982282,-1.09287210048664e-13,-3.44834161982271
379.4,-5.18509903757518,-5.18509903757518,-3.44374779577723,-1.07871845683878e-13,-3.44374779577712
379.5,-3.84232566385349,-3.84232566385349,-3.43916009154855,-1.06474811517882e-13,-3.43916009154845
379.6,-4.73750791300128,-4.73750791300128,-3.43457849898407,-1.05095870158664e-13,-3.43457849898396
379.7,-6.28373179789291,-6.28373179789291,-3.43000300994192,-1.03734787288652e-13,-3.43000300994181
379.8,-4.90026832193724,-4.90026832193724,-3.42543361629109,-1.02391331624888e-13,-3.42543361629099
379.9,-3.8016355616195,-3.8016355616195,-3.4208703099114,-1.01065274879728e-13,-3.4208703099113
380,-4.45267719736334,-4.45267719736334,-3.41631308269349,-9.97563917220537e-14,-3.41631308269339
380.1,-4.04577617502344,-4.04577617502344,-3.4117619265388,-9.84644597389789e-14,-3.4117619265387
380.2,-4.6561277085333,-4.6561277085333,-3.40721683335955,-9.71892593980576e-14,-3.40721683335946
380.3,-5.38854954874513,-5.38854954874513,-3.40267779507876,-9.59305740099825e-14,-3.40267779507867
380.4,-5.998901082255,-5.998901082255,-3.39814480363019,-9.46881896917565e-14,-3.39814480363009
380.5,-7.30098435374268,-7.30098435374268,-3.39361785095834,-9.34618953303584e-14,-3.39361785095824
380.6,-4.2085365839594,-4.2085365839594,-3.38909692901845,-9.2251482546859e-14,-3.38909692901836
380.7,-4.69681781076729,-4.69681781076729,-3.38458202977649,-9.10567456610218e-14,-3.3845820297764
380.8,-5.26647924204316,-5.26647924204316,-3.38007314520911,-8.98774816563457e-14,-3.38007314520902
380.9,-3.8016355616195,-3.8016355616195,-3.37557026730367,-8.87134901455703e-14,-3.37557026730358
381,-4.37129699289537,-4.37129699289537,-3.37107338805819,-8.75645733366244e-14,-3.3710733880581
381.1,-4.2492266861934,-4.2492266861934,-3.36658249948135,-8.64305359990161e-14,-3.36658249948126
381.2,-4.57474750406532,-4.57474750406532,-3.36209759359247,-8.53111854306575e-14,-3.36209759359239
381.3,-4.81888811746926,-4.81888811746926,-3.35761866242154,-8.42063314251224e-14,-3.35761866242145
381.4,-4.90026832193724,-4.90026832193724,-3.35314569800911,-8.31157862393193e-14,-3.35314569800903
381.5,-6.85339322916878,-6.85339322916878,-3.34867869240638,-8.20393645615974e-14,-3.3486786924063
381.6,-5.26647924204315,-5.26647924204315,-3.34421763767511,-8.09768834802484e-14,-3.34421763767503
381.7,-3.92370586832147,-3.92370586832147,-3.33976252588765,-7.99281624524335e-14,-3.33976252588757
381.8,-5.917520877787,-5.917520877787,-3.33531334912692,-7.88930232734984e-14,-3.33531334912684
381.9,-5.75476046885104,-5.75476046885104,-3.33087009948636,-7.78712900466943e-14,-3.33087009948628
382,-4.49336729959733,-4.49336729959733,-3.32643276906997,-7.68627891532886e-14,-3.32643276906989
382.1,-5.14440893534118,-5.14440893534118,-3.32200134999224,-7.58673492230619e-14,-3.32200134999216
382.2,-4.04577617502344,-4.04577617502344,-3.31757583437819,-7.48848011051876e-14,-3.31757583437812
382.3,-3.84232566385348,-3.84232566385348,-3.31315621436333,-7.39149778394915e-14,-3.31315621436326
382.4,-4.6561277085333,-4.6561277085333,-3.30874248209364,-7.29577146280751e-14,-3.30874248209356
382.5,-6.08028128672297,-6.08028128672297,-3.30433462972555,-7.20128488073202e-14,-3.30433462972548
382.6,-5.0630287308732,-5.0630287308732,-3.29993264942596,-7.10802198202396e-14,-3.29993264942589
382.7,-4.90026832193724,-4.90026832193724,-3.29553653337219,-7.01596691892021e-14,-3.29553653337212
382.8,-4.73750791300128,-4.73750791300128,-3.291146273752,-6.92510404889978e-14,-3.29114627375193
382.9,-3.3540444370456,-3.3540444370456,-3.28676186276353,-6.83541793202596e-14,-3.28676186276347
383,-3.84232566385348,-3.84232566385348,-3.28238329261535,-6.74689332832264e-14,-3.28238329261528
383.1,-6.28373179789292,-6.28373179789292,-3.27801055552637,-6.65951519518466e-14,-3.2780105555263
383.2,-5.5106198554471,-5.5106198554471,-3.27364364372589,-6.57326868482161e-14,-3.27364364372582
383.3,-4.69681781076729,-4.69681781076729,-3.26928254945355,-6.48813914173506e-14,-3.26928254945349
383.4,-4.20853658395941,-4.20853658395941,-3.26492726495935,-6.40411210022772e-14,-3.26492726495929
383.5,-4.28991678842738,-4.28991678842738,-3.26057778250359,-6.32117328194599e-14,-3.26057778250353
383.6,-5.34785944651113,-5.34785944651113,-3.25623409435689,-6.23930859345302e-14,-3.25623409435683
383.7,-5.63269016214907,-5.63269016214907,-3.25189619280017,-6.15850412383448e-14,-3.25189619280011
383.8,-5.42923965097912,-5.42923965097912,-3.24756407012462,-6.07874614233446e-14,-3.24756407012456
383.9,-4.6561277085333,-4.6561277085333,-3.24323771863172,-6.00002109602204e-14,-3.24323771863166
384,-4.28991678842738,-4.28991678842738,-3.23891713063319,-5.92231560748885e-14,-3.23891713063313
384.1,-5.67338026438306,-5.67338026438306,-3.234602298451,-5.84561647257526e-14,-3.23460229845094
384.2,-8.1147863984225,-8.1147863984225,-3.23029321441735,-5.76991065812729e-14,-3.23029321441729
384.3,-7.38236455821066,-7.38236455821066,-3.22598987087464,-5.69518529978144e-14,-3.22598987087458
384.4,-6.28373179789292,-6.28373179789292,-3.22169226017549,-5.62142769977897e-14,-3.22169226017543
384.5,-5.91752087778701,-5.91752087778701,-3.2174003746827,-5.54862532480812e-14,-3.21740037468265
384.6,-6.28373179789292,-6.28373179789292,-3.21311420676924,-5.47676580387445e-14,-3.21311420676919
384.7,-5.87683077555301,-5.87683077555301,-3.20883374881825,-5.40583692619858e-14,-3.2088337488182
384.8,-6.32442190012691,-6.32442190012691,-3.20455899322301,-5.3358266391415e-14,-3.20455899322296
384.9,-6.56856251353085,-6.56856251353085,-3.20028993238693,-5.2667230461561e-14,-3.20028993238688
385,-6.89408333140278,-6.89408333140278,-3.19602655872355,-5.19851440476617e-14,-3.1960265587235
385.1,-8.9692785453363,-8.9692785453363,-3.19176886465652,-5.1311891245705e-14,-3.19176886465646
385.2,-5.10371883310719,-5.10371883310719,-3.18751684261956,-5.06473576527389e-14,-3.18751684261951
385.3,-4.53405740183132,-4.53405740183132,-3.18327048505649,-4.99914303474278e-14,-3.18327048505644
385.4,-6.93477343363677,-6.93477343363677,-3.1790297844212,-4.93439978708658e-14,-3.17902978442115
385.5,-6.03959118448897,-6.03959118448897,-3.17479473317761,-4.87049502076367e-14,-3.17479473317756
385.6,-5.34785944651115,-5.34785944651115,-3.1705653237997,-4.80741787671195e-14,-3.17056532379965
385.7,-6.44649220682888,-6.44649220682888,-3.16634154877147,-4.7451576365036e-14,-3.16634154877142
385.8,-6.03959118448898,-6.03959118448898,-3.16212340058693,-4.68370372052388e-14,-3.16212340058689
385.9,-5.26647924204315,-5.26647924204315,-3.1579108717501,-4.62304568617301e-14,-3.15791087175005
386,-5.34785944651115,-5.34785944651115,-3.15370395477496,-4.56317322609224e-14,-3.15370395477492
386.1,-5.79545057108504,-5.79545057108504,-3.14950264218549,-4.50407616641181e-14,-3.14950264218545
386.2,-5.30716934427714,-5.30716934427714,-3.14530692651563,-4.44574446502264e-14,-3.14530692651558
386.3,-5.0630287308732,-5.0630287308732,-3.14111680030923,-4.38816820986955e-14,-3.14111680030919
386.4,-6.85339322916878,-6.85339322916878,-3.13693225612012,-4.33133761726713e-14,-3.13693225612008
386.5,-7.6671952738486,-7.6671952738486,-3.13275328651203,-4.27524303023722e-14,-3.13275328651198
386.6,-8.23685670512446,-8.23685670512446,-3.12857988405857,-4.2198749168679e-14,-3.12857988405853
386.7,-6.7720130247008,-6.7720130247008,-3.1244120413433,-4.16522386869376e-14,-3.12441204134325
386.8,-6.97546353587075,-6.97546353587075,-3.1202497509596,-4.11128059909734e-14,-3.12024975095956
386.9,-7.05684374033874,-7.05684374033874,-3.11609300551076,-4.05803594173071e-14,-3.11609300551072
387,-5.42923965097912,-5.42923965097912,-3.11194179760991,-4.00548084895837e-14,-3.11194179760987
387.1,-4.6561277085333,-4.6561277085333,-3.10779611988002,-3.95360639031933e-14,-3.10779611987998
387.2,-4.81888811746926,-4.81888811746926,-3.10365596495388,-3.90240375101002e-14,-3.10365596495384
387.3,-5.5106198554471,-5.5106198554471,-3.0995213254741,-3.85186423038613e-14,-3.09952132547407
387.4,-4.33060689066137,-4.33060689066137,-3.0953921940931,-3.8019792404843e-14,-3.09539219409307
387.5,-4.81888811746926,-4.81888811746926,-3.09126856347309,-3.75274030456274e-14,-3.09126856347305
387.6,-4.08646627725743,-4.08646627725743,-3.08715042628602,-3.70413905566084e-14,-3.08715042628599
387.7,-4.57474750406531,-4.57474750406531,-3.08303777521365,-3.65616723517739e-14,-3.08303777521362
387.8,-5.34785944651115,-5.34785944651115,-3.07893060294747,-3.60881669146732e-14,-3.07893060294743
387.9,-5.1037188331072,-5.1037188331072,-3.07482890218869,-3.5620793784563e-14,-3.07482890218865
388,-7.01615363810475,-7.01615363810475,-3.07073266564826,-3.51594735427384e-14,-3.07073266564823
388.1,-8.0740962961885,-8.0740962961885,-3.06664188604685,-3.47041277990339e-14,-3.06664188604682
388.2,-5.34785944651113,-5.34785944651113,-3.06255655611481,-3.42546791785063e-14,-3.06255655611478
388.3,-4.2492266861934,-4.2492266861934,-3.05847666859218,-3.38110513082843e-14,-3.05847666859215
388.4,-6.03959118448898,-6.03959118448898,-3.05440221622867,-3.33731688045921e-14,-3.05440221622863
388.5,-6.73132292246681,-6.73132292246681,-3.05033319178364,-3.2940957259939e-14,-3.05033319178361
388.6,-5.59200005991507,-5.59200005991507,-3.04626958802613,-3.25143432304762e-14,-3.04626958802609
388.7,-5.42923965097912,-5.42923965097912,-3.04221139773477,-3.20932542235162e-14,-3.04221139773473
388.8,-5.02233862863921,-5.02233862863921,-3.03815861369783,-3.16776186852159e-14,-3.0381586136978
388.9,-3.92370586832147,-3.92370586832147,-3.0341112287132,-3.1267365988415e-14,-3.03411122871317
389,-5.22578913980916,-5.22578913980916,-3.03006923558834,-3.0862426420638e-14,-3.03006923558831
389.1,-4.85957821970325,-4.85957821970325,-3.02603262714031,-3.0462731172245e-14,-3.02603262714028
389.2,-5.42923965097912,-5.42923965097912,-3.02200139619572,-3.00682123247421e-14,-3.02200139619569
389.3,-5.55130995768109,-5.55130995768109,-3.01797553559076,-2.96788028392381e-14,-3.01797553559073
389.4,-4.98164852640523,-4.98164852640523,-3.01395503817115,-2.9294436545054e-14,-3.01395503817112
389.5,-4.33060689066137,-4.33060689066137,-3.00993989679214,-2.89150481284785e-14,-3.00993989679211
389.6,-2.74369290353575,-2.74369290353575,-3.0059301043185,-2.85405731216698e-14,-3.00593010431847
389.7,-3.39473453927959,-3.39473453927959,-3.00192565362451,-2.81709478917003e-14,-3.00192565362448
389.8,-4.12715637949142,-4.12715637949142,-2.99792653759393,-2.7806109629745e-14,-2.99792653759391
389.9,-3.59818505044955,-3.59818505044955,-2.99393274912003,-2.74459963404065e-14,-2.99393274912
390,-3.43542464151358,-3.43542464151358,-2.9899442811055,-2.7090546831183e-14,-2.98994428110547
390.1,-2.4588621878978,-2.4588621878978,-2.98596112646253,-2.67397007020675e-14,-2.9859611264625
390.2,-4.94095842417123,-4.94095842417123,-2.98198327811272,-2.63933983352868e-14,-2.98198327811269
390.3,-4.94095842417123,-4.94095842417123,-2.97801072898713,-2.60515808851689e-14,-2.9780107289871
390.4,-4.04577617502344,-4.04577617502344,-2.9740434720262,-2.57141902681448e-14,-2.97404347202618
390.5,-3.76094545938551,-3.76094545938551,-2.97008150017982,-2.53811691528778e-14,-2.97008150017979
390.6,-5.79545057108504,-5.79545057108504,-2.96612480640722,-2.50524609505222e-14,-2.9661248064072
390.7,-4.85957821970325,-4.85957821970325,-2.96217338367706,-2.47280098051068e-14,-2.96217338367703
390.8,-5.10371883310719,-5.10371883310719,-2.95822722496733,-2.44077605840443e-14,-2.95822722496731
390.9,-6.12097138895696,-6.12097138895696,-2.9542863232654,-2.40916588687614e-14,-2.95428632326537
391,-5.18509903757518,-5.18509903757518,-2.95035067156796,-2.37796509454537e-14,-2.95035067156793
391.1,-3.92370586832147,-3.92370586832147,-2.94642026288104,-2.34716837959561e-14,-2.94642026288102
391.2,-5.46992975321311,-5.46992975321311,-2.94249509021999,-2.3167705088736e-14,-2.94249509021997
391.3,-7.05684374033874,-7.05684374033874,-2.93857514660947,-2.28676631699988e-14,-2.93857514660945
391.4,-6.56856251353085,-6.56856251353085,-2.93466042508342,-2.25715070549117e-14,-2.93466042508339
391.5,-4.37129699289537,-4.37129699289537,-2.93075091868506,-2.227918641894e-14,-2.93075091868503
391.6,-3.15059392587565,-3.15059392587565,-2.92684662046688,-2.1990651589295e-14,-2.92684662046686
391.7,-3.72025535715152,-3.72025535715152,-2.92294752349064,-2.17058535364942e-14,-2.92294752349062
391.8,-6.16166149119096,-6.16166149119096,-2.91905362082733,-2.14247438660296e-14,-2.91905362082731
391.9,-6.12097138895695,-6.12097138895695,-2.91516490555716,-2.11472748101435e-14,-2.91516490555714
392,-4.73750791300127,-4.73750791300127,-2.91128137076958,-2.08733992197131e-14,-2.91128137076956
392.1,-6.3651120023609,-6.3651120023609,-2.90740300956323,-2.06030705562367e-14,-2.90740300956321
392.2,-5.83614067331902,-5.83614067331902,-2.90352981504595,-2.03362428839276e-14,-2.90352981504593
392.3,-4.41198709512936,-4.41198709512936,-2.89966178033477,-2.00728708619069e-14,-2.89966178033475
392.4,-4.81888811746926,-4.81888811746926,-2.89579889855587,-1.98129097364997e-14,-2.89579889855585
392.5,-7.34167445597667,-7.34167445597667,-2.89194116284461,-1.955631533363e-14,-2.89194116284459
392.6,-5.79545057108504,-5.79545057108504,-2.88808856634548,-1.93030440513144e-14,-2.88808856634546
392.7,-6.03959118448898,-6.03959118448898,-2.8842411022121,-1.90530528522533e-14,-2.88424110221208
392.8,-4.77819801523527,-4.77819801523527,-2.88039876360722,-1.88062992565177e-14,-2.8803987636072
392.9,-4.33060689066139,-4.33060689066139,-2.87656154370269,-1.85627413343298e-14,-2.87656154370267
393,-4.57474750406532,-4.57474750406532,-2.87272943567947,-1.832233769894e-14,-2.87272943567945
393.1,-4.85957821970324,-4.85957821970324,-2.8689024327276,-1.80850474995919e-14,-2.86890243272758
393.2,-5.99890108225499,-5.99890108225499,-2.86508052804617,-1.78508304145829e-14,-2.86508052804615
393.3,-6.03959118448897,-6.03959118448897,-2.86126371484336,-1.76196466444111e-14,-2.86126371484334
393.4,-6.48718230906287,-6.48718230906287,-2.85745198633639,-1.73914569050125e-14,-2.85745198633637
393.5,-8.44030721629442,-8.44030721629442,-2.8536453357515,-1.71662224210864e-14,-2.85364533575148
393.6,-6.48718230906288,-6.48718230906288,-2.84984375632397,-1.69439049195054e-14,-2.84984375632395
393.7,-6.24304169565893,-6.24304169565893,-2.84604724129809,-1.67244666228127e-14,-2.84604724129808
393.8,-8.31823690959244,-8.31823690959244,-2.84225578392715,-1.65078702428026e-14,-2.84225578392714
393.9,-7.87064578501855,-7.87064578501855,-2.83846937747342,-1.62940789741833e-14,-2.8384693774734
394,-6.08028128672296,-6.08028128672296,-2.83468801520815,-1.60830564883246e-14,-2.83468801520814
394.1,-5.917520877787,-5.917520877787,-2.83091169041156,-1.58747669270825e-14,-2.83091169041155
394.2,-6.3651120023609,-6.3651120023609,-2.82714039637282,-1.56691748967082e-14,-2.8271403963728
394.3,-7.91133588725254,-7.91133588725254,-2.82337412639002,-1.54662454618319e-14,-2.82337412639001
394.4,-7.34167445597667,-7.34167445597667,-2.81961287377021,-1.52659441395277e-14,-2.8196128737702
394.5,-6.32442190012691,-6.32442190012691,-2.81585663182935,-1.50682368934533e-14,-2.81585663182933
394.6,-4.94095842417122,-4.94095842417122,-2.81210539389227,-1.48730901280666e-14,-2.81210539389225
394.7,-4.61543760629931,-4.61543760629931,-2.80835915329274,-1.46804706829172e-14,-2.80835915329272
394.8,-6.60925261576485,-6.60925261576485,-2.80461790337338,-1.44903458270113e-14,-2.80461790337336
394.9,-7.70788537608258,-7.70788537608258,-2.80088163748568,-1.43026832532496e-14,-2.80088163748567
395,-9.00996864757028,-9.00996864757028,-2.79715034899002,-1.41174510729384e-14,-2.79715034899
395.1,-8.27754680735847,-8.27754680735847,-2.79342403125557,-1.39346178103696e-14,-2.79342403125556
395.2,-7.13822394480672,-7.13822394480672,-2.78970267766039,-1.37541523974736e-14,-2.78970267766037
395.3,-6.56856251353085,-6.56856251353085,-2.78598628159132,-1.35760241685387e-14,-2.7859862815913
395.4,-5.83614067331903,-5.83614067331903,-2.78227483644402,-1.34002028550012e-14,-2.78227483644401
395.5,-7.42305466044466,-7.42305466044466,-2.77856833562297,-1.32266585803015e-14,-2.77856833562296
395.6,-8.19616660289048,-8.19616660289048,-2.77486677254141,-1.30553618548073e-14,-2.7748667725414
395.7,-5.83614067331903,-5.83614067331903,-2.77117014062136,-1.28862835708028e-14,-2.77117014062135
395.8,-6.4058021045949,-6.4058021045949,-2.76747843329363,-1.27193949975425e-14,-2.76747843329361
395.9,-6.97546353587077,-6.97546353587077,-2.76379164399773,-1.25546677763687e-14,-2.76379164399772
396,-7.74857547831658,-7.74857547831658,-2.76010976618195,-1.23920739158936e-14,-2.76010976618194
396.1,-7.05684374033873,-7.05684374033873,-2.75643279330331,-1.22315857872413e-14,-2.75643279330329
396.2,-5.87683077555301,-5.87683077555301,-2.75276071882751,-1.20731761193546e-14,-2.7527607188275
396.3,-5.02233862863921,-5.02233862863921,-2.749093536229,-1.191681799436e-14,-2.74909353622898
396.4,-5.46992975321311,-5.46992975321311,-2.74543123899088,-1.17624848429937e-14,-2.74543123899087
396.5,-7.26029425150869,-7.26029425150869,-2.74177382060497,-1.16101504400871e-14,-2.74177382060496
396.6,-6.60925261576485,-6.60925261576485,-2.73812127457174,-1.14597889001103e-14,-2.73812127457173
396.7,-5.67338026438306,-5.67338026438306,-2.73447359440032,-1.13113746727734e-14,-2.73447359440031
396.8,-4.94095842417123,-4.94095842417123,-2.73083077360849,-1.11648825386853e-14,-2.73083077360848
396.9,-6.20235159342494,-6.20235159342494,-2.72719280572266,-1.10202876050674e-14,-2.72719280572265
397,-7.6671952738486,-7.6671952738486,-2.72355968427787,-1.08775653015249e-14,-2.72355968427786
397.1,-8.03340619395451,-8.03340619395451,-2.71993140281777,-1.07366913758702e-14,-2.71993140281776
397.2,-6.69063282023282,-6.69063282023282,-2.71630795489462,-1.05976418900033e-14,-2.71630795489461
397.3,-6.97546353587077,-6.97546353587077,-2.71268933406926,-1.04603932158429e-14,-2.71268933406925
397.4,-8.03340619395451,-8.03340619395451,-2.7090755339111,-1.03249220313123e-14,-2.70907553391109
397.5,-7.62650517161461,-7.62650517161461,-2.70546654799813,-1.01912053163757e-14,-2.70546654799812
397.6,-5.71407036661705,-5.71407036661705,-2.70186236991689,-1.00592203491267e-14,-2.70186236991688
397.7,-3.80163556161949,-3.80163556161949,-2.69826299326247,-9.92894470192759e-15,-2.69826299326246
397.8,-5.87683077555301,-5.87683077555301,-2.6946684116385,-9.80035623759805e-15,-2.69466841163849
397.9,-5.02233862863921,-5.02233862863921,-2.69107861865709,-9.67343310565314e-15,-2.69107861865708
398,-4.6561277085333,-4.6561277085333,-2.68749360793891,-9.5481537385912e-15,-2.6874936079389
398.1,-4.90026832193724,-4.90026832193724,-2.68391337311311,-9.42449684822794e-15,-2.6839133731131
398.2,-4.94095842417123,-4.94095842417123,-2.68033790781731,-9.30244142207996e-15,-2.6803379078173
398.3,-6.08028128672297,-6.08028128672297,-2.67676720569763,-9.18196671979377e-15,-2.67676720569762
398.4,-5.55130995768109,-5.55130995768109,-2.67320126040864,-9.06305226962111e-15,-2.67320126040863
398.5,-5.91752087778701,-5.91752087778701,-2.66964006561338,-8.94567786494115e-15,-2.66964006561337
398.6,-5.79545057108504,-5.79545057108504,-2.6660836149833,-8.82982356082589e-15,-2.66608361498329
398.7,-6.24304169565893,-6.24304169565893,-2.66253190219832,-8.71546967065188e-15,-2.66253190219831
398.8,-5.958210980021,-5.958210980021,-2.65898492094675,-8.60259676275434e-15,-2.65898492094674
398.9,-4.33060689066137,-4.33060689066137,-2.65544266492532,-8.4911856571255e-15,-2.65544266492532
399,-6.12097138895696,-6.12097138895696,-2.65190512783917,-8.38121742215533e-15,-2.65190512783916
399.1,-6.24304169565893,-6.24304169565893,-2.64837230340179,-8.27267337141464e-15,-2.64837230340178
399.2,-5.26647924204316,-5.26647924204316,-2.64484418533508,-8.16553506047967e-15,-2.64484418533507
399.3,-5.95821098002099,-5.95821098002099,-2.64132076736929,-8.05978428379821e-15,-2.64132076736928
399.4,-7.05684374033874,-7.05684374033874,-2.63780204324301,-7.95540307159538e-15,-2.637802043243
399.5,-7.74857547831658,-7.74857547831658,-2.6342880067032,-7.85237368682095e-15,-2.6342880067032
399.6,-7.42305466044466,-7.42305466044466,-2.63077865150513,-7.75067862213446e-15,-2.63077865150512
399.7,-5.79545057108504,-5.79545057108504,-2.62727397141239,-7.65030059693112e-15,-2.62727397141238
399.8,-4.69681781076729,-4.69681781076729,-2.62377396019689,-7.55122255440478e-15,-2.62377396019688
399.9,-6.20235159342494,-6.20235159342494,-2.62027861163882,-7.4534276586498e-15,-2.62027861163881
400,-5.87683077555301,-5.87683077555301,-2.61678791952666,-7.35689929180014e-15,-2.61678791952665
400.1,-6.16166149119096,-6.16166149119096,-2.61330187765718,-7.2616210512056e-15,-2.61330187765717
400.2,-5.75476046885105,-5.75476046885105,-2.60982047983539,-7.16757674664448e-15,-2.60982047983539
400.3,-6.60925261576485,-6.60925261576485,-2.60634371987459,-7.07475039757274e-15,-2.60634371987458
400.4,-6.44649220682888,-6.44649220682888,-2.60287159159627,-6.98312623040792e-15,-2.60287159159626
400.5,-6.12097138895696,-6.12097138895696,-2.5994040888302,-6.89268867584956e-15,-2.59940408883019
400.6,-5.1444089353412,-5.1444089353412,-2.59594120541433,-6.80342236623279e-15,-2.59594120541433
400.7,-4.6561277085333,-4.6561277085333,-2.59248293519486,-6.71531213291769e-15,-2.59248293519485
400.8,-7.01615363810474,-7.01615363810474,-2.58902927202614,-6.62834300371121e-15,-2.58902927202614
400.9,-8.19616660289048,-8.19616660289048,-2.58558020977075,-6.54250020032329e-15,-2.58558020977075
401,-7.58581506938061,-7.58581506938061,-2.58213574229943,-6.45776913585554e-15,-2.58213574229943
401.1,-6.03959118448898,-6.03959118448898,-2.57869586349108,-6.37413541232261e-15,-2.57869586349107
401.2,-6.60925261576485,-6.60925261576485,-2.57526056723275,-6.2915848182055e-15,-2.57526056723274
401.3,-5.34785944651113,-5.34785944651113,-2.57182984741965,-6.21010332603695e-15,-2.57182984741964
401.4,-5.14440893534118,-5.14440893534118,-2.56840369795511,-6.12967709001726e-15,-2.56840369795511
401.5,-5.71407036661705,-5.71407036661705,-2.5649821127506,-6.05029244366222e-15,-2.56498211275059
401.6,-5.34785944651113,-5.34785944651113,-2.56156508572567,-5.97193589748013e-15,-2.56156508572567
401.7,-5.67338026438306,-5.67338026438306,-2.55815261080801,-5.89459413668024e-15,-2.558152610808
401.8,-6.77201302470082,-6.77201302470082,-2.55474468193335,-5.81825401890973e-15,-2.55474468193335
401.9,-5.95821098002099,-5.95821098002099,-2.55134129304555,-5.74290257202072e-15,-2.55134129304554
402,-4.49336729959733,-4.49336729959733,-2.5479424380965,-5.66852699186593e-15,-2.5479424380965
402.1,-4.49336729959734,-4.49336729959734,-2.54454811104617,-5.5951146401229e-15,-2.54454811104616
402.2,-6.3651120023609,-6.3651120023609,-2.54115830586256,-5.52265304214641e-15,-2.54115830586255
402.3,-6.4058021045949,-6.4058021045949,-2.53777301652172,-5.45112988484888e-15,-2.53777301652171
402.4,-4.6154376062993,-4.6154376062993,-2.53439223700771,-5.38053301460765e-15,-2.53439223700771
402.5,-4.08646627725743,-4.08646627725743,-2.53101596131262,-5.31085043520034e-15,-2.53101596131262
402.6,-5.75476046885104,-5.75476046885104,-2.52764418343654,-5.2420703057658e-15,-2.52764418343654
402.7,-4.41198709512935,-4.41198709512935,-2.52427689738754,-5.17418093879255e-15,-2.52427689738754
402.8,-3.63887515268353,-3.63887515268353,-2.52091409718169,-5.10717079813241e-15,-2.52091409718168
402.9,-4.73750791300128,-4.73750791300128,-2.51755577684301,-5.0410284970404e-15,-2.51755577684301
403,-4.69681781076729,-4.69681781076729,-2.51420193040351,-4.97574279623975e-15,-2.51420193040351
403.1,-5.55130995768109,-5.55130995768109,-2.51085255190313,-4.91130260201212e-15,-2.51085255190313
403.2,-4.2085365839594,-4.2085365839594,-2.50750763538976,-4.84769696431243e-15,-2.50750763538975
403.3,-4.69681781076729,-4.69681781076729,-2.5041671749192,-4.78491507490832e-15,-2.50416717491919
403.4,-5.71407036661706,-5.71407036661706,-2.50083116455519,-4.72294626554322e-15,-2.50083116455519
403.5,-5.38854954874513,-5.38854954874513,-2.49749959836938,-4.66178000612401e-15,-2.49749959836937
403.6,-5.958210980021,-5.958210980021,-2.49417247044129,-4.60140590293115e-15,-2.49417247044129
403.7,-4.61543760629931,-4.61543760629931,-2.49084977485836,-4.54181369685308e-15,-2.49084977485836
403.8,-4.2492266861934,-4.2492266861934,-2.4875315057159,-4.48299326164246e-15,-2.48753150571589
403.9,-5.10371883310719,-5.10371883310719,-2.48421765711706,-4.42493460219573e-15,-2.48421765711705
404,-4.45267719736335,-4.45267719736335,-2.48090822317288,-4.3676278528546e-15,-2.48090822317287
404.1,-5.83614067331902,-5.83614067331902,-2.47760319800221,-4.31106327572963e-15,-2.47760319800221
404.2,-4.6561277085333,-4.6561277085333,-2.47430257573177,-4.25523125904547e-15,-2.47430257573177
404.3,-4.61543760629931,-4.61543760629931,-2.4710063504961,-4.20012231550774e-15,-2.47100635049609
404.4,-5.26647924204315,-5.26647924204315,-2.46771451643751,-4.14572708069058e-15,-2.46771451643751
404.5,-4.16784648172542,-4.16784648172542,-2.46442706770617,-4.0920363114458e-15,-2.46442706770617
404.6,-2.41817208566382,-2.41817208566382,-2.46114399846002,-4.03904088433178e-15,-2.46114399846001
404.7,-3.84232566385349,-3.84232566385349,-2.45786530286477,-3.98673179406362e-15,-2.45786530286476
404.8,-2.9878335169397,-2.9878335169397,-2.45459097509392,-3.93510015198255e-15,-2.45459097509391
404.9,-2.9471434147057,-2.9471434147057,-2.45132100932872,-3.8841371845457e-15,-2.45132100932872
405,-3.55749494821556,-3.55749494821556,-2.44805539975819,-3.83383423183519e-15,-2.44805539975819
405.1,-1.68575024545199,-1.68575024545199,-2.44479414057907,-3.78418274608664e-15,-2.44479414057906
405.2,-1.645060143218,-1.645060143218,-2.44153722599584,-3.73517429023657e-15,-2.44153722599584
405.3,-3.15059392587564,-3.15059392587564,-2.4382846502207,-3.68680053648896e-15,-2.4382846502207
405.4,-3.47611474374757,-3.47611474374757,-2.43503640747357,-3.63905326489977e-15,-2.43503640747357
405.5,-1.15677891641012,-1.15677891641012,-2.43179249198206,-3.59192436198061e-15,-2.43179249198205
405.6,-2.21472157449387,-2.21472157449387,-2.42855289798146,-3.5454058193196e-15,-2.42855289798145
405.7,-3.31335433481161,-3.31335433481161,-2.42531761971475,-3.49948973222093e-15,-2.42531761971475
405.8,-2.9064533124717,-2.9064533124717,-2.4220866514326,-3.45416829836138e-15,-2.42208665143259
405.9,-1.52298983651603,-1.52298983651603,-2.4188599873933,-3.40943381646462e-15,-2.41885998739329
406,-1.76713044991997,-1.76713044991997,-2.41563762186282,-3.36527868499254e-15,-2.41563762186281
406.1,-3.06921372140766,-3.06921372140766,-2.41241954911474,-3.32169540085356e-15,-2.41241954911474
406.2,-1.92989085885593,-1.92989085885593,-2.40920576343031,-3.27867655812763e-15,-2.40920576343031
406.3,-0.180216462794346,-0.180216462794346,-2.40599625909836,-3.23621484680789e-15,-2.40599625909836
406.4,-1.07539871194213,-1.07539871194213,-2.40279103041535,-3.19430305155827e-15,-2.40279103041534
406.5,-0.058146156092379,-0.058146156092379,-2.39959007168532,-3.15293405048777e-15,-2.39959007168531
406.6,-1.97058096108992,-1.97058096108992,-2.39639337721991,-3.11210081393985e-15,-2.39639337721991
406.7,-2.82507310800373,-2.82507310800373,-2.39320094133835,-3.07179640329833e-15,-2.39320094133835
406.8,-1.56367993875002,-1.56367993875002,-2.39001275836741,-3.03201396980803e-15,-2.39001275836741
406.9,-1.60437004098401,-1.60437004098401,-2.38682882264144,-2.99274675341112e-15,-2.38682882264144
407,-2.86576321023772,-2.86576321023772,-2.38364912850233,-2.95398808159841e-15,-2.38364912850233
407.1,-0.912638303006171,-0.912638303006171,-2.38047367029951,-2.91573136827549e-15,-2.3804736702995
407.2,-0.587117485134247,-0.587117485134247,-2.37730244238992,-2.8779701126436e-15,-2.37730244238992
407.3,-0.342976871730303,-0.342976871730303,-2.37413543913805,-2.84069789809503e-15,-2.37413543913805
407.4,-0.465047178432278,-0.465047178432278,-2.37097265491588,-2.80390839112258e-15,-2.37097265491588
407.5,-0.627807587368233,-0.627807587368233,-2.36781408410288,-2.76759534024365e-15,-2.36781408410287
407.6,-0.627807587368238,-0.627807587368238,-2.36465972108601,-2.73175257493761e-15,-2.36465972108601
407.7,-2.25541167672785,-2.25541167672785,-2.36150956025973,-2.69637400459755e-15,-2.36150956025972
407.8,-3.92370586832147,-3.92370586832147,-2.35836359602594,-2.66145361749517e-15,-2.35836359602593
407.9,-4.12715637949142,-4.12715637949142,-2.35522182279401,-2.62698547975927e-15,-2.355221822794
408,-3.31335433481161,-3.31335433481161,-2.35208423498075,-2.59296373436745e-15,-2.35208423498075
408.1,-2.01127106332391,-2.01127106332391,-2.34895082701043,-2.55938260015084e-15,-2.34895082701042
408.2,-3.27266423257762,-3.27266423257762,-2.34582159331472,-2.52623637081172e-15,-2.34582159331471
408.3,-3.31335433481161,-3.31335433481161,-2.34269652833272,-2.49351941395396e-15,-2.34269652833271
408.4,-3.51680484598157,-3.51680484598157,-2.33957562651094,-2.46122617012571e-15,-2.33957562651093
408.5,-4.41198709512935,-4.41198709512935,-2.33645888230329,-2.42935115187501e-15,-2.33645888230329
408.6,-2.21472157449387,-2.21472157449387,-2.33334629017106,-2.39788894281703e-15,-2.33334629017105
408.7,-1.60437004098401,-1.60437004098401,-2.33023784458292,-2.36683419671396e-15,-2.33023784458292
408.8,-4.28991678842739,-4.28991678842739,-2.32713354001492,-2.33618163656634e-15,-2.32713354001492
408.9,-4.49336729959733,-4.49336729959733,-2.32403337095046,-2.30592605371645e-15,-2.32403337095046
409,-3.84232566385348,-3.84232566385348,-2.32093733188029,-2.27606230696324e-15,-2.32093733188029
409.1,-1.92989085885593,-1.92989085885593,-2.3178454173025,-2.24658532168865e-15,-2.3178454173025
409.2,-2.37748198342983,-2.37748198342983,-2.3147576217225,-2.21749008899534e-15,-2.3147576217225
409.3,-2.4588621878978,-2.4588621878978,-2.31167393965304,-2.18877166485561e-15,-2.31167393965304
409.4,-3.10990382364166,-3.10990382364166,-2.30859436561416,-2.1604251692711e-15,-2.30859436561416
409.5,-2.05196116555791,-2.05196116555791,-2.30551889413322,-2.13244578544378e-15,-2.30551889413322
409.6,-2.9471434147057,-2.9471434147057,-2.30244751974485,-2.10482875895724e-15,-2.30244751974485
409.7,-3.3540444370456,-3.3540444370456,-2.29938023699097,-2.07756939696899e-15,-2.29938023699097
409.8,-3.7609454593855,-3.7609454593855,-2.29631704042078,-2.05066306741289e-15,-2.29631704042078
409.9,-3.72025535715151,-3.72025535715151,-2.29325792459073,-2.02410519821206e-15,-2.29325792459073
410,-4.2085365839594,-4.2085365839594,-2.29020288406452,-1.99789127650201e-15,-2.29020288406452
410.1,-3.63887515268354,-3.63887515268354,-2.2871519134131,-1.97201684786379e-15,-2.2871519134131
410.2,-4.6561277085333,-4.6561277085333,-2.28410500721466,-1.94647751556699e-15,-2.28410500721466
410.3,-5.02233862863921,-5.02233862863921,-2.28106216005458,-1.92126893982277e-15,-2.28106216005458
410.4,-5.38854954874513,-5.38854954874513,-2.2780233665255,-1.89638683704621e-15,-2.2780233665255
410.5,-5.75476046885104,-5.75476046885104,-2.27498862122723,-1.87182697912866e-15,-2.27498862122722
410.6,-4.16784648172542,-4.16784648172542,-2.27195791876677,-1.84758519271905e-15,-2.27195791876677
410.7,-3.92370586832146,-3.92370586832146,-2.26893125375834,-1.8236573585149e-15,-2.26893125375834
410.8,-4.16784648172542,-4.16784648172542,-2.2659086208233,-1.80003941056225e-15,-2.26590862082329
410.9,-3.96439597055546,-3.96439597055546,-2.26289001459019,-1.77672733556479e-15,-2.26289001459018
411,-3.59818505044954,-3.59818505044954,-2.2598754296947,-1.75371717220188e-15,-2.2598754296947
411.1,-3.76094545938551,-3.76094545938551,-2.25686486077968,-1.73100501045541e-15,-2.25686486077968
411.2,-3.27266423257762,-3.27266423257762,-2.2538583024951,-1.70858699094542e-15,-2.2538583024951
411.3,-2.33679188119584,-2.33679188119584,-2.25085574949806,-1.6864593042743e-15,-2.25085574949806
411.4,-3.39473453927959,-3.39473453927959,-2.2478571964528,-1.66461819037939e-15,-2.24785719645279
411.5,-3.55749494821555,-3.55749494821555,-2.24486263803063,-1.64305993789417e-15,-2.24486263803062
411.6,-4.57474750406532,-4.57474750406532,-2.24187206890998,-1.62178088351748e-15,-2.24187206890998
411.7,-4.16784648172542,-4.16784648172542,-2.23888548377638,-1.60077741139117e-15,-2.23888548377638
411.8,-2.62162259683377,-2.62162259683377,-2.23590287732242,-1.58004595248554e-15,-2.23590287732242
411.9,-3.10990382364166,-3.10990382364166,-2.23292424424777,-1.55958298399294e-15,-2.23292424424777
412,-3.88301576608748,-3.88301576608748,-2.22994957925917,-1.53938502872914e-15,-2.22994957925916
412.1,-4.37129699289537,-4.37129699289537,-2.22697887707038,-1.51944865454248e-15,-2.22697887707037
412.2,-4.00508607278945,-4.00508607278945,-2.22401213240223,-1.49977047373063e-15,-2.22401213240223
412.3,-3.47611474374757,-3.47611474374757,-2.22104933998259,-1.48034714246498e-15,-2.22104933998259
412.4,-3.06921372140767,-3.06921372140767,-2.21809049454632,-1.46117536022236e-15,-2.21809049454632
412.5,-2.9064533124717,-2.9064533124717,-2.21513559083533,-1.4422518692243e-15,-2.21513559083533
412.6,-2.9878335169397,-2.9878335169397,-2.21218462359851,-1.42357345388333e-15,-2.21218462359851
412.7,-3.96439597055546,-3.96439597055546,-2.20923758759175,-1.40513694025668e-15,-2.20923758759175
412.8,-2.29610177896185,-2.29610177896185,-2.20629447757794,-1.3869391955069e-15,-2.20629447757794
412.9,-1.92989085885593,-1.92989085885593,-2.20335528832693,-1.36897712736946e-15,-2.20335528832693
413,-3.88301576608747,-3.88301576608747,-2.20042001461555,-1.35124768362742e-15,-2.20042001461555
413.1,-4.49336729959734,-4.49336729959734,-2.19748865122757,-1.3337478515926e-15,-2.19748865122757
413.2,-4.41198709512936,-4.41198709512936,-2.19456119295373,-1.31647465759386e-15,-2.19456119295373
413.3,-3.27266423257762,-3.27266423257762,-2.19163763459171,-1.29942516647161e-15,-2.19163763459171
413.4,-2.74369290353574,-2.74369290353574,-2.1887179709461,-1.28259648107915e-15,-2.1887179709461
413.5,-0.668497689602233,-0.668497689602233,-2.18580219682842,-1.26598574179036e-15,-2.18580219682842
413.6,-2.09265126779189,-2.09265126779189,-2.18289030705711,-1.24959012601375e-15,-2.18289030705711
413.7,-2.9471434147057,-2.9471434147057,-2.17998229645751,-1.23340684771284e-15,-2.17998229645751
413.8,-3.55749494821555,-3.55749494821555,-2.17707815986185,-1.21743315693278e-15,-2.17707815986185
413.9,-3.92370586832146,-3.92370586832146,-2.17417789210924,-1.20166633933296e-15,-2.17417789210924
414,-4.77819801523527,-4.77819801523527,-2.17128148804568,-1.18610371572591e-15,-2.17128148804568
414.1,-3.27266423257762,-3.27266423257762,-2.16838894252402,-1.1707426416219e-15,-2.16838894252402
414.2,-3.96439597055546,-3.96439597055546,-2.16550025040398,-1.1555805067797e-15,-2.16550025040398
414.3,-4.28991678842739,-4.28991678842739,-2.16261540655211,-1.14061473476294e-15,-2.16261540655211
414.4,-2.41817208566382,-2.41817208566382,-2.15973440584182,-1.12584278250235e-15,-2.15973440584182
414.5,-3.72025535715152,-3.72025535715152,-2.15685724315335,-1.11126213986362e-15,-2.15685724315334
414.6,-4.81888811746927,-4.81888811746927,-2.15398391337372,-1.09687032922085e-15,-2.15398391337372
414.7,-6.28373179789292,-6.28373179789292,-2.15111441139682,-1.08266490503555e-15,-2.15111441139682
414.8,-3.06921372140767,-3.06921372140767,-2.1482487321233,-1.0686434534411e-15,-2.1482487321233
414.9,-1.72644034768597,-1.72644034768597,-2.14538687046063,-1.05480359183252e-15,-2.14538687046063
415,-2.01127106332391,-2.01127106332391,-2.14252882132304,-1.04114296846167e-15,-2.14252882132304
415.1,-5.30716934427715,-5.30716934427715,-2.13967457963154,-1.02765926203755e-15,-2.13967457963154
415.2,-5.67338026438307,-5.67338026438307,-2.13682414031393,-1.01435018133193e-15,-2.13682414031393
415.3,-3.59818505044955,-3.59818505044955,-2.13397749830475,-1.00121346478998e-15,-2.13397749830475
415.4,-3.51680484598156,-3.51680484598156,-2.13113464854527,-9.88246880145949e-16,-2.13113464854527
415.5,-2.54024239236579,-2.54024239236579,-2.12829558598354,-9.75448224043873e-16,-2.12829558598354
415.6,-3.3540444370456,-3.3540444370456,-2.12546030557429,-9.62815321663171e-16,-2.12546030557429
415.7,-4.2085365839594,-4.2085365839594,-2.12262880227903,-9.50346026349066e-16,-2.12262880227902
415.8,-3.15059392587565,-3.15059392587565,-2.11980107106593,-9.38038219247856e-16,-2.11980107106592
415.9,-2.70300280130175,-2.70300280130175,-2.11697710690988,-9.25889808946788e-16,-2.11697710690988
416,-2.41817208566381,-2.41817208566381,-2.11415690479249,-9.13898731118776e-16,-2.11415690479249
416.1,-3.96439597055546,-3.96439597055546,-2.11134045970201,-9.02062948171512e-16,-2.11134045970201
416.2,-5.18509903757518,-5.18509903757518,-2.10852776663341,-8.90380448901323e-16,-2.10852776663341
416.3,-4.37129699289537,-4.37129699289537,-2.1057188205883,-8.78849248151348e-16,-2.1057188205883
416.4,-4.28991678842739,-4.28991678842739,-2.10291361657495,-8.67467386474238e-16,-2.10291361657495
416.5,-3.10990382364166,-3.10990382364166,-2.1001121496083,-8.56232929799191e-16,-2.1001121496083
416.6,-2.29610177896185,-2.29610177896185,-2.09731441470991,-8.45143969103303e-16,-2.09731441470991
416.7,-3.92370586832146,-3.92370586832146,-2.09452040690798,-8.3419862008717e-16,-2.09452040690798
416.8,-4.69681781076728,-4.69681781076728,-2.09173012123734,-8.23395022854726e-16,-2.09173012123734
416.9,-4.12715637949141,-4.12715637949141,-2.08894355273942,-8.12731341597137e-16,-2.08894355273942
417,-2.90645331247171,-2.90645331247171,-2.08616069646227,-8.02205764280932e-16,-2.08616069646226
417.1,-4.16784648172542,-4.16784648172542,-2.08338154746052,-7.91816502340005e-16,-2.08338154746052
417.2,-5.06302873087321,-5.06302873087321,-2.08060610079541,-7.81561790371776e-16,-2.0806061007954
417.3,-5.18509903757518,-5.18509903757518,-2.07783435153474,-7.71439885837138e-16,-2.07783435153474
417.4,-2.45886218789781,-2.45886218789781,-2.07506629475289,-7.61449068764388e-16,-2.07506629475289
417.5,-3.27266423257761,-3.27266423257761,-2.07230192553081,-7.51587641456951e-16,-2.07230192553081
417.6,-4.16784648172542,-4.16784648172542,-2.06954123895598,-7.41853928204897e-16,-2.06954123895598
417.7,-4.28991678842738,-4.28991678842738,-2.06678423012244,-7.32246275000193e-16,-2.06678423012244
417.8,-3.02852361917367,-3.02852361917367,-2.06403089413078,-7.22763049255666e-16,-2.06403089413078
417.9,-3.51680484598157,-3.51680484598157,-2.06128122608808,-7.13402639527533e-16,-2.06128122608807
418,-4.33060689066137,-4.33060689066137,-2.05853522110796,-7.04163455241646e-16,-2.05853522110796
418.1,-4.69681781076729,-4.69681781076729,-2.05579287431056,-6.95043926423138e-16,-2.05579287431056
418.2,-4.45267719736335,-4.45267719736335,-2.05305418082251,-6.86042503429713e-16,-2.05305418082251
418.3,-3.76094545938551,-3.76094545938551,-2.05031913577692,-6.77157656688272e-16,-2.05031913577691
418.4,-3.3540444370456,-3.3540444370456,-2.04758773431339,-6.68387876435022e-16,-2.04758773431339
418.5,-4.6561277085333,-4.6561277085333,-2.04485997157802,-6.59731672458921e-16,-2.04485997157802
418.6,-4.61543760629931,-4.61543760629931,-2.04213584272335,-6.51187573848459e-16,-2.04213584272335
418.7,-4.45267719736334,-4.45267719736334,-2.03941534290837,-6.42754128741701e-16,-2.03941534290837
418.8,-4.69681781076729,-4.69681781076729,-2.03669846729854,-6.34429904079605e-16,-2.03669846729854
418.9,-5.67338026438306,-5.67338026438306,-2.03398521106577,-6.2621348536246e-16,-2.03398521106577
419,-4.90026832193724,-4.90026832193724,-2.03127556938836,-6.18103476409587e-16,-2.03127556938836
419.1,-4.6561277085333,-4.6561277085333,-2.02856953745107,-6.1009849912203e-16,-2.02856953745107
419.2,-4.81888811746926,-4.81888811746926,-2.02586711044507,-6.02197193248439e-16,-2.02586711044507
419.3,-4.2085365839594,-4.2085365839594,-2.02316828356792,-5.94398216153886e-16,-2.02316828356792
419.4,-4.53405740183134,-4.53405740183134,-2.02047305202359,-5.86700242591736e-16,-2.02047305202359
419.5,-5.75476046885104,-5.75476046885104,-2.01778141102244,-5.7910196447845e-16,-2.01778141102244
419.6,-5.0630287308732,-5.0630287308732,-2.0150933557812,-5.71602090671308e-16,-2.0150933557812
419.7,-3.3540444370456,-3.3540444370456,-2.01240888152299,-5.64199346749007e-16,-2.01240888152299
419.8,-3.8016355616195,-3.8016355616195,-2.00972798347728,-5.56892474795123e-16,-2.00972798347728
419.9,-3.51680484598156,-3.51680484598156,-2.00705065687989,-5.49680233184314e-16,-2.00705065687989
420,-4.53405740183132,-4.53405740183132,-2.004376896973,-5.425613963714e-16,-2.004376896973
420.1,-3.67956525491753,-3.67956525491753,-2.00170669900513,-5.35534754683042e-16,-2.00170669900513
420.2,-2.29610177896185,-2.29610177896185,-1.99904005823111,-5.28599114112251e-16,-1.99904005823111
420.3,-3.43542464151358,-3.43542464151358,-1.99637696991212,-5.21753296115451e-16,-1.99637696991212
420.4,-6.12097138895695,-6.12097138895695,-1.99371742931563,-5.14996137412234e-16,-1.99371742931563
420.5,-5.998901082255,-5.998901082255,-1.99106143171543,-5.08326489787682e-16,-1.99106143171543
420.6,-5.46992975321311,-5.46992975321311,-1.98840897239158,-5.0174321989726e-16,-1.98840897239158
420.7,-5.22578913980916,-5.22578913980916,-1.98576004663046,-4.95245209074228e-16,-1.98576004663046
420.8,-5.4699297532131,-5.4699297532131,-1.98311464972472,-4.88831353139563e-16,-1.98311464972472
420.9,-4.1678464817254,-4.1678464817254,-1.98047277697327,-4.82500562214299e-16,-1.98047277697327
421,-4.33060689066139,-4.33060689066139,-1.97783442368129,-4.76251760534375e-16,-1.97783442368129
421.1,-4.61543760629931,-4.61543760629931,-1.97519958516021,-4.70083886267784e-16,-1.97519958516021
421.2,-4.53405740183134,-4.53405740183134,-1.97256825672772,-4.6399589133419e-16,-1.97256825672772
421.3,-4.6154376062993,-4.6154376062993,-1.96994043370773,-4.57986741226795e-16,-1.96994043370773
421.4,-6.89408333140277,-6.89408333140277,-1.96731611143039,-4.52055414836565e-16,-1.96731611143039
421.5,-6.8533932291688,-6.8533932291688,-1.96469528523206,-4.46200904278717e-16,-1.96469528523206
421.6,-5.34785944651115,-5.34785944651115,-1.96207795045534,-4.40422214721453e-16,-1.96207795045534
421.7,-5.46992975321311,-5.46992975321311,-1.95946410244899,-4.34718364216906e-16,-1.95946410244899
421.8,-5.26647924204316,-5.26647924204316,-1.95685373656802,-4.29088383534302e-16,-1.95685373656802
421.9,-3.76094545938551,-3.76094545938551,-1.95424684817357,-4.23531315995224e-16,-1.95424684817357
422,-3.72025535715151,-3.72025535715151,-1.95164343263302,-4.18046217311099e-16,-1.95164343263302
422.1,-7.05684374033873,-7.05684374033873,-1.94904348531987,-4.12632155422686e-16,-1.94904348531986
422.2,-5.22578913980916,-5.22578913980916,-1.9464470016138,-4.07288210341743e-16,-1.9464470016138
422.3,-3.92370586832147,-3.92370586832147,-1.94385397690067,-4.02013473994663e-16,-1.94385397690067
422.4,-5.38854954874512,-5.38854954874512,-1.94126440657246,-3.96807050068186e-16,-1.94126440657246
422.5,-4.90026832193724,-4.90026832193724,-1.93867828602729,-3.91668053857086e-16,-1.93867828602729
422.6,-6.16166149119096,-6.16166149119096,-1.93609561066941,-3.86595612113839e-16,-1.93609561066941
422.7,-5.75476046885104,-5.75476046885104,-1.93351637590921,-3.81588862900233e-16,-1.93351637590921
422.8,-4.85957821970325,-4.85957821970325,-1.93094057716318,-3.76646955440917e-16,-1.93094057716318
422.9,-4.24922668619338,-4.24922668619338,-1.92836820985391,-3.71769049978799e-16,-1.92836820985391
423,-5.998901082255,-5.998901082255,-1.9257992694101,-3.66954317632395e-16,-1.9257992694101
423.1,-4.49336729959734,-4.49336729959734,-1.92323375126655,-3.62201940254935e-16,-1.92323375126655
423.2,-4.98164852640523,-4.98164852640523,-1.92067165086411,-3.57511110295378e-16,-1.92067165086411
423.3,-5.34785944651113,-5.34785944651113,-1.91811296364973,-3.52881030661161e-16,-1.91811296364973
423.4,-4.08646627725743,-4.08646627725743,-1.91555768507641,-3.48310914582767e-16,-1.91555768507641
423.5,-5.5106198554471,-5.5106198554471,-1.91300581060322,-3.43799985480025e-16,-1.91300581060322
423.6,-7.30098435374268,-7.30098435374268,-1.91045733569528,-3.39347476830155e-16,-1.91045733569528
423.7,-6.24304169565893,-6.24304169565893,-1.90791225582373,-3.34952632037508e-16,-1.90791225582373
423.8,-5.0630287308732,-5.0630287308732,-1.90537056646577,-3.30614704305019e-16,-1.90537056646577
423.9,-5.14440893534118,-5.14440893534118,-1.90283226310461,-3.26332956507276e-16,-1.90283226310461
424,-5.10371883310719,-5.10371883310719,-1.90029734122948,-3.221066610653e-16,-1.90029734122948
424.1,-5.55130995768108,-5.55130995768108,-1.89776579633562,-3.17935099822874e-16,-1.89776579633562
424.2,-4.6154376062993,-4.6154376062993,-1.89523762392427,-3.13817563924546e-16,-1.89523762392427
424.3,-6.08028128672296,-6.08028128672296,-1.89271281950267,-3.09753353695146e-16,-1.89271281950266
424.4,-7.30098435374268,-7.30098435374268,-1.89019137858403,-3.05741778520911e-16,-1.89019137858403
424.5,-7.30098435374268,-7.30098435374268,-1.88767329668755,-3.01782156732125e-16,-1.88767329668755
424.6,-6.69063282023283,-6.69063282023283,-1.8851585693384,-2.97873815487287e-16,-1.8851585693384
424.7,-6.08028128672296,-6.08028128672296,-1.8826471920677,-2.94016090658776e-16,-1.8826471920677
424.8,-6.85339322916878,-6.85339322916878,-1.88013916041255,-2.90208326720012e-16,-1.88013916041255
424.9,-6.89408333140278,-6.89408333140278,-1.87763446991595,-2.86449876634036e-16,-1.87763446991595
425,-5.22578913980916,-5.22578913980916,-1.87513311612687,-2.82740101743598e-16,-1.87513311612687
425.1,-6.89408333140277,-6.89408333140277,-1.87263509460022,-2.79078371662599e-16,-1.87263509460022
425.2,-6.69063282023282,-6.69063282023282,-1.87014040089679,-2.75464064169e-16,-1.87014040089679
425.3,-6.60925261576485,-6.60925261576485,-1.86764903058333,-2.71896565099073e-16,-1.86764903058333
425.4,-7.30098435374268,-7.30098435374268,-1.86516097923246,-2.68375268243044e-16,-1.86516097923246
425.5,-7.30098435374268,-7.30098435374268,-1.86267624242272,-2.64899575242083e-16,-1.86267624242272
425.6,-6.69063282023282,-6.69063282023282,-1.86019481573853,-2.61468895486627e-16,-1.86019481573853
425.7,-4.90026832193723,-4.90026832193723,-1.8577166947702,-2.58082646016018e-16,-1.8577166947702
425.8,-6.12097138895696,-6.12097138895696,-1.8552418751139,-2.54740251419454e-16,-1.8552418751139
425.9,-7.17891404704071,-7.17891404704071,-1.85277035237169,-2.5144114373819e-16,-1.85277035237169
426,-5.30716934427714,-5.30716934427714,-1.85030212215146,-2.48184762369052e-16,-1.85030212215146
426.1,-7.54512496714663,-7.54512496714663,-1.84783718006697,-2.44970553969153e-16,-1.84783718006697
426.2,-7.91133588725254,-7.91133588725254,-1.84537552173783,-2.4179797236189e-16,-1.84537552173783
426.3,-7.78926558055058,-7.78926558055058,-1.84291714278947,-2.38666478444113e-16,-1.84291714278946
426.4,-6.89408333140277,-6.89408333140277,-1.84046203885314,-2.3557554009453e-16,-1.84046203885314
426.5,-5.02233862863922,-5.02233862863922,-1.83801020556594,-2.32524632083279e-16,-1.83801020556594
426.6,-3.19128402810964,-3.19128402810964,-1.83556163857076,-2.29513235982685e-16,-1.83556163857076
426.7,-4.33060689066137,-4.33060689066137,-1.8331163335163,-2.26540840079159e-16,-1.8331163335163
426.8,-5.63269016214907,-5.63269016214907,-1.83067428605705,-2.23606939286253e-16,-1.83067428605705
426.9,-5.22578913980917,-5.22578913980917,-1.8282354918533,-2.20711035058818e-16,-1.8282354918533
427,-4.85957821970325,-4.85957821970325,-1.82579994657112,-2.1785263530831e-16,-1.82579994657112
427.1,-5.75476046885104,-5.75476046885104,-1.82336764588234,-2.15031254319148e-16,-1.82336764588234
427.2,-5.59200005991508,-5.59200005991508,-1.82093858546458,-2.12246412666197e-16,-1.82093858546458
427.3,-2.66231269906776,-2.66231269906776,-1.81851276100119,-2.09497637133293e-16,-1.81851276100119
427.4,-4.04577617502343,-4.04577617502343,-1.81609016818129,-2.06784460632832e-16,-1.81609016818129
427.5,-6.20235159342493,-6.20235159342493,-1.81367080269975,-2.04106422126399e-16,-1.81367080269975
427.6,-6.52787241129686,-6.52787241129686,-1.81125466025714,-2.0146306654643e-16,-1.81125466025714
427.7,-5.18509903757518,-5.18509903757518,-1.80884173655979,-1.98853944718878e-16,-1.80884173655979
427.8,-4.37129699289537,-4.37129699289537,-1.80643202731975,-1.96278613286898e-16,-1.80643202731975
427.9,-5.22578913980917,-5.22578913980917,-1.80402552825476,-1.93736634635489e-16,-1.80402552825476
428,-5.14440893534118,-5.14440893534118,-1.80162223508829,-1.91227576817157e-16,-1.80162223508829
428.1,-6.08028128672297,-6.08028128672297,-1.79922214354948,-1.88751013478494e-16,-1.79922214354948
428.2,-6.64994271799883,-6.64994271799883,-1.79682524937318,-1.86306523787746e-16,-1.79682524937318
428.3,-4.6154376062993,-4.6154376062993,-1.79443154829993,-1.83893692363296e-16,-1.79443154829993
428.4,-3.47611474374757,-3.47611474374757,-1.79204103607591,-1.81512109203071e-16,-1.79204103607591
428.5,-4.69681781076729,-4.69681781076729,-1.78965370845299,-1.79161369614895e-16,-1.78965370845299
428.6,-5.1037188331072,-5.1037188331072,-1.78726956118871,-1.76841074147693e-16,-1.78726956118871
428.7,-4.28991678842738,-4.28991678842738,-1.78488859004624,-1.7455082852364e-16,-1.78488859004624
428.8,-3.72025535715152,-3.72025535715152,-1.78251079079441,-1.72290243571147e-16,-1.78251079079441
428.9,-4.00508607278945,-4.00508607278945,-1.78013615920766,-1.70058935158734e-16,-1.78013615920766
429,-6.12097138895696,-6.12097138895696,-1.7777646910661,-1.67856524129761e-16,-1.7777646910661
429.1,-5.95821098002099,-5.95821098002099,-1.77539638215543,-1.65682636237994e-16,-1.77539638215543
429.2,-4.2085365839594,-4.2085365839594,-1.77303122826698,-1.6353690208401e-16,-1.77303122826698
429.3,-4.16784648172542,-4.16784648172542,-1.77066922519768,-1.61418957052439e-16,-1.77066922519768
429.4,-4.57474750406532,-4.57474750406532,-1.76831036875005,-1.59328441249985e-16,-1.76831036875005
429.5,-3.51680484598157,-3.51680484598157,-1.76595465473223,-1.57264999444294e-16,-1.76595465473223
429.6,-5.46992975321311,-5.46992975321311,-1.76360207895791,-1.55228281003569e-16,-1.76360207895791
429.7,-7.30098435374268,-7.30098435374268,-1.76125263724638,-1.5321793983701e-16,-1.76125263724638
429.8,-5.02233862863921,-5.02233862863921,-1.7589063254225,-1.51233634335987e-16,-1.7589063254225
429.9,-4.77819801523527,-4.77819801523527,-1.75656313931668,-1.49275027316001e-16,-1.75656313931668
430,-5.59200005991508,-5.59200005991508,-1.75422307476488,-1.47341785959384e-16,-1.75422307476488
430.1,-5.02233862863922,-5.02233862863922,-1.75188612760863,-1.45433581758749e-16,-1.75188612760863
430.2,-4.98164852640523,-4.98164852640523,-1.74955229369499,-1.4355009046116e-16,-1.74955229369499
430.3,-4.73750791300128,-4.73750791300128,-1.74722156887653,-1.41690992013045e-16,-1.74722156887653
430.4,-5.55130995768108,-5.55130995768108,-1.74489394901139,-1.39855970505798e-16,-1.74489394901139
430.5,-5.22578913980917,-5.22578913980917,-1.74256942996318,-1.38044714122109e-16,-1.74256942996318
430.6,-6.48718230906287,-6.48718230906287,-1.74024800760105,-1.36256915082968e-16,-1.74024800760105
430.7,-5.71407036661705,-5.71407036661705,-1.73792967779965,-1.34492269595376e-16,-1.73792967779965
430.8,-4.49336729959733,-4.49336729959733,-1.73561443643912,-1.32750477800714e-16,-1.73561443643912
430.9,-4.2492266861934,-4.2492266861934,-1.73330227940509,-1.31031243723793e-16,-1.73330227940509
431,-4.49336729959734,-4.49336729959734,-1.73099320258866,-1.29334275222561e-16,-1.73099320258866
431.1,-5.958210980021,-5.958210980021,-1.72868720188643,-1.2765928393846e-16,-1.72868720188643
431.2,-6.32442190012691,-6.32442190012691,-1.72638427320045,-1.26005985247423e-16,-1.72638427320045
431.3,-4.45267719736335,-4.45267719736335,-1.72408441243822,-1.24374098211518e-16,-1.72408441243822
431.4,-4.94095842417123,-4.94095842417123,-1.72178761551271,-1.22763345531195e-16,-1.72178761551271
431.5,-5.5106198554471,-5.5106198554471,-1.71949387834232,-1.21173453498183e-16,-1.71949387834232
431.6,-5.71407036661705,-5.71407036661705,-1.71720319685091,-1.19604151948963e-16,-1.71720319685091
431.7,-5.22578913980917,-5.22578913980917,-1.71491556696773,-1.18055174218875e-16,-1.71491556696773
431.8,-6.20235159342494,-6.20235159342494,-1.7126309846275,-1.16526257096794e-16,-1.7126309846275
431.9,-5.02233862863921,-5.02233862863921,-1.71034944577033,-1.1501714078041e-16,-1.71034944577033
432,-4.81888811746926,-4.81888811746926,-1.70807094634173,-1.13527568832078e-16,-1.70807094634173
432.1,-6.3651120023609,-6.3651120023609,-1.70579548229264,-1.12057288135242e-16,-1.70579548229263
432.2,-5.87683077555301,-5.87683077555301,-1.70352304957935,-1.10606048851428e-16,-1.70352304957935
432.3,-5.34785944651113,-5.34785944651113,-1.7012536441636,-1.09173604377787e-16,-1.7012536441636
432.4,-5.34785944651115,-5.34785944651115,-1.69898726201245,-1.07759711305187e-16,-1.69898726201245
432.5,-4.16784648172542,-4.16784648172542,-1.69672389909836,-1.06364129376864e-16,-1.69672389909836
432.6,-3.76094545938551,-3.76094545938551,-1.69446355139915,-1.0498662144758e-16,-1.69446355139915
432.7,-3.47611474374757,-3.47611474374757,-1.69220621489801,-1.03626953443338e-16,-1.69220621489801
432.8,-7.54512496714662,-7.54512496714662,-1.68995188558347,-1.02284894321602e-16,-1.68995188558347
432.9,-6.24304169565893,-6.24304169565893,-1.68770055944939,-1.00960216032037e-16,-1.68770055944939
433,-2.90645331247171,-2.90645331247171,-1.68545223249501,-9.96526934777596e-17,-1.68545223249501
433.1,-2.90645331247171,-2.90645331247171,-1.68320690072484,-9.8362104477085e-17,-1.68320690072484
433.2,-5.26647924204316,-5.26647924204316,-1.68096456014877,-9.70882297257745e-17,-1.68096456014877
433.3,-5.22578913980916,-5.22578913980916,-1.67872520678197,-9.58308527597725e-17,-1.67872520678197
433.4,-4.45267719736334,-4.45267719736334,-1.67648883664493,-9.45897599184164e-17,-1.67648883664493
433.5,-3.51680484598156,-3.51680484598156,-1.67425544576344,-9.33647403081403e-17,-1.67425544576344
433.6,-3.27266423257763,-3.27266423257763,-1.67202503016858,-9.21555857666277e-17,-1.67202503016858
433.7,-6.03959118448898,-6.03959118448898,-1.66979758589673,-9.09620908274499e-17,-1.66979758589673
433.8,-6.89408333140278,-6.89408333140278,-1.66757310898954,-8.97840526851445e-17,-1.66757310898954
433.9,-5.46992975321311,-5.46992975321311,-1.66535159549394,-8.86212711607565e-17,-1.66535159549394
434,-4.57474750406532,-4.57474750406532,-1.66313304146211,-8.74735486678226e-17,-1.66313304146211
434.1,-5.87683077555302,-5.87683077555302,-1.66091744295151,-8.63406901787957e-17,-1.66091744295151
434.2,-4.2492266861934,-4.2492266861934,-1.65870479602484,-8.52225031919047e-17,-1.65870479602484
434.3,-3.31335433481161,-3.31335433481161,-1.65649509675006,-8.41187976984459e-17,-1.65649509675006
434.4,-3.84232566385349,-3.84232566385349,-1.65428834120033,-8.30293861504893e-17,-1.65428834120033
434.5,-3.51680484598156,-3.51680484598156,-1.65208452545409,-8.19540834290185e-17,-1.65208452545409
434.6,-5.5106198554471,-5.5106198554471,-1.64988364559498,-8.08927068124645e-17,-1.64988364559498
434.7,-5.26647924204315,-5.26647924204315,-1.64768569771185,-7.98450759456655e-17,-1.64768569771185
434.8,-5.18509903757518,-5.18509903757518,-1.64549067789878,-7.88110128092134e-17,-1.64549067789878
434.9,-5.95821098002099,-5.95821098002099,-1.64329858225503,-7.7790341689207e-17,-1.64329858225503
435,-5.99890108225499,-5.99890108225499,-1.64110940688509,-7.67828891473927e-17,-1.64110940688509
435.1,-4.41198709512935,-4.41198709512935,-1.6389231478986,-7.5788483991693e-17,-1.6389231478986
435.2,-4.6154376062993,-4.6154376062993,-1.6367398014104,-7.48069572471162e-17,-1.6367398014104
435.3,-4.90026832193724,-4.90026832193724,-1.63455936354053,-7.38381421270456e-17,-1.63455936354053
435.4,-3.63887515268353,-3.63887515268353,-1.63238183041416,-7.28818740048926e-17,-1.63238183041416
435.5,-4.98164852640523,-4.98164852640523,-1.63020719816164,-7.19379903861301e-17,-1.63020719816164
435.6,-5.63269016214907,-5.63269016214907,-1.62803546291847,-7.10063308806723e-17,-1.62803546291847
435.7,-4.73750791300128,-4.73750791300128,-1.62586662082531,-7.0086737175628e-17,-1.62586662082531
435.8,-4.2085365839594,-4.2085365839594,-1.62370066802796,-6.91790530083935e-17,-1.62370066802796
435.9,-6.40580210459488,-6.40580210459488,-1.62153760067733,-6.8283124140102e-17,-1.62153760067733
436,-6.52787241129686,-6.52787241129686,-1.61937741492948,-6.73987983294145e-17,-1.61937741492948
436.1,-4.08646627725743,-4.08646627725743,-1.61722010694559,-6.65259253066493e-17,-1.61722010694559
436.2,-3.80163556161949,-3.80163556161949,-1.61506567289195,-6.56643567482473e-17,-1.61506567289195
436.3,-4.37129699289537,-4.37129699289537,-1.61291410893995,-6.48139462515703e-17,-1.61291410893995
436.4,-3.3540444370456,-3.3540444370456,-1.6107654112661,-6.39745493100184e-17,-1.6107654112661
436.5,-3.59818505044955,-3.59818505044955,-1.60861957605199,-6.31460232884814e-17,-1.60861957605199
436.6,-2.9471434147057,-2.9471434147057,-1.60647659948429,-6.23282273990939e-17,-1.60647659948429
436.7,-1.31953932534607,-1.31953932534607,-1.60433647775476,-6.15210226773192e-17,-1.60433647775476
436.8,-2.78438300576973,-2.78438300576973,-1.60219920706024,-6.07242719583301e-17,-1.60219920706024
436.9,-4.57474750406531,-4.57474750406531,-1.60006478360261,-5.99378398537038e-17,-1.60006478360261
437,-5.02233862863921,-5.02233862863921,-1.59793320358885,-5.91615927284151e-17,-1.59793320358885
437.1,-4.16784648172542,-4.16784648172542,-1.59580446323095,-5.83953986781286e-17,-1.59580446323095
437.2,-3.3540444370456,-3.3540444370456,-1.59367855874598,-5.76391275067842e-17,-1.59367855874598
437.3,-4.2492266861934,-4.2492266861934,-1.59155548635604,-5.68926507044758e-17,-1.59155548635604
437.4,-5.46992975321311,-5.46992975321311,-1.58943524228825,-5.61558414256092e-17,-1.58943524228825
437.5,-3.51680484598156,-3.51680484598156,-1.58731782277477,-5.54285744673543e-17,-1.58731782277477
437.6,-4.6561277085333,-4.6561277085333,-1.58520322405277,-5.47107262483632e-17,-1.58520322405277
437.7,-5.67338026438306,-5.67338026438306,-1.58309144236444,-5.40021747877765e-17,-1.58309144236444
437.8,-3.59818505044954,-3.59818505044954,-1.58098247395699,-5.33027996844918e-17,-1.58098247395699
437.9,-3.43542464151358,-3.43542464151358,-1.57887631508259,-5.26124820967055e-17,-1.57887631508259
438,-4.12715637949142,-4.12715637949142,-1.57677296199843,-5.19311047217191e-17,-1.57677296199843
438.1,-4.94095842417123,-4.94095842417123,-1.5746724109667,-5.12585517760058e-17,-1.5746724109667
438.2,-4.2085365839594,-4.2085365839594,-1.57257465825453,-5.05947089755358e-17,-1.57257465825453
438.3,-2.78438300576973,-2.78438300576973,-1.57047970013406,-4.99394635163581e-17,-1.57047970013406
438.4,-3.31335433481161,-3.31335433481161,-1.56838753288237,-4.92927040554287e-17,-1.56838753288237
438.5,-3.47611474374757,-3.47611474374757,-1.56629815278152,-4.86543206916955e-17,-1.56629815278152
438.6,-0.546427382900259,-0.546427382900259,-1.56421155611851,-4.80242049474176e-17,-1.56421155611851
438.7,-2.45886218789781,-2.45886218789781,-1.56212773918529,-4.74022497497378e-17,-1.56212773918529
438.8,-3.06921372140767,-3.06921372140767,-1.56004669827875,-4.6788349412484e-17,-1.56004669827875
438.9,-4.37129699289537,-4.37129699289537,-1.55796842970071,-4.61823996182123e-17,-1.55796842970071
439,-4.61543760629931,-4.61543760629931,-1.55589292975792,-4.55842974004802e-17,-1.55589292975792
439.1,-5.42923965097912,-5.42923965097912,-1.55382019476205,-4.49939411263503e-17,-1.55382019476205
439.2,-5.5106198554471,-5.5106198554471,-1.55175022102969,-4.44112304791197e-17,-1.55175022102969
439.3,-4.37129699289537,-4.37129699289537,-1.54968300488231,-4.38360664412752e-17,-1.54968300488231
439.4,-4.00508607278945,-4.00508607278945,-1.54761854264633,-4.32683512776644e-17,-1.54761854264633
439.5,-3.96439597055546,-3.96439597055546,-1.54555683065301,-4.27079885188925e-17,-1.54555683065301
439.6,-3.31335433481161,-3.31335433481161,-1.54349786523854,-4.21548829449247e-17,-1.54349786523854
439.7,-3.19128402810964,-3.19128402810964,-1.54144164274396,-4.16089405689107e-17,-1.54144164274396
439.8,-4.45267719736335,-4.45267719736335,-1.5393881595152,-4.10700686212102e-17,-1.5393881595152
439.9,-5.998901082255,-5.998901082255,-1.53733741190305,-4.05381755336308e-17,-1.53733741190305
440,-4.69681781076729,-4.69681781076729,-1.53528939626318,-4.00131709238678e-17,-1.53528939626318
440.1,-3.8016355616195,-3.8016355616195,-1.53324410895609,-3.94949655801459e-17,-1.53324410895609
440.2,-4.28991678842738,-4.28991678842738,-1.53120154634715,-3.89834714460595e-17,-1.53120154634715
440.3,-5.4699297532131,-5.4699297532131,-1.52916170480655,-3.84786016056111e-17,-1.52916170480655
440.4,-5.99890108225499,-5.99890108225499,-1.52712458070934,-3.7980270268439e-17,-1.52712458070934
440.5,-5.22578913980916,-5.22578913980916,-1.52509017043537,-3.74883927552435e-17,-1.52509017043537
440.6,-4.81888811746926,-4.81888811746926,-1.52305847036935,-3.70028854833933e-17,-1.52305847036935
440.7,-5.71407036661705,-5.71407036661705,-1.52102947690077,-3.65236659527265e-17,-1.52102947690077
440.8,-5.71407036661705,-5.71407036661705,-1.51900318642395,-3.60506527315292e-17,-1.51900318642395
440.9,-5.79545057108504,-5.79545057108504,-1.51697959533801,-3.55837654426991e-17,-1.51697959533801
441,-4.77819801523527,-4.77819801523527,-1.51495870004686,-3.51229247500872e-17,-1.51495870004686
441.1,-4.04577617502344,-4.04577617502344,-1.51294049695922,-3.46680523450166e-17,-1.51294049695922
441.2,-4.2492266861934,-4.2492266861934,-1.51092498248856,-3.42190709329758e-17,-1.51092498248856
441.3,-4.37129699289537,-4.37129699289537,-1.50891215305317,-3.37759042204852e-17,-1.50891215305317
441.4,-3.3540444370456,-3.3540444370456,-1.50690200507608,-3.33384769021302e-17,-1.50690200507608
441.5,-3.67956525491752,-3.67956525491752,-1.50489453498509,-3.29067146477692e-17,-1.50489453498509
441.6,-5.06302873087321,-5.06302873087321,-1.50288973921278,-3.24805440898981e-17,-1.50288973921278
441.7,-4.53405740183134,-4.53405740183134,-1.50088761419645,-3.20598928111877e-17,-1.50088761419645
441.8,-5.34785944651113,-5.34785944651113,-1.49888815637817,-3.16446893321753e-17,-1.49888815637817
441.9,-5.34785944651115,-5.34785944651115,-1.49689136220474,-3.12348630991193e-17,-1.49689136220474
442,-4.49336729959733,-4.49336729959733,-1.4948972281277,-3.08303444720107e-17,-1.4948972281277
442.1,-6.12097138895695,-6.12097138895695,-1.49290575060331,-3.04310647127389e-17,-1.49290575060331
442.2,-5.917520877787,-5.917520877787,-1.49091692609256,-3.00369559734115e-17,-1.49091692609256
442.3,-4.04577617502344,-4.04577617502344,-1.48893075106114,-2.96479512848261e-17,-1.48893075106114
442.4,-4.85957821970325,-4.85957821970325,-1.48694722197947,-2.92639845450882e-17,-1.48694722197947
442.5,-4.94095842417123,-4.94095842417123,-1.48496633532264,-2.8884990508382e-17,-1.48496633532264
442.6,-6.56856251353085,-6.56856251353085,-1.48298808757047,-2.851090477388e-17,-1.48298808757047
442.7,-4.57474750406531,-4.57474750406531,-1.48101247520745,-2.81416637748027e-17,-1.48101247520745
442.8,-3.39473453927959,-3.39473453927959,-1.47903949472276,-2.77772047676156e-17,-1.47903949472276
442.9,-3.92370586832147,-3.92370586832147,-1.47706914261025,-2.74174658213663e-17,-1.47706914261025
443,-3.47611474374757,-3.47611474374757,-1.47510141536846,-2.70623858071637e-17,-1.47510141536846
443.1,-3.15059392587564,-3.15059392587564,-1.47313630950056,-2.67119043877874e-17,-1.47313630950056
443.2,-3.39473453927959,-3.39473453927959,-1.47117382151441,-2.63659620074378e-17,-1.47117382151441
443.3,-5.79545057108504,-5.79545057108504,-1.46921394792251,-2.60244998816138e-17,-1.46921394792251
443.4,-5.998901082255,-5.998901082255,-1.467256685242,-2.5687459987125e-17,-1.467256685242
443.5,-3.47611474374757,-3.47611474374757,-1.46530202999468,-2.53547850522317e-17,-1.46530202999468
443.6,-4.61543760629931,-4.61543760629931,-1.46334997870696,-2.50264185469131e-17,-1.46334997870696
443.7,-6.32442190012691,-6.32442190012691,-1.46140052790989,-2.47023046732609e-17,-1.46140052790989
443.8,-5.63269016214907,-5.63269016214907,-1.45945367413914,-2.43823883559993e-17,-1.45945367413914
443.9,-5.38854954874512,-5.38854954874512,-1.457509413935,-2.40666152331236e-17,-1.457509413935
444,-6.56856251353086,-6.56856251353086,-1.45556774384235,-2.37549316466659e-17,-1.45556774384235
444.1,-7.26029425150869,-7.26029425150869,-1.4536286604107,-2.34472846335741e-17,-1.4536286604107
444.2,-6.28373179789291,-6.28373179789291,-1.45169216019413,-2.31436219167151e-17,-1.45169216019413
444.3,-5.42923965097912,-5.42923965097912,-1.44975823975134,-2.28438918959891e-17,-1.44975823975134
444.4,-6.52787241129686,-6.52787241129686,-1.44782689564558,-2.2548043639563e-17,-1.44782689564558
444.5,-6.69063282023282,-6.69063282023282,-1.4458981244447,-2.22560268752149e-17,-1.4458981244447
444.6,-6.03959118448897,-6.03959118448897,-1.44397192272112,-2.19677919817919e-17,-1.44397192272112
444.7,-4.6561277085333,-4.6561277085333,-1.44204828705184,-2.16832899807783e-17,-1.44204828705184
444.8,-3.02852361917368,-3.02852361917368,-1.44012721401838,-2.14024725279729e-17,-1.44012721401838
444.9,-3.88301576608747,-3.88301576608747,-1.43820870020685,-2.11252919052733e-17,-1.43820870020685
445,-4.6561277085333,-4.6561277085333,-1.4362927422079,-2.0851701012569e-17,-1.4362927422079
445.1,-3.7609454593855,-3.7609454593855,-1.43437933661671,-2.05816533597356e-17,-1.43437933661671
445.2,-4.6561277085333,-4.6561277085333,-1.43246848003302,-2.03151030587375e-17,-1.43246848003302
445.3,-3.47611474374757,-3.47611474374757,-1.43056016906106,-2.00520048158282e-17,-1.43056016906106
445.4,-3.55749494821555,-3.55749494821555,-1.42865440030963,-1.97923139238549e-17,-1.42865440030963
445.5,-5.10371883310719,-5.10371883310719,-1.42675117039201,-1.95359862546612e-17,-1.42675117039201
445.6,-5.02233862863922,-5.02233862863922,-1.42485047592602,-1.92829782515887e-17,-1.42485047592602
445.7,-5.10371883310718,-5.10371883310718,-1.42295231353396,-1.90332469220757e-17,-1.42295231353396
445.8,-3.8016355616195,-3.8016355616195,-1.42105667984266,-1.87867498303515e-17,-1.42105667984266
445.9,-4.04577617502344,-4.04577617502344,-1.41916357148341,-1.85434450902253e-17,-1.41916357148341
446,-4.61543760629931,-4.61543760629931,-1.41727298509201,-1.83032913579693e-17,-1.41727298509201
446.1,-5.5106198554471,-5.5106198554471,-1.41538491730873,-1.80662478252922e-17,-1.41538491730873
446.2,-6.32442190012691,-6.32442190012691,-1.41349936477834,-1.78322742124065e-17,-1.41349936477834
446.3,-5.06302873087321,-5.06302873087321,-1.41161632415004,-1.76013307611823e-17,-1.41161632415004
446.4,-4.53405740183132,-4.53405740183132,-1.40973579207753,-1.73733782283921e-17,-1.40973579207753
446.5,-4.81888811746926,-4.81888811746926,-1.40785776521895,-1.71483778790425e-17,-1.40785776521895
446.6,-3.3540444370456,-3.3540444370456,-1.40598224023688,-1.69262914797919e-17,-1.40598224023688
446.7,-2.82507310800373,-2.82507310800373,-1.40410921379838,-1.67070812924534e-17,-1.40410921379838
446.8,-4.81888811746926,-4.81888811746926,-1.40223868257493,-1.64907100675831e-17,-1.40223868257493
446.9,-4.08646627725743,-4.08646627725743,-1.40037064324244,-1.62771410381489e-17,-1.40037064324244
447,-3.59818505044955,-3.59818505044955,-1.39850509248125,-1.60663379132846e-17,-1.39850509248125
447.1,-4.6561277085333,-4.6561277085333,-1.39664202697614,-1.58582648721215e-17,-1.39664202697614
447.2,-5.26647924204316,-5.26647924204316,-1.39478144341627,-1.56528865577028e-17,-1.39478144341627
447.3,-3.84232566385349,-3.84232566385349,-1.39292333849526,-1.54501680709748e-17,-1.39292333849526
447.4,-3.10990382364166,-3.10990382364166,-1.39106770891109,-1.52500749648569e-17,-1.39106770891109
447.5,-3.84232566385349,-3.84232566385349,-1.38921455136616,-1.50525732383883e-17,-1.38921455136616
447.6,-4.41198709512935,-4.41198709512935,-1.38736386256726,-1.48576293309499e-17,-1.38736386256726
447.7,-4.33060689066137,-4.33060689066137,-1.38551563922557,-1.4665210116562e-17,-1.38551563922557
447.8,-4.69681781076729,-4.69681781076729,-1.38366987805665,-1.44752828982552e-17,-1.38366987805665
447.9,-4.90026832193724,-4.90026832193724,-1.38182657578043,-1.42878154025139e-17,-1.38182657578043
448,-3.7609454593855,-3.7609454593855,-1.37998572912122,-1.41027757737932e-17,-1.37998572912122
448.1,-3.63887515268354,-3.63887515268354,-1.37814733480767,-1.39201325691044e-17,-1.37814733480767
448.2,-3.96439597055546,-3.96439597055546,-1.37631138957283,-1.37398547526736e-17,-1.37631138957283
448.3,-5.30716934427715,-5.30716934427715,-1.37447789015406,-1.35619116906667e-17,-1.37447789015406
448.4,-3.63887515268354,-3.63887515268354,-1.37264683329308,-1.33862731459845e-17,-1.37264683329308
448.5,-1.27884922311208,-1.27884922311208,-1.37081821573598,-1.32129092731245e-17,-1.37081821573598
448.6,-1.68575024545199,-1.68575024545199,-1.36899203423313,-1.30417906131094e-17,-1.36899203423313
448.7,-2.62162259683377,-2.62162259683377,-1.36716828553928,-1.28728880884813e-17,-1.36716828553928
448.8,-2.9878335169397,-2.9878335169397,-1.36534696641347,-1.27061729983607e-17,-1.36534696641347
448.9,-3.3947345392796,-3.3947345392796,-1.36352807361908,-1.25416170135692e-17,-1.36352807361908
449,-2.45886218789781,-2.45886218789781,-1.36171160392377,-1.23791921718163e-17,-1.36171160392377
449.1,-1.60437004098401,-1.60437004098401,-1.35989755409955,-1.22188708729468e-17,-1.35989755409955
449.2,-2.90645331247171,-2.90645331247171,-1.3580859209227,-1.20606258742523e-17,-1.3580859209227
449.3,-3.27266423257763,-3.27266423257763,-1.3562767011738,-1.19044302858407e-17,-1.3562767011738
449.4,-4.85957821970325,-4.85957821970325,-1.35446989163772,-1.17502575660674e-17,-1.35446989163772
449.5,-4.81888811746926,-4.81888811746926,-1.35266548910362,-1.15980815170252e-17,-1.35266548910362
449.6,-2.9471434147057,-2.9471434147057,-1.35086349036493,-1.14478762800926e-17,-1.35086349036493
449.7,-3.06921372140767,-3.06921372140767,-1.34906389221934,-1.12996163315396e-17,-1.34906389221934
449.8,-2.90645331247171,-2.90645331247171,-1.34726669146884,-1.1153276478191e-17,-1.34726669146884
449.9,-3.39473453927959,-3.39473453927959,-1.34547188491964,-1.10088318531448e-17,-1.34547188491964
450,-4.16784648172542,-4.16784648172542,-1.34367946938224,-1.08662579115472e-17,-1.34367946938224
450.1,-6.8127031269348,-6.8127031269348,-1.34188944167137,-1.07255304264214e-17,-1.34188944167137
450.2,-6.4058021045949,-6.4058021045949,-1.340101798606,-1.05866254845511e-17,-1.340101798606
450.3,-4.85957821970325,-4.85957821970325,-1.33831653700935,-1.04495194824171e-17,-1.33831653700935
450.4,-3.23197413034363,-3.23197413034363,-1.33653365370886,-1.0314189122186e-17,-1.33653365370886
450.5,-3.47611474374757,-3.47611474374757,-1.33475314553621,-1.01806114077518e-17,-1.33475314553621
450.6,-3.80163556161949,-3.80163556161949,-1.3329750093273,-1.0048763640828e-17,-1.3329750093273
450.7,-3.39473453927959,-3.39473453927959,-1.33119924192222,-9.91862341709051e-18,-1.33119924192222
450.8,-1.80782055215396,-1.80782055215396,-1.32942584016531,-9.79016862237108e-18,-1.32942584016531
450.9,-2.4995522901318,-2.4995522901318,-1.32765480090507,-9.66337742889863e-18,-1.32765480090507
451,-2.37748198342982,-2.37748198342982,-1.32588612099424,-9.53822829159127e-18,-1.32588612099424
451.1,-2.90645331247171,-2.90645331247171,-1.32411979728972,-9.41469994439405e-18,-1.32411979728972
451.2,-4.37129699289537,-4.37129699289537,-1.32235582665262,-9.29277139666645e-18,-1.32235582665262
451.3,-4.00508607278945,-4.00508607278945,-1.32059420594822,-9.17242192961469e-18,-1.32059420594822
451.4,-3.59818505044955,-3.59818505044955,-1.31883493204598,-9.05363109277143e-18,-1.31883493204598
451.5,-3.19128402810964,-3.19128402810964,-1.31707800181952,-8.93637870052069e-18,-1.31707800181952
451.6,-2.21472157449386,-2.21472157449386,-1.31532341214664,-8.82064482866776e-18,-1.31532341214664
451.7,-3.23197413034363,-3.23197413034363,-1.31357115990929,-8.70640981105348e-18,-1.31357115990929
451.8,-2.98783351693968,-2.98783351693968,-1.31182124199358,-8.59365423621281e-18,-1.31182124199358
451.9,-1.92989085885593,-1.92989085885593,-1.31007365528977,-8.48235894407564e-18,-1.31007365528977
452,-2.66231269906776,-2.66231269906776,-1.30832839669224,-8.37250502271189e-18,-1.30832839669224
452.1,-2.78438300576974,-2.78438300576974,-1.30658546309955,-8.26407380511693e-18,-1.30658546309955
452.2,-5.22578913980917,-5.22578913980917,-1.30484485141435,-8.15704686604049e-18,-1.30484485141435
452.3,-4.81888811746927,-4.81888811746927,-1.30310655854343,-8.05140601885507e-18,-1.30310655854343
452.4,-4.73750791300128,-4.73750791300128,-1.30137058139772,-7.94713331246586e-18,-1.30137058139772
452.5,-3.15059392587565,-3.15059392587565,-1.29963691689223,-7.84421102826035e-18,-1.29963691689223
452.6,-3.55749494821555,-3.55749494821555,-1.29790556194611,-7.74262167709742e-18,-1.29790556194611
452.7,-2.66231269906776,-2.66231269906776,-1.29617651348261,-7.64234799633552e-18,-1.29617651348261
452.8,-4.33060689066137,-4.33060689066137,-1.29444976842905,-7.54337294689951e-18,-1.29444976842905
452.9,-6.16166149119096,-6.16166149119096,-1.29272532371689,-7.4456797103847e-18,-1.29272532371689
453,-4.2492266861934,-4.2492266861934,-1.29100317628163,-7.3492516861998e-18,-1.29100317628163
453.1,-3.76094545938551,-3.76094545938551,-1.2892833230629,-7.25407248874519e-18,-1.2892833230629
453.2,-3.3540444370456,-3.3540444370456,-1.28756576100436,-7.16012594462934e-18,-1.28756576100436
453.3,-3.72025535715152,-3.72025535715152,-1.28585048705377,-7.06739608992004e-18,-1.28585048705377
453.4,-3.8016355616195,-3.8016355616195,-1.28413749816296,-6.97586716743188e-18,-1.28413749816296
453.5,-5.87683077555301,-5.87683077555301,-1.2824267912878,-6.88552362404874e-18,-1.2824267912878
453.6,-5.10371883310719,-5.10371883310719,-1.28071836338823,-6.79635010808085e-18,-1.28071836338823
453.7,-2.25541167672785,-2.25541167672785,-1.27901221142823,-6.70833146665612e-18,-1.27901221142823
453.8,-1.1974690186441,-1.1974690186441,-1.27730833237585,-6.62145274314551e-18,-1.27730833237585
453.9,-0.13952636056036,-0.13952636056036,-1.27560672320314,-6.53569917462102e-18,-1.27560672320314
454,-2.29610177896185,-2.29610177896185,-1.27390738088621,-6.45105618934775e-18,-1.27390738088621
454.1,-3.59818505044954,-3.59818505044954,-1.27221030240519,-6.36750940430708e-18,-1.27221030240519
454.2,-3.39473453927959,-3.39473453927959,-1.27051548474424,-6.28504462275328e-18,-1.27051548474424
454.3,-2.86576321023772,-2.86576321023772,-1.26882292489153,-6.20364783180066e-18,-1.26882292489153
454.4,-4.08646627725743,-4.08646627725743,-1.26713261983925,-6.12330520004262e-18,-1.26713261983925
454.5,-5.42923965097912,-5.42923965097912,-1.26544456658358,-6.04400307520128e-18,-1.26544456658358
454.6,-6.03959118448897,-6.03959118448897,-1.26375876212472,-5.96572798180765e-18,-1.26375876212472
454.7,-5.26647924204316,-5.26647924204316,-1.26207520346687,-5.88846661891172e-18,-1.26207520346687
454.8,-5.46992975321311,-5.46992975321311,-1.26039388761819,-5.81220585782252e-18,-1.26039388761819
454.9,-4.08646627725744,-4.08646627725744,-1.25871481159087,-5.73693273987673e-18,-1.25871481159087
455,-2.66231269906777,-2.66231269906777,-1.25703797240103,-5.66263447423735e-18,-1.25703797240103
455.1,-3.8016355616195,-3.8016355616195,-1.25536336706881,-5.58929843571946e-18,-1.25536336706881
455.2,-4.45267719736335,-4.45267719736335,-1.25369099261831,-5.5169121626456e-18,-1.25369099261831
455.3,-4.94095842417123,-4.94095842417123,-1.25202084607756,-5.44546335472765e-18,-1.25202084607756
455.4,-4.77819801523526,-4.77819801523526,-1.25035292447859,-5.37493987097699e-18,-1.25035292447859
455.5,-4.41198709512936,-4.41198709512936,-1.24868722485738,-5.30532972764134e-18,-1.24868722485738
455.6,-4.41198709512935,-4.41198709512935,-1.24702374425383,-5.23662109616843e-18,-1.24702374425383
455.7,-4.98164852640523,-4.98164852640523,-1.2453624797118,-5.16880230119599e-18,-1.2453624797118
455.8,-4.61543760629931,-4.61543760629931,-1.2437034282791,-5.10186181856799e-18,-1.2437034282791
455.9,-3.06921372140767,-3.06921372140767,-1.24204658700746,-5.03578827337597e-18,-1.24204658700746
456,-2.70300280130176,-2.70300280130176,-1.24039195295254,-4.97057043802672e-18,-1.24039195295254
456.1,-3.23197413034363,-3.23197413034363,-1.23873952317392,-4.90619723033384e-18,-1.23873952317392
456.2,-1.44160963204805,-1.44160963204805,-1.2370892947351,-4.8426577116351e-18,-1.2370892947351
456.3,-3.3947345392796,-3.3947345392796,-1.23544126470349,-4.77994108493336e-18,-1.23544126470349
456.4,-3.47611474374757,-3.47611474374757,-1.2337954301504,-4.71803669306196e-18,-1.2337954301504
456.5,-3.84232566385349,-3.84232566385349,-1.23215178815107,-4.65693401687384e-18,-1.23215178815107
456.6,-4.85957821970325,-4.85957821970325,-1.2305103357846,-4.59662267345404e-18,-1.2305103357846
456.7,-3.96439597055546,-3.96439597055546,-1.22887107013401,-4.53709241435534e-18,-1.22887107013401
456.8,-3.15059392587565,-3.15059392587565,-1.22723398828617,-4.47833312385694e-18,-1.22723398828617
456.9,-2.70300280130175,-2.70300280130175,-1.22559908733188,-4.42033481724519e-18,-1.22559908733188
457,-2.78438300576974,-2.78438300576974,-1.22396636436577,-4.36308763911742e-18,-1.22396636436577
457.1,-3.63887515268354,-3.63887515268354,-1.22233581648638,-4.30658186170676e-18,-1.22233581648638
457.2,-3.19128402810963,-3.19128402810963,-1.22070744079607,-4.25080788322953e-18,-1.22070744079607
457.3,-3.72025535715152,-3.72025535715152,-1.2190812344011,-4.19575622625351e-18,-1.2190812344011
457.4,-5.51061985544709,-5.51061985544709,-1.21745719441158,-4.14141753608728e-18,-1.21745719441158
457.5,-2.86576321023772,-2.86576321023772,-1.21583531794144,-4.08778257919106e-18,-1.21583531794144
457.6,-3.63887515268353,-3.63887515268353,-1.21421560210848,-4.03484224160717e-18,-1.21421560210848
457.7,-4.61543760629931,-4.61543760629931,-1.21259804403435,-3.98258752741184e-18,-1.21259804403435
457.8,-5.34785944651115,-5.34785944651115,-1.2109826408445,-3.93100955718619e-18,-1.2109826408445
457.9,-4.41198709512935,-4.41198709512935,-1.20936938966824,-3.88009956650758e-18,-1.20936938966824
458,-2.41817208566383,-2.41817208566383,-1.20775828763869,-3.82984890446025e-18,-1.20775828763869
458.1,-1.80782055215396,-1.80782055215396,-1.20614933189279,-3.78024903216532e-18,-1.20614933189279
458.2,-2.66231269906776,-2.66231269906776,-1.2045425195713,-3.7312915213298e-18,-1.2045425195713
458.3,-3.27266423257762,-3.27266423257762,-1.20293784781878,-3.68296805281451e-18,-1.20293784781878
458.4,-4.85957821970325,-4.85957821970325,-1.2013353137836,-3.63527041522018e-18,-1.2013353137836
458.5,-4.69681781076729,-4.69681781076729,-1.19973491461793,-3.5881905034925e-18,-1.19973491461793
458.6,-4.2492266861934,-4.2492266861934,-1.19813664747774,-3.54172031754446e-18,-1.19813664747774
458.7,-4.45267719736335,-4.45267719736335,-1.19654050952277,-3.49585196089729e-18,-1.19654050952277
458.8,-5.30716934427714,-5.30716934427714,-1.19494649791655,-3.45057763933841e-18,-1.19494649791655
458.9,-4.41198709512936,-4.41198709512936,-1.19335460982641,-3.40588965959707e-18,-1.19335460982641
459,-4.90026832193724,-4.90026832193724,-1.19176484242342,-3.36178042803708e-18,-1.19176484242342
459.1,-5.02233862863922,-5.02233862863922,-1.19017719288244,-3.31824244936642e-18,-1.19017719288244
459.2,-3.67956525491753,-3.67956525491753,-1.1885916583821,-3.27526832536362e-18,-1.1885916583821
459.3,-4.2085365839594,-4.2085365839594,-1.18700823610476,-3.23285075362068e-18,-1.18700823610476
459.4,-3.72025535715151,-3.72025535715151,-1.18542692323657,-3.19098252630198e-18,-1.18542692323657
459.5,-4.37129699289537,-4.37129699289537,-1.1838477169674,-3.14965652891981e-18,-1.1838477169674
459.6,-5.55130995768109,-5.55130995768109,-1.18227061449087,-3.10886573912509e-18,-1.18227061449087
459.7,-4.69681781076729,-4.69681781076729,-1.18069561300434,-3.06860322551441e-18,-1.18069561300434
459.8,-3.55749494821555,-3.55749494821555,-1.17912270970892,-3.02886214645198e-18,-1.17912270970892
459.9,-3.76094545938551,-3.76094545938551,-1.17755190180942,-2.98963574890716e-18,-1.17755190180942
460,-4.49336729959734,-4.49336729959734,-1.1759831865144,-2.95091736730693e-18,-1.1759831865144
460.1,-3.63887515268353,-3.63887515268353,-1.17441656103611,-2.91270042240321e-18,-1.17441656103611
460.2,-4.28991678842739,-4.28991678842739,-1.17285202259055,-2.87497842015493e-18,-1.17285202259055
460.3,-4.37129699289537,-4.37129699289537,-1.17128956839739,-2.83774495062452e-18,-1.17128956839739
460.4,-3.51680484598157,-3.51680484598157,-1.16972919568004,-2.80099368688858e-18,-1.16972919568004
460.5,-2.41817208566382,-2.41817208566382,-1.16817090166559,-2.764718383963e-18,-1.16817090166559
460.6,-3.8016355616195,-3.8016355616195,-1.16661468358481,-2.7289128777415e-18,-1.16661468358481
460.7,-5.02233862863921,-5.02233862863921,-1.1650605386722,-2.69357108394845e-18,-1.1650605386722
460.8,-4.94095842417123,-4.94095842417123,-1.16350846416589,-2.65868699710483e-18,-1.16350846416589
460.9,-4.98164852640523,-4.98164852640523,-1.16195845730775,-2.62425468950779e-18,-1.16195845730775
461,-3.84232566385348,-3.84232566385348,-1.16041051534327,-2.59026831022338e-18,-1.16041051534327
461.1,-3.47611474374757,-3.47611474374757,-1.15886463552164,-2.55672208409236e-18,-1.15886463552164
461.2,-3.67956525491753,-3.67956525491753,-1.15732081509571,-2.52361031074878e-18,-1.15732081509571
461.3,-3.27266423257762,-3.27266423257762,-1.15577905132199,-2.49092736365145e-18,-1.15577905132199
461.4,-4.41198709512934,-4.41198709512934,-1.15423934146063,-2.45866768912768e-18,-1.15423934146063
461.5,-4.12715637949143,-4.12715637949143,-1.15270168277545,-2.42682580542979e-18,-1.15270168277545
461.6,-4.90026832193724,-4.90026832193724,-1.1511660725339,-2.39539630180336e-18,-1.1511660725339
461.7,-4.98164852640523,-4.98164852640523,-1.14963250800709,-2.36437383756807e-18,-1.14963250800709
461.8,-4.61543760629931,-4.61543760629931,-1.14810098646974,-2.33375314120998e-18,-1.14810098646974
461.9,-4.85957821970325,-4.85957821970325,-1.14657150520021,-2.30352900948585e-18,-1.14657150520021
462,-3.43542464151358,-3.43542464151358,-1.14504406148051,-2.27369630653899e-18,-1.14504406148051
462.1,-2.01127106332392,-2.01127106332392,-1.14351865259623,-2.24424996302647e-18,-1.14351865259623
462.2,-4.6561277085333,-4.6561277085333,-1.1419952758366,-2.21518497525778e-18,-1.1419952758366
462.3,-5.0630287308732,-5.0630287308732,-1.14047392849446,-2.1864964043446e-18,-1.14047392849446
462.4,-3.43542464151358,-3.43542464151358,-1.13895460786625,-2.1581793753614e-18,-1.13895460786625
462.5,-3.19128402810964,-3.19128402810964,-1.13743731125202,-2.13022907651731e-18,-1.13743731125202
462.6,-3.63887515268354,-3.63887515268354,-1.1359220359554,-2.10264075833817e-18,-1.1359220359554
462.7,-3.19128402810963,-3.19128402810963,-1.13440877928364,-2.0754097328598e-18,-1.13440877928364
462.8,-5.02233862863922,-5.02233862863922,-1.13289753854755,-2.04853137283113e-18,-1.13289753854755
462.9,-4.77819801523527,-4.77819801523527,-1.13138831106154,-2.02200111092805e-18,-1.13138831106154
463,-2.17403147225987,-2.17403147225987,-1.12988109414359,-1.99581443897725e-18,-1.12988109414359
463.1,-3.27266423257762,-3.27266423257762,-1.12837588511525,-1.9699669071902e-18,-1.12837588511525
463.2,-5.0630287308732,-5.0630287308732,-1.12687268130164,-1.94445412340697e-18,-1.12687268130164
463.3,-2.78438300576974,-2.78438300576974,-1.12537148003146,-1.91927175234999e-18,-1.12537148003146
463.4,-3.96439597055545,-3.96439597055545,-1.12387227863694,-1.8944155148872e-18,-1.12387227863694
463.5,-6.03959118448898,-6.03959118448898,-1.12237507445389,-1.86988118730513e-18,-1.12237507445389
463.6,-5.99890108225499,-5.99890108225499,-1.12087986482165,-1.84566460059095e-18,-1.12087986482165
463.7,-3.88301576608748,-3.88301576608748,-1.11938664708311,-1.82176163972428e-18,-1.11938664708311
463.8,-3.55749494821556,-3.55749494821556,-1.11789541858471,-1.79816824297777e-18,-1.11789541858471
463.9,-3.63887515268354,-3.63887515268354,-1.11640617667641,-1.77488040122698e-18,-1.11640617667641
464,-4.57474750406531,-4.57474750406531,-1.11491891871171,-1.75189415726914e-18,-1.11491891871171
464.1,-2.37748198342983,-2.37748198342983,-1.11343364204763,-1.72920560515065e-18,-1.11343364204763
464.2,-3.47611474374757,-3.47611474374757,-1.11195034404472,-1.70681088950343e-18,-1.11195034404472
464.3,-5.46992975321311,-5.46992975321311,-1.11046902206704,-1.68470620488981e-18,-1.11046902206704
464.4,-5.67338026438306,-5.67338026438306,-1.10898967348216,-1.66288779515576e-18,-1.10898967348216
464.5,-4.08646627725744,-4.08646627725744,-1.10751229566116,-1.64135195279278e-18,-1.10751229566116
464.6,-2.98783351693968,-2.98783351693968,-1.10603688597861,-1.62009501830777e-18,-1.10603688597861
464.7,-4.2085365839594,-4.2085365839594,-1.1045634418126,-1.59911337960131e-18,-1.1045634418126
464.8,-4.49336729959734,-4.49336729959734,-1.10309196054469,-1.57840347135377e-18,-1.10309196054469
464.9,-5.1037188331072,-5.1037188331072,-1.10162243955996,-1.5579617744195e-18,-1.10162243955996
465,-4.45267719736334,-4.45267719736334,-1.10015487624693,-1.53778481522887e-18,-1.10015487624693
465.1,-5.26647924204316,-5.26647924204316,-1.09868926799764,-1.51786916519798e-18,-1.09868926799764
465.2,-4.28991678842739,-4.28991678842739,-1.09722561220757,-1.49821144014606e-18,-1.09722561220757
465.3,-3.67956525491752,-3.67956525491752,-1.0957639062757,-1.47880829972048e-18,-1.0957639062757
465.4,-3.80163556161949,-3.80163556161949,-1.09430414760445,-1.45965644682899e-18,-1.09430414760445
465.5,-3.96439597055546,-3.96439597055546,-1.09284633359972,-1.44075262707965e-18,-1.09284633359972
465.6,-4.2085365839594,-4.2085365839594,-1.09139046167085,-1.42209362822762e-18,-1.09139046167085
465.7,-5.67338026438307,-5.67338026438307,-1.08993652923064,-1.40367627962951e-18,-1.08993652923064
465.8,-6.3244219001269,-6.3244219001269,-1.08848453369534,-1.38549745170448e-18,-1.08848453369534
465.9,-6.16166149119096,-6.16166149119096,-1.08703447248464,-1.36755405540249e-18,-1.08703447248464
466,-5.34785944651113,-5.34785944651113,-1.08558634302165,-1.34984304167937e-18,-1.08558634302165
466.1,-5.34785944651113,-5.34785944651113,-1.08414014273294,-1.33236140097874e-18,-1.08414014273294
466.2,-5.46992975321311,-5.46992975321311,-1.08269586904849,-1.31510616272056e-18,-1.08269586904849
466.3,-5.22578913980916,-5.22578913980916,-1.08125351940172,-1.29807439479645e-18,-1.08125351940172
466.4,-6.28373179789292,-6.28373179789292,-1.07981309122944,-1.2812632030713e-18,-1.07981309122944
466.5,-5.42923965097912,-5.42923965097912,-1.07837458197191,-1.26466973089163e-18,-1.07837458197191
466.6,-5.87683077555301,-5.87683077555301,-1.07693798907277,-1.24829115860006e-18,-1.07693798907277
466.7,-7.38236455821066,-7.38236455821066,-1.07550330997909,-1.23212470305625e-18,-1.07550330997909
466.8,-7.78926558055058,-7.78926558055058,-1.07407054214132,-1.21616761716395e-18,-1.07407054214132
466.9,-5.14440893534118,-5.14440893534118,-1.07263968301332,-1.20041718940417e-18,-1.07263968301332
467,-4.33060689066137,-4.33060689066137,-1.07121073005235,-1.18487074337448e-18,-1.07121073005235
467.1,-5.18509903757518,-5.18509903757518,-1.06978368071903,-1.16952563733415e-18,-1.06978368071903
467.2,-4.28991678842738,-4.28991678842738,-1.06835853247738,-1.15437926375532e-18,-1.06835853247738
467.3,-5.75476046885104,-5.75476046885104,-1.0669352827948,-1.13942904887988e-18,-1.0669352827948
467.4,-6.52787241129686,-6.52787241129686,-1.06551392914207,-1.12467245228209e-18,-1.06551392914207
467.5,-5.75476046885104,-5.75476046885104,-1.06409446899332,-1.11010696643699e-18,-1.06409446899332
467.6,-4.49336729959733,-4.49336729959733,-1.06267689982605,-1.09573011629419e-18,-1.06267689982605
467.7,-4.73750791300128,-4.73750791300128,-1.06126121912113,-1.08153945885739e-18,-1.06126121912113
467.8,-5.10371883310719,-5.10371883310719,-1.0598474243628,-1.0675325827692e-18,-1.0598474243628
467.9,-4.90026832193724,-4.90026832193724,-1.0584355130386,-1.05370710790142e-18,-1.0584355130386
468,-5.38854954874512,-5.38854954874512,-1.05702548263948,-1.04006068495056e-18,-1.05702548263948
468.1,-5.63269016214907,-5.63269016214907,-1.05561733065968,-1.02659099503865e-18,-1.05561733065968
468.2,-6.69063282023282,-6.69063282023282,-1.05421105459681,-1.01329574931923e-18,-1.05421105459681
468.3,-5.02233862863921,-5.02233862863921,-1.05280665195181,-1.00017268858838e-18,-1.05280665195181
468.4,-4.28991678842739,-4.28991678842739,-1.05140412022893,-9.87219582900818e-19,-1.05140412022893
468.5,-6.77201302470082,-6.77201302470082,-1.05000345693577,-9.74434231191022e-19,-1.05000345693577
468.6,-5.63269016214907,-5.63269016214907,-1.04860465958323,-9.61814460899139e-19,-1.04860465958323
468.7,-5.63269016214907,-5.63269016214907,-1.04720772568555,-9.49358127601904e-19,-1.04720772568555
468.8,-6.03959118448898,-6.03959118448898,-1.04581265276025,-9.37063114648165e-19,-1.04581265276025
468.9,-3.59818505044955,-3.59818505044955,-1.04441943832818,-9.2492733279925e-19,-1.04441943832818
469,-3.15059392587565,-3.15059392587565,-1.04302807991348,-9.12948719873946e-19,-1.04302807991348
469.1,-6.08028128672296,-6.08028128672296,-1.0416385750436,-9.01125240398078e-19,-1.0416385750436
469.2,-6.4058021045949,-6.4058021045949,-1.04025092124927,-8.89454885258623e-19,-1.04025092124927
469.3,-4.49336729959734,-4.49336729959734,-1.03886511606453,-8.77935671362346e-19,-1.03886511606453
469.4,-5.18509903757518,-5.18509903757518,-1.03748115702669,-8.66565641298747e-19,-1.03748115702669
469.5,-5.34785944651115,-5.34785944651115,-1.03609904167634,-8.55342863007544e-19,-1.03609904167634
469.6,-2.74369290353574,-2.74369290353574,-1.03471876755735,-8.44265429450266e-19,-1.03471876755735
469.7,-3.39473453927959,-3.39473453927959,-1.03334033221685,-8.3333145828629e-19,-1.03334033221685
469.8,-5.55130995768109,-5.55130995768109,-1.03196373320528,-8.22539091552916e-19,-1.03196373320528
469.9,-4.6561277085333,-4.6561277085333,-1.03058896807628,-8.11886495349683e-19,-1.03058896807628
470,-4.16784648172542,-4.16784648172542,-1.0292160343868,-8.01371859526735e-19,-1.0292160343868
470.1,-4.94095842417123,-4.94095842417123,-1.02784492969702,-7.90993397377228e-19,-1.02784492969702
470.2,-4.81888811746926,-4.81888811746926,-1.02647565157038,-7.8074934533372e-19,-1.02647565157038
470.3,-5.46992975321311,-5.46992975321311,-1.02510819757357,-7.70637962668524e-19,-1.02510819757357
470.4,-6.3651120023609,-6.3651120023609,-1.0237425652765,-7.60657531197851e-19,-1.0237425652765
470.5,-6.93477343363677,-6.93477343363677,-1.02237875225233,-7.50806354989926e-19,-1.02237875225233
470.6,-6.03959118448898,-6.03959118448898,-1.02101675607747,-7.41082760076725e-19,-1.02101675607747
470.7,-4.49336729959733,-4.49336729959733,-1.01965657433153,-7.314850941696e-19,-1.01965657433153
470.8,-4.16784648172542,-4.16784648172542,-1.01829820459737,-7.22011726378458e-19,-1.01829820459737
470.9,-6.16166149119096,-6.16166149119096,-1.01694164446104,-7.12661046934655e-19,-1.01694164446104
471,-5.83614067331902,-5.83614067331902,-1.01558689151184,-7.03431466917449e-19,-1.01558689151184
471.1,-5.22578913980916,-5.22578913980916,-1.01423394334226,-6.94321417984003e-19,-1.01423394334226
471.2,-5.30716934427715,-5.30716934427715,-1.012882797548,-6.85329352102879e-19,-1.012882797548
471.3,-4.12715637949143,-4.12715637949143,-1.01153345172796,-6.76453741291011e-19,-1.01153345172796
471.4,-4.41198709512935,-4.41198709512935,-1.01018590348426,-6.67693077354007e-19,-1.01018590348426
471.5,-6.56856251353085,-6.56856251353085,-1.00884015042218,-6.59045871629944e-19,-1.00884015042218
471.6,-6.16166149119094,-6.16166149119094,-1.00749619015022,-6.50510654736324e-19,-1.00749619015022
471.7,-4.49336729959734,-4.49336729959734,-1.00615402028005,-6.4208597632046e-19,-1.00615402028005
471.8,-4.2085365839594,-4.2085365839594,-1.00481363842653,-6.33770404812992e-19,-1.00481363842653
471.9,-3.96439597055545,-3.96439597055545,-1.00347504220769,-6.25562527184599e-19,-1.00347504220769
472,-3.92370586832147,-3.92370586832147,-1.00213822924474,-6.17460948705956e-19,-1.00213822924474
472.1,-4.73750791300128,-4.73750791300128,-1.00080319716205,-6.09464292710658e-19,-1.00080319716205
472.2,-5.83614067331902,-5.83614067331902,-0.999469943587172,-6.01571200361359e-19,-0.999469943587172
472.3,-4.37129699289537,-4.37129699289537,-0.998138466150794,-5.93780330418824e-19,-0.998138466150794
472.4,-3.96439597055546,-3.96439597055546,-0.99680876248678,-5.86090359014018e-19,-0.99680876248678
472.5,-4.6561277085333,-4.6561277085333,-0.995480830232138,-5.78499979423191e-19,-0.995480830232138
472.6,-5.10371883310719,-5.10371883310719,-0.994154667027027,-5.71007901845768e-19,-0.994154667027027
472.7,-5.55130995768109,-5.55130995768109,-0.992830270514746,-5.63612853185239e-19,-0.992830270514746
472.8,-5.22578913980916,-5.22578913980916,-0.991507638341738,-5.56313576832797e-19,-0.991507638341738
472.9,-3.84232566385349,-3.84232566385349,-0.990186768157578,-5.49108832453791e-19,-0.990186768157578
473,-2.9471434147057,-2.9471434147057,-0.988867657614975,-5.4199739577701e-19,-0.988867657614975
473.1,-2.82507310800373,-2.82507310800373,-0.987550304369761,-5.3497805838659e-19,-0.987550304369761
473.2,-4.33060689066137,-4.33060689066137,-0.986234706080895,-5.2804962751673e-19,-0.986234706080895
473.3,-4.33060689066137,-4.33060689066137,-0.984920860410454,-5.21210925848967e-19,-0.984920860410454
473.4,-4.77819801523527,-4.77819801523527,-0.983608765023625,-5.14460791312139e-19,-0.983608765023625
473.5,-4.6561277085333,-4.6561277085333,-0.982298417588713,-5.07798076884917e-19,-0.982298417588713
473.6,-3.06921372140767,-3.06921372140767,-0.980989815777121,-5.01221650400894e-19,-0.980989815777121
473.7,-2.86576321023771,-2.86576321023771,-0.979682957263362,-4.94730394356198e-19,-0.979682957263362
473.8,-3.84232566385349,-3.84232566385349,-0.978377839725042,-4.88323205719619e-19,-0.978377839725042
473.9,-4.33060689066137,-4.33060689066137,-0.977074460842861,-4.81998995745135e-19,-0.977074460842861
474,-3.31335433481161,-3.31335433481161,-0.975772818300612,-4.75756689786958e-19,-0.975772818300612
474.1,-2.82507310800373,-2.82507310800373,-0.974472909785169,-4.69595227116872e-19,-0.974472909785169
474.2,-4.90026832193724,-4.90026832193724,-0.973174732986492,-4.63513560744035e-19,-0.973174732986492
474.3,-3.96439597055546,-3.96439597055546,-0.971878285597615,-4.57510657237034e-19,-0.971878285597615
474.4,-3.3947345392796,-3.3947345392796,-0.970583565314648,-4.51585496548293e-19,-0.970583565314648
474.5,-3.10990382364166,-3.10990382364166,-0.969290569836768,-4.45737071840741e-19,-0.969290569836768
474.6,-3.63887515268354,-3.63887515268354,-0.967999296866219,-4.39964389316721e-19,-0.967999296866219
474.7,-1.56367993875002,-1.56367993875002,-0.966709744108302,-4.34266468049117e-19,-0.966709744108302
474.8,-1.68575024545199,-1.68575024545199,-0.965421909271382,-4.28642339814682e-19,-0.965421909271382
474.9,-3.31335433481161,-3.31335433481161,-0.964135790066871,-4.23091048929484e-19,-0.964135790066871
475,-3.80163556161949,-3.80163556161949,-0.962851384209231,-4.17611652086549e-19,-0.962851384209231
475.1,-3.55749494821556,-3.55749494821556,-0.961568689415971,-4.12203218195527e-19,-0.961568689415971
475.2,-3.76094545938551,-3.76094545938551,-0.960287703407637,-4.06864828224517e-19,-0.960287703407637
475.3,-3.7609454593855,-3.7609454593855,-0.959008423907818,-4.01595575043868e-19,-0.959008423907818
475.4,-2.66231269906776,-2.66231269906776,-0.957730848643126,-3.96394563272049e-19,-0.957730848643126
475.5,-3.7609454593855,-3.7609454593855,-0.956454975343211,-3.91260909123501e-19,-0.956454975343211
475.6,-5.0630287308732,-5.0630287308732,-0.955180801740741,-3.86193740258452e-19,-0.955180801740741
475.7,-4.73750791300128,-4.73750791300128,-0.953908325571409,-3.81192195634689e-19,-0.953908325571409
475.8,-4.2085365839594,-4.2085365839594,-0.952637544573921,-3.76255425361252e-19,-0.952637544573921
475.9,-2.78438300576973,-2.78438300576973,-0.951368456489996,-3.71382590553992e-19,-0.951368456489996
476,-3.19128402810963,-3.19128402810963,-0.950101059064367,-3.66572863193058e-19,-0.950101059064367
476.1,-2.82507310800372,-2.82507310800372,-0.948835350044761,-3.61825425982155e-19,-0.948835350044761
476.2,-3.02852361917368,-3.02852361917368,-0.947571327181915,-3.57139472209704e-19,-0.947571327181915
476.3,-3.15059392587565,-3.15059392587565,-0.946308988229557,-3.52514205611733e-19,-0.946308988229557
476.4,-4.33060689066137,-4.33060689066137,-0.94504833094441,-3.4794884023658e-19,-0.94504833094441
476.5,-3.55749494821556,-3.55749494821556,-0.943789353086184,-3.43442600311344e-19,-0.943789353086184
476.6,-2.45886218789781,-2.45886218789781,-0.942532052417574,-3.38994720110054e-19,-0.942532052417574
476.7,-2.9878335169397,-2.9878335169397,-0.941276426704255,-3.34604443823556e-19,-0.941276426704255
476.8,-2.82507310800373,-2.82507310800373,-0.940022473714881,-3.3027102543109e-19,-0.940022473714881
476.9,-2.9471434147057,-2.9471434147057,-0.938770191221076,-3.25993728573497e-19,-0.938770191221076
477,-3.19128402810964,-3.19128402810964,-0.937519576997432,-3.21771826428127e-19,-0.937519576997432
477.1,-4.28991678842739,-4.28991678842739,-0.936270628821508,-3.17604601585298e-19,-0.936270628821508
477.2,-5.10371883310719,-5.10371883310719,-0.935023344473821,-3.13491345926422e-19,-0.935023344473821
477.3,-5.1444089353412,-5.1444089353412,-0.93377772173785,-3.09431360503654e-19,-0.93377772173785
477.4,-4.85957821970325,-4.85957821970325,-0.932533758400019,-3.05423955421131e-19,-0.932533758400019
477.5,-2.9471434147057,-2.9471434147057,-0.931291452249708,-3.01468449717745e-19,-0.931291452249708
477.6,-2.54024239236579,-2.54024239236579,-0.930050801079237,-2.97564171251424e-19,-0.930050801079237
477.7,-2.33679188119584,-2.33679188119584,-0.92881180268387,-2.93710456584917e-19,-0.92881180268387
477.8,-5.22578913980917,-5.22578913980917,-0.927574454861808,-2.89906650873072e-19,-0.927574454861808
477.9,-5.5106198554471,-5.5106198554471,-0.926338755414182,-2.86152107751537e-19,-0.926338755414182
478,-5.0630287308732,-5.0630287308732,-0.925104702145058,-2.82446189226954e-19,-0.925104702145058
478.1,-4.37129699289537,-4.37129699289537,-0.92387229286142,-2.7878826556852e-19,-0.92387229286142
478.2,-3.88301576608747,-3.88301576608747,-0.922641525373181,-2.75177715201006e-19,-0.922641525373181
478.3,-3.39473453927959,-3.39473453927959,-0.921412397493167,-2.71613924599115e-19,-0.921412397493167
478.4,-4.45267719736335,-4.45267719736335,-0.920184907037118,-2.68096288183237e-19,-0.920184907037118
478.5,-3.63887515268354,-3.63887515268354,-0.918959051823686,-2.64624208216545e-19,-0.918959051823686
478.6,-3.8016355616195,-3.8016355616195,-0.917734829674427,-2.61197094703424e-19,-0.917734829674427
478.7,-2.9878335169397,-2.9878335169397,-0.9165122384138,-2.57814365289213e-19,-0.9165122384138
478.8,-4.45267719736334,-4.45267719736334,-0.915291275869161,-2.54475445161257e-19,-0.915291275869161
478.9,-3.88301576608748,-3.88301576608748,-0.914071939870763,-2.5117976695121e-19,-0.914071939870763
479,-3.55749494821556,-3.55749494821556,-0.912854228251747,-2.47926770638658e-19,-0.912854228251747
479.1,-3.02852361917368,-3.02852361917368,-0.911638138848141,-2.4471590345592e-19,-0.911638138848141
479.2,-3.67956525491753,-3.67956525491753,-0.910423669498856,-2.4154661979415e-19,-0.910423669498856
479.3,-5.14440893534118,-5.14440893534118,-0.909210818045685,-2.38418381110607e-19,-0.909210818045685
479.4,-3.43542464151358,-3.43542464151358,-0.907999582333289,-2.35330655837143e-19,-0.907999582333289
479.5,-2.82507310800372,-2.82507310800372,-0.906789960209209,-2.32282919289884e-19,-0.906789960209209
479.6,-2.58093249459978,-2.58093249459978,-0.905581949523846,-2.29274653580066e-19,-0.905581949523846
479.7,-3.31335433481161,-3.31335433481161,-0.904375548130469,-2.26305347526035e-19,-0.904375548130469
479.8,-3.72025535715151,-3.72025535715151,-0.903170753885206,-2.23374496566387e-19,-0.903170753885206
479.9,-4.85957821970325,-4.85957821970325,-0.90196756464704,-2.20481602674218e-19,-0.90196756464704
480,-4.61543760629931,-4.61543760629931,-0.900765978277808,-2.17626174272518e-19,-0.900765978277808
480.1,-5.63269016214907,-5.63269016214907,-0.899565992642193,-2.14807726150613e-19,-0.899565992642193
480.2,-5.38854954874512,-5.38854954874512,-0.898367605607724,-2.1202577938174e-19,-0.898367605607724
480.3,-4.94095842417123,-4.94095842417123,-0.897170815044773,-2.09279861241649e-19,-0.897170815044773
480.4,-5.71407036661705,-5.71407036661705,-0.895975618826544,-2.06569505128279e-19,-0.895975618826544
480.5,-5.02233862863922,-5.02233862863922,-0.894782014829079,-2.03894250482474e-19,-0.894782014829079
480.6,-4.73750791300128,-4.73750791300128,-0.893590000931247,-2.01253642709718e-19,-0.893590000931247
480.7,-4.37129699289537,-4.37129699289537,-0.892399575014743,-1.98647233102887e-19,-0.892399575014743
480.8,-3.67956525491752,-3.67956525491752,-0.891210734964086,-1.96074578766012e-19,-0.891210734964086
480.9,-3.3540444370456,-3.3540444370456,-0.890023478666609,-1.93535242538999e-19,-0.890023478666609
481,-5.30716934427714,-5.30716934427714,-0.888837804012465,-1.91028792923371e-19,-0.888837804012465
481.1,-4.94095842417123,-4.94095842417123,-0.887653708894612,-1.8855480400892e-19,-0.887653708894612
481.2,-3.47611474374757,-3.47611474374757,-0.886471191208819,-1.86112855401353e-19,-0.886471191208819
481.3,-2.70300280130176,-2.70300280130176,-0.885290248853658,-1.83702532150846e-19,-0.885290248853658
481.4,-2.58093249459978,-2.58093249459978,-0.884110879730497,-1.81323424681534e-19,-0.884110879730497
481.5,-5.18509903757518,-5.18509903757518,-0.882933081743505,-1.78975128721919e-19,-0.882933081743505
481.6,-5.30716934427714,-5.30716934427714,-0.881756852799637,-1.76657245236166e-19,-0.881756852799637
481.7,-4.85957821970325,-4.85957821970325,-0.880582190808642,-1.74369380356305e-19,-0.880582190808642
481.8,-4.85957821970326,-4.85957821970326,-0.87940909368305,-1.72111145315298e-19,-0.87940909368305
481.9,-4.77819801523527,-4.77819801523527,-0.878237559338174,-1.69882156380973e-19,-0.878237559338174
482,-3.3540444370456,-3.3540444370456,-0.877067585692102,-1.67682034790833e-19,-0.877067585692102
482.1,-3.15059392587565,-3.15059392587565,-0.875899170665696,-1.65510406687673e-19,-0.875899170665696
482.2,-5.10371883310719,-5.10371883310719,-0.874732312182591,-1.63366903056073e-19,-0.874732312182591
482.3,-4.49336729959733,-4.49336729959733,-0.873567008169185,-1.61251159659679e-19,-0.873567008169185
482.4,-5.0630287308732,-5.0630287308732,-0.872403256554638,-1.59162816979315e-19,-0.872403256554638
482.5,-5.71407036661706,-5.71407036661706,-0.87124105527087,-1.57101520151892e-19,-0.87124105527087
482.6,-5.63269016214907,-5.63269016214907,-0.870080402252555,-1.55066918910105e-19,-0.870080402252555
482.7,-6.73132292246681,-6.73132292246681,-0.868921295437121,-1.53058667522914e-19,-0.868921295437121
482.8,-6.03959118448898,-6.03959118448898,-0.867763732764741,-1.51076424736802e-19,-0.867763732764741
482.9,-6.16166149119094,-6.16166149119094,-0.866607712178332,-1.49119853717774e-19,-0.866607712178332
483,-6.03959118448897,-6.03959118448897,-0.865453231623555,-1.47188621994136e-19,-0.865453231623555
483.1,-5.67338026438306,-5.67338026438306,-0.864300289048803,-1.45282401399982e-19,-0.864300289048803
483.2,-6.16166149119096,-6.16166149119096,-0.863148882405204,-1.43400868019449e-19,-0.863148882405204
483.3,-5.87683077555302,-5.87683077555302,-0.861999009646618,-1.41543702131661e-19,-0.861999009646618
483.4,-5.10371883310719,-5.10371883310719,-0.860850668729626,-1.39710588156406e-19,-0.860850668729626
483.5,-5.30716934427714,-5.30716934427714,-0.859703857613537,-1.3790121460051e-19,-0.859703857613537
483.6,-4.69681781076729,-4.69681781076729,-0.858558574260371,-1.36115274004908e-19,-0.858558574260371
483.7,-3.67956525491753,-3.67956525491753,-0.857414816634871,-1.34352462892393e-19,-0.857414816634871
483.8,-3.80163556161949,-3.80163556161949,-0.856272582704486,-1.32612481716058e-19,-0.856272582704486
483.9,-5.38854954874513,-5.38854954874513,-0.855131870439375,-1.30895034808381e-19,-0.855131870439375
484,-4.45267719736334,-4.45267719736334,-0.853992677812401,-1.29199830331001e-19,-0.853992677812401
484.1,-4.33060689066137,-4.33060689066137,-0.852855002799125,-1.27526580225107e-19,-0.852855002799125
484.2,-4.12715637949142,-4.12715637949142,-0.851718843377809,-1.25875000162507e-19,-0.851718843377809
484.3,-2.82507310800372,-2.82507310800372,-0.850584197529406,-1.24244809497306e-19,-0.850584197529406
484.4,-2.17403147225987,-2.17403147225987,-0.849451063237558,-1.22635731218213e-19,-0.849451063237558
484.5,-3.51680484598156,-3.51680484598156,-0.848319438488596,-1.21047491901478e-19,-0.848319438488596
484.6,-5.38854954874513,-5.38854954874513,-0.84718932127153,-1.19479821664425e-19,-0.84718932127153
484.7,-5.87683077555301,-5.87683077555301,-0.84606070957805,-1.17932454119591e-19,-0.84606070957805
484.8,-3.27266423257762,-3.27266423257762,-0.844933601402526,-1.16405126329468e-19,-0.844933601402526
484.9,-3.02852361917368,-3.02852361917368,-0.843807994741992,-1.14897578761809e-19,-0.843807994741992
485,-3.76094545938551,-3.76094545938551,-0.842683887596157,-1.13409555245544e-19,-0.842683887596157
485.1,-4.41198709512935,-4.41198709512935,-0.841561277967391,-1.11940802927233e-19,-0.841561277967391
485.2,-4.00508607278945,-4.00508607278945,-0.840440163860726,-1.10491072228114e-19,-0.840440163860726
485.3,-3.27266423257762,-3.27266423257762,-0.839320543283854,-1.09060116801684e-19,-0.839320543283854
485.4,-2.82507310800373,-2.82507310800373,-0.838202414247117,-1.07647693491842e-19,-0.838202414247117
485.5,-3.31335433481161,-3.31335433481161,-0.837085774763511,-1.06253562291569e-19,-0.837085774763511
485.6,-3.55749494821556,-3.55749494821556,-0.835970622848677,-1.04877486302147e-19,-0.835970622848677
485.7,-2.9878335169397,-2.9878335169397,-0.8348569565209,-1.035192316929e-19,-0.8348569565209
485.8,-2.25541167672785,-2.25541167672785,-0.833744773801107,-1.02178567661467e-19,-0.833744773801107
485.9,-2.4995522901318,-2.4995522901318,-0.832634072712859,-1.00855266394572e-19,-0.832634072712859
486,-4.49336729959734,-4.49336729959734,-0.83152485128235,-9.95491030293245e-20,-0.83152485128235
486.1,-5.22578913980917,-5.22578913980917,-0.830417107538405,-9.82598556149994e-20,-0.830417107538405
486.2,-4.98164852640523,-4.98164852640523,-0.829310839512474,-9.69873050753303e-20,-0.829310839512474
486.3,-3.88301576608748,-3.88301576608748,-0.828206045238631,-9.57312351712767e-20,-0.828206045238631
486.4,-3.59818505044954,-3.59818505044954,-0.827102722753566,-9.44914324642819e-20,-0.827102722753566
486.5,-4.69681781076729,-4.69681781076729,-0.826000870096586,-9.32676862800043e-20,-0.826000870096586
486.6,-5.26647924204315,-5.26647924204315,-0.824900485309611,-9.20597886725181e-20,-0.824900485309611
486.7,-3.67956525491752,-3.67956525491752,-0.823801566437169,-9.08675343889772e-20,-0.823801566437169
486.8,-4.16784648172542,-4.16784648172542,-0.822704111526393,-8.9690720834741e-20,-0.822704111526393
486.9,-4.98164852640523,-4.98164852640523,-0.821608118627015,-8.8529148038941e-20,-0.821608118627015
487,-4.94095842417123,-4.94095842417123,-0.820513585791371,-8.73826186205105e-20,-0.820513585791371
487.1,-4.57474750406532,-4.57474750406532,-0.819420511074384,-8.6250937754634e-20,-0.819420511074384
487.2,-5.34785944651115,-5.34785944651115,-0.818328892533576,-8.51339131396505e-20,-0.818328892533576
487.3,-4.90026832193724,-4.90026832193724,-0.817238728229051,-8.40313549643726e-20,-0.817238728229051
487.4,-2.45886218789781,-2.45886218789781,-0.8161500162235,-8.29430758758293e-20,-0.8161500162235
487.5,-3.47611474374758,-3.47611474374758,-0.815062754582194,-8.1868890947438e-20,-0.815062754582194
487.6,-5.18509903757518,-5.18509903757518,-0.813976941372981,-8.08086176475715e-20,-0.813976941372981
487.7,-5.59200005991508,-5.59200005991508,-0.812892574666285,-7.97620758085498e-20,-0.812892574666285
487.8,-3.92370586832147,-3.92370586832147,-0.811809652535098,-7.87290875960188e-20,-0.811809652535098
487.9,-2.09265126779189,-2.09265126779189,-0.81072817305498,-7.77094774787343e-20,-0.81072817305498
488,-2.62162259683377,-2.62162259683377,-0.809648134304056,-7.67030721987344e-20,-0.809648134304056
488.1,-4.90026832193724,-4.90026832193724,-0.80856953436301,-7.57097007418984e-20,-0.80856953436301
488.2,-3.19128402810963,-3.19128402810963,-0.807492371315081,-7.47291943088864e-20,-0.807492371315081
488.3,-3.55749494821555,-3.55749494821555,-0.806416643246067,-7.3761386286459e-20,-0.806416643246067
488.4,-4.61543760629931,-4.61543760629931,-0.80534234824431,-7.28061122191593e-20,-0.80534234824431
488.5,-4.45267719736335,-4.45267719736335,-0.804269484400704,-7.18632097813758e-20,-0.804269484400704
488.6,-5.06302873087321,-5.06302873087321,-0.803198049808681,-7.09325187497503e-20,-0.803198049808681
488.7,-3.72025535715152,-3.72025535715152,-0.802128042564216,-7.00138809759605e-20,-0.802128042564216
488.8,-3.51680484598157,-3.51680484598157,-0.801059460765822,-6.91071403598397e-20,-0.801059460765822
488.9,-2.78438300576974,-2.78438300576974,-0.79999230251454,-6.8212142822855e-20,-0.79999230251454
489,-3.63887515268353,-3.63887515268353,-0.798926565913948,-6.73287362819242e-20,-0.798926565913948
489.1,-4.33060689066137,-4.33060689066137,-0.797862249070142,-6.64567706235733e-20,-0.797862249070142
489.2,-1.60437004098402,-1.60437004098402,-0.796799350091748,-6.55960976784278e-20,-0.796799350091748
489.3,-2.0926512677919,-2.0926512677919,-0.795737867089908,-6.47465711960372e-20,-0.795737867089908
489.4,-3.55749494821555,-3.55749494821555,-0.794677798178282,-6.39080468200182e-20,-0.794677798178282
489.5,-3.92370586832147,-3.92370586832147,-0.793619141473043,-6.3080382063532e-20,-0.793619141473043
489.6,-3.92370586832147,-3.92370586832147,-0.79256189509287,-6.22634362850642e-20,-0.79256189509287
489.7,-4.28991678842738,-4.28991678842738,-0.791506057158953,-6.1457070664534e-20,-0.791506057158953
489.8,-3.55749494821556,-3.55749494821556,-0.790451625794984,-6.06611481796988e-20,-0.790451625794984
489.9,-2.25541167672786,-2.25541167672786,-0.789398599127152,-5.98755335828742e-20,-0.789398599127152
490,-2.54024239236579,-2.54024239236579,-0.788346975284144,-5.91000933779506e-20,-0.788346975284144
490.1,-5.22578913980916,-5.22578913980916,-0.787296752397141,-5.83346957977091e-20,-0.787296752397141
490.2,-5.4699297532131,-5.4699297532131,-0.78624792859981,-5.75792107814304e-20,-0.78624792859981
490.3,-5.0630287308732,-5.0630287308732,-0.78520050202831,-5.68335099527962e-20,-0.78520050202831
490.4,-4.90026832193724,-4.90026832193724,-0.784154470821278,-5.60974665980702e-20,-0.784154470821278
490.5,-3.27266423257762,-3.27266423257762,-0.783109833119832,-5.53709556445725e-20,-0.783109833119832
490.6,-4.53405740183134,-4.53405740183134,-0.782066587067568,-5.46538536394198e-20,-0.782066587067568
490.7,-5.71407036661705,-5.71407036661705,-0.781024730810552,-5.39460387285538e-20,-0.781024730810552
490.8,-5.51061985544709,-5.51061985544709,-0.779984262497324,-5.32473906360306e-20,-0.779984262497324
490.9,-4.57474750406532,-4.57474750406532,-0.778945180278885,-5.25577906435846e-20,-0.778945180278885
491,-1.07539871194213,-1.07539871194213,-0.777907482308706,-5.1877121570455e-20,-0.777907482308706
491.1,-2.17403147225988,-2.17403147225988,-0.77687116674271,-5.12052677534738e-20,-0.77687116674271
491.2,-3.84232566385348,-3.84232566385348,-0.775836231739285,-5.05421150274111e-20,-0.775836231739285
491.3,-3.55749494821555,-3.55749494821555,-0.774802675459266,-4.98875507055774e-20,-0.774802675459266
491.4,-3.3540444370456,-3.3540444370456,-0.77377049606594,-4.92414635606713e-20,-0.77377049606594
491.5,-5.42923965097912,-5.42923965097912,-0.772739691725043,-4.86037438058844e-20,-0.772739691725043
491.6,-4.77819801523527,-4.77819801523527,-0.77171026060475,-4.79742830762402e-20,-0.77171026060475
491.7,-4.00508607278945,-4.00508607278945,-0.770682200875682,-4.73529744101853e-20,-0.770682200875682
491.8,-4.57474750406532,-4.57474750406532,-0.769655510710892,-4.67397122314099e-20,-0.769655510710892
491.9,-3.23197413034363,-3.23197413034363,-0.768630188285871,-4.61343923309094e-20,-0.768630188285871
492,-2.66231269906776,-2.66231269906776,-0.767606231778536,-4.55369118492768e-20,-0.767606231778536
492.1,-3.27266423257762,-3.27266423257762,-0.766583639369236,-4.49471692592235e-20,-0.766583639369236
492.2,-5.51061985544709,-5.51061985544709,-0.765562409240741,-4.43650643483272e-20,-0.765562409240741
492.3,-6.12097138895695,-6.12097138895695,-0.764542539578243,-4.3790498202005e-20,-0.764542539578243
492.4,-4.81888811746926,-4.81888811746926,-0.763524028569352,-4.32233731867016e-20,-0.763524028569352
492.5,-3.84232566385349,-3.84232566385349,-0.762506874404092,-4.26635929333035e-20,-0.762506874404092
492.6,-3.55749494821555,-3.55749494821555,-0.761491075274898,-4.21110623207587e-20,-0.761491075274898
492.7,-4.28991678842738,-4.28991678842738,-0.760476629376612,-4.15656874599174e-20,-0.760476629376612
492.8,-3.3540444370456,-3.3540444370456,-0.759463534906485,-4.10273756775748e-20,-0.759463534906485
492.9,-3.47611474374758,-3.47611474374758,-0.758451790064163,-4.04960355007251e-20,-0.758451790064163
493,-4.77819801523527,-4.77819801523527,-0.757441393051697,-3.99715766410172e-20,-0.757441393051697
493.1,-3.7609454593855,-3.7609454593855,-0.756432342073528,-3.94539099794128e-20,-0.756432342073528
493.2,-1.76713044991997,-1.76713044991997,-0.755424635336493,-3.89429475510422e-20,-0.755424635336493
493.3,-2.90645331247171,-2.90645331247171,-0.754418271049815,-3.84386025302585e-20,-0.754418271049815
493.4,-3.88301576608748,-3.88301576608748,-0.753413247425104,-3.79407892158802e-20,-0.753413247425104
493.5,-3.02852361917368,-3.02852361917368,-0.752409562676352,-3.74494230166331e-20,-0.752409562676352
493.6,-2.41817208566382,-2.41817208566382,-0.75140721501993,-3.69644204367712e-20,-0.75140721501993
493.7,-4.2085365839594,-4.2085365839594,-0.750406202674587,-3.64856990618928e-20,-0.750406202674587
493.8,-3.10990382364166,-3.10990382364166,-0.749406523861443,-3.60131775449333e-20,-0.749406523861443
493.9,-2.9878335169397,-2.9878335169397,-0.748408176803987,-3.55467755923438e-20,-0.748408176803987
494,-4.04577617502344,-4.04577617502344,-0.747411159728077,-3.50864139504463e-20,-0.747411159728077
494.1,-2.58093249459979,-2.58093249459979,-0.746415470861934,-3.46320143919671e-20,-0.746415470861934
494.2,-3.51680484598156,-3.51680484598156,-0.745421108436137,-3.41834997027432e-20,-0.745421108436137
494.3,-3.59818505044954,-3.59818505044954,-0.744428070683627,-3.37407936686032e-20,-0.744428070683627
494.4,-2.21472157449387,-2.21472157449387,-0.743436355839692,-3.3303821062414e-20,-0.743436355839692
494.5,-1.15677891641011,-1.15677891641011,-0.742445962141979,-3.28725076313008e-20,-0.742445962141979
494.6,-2.66231269906776,-2.66231269906776,-0.741456887830475,-3.24467800840264e-20,-0.741456887830475
494.7,-1.40091952981406,-1.40091952981406,-0.740469131147518,-3.20265660785405e-20,-0.740469131147518
494.8,-0.465047178432276,-0.465047178432276,-0.739482690337785,-3.16117942096841e-20,-0.739482690337785
494.9,-1.97058096108993,-1.97058096108993,-0.738497563648288,-3.12023939970575e-20,-0.738497563648288
495,-3.43542464151358,-3.43542464151358,-0.737513749328382,-3.07982958730433e-20,-0.737513749328382
495.1,-3.59818505044954,-3.59818505044954,-0.736531245629747,-3.03994311709854e-20,-0.736531245629747
495.2,-3.55749494821556,-3.55749494821556,-0.735550050806396,-3.00057321135203e-20,-0.735550050806396
495.3,-3.47611474374757,-3.47611474374757,-0.734570163114666,-2.96171318010609e-20,-0.734570163114666
495.4,-2.29610177896185,-2.29610177896185,-0.733591580813218,-2.92335642004267e-20,-0.733591580813218
495.5,-1.645060143218,-1.645060143218,-0.732614302163033,-2.88549641336258e-20,-0.732614302163033
495.6,-2.54024239236578,-2.54024239236578,-0.731638325427408,-2.84812672667764e-20,-0.731638325427408
495.7,-2.62162259683377,-2.62162259683377,-0.730663648871954,-2.81124100991778e-20,-0.730663648871954
495.8,-3.06921372140767,-3.06921372140767,-0.729690270764592,-2.77483299525178e-20,-0.729690270764592
495.9,-4.73750791300128,-4.73750791300128,-0.72871818937555,-2.73889649602228e-20,-0.72871818937555
496,-2.54024239236579,-2.54024239236579,-0.727747402977363,-2.70342540569453e-20,-0.727747402977363
496.1,-2.01127106332391,-2.01127106332391,-0.726777909844865,-2.66841369681872e-20,-0.726777909844865
496.2,-1.27884922311209,-1.27884922311209,-0.725809708255186,-2.63385542000572e-20,-0.725809708255186
496.3,-1.31953932534607,-1.31953932534607,-0.724842796487759,-2.59974470291624e-20,-0.724842796487759
496.4,-2.86576321023772,-2.86576321023772,-0.723877172824299,-2.56607574926275e-20,-0.723877172824299
496.5,-2.9471434147057,-2.9471434147057,-0.722912835548818,-2.53284283782485e-20,-0.722912835548818
496.6,-3.31335433481161,-3.31335433481161,-0.72194978294761,-2.50004032147676e-20,-0.72194978294761
496.7,-4.57474750406531,-4.57474750406531,-0.720988013309252,-2.467662626228e-20,-0.720988013309252
496.8,-4.45267719736334,-4.45267719736334,-0.720027524924605,-2.43570425027606e-20,-0.720027524924605
496.9,-4.12715637949142,-4.12715637949142,-0.719068316086801,-2.40415976307156e-20,-0.719068316086801
497,-4.61543760629931,-4.61543760629931,-0.718110385091251,-2.37302380439547e-20,-0.718110385091251
497.1,-4.2085365839594,-4.2085365839594,-0.717153730235632,-2.34229108344824e-20,-0.717153730235632
497.2,-2.62162259683377,-2.62162259683377,-0.716198349819893,-2.31195637795076e-20,-0.716198349819893
497.3,-2.62162259683377,-2.62162259683377,-0.715244242146247,-2.28201453325705e-20,-0.715244242146247
497.4,-4.81888811746926,-4.81888811746926,-0.714291405519165,-2.25246046147815e-20,-0.714291405519165
497.5,-4.57474750406531,-4.57474750406531,-0.713339838245383,-2.22328914061781e-20,-0.713339838245383
497.6,-3.3947345392796,-3.3947345392796,-0.712389538633886,-2.19449561371888e-20,-0.712389538633886
497.7,-2.4995522901318,-2.4995522901318,-0.711440504995918,-2.16607498802123e-20,-0.711440504995918
497.8,-2.33679188119584,-2.33679188119584,-0.710492735644969,-2.13802243413015e-20,-0.710492735644969
497.9,-3.31335433481161,-3.31335433481161,-0.709546228896776,-2.1103331851958e-20,-0.709546228896776
498,-4.12715637949142,-4.12715637949142,-0.70860098306932,-2.08300253610321e-20,-0.70860098306932
498.1,-2.78438300576973,-2.78438300576973,-0.707656996482825,-2.05602584267271e-20,-0.707656996482825
498.2,-3.51680484598156,-3.51680484598156,-0.706714267459749,-2.02939852087082e-20,-0.706714267459749
498.3,-3.39473453927959,-3.39473453927959,-0.705772794324788,-2.0031160460313e-20,-0.705772794324788
498.4,-1.92989085885594,-1.92989085885594,-0.704832575404867,-1.97717395208618e-20,-0.704832575404867
498.5,-0.871948200772188,-0.871948200772188,-0.703893609029143,-1.95156783080707e-20,-0.703893609029143
498.6,-1.52298983651602,-1.52298983651602,-0.702955893528996,-1.92629333105586e-20,-0.702955893528996
498.7,-3.67956525491753,-3.67956525491753,-0.70201942723803,-1.90134615804554e-20,-0.70201942723803
498.8,-4.16784648172542,-4.16784648172542,-0.701084208492071,-1.8767220726103e-20,-0.701084208492071
498.9,-3.8016355616195,-3.8016355616195,-0.700150235629157,-1.85241689048519e-20,-0.700150235629157
499,-3.59818505044954,-3.59818505044954,-0.699217506989547,-1.82842648159517e-20,-0.699217506989547
499.1,-4.08646627725743,-4.08646627725743,-0.698286020915702,-1.80474676935321e-20,-0.698286020915702
499.2,-3.72025535715152,-3.72025535715152,-0.697355775752301,-1.78137372996766e-20,-0.697355775752301
499.3,-2.86576321023772,-2.86576321023772,-0.696426769846221,-1.7583033917585e-20,-0.696426769846221
499.4,-3.84232566385349,-3.84232566385349,-0.695499001546545,-1.73553183448233e-20,-0.695499001546545
499.5,-3.67956525491753,-3.67956525491753,-0.694572469204553,-1.71305518866641e-20,-0.694572469204553
499.6,-3.51680484598157,-3.51680484598157,-0.693647171173723,-1.69086963495093e-20,-0.693647171173723
499.7,-3.84232566385349,-3.84232566385349,-0.692723105809726,-1.66897140344022e-20,-0.692723105809726
499.8,-3.67956525491753,-3.67956525491753,-0.691800271470424,-1.64735677306195e-20,-0.691800271470424
499.9,-3.31335433481161,-3.31335433481161,-0.690878666515865,-1.62602207093496e-20,-0.690878666515865
500,-3.76094545938551,-3.76094545938551,-0.689958289308283,-1.60496367174506e-20,-0.689958289308283
500.1,-2.33679188119584,-2.33679188119584,-0.689039138212095,-1.58417799712906e-20,-0.689039138212095
500.2,-0.749877894070216,-0.749877894070216,-0.688121211593894,-1.56366151506666e-20,-0.688121211593894
500.3,-3.88301576608748,-3.88301576608748,-0.687204507822451,-1.54341073928033e-20,-0.687204507822451
500.4,-5.46992975321311,-5.46992975321311,-0.68628902526871,-1.52342222864279e-20,-0.68628902526871
500.5,-3.43542464151358,-3.43542464151358,-0.685374762305785,-1.50369258659245e-20,-0.685374762305785
500.6,-4.37129699289537,-4.37129699289537,-0.684461717308956,-1.48421846055604e-20,-0.684461717308956
500.7,-3.06921372140767,-3.06921372140767,-0.68354988865567,-1.46499654137913e-20,-0.68354988865567
500.8,-3.47611474374757,-3.47611474374757,-0.682639274725534,-1.44602356276363e-20,-0.682639274725534
500.9,-4.69681781076729,-4.69681781076729,-0.681729873900312,-1.4272963007129e-20,-0.681729873900312
501,-5.71407036661705,-5.71407036661705,-0.680821684563928,-1.40881157298384e-20,-0.680821684563928
501.1,-4.77819801523527,-4.77819801523527,-0.679914705102454,-1.39056623854617e-20,-0.679914705102454
501.2,-2.54024239236579,-2.54024239236579,-0.679008933904117,-1.37255719704868e-20,-0.679008933904117
501.3,-3.47611474374758,-3.47611474374758,-0.678104369359287,-1.35478138829242e-20,-0.678104369359287
501.4,-3.55749494821555,-3.55749494821555,-0.677201009860481,-1.33723579171062e-20,-0.677201009860481
501.5,-2.9064533124717,-2.9064533124717,-0.676298853802356,-1.31991742585557e-20,-0.676298853802356
501.6,-4.33060689066137,-4.33060689066137,-0.675397899581708,-1.3028233478918e-20,-0.675397899581708
501.7,-4.04577617502344,-4.04577617502344,-0.674498145597468,-1.28595065309617e-20,-0.674498145597468
501.8,-3.27266423257762,-3.27266423257762,-0.673599590250703,-1.26929647436426e-20,-0.673599590250703
501.9,-4.33060689066139,-4.33060689066139,-0.672702231944606,-1.25285798172305e-20,-0.672702231944606
502,-4.81888811746926,-4.81888811746926,-0.6718060690845,-1.23663238185024e-20,-0.6718060690845
502.1,-5.46992975321311,-5.46992975321311,-0.670911100077832,-1.22061691759938e-20,-0.670911100077832
502.2,-5.34785944651113,-5.34785944651113,-0.670017323334168,-1.20480886753154e-20,-0.670017323334168
502.3,-3.19128402810964,-3.19128402810964,-0.669124737265197,-1.18920554545276e-20,-0.669124737265197
502.4,-0.871948200772185,-0.871948200772185,-0.66823334028472,-1.17380429995763e-20,-0.66823334028472
502.5,-1.92989085885593,-1.92989085885593,-0.667343130808655,-1.15860251397872e-20,-0.667343130808655
502.6,-3.63887515268354,-3.63887515268354,-0.666454107255026,-1.14359760434195e-20,-0.666454107255026
502.7,-3.72025535715151,-3.72025535715151,-0.665566268043967,-1.12878702132754e-20,-0.665566268043967
502.8,-3.31335433481161,-3.31335433481161,-0.664679611597717,-1.11416824823683e-20,-0.664679611597717
502.9,-4.16784648172542,-4.16784648172542,-0.663794136340616,-1.09973880096457e-20,-0.663794136340616
503,-3.92370586832147,-3.92370586832147,-0.662909840699104,-1.08549622757687e-20,-0.662909840699104
503.1,-5.26647924204316,-5.26647924204316,-0.662026723101714,-1.07143810789445e-20,-0.662026723101714
503.2,-4.45267719736335,-4.45267719736335,-0.661144781979077,-1.05756205308154e-20,-0.661144781979077
503.3,-2.25541167672786,-2.25541167672786,-0.660264015763913,-1.0438657052398e-20,-0.660264015763913
503.4,-4.00508607278945,-4.00508607278945,-0.659384422891029,-1.03034673700775e-20,-0.659384422891029
503.5,-5.1037188331072,-5.1037188331072,-0.658506001797317,-1.01700285116526e-20,-0.658506001797317
503.6,-3.47611474374757,-3.47611474374757,-0.657628750921752,-1.00383178024322e-20,-0.657628750921752
503.7,-3.55749494821555,-3.55749494821555,-0.656752668705389,-9.90831286138163e-21,-0.656752668705389
503.8,-2.78438300576974,-2.78438300576974,-0.655877753591361,-9.77999159732078e-21,-0.655877753591361
503.9,-2.62162259683377,-2.62162259683377,-0.655004004024871,-9.65333220516881e-21,-0.655004004024871
504,-2.78438300576973,-2.78438300576973,-0.654131418453197,-9.52831316224025e-21,-0.654131418453197
504.1,-3.43542464151358,-3.43542464151358,-0.653259995325684,-9.40491322458657e-21,-0.653259995325684
504.2,-4.90026832193724,-4.90026832193724,-0.652389733093742,-9.28311142338729e-21,-0.652389733093742
504.3,-3.67956525491752,-3.67956525491752,-0.651520630210848,-9.16288706138613e-21,-0.651520630210848
504.4,-1.76713044991997,-1.76713044991997,-0.650652685132532,-9.04421970937434e-21,-0.650652685132532
504.5,-2.0519611655579,-2.0519611655579,-0.64978589631639,-8.92708920271916e-21,-0.64978589631639
504.6,-2.37748198342983,-2.37748198342983,-0.648920262222065,-8.81147563793737e-21,-0.648920262222065
504.7,-2.33679188119584,-2.33679188119584,-0.648055781311258,-8.69735936931309e-21,-0.648055781311258
504.8,-2.9471434147057,-2.9471434147057,-0.647192452047715,-8.5847210055598e-21,-0.647192452047715
504.9,-2.9471434147057,-2.9471434147057,-0.646330272897232,-8.47354140652453e-21,-0.646330272897232
505,-3.02852361917368,-3.02852361917368,-0.645469242327647,-8.36380167993644e-21,-0.645469242327647
505.1,-2.4995522901318,-2.4995522901318,-0.644609358808838,-8.25548317819554e-21,-0.644609358808838
505.2,-3.27266423257762,-3.27266423257762,-0.643750620812725,-8.14856749520488e-21,-0.643750620812725
505.3,-3.8016355616195,-3.8016355616195,-0.64289302681326,-8.04303646324223e-21,-0.64289302681326
505.4,-0.953328405240164,-0.953328405240164,-0.64203657528643,-7.9388721498732e-21,-0.64203657528643
505.5,-0.627807587368236,-0.627807587368236,-0.641181264710251,-7.83605685490402e-21,-0.641181264710251
505.6,-3.19128402810964,-3.19128402810964,-0.640327093564768,-7.73457310737383e-21,-0.640327093564768
505.7,-4.04577617502344,-4.04577617502344,-0.63947406033205,-7.63440366258583e-21,-0.63947406033205
505.8,-2.9471434147057,-2.9471434147057,-0.638622163496188,-7.53553149917726e-21,-0.638622163496188
505.9,-2.13334137002589,-2.13334137002589,-0.637771401543293,-7.4379398162264e-21,-0.637771401543293
506,-3.23197413034363,-3.23197413034363,-0.636921772961493,-7.34161203039852e-21,-0.636921772961493
506.1,-4.49336729959733,-4.49336729959733,-0.63607327624093,-7.24653177312708e-21,-0.63607327624093
506.2,-4.28991678842738,-4.28991678842738,-0.635225909873755,-7.15268288783303e-21,-0.635225909873755
506.3,-5.55130995768109,-5.55130995768109,-0.634379672354132,-7.06004942717889e-21,-0.634379672354132
506.4,-4.12715637949142,-4.12715637949142,-0.633534562178227,-6.9686156503591e-21,-0.633534562178227
506.5,-2.41817208566382,-2.41817208566382,-0.632690577844213,-6.87836602042522e-21,-0.632690577844213
506.6,-2.62162259683377,-2.62162259683377,-0.631847717852261,-6.78928520164578e-21,-0.631847717852261
506.7,-3.10990382364165,-3.10990382364165,-0.631005980704541,-6.70135805690034e-21,-0.631005980704541
506.8,-1.56367993875002,-1.56367993875002,-0.630165364905219,-6.61456964510751e-21,-0.630165364905219
506.9,-1.88920075662194,-1.88920075662194,-0.629325868960452,-6.52890521868554e-21,-0.629325868960452
507,-3.23197413034363,-3.23197413034363,-0.628487491378389,-6.44435022104708e-21,-0.628487491378389
507.1,-4.00508607278945,-4.00508607278945,-0.627650230669164,-6.36089028412486e-21,-0.627650230669164
507.2,-3.63887515268354,-3.63887515268354,-0.6268140853449,-6.27851122593089e-21,-0.6268140853449
507.3,-4.33060689066137,-4.33060689066137,-0.625979053919698,-6.19719904814609e-21,-0.625979053919698
507.4,-2.13334137002588,-2.13334137002588,-0.62514513490964,-6.11693993374178e-21,-0.62514513490964
507.5,-1.15677891641011,-1.15677891641011,-0.624312326832785,-6.03772024463186e-21,-0.624312326832785
507.6,-3.51680484598157,-3.51680484598157,-0.623480628209166,-5.95952651935527e-21,-0.623480628209166
507.7,-4.20853658395939,-4.20853658395939,-0.622650037560787,-5.88234547078853e-21,-0.622650037560787
507.8,-4.49336729959733,-4.49336729959733,-0.621820553411623,-5.80616398388815e-21,-0.621820553411623
507.9,-5.46992975321311,-5.46992975321311,-0.620992174287612,-5.73096911346153e-21,-0.620992174287612
508,-3.15059392587565,-3.15059392587565,-0.62016489871666,-5.65674808196793e-21,-0.62016489871666
508.1,-1.52298983651603,-1.52298983651603,-0.61933872522863,-5.58348827734651e-21,-0.61933872522863
508.2,-2.45886218789781,-2.45886218789781,-0.618513652355345,-5.51117725087388e-21,-0.618513652355345
508.3,-3.10990382364166,-3.10990382364166,-0.617689678630586,-5.43980271504827e-21,-0.617689678630586
508.4,-3.63887515268353,-3.63887515268353,-0.616866802590084,-5.36935254150181e-21,-0.616866802590084
508.5,-5.0630287308732,-5.0630287308732,-0.616045022771523,-5.29981475893948e-21,-0.616045022771523
508.6,-5.30716934427714,-5.30716934427714,-0.615224337714532,-5.23117755110498e-21,-0.615224337714532
508.7,-5.14440893534118,-5.14440893534118,-0.61440474596069,-5.16342925477276e-21,-0.61440474596069
508.8,-4.28991678842737,-4.28991678842737,-0.613586246053515,-5.09655835776629e-21,-0.613586246053515
508.9,-5.4699297532131,-5.4699297532131,-0.612768836538468,-5.03055349700153e-21,-0.612768836538468
509,-4.2492266861934,-4.2492266861934,-0.611952515962946,-4.9654034565565e-21,-0.611952515962946
509.1,-4.16784648172542,-4.16784648172542,-0.611137282876281,-4.9010971657649e-21,-0.611137282876281
509.2,-5.22578913980916,-5.22578913980916,-0.610323135829739,-4.83762369733542e-21,-0.610323135829739
509.3,-5.46992975321311,-5.46992975321311,-0.609510073376515,-4.77497226549452e-21,-0.609510073376515
509.4,-3.7609454593855,-3.7609454593855,-0.608698094071732,-4.71313222415385e-21,-0.608698094071732
509.5,-3.7609454593855,-3.7609454593855,-0.607887196472437,-4.65209306510116e-21,-0.607887196472437
509.6,-5.59200005991508,-5.59200005991508,-0.6070773791376,-4.59184441621467e-21,-0.6070773791376
509.7,-6.08028128672296,-6.08028128672296,-0.606268640628109,-4.53237603970058e-21,-0.606268640628109
509.8,-5.34785944651113,-5.34785944651113,-0.605460979506774,-4.47367783035352e-21,-0.605460979506774
509.9,-3.80163556161949,-3.80163556161949,-0.604654394338312,-4.41573981383911e-21,-0.604654394338312
510,-5.1037188331072,-5.1037188331072,-0.603848883689359,-4.35855214499953e-21,-0.603848883689359
510.1,-3.72025535715152,-3.72025535715152,-0.603044446128457,-4.30210510618004e-21,-0.603044446128457
510.2,-3.96439597055545,-3.96439597055545,-0.602241080226055,-4.24638910557819e-21,-0.602241080226055
510.3,-5.14440893534118,-5.14440893534118,-0.60143878455451,-4.19139467561362e-21,-0.60143878455451
510.4,-3.06921372140766,-3.06921372140766,-0.600637557688074,-4.13711247131936e-21,-0.600637557688074
510.5,-3.84232566385349,-3.84232566385349,-0.599837398202905,-4.0835332687539e-21,-0.599837398202905
510.6,-2.82507310800372,-2.82507310800372,-0.599038304677055,-4.03064796343379e-21,-0.599038304677055
510.7,-2.58093249459978,-2.58093249459978,-0.598240275690469,-3.97844756878652e-21,-0.598240275690469
510.8,-3.55749494821555,-3.55749494821555,-0.597443309824988,-3.92692321462363e-21,-0.597443309824988
510.9,-5.26647924204315,-5.26647924204315,-0.596647405664337,-3.87606614563311e-21,-0.596647405664337
511,-4.16784648172542,-4.16784648172542,-0.595852561794131,-3.82586771989206e-21,-0.595852561794131
511.1,-3.67956525491752,-3.67956525491752,-0.595058776801868,-3.7763194073978e-21,-0.595058776801868
511.2,-3.43542464151358,-3.43542464151358,-0.59426604927693,-3.72741278861875e-21,-0.59426604927693
511.3,-2.70300280130175,-2.70300280130175,-0.593474377810575,-3.67913955306352e-21,-0.593474377810575
511.4,-2.86576321023771,-2.86576321023771,-0.59268376099594,-3.6314914978688e-21,-0.59268376099594
511.5,-4.12715637949142,-4.12715637949142,-0.591894197428034,-3.5844605264055e-21,-0.591894197428034
511.6,-4.08646627725743,-4.08646627725743,-0.59110568570374,-3.53803864690293e-21,-0.59110568570374
511.7,-2.9471434147057,-2.9471434147057,-0.590318224421808,-3.49221797109073e-21,-0.590318224421808
511.8,-3.8016355616195,-3.8016355616195,-0.589531812182858,-3.4469907128586e-21,-0.589531812182858
511.9,-3.63887515268354,-3.63887515268354,-0.58874644758937,-3.40234918693301e-21,-0.58874644758937
512,-3.92370586832147,-3.92370586832147,-0.58796212924569,-3.35828580757147e-21,-0.58796212924569
512.1,-2.86576321023771,-2.86576321023771,-0.587178855758019,-3.31479308727341e-21,-0.587178855758019
512.2,-3.06921372140766,-3.06921372140766,-0.586396625734419,-3.271863635508e-21,-0.586396625734419
512.3,-3.55749494821555,-3.55749494821555,-0.585615437784804,-3.22949015745807e-21,-0.585615437784804
512.4,-3.43542464151359,-3.43542464151359,-0.584835290520939,-3.18766545278084e-21,-0.584835290520939
512.5,-4.33060689066137,-4.33060689066137,-0.58405618255644,-3.14638241438399e-21,-0.58405618255644
512.6,-3.92370586832147,-3.92370586832147,-0.58327811250677,-3.10563402721845e-21,-0.58327811250677
512.7,-3.43542464151358,-3.43542464151358,-0.582501078989235,-3.06541336708601e-21,-0.582501078989235
512.8,-4.00508607278945,-4.00508607278945,-0.581725080622985,-3.02571359946292e-21,-0.581725080622985
512.9,-3.84232566385349,-3.84232566385349,-0.580950116029008,-2.98652797833841e-21,-0.580950116029008
513,-3.67956525491753,-3.67956525491753,-0.58017618383013,-2.94784984506838e-21,-0.58017618383013
513.1,-3.92370586832147,-3.92370586832147,-0.579403282651009,-2.90967262724399e-21,-0.579403282651009
513.2,-3.84232566385349,-3.84232566385349,-0.578631411118141,-2.87198983757485e-21,-0.578631411118141
513.3,-4.12715637949142,-4.12715637949142,-0.577860567859845,-2.83479507278656e-21,-0.577860567859845
513.4,-3.55749494821555,-3.55749494821555,-0.577090751506273,-2.79808201253277e-21,-0.577090751506273
513.5,-4.00508607278945,-4.00508607278945,-0.576321960689398,-2.76184441832095e-21,-0.576321960689398
513.6,-4.2492266861934,-4.2492266861934,-0.575554194043016,-2.72607613245264e-21,-0.575554194043016
513.7,-3.67956525491753,-3.67956525491753,-0.574787450202746,-2.69077107697682e-21,-0.574787450202746
513.8,-2.17403147225988,-2.17403147225988,-0.574021727806021,-2.6559232526573e-21,-0.574021727806021
513.9,-3.19128402810963,-3.19128402810963,-0.573257025492092,-2.62152673795318e-21,-0.573257025492092
514,-3.72025535715152,-3.72025535715152,-0.57249334190202,-2.58757568801259e-21,-0.57249334190202
514.1,-1.72644034768598,-1.72644034768598,-0.571730675678679,-2.55406433367967e-21,-0.571730675678679
514.2,-2.41817208566382,-2.41817208566382,-0.570969025466748,-2.52098698051411e-21,-0.570969025466748
514.3,-3.63887515268353,-3.63887515268353,-0.570208389912715,-2.48833800782354e-21,-0.570208389912715
514.4,-2.58093249459978,-2.58093249459978,-0.56944876766487,-2.45611186770851e-21,-0.56944876766487
514.5,-0.668497689602233,-0.668497689602233,-0.568690157373302,-2.42430308411954e-21,-0.568690157373302
514.6,-2.37748198342983,-2.37748198342983,-0.567932557689898,-2.39290625192689e-21,-0.567932557689898
514.7,-4.90026832193724,-4.90026832193724,-0.567175967268345,-2.36191603600189e-21,-0.567175967268345
514.8,-3.55749494821556,-3.55749494821556,-0.56642038476412,-2.33132717031045e-21,-0.56642038476412
514.9,-4.28991678842739,-4.28991678842739,-0.565665808834492,-2.3011344570182e-21,-0.565665808834492
515,-3.10990382364166,-3.10990382364166,-0.564912238138519,-2.27133276560718e-21,-0.564912238138519
515.1,-4.00508607278945,-4.00508607278945,-0.564159671337045,-2.24191703200415e-21,-0.564159671337045
515.2,-2.74369290353574,-2.74369290353574,-0.563408107092697,-2.21288225772005e-21,-0.563408107092697
515.3,-1.48229973428204,-1.48229973428204,-0.562657544069888,-2.18422350900052e-21,-0.562657544069888
515.4,-3.8016355616195,-3.8016355616195,-0.561907980934805,-2.15593591598772e-21,-0.561907980934805
515.5,-5.34785944651113,-5.34785944651113,-0.561159416355414,-2.12801467189254e-21,-0.561159416355414
515.6,-3.59818505044954,-3.59818505044954,-0.560411849001456,-2.10045503217812e-21,-0.560411849001456
515.7,-3.92370586832147,-3.92370586832147,-0.559665277544443,-2.07325231375338e-21,-0.559665277544443
515.8,-1.27884922311208,-1.27884922311208,-0.558919700657659,-2.0464018941774e-21,-0.558919700657659
515.9,-1.604370040984,-1.604370040984,-0.558175117016153,-2.01989921087389e-21,-0.558175117016153
516,-3.06921372140768,-3.06921372140768,-0.557431525296739,-1.99373976035581e-21,-0.557431525296739
516.1,-4.73750791300128,-4.73750791300128,-0.556688924177995,-1.96791909746025e-21,-0.556688924177995
516.2,-3.92370586832147,-3.92370586832147,-0.555947312340261,-1.94243283459302e-21,-0.555947312340261
516.3,-5.30716934427715,-5.30716934427715,-0.55520668846563,-1.91727664098312e-21,-0.55520668846563
516.4,-3.88301576608748,-3.88301576608748,-0.554467051237957,-1.89244624194676e-21,-0.554467051237957
516.5,-3.72025535715152,-3.72025535715152,-0.553728399342845,-1.86793741816097e-21,-0.553728399342845
516.6,-3.96439597055546,-3.96439597055546,-0.552990731467651,-1.84374600494677e-21,-0.552990731467651
516.7,-3.88301576608748,-3.88301576608748,-0.552254046301479,-1.81986789156137e-21,-0.552254046301479
516.8,-4.00508607278945,-4.00508607278945,-0.551518342535181,-1.79629902049964e-21,-0.551518342535181
516.9,-4.53405740183134,-4.53405740183134,-0.550783618861353,-1.77303538680474e-21,-0.550783618861353
517,-3.06921372140767,-3.06921372140767,-0.55004987397433,-1.75007303738737e-21,-0.55004987397433
517.1,-1.56367993875002,-1.56367993875002,-0.549317106570189,-1.72740807035431e-21,-0.549317106570189
517.2,-1.76713044991997,-1.76713044991997,-0.548585315346743,-1.70503663434516e-21,-0.548585315346743
517.3,-2.58093249459978,-2.58093249459978,-0.547854499003542,-1.68295492787805e-21,-0.547854499003542
517.4,-2.0519611655579,-2.0519611655579,-0.547124656241865,-1.66115919870357e-21,-0.547124656241865
517.5,-3.27266423257762,-3.27266423257762,-0.546395785764722,-1.63964574316716e-21,-0.546395785764722
517.6,-3.7609454593855,-3.7609454593855,-0.545667886276854,-1.61841090557988e-21,-0.545667886276854
517.7,-3.15059392587565,-3.15059392587565,-0.544940956484722,-1.59745107759711e-21,-0.544940956484722
517.8,-2.66231269906776,-2.66231269906776,-0.544214995096515,-1.57676269760541e-21,-0.544214995096515
517.9,-2.58093249459978,-2.58093249459978,-0.543490000822142,-1.5563422501174e-21,-0.543490000822142
518,-2.13334137002588,-2.13334137002588,-0.542765972373228,-1.5361862651742e-21,-0.542765972373228
518.1,-4.28991678842738,-4.28991678842738,-0.542042908463117,-1.516291317756e-21,-0.542042908463117
518.2,-5.63269016214907,-5.63269016214907,-0.541320807806866,-1.49665402719996e-21,-0.541320807806866
518.3,-4.2085365839594,-4.2085365839594,-0.540599669121245,-1.47727105662575e-21,-0.540599669121245
518.4,-2.9471434147057,-2.9471434147057,-0.539879491124732,-1.45813911236856e-21,-0.539879491124732
518.5,-3.39473453927959,-3.39473453927959,-0.539160272537512,-1.43925494341937e-21,-0.539160272537512
518.6,-4.08646627725743,-4.08646627725743,-0.538442012081476,-1.42061534087256e-21,-0.538442012081476
518.7,-2.58093249459978,-2.58093249459978,-0.537724708480218,-1.40221713738066e-21,-0.537724708480218
518.8,-3.02852361917368,-3.02852361917368,-0.537008360459031,-1.38405720661606e-21,-0.537008360459031
518.9,-4.45267719736335,-4.45267719736335,-0.536292966744909,-1.36613246273987e-21,-0.536292966744909
519,-3.88301576608748,-3.88301576608748,-0.535578526066536,-1.3484398598774e-21,-0.535578526066536
519.1,-4.94095842417123,-4.94095842417123,-0.534865037154297,-1.33097639160077e-21,-0.534865037154297
519.2,-4.28991678842738,-4.28991678842738,-0.534152498740263,-1.31373909041792e-21,-0.534152498740263
519.3,-2.62162259683378,-2.62162259683378,-0.533440909558196,-1.29672502726841e-21,-0.533440909558196
519.4,-1.52298983651602,-1.52298983651602,-0.532730268343547,-1.27993131102566e-21,-0.532730268343547
519.5,-1.23815912087809,-1.23815912087809,-0.532020573833445,-1.26335508800568e-21,-0.532020573833445
519.6,-3.43542464151358,-3.43542464151358,-0.531311824766709,-1.24699354148219e-21,-0.531311824766709
519.7,-3.51680484598156,-3.51680484598156,-0.530604019883834,-1.23084389120798e-21,-0.530604019883834
519.8,-1.48229973428204,-1.48229973428204,-0.529897157926995,-1.21490339294241e-21,-0.529897157926995
519.9,-1.56367993875002,-1.56367993875002,-0.52919123764004,-1.19916933798521e-21,-0.52919123764004
520,-0.424357076198286,-0.424357076198286,-0.528486257768492,-1.18363905271604e-21,-0.528486257768492
520.1,-1.80782055215396,-1.80782055215396,-0.527782217059544,-1.16830989814035e-21,-0.527782217059544
520.2,-3.84232566385348,-3.84232566385348,-0.527079114262062,-1.15317926944082e-21,-0.527079114262062
520.3,-5.95821098002099,-5.95821098002099,-0.526376948126572,-1.13824459553481e-21,-0.526376948126572
520.4,-5.18509903757518,-5.18509903757518,-0.525675717405273,-1.12350333863741e-21,-0.525675717405273
520.5,-6.16166149119096,-6.16166149119096,-0.524975420852017,-1.10895299383022e-21,-0.524975420852017
520.6,-3.51680484598157,-3.51680484598157,-0.524276057222323,-1.09459108863573e-21,-0.524276057222323
520.7,-1.92989085885593,-1.92989085885593,-0.523577625273365,-1.08041518259717e-21,-0.523577625273365
520.8,-4.2085365839594,-4.2085365839594,-0.522880123763973,-1.06642286686379e-21,-0.522880123763973
520.9,-2.66231269906777,-2.66231269906777,-0.522183551454632,-1.05261176378158e-21,-0.522183551454632
521,-2.25541167672786,-2.25541167672786,-0.521487907107475,-1.03897952648916e-21,-0.521487907107475
521.1,-3.88301576608747,-3.88301576608747,-0.520793189486288,-1.0255238385191e-21,-0.520793189486288
521.2,-2.09265126779189,-2.09265126779189,-0.5200993973565,-1.0122424134042e-21,-0.5200993973565
521.3,-1.31953932534607,-1.31953932534607,-0.519406529485188,-9.99132994289023e-22,-0.519406529485188
521.4,-2.37748198342983,-2.37748198342983,-0.518714584641069,-9.86193353546371e-22,-0.518714584641069
521.5,-2.82507310800373,-2.82507310800373,-0.518023561594502,-9.73421292398727e-22,-0.518023561594502
521.6,-3.47611474374758,-3.47611474374758,-0.517333459117484,-9.60814640544672e-22,-0.517333459117484
521.7,-4.85957821970325,-4.85957821970325,-0.516644275983646,-9.48371255790091e-22,-0.516644275983646
521.8,-2.33679188119584,-2.33679188119584,-0.515956010968255,-9.36089023684117e-22,-0.515956010968255
521.9,-0.58711748513425,-0.58711748513425,-0.515268662848209,-9.239658571599e-22,-0.515268662848209
522,-1.68575024545199,-1.68575024545199,-0.514582230402034,-9.11999696179853e-22,-0.514582230402034
522.1,-1.56367993875002,-1.56367993875002,-0.513896712409885,-9.00188507385734e-22,-0.513896712409885
522.2,-1.72644034768598,-1.72644034768598,-0.513212107653541,-8.88530283753016e-22,-0.513212107653541
522.3,-2.37748198342983,-2.37748198342983,-0.512528414916405,-8.77023044249912e-22,-0.512528414916405
522.4,-2.21472157449387,-2.21472157449387,-0.5118456329835,-8.65664833500706e-22,-0.5118456329835
522.5,-0.790567996304195,-0.790567996304195,-0.511163760641466,-8.54453721453482e-22,-0.511163760641466
522.6,-3.06921372140767,-3.06921372140767,-0.510482796678562,-8.43387803052188e-22,-0.510482796678562
522.7,-3.10990382364166,-3.10990382364166,-0.509802739884661,-8.32465197912918e-22,-0.509802739884661
522.8,-2.0519611655579,-2.0519611655579,-0.509123589051247,-8.21684050004345e-22,-0.509123589051247
522.9,-2.17403147225987,-2.17403147225987,-0.508445342971414,-8.11042527332397e-22,-0.508445342971414
523,-3.39473453927959,-3.39473453927959,-0.507768000439864,-8.00538821628861e-22,-0.507768000439864
523.1,-4.57474750406532,-4.57474750406532,-0.507091560252905,-7.90171148044224e-22,-0.507091560252905
523.2,-2.29610177896185,-2.29610177896185,-0.506416021208447,-7.79937744844295e-22,-0.506416021208447
523.3,-0.912638303006178,-0.912638303006178,-0.505741382106006,-7.69836873110892e-22,-0.505741382106006
523.4,-1.685750245452,-1.685750245452,-0.505067641746692,-7.59866816446323e-22,-0.505067641746692
523.5,-2.29610177896185,-2.29610177896185,-0.504394798933213,-7.50025880681731e-22,-0.504394798933213
523.6,-1.68575024545199,-1.68575024545199,-0.503722852469875,-7.40312393589225e-22,-0.503722852469875
523.7,-0.383666973964295,-0.383666973964295,-0.503051801162575,-7.30724704597732e-22,-0.503051801162575
523.8,-3.3540444370456,-3.3540444370456,-0.5023816438188,-7.21261184512486e-22,-0.5023816438188
523.9,-3.19128402810964,-3.19128402810964,-0.501712379247628,-7.11920225238243e-22,-0.501712379247628
524,-2.29610177896185,-2.29610177896185,-0.50104400625972,-7.02700239505938e-22,-0.50104400625972
524.1,-2.09265126779189,-2.09265126779189,-0.500376523667324,-6.93599660603069e-22,-0.500376523667324
524.2,-0.831258098538188,-0.831258098538188,-0.499709930284271,-6.84616942107394e-22,-0.499709930284271
524.3,0.714965786353448,0.714965786353448,-0.499044224925969,-6.75750557624204e-22,-0.499044224925969
524.4,-0.912638303006178,-0.912638303006178,-0.498379406409408,-6.66999000526917e-22,-0.498379406409408
524.5,-3.96439597055546,-3.96439597055546,-0.49771547355315,-6.58360783701065e-22,-0.49771547355315
524.6,-4.16784648172542,-4.16784648172542,-0.497052425177335,-6.49834439291617e-22,-0.497052425177335
524.7,-4.57474750406532,-4.57474750406532,-0.496390260103671,-6.41418518453546e-22,-0.496390260103671
524.8,-3.27266423257762,-3.27266423257762,-0.495728977155437,-6.33111591105613e-22,-0.495728977155437
524.9,-3.10990382364165,-3.10990382364165,-0.495068575157483,-6.24912245687398e-22,-0.495068575157483
525,-3.02852361917368,-3.02852361917368,-0.494409052936218,-6.16819088919373e-22,-0.494409052936218
525.1,-2.45886218789781,-2.45886218789781,-0.49375040931962,-6.08830745566234e-22,-0.49375040931962
525.2,-1.11608881417612,-1.11608881417612,-0.493092643137226,-6.00945858203143e-22,-0.493092643137226
525.3,0.267374661779549,0.267374661779549,-0.492435753220132,-5.93163086985112e-22,-0.492435753220132
525.4,-2.41817208566382,-2.41817208566382,-0.491779738400992,-5.85481109419301e-22,-0.491779738400992
525.5,-4.04577617502343,-4.04577617502343,-0.491124597514015,-5.77898620140294e-22,-0.491124597514015
525.6,-3.10990382364165,-3.10990382364165,-0.490470329394963,-5.70414330688298e-22,-0.490470329394963
525.7,-3.59818505044954,-3.59818505044954,-0.489816932881148,-5.63026969290206e-22,-0.489816932881148
525.8,-4.81888811746926,-4.81888811746926,-0.489164406811433,-5.5573528064346e-22,-0.489164406811433
525.9,-4.98164852640523,-4.98164852640523,-0.488512750026228,-5.48538025702784e-22,-0.488512750026228
526,-2.70300280130175,-2.70300280130175,-0.487861961367483,-5.41433981469577e-22,-0.487861961367483
526.1,-2.29610177896185,-2.29610177896185,-0.487212039678696,-5.34421940784173e-22,-0.487212039678696
526.2,-4.16784648172542,-4.16784648172542,-0.486562983804904,-5.2750071212065e-22,-0.486562983804904
526.3,-2.58093249459977,-2.58093249459977,-0.485914792592682,-5.20669119384394e-22,-0.485914792592682
526.4,-1.60437004098401,-1.60437004098401,-0.485267464890144,-5.13926001712236e-22,-0.485267464890144
526.5,-2.0926512677919,-2.0926512677919,-0.484620999546934,-5.07270213275182e-22,-0.484620999546934
526.6,-2.78438300576973,-2.78438300576973,-0.483975395414231,-5.00700623083731e-22,-0.483975395414231
526.7,-1.88920075662194,-1.88920075662194,-0.483330651344747,-4.94216114795683e-22,-0.483330651344747
526.8,-2.01127106332391,-2.01127106332391,-0.482686766192717,-4.87815586526428e-22,-0.482686766192717
526.9,-2.13334137002589,-2.13334137002589,-0.482043738813909,-4.81497950661739e-22,-0.482043738813909
527,-2.74369290353575,-2.74369290353575,-0.481401568065607,-4.75262133672905e-22,-0.481401568065607
527.1,-1.76713044991997,-1.76713044991997,-0.480760252806626,-4.69107075934377e-22,-0.480760252806626
527.2,-0.546427382900255,-0.546427382900255,-0.480119791897294,-4.63031731543661e-22,-0.480119791897294
527.3,-0.465047178432274,-0.465047178432274,-0.479480184199462,-4.5703506814362e-22,-0.479480184199462
527.4,-1.48229973428203,-1.48229973428203,-0.478841428576497,-4.51116066747034e-22,-0.478841428576497
527.5,-1.03470860970814,-1.03470860970814,-0.478203523893276,-4.45273721563446e-22,-0.478203523893276
527.6,-1.44160963204804,-1.44160963204804,-0.477566469016193,-4.39507039828268e-22,-0.477566469016193
527.7,-2.54024239236579,-2.54024239236579,-0.47693026281315,-4.33815041634079e-22,-0.47693026281315
527.8,-1.76713044991997,-1.76713044991997,-0.476294904153556,-4.28196759764102e-22,-0.476294904153556
527.9,-3.76094545938551,-3.76094545938551,-0.47566039190833,-4.22651239527875e-22,-0.47566039190833
528,-3.23197413034362,-3.23197413034362,-0.475026724949891,-4.17177538598976e-22,-0.475026724949891
528.1,-1.11608881417612,-1.11608881417612,-0.474393902152161,-4.11774726854961e-22,-0.474393902152161
528.2,-2.0519611655579,-2.0519611655579,-0.473761922390565,-4.06441886219262e-22,-0.473761922390565
528.3,-1.07539871194213,-1.07539871194213,-0.473130784542023,-4.01178110505211e-22,-0.473130784542023
528.4,-1.1974690186441,-1.1974690186441,-0.472500487484953,-3.95982505262039e-22,-0.472500487484953
528.5,-2.01127106332392,-2.01127106332392,-0.471871030099266,-3.9085418762289e-22,-0.471871030099266
528.6,-1.44160963204805,-1.44160963204805,-0.471242411266365,-3.85792286154802e-22,-0.471242411266365
528.7,0.14530435507758,0.14530435507758,-0.470614629869144,-3.80795940710636e-22,-0.470614629869144
528.8,-0.342976871730303,-0.342976871730303,-0.469987684791985,-3.75864302282893e-22,-0.469987684791985
528.9,0.267374661779558,0.267374661779558,-0.469361574920758,-3.70996532859478e-22,-0.469361574920758
529,-0.953328405240164,-0.953328405240164,-0.468736299142812,-3.66191805281251e-22,-0.468736299142812
529.1,-0.871948200772185,-0.871948200772185,-0.468111856346984,-3.61449303101532e-22,-0.468111856346984
529.2,-1.2381591208781,-1.2381591208781,-0.467488245423588,-3.56768220447317e-22,-0.467488245423588
529.3,-1.52298983651602,-1.52298983651602,-0.466865465264417,-3.52147761882367e-22,-0.466865465264417
529.4,-2.78438300576974,-2.78438300576974,-0.466243514762742,-3.47587142272033e-22,-0.466243514762742
529.5,-2.37748198342982,-2.37748198342982,-0.465622392813306,-3.43085586649833e-22,-0.465622392813306
529.6,-1.84851065438796,-1.84851065438796,-0.465002098312325,-3.38642330085781e-22,-0.465002098312325
529.7,-2.21472157449386,-2.21472157449386,-0.464382630157486,-3.34256617556404e-22,-0.464382630157486
529.8,-0.912638303006169,-0.912638303006169,-0.463763987247943,-3.2992770381643e-22,-0.463763987247943
529.9,1.44738762656528,1.44738762656528,-0.463146168484321,-3.25654853272176e-22,-0.463146168484321
530,1.65083813773523,1.65083813773523,-0.462529172768704,-3.21437339856511e-22,-0.462529172768704
530.1,2.05773916007513,2.05773916007513,-0.461912999004641,-3.17274446905529e-22,-0.461912999004641
530.2,1.28462721762932,1.28462721762932,-0.461297646097142,-3.13165467036731e-22,-0.461297646097142
530.3,-1.07539871194213,-1.07539871194213,-0.460683112952675,-3.09109702028842e-22,-0.460683112952675
530.4,0.755655888587439,0.755655888587439,-0.460069398479167,-3.05106462703165e-22,-0.460069398479167
530.5,1.3660074220973,1.3660074220973,-0.459456501585995,-3.01155068806448e-22,-0.459456501585995
530.6,3.19706202262687,3.19706202262687,-0.458844421183994,-2.97254848895323e-22,-0.458844421183994
530.7,2.34256987571307,2.34256987571307,-0.458233156185447,-2.93405140222199e-22,-0.458233156185447
530.8,1.48807772879927,1.48807772879927,-0.457622705504088,-2.89605288622634e-22,-0.457622705504088
530.9,3.03430161369091,3.03430161369091,-0.457013068055096,-2.85854648404198e-22,-0.457013068055096
531,1.85428864890519,1.85428864890519,-0.456404242755097,-2.82152582236717e-22,-0.456404242755097
531.1,1.85428864890519,1.85428864890519,-0.455796228522158,-2.78498461044018e-22,-0.455796228522158
531.2,3.07499171592491,3.07499171592491,-0.45518902427579,-2.74891663896998e-22,-0.45518902427579
531.3,1.65083813773523,1.65083813773523,-0.454582628936942,-2.71331577908133e-22,-0.454582628936942
531.4,0.552205377417484,0.552205377417484,-0.453977041428001,-2.67817598127329e-22,-0.453977041428001
531.5,2.74947089805297,2.74947089805297,-0.453372260672789,-2.64349127439105e-22,-0.453372260672789
531.6,3.0749917159249,3.0749917159249,-0.452768285596561,-2.60925576461156e-22,-0.452768285596561
531.7,3.64465314720077,3.64465314720077,-0.452165115126006,-2.57546363444191e-22,-0.452165115126006
531.8,3.48189273826481,3.48189273826481,-0.45156274818924,-2.54210914173078e-22,-0.45156274818924
531.9,3.97017396507269,3.97017396507269,-0.450961183715811,-2.5091866186927e-22,-0.450961183715811
532,2.83085110252096,2.83085110252096,-0.450360420636689,-2.47669047094483e-22,-0.450360420636689
532.1,2.05773916007514,2.05773916007514,-0.449760457884269,-2.4446151765566e-22,-0.449760457884269
532.2,3.15637192039289,3.15637192039289,-0.44916129439237,-2.41295528511121e-22,-0.44916129439237
532.3,3.76672345390275,3.76672345390275,-0.44856292909623,-2.38170541677945e-22,-0.44856292909623
532.4,4.49914529411457,4.49914529411457,-0.447965360932506,-2.35086026140564e-22,-0.447965360932506
532.5,3.03430161369091,3.03430161369091,-0.447368588839271,-2.32041457760512e-22,-0.447368588839271
532.6,1.04048660422538,1.04048660422538,-0.446772611756012,-2.29036319187383e-22,-0.446772611756012
532.7,1.44738762656528,1.44738762656528,-0.446177428623631,-2.26070099770901e-22,-0.446177428623631
532.8,2.30187977347908,2.30187977347908,-0.44558303838444,-2.23142295474163e-22,-0.44558303838444
532.9,4.70259580528452,4.70259580528452,-0.444989439982159,-2.20252408787975e-22,-0.444989439982159
533,3.15637192039288,3.15637192039288,-0.444396632361916,-2.17399948646321e-22,-0.444396632361916
533.1,2.2611896712451,2.2611896712451,-0.443804614470244,-2.14584430342915e-22,-0.443804614470244
533.2,1.73221834220322,1.73221834220322,-0.443213385255079,-2.11805375448845e-22,-0.443213385255079
533.3,2.87154120475495,2.87154120475495,-0.442622943665761,-2.09062311731263e-22,-0.442622943665761
533.4,2.42395008018105,2.42395008018105,-0.442033288653026,-2.06354773073154e-22,-0.442033288653026
533.5,3.27844222709485,3.27844222709485,-0.441444419169011,-2.03682299394111e-22,-0.441444419169011
533.6,1.52876783103326,1.52876783103326,-0.440856334167246,-2.01044436572181e-22,-0.440856334167246
533.7,1.20324701316134,1.20324701316134,-0.440269032602657,-1.98440736366678e-22,-0.440269032602657
533.8,0.755655888587437,0.755655888587437,-0.439682513431563,-1.95870756342026e-22,-0.439682513431563
533.9,2.38325997794706,2.38325997794706,-0.439096775611672,-1.93334059792573e-22,-0.439096775611672
534,3.5225828404988,3.5225828404988,-0.43851181810208,-1.90830215668382e-22,-0.43851181810208
534.1,2.87154120475495,2.87154120475495,-0.43792763986327,-1.8835879850199e-22,-0.43792763986327
534.2,0.511515275183489,0.511515275183489,-0.437344239857112,-1.8591938833611e-22,-0.437344239857112
534.3,1.48807772879927,1.48807772879927,-0.436761617046855,-1.83511570652262e-22,-0.436761617046855
534.4,1.48807772879927,1.48807772879927,-0.436179770397134,-1.81134936300347e-22,-0.436179770397134
534.5,2.05773916007514,2.05773916007514,-0.435598698873959,-1.78789081429105e-22,-0.435598698873959
534.6,0.633585581885465,0.633585581885465,-0.435018401444719,-1.7647360741751e-22,-0.435018401444719
534.7,-0.668497689602233,-0.668497689602233,-0.434438877078179,-1.74188120807022e-22,-0.434438877078179
534.8,0.633585581885477,0.633585581885477,-0.433860124744478,-1.71932233234732e-22,-0.433860124744478
534.9,2.13911936454312,2.13911936454312,-0.433282143415127,-1.69705561367367e-22,-0.433282143415127
535,0.67427568411946,0.67427568411946,-0.432704932063006,-1.67507726836152e-22,-0.432704932063006
535.1,1.04048660422538,1.04048660422538,-0.432128489662364,-1.65338356172517e-22,-0.432128489662364
535.2,0.430135070715508,0.430135070715508,-0.431552815188816,-1.63197080744638e-22,-0.431552815188816
535.3,0.0232340483756016,0.0232340483756016,-0.430977907619343,-1.61083536694789e-22,-0.430977907619343
535.4,0.511515275183494,0.511515275183494,-0.430403765932288,-1.58997364877524e-22,-0.430403765932288
535.5,-0.465047178432281,-0.465047178432281,-0.429830389107354,-1.56938210798632e-22,-0.429830389107354
535.6,-0.912638303006176,-0.912638303006176,-0.429257776125605,-1.54905724554921e-22,-0.429257776125605
535.7,-0.0581461560923743,-0.0581461560923743,-0.428685925969462,-1.52899560774743e-22,-0.428685925969462
535.8,2.26118967124509,2.26118967124509,-0.4281148376227,-1.50919378559318e-22,-0.4281148376227
535.9,2.26118967124509,2.26118967124509,-0.427544510070451,-1.48964841424799e-22,-0.427544510070451
536,-0.220906565028341,-0.220906565028341,-0.426974942299195,-1.47035617245093e-22,-0.426974942299195
536.1,-0.180216462794348,-0.180216462794348,-0.426406133296765,-1.45131378195434e-22,-0.426406133296765
536.2,-0.34297687173031,-0.34297687173031,-0.425838082052343,-1.43251800696673e-22,-0.425838082052343
536.3,-1.68575024545199,-1.68575024545199,-0.425270787556454,-1.41396565360286e-22,-0.425270787556454
536.4,-0.587117485134252,-0.587117485134252,-0.424704248800973,-1.39565356934116e-22,-0.424704248800973
536.5,-0.18021646279435,-0.18021646279435,-0.424138464779111,-1.37757864248786e-22,-0.424138464779111
536.6,-0.302286769496317,-0.302286769496317,-0.423573434485427,-1.35973780164841e-22,-0.423573434485427
536.7,1.32531731986331,1.32531731986331,-0.423009156915816,-1.34212801520545e-22,-0.423009156915816
536.8,0.83703609305542,0.83703609305542,-0.422445631067512,-1.32474629080371e-22,-0.422445631067512
536.9,0.999796501991381,0.999796501991381,-0.421882855939084,-1.30758967484153e-22,-0.421882855939084
537,-0.342976871730312,-0.342976871730312,-0.421320830530435,-1.29065525196892e-22,-0.421320830530435
537.1,-0.709187791836224,-0.709187791836224,-0.4207595538428,-1.27394014459226e-22,-0.4207595538428
537.2,-2.05196116555791,-2.05196116555791,-0.420199024878746,-1.25744151238523e-22,-0.420199024878746
537.3,-2.45886218789781,-2.45886218789781,-0.419639242642168,-1.24115655180623e-22,-0.419639242642168
537.4,-1.07539871194213,-1.07539871194213,-0.419080206138287,-1.22508249562197e-22,-0.419080206138287
537.5,-0.58711748513425,-0.58711748513425,-0.418521914373652,-1.20921661243716e-22,-0.418521914373652
537.6,0.0639241506095899,0.0639241506095899,-0.417964366356131,-1.19355620623055e-22,-0.417964366356131
537.7,-0.790567996304202,-0.790567996304202,-0.417407561094919,-1.17809861589665e-22,-0.417407561094919
537.8,-0.994018507474161,-0.994018507474161,-0.416851497600526,-1.16284121479363e-22,-0.416851497600526
537.9,-0.546427382900257,-0.546427382900257,-0.416296174884785,-1.14778141029695e-22,-0.416296174884785
538,-1.23815912087809,-1.23815912087809,-0.41574159196084,-1.13291664335878e-22,-0.41574159196084
538.1,-1.44160963204805,-1.44160963204805,-0.415187747843154,-1.1182443880732e-22,-0.415187747843154
538.2,-1.60437004098401,-1.60437004098401,-0.414634641547502,-1.103762151247e-22,-0.414634641547502
538.3,-1.80782055215396,-1.80782055215396,-0.414082272090968,-1.08946747197595e-22,-0.414082272090968
538.4,-1.48229973428203,-1.48229973428203,-0.413530638491949,-1.0753579212267e-22,-0.413530638491949
538.5,-1.72644034768598,-1.72644034768598,-0.412979739770145,-1.06143110142395e-22,-0.412979739770145
538.6,-1.36022942758007,-1.36022942758007,-0.412429574946568,-1.04768464604311e-22,-0.412429574946568
538.7,0.348754866247539,0.348754866247539,-0.411880143043527,-1.03411621920815e-22,-0.411880143043527
538.8,0.999796501991376,0.999796501991376,-0.411331443084641,-1.02072351529467e-22,-0.411331443084641
538.9,-1.68575024545199,-1.68575024545199,-0.410783474094825,-1.00750425853807e-22,-0.410783474094825
539,-1.11608881417612,-1.11608881417612,-0.410236235100292,-9.94456202646917e-23,-0.410236235100292
539.1,-0.83125809853819,-0.83125809853819,-0.409689725128556,-9.81577130421178e-23,-0.409689725128556
539.2,-2.13334137002589,-2.13334137002589,-0.409143943208425,-9.6886485337552e-23,-0.409143943208425
539.3,-1.80782055215396,-1.80782055215396,-0.40859888837,-9.56317211367365e-23,-0.40859888837
539.4,-1.27884922311208,-1.27884922311208,-0.408054559644675,-9.439320722299e-23,-0.408054559644675
539.5,-0.912638303006174,-0.912638303006174,-0.407510956065134,-9.31707331409658e-23,-0.407510956065134
539.6,0.348754866247528,0.348754866247528,-0.406968076665349,-9.19640911609038e-23,-0.406968076665349
539.7,-1.84851065438795,-1.84851065438795,-0.406425920480581,-9.07730762433205e-23,-0.406425920480581
539.8,-0.831258098538188,-0.831258098538188,-0.405884486547373,-8.95974860041748e-23,-0.405884486547373
539.9,-1.645060143218,-1.645060143218,-0.405343773903556,-8.84371206804735e-23,-0.405343773903556
540,-2.41817208566382,-2.41817208566382,-0.404803781588238,-8.72917830963266e-23,-0.404803781588238
540.1,-1.52298983651603,-1.52298983651603,-0.404264508641809,-8.61612786294443e-23,-0.404264508641809
540.2,0.0639241506095994,0.0639241506095994,-0.403725954105939,-8.50454151780662e-23,-0.403725954105939
540.3,-0.912638303006173,-0.912638303006173,-0.403188117023572,-8.39440031283139e-23,-0.403188117023572
540.4,-0.383666973964291,-0.383666973964291,-0.40265099643893,-8.28568553219772e-23,-0.40265099643893
540.5,0.470825172949503,0.470825172949503,-0.402114591397504,-8.17837870247018e-23,-0.402114591397504
540.6,-0.912638303006173,-0.912638303006173,-0.401578900946061,-8.07246158946093e-23,-0.401578900946061
540.7,-3.10990382364166,-3.10990382364166,-0.401043924132635,-7.9679161951304e-23,-0.401043924132635
540.8,-4.00508607278945,-4.00508607278945,-0.40050966000653,-7.86472475452947e-23,-0.40050966000653
540.9,-4.6561277085333,-4.6561277085333,-0.399976107618316,-7.76286973278047e-23,-0.399976107618316
541,-2.58093249459978,-2.58093249459978,-0.399443266019825,-7.66233382209751e-23,-0.399443266019825
541.1,-2.4995522901318,-2.4995522901318,-0.398911134264157,-7.56309993884569e-23,-0.398911134264157
541.2,-2.13334137002588,-2.13334137002588,-0.39837971140567,-7.46515122063813e-23,-0.39837971140567
541.3,-1.03470860970814,-1.03470860970814,-0.397848996499984,-7.36847102347032e-23,-0.397848996499984
541.4,-2.98783351693968,-2.98783351693968,-0.397318988603975,-7.27304291889236e-23,-0.397318988603975
541.5,-2.25541167672786,-2.25541167672786,-0.396789686775777,-7.17885069121658e-23,-0.396789686775777
541.6,-0.34297687173031,-0.34297687173031,-0.396261090074776,-7.08587833476304e-23,-0.396261090074776
541.7,-0.220906565028338,-0.220906565028338,-0.395733197561615,-6.99411005113898e-23,-0.395733197561615
541.8,-2.29610177896185,-2.29610177896185,-0.395206008298186,-6.90353024655475e-23,-0.395206008298186
541.9,-3.23197413034363,-3.23197413034363,-0.394679521347632,-6.81412352917373e-23,-0.394679521347632
542,-0.424357076198291,-0.424357076198291,-0.394153735774343,-6.72587470649687e-23,-0.394153735774343
542.1,-1.52298983651603,-1.52298983651603,-0.393628650643955,-6.6387687827813e-23,-0.393628650643955
542.2,-2.29610177896184,-2.29610177896184,-0.393104265023349,-6.55279095649212e-23,-0.393104265023349
542.3,-2.17403147225987,-2.17403147225987,-0.392580577980652,-6.467926617787e-23,-0.392580577980652
542.4,-1.40091952981406,-1.40091952981406,-0.392057588585228,-6.38416134603406e-23,-0.392057588585228
542.5,-0.465047178432274,-0.465047178432274,-0.391535295907683,-6.30148090736065e-23,-0.391535295907683
542.6,-0.505737280666269,-0.505737280666269,-0.391013699019861,-6.21987125223561e-23,-0.391013699019861
542.7,-0.261596667262324,-0.261596667262324,-0.390492796994842,-6.13931851308117e-23,-0.390492796994842
542.8,-0.627807587368236,-0.627807587368236,-0.389972588906943,-6.05980900191689e-23,-0.389972588906943
542.9,-1.97058096108992,-1.97058096108992,-0.389453073831711,-5.9813292080335e-23,-0.389453073831711
543,-1.60437004098401,-1.60437004098401,-0.388934250845925,-5.90386579569709e-23,-0.388934250845925
543.1,-0.83125809853819,-0.83125809853819,-0.388416119027596,-5.82740560188315e-23,-0.388416119027596
543.2,-2.37748198342983,-2.37748198342983,-0.387898677455963,-5.7519356340399e-23,-0.387898677455963
543.3,-3.10990382364166,-3.10990382364166,-0.387381925211488,-5.6774430678802e-23,-0.387381925211488
543.4,-3.06921372140766,-3.06921372140766,-0.386865861375863,-5.60391524520283e-23,-0.386865861375863
543.5,-3.19128402810964,-3.19128402810964,-0.386350485032001,-5.53133967174089e-23,-0.386350485032001
543.6,-2.01127106332392,-2.01127106332392,-0.385835795264034,-5.45970401503948e-23,-0.385835795264034
543.7,-2.29610177896185,-2.29610177896185,-0.385321791157321,-5.38899610235947e-23,-0.385321791157321
543.8,-3.15059392587564,-3.15059392587564,-0.384808471798432,-5.31920391860946e-23,-0.384808471798432
543.9,-3.88301576608748,-3.88301576608748,-0.38429583627516,-5.25031560430382e-23,-0.38429583627516
544,-3.63887515268353,-3.63887515268353,-0.383783883676507,-5.18231945354752e-23,-0.383783883676507
544.1,-3.02852361917368,-3.02852361917368,-0.383272613092695,-5.11520391204711e-23,-0.383272613092695
544.2,-3.55749494821555,-3.55749494821555,-0.382762023615153,-5.04895757514736e-23,-0.382762023615153
544.3,-1.92989085885592,-1.92989085885592,-0.382252114336525,-4.98356918589307e-23,-0.382252114336525
544.4,-1.03470860970814,-1.03470860970814,-0.381742884350659,-4.91902763311665e-23,-0.381742884350659
544.5,-2.33679188119584,-2.33679188119584,-0.381234332752612,-4.8553219495494e-23,-0.381234332752612
544.6,-2.74369290353575,-2.74369290353575,-0.380726458638648,-4.79244130995865e-23,-0.380726458638648
544.7,-2.05196116555791,-2.05196116555791,-0.380219261106234,-4.73037502930769e-23,-0.380219261106234
544.8,-4.33060689066137,-4.33060689066137,-0.379712739254039,-4.66911256094046e-23,-0.379712739254039
544.9,-3.27266423257761,-3.27266423257761,-0.379206892181933,-4.60864349478919e-23,-0.379206892181933
545,-3.76094545938551,-3.76094545938551,-0.378701718990985,-4.54895755560549e-23,-0.378701718990985
545.1,-2.41817208566382,-2.41817208566382,-0.37819721878346,-4.49004460121441e-23,-0.37819721878346
545.2,-1.68575024545199,-1.68575024545199,-0.377693390662823,-4.43189462079106e-23,-0.377693390662823
545.3,-1.645060143218,-1.645060143218,-0.37719023373373,-4.37449773315931e-23,-0.37719023373373
545.4,-3.96439597055546,-3.96439597055546,-0.37668774710203,-4.31784418511301e-23,-0.37668774710203
545.5,-2.66231269906776,-2.66231269906776,-0.376185929874765,-4.26192434975823e-23,-0.376185929874765
545.6,-3.19128402810964,-3.19128402810964,-0.375684781160163,-4.20672872487797e-23,-0.375684781160163
545.7,-4.2492266861934,-4.2492266861934,-0.375184300067646,-4.15224793131704e-23,-0.375184300067646
545.8,-3.15059392587565,-3.15059392587565,-0.374684485707816,-4.09847271138853e-23,-0.374684485707816
545.9,-3.19128402810963,-3.19128402810963,-0.374185337192464,-4.0453939273007e-23,-0.374185337192464
546,-3.80163556161949,-3.80163556161949,-0.373686853634562,-3.99300255960389e-23,-0.373686853634562
546.1,-2.98783351693968,-2.98783351693968,-0.373189034148266,-3.94128970565837e-23,-0.373189034148266
546.2,-4.08646627725743,-4.08646627725743,-0.372691877848909,-3.8902465781213e-23,-0.372691877848909
546.3,-4.16784648172542,-4.16784648172542,-0.372195383853005,-3.83986450345359e-23,-0.372195383853005
546.4,-4.45267719736334,-4.45267719736334,-0.371699551278246,-3.79013492044599e-23,-0.371699551278246
546.5,-3.76094545938551,-3.76094545938551,-0.371204379243494,-3.74104937876422e-23,-0.371204379243494
546.6,-2.4995522901318,-2.4995522901318,-0.370709866868792,-3.69259953751338e-23,-0.370709866868792
546.7,-4.28991678842738,-4.28991678842738,-0.370216013275349,-3.64477716382034e-23,-0.370216013275349
546.8,-6.24304169565892,-6.24304169565892,-0.369722817585549,-3.59757413143478e-23,-0.369722817585549
546.9,-4.6561277085333,-4.6561277085333,-0.369230278922944,-3.55098241934852e-23,-0.369230278922944
547,-3.67956525491752,-3.67956525491752,-0.368738396412251,-3.50499411043216e-23,-0.368738396412251
547.1,-1.2381591208781,-1.2381591208781,-0.368247169179357,-3.45960139009026e-23,-0.368247169179357
547.2,-0.627807587368243,-0.627807587368243,-0.367756596351312,-3.41479654493303e-23,-0.367756596351312
547.3,-2.13334137002589,-2.13334137002589,-0.367266677056327,-3.37057196146589e-23,-0.367266677056327
547.4,-3.15059392587565,-3.15059392587565,-0.366777410423777,-3.32692012479558e-23,-0.366777410423777
547.5,-4.12715637949142,-4.12715637949142,-0.366288795584196,-3.28383361735319e-23,-0.366288795584196
547.6,-3.55749494821555,-3.55749494821555,-0.365800831669275,-3.24130511763381e-23,-0.365800831669275
547.7,-3.96439597055545,-3.96439597055545,-0.365313517811864,-3.19932739895246e-23,-0.365313517811864
547.8,-4.53405740183134,-4.53405740183134,-0.364826853145966,-3.15789332821589e-23,-0.364826853145966
547.9,-3.55749494821555,-3.55749494821555,-0.364340836806741,-3.11699586471075e-23,-0.364340836806741
548,-3.27266423257762,-3.27266423257762,-0.363855467930496,-3.07662805890685e-23,-0.363855467930496
548.1,-2.9064533124717,-2.9064533124717,-0.363370745654694,-3.03678305127664e-23,-0.363370745654694
548.2,-1.68575024545199,-1.68575024545199,-0.362886669117942,-2.99745407112931e-23,-0.362886669117942
548.3,-3.27266423257762,-3.27266423257762,-0.362403237459999,-2.95863443546045e-23,-0.362403237459999
548.4,-2.21472157449387,-2.21472157449387,-0.361920449821767,-2.92031754781634e-23,-0.361920449821767
548.5,-2.82507310800372,-2.82507310800372,-0.361438305345294,-2.88249689717302e-23,-0.361438305345294
548.6,-3.96439597055546,-3.96439597055546,-0.360956803173771,-2.84516605682997e-23,-0.360956803173771
548.7,-3.3540444370456,-3.3540444370456,-0.360475942451528,-2.80831868331812e-23,-0.360475942451528
548.8,-5.06302873087321,-5.06302873087321,-0.359995722324039,-2.7719485153217e-23,-0.359995722324039
548.9,-5.1444089353412,-5.1444089353412,-0.359516141937913,-2.73604937261459e-23,-0.359516141937913
549,-3.31335433481162,-3.31335433481162,-0.359037200440897,-2.70061515500973e-23,-0.359037200440897
549.1,-3.84232566385349,-3.84232566385349,-0.358558896981874,-2.66563984132301e-23,-0.358558896981874
549.2,-4.69681781076728,-4.69681781076728,-0.35808123071086,-2.63111748834977e-23,-0.35808123071086
549.3,-4.37129699289537,-4.37129699289537,-0.357604200779004,-2.59704222985508e-23,-0.357604200779004
549.4,-3.43542464151358,-3.43542464151358,-0.357127806338585,-2.56340827557682e-23,-0.357127806338585
549.5,-4.69681781076729,-4.69681781076729,-0.356652046543012,-2.53020991024176e-23,-0.356652046543012
549.6,-5.46992975321311,-5.46992975321311,-0.35617692054682,-2.49744149259445e-23,-0.35617692054682
549.7,-5.71407036661705,-5.71407036661705,-0.355702427505675,-2.46509745443868e-23,-0.355702427505675
549.8,-4.00508607278945,-4.00508607278945,-0.355228566576361,-2.43317229969109e-23,-0.355228566576361
549.9,-4.6561277085333,-4.6561277085333,-0.354755336916793,-2.40166060344753e-23,-0.354755336916793
550,-4.77819801523526,-4.77819801523526,-0.354282737686001,-2.37055701106087e-23,-0.354282737686001
550.1,-5.75476046885104,-5.75476046885104,-0.353810768044138,-2.33985623723151e-23,-0.353810768044138
550.2,-6.44649220682888,-6.44649220682888,-0.353339427152478,-2.30955306510895e-23,-0.353339427152478
550.3,-4.16784648172542,-4.16784648172542,-0.352868714173409,-2.27964234540554e-23,-0.352868714173409
550.4,-4.73750791300128,-4.73750791300128,-0.352398628270436,-2.2501189955213e-23,-0.352398628270436
550.5,-4.2492266861934,-4.2492266861934,-0.351929168608179,-2.22097799868033e-23,-0.351929168608179
550.6,-4.12715637949141,-4.12715637949141,-0.35146033435237,-2.19221440307839e-23,-0.35146033435237
550.7,-5.34785944651115,-5.34785944651115,-0.350992124669853,-2.1638233210414e-23,-0.350992124669853
550.8,-5.59200005991508,-5.59200005991508,-0.350524538728582,-2.13579992819489e-23,-0.350524538728582
550.9,-5.30716934427715,-5.30716934427715,-0.35005757569762,-2.10813946264428e-23,-0.35005757569762
551,-4.45267719736334,-4.45267719736334,-0.349591234747134,-2.08083722416554e-23,-0.349591234747134
551.1,-3.39473453927959,-3.39473453927959,-0.3491255150484,-2.05388857340678e-23,-0.3491255150484
551.2,-3.92370586832147,-3.92370586832147,-0.348660415773796,-2.02728893109964e-23,-0.348660415773796
551.3,-5.26647924204316,-5.26647924204316,-0.348195936096804,-2.00103377728133e-23,-0.348195936096804
551.4,-7.09753384257272,-7.09753384257272,-0.347732075192006,-1.9751186505265e-23,-0.347732075192006
551.5,-6.03959118448898,-6.03959118448898,-0.347268832235083,-1.94953914718909e-23,-0.347268832235083
551.6,-3.31335433481161,-3.31335433481161,-0.346806206402815,-1.9242909206541e-23,-0.346806206402815
551.7,-3.39473453927958,-3.39473453927958,-0.34634419687308,-1.89936968059902e-23,-0.34634419687308
551.8,-4.57474750406531,-4.57474750406531,-0.345882802824849,-1.87477119226469e-23,-0.345882802824849
551.9,-3.67956525491752,-3.67956525491752,-0.345422023438189,-1.85049127573584e-23,-0.345422023438189
552,-2.21472157449387,-2.21472157449387,-0.344961857894255,-1.82652580523058e-23,-0.344961857894255
552.1,-3.67956525491752,-3.67956525491752,-0.344502305375298,-1.80287070839966e-23,-0.344502305375298
552.2,-2.41817208566382,-2.41817208566382,-0.344043365064656,-1.77952196563417e-23,-0.344043365064656
552.3,-3.88301576608747,-3.88301576608747,-0.343585036146755,-1.7564756093827e-23,-0.343585036146755
552.4,-6.32442190012691,-6.32442190012691,-0.343127317807108,-1.73372772347707e-23,-0.343127317807108
552.5,-5.1037188331072,-5.1037188331072,-0.342670209232311,-1.71127444246682e-23,-0.342670209232311
552.6,-3.59818505044954,-3.59818505044954,-0.342213709610047,-1.68911195096249e-23,-0.342213709610047
552.7,-3.47611474374757,-3.47611474374757,-0.341757818129079,-1.66723648298724e-23,-0.341757818129079
552.8,-4.04577617502344,-4.04577617502344,-0.341302533979252,-1.64564432133686e-23,-0.341302533979252
552.9,-4.81888811746926,-4.81888811746926,-0.340847856351488,-1.62433179694822e-23,-0.340847856351488
553,-4.85957821970325,-4.85957821970325,-0.340393784437788,-1.60329528827567e-23,-0.340393784437788
553.1,-4.08646627725743,-4.08646627725743,-0.339940317431231,-1.58253122067579e-23,-0.339940317431231
553.2,-4.85957821970325,-4.85957821970325,-0.33948745452597,-1.56203606579987e-23,-0.33948745452597
553.3,-5.18509903757518,-5.18509903757518,-0.339035194917229,-1.5418063409944e-23,-0.339035194917229
553.4,-5.18509903757518,-5.18509903757518,-0.338583537801308,-1.52183860870926e-23,-0.338583537801308
553.5,-5.67338026438306,-5.67338026438306,-0.338132482375576,-1.50212947591357e-23,-0.338132482375576
553.6,-5.71407036661705,-5.71407036661705,-0.33768202783847,-1.48267559351914e-23,-0.33768202783847
553.7,-4.2492266861934,-4.2492266861934,-0.337232173389498,-1.46347365581144e-23,-0.337232173389498
553.8,-2.82507310800372,-2.82507310800372,-0.33678291822923,-1.44452039988776e-23,-0.33678291822923
553.9,-3.10990382364166,-3.10990382364166,-0.336334261559306,-1.42581260510287e-23,-0.336334261559306
554,-2.25541167672786,-2.25541167672786,-0.335886202582425,-1.40734709252161e-23,-0.335886202582425
554.1,-2.29610177896184,-2.29610177896184,-0.335438740502351,-1.38912072437888e-23,-0.335438740502351
554.2,-4.2085365839594,-4.2085365839594,-0.334991874523907,-1.37113040354632e-23,-0.334991874523907
554.3,-4.04577617502344,-4.04577617502344,-0.334545603852978,-1.35337307300611e-23,-0.334545603852978
554.4,-4.53405740183134,-4.53405740183134,-0.334099927696504,-1.33584571533143e-23,-0.334099927696504
554.5,-4.7375079130013,-4.7375079130013,-0.333654845262482,-1.31854535217376e-23,-0.333654845262482
554.6,-3.10990382364166,-3.10990382364166,-0.333210355759966,-1.3014690437568e-23,-0.333210355759966
554.7,-3.63887515268353,-3.63887515268353,-0.332766458399061,-1.28461388837692e-23,-0.332766458399061
554.8,-2.9471434147057,-2.9471434147057,-0.332323152390927,-1.26797702191004e-23,-0.332323152390927
554.9,-2.70300280130175,-2.70300280130175,-0.331880436947774,-1.25155561732504e-23,-0.331880436947774
555,-2.37748198342982,-2.37748198342982,-0.331438311282859,-1.23534688420321e-23,-0.331438311282859
555.1,-1.03470860970814,-1.03470860970814,-0.33099677461049,-1.21934806826427e-23,-0.33099677461049
555.2,-0.953328405240161,-0.953328405240161,-0.330555826146021,-1.20355645089822e-23,-0.330555826146021
555.3,-0.668497689602236,-0.668497689602236,-0.33011546510585,-1.18796934870347e-23,-0.33011546510585
555.4,-2.0519611655579,-2.0519611655579,-0.329675690707423,-1.17258411303077e-23,-0.329675690707423
555.5,-3.23197413034363,-3.23197413034363,-0.329236502169223,-1.15739812953318e-23,-0.329236502169223
555.6,-3.43542464151358,-3.43542464151358,-0.328797898710777,-1.14240881772185e-23,-0.328797898710777
555.7,-4.41198709512935,-4.41198709512935,-0.328359879552651,-1.12761363052749e-23,-0.328359879552651
555.8,-3.15059392587564,-3.15059392587564,-0.327922443916451,-1.11301005386756e-23,-0.327922443916451
555.9,-2.54024239236578,-2.54024239236578,-0.327485591024818,-1.09859560621913e-23,-0.327485591024818
556,-1.72644034768597,-1.72644034768597,-0.327049320101429,-1.08436783819706e-23,-0.327049320101429
556.1,-1.56367993875002,-1.56367993875002,-0.326613630370996,-1.07032433213794e-23,-0.326613630370996
556.2,-1.80782055215396,-1.80782055215396,-0.326178521059262,-1.05646270168918e-23,-0.326178521059262
556.3,-2.37748198342983,-2.37748198342983,-0.325743991393005,-1.04278059140354e-23,-0.325743991393005
556.4,-3.31335433481161,-3.31335433481161,-0.325310040600029,-1.02927567633888e-23,-0.325310040600029
556.5,-4.53405740183134,-4.53405740183134,-0.324876667909169,-1.01594566166305e-23,-0.324876667909169
556.6,-2.70300280130176,-2.70300280130176,-0.324443872550287,-1.00278828226398e-23,-0.324443872550287
556.7,-3.51680484598155,-3.51680484598155,-0.324011653754271,-9.89801302364795e-24,-0.324011653754271
556.8,-4.04577617502344,-4.04577617502344,-0.323580010753033,-9.76982515143843e-24,-0.323580010753033
556.9,-3.19128402810963,-3.19128402810963,-0.323148942779509,-9.64329742359773e-24,-0.323148942779509
557,-2.37748198342982,-2.37748198342982,-0.322718449067656,-9.51840833981282e-24,-0.322718449067656
557.1,-2.0519611655579,-2.0519611655579,-0.322288528852452,-9.39513667821911e-24,-0.322288528852452
557.2,-2.74369290353574,-2.74369290353574,-0.321859181369896,-9.27346149179319e-24,-0.321859181369896
557.3,-2.01127106332391,-2.01127106332391,-0.321430405857,-9.1533621047941e-24,-0.321430405857
557.4,-3.31335433481161,-3.31335433481161,-0.321002201551798,-9.03481810924952e-24,-0.321002201551798
557.5,-3.43542464151358,-3.43542464151358,-0.320574567693335,-8.91780936148801e-24,-0.320574567693335
557.6,-2.45886218789781,-2.45886218789781,-0.320147503521673,-8.80231597871633e-24,-0.320147503521673
557.7,-2.45886218789781,-2.45886218789781,-0.319721008277882,-8.68831833564079e-24,-0.319721008277882
557.8,-2.90645331247171,-2.90645331247171,-0.319295081204047,-8.57579706113208e-24,-0.319295081204047
557.9,-2.17403147225988,-2.17403147225988,-0.318869721543262,-8.4647330349342e-24,-0.318869721543262
558,-3.67956525491753,-3.67956525491753,-0.318444928539627,-8.3551073844145e-24,-0.318444928539627
558.1,-4.37129699289537,-4.37129699289537,-0.318020701438252,-8.24690148135793e-24,-0.318020701438252
558.2,-4.37129699289537,-4.37129699289537,-0.317597039485251,-8.14009693880065e-24,-0.317597039485251
558.3,-3.27266423257762,-3.27266423257762,-0.317173941927742,-8.0346756079062e-24,-0.317173941927742
558.4,-2.9064533124717,-2.9064533124717,-0.316751408013848,-7.93061957488126e-24,-0.316751408013848
558.5,-3.67956525491753,-3.67956525491753,-0.316329436992691,-7.82791115793153e-24,-0.316329436992691
558.6,-5.30716934427714,-5.30716934427714,-0.315908028114395,-7.72653290425749e-24,-0.315908028114395
558.7,-4.12715637949142,-4.12715637949142,-0.315487180630082,-7.62646758708861e-24,-0.315487180630082
558.8,-2.9471434147057,-2.9471434147057,-0.315066893791873,-7.52769820275581e-24,-0.315066893791873
558.9,-2.9878335169397,-2.9878335169397,-0.314647166852884,-7.43020796780263e-24,-0.314647166852884
559,-3.43542464151358,-3.43542464151358,-0.314227999067227,-7.33398031613241e-24,-0.314227999067227
559.1,-2.58093249459978,-2.58093249459978,-0.313809389690005,-7.2389988961944e-24,-0.313809389690005
559.2,-4.08646627725742,-4.08646627725742,-0.313391337977319,-7.14524756820432e-24,-0.313391337977319
559.3,-5.99890108225499,-5.99890108225499,-0.312973843186254,-7.0527104014023e-24,-0.312973843186254
559.4,-4.57474750406531,-4.57474750406531,-0.312556904574891,-6.9613716713456e-24,-0.312556904574891
559.5,-3.31335433481161,-3.31335433481161,-0.312140521402295,-6.87121585723655e-24,-0.312140521402295
559.6,-3.59818505044954,-3.59818505044954,-0.311724692928519,-6.78222763928543e-24,-0.311724692928519
559.7,-3.10990382364165,-3.10990382364165,-0.311309418414604,-6.69439189610718e-24,-0.311309418414604
559.8,-2.9064533124717,-2.9064533124717,-0.310894697122573,-6.60769370215165e-24,-0.310894697122573
559.9,-3.27266423257761,-3.27266423257761,-0.310480528315433,-6.5221183251678e-24,-0.310480528315433
560,-1.97058096108992,-1.97058096108992,-0.310066911257172,-6.43765122369961e-24,-0.310066911257172
560.1,-0.994018507474154,-0.994018507474154,-0.30965384521276,-6.35427804461599e-24,-0.30965384521276
560.2,-1.11608881417612,-1.11608881417612,-0.309241329448145,-6.27198462067111e-24,-0.309241329448145
560.3,-3.06921372140767,-3.06921372140767,-0.308829363230254,-6.19075696809743e-24,-0.308829363230254
560.4,-3.84232566385348,-3.84232566385348,-0.308417945826989,-6.11058128422943e-24,-0.308417945826989
560.5,-2.70300280130175,-2.70300280130175,-0.308007076507229,-6.03144394515776e-24,-0.308007076507229
560.6,-3.55749494821555,-3.55749494821555,-0.307596754540825,-5.9533315034148e-24,-0.307596754540825
560.7,-4.28991678842738,-4.28991678842738,-0.307186979198603,-5.87623068568933e-24,-0.307186979198603
560.8,-5.79545057108504,-5.79545057108504,-0.306777749752358,-5.80012839057104e-24,-0.306777749752358
560.9,-6.08028128672297,-6.08028128672297,-0.306369065474859,-5.72501168632426e-24,-0.306369065474859
561,-4.98164852640523,-4.98164852640523,-0.305960925639838,-5.65086780869032e-24,-0.305960925639838
561.1,-4.73750791300128,-4.73750791300128,-0.305553329521999,-5.57768415871909e-24,-0.305553329521999
561.2,-3.15059392587565,-3.15059392587565,-0.305146276397011,-5.50544830062775e-24,-0.305146276397011
561.3,-2.41817208566382,-2.41817208566382,-0.304739765541508,-5.43414795968751e-24,-0.304739765541508
561.4,-1.60437004098401,-1.60437004098401,-0.304333796233088,-5.36377102013827e-24,-0.304333796233088
561.5,-2.37748198342982,-2.37748198342982,-0.303928367750309,-5.29430552312913e-24,-0.303928367750309
561.6,-1.48229973428204,-1.48229973428204,-0.303523479372693,-5.22573966468712e-24,-0.303523479372693
561.7,-2.25541167672786,-2.25541167672786,-0.303119130380721,-5.15806179371073e-24,-0.303119130380721
561.8,-2.21472157449386,-2.21472157449386,-0.302715320055833,-5.09126040999049e-24,-0.302715320055833
561.9,-2.54024239236579,-2.54024239236579,-0.302312047680424,-5.02532416225458e-24,-0.302312047680424
562,-2.09265126779189,-2.09265126779189,-0.301909312537847,-4.96024184623993e-24,-0.301909312537847
562.1,-1.27884922311207,-1.27884922311207,-0.30150711391241,-4.89600240278851e-24,-0.30150711391241
562.2,-1.645060143218,-1.645060143218,-0.301105451089373,-4.83259491596804e-24,-0.301105451089373
562.3,-2.21472157449387,-2.21472157449387,-0.30070432335495,-4.77000861121693e-24,-0.30070432335495
562.4,-2.82507310800372,-2.82507310800372,-0.300303729996303,-4.70823285351373e-24,-0.300303729996303
562.5,-2.17403147225987,-2.17403147225987,-0.299903670301546,-4.64725714556943e-24,-0.299903670301546
562.6,-2.05196116555791,-2.05196116555791,-0.299504143559741,-4.58707112604435e-24,-0.299504143559741
562.7,-3.10990382364166,-3.10990382364166,-0.299105149060897,-4.527664567787e-24,-0.299105149060897
562.8,-1.72644034768598,-1.72644034768598,-0.298706686095968,-4.4690273760965e-24,-0.298706686095968
562.9,-1.15677891641012,-1.15677891641012,-0.298308753956854,-4.41114958700706e-24,-0.298308753956854
563,-3.23197413034363,-3.23197413034363,-0.297911351936397,-4.35402136559484e-24,-0.297911351936397
563.1,-3.06921372140767,-3.06921372140767,-0.297514479328382,-4.29763300430688e-24,-0.297514479328382
563.2,-2.58093249459978,-2.58093249459978,-0.297118135427535,-4.24197492131153e-24,-0.297118135427535
563.3,-3.76094545938551,-3.76094545938551,-0.296722319529519,-4.18703765887008e-24,-0.296722319529519
563.4,-2.98783351693968,-2.98783351693968,-0.29632703093094,-4.13281188172992e-24,-0.29632703093094
563.5,-2.78438300576974,-2.78438300576974,-0.295932268929336,-4.07928837553777e-24,-0.295932268929336
563.6,-2.17403147225987,-2.17403147225987,-0.295538032823184,-4.02645804527455e-24,-0.295538032823184
563.7,-2.21472157449387,-2.21472157449387,-0.295144321911895,-3.97431191370941e-24,-0.295144321911895
563.8,-2.9064533124717,-2.9064533124717,-0.294751135495813,-3.92284111987454e-24,-0.294751135495813
563.9,-3.15059392587565,-3.15059392587565,-0.294358472876215,-3.87203691755931e-24,-0.294358472876215
564,-2.41817208566382,-2.41817208566382,-0.293966333355306,-3.82189067382408e-24,-0.293966333355306
564.1,-1.72644034768598,-1.72644034768598,-0.293574716236223,-3.77239386753332e-24,-0.293574716236223
564.2,-0.831258098538188,-0.831258098538188,-0.293183620823032,-3.72353808790768e-24,-0.293183620823032
564.3,-3.06921372140767,-3.06921372140767,-0.292793046420724,-3.6753150330946e-24,-0.292793046420724
564.4,-3.76094545938551,-3.76094545938551,-0.292402992335217,-3.62771650875788e-24,-0.292402992335217
564.5,-2.82507310800372,-2.82507310800372,-0.292013457873354,-3.58073442668484e-24,-0.292013457873354
564.6,-1.31953932534607,-1.31953932534607,-0.2916244423429,-3.53436080341245e-24,-0.2916244423429
564.7,-0.302286769496315,-0.302286769496315,-0.291235945052545,-3.48858775887031e-24,-0.291235945052545
564.8,-0.465047178432274,-0.465047178432274,-0.290847965311895,-3.44340751504187e-24,-0.290847965311895
564.9,-2.25541167672786,-2.25541167672786,-0.290460502431482,-3.39881239464261e-24,-0.290460502431482
565,-3.02852361917367,-3.02852361917367,-0.290073555722751,-3.35479481981548e-24,-0.290073555722751
565.1,-0.831258098538188,-0.831258098538188,-0.289687124498067,-3.3113473108433e-24,-0.289687124498067
565.2,-1.88920075662194,-1.88920075662194,-0.289301208070712,-3.2684624848778e-24,-0.289301208070712
565.3,-3.06921372140767,-3.06921372140767,-0.28891580575488,-3.22613305468488e-24,-0.28891580575488
565.4,-2.58093249459978,-2.58093249459978,-0.288530916865681,-3.18435182740662e-24,-0.288530916865681
565.5,-3.88301576608747,-3.88301576608747,-0.288146540719136,-3.14311170333864e-24,-0.288146540719136
565.6,-3.7609454593855,-3.7609454593855,-0.287762676632177,-3.10240567472411e-24,-0.287762676632177
565.7,-3.47611474374756,-3.47611474374756,-0.287379323922647,-3.06222682456262e-24,-0.287379323922647
565.8,-3.02852361917367,-3.02852361917367,-0.286996481909299,-3.02256832543502e-24,-0.286996481909299
565.9,-2.90645331247171,-2.90645331247171,-0.28661414991179,-2.9834234383431e-24,-0.28661414991179
566,-2.78438300576974,-2.78438300576974,-0.286232327250685,-2.94478551156454e-24,-0.286232327250685
566.1,-4.81888811746926,-4.81888811746926,-0.285851013247457,-2.9066479795226e-24,-0.285851013247457
566.2,-4.61543760629931,-4.61543760629931,-0.285470207224477,-2.86900436167054e-24,-0.285470207224477
566.3,-3.3540444370456,-3.3540444370456,-0.285089908505025,-2.83184826139024e-24,-0.285089908505025
566.4,-3.43542464151358,-3.43542464151358,-0.284710116413278,-2.79517336490547e-24,-0.284710116413278
566.5,-1.40091952981405,-1.40091952981405,-0.284330830274315,-2.75897344020868e-24,-0.284330830274315
566.6,-1.07539871194213,-1.07539871194213,-0.283952049414114,-2.72324233600243e-24,-0.283952049414114
566.7,-2.54024239236578,-2.54024239236578,-0.283573773159552,-2.68797398065384e-24,-0.283573773159552
566.8,-2.33679188119583,-2.33679188119583,-0.2831960008384,-2.65316238116299e-24,-0.2831960008384
566.9,-0.261596667262317,-0.261596667262317,-0.282818731779327,-2.61880162214452e-24,-0.282818731779327
567,0.999796501991386,0.999796501991386,-0.282441965311896,-2.58488586482239e-24,-0.282441965311896
567.1,-1.72644034768597,-1.72644034768597,-0.282065700766562,-2.55140934603782e-24,-0.282065700766562
567.2,-3.43542464151358,-3.43542464151358,-0.281689937474672,-2.51836637727e-24,-0.281689937474672
567.3,-3.72025535715151,-3.72025535715151,-0.281314674768466,-2.48575134366932e-24,-0.281314674768466
567.4,-3.51680484598156,-3.51680484598156,-0.280939911981072,-2.45355870310347e-24,-0.280939911981072
567.5,-3.27266423257761,-3.27266423257761,-0.280565648446504,-2.42178298521539e-24,-0.280565648446504
567.6,-3.67956525491753,-3.67956525491753,-0.280191883499668,-2.39041879049408e-24,-0.280191883499668
567.7,-3.10990382364165,-3.10990382364165,-0.279818616476353,-2.35946078935678e-24,-0.279818616476353
567.8,-1.72644034768597,-1.72644034768597,-0.279445846713233,-2.32890372124355e-24,-0.279445846713233
567.9,-1.15677891641011,-1.15677891641011,-0.279073573547866,-2.29874239372322e-24,-0.279073573547866
568,-1.76713044991997,-1.76713044991997,-0.278701796318693,-2.2689716816111e-24,-0.278701796318693
568.1,-1.23815912087809,-1.23815912087809,-0.278330514365037,-2.23958652609813e-24,-0.278330514365037
568.2,-1.31953932534608,-1.31953932534608,-0.277959727027098,-2.21058193389123e-24,-0.277959727027098
568.3,-1.48229973428204,-1.48229973428204,-0.277589433645958,-2.18195297636477e-24,-0.277589433645958
568.4,-1.645060143218,-1.645060143218,-0.277219633563577,-2.1536947887232e-24,-0.277219633563577
568.5,-1.92989085885593,-1.92989085885593,-0.276850326122789,-2.12580256917413e-24,-0.276850326122789
568.6,-2.13334137002588,-2.13334137002588,-0.276481510667305,-2.09827157811272e-24,-0.276481510667305
568.7,-0.261596667262327,-0.261596667262327,-0.276113186541712,-2.07109713731603e-24,-0.276113186541712
568.8,-1.23815912087809,-1.23815912087809,-0.275745353091466,-2.04427462914824e-24,-0.275745353091466
568.9,-1.1974690186441,-1.1974690186441,-0.275378009662899,-2.01779949577592e-24,-0.275378009662899
569,-0.790567996304205,-0.790567996304205,-0.275011155603211,-1.99166723839347e-24,-0.275011155603211
569.1,-0.912638303006178,-0.912638303006178,-0.274644790260474,-1.96587341645879e-24,-0.274644790260474
569.2,0.185994457311575,0.185994457311575,-0.274278912983626,-1.9404136469387e-24,-0.274278912983626
569.3,-1.15677891641011,-1.15677891641011,-0.273913523122476,-1.91528360356402e-24,-0.273913523122476
569.4,-1.88920075662194,-1.88920075662194,-0.273548620027694,-1.89047901609463e-24,-0.273548620027694
569.5,-2.05196116555791,-2.05196116555791,-0.273184203050819,-1.86599566959358e-24,-0.273184203050819
569.6,-0.994018507474145,-0.994018507474145,-0.272820271544253,-1.84182940371115e-24,-0.272820271544253
569.7,-1.604370040984,-1.604370040984,-0.272456824861261,-1.81797611197769e-24,-0.272456824861261
569.8,-2.33679188119584,-2.33679188119584,-0.272093862355967,-1.79443174110595e-24,-0.272093862355967
569.9,-2.09265126779189,-2.09265126779189,-0.27173138338336,-1.77119229030226e-24,-0.27173138338336
570,-2.09265126779189,-2.09265126779189,-0.271369387299283,-1.74825381058667e-24,-0.271369387299283
570.1,-2.70300280130175,-2.70300280130175,-0.271007873460442,-1.72561240412197e-24,-0.271007873460442
570.2,-3.27266423257762,-3.27266423257762,-0.270646841224397,-1.70326422355137e-24,-0.270646841224397
570.3,-4.04577617502344,-4.04577617502344,-0.270286289949564,-1.68120547134464e-24,-0.270286289949564
570.4,-3.31335433481161,-3.31335433481161,-0.269926218995216,-1.65943239915294e-24,-0.269926218995216
570.5,-3.8016355616195,-3.8016355616195,-0.269566627721477,-1.63794130717168e-24,-0.269566627721477
570.6,-3.02852361917368,-3.02852361917368,-0.269207515489323,-1.61672854351207e-24,-0.269207515489323
570.7,-3.02852361917368,-3.02852361917368,-0.268848881660585,-1.59579050358042e-24,-0.268848881660585
570.8,-0.994018507474157,-0.994018507474157,-0.268490725597941,-1.57512362946565e-24,-0.268490725597941
570.9,-1.40091952981406,-1.40091952981406,-0.268133046664919,-1.55472440933475e-24,-0.268133046664919
571,-2.58093249459978,-2.58093249459978,-0.267775844225894,-1.53458937683595e-24,-0.267775844225894
571.1,-4.33060689066139,-4.33060689066139,-0.267419117646089,-1.51471511050978e-24,-0.267419117646089
571.2,-1.97058096108992,-1.97058096108992,-0.267062866291572,-1.49509823320765e-24,-0.267062866291572
571.3,-0.709187791836221,-0.709187791836221,-0.266707089529256,-1.47573541151796e-24,-0.266707089529256
571.4,-2.01127106332391,-2.01127106332391,-0.266351786726897,-1.45662335519975e-24,-0.266351786726897
571.5,-1.92989085885593,-1.92989085885593,-0.265996957253093,-1.4377588166234e-24,-0.265996957253093
571.6,-2.01127106332392,-2.01127106332392,-0.265642600477284,-1.41913859021907e-24,-0.265642600477284
571.7,-1.31953932534607,-1.31953932534607,-0.265288715769749,-1.40075951193175e-24,-0.265288715769749
571.8,0.104614252843594,0.104614252843594,-0.264935302501607,-1.38261845868372e-24,-0.264935302501607
571.9,2.05773916007514,2.05773916007514,-0.264582360044814,-1.36471234784383e-24,-0.264582360044814
572,0.430135070715513,0.430135070715513,-0.264229887772163,-1.34703813670367e-24,-0.264229887772163
572.1,-1.88920075662194,-1.88920075662194,-0.263877885057281,-1.32959282196054e-24,-0.263877885057281
572.2,-0.58711748513425,-0.58711748513425,-0.263526351274632,-1.31237343920717e-24,-0.263526351274632
572.3,0.9184162975234,0.9184162975234,-0.263175285799513,-1.29537706242788e-24,-0.263175285799513
572.4,0.511515275183496,0.511515275183496,-0.262824688008051,-1.2786008035015e-24,-0.262824688008051
572.5,0.877726195289412,0.877726195289412,-0.262474557277206,-1.26204181171045e-24,-0.262474557277206
572.6,0.470825172949501,0.470825172949501,-0.262124892984768,-1.24569727325652e-24,-0.262124892984768
572.7,0.67427568411946,0.67427568411946,-0.261775694509354,-1.22956441078257e-24,-0.261775694509354
572.8,0.999796501991381,0.999796501991381,-0.261426961230412,-1.21364048290067e-24,-0.261426961230412
572.9,1.28462721762932,1.28462721762932,-0.261078692528215,-1.19792278372624e-24,-0.261078692528215
573,2.2204995690111,2.2204995690111,-0.260730887783859,-1.18240864241827e-24,-0.260730887783859
573.1,2.2204995690111,2.2204995690111,-0.260383546379269,-1.16709542272542e-24,-0.260383546379269
573.2,2.83085110252096,2.83085110252096,-0.260036667697191,-1.15198052253817e-24,-0.260036667697191
573.3,5.84191866783625,5.84191866783625,-0.259690251121194,-1.13706137344651e-24,-0.259690251121194
573.4,5.10949682762443,5.10949682762443,-0.259344296035667,-1.12233544030364e-24,-0.259344296035667
573.5,3.8887937606047,3.8887937606047,-0.258998801825821,-1.10780022079503e-24,-0.258998801825821
573.6,4.41776508964659,4.41776508964659,-0.258653767877684,-1.09345324501336e-24,-0.258653767877684
573.7,4.09224427177466,4.09224427177466,-0.258309193578104,-1.07929207503875e-24,-0.258309193578104
573.8,3.8887937606047,3.8887937606047,-0.257965078314744,-1.06531430452448e-24,-0.257965078314744
573.9,2.34256987571307,2.34256987571307,-0.257621421476083,-1.05151755828815e-24,-0.257621421476083
574,2.46464018241504,2.46464018241504,-0.257278222451417,-1.03789949190798e-24,-0.257278222451417
574.1,2.30187977347909,2.30187977347909,-0.256935480630851,-1.02445779132452e-24,-0.256935480630851
574.2,3.19706202262688,3.19706202262688,-0.256593195405307,-1.01119017244743e-24,-0.256593195405307
574.3,3.76672345390275,3.76672345390275,-0.256251366166517,-9.98094380767267e-25,-0.256251366166517
574.4,3.9294838628387,3.9294838628387,-0.255909992307022,-9.85168190972513e-25,-0.255909992307022
574.5,4.41776508964658,4.41776508964658,-0.255569073220174,-9.72409406571286e-25,-0.255569073220174
574.6,3.48189273826481,3.48189273826481,-0.255228608300131,-9.59815859518255e-25,-0.255228608300131
574.7,4.01086406730668,4.01086406730668,-0.25488859694186,-9.4738540984612e-25,-0.25488859694186
574.8,4.78397600975251,4.78397600975251,-0.254549038541134,-9.35115945302037e-25,-0.254549038541134
574.9,4.05155416954067,4.05155416954067,-0.254209932494531,-9.23005380988687e-25,-0.254209932494531
575,3.07499171592491,3.07499171592491,-0.25387127819943,-9.1105165900993e-25,-0.25387127819943
575.1,3.56327294273279,3.56327294273279,-0.253533075054018,-8.99252748121207e-25,-0.253533075054018
575.2,3.15637192039288,3.15637192039288,-0.253195322457278,-8.87606643384346e-25,-0.253195322457278
575.3,3.68534324943476,3.68534324943476,-0.252858019808998,-8.76111365826864e-25,-0.252858019808998
575.4,3.0749917159249,3.0749917159249,-0.252521166509764,-8.64764962105691e-25,-0.252521166509764
575.5,2.05773916007514,2.05773916007514,-0.25218476196096,-8.53565504175213e-25,-0.25218476196096
575.6,2.87154120475494,2.87154120475494,-0.251848805564768,-8.4251108895973e-25,-0.251848805564768
575.7,3.56327294273279,3.56327294273279,-0.251513296724167,-8.31599838030014e-25,-0.251513296724167
575.8,3.80741355613673,3.80741355613673,-0.251178234842931,-8.20829897284113e-25,-0.251178234842931
575.9,3.23775212486086,3.23775212486086,-0.250843619325628,-8.10199436632339e-25,-0.250843619325628
576,1.97635895560715,1.97635895560715,-0.250509449577619,-7.99706649686206e-25,-0.250509449577619
576.1,2.99361151145692,2.99361151145692,-0.250175725005057,-7.89349753451562e-25,-0.250175725005057
576.2,5.15018692985842,5.15018692985842,-0.249842445014888,-7.7912698802558e-25,-0.249842445014888
576.3,2.87154120475495,2.87154120475495,-0.249509609014844,-7.69036616297705e-25,-0.249509609014844
576.4,3.31913232932884,3.31913232932884,-0.249177216413452,-7.59076923654473e-25,-0.249177216413452
576.5,3.19706202262687,3.19706202262687,-0.248845266620022,-7.4924621768812e-25,-0.248845266620022
576.6,4.53983539634857,4.53983539634857,-0.248513759044651,-7.3954282790908e-25,-0.248513759044651
576.7,4.29569478294463,4.29569478294463,-0.248182693098226,-7.29965105462067e-25,-0.248182693098226
576.8,4.21431457847663,4.21431457847663,-0.247852068192415,-7.20511422845887e-25,-0.247852068192415
576.9,4.8246661119865,4.8246661119865,-0.247521883739671,-7.11180173636935e-25,-0.247521883739671
577,2.91223130698895,2.91223130698895,-0.247192139153229,-7.01969772216134e-25,-0.247192139153229
577.1,2.91223130698895,2.91223130698895,-0.246862833847107,-6.92878653499605e-25,-0.246862833847107
577.2,3.60396304496678,3.60396304496678,-0.246533967236103,-6.83905272672634e-25,-0.246533967236103
577.3,3.23775212486087,3.23775212486087,-0.246205538735795,-6.75048104927222e-25,-0.246205538735795
577.4,2.01704905784115,2.01704905784115,-0.245877547762539,-6.66305645202946e-25,-0.245877547762539
577.5,2.70878079581899,2.70878079581899,-0.245549993733467,-6.57676407931219e-25,-0.245549993733467
577.6,1.32531731986331,1.32531731986331,-0.245222876066491,-6.49158926782863e-25,-0.245222876066491
577.7,1.85428864890519,1.85428864890519,-0.244896194180296,-6.4075175441895e-25,-0.244896194180296
577.8,2.2611896712451,2.2611896712451,-0.244569947494343,-6.3245346224483e-25,-0.244569947494343
577.9,0.226684559545566,0.226684559545566,-0.244244135428863,-6.24262640167421e-25,-0.244244135428863
578,1.89497875113918,1.89497875113918,-0.243918757404864,-6.1617789635553e-25,-0.243918757404864
578.1,1.48807772879928,1.48807772879928,-0.243593812844122,-6.0819785700343e-25,-0.243593812844122
578.2,1.52876783103325,1.52876783103325,-0.243269301169184,-6.00321166097347e-25,-0.243269301169184
578.3,2.26118967124508,2.26118967124508,-0.242945221803368,-5.92546485185081e-25,-0.242945221803368
578.4,2.30187977347908,2.30187977347908,-0.242621574170758,-5.84872493148543e-25,-0.242621574170758
578.5,3.23775212486086,3.23775212486086,-0.242298357696206,-5.77297885979264e-25,-0.242298357696206
578.6,2.62740059135101,2.62740059135101,-0.241975571805331,-5.69821376556824e-25,-0.241975571805331
578.7,1.44738762656528,1.44738762656528,-0.241653215924516,-5.62441694430142e-25,-0.241653215924516
578.8,1.52876783103326,1.52876783103326,-0.241331289480908,-5.55157585601566e-25,-0.241331289480908
578.9,2.54602038688302,2.54602038688302,-0.24100979190242,-5.47967812313827e-25,-0.24100979190242
579,1.36600742209729,1.36600742209729,-0.240688722617722,-5.40871152839648e-25,-0.240688722617722
579.1,1.32531731986331,1.32531731986331,-0.24036808105625,-5.33866401274224e-25,-0.24036808105625
579.2,1.32531731986331,1.32531731986331,-0.240047866648198,-5.2695236733024e-25,-0.240047866648198
579.3,0.877726195289408,0.877726195289408,-0.239728078824519,-5.20127876135653e-25,-0.239728078824519
579.4,0.511515275183491,0.511515275183491,-0.239408717016924,-5.13391768034026e-25,-0.239408717016924
579.5,0.837036093055427,0.837036093055427,-0.239089780657881,-5.06742898387472e-25,-0.239089780657881
579.6,-0.139526360560355,-0.139526360560355,-0.238771269180616,-5.00180137382169e-25,-0.238771269180616
579.7,1.48807772879927,1.48807772879927,-0.238453182019106,-4.93702369836373e-25,-0.238453182019106
579.8,1.3660074220973,1.3660074220973,-0.238135518608087,-4.87308495010899e-25,-0.238135518608087
579.9,-1.1974690186441,-1.1974690186441,-0.237818278383045,-4.8099742642211e-25,-0.237818278383045
580,-0.871948200772178,-0.871948200772178,-0.237501460780218,-4.74768091657244e-25,-0.237501460780218
580.1,-1.11608881417612,-1.11608881417612,-0.237185065236595,-4.68619432192251e-25,-0.237185065236595
580.2,-0.749877894070219,-0.749877894070219,-0.236869091189918,-4.62550403211865e-25,-0.236869091189918
580.3,-0.546427382900262,-0.546427382900262,-0.236553538078673,-4.56559973432101e-25,-0.236553538078673
580.4,-0.261596667262334,-0.261596667262334,-0.236238405342098,-4.50647124924991e-25,-0.236238405342098
580.5,-0.424357076198288,-0.424357076198288,-0.235923692420177,-4.44810852945613e-25,-0.235923692420177
580.6,0.0639241506095972,0.0639241506095972,-0.235609398753639,-4.3905016576137e-25,-0.235609398753639
580.7,1.16255691092735,1.16255691092735,-0.235295523783959,-4.33364084483472e-25,-0.235295523783959
580.8,0.959106399757388,0.959106399757388,-0.234982066953357,-4.27751642900577e-25,-0.234982066953357
580.9,-0.505737280666276,-0.505737280666276,-0.234669027704794,-4.22211887314637e-25,-0.234669027704794
581,1.52876783103327,1.52876783103327,-0.234356405481975,-4.16743876378793e-25,-0.234356405481975
581.1,1.40669752433129,1.40669752433129,-0.234044199729344,-4.11346680937478e-25,-0.234044199729344
581.2,-1.27884922311209,-1.27884922311209,-0.233732409892086,-4.06019383868476e-25,-0.233732409892086
581.3,-0.0581461560923718,-0.0581461560923718,-0.233421035416127,-4.00761079927115e-25,-0.233421035416127
581.4,0.592895479651475,0.592895479651475,-0.233110075748129,-3.95570875592421e-25,-0.233110075748129
581.5,1.32531731986331,1.32531731986331,-0.23279953033549,-3.9044788891529e-25,-0.23279953033549
581.6,0.185994457311568,0.185994457311568,-0.232489398626348,-3.85391249368628e-25,-0.232489398626348
581.7,-1.15677891641011,-1.15677891641011,-0.232179680069573,-3.80400097699432e-25,-0.232179680069573
581.8,-0.220906565028336,-0.220906565028336,-0.23187037411477,-3.7547358578276e-25,-0.23187037411477
581.9,0.0639241506096019,0.0639241506096019,-0.231561480212278,-3.7061087647764e-25,-0.231561480212278
582,-1.52298983651602,-1.52298983651602,-0.231252997813167,-3.65811143484779e-25,-0.231252997813167
582.1,-0.7905679963042,-0.7905679963042,-0.23094492636924,-3.61073571206203e-25,-0.23094492636924
582.2,-0.62780758736824,-0.62780758736824,-0.230637265333028,-3.56397354606625e-25,-0.230637265333028
582.3,-1.23815912087809,-1.23815912087809,-0.230330014157793,-3.51781699076677e-25,-0.230330014157793
582.4,0.755655888587437,0.755655888587437,-0.230023172297526,-3.47225820297866e-25,-0.230023172297526
582.5,1.32531731986331,1.32531731986331,-0.229716739206943,-3.42728944109299e-25,-0.229716739206943
582.6,0.633585581885468,0.633585581885468,-0.229410714341488,-3.38290306376148e-25,-0.229410714341488
582.7,-0.383666973964295,-0.383666973964295,-0.229105097157331,-3.33909152859797e-25,-0.229105097157331
582.8,-2.21472157449386,-2.21472157449386,-0.228799887111365,-3.29584739089668e-25,-0.228799887111365
582.9,-1.80782055215396,-1.80782055215396,-0.228495083661207,-3.25316330236737e-25,-0.228495083661207
583,-0.302286769496317,-0.302286769496317,-0.228190686265197,-3.21103200988632e-25,-0.228190686265197
583.1,-1.11608881417612,-1.11608881417612,-0.227886694382397,-3.1694463542643e-25,-0.227886694382397
583.2,-1.1974690186441,-1.1974690186441,-0.227583107472587,-3.12839926902965e-25,-0.227583107472587
583.3,-1.52298983651602,-1.52298983651602,-0.227279924996271,-3.08788377922776e-25,-0.227279924996271
583.4,-2.29610177896185,-2.29610177896185,-0.226977146414668,-3.04789300023572e-25,-0.226977146414668
583.5,-1.88920075662195,-1.88920075662195,-0.226674771189717,-3.0084201365924e-25,-0.226674771189717
583.6,-2.54024239236579,-2.54024239236579,-0.226372798784071,-2.96945848084385e-25,-0.226372798784071
583.7,-3.55749494821555,-3.55749494821555,-0.226071228661103,-2.93100141240352e-25,-0.226071228661103
583.8,-1.80782055215396,-1.80782055215396,-0.225770060284898,-2.89304239642714e-25,-0.225770060284898
583.9,-2.13334137002589,-2.13334137002589,-0.225469293120254,-2.85557498270246e-25,-0.225469293120254
584,-2.70300280130175,-2.70300280130175,-0.225168926632686,-2.81859280455288e-25,-0.225168926632686
584.1,-3.67956525491753,-3.67956525491753,-0.224868960288417,-2.78208957775602e-25,-0.224868960288417
584.2,-2.01127106332391,-2.01127106332391,-0.224569393554383,-2.74605909947551e-25,-0.224569393554383
584.3,-2.4995522901318,-2.4995522901318,-0.224270225898229,-2.71049524720716e-25,-0.224270225898229
584.4,-2.37748198342983,-2.37748198342983,-0.223971456788312,-2.67539197773853e-25,-0.223971456788312
584.5,-2.4995522901318,-2.4995522901318,-0.223673085693694,-2.64074332612198e-25,-0.223673085693694
584.6,-1.48229973428204,-1.48229973428204,-0.223375112084145,-2.60654340466114e-25,-0.223375112084145
584.7,-2.58093249459978,-2.58093249459978,-0.223077535430143,-2.57278640191051e-25,-0.223077535430143
584.8,-2.78438300576973,-2.78438300576973,-0.22278035520287,-2.53946658168775e-25,-0.22278035520287
584.9,-1.11608881417613,-1.11608881417613,-0.222483570874212,-2.50657828209919e-25,-0.222483570874212
585,-1.31953932534607,-1.31953932534607,-0.222187181916761,-2.47411591457743e-25,-0.222187181916761
585.1,-1.80782055215396,-1.80782055215396,-0.221891187803809,-2.44207396293203e-25,-0.221891187803809
585.2,-0.587117485134248,-0.587117485134248,-0.22159558800935,-2.41044698241194e-25,-0.22159558800935
585.3,-1.19746901864411,-1.19746901864411,-0.221300382008081,-2.37922959878041e-25,-0.221300382008081
585.4,-2.45886218789781,-2.45886218789781,-0.221005569275396,-2.34841650740171e-25,-0.221005569275396
585.5,-2.45886218789781,-2.45886218789781,-0.220711149287389,-2.31800247233971e-25,-0.220711149287389
585.6,-1.60437004098401,-1.60437004098401,-0.220417121520853,-2.28798232546824e-25,-0.220417121520853
585.7,-1.80782055215396,-1.80782055215396,-0.220123485453276,-2.25835096559289e-25,-0.220123485453276
585.8,-0.30228676949631,-0.30228676949631,-0.219830240562843,-2.22910335758409e-25,-0.219830240562843
585.9,-0.383666973964298,-0.383666973964298,-0.219537386328436,-2.20023453152167e-25,-0.219537386328436
586,-1.72644034768597,-1.72644034768597,-0.219244922229627,-2.17173958185007e-25,-0.219244922229627
586.1,-1.48229973428204,-1.48229973428204,-0.218952847746685,-2.14361366654512e-25,-0.218952847746685
586.2,-1.48229973428203,-1.48229973428203,-0.21866116236057,-2.11585200629097e-25,-0.21866116236057
586.3,-1.60437004098401,-1.60437004098401,-0.218369865552934,-2.08844988366813e-25,-0.218369865552934
586.4,-1.80782055215396,-1.80782055215396,-0.218078956806119,-2.06140264235174e-25,-0.218078956806119
586.5,0.18599445731157,0.18599445731157,-0.217788435603156,-2.0347056863204e-25,-0.217788435603156
586.6,-0.749877894070209,-0.749877894070209,-0.217498301427766,-2.00835447907518e-25,-0.217498301427766
586.7,-3.27266423257762,-3.27266423257762,-0.217208553764358,-1.9823445428688e-25,-0.217208553764358
586.8,-0.912638303006173,-0.912638303006173,-0.216919192098025,-1.95667145794465e-25,-0.216919192098025
586.9,0.0232340483756091,0.0232340483756091,-0.216630215914551,-1.93133086178587e-25,-0.216630215914551
587,-0.465047178432274,-0.465047178432274,-0.216341624700399,-1.90631844837386e-25,-0.216341624700399
587.1,-1.27884922311208,-1.27884922311208,-0.216053417942721,-1.88162996745685e-25,-0.216053417942721
587.2,-2.33679188119584,-2.33679188119584,-0.21576559512935,-1.85726122382743e-25,-0.21576559512935
587.3,-2.9471434147057,-2.9471434147057,-0.215478155748802,-1.83320807660983e-25,-0.215478155748802
587.4,-0.505737280666274,-0.505737280666274,-0.215191099290273,-1.80946643855619e-25,-0.215191099290273
587.5,-0.383666973964298,-0.383666973964298,-0.214904425243642,-1.78603227535204e-25,-0.214904425243642
587.6,-1.72644034768598,-1.72644034768598,-0.214618133099466,-1.76290160493082e-25,-0.214618133099466
587.7,-3.59818505044955,-3.59818505044955,-0.21433222234898,-1.74007049679722e-25,-0.21433222234898
587.8,-3.47611474374757,-3.47611474374757,-0.214046692484097,-1.7175350713592e-25,-0.214046692484097
587.9,-2.01127106332391,-2.01127106332391,-0.213761542997409,-1.69529149926888e-25,-0.213761542997409
588,-0.83125809853819,-0.83125809853819,-0.213476773382182,-1.67333600077167e-25,-0.213476773382182
588.1,-2.13334137002588,-2.13334137002588,-0.213192383132358,-1.65166484506416e-25,-0.213192383132358
588.2,-2.01127106332391,-2.01127106332391,-0.212908371742551,-1.63027434966006e-25,-0.212908371742551
588.3,-1.40091952981405,-1.40091952981405,-0.212624738708051,-1.60916087976451e-25,-0.212624738708051
588.4,-1.2381591208781,-1.2381591208781,-0.212341483524819,-1.58832084765637e-25,-0.212341483524819
588.5,-0.424357076198286,-0.424357076198286,-0.212058605689488,-1.5677507120786e-25,-0.212058605689488
588.6,-1.97058096108992,-1.97058096108992,-0.211776104699362,-1.54744697763653e-25,-0.211776104699362
588.7,-2.66231269906776,-2.66231269906776,-0.211493980052412,-1.52740619420391e-25,-0.211493980052412
588.8,-1.56367993875001,-1.56367993875001,-0.211212231247282,-1.50762495633659e-25,-0.211212231247282
588.9,-2.21472157449386,-2.21472157449386,-0.21093085778328,-1.48809990269394e-25,-0.21093085778328
589,-2.78438300576973,-2.78438300576973,-0.210649859160384,-1.46882771546749e-25,-0.210649859160384
589.1,-2.98783351693968,-2.98783351693968,-0.210369234879236,-1.44980511981742e-25,-0.210369234879236
589.2,-1.84851065438795,-1.84851065438795,-0.210088984441144,-1.43102888331582e-25,-0.210088984441144
589.3,-2.17403147225988,-2.17403147225988,-0.209809107348081,-1.41249581539762e-25,-0.209809107348081
589.4,-2.4588621878978,-2.4588621878978,-0.209529603102683,-1.39420276681829e-25,-0.209529603102683
589.5,-2.17403147225988,-2.17403147225988,-0.209250471208248,-1.37614662911873e-25,-0.209250471208248
589.6,-1.15677891641011,-1.15677891641011,-0.208971711168737,-1.35832433409714e-25,-0.208971711168737
589.7,-2.74369290353574,-2.74369290353574,-0.208693322488769,-1.34073285328758e-25,-0.208693322488769
589.8,-2.17403147225987,-2.17403147225987,-0.208415304673627,-1.32336919744538e-25,-0.208415304673627
589.9,-0.871948200772183,-0.871948200772183,-0.20813765722925,-1.30623041603919e-25,-0.20813765722925
590,-1.92989085885593,-1.92989085885593,-0.207860379662236,-1.28931359674957e-25,-0.207860379662236
590.1,-2.17403147225987,-2.17403147225987,-0.207583471479841,-1.27261586497419e-25,-0.207583471479841
590.2,-2.66231269906776,-2.66231269906776,-0.207306932189977,-1.25613438333931e-25,-0.207306932189977
590.3,-2.41817208566382,-2.41817208566382,-0.20703076130121,-1.23986635121763e-25,-0.20703076130121
590.4,-3.8016355616195,-3.8016355616195,-0.206754958322765,-1.22380900425246e-25,-0.206754958322765
590.5,-2.78438300576974,-2.78438300576974,-0.206479522764515,-1.20795961388784e-25,-0.206479522764515
590.6,-0.58711748513425,-0.58711748513425,-0.20620445413699,-1.19231548690504e-25,-0.20620445413699
590.7,0.226684559545559,0.226684559545559,-0.205929751951371,-1.17687396496487e-25,-0.205929751951371
590.8,-0.383666973964293,-0.383666973964293,-0.20565541571949,-1.16163242415591e-25,-0.20565541571949
590.9,-0.424357076198281,-0.424357076198281,-0.205381444953829,-1.14658827454869e-25,-0.205381444953829
591,0.959106399757388,0.959106399757388,-0.205107839167521,-1.13173895975555e-25,-0.205107839167521
591.1,2.05773916007515,2.05773916007515,-0.204834597874345,-1.1170819564963e-25,-0.204834597874345
591.2,1.52876783103326,1.52876783103326,-0.204561720588731,-1.10261477416944e-25,-0.204561720588731
591.3,1.65083813773523,1.65083813773523,-0.204289206825753,-1.08833495442886e-25,-0.204289206825753
591.4,2.91223130698894,2.91223130698894,-0.204017056101132,-1.07424007076626e-25,-0.204017056101132
591.5,2.91223130698894,2.91223130698894,-0.203745267931235,-1.06032772809862e-25,-0.203745267931235
591.6,2.79016100028697,2.79016100028697,-0.203473841833072,-1.04659556236143e-25,-0.203473841833072
591.7,2.26118967124509,2.26118967124509,-0.203202777324297,-1.0330412401068e-25,-0.203202777324297
591.8,4.41776508964659,4.41776508964659,-0.202932073923207,-1.01966245810707e-25,-0.202932073923207
591.9,4.13293437400866,4.13293437400866,-0.202661731148739,-1.00645694296334e-25,-0.202661731148739
592,3.64465314720077,3.64465314720077,-0.202391748520474,-9.93422450719229e-26,-0.202391748520474
592.1,4.45845519188058,4.45845519188058,-0.20212212555863,-9.80556766479512e-26,-0.20212212555863
592.2,3.84810365837072,3.84810365837072,-0.201852861784066,-9.6785770403382e-26,-0.201852861784066
592.3,4.13293437400865,4.13293437400865,-0.201583956718277,-9.55323105485074e-26,-0.201583956718277
592.4,4.2956947829446,4.2956947829446,-0.2013154098834,-9.42950840882881e-26,-0.2013154098834
592.5,5.35363744102836,5.35363744102836,-0.201047220802202,-9.3073880786149e-26,-0.201047220802202
592.6,5.19087703209241,5.19087703209241,-0.200779388998092,-9.18684931282678e-26,-0.200779388998092
592.7,5.43501764549635,5.43501764549635,-0.200511913995111,-9.06787162883029e-26,-0.200511913995111
592.8,4.8246661119865,4.8246661119865,-0.200244795317934,-8.95043480925943e-26,-0.200244795317934
592.9,3.15637192039288,3.15637192039288,-0.19997803249187,-8.83451889858054e-26,-0.19997803249187
593,3.40051253379683,3.40051253379683,-0.199711625042859,-8.72010419970133e-26,-0.199711625042859
593.1,4.53983539634855,4.53983539634855,-0.199445572497474,-8.60717127062411e-26,-0.199445572497474
593.2,5.92329887230424,5.92329887230424,-0.199179874382919,-8.49570092114209e-26,-0.199179874382919
593.3,6.53365040581409,6.53365040581409,-0.198914530227026,-8.38567420957809e-26,-0.198914530227026
593.4,4.41776508964659,4.41776508964659,-0.198649539558258,-8.27707243956647e-26,-0.198649539558258
593.5,4.49914529411457,4.49914529411457,-0.198384901905704,-8.16987715687517e-26,-0.198384901905704
593.6,5.1501869298584,5.1501869298584,-0.198120616799083,-8.0640701462711e-26,-0.198120616799083
593.7,2.79016100028697,2.79016100028697,-0.197856683768739,-7.95963342842388e-26,-0.197856683768739
593.8,2.2611896712451,2.2611896712451,-0.19759310234564,-7.85654925685135e-26,-0.19759310234564
593.9,3.56327294273279,3.56327294273279,-0.197329872061383,-7.75480011490359e-26,-0.197329872061383
594,4.90604631645447,4.90604631645447,-0.197066992448186,-7.65436871278641e-26,-0.197066992448186
594.1,4.86535621422048,4.86535621422048,-0.196804463038889,-7.5552379846236e-26,-0.196804463038889
594.2,2.62740059135101,2.62740059135101,-0.196542283366958,-7.45739108555699e-26,-0.196542283366958
594.3,1.89497875113918,1.89497875113918,-0.196280452966478,-7.36081138888374e-26,-0.196280452966478
594.4,4.17362447624264,4.17362447624264,-0.196018971372155,-7.2654824832316e-26,-0.196018971372155
594.5,3.19706202262687,3.19706202262687,-0.195757838119316,-7.17138816976931e-26,-0.195757838119316
594.6,3.35982243156283,3.35982243156283,-0.195497052743906,-7.07851245945508e-26,-0.195497052743906
594.7,3.72603335166875,3.72603335166875,-0.195236614782487,-6.98683957031883e-26,-0.195236614782487
594.8,5.02811662315645,5.02811662315645,-0.194976523772241,-6.89635392478086e-26,-0.194976523772241
594.9,4.13293437400866,4.13293437400866,-0.194716779250966,-6.80704014700462e-26,-0.194716779250966
595,2.83085110252096,2.83085110252096,-0.194457380757074,-6.71888306028388e-26,-0.194457380757074
595.1,2.79016100028697,2.79016100028697,-0.194198327829594,-6.63186768446404e-26,-0.194198327829594
595.2,2.99361151145693,2.99361151145693,-0.193939620008167,-6.54597923339664e-26,-0.193939620008167
595.3,1.69152823996923,1.69152823996923,-0.193681256833048,-6.4612031124265e-26,-0.193681256833048
595.4,2.50533028464903,2.50533028464903,-0.193423237845107,-6.37752491591218e-26,-0.193423237845107
595.5,3.9701739650727,3.9701739650727,-0.193165562585821,-6.29493042477737e-26,-0.193165562585821
595.6,3.88879376060472,3.88879376060472,-0.192908230597282,-6.2134056040956e-26,-0.192908230597282
595.7,3.31913232932885,3.31913232932885,-0.19265124142219,-6.13293660070464e-26,-0.19265124142219
595.8,2.30187977347909,2.30187977347909,-0.192394594603854,-6.05350974085292e-26,-0.192394594603854
595.9,1.44738762656528,1.44738762656528,-0.192138289686193,-5.97511152787576e-26,-0.192138289686193
596,2.34256987571308,2.34256987571308,-0.191882326213732,-5.89772863990192e-26,-0.191882326213732
596.1,4.05155416954067,4.05155416954067,-0.191626703731603,-5.82134792759008e-26,-0.191626703731603
596.2,1.48807772879927,1.48807772879927,-0.191371421785544,-5.74595641189437e-26,-0.191371421785544
596.3,1.52876783103326,1.52876783103326,-0.191116479921899,-5.67154128185871e-26,-0.191116479921899
596.4,3.19706202262687,3.19706202262687,-0.190861877687617,-5.59808989244028e-26,-0.190861877687617
596.5,2.2204995690111,2.2204995690111,-0.190607614630247,-5.52558976236013e-26,-0.190607614630247
596.6,1.93566885337317,1.93566885337317,-0.190353690297944,-5.45402857198313e-26,-0.190353690297944
596.7,2.627400591351,2.627400591351,-0.190100104239465,-5.38339416122391e-26,-0.190100104239465
596.8,1.08117670645937,1.08117670645937,-0.189846856004166,-5.31367452748093e-26,-0.189846856004166
596.9,1.97635895560716,1.97635895560716,-0.189593945142005,-5.24485782359666e-26,-0.189593945142005
597,2.13911936454312,2.13911936454312,-0.189341371203538,-5.17693235584454e-26,-0.189341371203538
597.1,2.42395008018106,2.42395008018106,-0.189089133739923,-5.10988658194195e-26,-0.189089133739923
597.2,2.87154120475495,2.87154120475495,-0.188837232302912,-5.04370910908899e-26,-0.188837232302912
597.3,1.85428864890519,1.85428864890519,-0.188585666444856,-4.97838869203224e-26,-0.188585666444856
597.4,1.89497875113918,1.89497875113918,-0.188334435718704,-4.9139142311543e-26,-0.188334435718704
597.5,1.4066975243313,1.4066975243313,-0.188083539677996,-4.85027477058713e-26,-0.188083539677996
597.6,0.674275684119465,0.674275684119465,-0.187832977876871,-4.78745949635105e-26,-0.187832977876871
597.7,1.28462721762931,1.28462721762931,-0.187582749870061,-4.72545773451661e-26,-0.187582749870061
597.8,2.17980946677711,2.17980946677711,-0.187332855212889,-4.66425894939113e-26,-0.187332855212889
597.9,1.7729084444372,1.7729084444372,-0.187083293461275,-4.60385274172829e-26,-0.187083293461275
598,1.69152823996923,1.69152823996923,-0.186834064171725,-4.54422884696095e-26,-0.186834064171725
598.1,1.28462721762932,1.28462721762932,-0.186585166901339,-4.48537713345711e-26,-0.186585166901339
598.2,-0.953328405240166,-0.953328405240166,-0.186336601207807,-4.42728760079827e-26,-0.186336601207807
598.3,-0.994018507474152,-0.994018507474152,-0.186088366649408,-4.36995037807993e-26,-0.186088366649408
598.4,0.877726195289415,0.877726195289415,-0.185840462785009,-4.31335572223456e-26,-0.185840462785009
598.5,2.99361151145692,2.99361151145692,-0.185592889174065,-4.25749401637552e-26,-0.185592889174065
598.6,2.87154120475495,2.87154120475495,-0.185345645376617,-4.20235576816351e-26,-0.185345645376617
598.7,1.65083813773524,1.65083813773524,-0.185098730953294,-4.1479316081931e-26,-0.185098730953294
598.8,-0.220906565028341,-0.220906565028341,-0.184852145465308,-4.09421228840091e-26,-0.184852145465308
598.9,0.145304355077578,0.145304355077578,-0.184605888474458,-4.04118868049398e-26,-0.184605888474458
599,-0.505737280666271,-0.505737280666271,-0.184359959543125,-3.98885177439861e-26,-0.184359959543125
599.1,0.959106399757391,0.959106399757391,-0.184114358234273,-3.93719267672944e-26,-0.184114358234273
599.2,0.755655888587441,0.755655888587441,-0.183869084111449,-3.88620260927825e-26,-0.183869084111449
599.3,-1.1974690186441,-1.1974690186441,-0.183624136738781,-3.83587290752212e-26,-0.183624136738781
599.4,-0.627807587368238,-0.627807587368238,-0.183379515680979,-3.78619501915141e-26,-0.183379515680979
599.5,0.470825172949504,0.470825172949504,-0.18313522050333,-3.73716050261605e-26,-0.18313522050333
599.6,2.79016100028697,2.79016100028697,-0.182891250771703,-3.68876102569165e-26,-0.182891250771703
599.7,1.44738762656528,1.44738762656528,-0.182647606052544,-3.64098836406319e-26,-0.182647606052544
599.8,-0.83125809853819,-0.83125809853819,-0.182404285912876,-3.59383439992781e-26,-0.182404285912876
599.9,-1.52298983651602,-1.52298983651602,-0.182161289920301,-3.54729112061519e-26,-0.182161289920301
600,-1.07539871194213,-1.07539871194213,-0.181918617642994,-3.501350617226e-26,-0.181918617642994
600.1,-0.7905679963042,-0.7905679963042,-0.181676268649707,-3.45600508328809e-26,-0.181676268649707
600.2,-1.72644034768597,-1.72644034768597,-0.181434242509767,-3.41124681342996e-26,-0.181434242509767
600.3,-0.54642738290026,-0.54642738290026,-0.181192538793074,-3.36706820207126e-26,-0.181192538793074
600.4,-0.0174560538583718,-0.0174560538583718,-0.180951157070101,-3.32346174213067e-26,-0.180951157070101
600.5,0.837036093055422,0.837036093055422,-0.180710096911893,-3.28042002374986e-26,-0.180710096911893
600.6,-1.40091952981406,-1.40091952981406,-0.180469357890067,-3.23793573303483e-26,-0.180469357890067
600.7,-1.40091952981406,-1.40091952981406,-0.18022893957681,-3.19600165081275e-26,-0.18022893957681
600.8,1.20324701316134,1.20324701316134,-0.17998884154488,-3.15461065140542e-26,-0.17998884154488
600.9,0.0232340483756114,0.0232340483756114,-0.179749063367602,-3.11375570141833e-26,-0.179749063367602
601,-1.84851065438795,-1.84851065438795,-0.179509604618873,-3.07342985854548e-26,-0.179509604618873
601.1,-1.31953932534607,-1.31953932534607,-0.179270464873154,-3.03362627038991e-26,-0.179270464873154
601.2,-1.07539871194213,-1.07539871194213,-0.179031643705475,-2.994338173299e-26,-0.179031643705475
601.3,0.470825172949506,0.470825172949506,-0.178793140691432,-2.95555889121543e-26,-0.178793140691432
601.4,-0.0988362583263648,-0.0988362583263648,-0.178554955407185,-2.91728183454261e-26,-0.178554955407185
601.5,-0.302286769496317,-0.302286769496317,-0.17831708742946,-2.87950049902491e-26,-0.17831708742946
601.6,-1.27884922311208,-1.27884922311208,-0.178079536335546,-2.84220846464241e-26,-0.178079536335546
601.7,-0.871948200772188,-0.871948200772188,-0.177842301703296,-2.80539939452016e-26,-0.177842301703296
601.8,-1.52298983651602,-1.52298983651602,-0.177605383111126,-2.76906703385119e-26,-0.177605383111126
601.9,-1.03470860970814,-1.03470860970814,-0.177368780138011,-2.73320520883378e-26,-0.177368780138011
602,-0.912638303006173,-0.912638303006173,-0.17713249236349,-2.69780782562209e-26,-0.17713249236349
602.1,-1.36022942758006,-1.36022942758006,-0.176896519367659,-2.66286886929111e-26,-0.176896519367659
602.2,-0.994018507474154,-0.994018507474154,-0.176660860731175,-2.62838240281427e-26,-0.176660860731175
602.3,-0.709187791836216,-0.709187791836216,-0.176425516035255,-2.59434256605467e-26,-0.176425516035255
602.4,-0.994018507474157,-0.994018507474157,-0.176190484861673,-2.56074357476922e-26,-0.176190484861673
602.5,-1.48229973428203,-1.48229973428203,-0.175955766792757,-2.52757971962581e-26,-0.175955766792757
602.6,-0.953328405240164,-0.953328405240164,-0.175721361411396,-2.4948453652332e-26,-0.175721361411396
602.7,-2.41817208566382,-2.41817208566382,-0.175487268301033,-2.46253494918338e-26,-0.175487268301033
602.8,-0.994018507474149,-0.994018507474149,-0.175253487045665,-2.43064298110623e-26,-0.175253487045665
602.9,-0.0988362583263599,-0.0988362583263599,-0.175020017229844,-2.39916404173686e-26,-0.175020017229844
603,-0.953328405240159,-0.953328405240159,-0.174786858438676,-2.36809278199441e-26,-0.174786858438676
603.1,-0.749877894070214,-0.749877894070214,-0.174554010257818,-2.33742392207344e-26,-0.174554010257818
603.2,0.511515275183492,0.511515275183492,-0.174321472273481,-2.3071522505464e-26,-0.174321472273481
603.3,-0.505737280666269,-0.505737280666269,-0.174089244072425,-2.27727262347839e-26,-0.174089244072425
603.4,-0.0174560538583838,-0.0174560538583838,-0.173857325241964,-2.24777996355291e-26,-0.173857325241964
603.5,0.470825172949496,0.470825172949496,-0.173625715369957,-2.21866925920909e-26,-0.173625715369957
603.6,0.104614252843587,0.104614252843587,-0.173394414044816,-2.1899355637901e-26,-0.173394414044816
603.7,-1.60437004098401,-1.60437004098401,-0.1731634208555,-2.1615739947027e-26,-0.1731634208555
603.8,-1.76713044991997,-1.76713044991997,-0.172932735391516,-2.13357973258743e-26,-0.172932735391516
603.9,-0.7905679963042,-0.7905679963042,-0.172702357242916,-2.10594802049979e-26,-0.172702357242916
604,0.592895479651472,0.592895479651472,-0.1724722860003,-2.07867416310167e-26,-0.1724722860003
604.1,0.267374661779554,0.267374661779554,-0.172242521254814,-2.05175352586384e-26,-0.172242521254814
604.2,-1.07539871194213,-1.07539871194213,-0.172013062598146,-2.02518153427821e-26,-0.172013062598146
604.3,-1.97058096108993,-1.97058096108993,-0.17178390962253,-1.99895367308052e-26,-0.17178390962253
604.4,-0.831258098538195,-0.831258098538195,-0.171555061920743,-1.97306548548319e-26,-0.171555061920743
604.5,0.104614252843585,0.104614252843585,-0.171326519086104,-1.94751257241773e-26,-0.171326519086104
604.6,-1.27884922311208,-1.27884922311208,-0.171098280712474,-1.92229059178757e-26,-0.171098280712474
604.7,-0.627807587368238,-0.627807587368238,-0.170870346394255,-1.89739525773002e-26,-0.170870346394255
604.8,-1.15677891641011,-1.15677891641011,-0.17064271572639,-1.87282233988808e-26,-0.17064271572639
604.9,-2.82507310800372,-2.82507310800372,-0.17041538830436,-1.84856766269147e-26,-0.17041538830436
605,-3.02852361917368,-3.02852361917368,-0.170188363724187,-1.82462710464718e-26,-0.170188363724187
605.1,-1.56367993875002,-1.56367993875002,-0.169961641582429,-1.80099659763922e-26,-0.169961641582429
605.2,-3.63887515268354,-3.63887515268354,-0.169735221476183,-1.77767212623709e-26,-0.169735221476183
605.3,-5.1037188331072,-5.1037188331072,-0.169509103003082,-1.75464972701372e-26,-0.169509103003082
605.4,-4.77819801523527,-4.77819801523527,-0.169283285761296,-1.73192548787186e-26,-0.169283285761296
605.5,-5.14440893534118,-5.14440893534118,-0.169057769349529,-1.70949554737925e-26,-0.169057769349529
605.6,-5.99890108225499,-5.99890108225499,-0.16883255336702,-1.68735609411256e-26,-0.16883255336702
605.7,-5.22578913980916,-5.22578913980916,-0.168607637413542,-1.66550336600973e-26,-0.168607637413542
605.8,-5.22578913980916,-5.22578913980916,-0.168383021089402,-1.64393364973066e-26,-0.168383021089402
605.9,-5.02233862863922,-5.02233862863922,-0.168158703995438,-1.62264328002629e-26,-0.168158703995438
606,-4.08646627725743,-4.08646627725743,-0.167934685733021,-1.60162863911557e-26,-0.167934685733021
606.1,-3.15059392587565,-3.15059392587565,-0.167710965904052,-1.58088615607099e-26,-0.167710965904052
606.2,-2.62162259683377,-2.62162259683377,-0.167487544110964,-1.56041230621162e-26,-0.167487544110964
606.3,-4.24922668619338,-4.24922668619338,-0.167264419956717,-1.54020361050422e-26,-0.167264419956717
606.4,-5.51061985544712,-5.51061985544712,-0.167041593044802,-1.52025663497208e-26,-0.167041593044802
606.5,-4.6154376062993,-4.6154376062993,-0.166819062979238,-1.50056799011135e-26,-0.166819062979238
606.6,-3.59818505044954,-3.59818505044954,-0.166596829364571,-1.48113433031533e-26,-0.166596829364571
606.7,-4.94095842417123,-4.94095842417123,-0.166374891805874,-1.46195235330581e-26,-0.166374891805874
606.8,-4.00508607278945,-4.00508607278945,-0.166153249908746,-1.44301879957194e-26,-0.166153249908746
606.9,-5.0630287308732,-5.0630287308732,-0.165931903279311,-1.42433045181635e-26,-0.165931903279311
607,-6.44649220682888,-6.44649220682888,-0.165710851524219,-1.40588413440847e-26,-0.165710851524219
607.1,-5.79545057108504,-5.79545057108504,-0.165490094250643,-1.38767671284494e-26,-0.165490094250643
607.2,-2.4995522901318,-2.4995522901318,-0.16526963106628,-1.36970509321692e-26,-0.16526963106628
607.3,-4.08646627725743,-4.08646627725743,-0.165049461579348,-1.35196622168437e-26,-0.165049461579348
607.4,-6.4058021045949,-6.4058021045949,-0.16482958539859,-1.33445708395717e-26,-0.16482958539859
607.5,-5.18509903757518,-5.18509903757518,-0.164610002133266,-1.31717470478282e-26,-0.164610002133266
607.6,-4.90026832193723,-4.90026832193723,-0.16439071139316,-1.30011614744098e-26,-0.16439071139316
607.7,-5.18509903757518,-5.18509903757518,-0.164171712788575,-1.28327851324435e-26,-0.164171712788575
607.8,-3.72025535715151,-3.72025535715151,-0.163953005930333,-1.26665894104618e-26,-0.163953005930333
607.9,-3.51680484598157,-3.51680484598157,-0.163734590429774,-1.25025460675405e-26,-0.163734590429774
608,-6.32442190012691,-6.32442190012691,-0.163516465898756,-1.23406272285e-26,-0.163516465898756
608.1,-7.13822394480672,-7.13822394480672,-0.163298631949654,-1.21808053791679e-26,-0.163298631949654
608.2,-5.46992975321311,-5.46992975321311,-0.16308108819536,-1.20230533617051e-26,-0.16308108819536
608.3,-6.3651120023609,-6.3651120023609,-0.16286383424928,-1.18673443699896e-26,-0.16286383424928
608.4,-5.91752087778701,-5.91752087778701,-0.162646869725338,-1.17136519450627e-26,-0.162646869725338
608.5,-6.64994271799883,-6.64994271799883,-0.16243019423797,-1.15619499706307e-26,-0.16243019423797
608.6,-5.79545057108504,-5.79545057108504,-0.162213807402126,-1.14122126686301e-26,-0.162213807402126
608.7,-5.67338026438306,-5.67338026438306,-0.161997708833268,-1.12644145948451e-26,-0.161997708833268
608.8,-5.99890108225499,-5.99890108225499,-0.161781898147374,-1.11185306345848e-26,-0.161781898147374
608.9,-5.83614067331902,-5.83614067331902,-0.16156637496093,-1.09745359984152e-26,-0.16156637496093
609,-4.41198709512935,-4.41198709512935,-0.161351138890933,-1.08324062179469e-26,-0.161351138890933
609.1,-4.1678464817254,-4.1678464817254,-0.161136189554891,-1.06921171416777e-26,-0.161136189554891
609.2,-5.67338026438306,-5.67338026438306,-0.160921526570824,-1.05536449308885e-26,-0.160921526570824
609.3,-7.46374476267865,-7.46374476267865,-0.160707149557257,-1.04169660555917e-26,-0.160707149557257
609.4,-7.05684374033874,-7.05684374033874,-0.160493058133224,-1.02820572905342e-26,-0.160493058133224
609.5,-5.958210980021,-5.958210980021,-0.16027925191827,-1.01488957112494e-26,-0.16027925191827
609.6,-2.29610177896185,-2.29610177896185,-0.160065730532441,-1.00174586901633e-26,-0.160065730532441
609.7,-3.02852361917368,-3.02852361917368,-0.159852493596294,-9.88772389274782e-27,-0.159852493596294
609.8,-4.28991678842738,-4.28991678842738,-0.15963954073089,-9.75966927372698e-27,-0.15963954073089
609.9,-3.39473453927959,-3.39473453927959,-0.159426871557795,-9.63327307333027e-27,-0.159426871557795
610,-2.82507310800373,-2.82507310800373,-0.159214485699077,-9.50851381359482e-27,-0.159214485699077
610.1,-2.62162259683377,-2.62162259683377,-0.15900238277731,-9.38537029471609e-27,-0.15900238277731
610.2,-3.59818505044954,-3.59818505044954,-0.15879056241557,-9.26382159144568e-27,-0.15879056241557
610.3,-5.06302873087321,-5.06302873087321,-0.158579024237437,-9.14384704953521e-27,-0.158579024237437
610.4,-4.73750791300128,-4.73750791300128,-0.158367767866988,-9.02542628222704e-27,-0.158367767866988
610.5,-4.61543760629931,-4.61543760629931,-0.158156792928804,-8.90853916678899e-27,-0.158156792928804
610.6,-3.59818505044955,-3.59818505044955,-0.157946099047967,-8.7931658410965e-27,-0.157946099047967
610.7,-2.78438300576973,-2.78438300576973,-0.157735685850056,-8.67928670025656e-27,-0.157735685850056
610.8,-3.59818505044954,-3.59818505044954,-0.15752555296115,-8.56688239327667e-27,-0.15752555296115
610.9,-4.7375079130013,-4.7375079130013,-0.157315700007826,-8.45593381977627e-27,-0.157315700007826
611,-5.998901082255,-5.998901082255,-0.157106126617158,-8.34642212674133e-27,-0.157106126617158
611.1,-5.34785944651113,-5.34785944651113,-0.156896832416717,-8.23832870532097e-27,-0.156896832416717
611.2,-5.26647924204316,-5.26647924204316,-0.156687817034571,-8.1316351876651e-27,-0.156687817034571
611.3,-6.73132292246682,-6.73132292246682,-0.156479080099283,-8.02632344380294e-27,-0.156479080099283
611.4,-4.49336729959733,-4.49336729959733,-0.156270621239911,-7.92237557856299e-27,-0.156270621239911
611.5,-4.33060689066137,-4.33060689066137,-0.156062440086006,-7.81977392853138e-27,-0.156062440086006
611.6,-5.02233862863921,-5.02233862863921,-0.155854536267613,-7.71850105905123e-27,-0.155854536267613
611.7,-4.1678464817254,-4.1678464817254,-0.155646909415271,-7.61853976125916e-27,-0.155646909415271
611.8,-3.72025535715151,-3.72025535715151,-0.15543955916001,-7.51987304916187e-27,-0.15543955916001
611.9,-4.08646627725743,-4.08646627725743,-0.155232485133353,-7.42248415674946e-27,-0.155232485133353
612,-4.98164852640523,-4.98164852640523,-0.155025686967311,-7.32635653514618e-27,-0.155025686967311
612.1,-3.8016355616195,-3.8016355616195,-0.154819164294387,-7.23147384979864e-27,-0.154819164294387
612.2,-3.80163556161949,-3.80163556161949,-0.154612916747576,-7.1378199777003e-27,-0.154612916747576
612.3,-3.88301576608747,-3.88301576608747,-0.154406943960357,-7.04537900465147e-27,-0.154406943960357
612.4,-3.96439597055546,-3.96439597055546,-0.154201245566701,-6.95413522255539e-27,-0.154201245566701
612.5,-4.90026832193724,-4.90026832193724,-0.153995821201066,-6.8640731267482e-27,-0.153995821201066
612.6,-4.57474750406532,-4.57474750406532,-0.153790670498394,-6.7751774133655e-27,-0.153790670498394
612.7,-3.72025535715151,-3.72025535715151,-0.153585793094118,-6.68743297674107e-27,-0.153585793094118
612.8,-3.0285236191737,-3.0285236191737,-0.153381188624154,-6.60082490684026e-27,-0.153381188624154
612.9,-2.62162259683377,-2.62162259683377,-0.153176856724903,-6.51533848672614e-27,-0.153176856724903
613,-3.8016355616195,-3.8016355616195,-0.15297279703325,-6.43095919005894e-27,-0.15297279703325
613.1,-4.49336729959733,-4.49336729959733,-0.152769009186566,-6.34767267862778e-27,-0.152769009186566
613.2,-4.49336729959734,-4.49336729959734,-0.152565492822702,-6.26546479991405e-27,-0.152565492822702
613.3,-4.49336729959734,-4.49336729959734,-0.152362247579995,-6.18432158468634e-27,-0.152362247579995
613.4,-4.45267719736334,-4.45267719736334,-0.15215927309726,-6.10422924462723e-27,-0.15215927309726
613.5,-2.9878335169397,-2.9878335169397,-0.151956569013796,-6.02517416998969e-27,-0.151956569013796
613.6,-3.31335433481161,-3.31335433481161,-0.151754134969382,-5.94714292728506e-27,-0.151754134969382
613.7,-2.54024239236579,-2.54024239236579,-0.151551970604275,-5.8701222569997e-27,-0.151551970604275
613.8,-2.25541167672785,-2.25541167672785,-0.151350075559213,-5.79409907134246e-27,-0.151350075559213
613.9,-3.31335433481161,-3.31335433481161,-0.151148449475413,-5.71906045202046e-27,-0.151148449475413
614,-3.8016355616195,-3.8016355616195,-0.150947091994569,-5.64499364804377e-27,-0.150947091994569
614.1,-3.72025535715151,-3.72025535715151,-0.150746002758853,-5.57188607355886e-27,-0.150746002758853
614.2,-2.33679188119584,-2.33679188119584,-0.150545181410912,-5.49972530571011e-27,-0.150545181410912
614.3,-2.4995522901318,-2.4995522901318,-0.150344627593871,-5.4284990825286e-27,-0.150344627593871
614.4,-2.4995522901318,-2.4995522901318,-0.15014434095133,-5.35819530084865e-27,-0.15014434095133
614.5,-3.96439597055546,-3.96439597055546,-0.149944321127363,-5.28880201425092e-27,-0.149944321127363
614.6,-5.14440893534118,-5.14440893534118,-0.149744567766519,-5.2203074310326e-27,-0.149744567766519
614.7,-3.39473453927959,-3.39473453927959,-0.149545080513821,-5.15269991220384e-27,-0.149545080513821
614.8,-1.36022942758007,-1.36022942758007,-0.149345859014762,-5.08596796950981e-27,-0.149345859014762
614.9,-1.68575024545199,-1.68575024545199,-0.149146902915311,-5.02010026347834e-27,-0.149146902915311
615,-2.41817208566381,-2.41817208566381,-0.148948211861907,-4.9550856014936e-27,-0.148948211861907
615.1,-2.29610177896185,-2.29610177896185,-0.148749785501459,-4.89091293589356e-27,-0.148749785501459
615.2,-2.33679188119584,-2.33679188119584,-0.148551623481348,-4.82757136209328e-27,-0.148551623481348
615.3,-3.15059392587565,-3.15059392587565,-0.148353725449425,-4.76505011673142e-27,-0.148353725449425
615.4,-3.31335433481161,-3.31335433481161,-0.148156091054007,-4.70333857584174e-27,-0.148156091054007
615.5,-2.33679188119584,-2.33679188119584,-0.147958719943885,-4.64242625304756e-27,-0.147958719943885
615.6,-2.0519611655579,-2.0519611655579,-0.147761611768312,-4.58230279777978e-27,-0.147761611768312
615.7,-1.97058096108992,-1.97058096108992,-0.147564766177011,-4.52295799351819e-27,-0.147564766177011
615.8,-1.76713044991997,-1.76713044991997,-0.147368182820173,-4.46438175605549e-27,-0.147368182820173
615.9,-2.25541167672785,-2.25541167672785,-0.147171861348453,-4.40656413178358e-27,-0.147171861348453
616,-3.10990382364166,-3.10990382364166,-0.146975801412972,-4.34949529600236e-27,-0.146975801412972
616.1,-2.41817208566381,-2.41817208566381,-0.146780002665315,-4.29316555124978e-27,-0.146780002665315
616.2,-3.51680484598156,-3.51680484598156,-0.146584464757533,-4.23756532565469e-27,-0.146584464757533
616.3,-2.78438300576973,-2.78438300576973,-0.146389187342138,-4.18268517130991e-27,-0.146389187342138
616.4,-1.56367993875002,-1.56367993875002,-0.146194170072108,-4.12851576266689e-27,-0.146194170072108
616.5,-3.92370586832147,-3.92370586832147,-0.145999412600881,-4.07504789495094e-27,-0.145999412600881
616.6,-3.92370586832147,-3.92370586832147,-0.145804914582356,-4.0222724825972e-27,-0.145804914582356
616.7,-4.81888811746926,-4.81888811746926,-0.145610675670896,-3.97018055770691e-27,-0.145610675670896
616.8,-5.02233862863922,-5.02233862863922,-0.145416695521322,-3.91876326852336e-27,-0.145416695521322
616.9,-2.86576321023772,-2.86576321023772,-0.145222973788917,-3.86801187792762e-27,-0.145222973788917
617,-3.27266423257762,-3.27266423257762,-0.14502951012942,-3.81791776195429e-27,-0.14502951012942
617.1,-1.56367993875001,-1.56367993875001,-0.144836304199031,-3.76847240832558e-27,-0.144836304199031
617.2,-2.98783351693968,-2.98783351693968,-0.144643355654409,-3.71966741500532e-27,-0.144643355654409
617.3,-2.98783351693968,-2.98783351693968,-0.144450664152666,-3.67149448877079e-27,-0.144450664152666
617.4,-1.97058096108992,-1.97058096108992,-0.144258229351377,-3.62394544380388e-27,-0.144258229351377
617.5,-0.790567996304195,-0.790567996304195,-0.144066050908568,-3.57701220029994e-27,-0.144066050908568
617.6,-1.60437004098401,-1.60437004098401,-0.143874128482723,-3.53068678309469e-27,-0.143874128482723
617.7,-1.52298983651602,-1.52298983651602,-0.143682461732779,-3.4849613203092e-27,-0.143682461732779
617.8,-3.55749494821556,-3.55749494821556,-0.143491050318131,-3.43982804201227e-27,-0.143491050318131
617.9,-5.02233862863921,-5.02233862863921,-0.143299893898624,-3.39527927890005e-27,-0.143299893898624
618,-3.3947345392796,-3.3947345392796,-0.143108992134559,-3.35130746099291e-27,-0.143108992134559
618.1,-1.36022942758007,-1.36022942758007,-0.142918344686687,-3.30790511634877e-27,-0.142918344686687
618.2,-1.1974690186441,-1.1974690186441,-0.142727951216212,-3.26506486979397e-27,-0.142727951216212
618.3,-3.15059392587565,-3.15059392587565,-0.14253781138479,-3.22277944166966e-27,-0.14253781138479
618.4,-3.06921372140766,-3.06921372140766,-0.142347924854527,-3.18104164659491e-27,-0.142347924854527
618.5,-3.63887515268354,-3.63887515268354,-0.142158291287981,-3.13984439224581e-27,-0.142158291287981
618.6,-2.90645331247171,-2.90645331247171,-0.141968910348155,-3.09918067814992e-27,-0.141968910348155
618.7,-1.31953932534608,-1.31953932534608,-0.141779781698506,-3.0590435944973e-27,-0.141779781698506
618.8,-1.48229973428204,-1.48229973428204,-0.141590905002936,-3.01942632096599e-27,-0.141590905002936
618.9,-3.55749494821555,-3.55749494821555,-0.141402279925797,-2.980322125563e-27,-0.141402279925797
619,-3.3947345392796,-3.3947345392796,-0.141213906131886,-2.94172436348069e-27,-0.141213906131886
619.1,-0.831258098538197,-0.831258098538197,-0.141025783286448,-2.90362647596725e-27,-0.141025783286448
619.2,-0.62780758736824,-0.62780758736824,-0.140837911055173,-2.8660219892126e-27,-0.140837911055173
619.3,-2.0519611655579,-2.0519611655579,-0.140650289104198,-2.82890451324797e-27,-0.140650289104198
619.4,-1.76713044991996,-1.76713044991996,-0.140462917100104,-2.79226774086035e-27,-0.140462917100104
619.5,-0.871948200772178,-0.871948200772178,-0.140275794709914,-2.7561054465206e-27,-0.140275794709914
619.6,-1.76713044991997,-1.76713044991997,-0.140088921601099,-2.72041148532556e-27,-0.140088921601099
619.7,-3.06921372140766,-3.06921372140766,-0.139902297441568,-2.68517979195386e-27,-0.139902297441568
619.8,-2.45886218789781,-2.45886218789781,-0.139715921899676,-2.65040437963543e-27,-0.139715921899676
619.9,-1.92989085885594,-1.92989085885594,-0.139529794644218,-2.61607933913401e-27,-0.139529794644218
620,-2.17403147225988,-2.17403147225988,-0.139343915344432,-2.58219883774319e-27,-0.139343915344432
620.1,-0.546427382900257,-0.546427382900257,-0.139158283669995,-2.54875711829491e-27,-0.139158283669995
620.2,-0.261596667262322,-0.261596667262322,-0.138972899291025,-2.51574849818172e-27,-0.138972899291025
620.3,-0.668497689602226,-0.668497689602226,-0.138787761878078,-2.48316736839074e-27,-0.138787761878078
620.4,-2.13334137002589,-2.13334137002589,-0.13860287110215,-2.45100819255074e-27,-0.13860287110215
620.5,-1.60437004098401,-1.60437004098401,-0.138418226634677,-2.41926550599134e-27,-0.138418226634677
620.6,-0.831258098538188,-0.831258098538188,-0.138233828147528,-2.38793391481421e-27,-0.138233828147528
620.7,-1.88920075662194,-1.88920075662194,-0.138049675313015,-2.35700809497687e-27,-0.138049675313015
620.8,-2.17403147225988,-2.17403147225988,-0.137865767803882,-2.32648279138777e-27,-0.137865767803882
620.9,-2.58093249459978,-2.58093249459978,-0.137682105293311,-2.2963528170134e-27,-0.137682105293311
621,-1.11608881417612,-1.11608881417612,-0.137498687454918,-2.26661305199676e-27,-0.137498687454918
621.1,-2.0519611655579,-2.0519611655579,-0.137315513962756,-2.23725844278745e-27,-0.137315513962756
621.2,-2.82507310800373,-2.82507310800373,-0.137132584491311,-2.20828400128303e-27,-0.137132584491311
621.3,-2.41817208566382,-2.41817208566382,-0.136949898715501,-2.17968480398129e-27,-0.136949898715501
621.4,-1.07539871194213,-1.07539871194213,-0.136767456310681,-2.15145599114358e-27,-0.136767456310681
621.5,-0.587117485134247,-0.587117485134247,-0.136585256952635,-2.1235927659692e-27,-0.136585256952635
621.6,-2.01127106332391,-2.01127106332391,-0.136403300317579,-2.09609039378008e-27,-0.136403300317579
621.7,-1.88920075662194,-1.88920075662194,-0.136221586082163,-2.06894420121646e-27,-0.136221586082163
621.8,-2.0926512677919,-2.0926512677919,-0.136040113923465,-2.04214957544253e-27,-0.136040113923465
621.9,-3.19128402810964,-3.19128402810964,-0.135858883518996,-2.0157019633628e-27,-0.135858883518996
622,-1.92989085885593,-1.92989085885593,-0.135677894546694,-1.98959687084833e-27,-0.135677894546694
622.1,-2.66231269906776,-2.66231269906776,-0.135497146684926,-1.963829861973e-27,-0.135497146684926
622.2,-2.9471434147057,-2.9471434147057,-0.13531663961249,-1.93839655825978e-27,-0.13531663961249
622.3,-2.4995522901318,-2.4995522901318,-0.135136373008611,-1.91329263793679e-27,-0.135136373008611
622.4,-2.9878335169397,-2.9878335169397,-0.134956346552938,-1.88851383520282e-27,-0.134956346552938
622.5,-2.41817208566381,-2.41817208566381,-0.134776559925553,-1.86405593950255e-27,-0.134776559925553
622.6,-2.29610177896184,-2.29610177896184,-0.134597012806957,-1.83991479481083e-27,-0.134597012806957
622.7,-3.88301576608748,-3.88301576608748,-0.134417704878084,-1.81608629892685e-27,-0.134417704878084
622.8,-4.73750791300128,-4.73750791300128,-0.134238635820286,-1.79256640277677e-27,-0.134238635820286
622.9,-2.45886218789781,-2.45886218789781,-0.134059805315346,-1.76935110972584e-27,-0.134059805315346
623,-0.668497689602233,-0.668497689602233,-0.133881213045465,-1.74643647489911e-27,-0.133881213045465
623.1,-1.31953932534607,-1.31953932534607,-0.133702858693272,-1.72381860451123e-27,-0.133702858693272
623.2,-2.37748198342982,-2.37748198342982,-0.133524741941816,-1.70149365520479e-27,-0.133524741941816
623.3,-2.66231269906776,-2.66231269906776,-0.13334686247457,-1.67945783339718e-27,-0.13334686247457
623.4,-2.29610177896185,-2.29610177896185,-0.133169219975428,-1.65770739463595e-27,-0.133169219975428
623.5,-2.4588621878978,-2.4588621878978,-0.132991814128704,-1.63623864296261e-27,-0.132991814128704
623.6,-3.55749494821555,-3.55749494821555,-0.132814644619134,-1.6150479302845e-27,-0.132814644619134
623.7,-1.31953932534607,-1.31953932534607,-0.132637711131874,-1.59413165575498e-27,-0.132637711131874
623.8,-1.03470860970814,-1.03470860970814,-0.132461013352498,-1.57348626516145e-27,-0.132461013352498
623.9,-1.68575024545199,-1.68575024545199,-0.132284550967,-1.5531082503215e-27,-0.132284550967
624,-0.505737280666267,-0.505737280666267,-0.132108323661793,-1.53299414848673e-27,-0.132108323661793
624.1,-1.11608881417613,-1.11608881417613,-0.131932331123706,-1.5131405417543e-27,-0.131932331123706
624.2,-1.07539871194213,-1.07539871194213,-0.131756573039987,-1.4935440564862e-27,-0.131756573039987
624.3,-1.03470860970813,-1.03470860970813,-0.131581049098299,-1.47420136273597e-27,-0.131581049098299
624.4,-1.27884922311208,-1.27884922311208,-0.131405758986722,-1.45510917368288e-27,-0.131405758986722
624.5,-3.10990382364166,-3.10990382364166,-0.131230702393751,-1.43626424507338e-27,-0.131230702393751
624.6,-4.77819801523527,-4.77819801523527,-0.131055879008297,-1.41766337466972e-27,-0.131055879008297
624.7,-2.74369290353574,-2.74369290353574,-0.130881288519685,-1.39930340170605e-27,-0.130881288519685
624.8,-1.76713044991997,-1.76713044991997,-0.130706930617653,-1.38118120635111e-27,-0.130706930617653
624.9,-2.29610177896184,-2.29610177896184,-0.130532804992353,-1.36329370917822e-27,-0.130532804992353
625,-1.72644034768597,-1.72644034768597,-0.13035891133435,-1.3456378706419e-27,-0.13035891133435
625.1,-3.06921372140767,-3.06921372140767,-0.130185249334621,-1.32821069056141e-27,-0.130185249334621
625.2,-3.84232566385348,-3.84232566385348,-0.130011818684555,-1.31100920761102e-27,-0.130011818684555
625.3,-2.0519611655579,-2.0519611655579,-0.129838619075951,-1.29403049881673e-27,-0.129838619075951
625.4,-1.11608881417612,-1.11608881417612,-0.129665650201019,-1.27727167905955e-27,-0.129665650201019
625.5,-2.86576321023771,-2.86576321023771,-0.129492911752381,-1.26072990058535e-27,-0.129492911752381
625.6,-2.49955229013179,-2.49955229013179,-0.129320403423066,-1.24440235252082e-27,-0.129320403423066
625.7,-1.88920075662194,-1.88920075662194,-0.129148124906512,-1.22828626039598e-27,-0.129148124906512
625.8,-2.86576321023771,-2.86576321023771,-0.128976075896567,-1.21237888567257e-27,-0.128976075896567
625.9,-2.41817208566382,-2.41817208566382,-0.128804256087487,-1.19667752527885e-27,-0.128804256087487
626,-1.97058096108992,-1.97058096108992,-0.128632665173933,-1.18117951115017e-27,-0.128632665173933
626.1,-1.84851065438795,-1.84851065438795,-0.128461302850975,-1.16588220977565e-27,-0.128461302850975
626.2,-1.07539871194213,-1.07539871194213,-0.128290168814087,-1.15078302175064e-27,-0.128290168814087
626.3,-2.21472157449387,-2.21472157449387,-0.128119262759152,-1.13587938133508e-27,-0.128119262759152
626.4,-5.02233862863921,-5.02233862863921,-0.127948584382454,-1.12116875601744e-27,-0.127948584382454
626.5,-3.43542464151358,-3.43542464151358,-0.127778133380686,-1.10664864608446e-27,-0.127778133380686
626.6,-3.51680484598157,-3.51680484598157,-0.127607909450942,-1.09231658419627e-27,-0.127607909450942
626.7,-2.17403147225987,-2.17403147225987,-0.12743791229072,-1.07817013496724e-27,-0.12743791229072
626.8,-3.02852361917368,-3.02852361917368,-0.127268141597921,-1.06420689455211e-27,-0.127268141597921
626.9,-2.62162259683377,-2.62162259683377,-0.12709859707085,-1.0504244902375e-27,-0.12709859707085
627,-0.953328405240168,-0.953328405240168,-0.126929278408212,-1.03682058003871e-27,-0.126929278408212
627.1,-1.40091952981405,-1.40091952981405,-0.126760185309114,-1.02339285230177e-27,-0.126760185309114
627.2,-3.55749494821555,-3.55749494821555,-0.126591317473065,-1.01013902531068e-27,-0.126591317473065
627.3,-4.57474750406531,-4.57474750406531,-0.126422674599972,-9.97056846899633e-28,-0.126422674599972
627.4,-3.31335433481161,-3.31335433481161,-0.126254256390143,-9.84144094070288e-28,-0.126254256390143
627.5,-3.92370586832147,-3.92370586832147,-0.126086062544286,-9.71398572614125e-28,-0.126086062544286
627.6,-2.58093249459978,-2.58093249459978,-0.125918092763508,-9.58818116739469e-28,-0.125918092763508
627.7,-1.27884922311208,-1.27884922311208,-0.125750346749311,-9.46400588703591e-28,-0.125750346749311
627.8,-2.66231269906776,-2.66231269906776,-0.125582824203598,-9.34143878449331e-28,-0.125582824203598
627.9,0.063924150609597,0.063924150609597,-0.125415524828667,-9.22045903246644e-28,-0.125415524828667
628,-1.88920075662194,-1.88920075662194,-0.125248448327216,-9.1010460733865e-28,-0.125248448327216
628.1,-2.25541167672786,-2.25541167672786,-0.125081594402334,-8.9831796159228e-28,-0.125081594402334
628.2,-1.92989085885593,-1.92989085885593,-0.124914962757509,-8.86683963153504e-28,-0.124914962757509
628.3,-2.9064533124717,-2.9064533124717,-0.124748553096623,-8.75200635107017e-28,-0.124748553096623
628.4,-3.63887515268353,-3.63887515268353,-0.124582365123954,-8.63866026140273e-28,-0.124582365123954
628.5,-3.63887515268353,-3.63887515268353,-0.124416398544171,-8.52678210211945e-28,-0.124416398544171
628.6,-2.78438300576973,-2.78438300576973,-0.124250653062339,-8.4163528622454e-28,-0.124250653062339
628.7,-0.587117485134245,-0.587117485134245,-0.124085128383914,-8.30735377701505e-28,-0.124085128383914
628.8,-0.709187791836223,-0.709187791836223,-0.123919824214745,-8.19976632468264e-28,-0.123919824214745
628.9,-1.604370040984,-1.604370040984,-0.123754740261075,-8.09357222337525e-28,-0.123754740261075
629,-1.97058096108992,-1.97058096108992,-0.123589876229536,-7.98875342798584e-28,-0.123589876229536
629.1,-1.44160963204804,-1.44160963204804,-0.12342523182715,-7.88529212710724e-28,-0.12342523182715
629.2,-2.9064533124717,-2.9064533124717,-0.123260806761332,-7.78317074000567e-28,-0.123260806761332
629.3,-1.84851065438794,-1.84851065438794,-0.123096600739885,-7.68237191363315e-28,-0.123096600739885
629.4,-1.80782055215396,-1.80782055215396,-0.122932613471002,-7.58287851967843e-28,-0.122932613471002
629.5,-1.1974690186441,-1.1974690186441,-0.122768844663263,-7.4846736516572e-28,-0.122768844663263
629.6,-1.84851065438794,-1.84851065438794,-0.12260529402564,-7.38774062203839e-28,-0.12260529402564
629.7,-2.45886218789781,-2.45886218789781,-0.122441961267488,-7.29206295940941e-28,-0.122441961267488
629.8,-1.97058096108992,-1.97058096108992,-0.122278846098553,-7.19762440567633e-28,-0.122278846098553
629.9,-1.92989085885594,-1.92989085885594,-0.122115948228966,-7.10440891330199e-28,-0.122115948228966
630,-1.52298983651603,-1.52298983651603,-0.121953267369245,-7.01240064257879e-28,-0.121953267369245
630.1,-2.54024239236579,-2.54024239236579,-0.121790803230292,-6.92158395893691e-28,-0.121790803230292
630.2,-3.10990382364165,-3.10990382364165,-0.121628555523395,-6.8319434302878e-28,-0.121628555523395
630.3,-2.0519611655579,-2.0519611655579,-0.121466523960227,-6.74346382440205e-28,-0.121466523960227
630.4,-3.23197413034363,-3.23197413034363,-0.121304708252845,-6.65613010632078e-28,-0.121304708252845
630.5,-3.27266423257762,-3.27266423257762,-0.12114310811369,-6.56992743580109e-28,-0.12114310811369
630.6,-0.871948200772178,-0.871948200772178,-0.120981723255585,-6.48484116479355e-28,-0.120981723255585
630.7,-1.72644034768598,-1.72644034768598,-0.120820553391736,-6.40085683495427e-28,-0.120820553391736
630.8,-2.41817208566381,-2.41817208566381,-0.120659598235732,-6.31796017518729e-28,-0.120659598235732
630.9,-0.790567996304205,-0.790567996304205,-0.120498857501542,-6.23613709921983e-28,-0.120498857501542
631,-0.83125809853819,-0.83125809853819,-0.120338330903517,-6.15537370320842e-28,-0.120338330903517
631.1,-2.4995522901318,-2.4995522901318,-0.120178018156388,-6.07565626337645e-28,-0.120178018156388
631.2,-4.2492266861934,-4.2492266861934,-0.120017918975266,-5.99697123368232e-28,-0.120017918975266
631.3,-4.04577617502344,-4.04577617502344,-0.119858033075643,-5.91930524351743e-28,-0.119858033075643
631.4,-2.54024239236578,-2.54024239236578,-0.119698360173388,-5.84264509543394e-28,-0.119698360173388
631.5,-3.23197413034363,-3.23197413034363,-0.119538899984751,-5.76697776290277e-28,-0.119538899984751
631.6,-2.90645331247171,-2.90645331247171,-0.119379652226356,-5.69229038809937e-28,-0.119379652226356
631.7,-2.58093249459978,-2.58093249459978,-0.119220616615208,-5.61857027971954e-28,-0.119220616615208
631.8,-3.8016355616195,-3.8016355616195,-0.119061792868689,-5.54580491082215e-28,-0.119061792868689
631.9,-3.55749494821555,-3.55749494821555,-0.118903180704555,-5.47398191670112e-28,-0.118903180704555
632,-1.15677891641011,-1.15677891641011,-0.11874477984094,-5.40308909278403e-28,-0.11874477984094
632.1,-1.44160963204804,-1.44160963204804,-0.118586589996352,-5.33311439255814e-28,-0.118586589996352
632.2,-3.31335433481161,-3.31335433481161,-0.118428610889677,-5.26404592552353e-28,-0.118428610889677
632.3,-2.98783351693968,-2.98783351693968,-0.118270842240171,-5.19587195517273e-28,-0.118270842240171
632.4,-2.37748198342983,-2.37748198342983,-0.118113283767468,-5.12858089699616e-28,-0.118113283767468
632.5,-2.62162259683377,-2.62162259683377,-0.117955935191574,-5.06216131651388e-28,-0.117955935191574
632.6,-1.07539871194213,-1.07539871194213,-0.117798796232866,-4.99660192733194e-28,-0.117798796232866
632.7,-1.23815912087809,-1.23815912087809,-0.117641866612098,-4.93189158922545e-28,-0.117641866612098
632.8,-1.72644034768598,-1.72644034768598,-0.117485146050392,-4.86801930624498e-28,-0.117485146050392
632.9,-2.62162259683377,-2.62162259683377,-0.117328634269243,-4.80497422484826e-28,-0.117328634269243
633,-1.40091952981406,-1.40091952981406,-0.117172330990517,-4.74274563205568e-28,-0.117172330990517
633.1,-1.68575024545199,-1.68575024545199,-0.117016235936451,-4.68132295363006e-28,-0.117016235936451
633.2,-0.912638303006176,-0.912638303006176,-0.116860348829651,-4.62069575227988e-28,-0.116860348829651
633.3,-0.668497689602231,-0.668497689602231,-0.116704669393094,-4.56085372588564e-28,-0.116704669393094
633.4,-1.88920075662194,-1.88920075662194,-0.116549197350124,-4.50178670574904e-28,-0.116549197350124
633.5,-2.74369290353574,-2.74369290353574,-0.116393932424455,-4.44348465486552e-28,-0.116393932424455
633.6,-2.25541167672785,-2.25541167672785,-0.116238874340168,-4.3859376662182e-28,-0.116238874340168
633.7,-2.01127106332391,-2.01127106332391,-0.116084022821714,-4.32913596109494e-28,-0.116084022821714
633.8,-0.505737280666267,-0.505737280666267,-0.115929377593908,-4.27306988742615e-28,-0.115929377593908
633.9,-0.139526360560358,-0.139526360560358,-0.115774938381934,-4.21772991814514e-28,-0.115774938381934
634,-1.31953932534607,-1.31953932534607,-0.11562070491134,-4.163106649569e-28,-0.11562070491134
634.1,-1.84851065438794,-1.84851065438794,-0.115466676908042,-4.10919079980057e-28,-0.115466676908042
634.2,-2.21472157449386,-2.21472157449386,-0.115312854098319,-4.05597320715133e-28,-0.115312854098319
634.3,-1.07539871194213,-1.07539871194213,-0.115159236208815,-4.00344482858471e-28,-0.115159236208815
634.4,-2.62162259683377,-2.62162259683377,-0.115005822966539,-3.95159673817926e-28,-0.115005822966539
634.5,-1.72644034768598,-1.72644034768598,-0.114852614098865,-3.90042012561207e-28,-0.114852614098865
634.6,-0.912638303006173,-0.912638303006173,-0.114699609333526,-3.84990629466127e-28,-0.114699609333526
634.7,0.226684559545559,0.226684559545559,-0.114546808398622,-3.80004666172893e-28,-0.114546808398622
634.8,0.633585581885468,0.633585581885468,-0.114394211022612,-3.75083275438206e-28,-0.114394211022612
634.9,-0.709187791836214,-0.709187791836214,-0.11424181693432,-3.70225620991306e-28,-0.11424181693432
635,-2.82507310800372,-2.82507310800372,-0.114089625862927,-3.65430877391875e-28,-0.114089625862927
635.1,-3.39473453927959,-3.39473453927959,-0.11393763753798,-3.60698229889734e-28,-0.11393763753798
635.2,-2.4588621878978,-2.4588621878978,-0.113785851689381,-3.5602687428646e-28,-0.113785851689381
635.3,-3.15059392587565,-3.15059392587565,-0.113634268047397,-3.51416016798684e-28,-0.113634268047397
635.4,-2.21472157449387,-2.21472157449387,-0.113482886342649,-3.46864873923231e-28,-0.113482886342649
635.5,-0.546427382900257,-0.546427382900257,-0.113331706306121,-3.4237267230396e-28,-0.113331706306121
635.6,-1.80782055215396,-1.80782055215396,-0.113180727669153,-3.37938648600367e-28,-0.113180727669153
635.7,-0.871948200772181,-0.871948200772181,-0.113029950163445,-3.33562049357878e-28,-0.113029950163445
635.8,-1.88920075662193,-1.88920075662193,-0.112879373521053,-3.29242130879813e-28,-0.112879373521053
635.9,-1.68575024545199,-1.68575024545199,-0.112728997474389,-3.24978159100995e-28,-0.112728997474389
636,-1.2381591208781,-1.2381591208781,-0.112578821756224,-3.20769409463047e-28,-0.112578821756224
636.1,0.714965786353448,0.714965786353448,-0.112428846099683,-3.16615166791237e-28,-0.112428846099683
636.2,-0.0988362583263576,-0.0988362583263576,-0.112279070238248,-3.12514725172983e-28,-0.112279070238248
636.3,-2.9064533124717,-2.9064533124717,-0.112129493905754,-3.08467387837868e-28,-0.112129493905754
636.4,-1.645060143218,-1.645060143218,-0.111980116836392,-3.0447246703927e-28,-0.111980116836392
636.5,-1.31953932534607,-1.31953932534607,-0.111830938764708,-3.00529283937484e-28,-0.111830938764708
636.6,-0.546427382900255,-0.546427382900255,-0.1116819594256,-2.96637168484361e-28,-0.1116819594256
636.7,-1.11608881417612,-1.11608881417612,-0.111533178554319,-2.92795459309457e-28,-0.111533178554319
636.8,-1.11608881417612,-1.11608881417612,-0.111384595886471,-2.8900350360766e-28,-0.111384595886471
636.9,-1.84851065438795,-1.84851065438795,-0.111236211158011,-2.85260657028245e-28,-0.111236211158011
637,-2.66231269906776,-2.66231269906776,-0.111088024105249,-2.815662835654e-28,-0.111088024105249
637.1,-2.33679188119584,-2.33679188119584,-0.110940034464843,-2.77919755450115e-28,-0.110940034464843
637.2,-2.82507310800373,-2.82507310800373,-0.110792241973804,-2.74320453043559e-28,-0.110792241973804
637.3,-2.45886218789781,-2.45886218789781,-0.110644646369494,-2.70767764731754e-28,-0.110644646369494
637.4,-2.74369290353575,-2.74369290353575,-0.110497247389622,-2.6726108682166e-28,-0.110497247389622
637.5,-1.56367993875002,-1.56367993875002,-0.11035004477225,-2.63799823438577e-28,-0.11035004477225
637.6,-1.27884922311209,-1.27884922311209,-0.110203038255786,-2.60383386424901e-28,-0.110203038255786
637.7,-0.953328405240166,-0.953328405240166,-0.110056227578987,-2.57011195240188e-28,-0.110056227578987
637.8,-1.84851065438795,-1.84851065438795,-0.10990961248096,-2.53682676862498e-28,-0.10990961248096
637.9,-3.80163556161949,-3.80163556161949,-0.109763192701157,-2.50397265691011e-28,-0.109763192701157
638,-1.52298983651602,-1.52298983651602,-0.10961696797938,-2.47154403449944e-28,-0.10961696797938
638.1,-0.220906565028334,-0.220906565028334,-0.109470938055773,-2.43953539093657e-28,-0.109470938055773
638.2,-3.31335433481161,-3.31335433481161,-0.109325102670832,-2.40794128713043e-28,-0.109325102670832
638.3,-2.86576321023771,-2.86576321023771,-0.109179461565394,-2.37675635443078e-28,-0.109179461565394
638.4,-1.31953932534607,-1.31953932534607,-0.109034014480644,-2.34597529371617e-28,-0.109034014480644
638.5,0.185994457311566,0.185994457311566,-0.10888876115811,-2.31559287449337e-28,-0.10888876115811
638.6,-1.27884922311208,-1.27884922311208,-0.108743701339666,-2.28560393400851e-28,-0.108743701339666
638.7,-1.1974690186441,-1.1974690186441,-0.108598834767529,-2.2560033763699e-28,-0.108598834767529
638.8,-1.84851065438795,-1.84851065438795,-0.108454161184258,-2.22678617168211e-28,-0.108454161184258
638.9,-1.52298983651602,-1.52298983651602,-0.108309680332758,-2.19794735519121e-28,-0.108309680332758
639,-0.424357076198283,-0.424357076198283,-0.108165391956275,-2.16948202644121e-28,-0.108165391956275
639.1,-0.587117485134248,-0.587117485134248,-0.108021295798395,-2.1413853484411e-28,-0.108021295798395
639.2,-0.871948200772178,-0.871948200772178,-0.10787739160305,-2.1136525468433e-28,-0.10787739160305
639.3,-1.84851065438795,-1.84851065438795,-0.107733679114509,-2.0862789091321e-28,-0.107733679114509
639.4,-1.60437004098401,-1.60437004098401,-0.107590158077384,-2.05925978382301e-28,-0.107590158077384
639.5,-2.25541167672785,-2.25541167672785,-0.107446828236627,-2.03259057967225e-28,-0.107446828236627
639.6,-1.84851065438795,-1.84851065438795,-0.107303689337528,-2.00626676489662e-28,-0.107303689337528
639.7,-1.60437004098401,-1.60437004098401,-0.107160741125718,-1.98028386640352e-28,-0.107160741125718
639.8,-1.11608881417612,-1.11608881417612,-0.107017983347168,-1.9546374690308e-28,-0.107017983347168
639.9,-2.01127106332391,-2.01127106332391,-0.106875415748185,-1.9293232147964e-28,-0.106875415748185
640,-2.0519611655579,-2.0519611655579,-0.106733038075414,-1.90433680215802e-28,-0.106733038075414
640.1,-1.80782055215396,-1.80782055215396,-0.106590850075839,-1.87967398528198e-28,-0.106590850075839
640.2,-0.139526360560348,-0.139526360560348,-0.106448851496782,-1.85533057332193e-28,-0.106448851496782
640.3,0.145304355077587,0.145304355077587,-0.106307042085898,-1.83130242970652e-28,-0.106307042085898
640.4,-0.505737280666269,-0.505737280666269,-0.106165421591181,-1.80758547143668e-28,-0.106165421591181
640.5,-1.40091952981406,-1.40091952981406,-0.10602398976096,-1.78417566839172e-28,-0.10602398976096
640.6,-0.994018507474159,-0.994018507474159,-0.1058827463439,-1.76106904264446e-28,-0.1058827463439
640.7,-0.342976871730305,-0.342976871730305,-0.105741691088999,-1.73826166778536e-28,-0.105741691088999
640.8,-0.912638303006169,-0.912638303006169,-0.105600823745591,-1.71574966825531e-28,-0.105600823745591
640.9,-1.44160963204804,-1.44160963204804,-0.105460144063343,-1.69352921868706e-28,-0.105460144063343
641,-2.37748198342983,-2.37748198342983,-0.105319651792256,-1.67159654325523e-28,-0.105319651792256
641.1,-2.58093249459978,-2.58093249459978,-0.105179346682665,-1.64994791503453e-28,-0.105179346682665
641.2,-4.12715637949142,-4.12715637949142,-0.105039228485235,-1.6285796553667e-28,-0.105039228485235
641.3,-2.58093249459977,-2.58093249459977,-0.104899296950965,-1.6074881332353e-28,-0.104899296950965
641.4,-0.261596667262319,-0.261596667262319,-0.104759551831186,-1.5866697646487e-28,-0.104759551831186
641.5,-1.36022942758006,-1.36022942758006,-0.104619992877559,-1.56612101203105e-28,-0.104619992877559
641.6,-2.74369290353574,-2.74369290353574,-0.104480619842078,-1.54583838362116e-28,-0.104480619842078
641.7,-2.17403147225988,-2.17403147225988,-0.104341432477064,-1.52581843287925e-28,-0.104341432477064
641.8,-1.11608881417612,-1.11608881417612,-0.10420243053517,-1.50605775790122e-28,-0.10420243053517
641.9,-2.9878335169397,-2.9878335169397,-0.10406361376938,-1.48655300084051e-28,-0.10406361376938
642,-2.54024239236579,-2.54024239236579,-0.103924981933005,-1.46730084733769e-28,-0.103924981933005
642.1,-3.3540444370456,-3.3540444370456,-0.103786534779683,-1.44829802595707e-28,-0.103786534779683
642.2,-3.88301576608748,-3.88301576608748,-0.103648272063385,-1.42954130763098e-28,-0.103648272063385
642.3,-3.51680484598156,-3.51680484598156,-0.103510193538405,-1.41102750511092e-28,-0.103510193538405
642.4,-4.00508607278945,-4.00508607278945,-0.103372298959368,-1.39275347242607e-28,-0.103372298959368
642.5,-4.6561277085333,-4.6561277085333,-0.103234588081223,-1.37471610434866e-28,-0.103234588081223
642.6,-3.15059392587565,-3.15059392587565,-0.103097060659247,-1.3569123358663e-28,-0.103097060659247
642.7,-1.1974690186441,-1.1974690186441,-0.102959716449043,-1.33933914166116e-28,-0.102959716449043
642.8,-0.668497689602224,-0.668497689602224,-0.102822555206539,-1.32199353559595e-28,-0.102822555206539
642.9,-1.07539871194213,-1.07539871194213,-0.102685576687989,-1.30487257020645e-28,-0.102685576687989
643,-2.0519611655579,-2.0519611655579,-0.10254878064997,-1.28797333620066e-28,-0.10254878064997
643.1,-2.29610177896185,-2.29610177896185,-0.102412166849386,-1.27129296196436e-28,-0.102412166849386
643.2,-1.23815912087809,-1.23815912087809,-0.102275735043462,-1.25482861307335e-28,-0.102275735043462
643.3,-0.994018507474159,-0.994018507474159,-0.102139484989748,-1.23857749181162e-28,-0.102139484989748
643.4,-1.56367993875002,-1.56367993875002,-0.102003416446116,-1.22253683669605e-28,-0.102003416446116
643.5,-2.29610177896185,-2.29610177896185,-0.101867529170763,-1.20670392200709e-28,-0.101867529170763
643.6,-2.9471434147057,-2.9471434147057,-0.101731822922206,-1.19107605732562e-28,-0.101731822922206
643.7,-0.790567996304204,-0.790567996304204,-0.101596297459283,-1.17565058707583e-28,-0.101596297459283
643.8,0.145304355077585,0.145304355077585,-0.101460952541154,-1.16042489007393e-28,-0.101460952541154
643.9,-1.15677891641012,-1.15677891641012,-0.101325787927302,-1.14539637908267e-28,-0.101325787927302
644,0.511515275183498,0.511515275183498,-0.101190803377527,-1.13056250037185e-28,-0.101190803377527
644.1,-0.342976871730303,-0.342976871730303,-0.101055998651952,-1.11592073328422e-28,-0.101055998651952
644.2,-1.1567789164101,-1.1567789164101,-0.100921373511017,-1.10146858980732e-28,-0.100921373511017
644.3,-1.44160963204804,-1.44160963204804,-0.100786927715483,-1.08720361415052e-28,-0.100786927715483
644.4,-1.72644034768598,-1.72644034768598,-0.100652661026428,-1.07312338232788e-28,-0.100652661026428
644.5,-3.59818505044954,-3.59818505044954,-0.100518573205251,-1.05922550174618e-28,-0.100518573205251
644.6,-3.43542464151358,-3.43542464151358,-0.100384664013665,-1.04550761079834e-28,-0.100384664013665
644.7,-2.13334137002589,-2.13334137002589,-0.100250933213705,-1.03196737846212e-28,-0.100250933213705
644.8,-1.60437004098401,-1.60437004098401,-0.100117380567718,-1.0186025039041e-28,-0.100117380567718
644.9,0.0232340483756065,0.0232340483756065,-0.0999840058383725,-1.00541071608863e-28,-0.0999840058383725
645,-1.23815912087809,-1.23815912087809,-0.0998508087886498,-9.92389773391963e-29,-0.0998508087886498
645.1,0.145304355077578,0.145304355077578,-0.0997177891818481,-9.79537463221258e-29,-0.0997177891818481
645.2,-0.0581461560923718,-0.0581461560923718,-0.0995849467815808,-9.66851601638752e-29,-0.0995849467815808
645.3,-1.03470860970814,-1.03470860970814,-0.0994522813517764,-9.54330032990547e-29,-0.0994522813517764
645.4,-0.749877894070216,-0.749877894070216,-0.0993197926566777,-9.4197062954035e-29,-0.0993197926566777
645.5,1.44738762656528,1.44738762656528,-0.099187480460842,-9.29771291107878e-29,-0.099187480460842
645.6,0.226684559545556,0.226684559545556,-0.0990553445291392,-9.17729944712004e-29,-0.0990553445291392
645.7,1.04048660422538,1.04048660422538,-0.0989233846267535,-9.05844544218539e-29,-0.0989233846267535
645.8,-0.0581461560923672,-0.0581461560923672,-0.0987916005191815,-8.94113069992508e-29,-0.0987916005191815
645.9,-3.47611474374758,-3.47611474374758,-0.0986599919722323,-8.82533528554926e-29,-0.0986599919722323
646,-2.62162259683377,-2.62162259683377,-0.098528558752027,-8.71103952244145e-29,-0.098528558752027
646.1,-2.09265126779189,-2.09265126779189,-0.0983973006249978,-8.59822398881395e-29,-0.0983973006249978
646.2,-1.52298983651603,-1.52298983651603,-0.0982662173578889,-8.48686951440859e-29,-0.0982662173578889
646.3,0.0639241506096041,0.0639241506096041,-0.0981353087177544,-8.37695717723823e-29,-0.0981353087177544
646.4,-0.871948200772176,-0.871948200772176,-0.0980045744719594,-8.26846830037225e-29,-0.0980045744719594
646.5,-0.342976871730314,-0.342976871730314,-0.0978740143881787,-8.16138444876252e-29,-0.0978740143881787
646.6,1.69152823996922,1.69152823996922,-0.0977436282343962,-8.0556874261106e-29,-0.0977436282343962
646.7,-0.220906565028329,-0.220906565028329,-0.0976134157789053,-7.95135927177589e-29,-0.0976134157789053
646.8,-0.587117485134248,-0.587117485134248,-0.0974833767903081,-7.84838225772396e-29,-0.0974833767903081
646.9,0.674275684119463,0.674275684119463,-0.0973535110375148,-7.74673888551371e-29,-0.0973535110375148
647,-0.505737280666265,-0.505737280666265,-0.0972238182897436,-7.64641188332428e-29,-0.0972238182897436
647.1,-0.342976871730305,-0.342976871730305,-0.09709429831652,-7.54738420301924e-29,-0.09709429831652
647.2,0.877726195289408,0.877726195289408,-0.0969649508876764,-7.44963901725102e-29,-0.0969649508876764
647.3,-0.465047178432274,-0.465047178432274,-0.0968357757733523,-7.35315971660059e-29,-0.0968357757733523
647.4,-0.627807587368233,-0.627807587368233,-0.0967067727439929,-7.25792990675544e-29,-0.0967067727439929
647.5,-0.871948200772181,-0.871948200772181,-0.0965779415703499,-7.16393340572347e-29,-0.0965779415703499
647.6,0.796345990821434,0.796345990821434,-0.0964492820234792,-7.07115424108343e-29,-0.0964492820234792
647.7,0.552205377417494,0.552205377417494,-0.0963207938747429,-6.97957664727099e-29,-0.0963207938747429
647.8,0.470825172949508,0.470825172949508,-0.0961924768958071,-6.88918506289963e-29,-0.0961924768958071
647.9,1.08117670645937,1.08117670645937,-0.0960643308586423,-6.79996412811597e-29,-0.0960643308586423
648,-0.0581461560923696,-0.0581461560923696,-0.0959363555355227,-6.7118986819905e-29,-0.0959363555355227
648.1,-1.40091952981405,-1.40091952981405,-0.0958085506990256,-6.62497375994053e-29,-0.0958085506990256
648.2,-2.70300280130176,-2.70300280130176,-0.0956809161220318,-6.5391745911881e-29,-0.0956809161220318
648.3,-1.84851065438795,-1.84851065438795,-0.0955534515777242,-6.45448659624929e-29,-0.0955534515777242
648.4,-3.43542464151358,-3.43542464151358,-0.0954261568395882,-6.37089538445746e-29,-0.0954261568395882
648.5,-2.70300280130174,-2.70300280130174,-0.0952990316814109,-6.2883867515176e-29,-0.0952990316814109
648.6,-2.54024239236579,-2.54024239236579,-0.0951720758772803,-6.20694667709248e-29,-0.0951720758772803
648.7,-2.37748198342982,-2.37748198342982,-0.095045289201586,-6.12656132242044e-29,-0.095045289201586
648.8,-3.59818505044954,-3.59818505044954,-0.0949186714290177,-6.04721702796398e-29,-0.0949186714290177
648.9,-2.41817208566381,-2.41817208566381,-0.0947922223345656,-5.9689003110884e-29,-0.0947922223345656
649,-1.1974690186441,-1.1974690186441,-0.0946659416935195,-5.891597863771e-29,-0.0946659416935195
649.1,-0.587117485134245,-0.587117485134245,-0.0945398292814685,-5.81529655033904e-29,-0.0945398292814685
649.2,-1.68575024545199,-1.68575024545199,-0.0944138848743004,-5.73998340523867e-29,-0.0944138848743004
649.3,-2.09265126779189,-2.09265126779189,-0.0942881082482023,-5.66564563083107e-29,-0.0942881082482023
649.4,-1.60437004098401,-1.60437004098401,-0.0941624991796588,-5.59227059521794e-29,-0.0941624991796588
649.5,-2.33679188119584,-2.33679188119584,-0.0940370574454527,-5.51984583009523e-29,-0.0940370574454527
649.6,-3.31335433481161,-3.31335433481161,-0.0939117828226635,-5.44835902863376e-29,-0.0939117828226635
649.7,-2.58093249459978,-2.58093249459978,-0.0937866750886684,-5.377798043389e-29,-0.0937866750886684
649.8,-4.12715637949142,-4.12715637949142,-0.0936617340211409,-5.3081508842362e-29,-0.0936617340211409
649.9,-4.37129699289537,-4.37129699289537,-0.0935369593980506,-5.23940571633322e-29,-0.0935369593980506
650,-2.66231269906776,-2.66231269906776,-0.0934123509976631,-5.17155085810927e-29,-0.0934123509976631
650.1,-2.62162259683376,-2.62162259683376,-0.093287908598539,-5.10457477928007e-29,-0.093287908598539
650.2,-3.19128402810963,-3.19128402810963,-0.0931636319795343,-5.03846609888867e-29,-0.0931636319795343
650.3,-5.38854954874513,-5.38854954874513,-0.0930395209197994,-4.97321358337141e-29,-0.0930395209197994
650.4,-4.45267719736334,-4.45267719736334,-0.0929155751987791,-4.90880614464883e-29,-0.0929155751987791
650.5,-4.90026832193723,-4.90026832193723,-0.0927917945962118,-4.84523283824203e-29,-0.0927917945962118
650.6,-4.2492266861934,-4.2492266861934,-0.0926681788921293,-4.78248286141234e-29,-0.0926681788921293
650.7,-4.45267719736334,-4.45267719736334,-0.0925447278668566,-4.72054555132621e-29,-0.0925447278668566
650.8,-2.9064533124717,-2.9064533124717,-0.0924214413010113,-4.65941038324279e-29,-0.0924214413010113
650.9,-2.01127106332391,-2.01127106332391,-0.0922983189755033,-4.59906696872597e-29,-0.0922983189755033
651,-3.39473453927959,-3.39473453927959,-0.0921753606715344,-4.53950505387893e-29,-0.0921753606715344
651.1,-4.57474750406532,-4.57474750406532,-0.0920525661705976,-4.48071451760158e-29,-0.0920525661705976
651.2,-3.02852361917367,-3.02852361917367,-0.0919299352544772,-4.42268536987088e-29,-0.0919299352544772
651.3,-2.29610177896185,-2.29610177896185,-0.0918074677052484,-4.36540775004341e-29,-0.0918074677052484
651.4,-4.94095842417123,-4.94095842417123,-0.0916851633052763,-4.30887192517956e-29,-0.0916851633052763
651.5,-3.02852361917368,-3.02852361917368,-0.0915630218372165,-4.25306828838991e-29,-0.0915630218372165
651.6,-3.31335433481161,-3.31335433481161,-0.0914410430840133,-4.19798735720222e-29,-0.0914410430840133
651.7,-4.98164852640523,-4.98164852640523,-0.0913192268289009,-4.14361977195086e-29,-0.0913192268289009
651.8,-3.84232566385348,-3.84232566385348,-0.091197572855402,-4.08995629418592e-29,-0.091197572855402
651.9,-1.645060143218,-1.645060143218,-0.0910760809473276,-4.03698780510347e-29,-0.0910760809473276
652,-2.74369290353574,-2.74369290353574,-0.090954750888777,-3.98470530399592e-29,-0.090954750888777
652.1,-3.96439597055546,-3.96439597055546,-0.0908335824641367,-3.93309990672266e-29,-0.0908335824641367
652.2,-3.10990382364165,-3.10990382364165,-0.0907125754580808,-3.88216284420055e-29,-0.0907125754580808
652.3,-1.03470860970814,-1.03470860970814,-0.0905917296555701,-3.83188546091368e-29,-0.0905917296555701
652.4,-2.54024239236579,-2.54024239236579,-0.0904710448418518,-3.78225921344244e-29,-0.0904710448418518
652.5,-4.08646627725743,-4.08646627725743,-0.0903505208024595,-3.73327566901214e-29,-0.0903505208024595
652.6,-2.70300280130175,-2.70300280130175,-0.0902301573232121,-3.68492650405966e-29,-0.0902301573232121
652.7,-1.11608881417612,-1.11608881417612,-0.0901099541902139,-3.63720350281943e-29,-0.0901099541902139
652.8,-1.48229973428203,-1.48229973428203,-0.0899899111898544,-3.59009855592701e-29,-0.0899899111898544
652.9,-1.03470860970814,-1.03470860970814,-0.0898700281088076,-3.54360365904142e-29,-0.0898700281088076
653,-3.3540444370456,-3.3540444370456,-0.0897503047340316,-3.49771091148485e-29,-0.0897503047340316
653.1,-3.43542464151358,-3.43542464151358,-0.0896307408527682,-3.45241251490005e-29,-0.0896307408527682
653.2,-2.54024239236579,-2.54024239236579,-0.0895113362525428,-3.40770077192525e-29,-0.0895113362525428
653.3,-4.00508607278945,-4.00508607278945,-0.089392090721164,-3.36356808488633e-29,-0.089392090721164
653.4,-4.04577617502344,-4.04577617502344,-0.0892730040467227,-3.32000695450558e-29,-0.0892730040467227
653.5,-1.92989085885594,-1.92989085885594,-0.0891540760175924,-3.27700997862758e-29,-0.0891540760175924
653.6,-1.40091952981406,-1.40091952981406,-0.0890353064224283,-3.23456985096095e-29,-0.0890353064224283
653.7,-5.38854954874512,-5.38854954874512,-0.0889166950501674,-3.19267935983741e-29,-0.0889166950501674
653.8,-5.0630287308732,-5.0630287308732,-0.0887982416900276,-3.15133138698599e-29,-0.0887982416900276
653.9,-4.6154376062993,-4.6154376062993,-0.0886799461315079,-3.11051890632354e-29,-0.0886799461315079
654,-5.83614067331902,-5.83614067331902,-0.0885618081643877,-3.0702349827607e-29,-0.0885618081643877
654.1,-6.3244219001269,-6.3244219001269,-0.088443827578726,-3.03047277102355e-29,-0.088443827578726
654.2,-3.39473453927959,-3.39473453927959,-0.0883260041648619,-2.99122551449052e-29,-0.0883260041648619
654.3,-2.9064533124717,-2.9064533124717,-0.0882083377134138,-2.95248654404414e-29,-0.0882083377134138
654.4,-2.9878335169397,-2.9878335169397,-0.0880908280152789,-2.9142492769377e-29,-0.0880908280152789
654.5,-3.92370586832147,-3.92370586832147,-0.0879734748616332,-2.87650721567694e-29,-0.0879734748616332
654.6,-3.43542464151358,-3.43542464151358,-0.0878562780439304,-2.83925394691563e-29,-0.0878562780439304
654.7,-4.61543760629931,-4.61543760629931,-0.0877392373539025,-2.8024831403661e-29,-0.0877392373539025
654.8,-3.10990382364166,-3.10990382364166,-0.0876223525835587,-2.76618854772329e-29,-0.0876223525835587
654.9,-4.08646627725742,-4.08646627725742,-0.0875056235251854,-2.73036400160319e-29,-0.0875056235251854
655,-5.0630287308732,-5.0630287308732,-0.0873890499713458,-2.69500341449481e-29,-0.0873890499713458
655.1,-4.08646627725743,-4.08646627725743,-0.087272631714879,-2.66010077772562e-29,-0.087272631714879
655.2,-4.57474750406532,-4.57474750406532,-0.0871563685489007,-2.62565016044063e-29,-0.0871563685489007
655.3,-3.3540444370456,-3.3540444370456,-0.0870402602668017,-2.59164570859466e-29,-0.0870402602668017
655.4,-2.78438300576973,-2.78438300576973,-0.0869243066622483,-2.55808164395745e-29,-0.0869243066622483
655.5,-1.76713044991997,-1.76713044991997,-0.0868085075291818,-2.52495226313193e-29,-0.0868085075291818
655.6,-1.36022942758007,-1.36022942758007,-0.0866928626618174,-2.49225193658475e-29,-0.0866928626618174
655.7,-3.63887515268353,-3.63887515268353,-0.0865773718546453,-2.45997510769015e-29,-0.0865773718546453
655.8,-4.53405740183134,-4.53405740183134,-0.0864620349024288,-2.4281162917854e-29,-0.0864620349024288
655.9,-3.72025535715151,-3.72025535715151,-0.0863468516002049,-2.39667007523898e-29,-0.0863468516002049
656,-1.52298983651603,-1.52298983651603,-0.0862318217432838,-2.36563111453053e-29,-0.0862318217432838
656.1,-2.25541167672786,-2.25541167672786,-0.0861169451272479,-2.33499413534291e-29,-0.0861169451272479
656.2,-3.92370586832147,-3.92370586832147,-0.0860022215479522,-2.30475393166605e-29,-0.0860022215479522
656.3,-3.88301576608747,-3.88301576608747,-0.0858876508015239,-2.27490536491224e-29,-0.0858876508015239
656.4,-4.37129699289537,-4.37129699289537,-0.0857732326843614,-2.24544336304283e-29,-0.0857732326843614
656.5,-4.2085365839594,-4.2085365839594,-0.0856589669931347,-2.21636291970664e-29,-0.0856589669931347
656.6,-3.31335433481161,-3.31335433481161,-0.0855448535247842,-2.18765909338892e-29,-0.0855448535247842
656.7,-3.39473453927959,-3.39473453927959,-0.0854308920765213,-2.159327006572e-29,-0.0854308920765213
656.8,-4.04577617502344,-4.04577617502344,-0.0853170824458272,-2.13136184490615e-29,-0.0853170824458272
656.9,-2.74369290353575,-2.74369290353575,-0.085203424430453,-2.10375885639176e-29,-0.085203424430453
657,-2.4995522901318,-2.4995522901318,-0.0850899178284196,-2.07651335057173e-29,-0.0850899178284196
657.1,-1.92989085885593,-1.92989085885593,-0.0849765624380162,-2.04962069773442e-29,-0.0849765624380162
657.2,-2.90645331247171,-2.90645331247171,-0.0848633580578014,-2.02307632812696e-29,-0.0848633580578014
657.3,-2.25541167672785,-2.25541167672785,-0.0847503044866017,-1.99687573117882e-29,-0.0847503044866017
657.4,-1.03470860970814,-1.03470860970814,-0.0846374015235121,-1.97101445473525e-29,-0.0846374015235121
657.5,-1.07539871194213,-1.07539871194213,-0.0845246489678948,-1.94548810430082e-29,-0.0845246489678948
657.6,-2.74369290353574,-2.74369290353574,-0.0844120466193794,-1.92029234229248e-29,-0.0844120466193794
657.7,-2.21472157449386,-2.21472157449386,-0.0842995942778624,-1.89542288730282e-29,-0.0842995942778624
657.8,-2.21472157449386,-2.21472157449386,-0.0841872917435071,-1.87087551337231e-29,-0.0841872917435071
657.9,-3.88301576608748,-3.88301576608748,-0.0840751388167429,-1.8466460492713e-29,-0.0840751388167429
658,-4.69681781076729,-4.69681781076729,-0.0839631352982649,-1.82273037779113e-29,-0.0839631352982649
658.1,-5.75476046885103,-5.75476046885103,-0.0838512809890339,-1.7991244350446e-29,-0.0838512809890339
658.2,-4.6154376062993,-4.6154376062993,-0.0837395756902756,-1.77582420977539e-29,-0.0837395756902756
658.3,-2.33679188119583,-2.33679188119583,-0.083628019203481,-1.75282574267648e-29,-0.083628019203481
658.4,-3.67956525491752,-3.67956525491752,-0.083516611330405,-1.7301251257172e-29,-0.083516611330405
658.5,-4.57474750406531,-4.57474750406531,-0.0834053518730671,-1.70771850147941e-29,-0.0834053518730671
658.6,-2.9471434147057,-2.9471434147057,-0.08329424063375,-1.68560206250176e-29,-0.08329424063375
658.7,-3.39473453927959,-3.39473453927959,-0.0831832774150002,-1.66377205063295e-29,-0.0831832774150002
658.8,-3.06921372140766,-3.06921372140766,-0.0830724620196273,-1.64222475639291e-29,-0.0830724620196273
658.9,-4.04577617502343,-4.04577617502343,-0.0829617942507032,-1.62095651834262e-29,-0.0829617942507032
659,-3.39473453927959,-3.39473453927959,-0.0828512739115626,-1.59996372246189e-29,-0.0828512739115626
659.1,-2.9471434147057,-2.9471434147057,-0.0827409008058017,-1.57924280153518e-29,-0.0827409008058017
659.2,-3.19128402810963,-3.19128402810963,-0.0826306747372787,-1.55879023454549e-29,-0.0826306747372787
659.3,-3.15059392587564,-3.15059392587564,-0.082520595510113,-1.5386025460761e-29,-0.082520595510113
659.4,-2.09265126779189,-2.09265126779189,-0.0824106629286851,-1.51867630571994e-29,-0.0824106629286851
659.5,-1.27884922311208,-1.27884922311208,-0.082300876797636,-1.49900812749672e-29,-0.082300876797636
659.6,-3.31335433481161,-3.31335433481161,-0.0821912369218665,-1.47959466927743e-29,-0.0821912369218665
659.7,-4.20853658395941,-4.20853658395941,-0.0820817431065381,-1.46043263221665e-29,-0.0820817431065381
659.8,-3.27266423257761,-3.27266423257761,-0.0819723951570713,-1.44151876019184e-29,-0.0819723951570713
659.9,-3.43542464151358,-3.43542464151358,-0.0818631928791462,-1.42284983925009e-29,-0.0818631928791462
660,-2.45886218789781,-2.45886218789781,-0.0817541360787014,-1.40442269706194e-29,-0.0817541360787014
660.1,-3.80163556161949,-3.80163556161949,-0.0816452245619342,-1.38623420238235e-29,-0.0816452245619342
660.2,-5.14440893534118,-5.14440893534118,-0.0815364581353,-1.36828126451867e-29,-0.0815364581353
660.3,-3.88301576608748,-3.88301576608748,-0.0814278366055123,-1.3505608328054e-29,-0.0814278366055123
660.4,-0.953328405240166,-0.953328405240166,-0.0813193597795417,-1.33306989608576e-29,-0.0813193597795417
660.5,-2.9471434147057,-2.9471434147057,-0.0812110274646164,-1.31580548220013e-29,-0.0812110274646164
660.6,-4.37129699289537,-4.37129699289537,-0.081102839468221,-1.29876465748088e-29,-0.081102839468221
660.7,-3.06921372140767,-3.06921372140767,-0.0809947955980966,-1.28194452625399e-29,-0.0809947955980966
660.8,-1.97058096108992,-1.97058096108992,-0.0808868956622408,-1.26534223034687e-29,-0.0808868956622408
660.9,-1.72644034768597,-1.72644034768597,-0.0807791394689066,-1.24895494860279e-29,-0.0807791394689066
661,-3.27266423257762,-3.27266423257762,-0.0806715268266027,-1.23277989640148e-29,-0.0806715268266027
661.1,-2.45886218789781,-2.45886218789781,-0.0805640575440925,-1.21681432518586e-29,-0.0805640575440925
661.2,-2.74369290353574,-2.74369290353574,-0.0804567314303948,-1.20105552199506e-29,-0.0804567314303948
661.3,-4.6561277085333,-4.6561277085333,-0.080349548294782,-1.18550080900345e-29,-0.080349548294782
661.4,-3.63887515268353,-3.63887515268353,-0.0802425079467815,-1.17014754306556e-29,-0.0802425079467815
661.5,-2.66231269906776,-2.66231269906776,-0.0801356101961739,-1.15499311526696e-29,-0.0801356101961739
661.6,-1.36022942758006,-1.36022942758006,-0.080028854852993,-1.14003495048086e-29,-0.080028854852993
661.7,-1.72644034768598,-1.72644034768598,-0.0799222417275263,-1.12527050693068e-29,-0.0799222417275263
661.8,-3.06921372140767,-3.06921372140767,-0.0798157706303135,-1.11069727575802e-29,-0.0798157706303135
661.9,-2.0926512677919,-2.0926512677919,-0.079709441372147,-1.09631278059642e-29,-0.079709441372147
662,-2.41817208566382,-2.41817208566382,-0.0796032537640712,-1.08211457715045e-29,-0.0796032537640712
662.1,-2.17403147225987,-2.17403147225987,-0.079497207617382,-1.06810025278046e-29,-0.079497207617382
662.2,-2.01127106332391,-2.01127106332391,-0.0793913027436269,-1.05426742609259e-29,-0.0793913027436269
662.3,-3.47611474374757,-3.47611474374757,-0.0792855389546045,-1.04061374653412e-29,-0.0792855389546045
662.4,-2.9471434147057,-2.9471434147057,-0.079179916062364,-1.02713689399397e-29,-0.079179916062364
662.5,-3.39473453927959,-3.39473453927959,-0.0790744338792052,-1.01383457840858e-29,-0.0790744338792052
662.6,-3.47611474374757,-3.47611474374757,-0.0789690922176775,-1.00070453937265e-29,-0.0789690922176775
662.7,-1.56367993875002,-1.56367993875002,-0.0788638908905803,-9.87744545755148e-30,-0.0788638908905803
662.8,-1.11608881417612,-1.11608881417612,-0.0787588297109626,-9.74952395320066e-30,-0.0787588297109626
662.9,-2.17403147225987,-2.17403147225987,-0.078653908492122,-9.62325914352314e-30,-0.078653908492122
663,-3.31335433481161,-3.31335433481161,-0.0785491270476054,-9.49862957288301e-30,-0.0785491270476054
663.1,-3.27266423257762,-3.27266423257762,-0.0784444851912072,-9.37561406351321e-30,-0.0784444851912072
663.2,-1.76713044991997,-1.76713044991997,-0.0783399827369709,-9.25419171191719e-30,-0.0783399827369709
663.3,-0.587117485134245,-0.587117485134245,-0.0782356194991869,-9.1343418853171e-30,-0.0782356194991869
663.4,-0.546427382900265,-0.546427382900265,-0.0781313952923935,-9.01604421814738e-30,-0.0781313952923935
663.5,-0.668497689602231,-0.668497689602231,-0.078027309931376,-8.89927860859449e-30,-0.078027309931376
663.6,-3.55749494821555,-3.55749494821555,-0.077923363231166,-8.78402521518009e-30,-0.077923363231166
663.7,-4.00508607278945,-4.00508607278945,-0.0778195550070422,-8.67026445339098e-30,-0.0778195550070422
663.8,-2.21472157449386,-2.21472157449386,-0.0777158850745288,-8.5579769923502e-30,-0.0777158850745288
663.9,-1.88920075662194,-1.88920075662194,-0.0776123532493961,-8.44714375153243e-30,-0.0776123532493961
664,-2.45886218789781,-2.45886218789781,-0.0775089593476598,-8.33774589752199e-30,-0.0775089593476598
664.1,-3.27266423257762,-3.27266423257762,-0.0774057031855804,-8.22976484081157e-30,-0.0774057031855804
664.2,-2.54024239236579,-2.54024239236579,-0.0773025845796635,-8.12318223264488e-30,-0.0773025845796635
664.3,-2.0519611655579,-2.0519611655579,-0.077199603346659,-8.0179799618977e-30,-0.077199603346659
664.4,-2.74369290353574,-2.74369290353574,-0.0770967593035611,-7.91414015200075e-30,-0.0770967593035611
664.5,-2.37748198342982,-2.37748198342982,-0.0769940522676076,-7.81164515790164e-30,-0.0769940522676076
664.6,-2.78438300576973,-2.78438300576973,-0.0768914820562797,-7.71047756306672e-30,-0.0768914820562797
664.7,-2.13334137002589,-2.13334137002589,-0.076789048487302,-7.61062017652183e-30,-0.076789048487302
664.8,-2.66231269906777,-2.66231269906777,-0.0766867513786418,-7.51205602993086e-30,-0.0766867513786418
664.9,-2.9471434147057,-2.9471434147057,-0.0765845905485088,-7.4147683747121e-30,-0.0765845905485088
665,-3.23197413034363,-3.23197413034363,-0.0764825658153553,-7.31874067919292e-30,-0.0764825658153553
665.1,-2.9878335169397,-2.9878335169397,-0.0763806769978748,-7.22395662579983e-30,-0.0763806769978748
665.2,-0.465047178432274,-0.465047178432274,-0.0762789239150028,-7.1304001082865e-30,-0.0762789239150028
665.3,-1.36022942758006,-1.36022942758006,-0.0761773063859158,-7.03805522899608e-30,-0.0761773063859158
665.4,-1.92989085885593,-1.92989085885593,-0.0760758242300314,-6.94690629616051e-30,-0.0760758242300314
665.5,-1.72644034768598,-1.72644034768598,-0.0759744772670077,-6.85693782123376e-30,-0.0759744772670077
665.6,-1.52298983651603,-1.52298983651603,-0.0758732653167428,-6.76813451625972e-30,-0.0758732653167428
665.7,-0.3836669739643,-0.3836669739643,-0.075772188199375,-6.68048129127464e-30,-0.075772188199375
665.8,-0.953328405240157,-0.953328405240157,-0.0756712457352821,-6.59396325174307e-30,-0.0756712457352821
665.9,-2.58093249459978,-2.58093249459978,-0.0755704377450813,-6.50856569602666e-30,-0.0755704377450813
666,-2.0519611655579,-2.0519611655579,-0.0754697640496288,-6.42427411288625e-30,-0.0754697640496288
666.1,-2.37748198342983,-2.37748198342983,-0.0753692244700191,-6.34107417901527e-30,-0.0753692244700191
666.2,-3.51680484598156,-3.51680484598156,-0.0752688188275853,-6.25895175660699e-30,-0.0752688188275853
666.3,-2.54024239236579,-2.54024239236579,-0.0751685469438986,-6.17789289095137e-30,-0.0751685469438986
666.4,-1.84851065438795,-1.84851065438795,-0.0750684086407677,-6.09788380806408e-30,-0.0750684086407677
666.5,-1.645060143218,-1.645060143218,-0.074968403740239,-6.0189109123457e-30,-0.074968403740239
666.6,-1.645060143218,-1.645060143218,-0.0748685320645955,-5.94096078427162e-30,-0.0748685320645955
666.7,-1.68575024545199,-1.68575024545199,-0.0747687934363572,-5.86402017811193e-30,-0.0747687934363572
666.8,-1.97058096108992,-1.97058096108992,-0.0746691876782807,-5.78807601968043e-30,-0.0746691876782807
666.9,-3.10990382364166,-3.10990382364166,-0.0745697146133585,-5.71311540411273e-30,-0.0745697146133585
667,-4.2492266861934,-4.2492266861934,-0.074470374064819,-5.639125593674e-30,-0.074470374064819
667.1,-3.3540444370456,-3.3540444370456,-0.0743711658561258,-5.5660940155938e-30,-0.0743711658561258
667.2,-3.31335433481161,-3.31335433481161,-0.0742720898109782,-5.49400825993035e-30,-0.0742720898109782
667.3,-4.57474750406531,-4.57474750406531,-0.07417314575331,-5.42285607746107e-30,-0.07417314575331
667.4,-3.88301576608747,-3.88301576608747,-0.0740743335072896,-5.35262537760167e-30,-0.0740743335072896
667.5,-5.71407036661705,-5.71407036661705,-0.0739756528973199,-5.28330422635148e-30,-0.0739756528973199
667.6,-6.4058021045949,-6.4058021045949,-0.0738771037480372,-5.21488084426533e-30,-0.0738771037480372
667.7,-5.79545057108504,-5.79545057108504,-0.073778685884312,-5.1473436044521e-30,-0.073778685884312
667.8,-6.4058021045949,-6.4058021045949,-0.0736803991312477,-5.08068103059919e-30,-0.0736803991312477
667.9,-6.97546353587077,-6.97546353587077,-0.0735822433141808,-5.01488179502214e-30,-0.0735822433141808
668,-7.38236455821066,-7.38236455821066,-0.0734842182586807,-4.94993471673997e-30,-0.0734842182586807
668.1,-8.35892701182643,-8.35892701182643,-0.0733863237905489,-4.88582875957474e-30,-0.0733863237905489
668.2,-7.13822394480672,-7.13822394480672,-0.0732885597358188,-4.82255303027699e-30,-0.0732885597358188
668.3,-7.42305466044466,-7.42305466044466,-0.0731909259207562,-4.76009677667419e-30,-0.0731909259207562
668.4,-6.97546353587075,-6.97546353587075,-0.0730934221718577,-4.69844938584385e-30,-0.0730934221718577
668.5,-6.60925261576485,-6.60925261576485,-0.0729960483158516,-4.63760038230993e-30,-0.0729960483158516
668.6,-6.20235159342493,-6.20235159342493,-0.0728988041796963,-4.57753942626289e-30,-0.0728988041796963
668.7,-6.97546353587077,-6.97546353587077,-0.0728016895905814,-4.51825631180286e-30,-0.0728016895905814
668.8,-5.06302873087321,-5.06302873087321,-0.0727047043759263,-4.45974096520523e-30,-0.0727047043759263
668.9,-7.01615363810474,-7.01615363810474,-0.0726078483633807,-4.4019834432087e-30,-0.0726078483633807
669,-7.01615363810475,-7.01615363810475,-0.0725111213808236,-4.3449739313261e-30,-0.0725111213808236
669.1,-6.77201302470082,-6.77201302470082,-0.0724145232563633,-4.28870274217613e-30,-0.0724145232563633
669.2,-6.8533932291688,-6.8533932291688,-0.0723180538183371,-4.23316031383777e-30,-0.0723180538183371
669.3,-8.60306762523038,-8.60306762523038,-0.0722217128953112,-4.17833720822494e-30,-0.0722217128953112
669.4,-7.91133588725254,-7.91133588725254,-0.0721255003160799,-4.12422410948315e-30,-0.0721255003160799
669.5,-6.89408333140278,-6.89408333140278,-0.0720294159096659,-4.07081182240632e-30,-0.0720294159096659
669.6,-6.69063282023282,-6.69063282023282,-0.0719334595053192,-4.01809127087418e-30,-0.0719334595053192
669.7,-7.38236455821066,-7.38236455821066,-0.0718376309325177,-3.96605349631009e-30,-0.0718376309325177
669.8,-6.52787241129687,-6.52787241129687,-0.0717419300209664,-3.9146896561589e-30,-0.0717419300209664
669.9,-8.1147863984225,-8.1147863984225,-0.0716463566005969,-3.86399102238415e-30,-0.0716463566005969
670,-6.64994271799883,-6.64994271799883,-0.0715509105015678,-3.81394897998517e-30,-0.0715509105015678
670.1,-5.26647924204315,-5.26647924204315,-0.0714555915542634,-3.76455502553271e-30,-0.0714555915542634
670.2,-5.02233862863921,-5.02233862863921,-0.0713603995892943,-3.71580076572463e-30,-0.0713603995892943
670.3,-5.30716934427715,-5.30716934427715,-0.071265334437497,-3.66767791595925e-30,-0.071265334437497
670.4,-5.75476046885104,-5.75476046885104,-0.0711703959299327,-3.62017829892775e-30,-0.0711703959299327
670.5,-6.44649220682888,-6.44649220682888,-0.0710755838978885,-3.57329384322443e-30,-0.0710755838978885
670.6,-5.99890108225499,-5.99890108225499,-0.0709808981728753,-3.52701658197533e-30,-0.0709808981728753
670.7,-5.75476046885103,-5.75476046885103,-0.0708863385866293,-3.48133865148454e-30,-0.0708863385866293
670.8,-5.30716934427715,-5.30716934427715,-0.0707919049711102,-3.43625228989784e-30,-0.0707919049711102
670.9,-5.46992975321311,-5.46992975321311,-0.0706975971585021,-3.39174983588362e-30,-0.0706975971585021
671,-5.10371883310719,-5.10371883310719,-0.0706034149812125,-3.34782372733136e-30,-0.0706034149812125
671.1,-5.22578913980916,-5.22578913980916,-0.0705093582718718,-3.30446650006627e-30,-0.0705093582718718
671.2,-6.28373179789292,-6.28373179789292,-0.0704154268633339,-3.26167078658129e-30,-0.0704154268633339
671.3,-4.73750791300127,-4.73750791300127,-0.070321620588675,-3.21942931478479e-30,-0.070321620588675
671.4,-5.22578913980917,-5.22578913980917,-0.0702279392811939,-3.1777349067652e-30,-0.0702279392811939
671.5,-4.81888811746926,-4.81888811746926,-0.0701343827744114,-3.13658047757113e-30,-0.0701343827744114
671.6,-5.95821098002099,-5.95821098002099,-0.0700409509020699,-3.09595903400738e-30,-0.0700409509020699
671.7,-5.22578913980916,-5.22578913980916,-0.0699476434981335,-3.05586367344673e-30,-0.0699476434981335
671.8,-2.78438300576973,-2.78438300576973,-0.0698544603967875,-3.01628758265703e-30,-0.0698544603967875
671.9,-4.04577617502343,-4.04577617502343,-0.069761401432438,-2.9772240366434e-30,-0.069761401432438
672,-5.75476046885104,-5.75476046885104,-0.0696684664397118,-2.93866639750555e-30,-0.0696684664397118
672.1,-6.24304169565893,-6.24304169565893,-0.0695756552534559,-2.90060811330954e-30,-0.0695756552534559
672.2,-4.73750791300128,-4.73750791300128,-0.0694829677087372,-2.86304271697489e-30,-0.0694829677087372
672.3,-3.47611474374757,-3.47611474374757,-0.0693904036408427,-2.82596382517539e-30,-0.0693904036408427
672.4,-3.88301576608748,-3.88301576608748,-0.0692979628852785,-2.78936513725444e-30,-0.0692979628852785
672.5,-4.2492266861934,-4.2492266861934,-0.06920564527777,-2.7532404341544e-30,-0.06920564527777
672.6,-5.14440893534118,-5.14440893534118,-0.0691134506542613,-2.71758357735978e-30,-0.0691134506542613
672.7,-4.53405740183134,-4.53405740183134,-0.0690213788509151,-2.68238850785432e-30,-0.0690213788509151
672.8,-3.67956525491753,-3.67956525491753,-0.0689294297041125,-2.64764924509125e-30,-0.0689294297041125
672.9,-3.10990382364165,-3.10990382364165,-0.0688376030504525,-2.61335988597701e-30,-0.0688376030504525
673,-3.47611474374757,-3.47611474374757,-0.0687458987267517,-2.57951460386833e-30,-0.0687458987267517
673.1,-3.31335433481161,-3.31335433481161,-0.068654316570044,-2.54610764758192e-30,-0.068654316570044
673.2,-4.2085365839594,-4.2085365839594,-0.0685628564175808,-2.51313334041747e-30,-0.0685628564175808
673.3,-4.6154376062993,-4.6154376062993,-0.0684715181068298,-2.48058607919269e-30,-0.0684715181068298
673.4,-2.62162259683378,-2.62162259683378,-0.0683803014754756,-2.44846033329151e-30,-0.0683803014754756
673.5,-4.2492266861934,-4.2492266861934,-0.068289206361419,-2.41675064372414e-30,-0.068289206361419
673.6,-5.22578913980916,-5.22578913980916,-0.0681982326027765,-2.38545162219937e-30,-0.0681982326027765
673.7,-4.41198709512936,-4.41198709512936,-0.0681073800378804,-2.35455795020905e-30,-0.0681073800378804
673.8,-4.6154376062993,-4.6154376062993,-0.0680166485052785,-2.32406437812441e-30,-0.0680166485052785
673.9,-4.6561277085333,-4.6561277085333,-0.0679260378437334,-2.2939657243039e-30,-0.0679260378437334
674,-1.76713044991996,-1.76713044991996,-0.0678355478922229,-2.26425687421278e-30,-0.0678355478922229
674.1,-1.92989085885593,-1.92989085885593,-0.0677451784899389,-2.23493277955382e-30,-0.0677451784899389
674.2,-2.21472157449387,-2.21472157449387,-0.0676549294762877,-2.20598845740979e-30,-0.0676549294762877
674.3,-1.88920075662193,-1.88920075662193,-0.0675648006908897,-2.17741898939651e-30,-0.0675648006908897
674.4,-3.23197413034363,-3.23197413034363,-0.0674747919735785,-2.1492195208272e-30,-0.0674747919735785
674.5,-4.57474750406532,-4.57474750406532,-0.0673849031644018,-2.1213852598874e-30,-0.0673849031644018
674.6,-2.74369290353575,-2.74369290353575,-0.0672951341036195,-2.09391147682085e-30,-0.0672951341036195
674.7,-2.9471434147057,-2.9471434147057,-0.0672054846317051,-2.06679350312578e-30,-0.0672054846317051
674.8,-3.15059392587565,-3.15059392587565,-0.067115954589344,-2.04002673076158e-30,-0.067115954589344
674.9,-2.33679188119583,-2.33679188119583,-0.0670265438174344,-2.01360661136569e-30,-0.0670265438174344
675,-2.98783351693968,-2.98783351693968,-0.066937252157086,-1.98752865548091e-30,-0.066937252157086
675.1,-4.16784648172542,-4.16784648172542,-0.0668480794496202,-1.96178843179229e-30,-0.0668480794496202
675.2,-4.28991678842738,-4.28991678842738,-0.0667590255365702,-1.93638156637439e-30,-0.0667590255365702
675.3,-3.8016355616195,-3.8016355616195,-0.0666700902596798,-1.91130374194779e-30,-0.0666700902596798
675.4,-2.45886218789781,-2.45886218789781,-0.066581273460904,-1.88655069714566e-30,-0.066581273460904
675.5,-3.23197413034363,-3.23197413034363,-0.0664925749824083,-1.8621182257896e-30,-0.0664925749824083
675.6,-2.66231269906775,-2.66231269906775,-0.0664039946665681,-1.8380021761748e-30,-0.0664039946665681
675.7,-3.15059392587565,-3.15059392587565,-0.0663155323559692,-1.81419845036464e-30,-0.0663155323559692
675.8,-2.78438300576972,-2.78438300576972,-0.0662271878934069,-1.7907030034944e-30,-0.0662271878934069
675.9,-3.80163556161949,-3.80163556161949,-0.066138961121886,-1.76751184308385e-30,-0.066138961121886
676,-4.85957821970325,-4.85957821970325,-0.0660508518846206,-1.74462102835889e-30,-0.0660508518846206
676.1,-4.6154376062993,-4.6154376062993,-0.0659628600250333,-1.72202666958173e-30,-0.0659628600250333
676.2,-4.28991678842738,-4.28991678842738,-0.0658749853867555,-1.69972492739021e-30,-0.0658749853867555
676.3,-4.77819801523527,-4.77819801523527,-0.0657872278136269,-1.67771201214519e-30,-0.0657872278136269
676.4,-4.69681781076728,-4.69681781076728,-0.0656995871496952,-1.65598418328669e-30,-0.0656995871496952
676.5,-3.92370586832147,-3.92370586832147,-0.0656120632392162,-1.63453774869818e-30,-0.0656120632392162
676.6,-3.47611474374757,-3.47611474374757,-0.0655246559266524,-1.61336906407924e-30,-0.0655246559266524
676.7,-1.80782055215396,-1.80782055215396,-0.0654373650566742,-1.59247453232637e-30,-0.0654373650566742
676.8,-2.58093249459978,-2.58093249459978,-0.0653501904741587,-1.57185060292167e-30,-0.0653501904741587
676.9,-4.61543760629931,-4.61543760629931,-0.0652631320241897,-1.55149377132947e-30,-0.0652631320241897
677,-3.27266423257762,-3.27266423257762,-0.0651761895520574,-1.53140057840098e-30,-0.0651761895520574
677.1,-1.1974690186441,-1.1974690186441,-0.0650893629032577,-1.51156760978631e-30,-0.0650893629032577
677.2,-1.1974690186441,-1.1974690186441,-0.065002651923493,-1.49199149535443e-30,-0.065002651923493
677.3,-2.4588621878978,-2.4588621878978,-0.0649160564586706,-1.47266890862038e-30,-0.0649160564586706
677.4,-5.79545057108504,-5.79545057108504,-0.0648295763549037,-1.45359656618013e-30,-0.0648295763549037
677.5,-4.73750791300128,-4.73750791300128,-0.0647432114585101,-1.43477122715255e-30,-0.0647432114585101
677.6,-2.78438300576973,-2.78438300576973,-0.0646569616160124,-1.41618969262876e-30,-0.0646569616160124
677.7,-2.25541167672786,-2.25541167672786,-0.0645708266741376,-1.39784880512847e-30,-0.0645708266741376
677.8,-2.09265126779189,-2.09265126779189,-0.0644848064798171,-1.37974544806358e-30,-0.0644848064798171
677.9,-3.06921372140767,-3.06921372140767,-0.064398900880186,-1.36187654520848e-30,-0.064398900880186
678,-3.10990382364165,-3.10990382364165,-0.0643131097225834,-1.34423906017741e-30,-0.0643131097225834
678.1,-1.80782055215396,-1.80782055215396,-0.0642274328545512,-1.32682999590831e-30,-0.0642274328545512
678.2,-1.68575024545199,-1.68575024545199,-0.0641418701238347,-1.30964639415381e-30,-0.0641418701238347
678.3,-2.21472157449386,-2.21472157449386,-0.0640564213783823,-1.29268533497836e-30,-0.0640564213783823
678.4,-1.15677891641011,-1.15677891641011,-0.0639710864663445,-1.27594393626213e-30,-0.0639710864663445
678.5,-0.546427382900265,-0.546427382900265,-0.0638858652360745,-1.25941935321127e-30,-0.0638858652360745
678.6,-1.92989085885593,-1.92989085885593,-0.063800757536127,-1.24310877787439e-30,-0.063800757536127
678.7,-2.13334137002589,-2.13334137002589,-0.063715763215259,-1.22700943866561e-30,-0.063715763215259
678.8,-1.84851065438795,-1.84851065438795,-0.0636308821224287,-1.21111859989345e-30,-0.0636308821224287
678.9,-2.25541167672786,-2.25541167672786,-0.0635461141067956,-1.19543356129604e-30,-0.0635461141067956
679,-2.01127106332392,-2.01127106332392,-0.0634614590177202,-1.17995165758222e-30,-0.0634614590177202
679.1,-1.40091952981405,-1.40091952981405,-0.0633769167047633,-1.16467025797867e-30,-0.0633769167047633
679.2,-1.92989085885593,-1.92989085885593,-0.0632924870176867,-1.14958676578288e-30,-0.0632924870176867
679.3,-3.06921372140767,-3.06921372140767,-0.0632081698064518,-1.13469861792192e-30,-0.0632081698064518
679.4,-3.23197413034363,-3.23197413034363,-0.0631239649212204,-1.12000328451683e-30,-0.0631239649212204
679.5,-4.6561277085333,-4.6561277085333,-0.0630398722123536,-1.10549826845282e-30,-0.0630398722123536
679.6,-3.43542464151357,-3.43542464151357,-0.0629558915304117,-1.09118110495489e-30,-0.0629558915304117
679.7,-3.3540444370456,-3.3540444370456,-0.0628720227261544,-1.07704936116903e-30,-0.0628720227261544
679.8,-1.44160963204804,-1.44160963204804,-0.06278826565054,-1.06310063574879e-30,-0.06278826565054
679.9,-2.01127106332391,-2.01127106332391,-0.0627046201547256,-1.04933255844725e-30,-0.0627046201547256
680,-3.67956525491752,-3.67956525491752,-0.0626210860900663,-1.03574278971427e-30,-0.0626210860900663
680.1,-5.18509903757518,-5.18509903757518,-0.0625376633081154,-1.02232902029889e-30,-0.0625376633081154
680.2,-3.67956525491752,-3.67956525491752,-0.0624543516606238,-1.00908897085694e-30,-0.0624543516606238
680.3,-3.31335433481161,-3.31335433481161,-0.0623711509995402,-9.96020391563781e-31,-0.0623711509995402
680.4,-2.86576321023771,-2.86576321023771,-0.0622880611770101,-9.83121061731944e-31,-0.0622880611770101
680.5,-4.2492266861934,-4.2492266861934,-0.0622050820453764,-9.70388789433816e-31,-0.0622050820453764
680.6,-2.41817208566381,-2.41817208566381,-0.0621222134571784,-9.5782141112907e-31,-0.0621222134571784
680.7,-0.505737280666269,-0.505737280666269,-0.0620394552651519,-9.45416791297189e-31,-0.0620394552651519
680.8,-0.0988362583263575,-0.0988362583263575,-0.061956807322229,-9.33172822074479e-31,-0.061956807322229
680.9,-1.52298983651603,-1.52298983651603,-0.0618742694815377,-9.21087422895921e-31,-0.0618742694815377
681,-3.88301576608748,-3.88301576608748,-0.0617918415964017,-9.09158540141599e-31,-0.0617918415964017
681.1,-2.9878335169397,-2.9878335169397,-0.0617095235203397,-8.97384146787759e-31,-0.0617095235203397
681.2,-3.43542464151358,-3.43542464151358,-0.0616273151070661,-8.85762242062392e-31,-0.0616273151070661
681.3,-2.62162259683378,-2.62162259683378,-0.0615452162104899,-8.74290851105226e-31,-0.0615452162104899
681.4,-2.90645331247171,-2.90645331247171,-0.0614632266847147,-8.62968024632109e-31,-0.0614632266847147
681.5,-2.70300280130175,-2.70300280130175,-0.0613813463840387,-8.5179183860386e-31,-0.0613813463840387
681.6,-2.4588621878978,-2.4588621878978,-0.0612995751629537,-8.40760393899232e-31,-0.0612995751629537
681.7,-2.4588621878978,-2.4588621878978,-0.0612179128761459,-8.29871815992295e-31,-0.0612179128761459
681.8,-1.11608881417613,-1.11608881417613,-0.0611363593784948,-8.19124254633814e-31,-0.0611363593784948
681.9,-2.41817208566382,-2.41817208566382,-0.0610549145250731,-8.08515883536924e-31,-0.0610549145250731
682,-1.52298983651602,-1.52298983651602,-0.0609735781711471,-7.9804490006676e-31,-0.0609735781711471
682.1,-0.58711748513425,-0.58711748513425,-0.0608923501721753,-7.87709524934125e-31,-0.0608923501721753
682.2,-1.15677891641011,-1.15677891641011,-0.060811230383809,-7.77508001893165e-31,-0.060811230383809
682.3,-3.19128402810964,-3.19128402810964,-0.0607302186618919,-7.67438597442954e-31,-0.0607302186618919
682.4,-3.76094545938551,-3.76094545938551,-0.0606493148624596,-7.57499600532905e-31,-0.0606493148624596
682.5,-3.8016355616195,-3.8016355616195,-0.0605685188417396,-7.47689322272039e-31,-0.0605685188417396
682.6,-2.62162259683377,-2.62162259683377,-0.0604878304561508,-7.38006095641922e-31,-0.0604878304561508
682.7,-2.29610177896184,-2.29610177896184,-0.0604072495623034,-7.28448275213522e-31,-0.0604072495623034
682.8,-1.88920075662194,-1.88920075662194,-0.0603267760169988,-7.19014236867521e-31,-0.0603267760169988
682.9,-3.31335433481161,-3.31335433481161,-0.060246409677229,-7.09702377518368e-31,-0.060246409677229
683,-2.74369290353574,-2.74369290353574,-0.0601661504001766,-7.00511114841843e-31,-0.0601661504001766
683.1,-2.86576321023771,-2.86576321023771,-0.0600859980432143,-6.914388870062e-31,-0.0600859980432143
683.2,-1.52298983651602,-1.52298983651602,-0.0600059524639048,-6.82484152406793e-31,-0.0600059524639048
683.3,-1.72644034768597,-1.72644034768597,-0.059926013520001,-6.73645389404094e-31,-0.059926013520001
683.4,-2.01127106332391,-2.01127106332391,-0.0598461810694446,-6.64921096065103e-31,-0.0598461810694446
683.5,-1.76713044991997,-1.76713044991997,-0.0597664549703672,-6.56309789908193e-31,-0.0597664549703672
683.6,-1.92989085885593,-1.92989085885593,-0.059686835081089,-6.47810007651128e-31,-0.059686835081089
683.7,-0.505737280666269,-0.505737280666269,-0.059607321260119,-6.39420304962483e-31,-0.059607321260119
683.8,-0.668497689602231,-0.668497689602231,-0.0595279133661549,-6.31139256216147e-31,-0.0595279133661549
683.9,-1.1974690186441,-1.1974690186441,-0.0594486112580822,-6.2296545424913e-31,-0.0594486112580822
684,-2.33679188119583,-2.33679188119583,-0.0593694147949751,-6.1489751012243e-31,-0.0593694147949751
684.1,-0.505737280666267,-0.505737280666267,-0.0592903238360946,-6.06934052884991e-31,-0.0592903238360946
684.2,-0.302286769496312,-0.302286769496312,-0.0592113382408901,-5.99073729340766e-31,-0.0592113382408901
684.3,-2.45886218789781,-2.45886218789781,-0.0591324578689976,-5.91315203818791e-31,-0.0591324578689976
684.4,-1.27884922311208,-1.27884922311208,-0.0590536825802405,-5.83657157946193e-31,-0.0590536825802405
684.5,-1.56367993875002,-1.56367993875002,-0.0589750122346288,-5.7609829042419e-31,-0.0589750122346288
684.6,-2.62162259683378,-2.62162259683378,-0.0588964466923588,-5.68637316806901e-31,-0.0588964466923588
684.7,-3.02852361917368,-3.02852361917368,-0.0588179858138133,-5.61272969283186e-31,-0.0588179858138133
684.8,-2.17403147225986,-2.17403147225986,-0.0587396294595609,-5.54003996461142e-31,-0.0587396294595609
684.9,-1.40091952981406,-1.40091952981406,-0.0586613774903562,-5.4682916315549e-31,-0.0586613774903562
685,0.0639241506095971,0.0639241506095971,-0.0585832297671392,-5.39747250177657e-31,-0.0585832297671392
685.1,-0.302286769496315,-0.302286769496315,-0.058505186151035,-5.32757054128621e-31,-0.058505186151035
685.2,-1.97058096108992,-1.97058096108992,-0.0584272465033537,-5.2585738719444e-31,-0.0584272465033537
685.3,-1.645060143218,-1.645060143218,-0.0583494106855905,-5.19047076944394e-31,-0.0583494106855905
685.4,-0.587117485134245,-0.587117485134245,-0.0582716785594247,-5.12324966131738e-31,-0.0582716785594247
685.5,-0.342976871730307,-0.342976871730307,-0.0581940499867202,-5.05689912497108e-31,-0.0581940499867202
685.6,-2.45886218789781,-2.45886218789781,-0.0581165248295248,-4.99140788574363e-31,-0.0581165248295248
685.7,-0.709187791836219,-0.709187791836219,-0.0580391029500698,-4.92676481499054e-31,-0.0580391029500698
685.8,-1.60437004098401,-1.60437004098401,-0.0579617842107707,-4.86295892819271e-31,-0.0579617842107707
685.9,-3.88301576608748,-3.88301576608748,-0.0578845684742255,-4.79997938309028e-31,-0.0578845684742255
686,-2.9064533124717,-2.9064533124717,-0.0578074556032159,-4.73781547784009e-31,-0.0578074556032159
686.1,-0.749877894070216,-0.749877894070216,-0.0577304454607059,-4.67645664919701e-31,-0.0577304454607059
686.2,-0.912638303006173,-0.912638303006173,-0.0576535379098424,-4.61589247071913e-31,-0.0576535379098424
686.3,-1.68575024545198,-1.68575024545198,-0.0575767328139545,-4.55611265099614e-31,-0.0575767328139545
686.4,-2.66231269906776,-2.66231269906776,-0.0575000300365533,-4.4971070319004e-31,-0.0575000300365533
686.5,-3.31335433481161,-3.31335433481161,-0.057423429441332,-4.43886558686096e-31,-0.057423429441332
686.6,-2.17403147225987,-2.17403147225987,-0.0573469308921648,-4.38137841915929e-31,-0.0573469308921648
686.7,-1.15677891641012,-1.15677891641012,-0.0572705342531079,-4.32463576024836e-31,-0.0572705342531079
686.8,0.633585581885463,0.633585581885463,-0.0571942393883983,-4.26862796809221e-31,-0.0571942393883983
686.9,-1.80782055215396,-1.80782055215396,-0.0571180461624539,-4.21334552552764e-31,-0.0571180461624539
687,-2.78438300576973,-2.78438300576973,-0.0570419544398731,-4.15877903864689e-31,-0.0570419544398731
687.1,-1.07539871194213,-1.07539871194213,-0.0569659640854349,-4.1049192352015e-31,-0.0569659640854349
687.2,-0.139526360560348,-0.139526360560348,-0.0568900749640982,-4.05175696302674e-31,-0.0568900749640982
687.3,-3.02852361917367,-3.02852361917367,-0.056814286941002,-3.99928318848644e-31,-0.056814286941002
687.4,-1.97058096108992,-1.97058096108992,-0.0567385998814648,-3.94748899493764e-31,-0.0567385998814648
687.5,-0.587117485134252,-0.587117485134252,-0.0566630136509849,-3.89636558121591e-31,-0.0566630136509849
687.6,-1.56367993875001,-1.56367993875001,-0.0565875281152392,-3.84590426013933e-31,-0.0565875281152392
687.7,-1.97058096108992,-1.97058096108992,-0.0565121431400838,-3.79609645703275e-31,-0.0565121431400838
687.8,-3.06921372140767,-3.06921372140767,-0.0564368585915537,-3.74693370827029e-31,-0.0564368585915537
687.9,-0.465047178432274,-0.465047178432274,-0.0563616743358621,-3.69840765983757e-31,-0.0563616743358621
688,-0.220906565028338,-0.220906565028338,-0.0562865902394007,-3.65051006591192e-31,-0.0562865902394007
688.1,-0.871948200772183,-0.871948200772183,-0.0562116061687388,-3.60323278746117e-31,-0.0562116061687388
688.2,-2.21472157449387,-2.21472157449387,-0.0561367219906238,-3.55656779086067e-31,-0.0561367219906238
688.3,-1.76713044991997,-1.76713044991997,-0.0560619375719803,-3.51050714652831e-31,-0.0560619375719803
688.4,-0.342976871730303,-0.342976871730303,-0.0559872527799107,-3.4650430275769e-31,-0.0559872527799107
688.5,-0.994018507474154,-0.994018507474154,-0.0559126674816939,-3.42016770848434e-31,-0.0559126674816939
688.6,-2.86576321023772,-2.86576321023772,-0.0558381815447858,-3.37587356378046e-31,-0.0558381815447858
688.7,-2.45886218789781,-2.45886218789781,-0.0557637948368189,-3.33215306675187e-31,-0.0557637948368189
688.8,-2.09265126779189,-2.09265126779189,-0.0556895072256022,-3.28899878816254e-31,-0.0556895072256022
688.9,-1.27884922311208,-1.27884922311208,-0.0556153185791205,-3.24640339499155e-31,-0.0556153185791205
689,-1.60437004098401,-1.60437004098401,-0.0555412287655347,-3.20435964918692e-31,-0.0555412287655347
689.1,-2.98783351693968,-2.98783351693968,-0.0554672376531811,-3.16286040643567e-31,-0.0554672376531811
689.2,-3.3540444370456,-3.3540444370456,-0.0553933451105716,-3.12189861495005e-31,-0.0553933451105716
689.3,-3.8016355616195,-3.8016355616195,-0.0553195510063932,-3.08146731426902e-31,-0.0553195510063932
689.4,-3.15059392587565,-3.15059392587565,-0.0552458552095079,-3.04155963407547e-31,-0.0552458552095079
689.5,-1.645060143218,-1.645060143218,-0.0551722575889524,-3.00216879302903e-31,-0.0551722575889524
689.6,-0.709187791836226,-0.709187791836226,-0.0550987580139376,-2.96328809761342e-31,-0.0550987580139376
689.7,0.104614252843589,0.104614252843589,-0.055025356353849,-2.92491094099937e-31,-0.055025356353849
689.8,-1.92989085885593,-1.92989085885593,-0.0549520524782458,-2.88703080192163e-31,-0.0549520524782458
689.9,-2.45886218789781,-2.45886218789781,-0.0548788462568613,-2.84964124357114e-31,-0.0548788462568613
690,-2.78438300576974,-2.78438300576974,-0.0548057375596021,-2.81273591250108e-31,-0.0548057375596021
690.1,-1.645060143218,-1.645060143218,-0.0547327262565481,-2.77630853754724e-31,-0.0547327262565481
690.2,-1.56367993875002,-1.56367993875002,-0.0546598122179523,-2.74035292876242e-31,-0.0546598122179523
690.3,-2.54024239236579,-2.54024239236579,-0.0545869953142407,-2.70486297636471e-31,-0.0545869953142407
690.4,-2.74369290353574,-2.74369290353574,-0.0545142754160117,-2.66983264969914e-31,-0.0545142754160117
690.5,-2.74369290353574,-2.74369290353574,-0.0544416523940364,-2.63525599621303e-31,-0.0544416523940364
690.6,-1.36022942758006,-1.36022942758006,-0.0543691261192575,-2.60112714044422e-31,-0.0543691261192575
690.7,-0.220906565028338,-0.220906565028338,-0.0542966964627903,-2.5674402830231e-31,-0.0542966964627903
690.8,-0.953328405240164,-0.953328405240164,-0.0542243632959212,-2.53418969968689e-31,-0.0542243632959212
690.9,-2.86576321023771,-2.86576321023771,-0.0541521264901086,-2.50136974030699e-31,-0.0541521264901086
691,-1.11608881417612,-1.11608881417612,-0.0540799859169818,-2.46897482792884e-31,-0.0540799859169818
691.1,-1.23815912087809,-1.23815912087809,-0.0540079414483411,-2.43699945782427e-31,-0.0540079414483411
691.2,-2.82507310800372,-2.82507310800372,-0.0539359929561578,-2.40543819655618e-31,-0.0539359929561578
691.3,-1.31953932534607,-1.31953932534607,-0.0538641403125735,-2.37428568105524e-31,-0.0538641403125735
691.4,-1.11608881417612,-1.11608881417612,-0.0537923833899004,-2.3435366177084e-31,-0.0537923833899004
691.5,-1.84851065438795,-1.84851065438795,-0.0537207220606207,-2.31318578145965e-31,-0.0537207220606207
691.6,-3.72025535715151,-3.72025535715151,-0.0536491561973863,-2.28322801492184e-31,-0.0536491561973863
691.7,-3.84232566385349,-3.84232566385349,-0.053577685673019,-2.25365822750063e-31,-0.053577685673019
691.8,-3.51680484598157,-3.51680484598157,-0.05350631036051,-2.22447139452914e-31,-0.05350631036051
691.9,-4.00508607278945,-4.00508607278945,-0.0534350301330194,-2.19566255641443e-31,-0.0534350301330194
692,-2.21472157449387,-2.21472157449387,-0.0533638448638768,-2.16722681779455e-31,-0.0533638448638768
692.1,-0.668497689602231,-0.668497689602231,-0.05329275442658,-2.13915934670672e-31,-0.05329275442658
692.2,-1.60437004098401,-1.60437004098401,-0.0532217586947957,-2.11145537376627e-31,-0.0532217586947957
692.3,-1.31953932534607,-1.31953932534607,-0.0531508575423587,-2.08411019135624e-31,-0.0531508575423587
692.4,-1.40091952981405,-1.40091952981405,-0.053080050843272,-2.05711915282741e-31,-0.053080050843272
692.5,-1.40091952981405,-1.40091952981405,-0.0530093384717064,-2.03047767170875e-31,-0.0530093384717064
692.6,-1.27884922311208,-1.27884922311208,-0.0529387203020003,-2.00418122092783e-31,-0.0529387203020003
692.7,-2.33679188119584,-2.33679188119584,-0.0528681962086596,-1.97822533204193e-31,-0.0528681962086596
692.8,-2.37748198342983,-2.37748198342983,-0.0527977660663571,-1.95260559447848e-31,-0.0527977660663571
692.9,-0.62780758736824,-0.62780758736824,-0.0527274297499331,-1.92731765478568e-31,-0.0527274297499331
693,-2.86576321023771,-2.86576321023771,-0.0526571871343941,-1.90235721589274e-31,-0.0526571871343941
693.1,-3.15059392587565,-3.15059392587565,-0.0525870380949133,-1.87772003637953e-31,-0.0525870380949133
693.2,0.430135070715518,0.430135070715518,-0.0525169825068303,-1.85340192975615e-31,-0.0525169825068303
693.3,2.62740059135101,2.62740059135101,-0.0524470202456506,-1.82939876375133e-31,-0.0524470202456506
693.4,-0.627807587368238,-0.627807587368238,-0.0523771511870457,-1.80570645961034e-31,-0.0523771511870457
693.5,-4.00508607278945,-4.00508607278945,-0.0523073752068527,-1.78232099140181e-31,-0.0523073752068527
693.6,-3.35404443704561,-3.35404443704561,-0.052237692181074,-1.75923838533367e-31,-0.052237692181074
693.7,-2.4995522901318,-2.4995522901318,-0.0521681019858771,-1.73645471907799e-31,-0.0521681019858771
693.8,-3.02852361917368,-3.02852361917368,-0.052098604497595,-1.71396612110436e-31,-0.052098604497595
693.9,-1.07539871194213,-1.07539871194213,-0.0520291995927247,-1.69176877002201e-31,-0.0520291995927247
694,-2.13334137002588,-2.13334137002588,-0.0519598871479285,-1.66985889393059e-31,-0.0519598871479285
694.1,-3.23197413034363,-3.23197413034363,-0.0518906670400322,-1.64823276977904e-31,-0.0518906670400322
694.2,-2.78438300576973,-2.78438300576973,-0.0518215391460263,-1.62688672273313e-31,-0.0518215391460263
694.3,-2.41817208566382,-2.41817208566382,-0.0517525033430649,-1.60581712555087e-31,-0.0517525033430649
694.4,-2.0519611655579,-2.0519611655579,-0.0516835595084659,-1.58502039796623e-31,-0.0516835595084659
694.5,-1.56367993875001,-1.56367993875001,-0.0516147075197106,-1.56449300608078e-31,-0.0516147075197106
694.6,-2.33679188119584,-2.33679188119584,-0.0515459472544433,-1.54423146176307e-31,-0.0515459472544433
694.7,-1.84851065438796,-1.84851065438796,-0.0514772785904716,-1.52423232205599e-31,-0.0514772785904716
694.8,-1.76713044991997,-1.76713044991997,-0.0514087014057657,-1.50449218859178e-31,-0.0514087014057657
694.9,-2.05196116555791,-2.05196116555791,-0.0513402155784585,-1.48500770701445e-31,-0.0513402155784585
695,-2.54024239236579,-2.54024239236579,-0.0512718209868452,-1.4657755664099e-31,-0.0512718209868452
695.1,-1.88920075662195,-1.88920075662195,-0.051203517509383,-1.4467924987431e-31,-0.051203517509383
695.2,-2.21472157449387,-2.21472157449387,-0.0511353050246911,-1.42805527830305e-31,-0.0511353050246911
695.3,-1.1974690186441,-1.1974690186441,-0.0510671834115505,-1.40956072115447e-31,-0.0510671834115505
695.4,-1.56367993875002,-1.56367993875002,-0.0509991525489036,-1.39130568459682e-31,-0.0509991525489036
695.5,-2.4995522901318,-2.4995522901318,-0.0509312123158542,-1.37328706663025e-31,-0.0509312123158542
695.6,-2.37748198342982,-2.37748198342982,-0.0508633625916669,-1.35550180542847e-31,-0.0508633625916669
695.7,-0.465047178432272,-0.465047178432272,-0.0507956032557673,-1.33794687881857e-31,-0.0507956032557673
695.8,-2.0519611655579,-2.0519611655579,-0.0507279341877416,-1.32061930376738e-31,-0.0507279341877416
695.9,-2.78438300576973,-2.78438300576973,-0.0506603552673364,-1.30351613587456e-31,-0.0506603552673364
696,-2.41817208566382,-2.41817208566382,-0.0505928663744587,-1.28663446887239e-31,-0.0505928663744587
696.1,-3.15059392587565,-3.15059392587565,-0.050525467389175,-1.26997143413177e-31,-0.050525467389175
696.2,-2.0926512677919,-2.0926512677919,-0.0504581581917122,-1.2535242001749e-31,-0.0504581581917122
696.3,-2.45886218789781,-2.45886218789781,-0.0503909386624561,-1.23728997219403e-31,-0.0503909386624561
696.4,-1.88920075662194,-1.88920075662194,-0.0503238086819525,-1.22126599157663e-31,-0.0503238086819525
696.5,-0.912638303006169,-0.912638303006169,-0.050256768130906,-1.20544953543661e-31,-0.050256768130906
696.6,-0.994018507474154,-0.994018507474154,-0.05018981689018,-1.18983791615158e-31,-0.05018981689018
696.7,-1.88920075662195,-1.88920075662195,-0.0501229548407967,-1.17442848090622e-31,-0.0501229548407967
696.8,-1.36022942758007,-1.36022942758007,-0.050056181863937,-1.15921861124147e-31,-0.050056181863937
696.9,-0.261596667262322,-0.261596667262322,-0.0499894978409399,-1.14420572260961e-31,-0.0499894978409399
697,-1.88920075662194,-1.88920075662194,-0.0499229026533026,-1.12938726393508e-31,-0.0499229026533026
697.1,-2.05196116555791,-2.05196116555791,-0.04985639618268,-1.11476071718085e-31,-0.04985639618268
697.2,-1.1974690186441,-1.1974690186441,-0.0497899783108848,-1.10032359692077e-31,-0.0497899783108848
697.3,-3.59818505044955,-3.59818505044955,-0.0497236489198871,-1.08607344991711e-31,-0.0497236489198871
697.4,-1.72644034768598,-1.72644034768598,-0.0496574078918141,-1.07200785470367e-31,-0.0496574078918141
697.5,0.10461425284359,0.10461425284359,-0.0495912551089505,-1.05812442117434e-31,-0.0495912551089505
697.6,-0.994018507474154,-0.994018507474154,-0.0495251904537371,-1.04442079017697e-31,-0.0495251904537371
697.7,-3.23197413034363,-3.23197413034363,-0.0494592138087719,-1.03089463311249e-31,-0.0494592138087719
697.8,-1.56367993875001,-1.56367993875001,-0.049393325056809,-1.01754365153921e-31,-0.049393325056809
697.9,-2.82507310800373,-2.82507310800373,-0.0493275240807589,-1.00436557678224e-31,-0.0493275240807589
698,-2.29610177896184,-2.29610177896184,-0.0492618107636879,-9.91358169548035e-32,-0.0492618107636879
698.1,-0.668497689602233,-0.668497689602233,-0.0491961849888181,-9.785192195438e-32,-0.0491961849888181
698.2,-1.80782055215397,-1.80782055215397,-0.0491306466395273,-9.65846545102009e-32,-0.0491306466395273
698.3,-1.36022942758006,-1.36022942758006,-0.0490651955993485,-9.5333799280957e-32,-0.0490651955993485
698.4,-0.505737280666264,-0.505737280666264,-0.0489998317519701,-9.40991437142005e-32,-0.0489998317519701
698.5,-3.15059392587564,-3.15059392587564,-0.0489345549812352,-9.28804780102225e-32,-0.0489345549812352
698.6,-3.23197413034363,-3.23197413034363,-0.0488693651711416,-9.16775950863998e-32,-0.0488693651711416
698.7,-2.13334137002589,-2.13334137002589,-0.0488042622058418,-9.04902905420096e-32,-0.0488042622058418
698.8,-1.92989085885593,-1.92989085885593,-0.0487392459696428,-8.93183626234983e-32,-0.0487392459696428
698.9,-1.31953932534607,-1.31953932534607,-0.0486743163470053,-8.81616121901952e-32,-0.0486743163470053
699,-1.84851065438796,-1.84851065438796,-0.0486094732225442,-8.70198426804768e-32,-0.0486094732225442
699.1,-2.05196116555791,-2.05196116555791,-0.0485447164810281,-8.58928600783559e-32,-0.0485447164810281
699.2,-1.72644034768598,-1.72644034768598,-0.048480046007379,-8.47804728805286e-32,-0.048480046007379
699.3,-0.261596667262322,-0.261596667262322,-0.0484154616866722,-8.36824920638225e-32,-0.0484154616866722
699.4,-0.180216462794343,-0.180216462794343,-0.0483509634041363,-8.25987310530812e-32,-0.0483509634041363
699.5,-1.80782055215396,-1.80782055215396,-0.0482865510451527,-8.1529005689456e-32,-0.0482865510451527
699.6,-1.03470860970814,-1.03470860970814,-0.0482222244952553,-8.04731341991155e-32,-0.0482222244952553
699.7,-0.7905679963042,-0.7905679963042,-0.0481579836401307,-7.94309371623597e-32,-0.0481579836401307
699.8,-0.709187791836224,-0.709187791836224,-0.0480938283656177,-7.84022374831299e-32,-0.0480938283656177
699.9,-0.220906565028327,-0.220906565028327,-0.0480297585577074,-7.73868603589115e-32,-0.0480297585577074
700,-1.07539871194213,-1.07539871194213,-0.0479657741025424,-7.63846332510392e-32,-0.0479657741025424
700.1,-0.994018507474154,-0.994018507474154,-0.0479018748864172,-7.53953858553688e-32,-0.0479018748864172
700.2,0.389444968481523,0.389444968481523,-0.0478380607957778,-7.44189500733473e-32,-0.0478380607957778
700.3,-0.342976871730307,-0.342976871730307,-0.0477743317172213,-7.34551599834397e-32,-0.0477743317172213
700.4,0.0232340483756067,0.0232340483756067,-0.0477106875374962,-7.25038518129422e-32,-0.0477106875374962
700.5,-1.07539871194213,-1.07539871194213,-0.0476471281435017,-7.156486391015e-32,-0.0476471281435017
700.6,-1.97058096108992,-1.97058096108992,-0.0475836534222874,-7.06380367168862e-32,-0.0475836534222874
700.7,-1.72644034768597,-1.72644034768597,-0.0475202632610537,-6.97232127413912e-32,-0.0475202632610537
700.8,-0.912638303006171,-0.912638303006171,-0.0474569575471512,-6.88202365315623e-32,-0.0474569575471512
700.9,-1.36022942758006,-1.36022942758006,-0.0473937361680807,-6.79289546485359e-32,-0.0473937361680807
701,-1.76713044991997,-1.76713044991997,-0.0473305990114925,-6.70492156406169e-32,-0.0473305990114925
701.1,-0.7905679963042,-0.7905679963042,-0.047267545965187,-6.61808700175355e-32,-0.047267545965187
701.2,-0.709187791836226,-0.709187791836226,-0.0472045769171136,-6.53237702250565e-32,-0.0472045769171136
701.3,-2.66231269906776,-2.66231269906776,-0.0471416917553715,-6.44777706198987e-32,-0.0471416917553715
701.4,-2.05196116555791,-2.05196116555791,-0.0470788903682085,-6.36427274449885e-32,-0.0470788903682085
701.5,-0.790567996304202,-0.790567996304202,-0.0470161726440217,-6.28184988050299e-32,-0.0470161726440217
701.6,-0.505737280666272,-0.505737280666272,-0.0469535384713565,-6.2004944642394e-32,-0.0469535384713565
701.7,-0.953328405240159,-0.953328405240159,-0.0468909877389069,-6.1201926713322e-32,-0.0468909877389069
701.8,-1.48229973428204,-1.48229973428204,-0.0468285203355153,-6.04093085644318e-32,-0.0468285203355153
701.9,-2.82507310800373,-2.82507310800373,-0.0467661361501721,-5.96269555095286e-32,-0.0467661361501721
702,-2.01127106332391,-2.01127106332391,-0.0467038350720157,-5.88547346067243e-32,-0.0467038350720157
702.1,-1.84851065438795,-1.84851065438795,-0.0466416169903318,-5.80925146358406e-32,-0.0466416169903318
702.2,-0.7905679963042,-0.7905679963042,-0.046579481794554,-5.73401660761176e-32,-0.046579481794554
702.3,-0.709187791836226,-0.709187791836226,-0.046517429374263,-5.65975610841989e-32,-0.046517429374263
702.4,-0.709187791836226,-0.709187791836226,-0.0464554596191869,-5.58645734724128e-32,-0.0464554596191869
702.5,0.0232340483756043,0.0232340483756043,-0.0463935724192002,-5.51410786873277e-32,-0.0463935724192002
702.6,-0.261596667262327,-0.261596667262327,-0.0463317676643244,-5.44269537885858e-32,-0.0463317676643244
702.7,-0.261596667262322,-0.261596667262322,-0.0462700452447275,-5.37220774280137e-32,-0.0462700452447275
702.8,-0.83125809853819,-0.83125809853819,-0.0462084050507239,-5.30263298290038e-32,-0.0462084050507239
702.9,-1.60437004098401,-1.60437004098401,-0.0461468469727738,-5.23395927661589e-32,-0.0461468469727738
703,-2.25541167672786,-2.25541167672786,-0.0460853709014839,-5.16617495452052e-32,-0.0460853709014839
703.1,-3.47611474374757,-3.47611474374757,-0.0460239767276059,-5.09926849831563e-32,-0.0460239767276059
703.2,-1.88920075662194,-1.88920075662194,-0.0459626643420375,-5.03322853887505e-32,-0.0459626643420375
703.3,-2.0519611655579,-2.0519611655579,-0.0459014336358218,-4.96804385431248e-32,-0.0459014336358218
703.4,-1.88920075662194,-1.88920075662194,-0.0458402845001468,-4.90370336807493e-32,-0.0458402845001468
703.5,-2.01127106332391,-2.01127106332391,-0.0457792168263457,-4.8401961470602e-32,-0.0457792168263457
703.6,-0.994018507474152,-0.994018507474152,-0.0457182305058961,-4.7775113997593e-32,-0.0457182305058961
703.7,-1.03470860970814,-1.03470860970814,-0.0456573254304206,-4.7156384744228e-32,-0.0456573254304206
703.8,-0.587117485134248,-0.587117485134248,-0.0455965014916858,-4.65456685725068e-32,-0.0455965014916858
703.9,-0.953328405240169,-0.953328405240169,-0.0455357585816029,-4.59428617060555e-32,-0.0455357585816029
704,-0.994018507474154,-0.994018507474154,-0.0454750965922267,-4.53478617124974e-32,-0.0454750965922267
704.1,-1.44160963204805,-1.44160963204805,-0.0454145154157559,-4.47605674860412e-32,-0.0454145154157559
704.2,-3.63887515268353,-3.63887515268353,-0.0453540149445331,-4.41808792303063e-32,-0.0453540149445331
704.3,-2.58093249459979,-2.58093249459979,-0.0452935950710439,-4.36086984413593e-32,-0.0452935950710439
704.4,-0.668497689602226,-0.668497689602226,-0.0452332556879174,-4.30439278909803e-32,-0.0452332556879174
704.5,-0.465047178432274,-0.465047178432274,-0.0451729966879257,-4.24864716101393e-32,-0.0451729966879257
704.6,-1.97058096108992,-1.97058096108992,-0.0451128179639836,-4.19362348726874e-32,-0.0451128179639836
704.7,-1.23815912087809,-1.23815912087809,-0.0450527194091488,-4.13931241792619e-32,-0.0450527194091488
704.8,-0.587117485134255,-0.587117485134255,-0.0449927009166212,-4.0857047241399e-32,-0.0449927009166212
704.9,-2.05196116555791,-2.05196116555791,-0.0449327623797431,-4.03279129658504e-32,-0.0449327623797431
705,-1.40091952981406,-1.40091952981406,-0.0448729036919992,-3.98056314391055e-32,-0.0448729036919992
705.1,-1.27884922311209,-1.27884922311209,-0.0448131247470154,-3.92901139121085e-32,-0.0448131247470154
705.2,-1.88920075662194,-1.88920075662194,-0.0447534254385598,-3.87812727851844e-32,-0.0447534254385598
705.3,-1.645060143218,-1.645060143218,-0.0446938056605421,-3.82790215931489e-32,-0.0446938056605421
705.4,-1.60437004098401,-1.60437004098401,-0.044634265307013,-3.77832749906178e-32,-0.044634265307013
705.5,-0.994018507474157,-0.994018507474157,-0.0445748042721647,-3.72939487375024e-32,-0.0445748042721647
705.6,-1.68575024545199,-1.68575024545199,-0.0445154224503299,-3.68109596846966e-32,-0.0445154224503299
705.7,-2.37748198342983,-2.37748198342983,-0.0444561197359824,-3.63342257599485e-32,-0.0444561197359824
705.8,-0.99401850747415,-0.99401850747415,-0.0443968960237366,-3.58636659539131e-32,-0.0443968960237366
705.9,-0.749877894070212,-0.749877894070212,-0.0443377512083471,-3.53992003063856e-32,-0.0443377512083471
706,-1.31953932534607,-1.31953932534607,-0.0442786851847089,-3.49407498927169e-32,-0.0442786851847089
706.1,-2.54024239236579,-2.54024239236579,-0.0442196978478568,-3.44882368103991e-32,-0.0442196978478568
706.2,-1.84851065438795,-1.84851065438795,-0.0441607890929656,-3.40415841658314e-32,-0.0441607890929656
706.3,-0.790567996304197,-0.790567996304197,-0.0441019588153498,-3.36007160612499e-32,-0.0441019588153498
706.4,-0.831258098538195,-0.831258098538195,-0.0440432069104631,-3.31655575818341e-32,-0.0440432069104631
706.5,-1.84851065438795,-1.84851065438795,-0.0439845332738989,-3.27360347829759e-32,-0.0439845332738989
706.6,-1.92989085885593,-1.92989085885593,-0.0439259378013891,-3.23120746777127e-32,-0.0439259378013891
706.7,-1.44160963204804,-1.44160963204804,-0.043867420388805,-3.1893605224327e-32,-0.043867420388805
706.8,-2.17403147225988,-2.17403147225988,-0.0438089809321565,-3.14805553141047e-32,-0.0438089809321565
706.9,-1.36022942758006,-1.36022942758006,-0.0437506193275918,-3.10728547592511e-32,-0.0437506193275918
707,-1.97058096108993,-1.97058096108993,-0.0436923354713979,-3.06704342809653e-32,-0.0436923354713979
707.1,-2.37748198342983,-2.37748198342983,-0.0436341292599995,-3.02732254976645e-32,-0.0436341292599995
707.2,-1.27884922311208,-1.27884922311208,-0.0435760005899595,-2.98811609133694e-32,-0.0435760005899595
707.3,-1.56367993875002,-1.56367993875002,-0.0435179493579786,-2.94941739062313e-32,-0.0435179493579786
707.4,-2.17403147225988,-2.17403147225988,-0.043459975460895,-2.91121987172127e-32,-0.043459975460895
707.5,-1.27884922311209,-1.27884922311209,-0.0434020787956848,-2.87351704389132e-32,-0.0434020787956848
707.6,-0.261596667262327,-0.261596667262327,-0.0433442592594604,-2.83630250045374e-32,-0.0433442592594604
707.7,-0.831258098538197,-0.831258098538197,-0.0432865167494723,-2.79956991770132e-32,-0.0432865167494723
707.8,-2.13334137002589,-2.13334137002589,-0.0432288511631071,-2.76331305382425e-32,-0.0432288511631071
707.9,-2.62162259683377,-2.62162259683377,-0.0431712623978886,-2.72752574784962e-32,-0.0431712623978886
708,-0.18021646279435,-0.18021646279435,-0.0431137503514769,-2.69220191859442e-32,-0.0431137503514769
708.1,0.63358558188547,0.63358558188547,-0.0430563149216684,-2.65733556363221e-32,-0.0430563149216684
708.2,0.592895479651477,0.592895479651477,-0.0429989560063957,-2.62292075827332e-32,-0.0429989560063957
708.3,-0.383666973964298,-0.383666973964298,-0.0429416735037275,-2.5889516545579e-32,-0.0429416735037275
708.4,-0.139526360560351,-0.139526360560351,-0.0428844673118681,-2.55542248026219e-32,-0.0428844673118681
708.5,0.0639241506095994,0.0639241506095994,-0.0428273373291577,-2.52232753791788e-32,-0.0428273373291577
708.6,0.0639241506095923,0.0639241506095923,-0.0427702834540714,-2.48966120384373e-32,-0.0427702834540714
708.7,-0.261596667262329,-0.261596667262329,-0.04271330558522,-2.45741792719004e-32,-0.04271330558522
708.8,-0.953328405240169,-0.953328405240169,-0.0426564036213494,-2.42559222899552e-32,-0.0426564036213494
708.9,-0.220906565028334,-0.220906565028334,-0.04259957746134,-2.39417870125616e-32,-0.04259957746134
709,-0.058146156092367,-0.058146156092367,-0.0425428270042073,-2.36317200600637e-32,-0.0425428270042073
709.1,-0.465047178432281,-0.465047178432281,-0.0424861521491011,-2.33256687441165e-32,-0.0424861521491011
709.2,1.04048660422538,1.04048660422538,-0.0424295527953056,-2.30235810587368e-32,-0.0424295527953056
709.3,2.13911936454312,2.13911936454312,-0.0423730288422393,-2.27254056714634e-32,-0.0423730288422393
709.4,1.52876783103326,1.52876783103326,-0.0423165801894544,-2.24310919146353e-32,-0.0423165801894544
709.5,2.38325997794706,2.38325997794706,-0.0422602067366374,-2.21405897767823e-32,-0.0422602067366374
709.6,1.32531731986331,1.32531731986331,-0.0422039083836079,-2.18538498941242e-32,-0.0422039083836079
709.7,0.104614252843585,0.104614252843585,-0.0421476850303191,-2.15708235421866e-32,-0.0421476850303191
709.8,1.08117670645937,1.08117670645937,-0.0420915365768579,-2.12914626275188e-32,-0.0420915365768579
709.9,1.24393711539533,1.24393711539533,-0.0420354629234437,-2.10157196795224e-32,-0.0420354629234437
710,0.511515275183492,0.511515275183492,-0.0419794639704293,-2.0743547842384e-32,-0.0419794639704293
710.1,1.97635895560716,1.97635895560716,-0.0419235396183,-2.04749008671134e-32,-0.0419235396183
710.2,0.755655888587432,0.755655888587432,-0.0418676897676737,-2.0209733103686e-32,-0.0418676897676737
710.3,-0.749877894070216,-0.749877894070216,-0.0418119143193007,-1.99479994932845e-32,-0.0418119143193007
710.4,-1.40091952981405,-1.40091952981405,-0.0417562131740636,-1.96896555606415e-32,-0.0417562131740636
710.5,-1.15677891641011,-1.15677891641011,-0.0417005862329769,-1.94346574064843e-32,-0.0417005862329769
710.6,-0.13952636056036,-0.13952636056036,-0.0416450333971871,-1.91829617000727e-32,-0.0416450333971871
710.7,1.77290844443721,1.77290844443721,-0.0415895545679724,-1.89345256718384e-32,-0.0415895545679724
710.8,0.999796501991379,0.999796501991379,-0.0415341496467423,-1.86893071061151e-32,-0.0415341496467423
710.9,1.48807772879928,1.48807772879928,-0.0414788185350379,-1.84472643339669e-32,-0.0414788185350379
711,1.40669752433129,1.40669752433129,-0.0414235611345315,-1.82083562261067e-32,-0.0414235611345315
711.1,0.633585581885465,0.633585581885465,-0.041368377347026,-1.79725421859071e-32,-0.041368377347026
711.2,-0.668497689602233,-0.668497689602233,-0.0413132670744555,-1.77397821425021e-32,-0.0413132670744555
711.3,-0.58711748513425,-0.58711748513425,-0.0412582302188846,-1.7510036543979e-32,-0.0412582302188846
711.4,0.348754866247534,0.348754866247534,-0.0412032666825083,-1.72832663506562e-32,-0.0412032666825083
711.5,0.714965786353446,0.714965786353446,-0.0411483763676521,-1.70594330284508e-32,-0.0411483763676521
711.6,1.89497875113918,1.89497875113918,-0.0410935591767715,-1.68384985423278e-32,-0.0410935591767715
711.7,0.877726195289405,0.877726195289405,-0.0410388150124518,-1.66204253498409e-32,-0.0410388150124518
711.8,2.01704905784115,2.01704905784115,-0.0409841437774083,-1.64051763947503e-32,-0.0409841437774083
711.9,1.56945793326725,1.56945793326725,-0.0409295453744858,-1.61927151007271e-32,-0.0409295453744858
712,2.34256987571308,2.34256987571308,-0.0408750197066587,-1.59830053651372e-32,-0.0408750197066587
712.1,1.97635895560715,1.97635895560715,-0.0408205666770302,-1.57760115529069e-32,-0.0408205666770302
712.2,0.0232340483756067,0.0232340483756067,-0.0407661861888331,-1.55716984904682e-32,-0.0407661861888331
712.3,-1.23815912087809,-1.23815912087809,-0.0407118781454288,-1.53700314597813e-32,-0.0407118781454288
712.4,0.837036093055417,0.837036093055417,-0.0406576424503076,-1.51709761924346e-32,-0.0406576424503076
712.5,-0.7905679963042,-0.7905679963042,-0.0406034790070884,-1.49744988638232e-32,-0.0406034790070884
712.6,0.877726195289405,0.877726195289405,-0.0405493877195181,-1.47805660873992e-32,-0.0405493877195181
712.7,0.959106399757391,0.959106399757391,-0.0404953684914724,-1.45891449090004e-32,-0.0404953684914724
712.8,0.185994457311566,0.185994457311566,-0.0404414212269547,-1.44002028012487e-32,-0.0404414212269547
712.9,0.18599445731157,0.18599445731157,-0.0403875458300964,-1.42137076580248e-32,-0.0403875458300964
713,0.755655888587432,0.755655888587432,-0.0403337422051565,-1.40296277890112e-32,-0.0403337422051565
713.1,1.44738762656528,1.44738762656528,-0.0402800102565217,-1.38479319143072e-32,-0.0402800102565217
713.2,1.89497875113918,1.89497875113918,-0.040226349888706,-1.36685891591142e-32,-0.040226349888706
713.3,0.877726195289408,0.877726195289408,-0.0401727610063507,-1.34915690484893e-32,-0.0401727610063507
713.4,2.05773916007514,2.05773916007514,-0.0401192435142237,-1.33168415021664e-32,-0.0401192435142237
713.5,2.58671048911702,2.58671048911702,-0.0400657973172206,-1.31443768294456e-32,-0.0400657973172206
713.6,-0.342976871730303,-0.342976871730303,-0.0400124223203629,-1.29741457241458e-32,-0.0400124223203629
713.7,-0.994018507474159,-0.994018507474159,-0.0399591184287989,-1.28061192596281e-32,-0.0399591184287989
713.8,0.185994457311575,0.185994457311575,-0.0399058855478035,-1.26402688838778e-32,-0.0399058855478035
713.9,1.28462721762932,1.28462721762932,-0.0398527235827775,-1.24765664146542e-32,-0.0398527235827775
714,2.2204995690111,2.2204995690111,-0.0397996324392478,-1.23149840347005e-32,-0.0397996324392478
714.1,0.552205377417487,0.552205377417487,-0.039746612022867,-1.21554942870177e-32,-0.039746612022867
714.2,-2.21472157449387,-2.21472157449387,-0.0396936622394139,-1.19980700701992e-32,-0.0396936622394139
714.3,0.023234048375609,0.023234048375609,-0.0396407829947922,-1.18426846338249e-32,-0.0396407829947922
714.4,0.430135070715508,0.430135070715508,-0.0395879741950313,-1.16893115739156e-32,-0.0395879741950313
714.5,-0.58711748513425,-0.58711748513425,-0.0395352357462858,-1.15379248284474e-32,-0.0395352357462858
714.6,-1.07539871194213,-1.07539871194213,-0.0394825675548351,-1.13884986729212e-32,-0.0394825675548351
714.7,-0.0581461560923694,-0.0581461560923694,-0.0394299695270837,-1.12410077159934e-32,-0.0394299695270837
714.8,1.65083813773524,1.65083813773524,-0.0393774415695605,-1.10954268951599e-32,-0.0393774415695605
714.9,1.61014803550124,1.61014803550124,-0.0393249835889194,-1.09517314724979e-32,-0.0393249835889194
715,1.28462721762932,1.28462721762932,-0.0392725954919381,-1.08098970304625e-32,-0.0392725954919381
715.1,1.44738762656528,1.44738762656528,-0.0392202771855188,-1.06698994677369e-32,-0.0392202771855188
715.2,0.18599445731157,0.18599445731157,-0.0391680285766876,-1.05317149951371e-32,-0.0391680285766876
715.3,1.12186680869336,1.12186680869336,-0.0391158495725946,-1.03953201315702e-32,-0.0391158495725946
715.4,1.20324701316134,1.20324701316134,-0.0390637400805135,-1.02606917000437e-32,-0.0390637400805135
715.5,-0.0581461560923741,-0.0581461560923741,-0.0390117000078415,-1.01278068237275e-32,-0.0390117000078415
715.6,-0.13952636056036,-0.13952636056036,-0.0389597292620993,-9.99664292206551e-33,-0.0389597292620993
715.7,0.714965786353444,0.714965786353444,-0.0389078277509306,-9.86717770694038e-33,-0.0389078277509306
715.8,1.20324701316134,1.20324701316134,-0.0388559953821023,-9.73938917888491e-33,-0.0388559953821023
715.9,1.61014803550124,1.61014803550124,-0.038804232063504,-9.61325562334426e-33,-0.038804232063504
716,0.714965786353451,0.714965786353451,-0.0387525377031484,-9.48875560698571e-33,-0.0387525377031484
716.1,-0.302286769496312,-0.302286769496312,-0.0387009122091701,-9.3658679740568e-33,-0.0387009122091701
716.2,0.552205377417491,0.552205377417491,-0.0386493554898267,-9.24457184279074e-33,-0.0386493554898267
716.3,0.714965786353451,0.714965786353451,-0.0385978674534975,-9.12484660185775e-33,-0.0385978674534975
716.4,0.10461425284359,0.10461425284359,-0.0385464480086845,-9.00667190686232e-33,-0.0385464480086845
716.5,0.592895479651468,0.592895479651468,-0.0384950970640109,-8.89002767688705e-33,-0.0384950970640109
716.6,-0.668497689602231,-0.668497689602231,-0.038443814528222,-8.77489409107935e-33,-0.038443814528222
716.7,-2.09265126779189,-2.09265126779189,-0.0383926003101847,-8.66125158528443e-33,-0.0383926003101847
716.8,-2.17403147225987,-2.17403147225987,-0.0383414543188872,-8.5490808487198e-33,-0.0383414543188872
716.9,0.348754866247539,0.348754866247539,-0.0382903764634389,-8.43836282069475e-33,-0.0382903764634389
717,0.145304355077578,0.145304355077578,-0.0382393666530703,-8.3290786873711e-33,-0.0382393666530703
717.1,-0.424357076198288,-0.424357076198288,-0.0381884247971329,-8.22120987856597e-33,-0.0381884247971329
717.2,0.104614252843583,0.104614252843583,-0.038137550805099,-8.1147380645965e-33,-0.038137550805099
717.3,-0.017456053858386,-0.017456053858386,-0.0380867445865614,-8.00964515316539e-33,-0.0380867445865614
717.4,-0.302286769496319,-0.302286769496319,-0.0380360060512332,-7.9059132862862e-33,-0.0380360060512332
717.5,-0.342976871730307,-0.342976871730307,-0.0379853351089483,-7.80352483724916e-33,-0.0379853351089483
717.6,-0.302286769496319,-0.302286769496319,-0.03793473166966,-7.70246240762503e-33,-0.03793473166966
717.7,-1.23815912087809,-1.23815912087809,-0.0378841956434419,-7.60270882431005e-33,-0.0378841956434419
717.8,-3.63887515268354,-3.63887515268354,-0.0378337269404877,-7.50424713660683e-33,-0.0378337269404877
717.9,-2.66231269906776,-2.66231269906776,-0.0377833254711104,-7.40706061334437e-33,-0.0377833254711104
718,-1.31953932534607,-1.31953932534607,-0.0377329911457424,-7.31113274003464e-33,-0.0377329911457424
718.1,-1.92989085885593,-1.92989085885593,-0.0376827238749355,-7.21644721606662e-33,-0.0376827238749355
718.2,-1.23815912087809,-1.23815912087809,-0.0376325235693609,-7.12298795193656e-33,-0.0376325235693609
718.3,-0.0174560538583791,-0.0174560538583791,-0.0375823901398085,-7.03073906651377e-33,-0.0375823901398085
718.4,-0.831258098538188,-0.831258098538188,-0.0375323234971872,-6.93968488434171e-33,-0.0375323234971872
718.5,-3.06921372140767,-3.06921372140767,-0.0374823235525246,-6.84980993297501e-33,-0.0374823235525246
718.6,-2.4995522901318,-2.4995522901318,-0.0374323902169667,-6.76109894034953e-33,-0.0374323902169667
718.7,-1.23815912087809,-1.23815912087809,-0.037382523401778,-6.67353683218804e-33,-0.037382523401778
718.8,-0.994018507474154,-0.994018507474154,-0.037332723018341,-6.58710872943791e-33,-0.037332723018341
718.9,-2.58093249459978,-2.58093249459978,-0.0372829889781566,-6.50179994574344e-33,-0.0372829889781566
719,-0.627807587368236,-0.627807587368236,-0.0372333211928434,-6.41759598495003e-33,-0.0372333211928434
719.1,-1.52298983651602,-1.52298983651602,-0.0371837195741377,-6.33448253864069e-33,-0.0371837195741377
719.2,-1.604370040984,-1.604370040984,-0.0371341840338933,-6.25244548370484e-33,-0.0371341840338933
719.3,-0.220906565028334,-0.220906565028334,-0.0370847144840818,-6.17147087993869e-33,-0.0370847144840818
719.4,-1.60437004098401,-1.60437004098401,-0.0370353108367917,-6.09154496767607e-33,-0.0370353108367917
719.5,-3.59818505044954,-3.59818505044954,-0.0369859730042287,-6.01265416545065e-33,-0.0369859730042287
719.6,-0.465047178432276,-0.465047178432276,-0.0369367008987156,-5.93478506768735e-33,-0.0369367008987156
719.7,-1.2381591208781,-1.2381591208781,-0.0368874944326919,-5.85792444242549e-33,-0.0368874944326919
719.8,-2.78438300576973,-2.78438300576973,-0.0368383535187137,-5.78205922906958e-33,-0.0368383535187137
719.9,-1.60437004098401,-1.60437004098401,-0.0367892780694535,-5.70717653617028e-33,-0.0367892780694535
720,-3.8016355616195,-3.8016355616195,-0.0367402679977007,-5.63326363923359e-33,-0.0367402679977007
720.1,-2.0519611655579,-2.0519611655579,-0.0366913232163601,-5.56030797855873e-33,-0.0366913232163601
720.2,-1.31953932534608,-1.31953932534608,-0.0366424436384529,-5.48829715710415e-33,-0.0366424436384529
720.3,-1.84851065438795,-1.84851065438795,-0.0365936291771163,-5.41721893838074e-33,-0.0365936291771163
720.4,-3.67956525491753,-3.67956525491753,-0.036544879745603,-5.34706124437236e-33,-0.036544879745603
720.5,-3.27266423257763,-3.27266423257763,-0.0364961952572814,-5.27781215348394e-33,-0.0364961952572814
720.6,-1.88920075662194,-1.88920075662194,-0.0364475756256351,-5.20945989851517e-33,-0.0364475756256351
720.7,-0.953328405240164,-0.953328405240164,-0.0363990207642633,-5.14199286466147e-33,-0.0363990207642633
720.8,0.18599445731157,0.18599445731157,-0.0363505305868799,-5.07539958753983e-33,-0.0363505305868799
720.9,-0.383666973964303,-0.383666973964303,-0.0363021050073142,-5.00966875124113e-33,-0.0363021050073142
721,0.308064764013546,0.308064764013546,-0.0362537439395098,-4.94478918640714e-33,-0.0362537439395098
721.1,-0.709187791836221,-0.709187791836221,-0.0362054472975254,-4.88074986833238e-33,-0.0362054472975254
721.2,0.348754866247539,0.348754866247539,-0.0361572149955338,-4.8175399150909e-33,-0.0361572149955338
721.3,-0.424357076198288,-0.424357076198288,-0.0361090469478224,-4.75514858568726e-33,-0.0361090469478224
721.4,-1.31953932534608,-1.31953932534608,-0.0360609430687927,-4.69356527823121e-33,-0.0360609430687927
721.5,-0.0988362583263646,-0.0988362583263646,-0.0360129032729603,-4.6327795281363e-33,-0.0360129032729603
721.6,1.12186680869336,1.12186680869336,-0.0359649274749545,-4.57278100634119e-33,-0.0359649274749545
721.7,0.430135070715511,0.430135070715511,-0.0359170155895185,-4.51355951755526e-33,-0.0359170155895185
721.8,-1.07539871194213,-1.07539871194213,-0.035869167531509,-4.45510499852562e-33,-0.035869167531509
721.9,0.389444968481523,0.389444968481523,-0.0358213832158962,-4.39740751632727e-33,-0.0358213832158962
722,1.3253173198633,1.3253173198633,-0.0357736625577637,-4.34045726667533e-33,-0.0357736625577637
722.1,0.714965786353441,0.714965786353441,-0.0357260054723076,-4.28424457225857e-33,-0.0357260054723076
722.2,1.69152823996923,1.69152823996923,-0.0356784118748378,-4.22875988109571e-33,-0.0356784118748378
722.3,0.267374661779547,0.267374661779547,-0.0356308816807765,-4.1739937649119e-33,-0.0356308816807765
722.4,0.389444968481523,0.389444968481523,-0.0355834148056587,-4.11993691753642e-33,-0.0355834148056587
722.5,0.18599445731157,0.18599445731157,-0.0355360111651321,-4.06658015332181e-33,-0.0355360111651321
722.6,1.08117670645937,1.08117670645937,-0.0354886706749565,-4.01391440558251e-33,-0.0354886706749565
722.7,0.226684559545554,0.226684559545554,-0.035441393251004,-3.96193072505462e-33,-0.035441393251004
722.8,0.796345990821434,0.796345990821434,-0.0353941788092589,-3.91062027837478e-33,-0.0353941788092589
722.9,-0.465047178432281,-0.465047178432281,-0.0353470272658172,-3.85997434657952e-33,-0.0353470272658172
723,0.104614252843583,0.104614252843583,-0.0352999385368871,-3.80998432362354e-33,-0.0352999385368871
723.1,1.44738762656528,1.44738762656528,-0.0352529125387878,-3.76064171491717e-33,-0.0352529125387878
723.2,-0.465047178432279,-0.465047178432279,-0.0352059491879505,-3.71193813588309e-33,-0.0352059491879505
723.3,-0.627807587368235,-0.627807587368235,-0.0351590484009176,-3.66386531053164e-33,-0.0351590484009176
723.4,0.145304355077575,0.145304355077575,-0.0351122100943425,-3.61641507005436e-33,-0.0351122100943425
723.5,0.999796501991377,0.999796501991377,-0.0350654341849898,-3.56957935143608e-33,-0.0350654341849898
723.6,-0.465047178432279,-0.465047178432279,-0.035018720589735,-3.52335019608435e-33,-0.035018720589735
723.7,-0.627807587368236,-0.627807587368236,-0.0349720692255642,-3.47771974847775e-33,-0.0349720692255642
723.8,-0.749877894070214,-0.749877894070214,-0.0349254800095742,-3.43268025483056e-33,-0.0349254800095742
723.9,-1.15677891641012,-1.15677891641012,-0.0348789528589723,-3.38822406177535e-33,-0.0348789528589723
724,-0.139526360560357,-0.139526360560357,-0.0348324876910759,-3.34434361506251e-33,-0.0348324876910759
724.1,0.714965786353444,0.714965786353444,-0.0347860844233127,-3.30103145827628e-33,-0.0347860844233127
724.2,0.918416297523398,0.918416297523398,-0.0347397429732203,-3.25828023156824e-33,-0.0347397429732203
724.3,-0.139526360560353,-0.139526360560353,-0.0346934632584463,-3.2160826704063e-33,-0.0346934632584463
724.4,-1.48229973428204,-1.48229973428204,-0.0346472451967479,-3.17443160434043e-33,-0.0346472451967479
724.5,-1.76713044991997,-1.76713044991997,-0.0346010887059919,-3.13331995578406e-33,-0.0346010887059919
724.6,-1.27884922311209,-1.27884922311209,-0.0345549937041544,-3.09274073881152e-33,-0.0345549937041544
724.7,-0.668497689602228,-0.668497689602228,-0.034508960109321,-3.05268705797106e-33,-0.034508960109321
724.8,0.755655888587429,0.755655888587429,-0.0344629878396863,-3.013152107113e-33,-0.0344629878396863
724.9,0.918416297523398,0.918416297523398,-0.0344170768135537,-2.97412916823308e-33,-0.0344170768135537
725,1.56945793326725,1.56945793326725,-0.0343712269493359,-2.93561161033123e-33,-0.0343712269493359
725.1,0.511515275183487,0.511515275183487,-0.0343254381655538,-2.8975928882844e-33,-0.0343254381655538
725.2,-0.912638303006176,-0.912638303006176,-0.034279710380837,-2.86006654173477e-33,-0.034279710380837
725.3,-1.44160963204804,-1.44160963204804,-0.0342340435139237,-2.82302619399157e-33,-0.0342340435139237
725.4,-0.220906565028334,-0.220906565028334,-0.0341884374836601,-2.78646555094787e-33,-0.0341884374836601
725.5,0.837036093055415,0.837036093055415,-0.0341428922090008,-2.75037840001087e-33,-0.0341428922090008
725.6,-0.3836669739643,-0.3836669739643,-0.0340974076090079,-2.71475860904619e-33,-0.0340974076090079
725.7,1.04048660422538,1.04048660422538,-0.0340519836028518,-2.67960012533591e-33,-0.0340519836028518
725.8,2.30187977347908,2.30187977347908,-0.0340066201098102,-2.64489697455014e-33,-0.0340066201098102
725.9,0.552205377417489,0.552205377417489,-0.0339613170492688,-2.61064325973173e-33,-0.0339613170492688
726,-0.139526360560353,-0.139526360560353,-0.0339160743407203,-2.57683316029431e-33,-0.0339160743407203
726.1,-1.03470860970814,-1.03470860970814,-0.0338708919037646,-2.54346093103295e-33,-0.0338708919037646
726.2,-1.72644034768598,-1.72644034768598,-0.0338257696581091,-2.51052090114835e-33,-0.0338257696581091
726.3,-0.953328405240164,-0.953328405240164,-0.0337807075235679,-2.4780074732829e-33,-0.0337807075235679
726.4,-0.668497689602235,-0.668497689602235,-0.0337357054200618,-2.44591512256966e-33,-0.0337357054200618
726.5,-0.587117485134248,-0.587117485134248,-0.0336907632676186,-2.41423839569348e-33,-0.0336907632676186
726.6,0.877726195289413,0.877726195289413,-0.0336458809863725,-2.38297190996437e-33,-0.0336458809863725
726.7,0.755655888587432,0.755655888587432,-0.0336010584965639,-2.35211035240291e-33,-0.0336010584965639
726.8,0.796345990821422,0.796345990821422,-0.0335562957185398,-2.3216484788374e-33,-0.0335562957185398
726.9,0.552205377417491,0.552205377417491,-0.033511592572753,-2.2915811130126e-33,-0.033511592572753
727,0.67427568411946,0.67427568411946,-0.0334669489797626,-2.26190314571043e-33,-0.0334669489797626
727.1,0.511515275183494,0.511515275183494,-0.0334223648602332,-2.23260953388148e-33,-0.0334223648602332
727.2,-0.668497689602233,-0.668497689602233,-0.0333778401349352,-2.20369529978835e-33,-0.0333778401349352
727.3,-0.424357076198291,-0.424357076198291,-0.0333333747247447,-2.17515553015953e-33,-0.0333333747247447
727.4,-0.13952636056036,-0.13952636056036,-0.033288968550643,-2.14698537535474e-33,-0.033288968550643
727.5,0.0639241506095994,0.0639241506095994,-0.0332446215337169,-2.11918004854078e-33,-0.0332446215337169
727.6,-0.994018507474157,-0.994018507474157,-0.033200333595158,-2.09173482487801e-33,-0.033200333595158
727.7,-0.0174560538583838,-0.0174560538583838,-0.0331561046562631,-2.06464504071759e-33,-0.0331561046562631
727.8,0.145304355077575,0.145304355077575,-0.0331119346384339,-2.03790609280904e-33,-0.0331119346384339
727.9,-0.953328405240161,-0.953328405240161,-0.0330678234631767,-2.01151343751793e-33,-0.0330678234631767
728,0.470825172949506,0.470825172949506,-0.0330237710521024,-1.98546259005394e-33,-0.0330237710521024
728.1,0.755655888587441,0.755655888587441,-0.0329797773269263,-1.95974912370846e-33,-0.0329797773269263
728.2,-0.220906565028336,-0.220906565028336,-0.032935842209468,-1.93436866910283e-33,-0.032935842209468
728.3,-0.790567996304202,-0.790567996304202,-0.0328919656216512,-1.90931691344555e-33,-0.0328919656216512
728.4,0.430135070715511,0.430135070715511,-0.0328481474855038,-1.88458959979955e-33,-0.0328481474855038
728.5,-0.0581461560923742,-0.0581461560923742,-0.0328043877231574,-1.86018252635874e-33,-0.0328043877231574
728.6,-1.72644034768597,-1.72644034768597,-0.0327606862568474,-1.83609154573409e-33,-0.0327606862568474
728.7,-0.139526360560355,-0.139526360560355,-0.0327170430089127,-1.81231256424889e-33,-0.0327170430089127
728.8,-0.220906565028331,-0.220906565028331,-0.0326734579017958,-1.78884154124313e-33,-0.0326734579017958
728.9,-0.749877894070205,-0.749877894070205,-0.0326299308580425,-1.76567448838675e-33,-0.0326299308580425
729,0.918416297523398,0.918416297523398,-0.0325864618003016,-1.74280746900217e-33,-0.0325864618003016
729.1,0.87772619528941,0.87772619528941,-0.0325430506513252,-1.72023659739506e-33,-0.0325430506513252
729.2,-0.342976871730305,-0.342976871730305,-0.0324996973339682,-1.69795803819434e-33,-0.0324996973339682
729.3,-0.994018507474159,-0.994018507474159,-0.0324564017711883,-1.67596800570023e-33,-0.0324564017711883
729.4,0.430135070715518,0.430135070715518,-0.0324131638860456,-1.6542627632411e-33,-0.0324131638860456
729.5,0.633585581885468,0.633585581885468,-0.0323699836017031,-1.63283862253847e-33,-0.0323699836017031
729.6,-1.31953932534608,-1.31953932534608,-0.0323268608414259,-1.61169194308024e-33,-0.0323268608414259
729.7,-3.15059392587565,-3.15059392587565,-0.0322837955285814,-1.59081913150209e-33,-0.0322837955285814
729.8,-2.33679188119584,-2.33679188119584,-0.032240787586639,-1.57021664097694e-33,-0.032240787586639
729.9,-1.03470860970814,-1.03470860970814,-0.0321978369391702,-1.5498809706122e-33,-0.0321978369391702
730,-0.627807587368233,-0.627807587368233,-0.0321549435098483,-1.52980866485491e-33,-0.0321549435098483
730.1,-0.424357076198288,-0.424357076198288,-0.0321121072224481,-1.50999631290438e-33,-0.0321121072224481
730.2,-1.31953932534607,-1.31953932534607,-0.0320693280008461,-1.4904405481329e-33,-0.0320693280008461
730.3,-0.017456053858386,-0.017456053858386,-0.0320266057690203,-1.47113804751349e-33,-0.0320266057690203
730.4,-1.92989085885594,-1.92989085885594,-0.0319839404510497,-1.45208553105524e-33,-0.0319839404510497
730.5,0.348754866247532,0.348754866247532,-0.0319413319711146,-1.43327976124596e-33,-0.0319413319711146
730.6,0.511515275183496,0.511515275183496,-0.0318987802534965,-1.41471754250204e-33,-0.0318987802534965
730.7,-1.72644034768598,-1.72644034768598,-0.0318562852225773,-1.39639572062552e-33,-0.0318562852225773
730.8,-0.912638303006173,-0.912638303006173,-0.0318138468028401,-1.37831118226801e-33,-0.0318138468028401
730.9,-1.15677891641011,-1.15677891641011,-0.0317714649188683,-1.36046085440166e-33,-0.0317714649188683
731,-0.424357076198283,-0.424357076198283,-0.0317291394953461,-1.34284170379706e-33,-0.0317291394953461
731.1,-0.0988362583263599,-0.0988362583263599,-0.0316868704570576,-1.3254507365077e-33,-0.0316868704570576
731.2,-0.912638303006173,-0.912638303006173,-0.0316446577288872,-1.30828499736134e-33,-0.0316446577288872
731.3,-0.871948200772185,-0.871948200772185,-0.0316025012358199,-1.2913415694577e-33,-0.0316025012358199
731.4,-1.40091952981406,-1.40091952981406,-0.0315604009029399,-1.274617573673e-33,-0.0315604009029399
731.5,-2.4995522901318,-2.4995522901318,-0.0315183566554316,-1.25811016817055e-33,-0.0315183566554316
731.6,-2.4995522901318,-2.4995522901318,-0.0314763684185789,-1.24181654791794e-33,-0.0314763684185789
731.7,-0.953328405240164,-0.953328405240164,-0.0314344361177656,-1.22573394421032e-33,-0.0314344361177656
731.8,-0.220906565028334,-0.220906565028334,-0.0313925596784743,-1.20985962420004e-33,-0.0313925596784743
731.9,-0.302286769496312,-0.302286769496312,-0.0313507390262874,-1.19419089043217e-33,-0.0313507390262874
732,0.511515275183496,0.511515275183496,-0.0313089740868862,-1.17872508038622e-33,-0.0313089740868862
732.1,0.185994457311566,0.185994457311566,-0.031267264786051,-1.16345956602351e-33,-0.031267264786051
732.2,-0.749877894070214,-0.749877894070214,-0.031225611049661,-1.1483917533409e-33,-0.031225611049661
732.3,-0.709187791836219,-0.709187791836219,-0.0311840128036942,-1.13351908192978e-33,-0.0311840128036942
732.4,-1.23815912087809,-1.23815912087809,-0.0311424699742272,-1.11883902454108e-33,-0.0311424699742272
732.5,-1.23815912087809,-1.23815912087809,-0.0311009824874351,-1.10434908665576e-33,-0.0311009824874351
732.6,-1.56367993875002,-1.56367993875002,-0.0310595502695912,-1.09004680606098e-33,-0.0310595502695912
732.7,-1.76713044991997,-1.76713044991997,-0.031018173247067,-1.07592975243175e-33,-0.031018173247067
732.8,-1.40091952981405,-1.40091952981405,-0.0309768513463324,-1.06199552691785e-33,-0.0309768513463324
732.9,-0.139526360560355,-0.139526360560355,-0.030935584493955,-1.04824176173626e-33,-0.030935584493955
733,-0.831258098538197,-0.831258098538197,-0.0308943726166003,-1.03466611976883e-33,-0.0308943726166003
733.1,-2.54024239236579,-2.54024239236579,-0.0308532156410314,-1.02126629416509e-33,-0.0308532156410314
733.2,-1.92989085885593,-1.92989085885593,-0.0308121134941091,-1.00804000795033e-33,-0.0308121134941091
733.3,-1.07539871194213,-1.07539871194213,-0.0307710661027916,-9.94985013638592e-34,-0.0307710661027916
733.4,-1.03470860970815,-1.03470860970815,-0.0307300733941343,-9.82099092850857e-34,-0.0307300733941343
733.5,-1.52298983651603,-1.52298983651603,-0.0306891352952901,-9.69380055938041e-34,-0.0306891352952901
733.6,-0.505737280666276,-0.505737280666276,-0.0306482517335084,-9.56825741608891e-34,-0.0306482517335084
733.7,-0.62780758736824,-0.62780758736824,-0.0306074226361359,-9.44434016562753e-34,-0.0306074226361359
733.8,-1.72644034768598,-1.72644034768598,-0.030566647930616,-9.32202775127101e-34,-0.030566647930616
733.9,-0.709187791836216,-0.709187791836216,-0.0305259275444889,-9.20129938899683e-34,-0.0305259275444889
734,-0.790567996304205,-0.790567996304205,-0.0304852614053912,-9.0821345639539e-34,-0.0304852614053912
734.1,-1.1567789164101,-1.1567789164101,-0.0304446494410556,-8.96451302697549e-34,-0.0304446494410556
734.2,-0.342976871730305,-0.342976871730305,-0.0304040915793117,-8.84841479113997e-34,-0.0304040915793117
734.3,-1.48229973428204,-1.48229973428204,-0.0303635877480848,-8.73382012837346e-34,-0.0303635877480848
734.4,-1.56367993875002,-1.56367993875002,-0.0303231378753964,-8.6207095660979e-34,-0.0303231378753964
734.5,-0.0988362583263646,-0.0988362583263646,-0.0302827418893637,-8.5090638839218e-34,-0.0302827418893637
734.6,-0.587117485134255,-0.587117485134255,-0.0302423997181998,-8.39886411037445e-34,-0.0302423997181998
734.7,-1.68575024545199,-1.68575024545199,-0.0302021112902135,-8.2900915196824e-34,-0.0302021112902135
734.8,-1.72644034768597,-1.72644034768597,-0.030161876533809,-8.18272762858728e-34,-0.030161876533809
734.9,-2.17403147225988,-2.17403147225988,-0.0301216953774858,-8.07675419320458e-34,-0.0301216953774858
735,-2.58093249459978,-2.58093249459978,-0.0300815677498389,-7.97215320592446e-34,-0.0300815677498389
735.1,-1.76713044991997,-1.76713044991997,-0.0300414935795582,-7.8689068923508e-34,-0.0300414935795582
735.2,-0.871948200772178,-0.871948200772178,-0.0300014727954286,-7.76699770828181e-34,-0.0300014727954286
735.3,-0.546427382900259,-0.546427382900259,-0.0299615053263301,-7.66640833672794e-34,-0.0299615053263301
735.4,-0.749877894070205,-0.749877894070205,-0.0299215911012372,-7.56712168497e-34,-0.0299215911012372
735.5,-0.912638303006171,-0.912638303006171,-0.0298817300492192,-7.4691208816544e-34,-0.0298817300492192
735.6,-1.80782055215397,-1.80782055215397,-0.0298419220994397,-7.37238927392602e-34,-0.0298419220994397
735.7,-3.43542464151357,-3.43542464151357,-0.0298021671811568,-7.27691042459869e-34,-0.0298021671811568
735.8,-2.37748198342983,-2.37748198342983,-0.0297624652237228,-7.1826681093623e-34,-0.0297624652237228
735.9,-2.9471434147057,-2.9471434147057,-0.0297228161565841,-7.08964631402554e-34,-0.0297228161565841
736,-1.1974690186441,-1.1974690186441,-0.0296832199092812,-6.99782923179503e-34,-0.0296832199092812
736.1,0.592895479651477,0.592895479651477,-0.0296436764114484,-6.90720126058846e-34,-0.0296436764114484
736.2,0.0639241506095994,0.0639241506095994,-0.0296041855928136,-6.81774700038469e-34,-0.0296041855928136
736.3,-2.13334137002589,-2.13334137002589,-0.0295647473831985,-6.72945125060601e-34,-0.0295647473831985
736.4,-1.56367993875002,-1.56367993875002,-0.0295253617125182,-6.64229900753551e-34,-0.0295253617125182
736.5,-1.1974690186441,-1.1974690186441,-0.0294860285107814,-6.55627546176727e-34,-0.0294860285107814
736.6,-3.3540444370456,-3.3540444370456,-0.0294467477080895,-6.47136599569004e-34,-0.0294467477080895
736.7,-2.29610177896185,-2.29610177896185,-0.0294075192346375,-6.38755618100354e-34,-0.0294075192346375
736.8,-0.0988362583263599,-0.0988362583263599,-0.0293683430207133,-6.3048317762665e-34,-0.0293683430207133
736.9,-0.790567996304205,-0.790567996304205,-0.0293292189966976,-6.22317872447645e-34,-0.0293292189966976
737,-0.994018507474157,-0.994018507474157,-0.0292901470930639,-6.14258315068165e-34,-0.0292901470930639
737.1,-1.60437004098401,-1.60437004098401,-0.0292511272403782,-6.06303135962271e-34,-0.0292511272403782
737.2,-1.36022942758006,-1.36022942758006,-0.029212159369299,-5.9845098334061e-34,-0.029212159369299
737.3,-1.40091952981406,-1.40091952981406,-0.0291732434105775,-5.9070052292064e-34,-0.0291732434105775
737.4,-1.36022942758007,-1.36022942758007,-0.0291343792950567,-5.83050437699966e-34,-0.0291343792950567
737.5,-0.627807587368238,-0.627807587368238,-0.029095566953672,-5.75499427732517e-34,-0.029095566953672
737.6,-1.27884922311208,-1.27884922311208,-0.0290568063174508,-5.68046209907637e-34,-0.0290568063174508
737.7,-0.465047178432274,-0.465047178432274,-0.0290180973175123,-5.60689517732069e-34,-0.0290180973175123
737.8,-1.72644034768598,-1.72644034768598,-0.0289794398850674,-5.53428101114761e-34,-0.0289794398850674
737.9,-1.56367993875002,-1.56367993875002,-0.0289408339514188,-5.46260726154417e-34,-0.0289408339514188
738,-1.36022942758007,-1.36022942758007,-0.0289022794479608,-5.39186174929852e-34,-0.0289022794479608
738.1,-1.56367993875002,-1.56367993875002,-0.0288637763061788,-5.32203245292973e-34,-0.0288637763061788
738.2,-1.60437004098402,-1.60437004098402,-0.0288253244576495,-5.25310750664595e-34,-0.0288253244576495
738.3,-1.84851065438795,-1.84851065438795,-0.0287869238340411,-5.18507519832751e-34,-0.0287869238340411
738.4,-0.7905679963042,-0.7905679963042,-0.0287485743671125,-5.11792396753685e-34,-0.0287485743671125
738.5,-1.52298983651603,-1.52298983651603,-0.0287102759887136,-5.05164240355428e-34,-0.0287102759887136
738.6,-0.709187791836219,-0.709187791836219,-0.0286720286307851,-4.98621924343842e-34,-0.0286720286307851
738.7,-2.4995522901318,-2.4995522901318,-0.0286338322253584,-4.92164337011319e-34,-0.0286338322253584
738.8,-1.56367993875002,-1.56367993875002,-0.0285956867045554,-4.85790381047819e-34,-0.0285956867045554
738.9,-1.23815912087809,-1.23815912087809,-0.0285575920005884,-4.79498973354424e-34,-0.0285575920005884
739,-1.40091952981406,-1.40091952981406,-0.0285195480457602,-4.73289044859277e-34,-0.0285195480457602
739.1,-0.953328405240173,-0.953328405240173,-0.0284815547724634,-4.67159540335931e-34,-0.0284815547724634
739.2,-1.48229973428204,-1.48229973428204,-0.028443612113181,-4.61109418224052e-34,-0.028443612113181
739.3,-1.88920075662194,-1.88920075662194,-0.0284057200004859,-4.55137650452417e-34,-0.0284057200004859
739.4,-1.48229973428203,-1.48229973428203,-0.0283678783670407,-4.492432222642e-34,-0.0283678783670407
739.5,0.267374661779554,0.267374661779554,-0.0283300871455979,-4.43425132044582e-34,-0.0283300871455979
739.6,0.592895479651472,0.592895479651472,-0.0282923462689992,-4.37682391150504e-34,-0.0282923462689992
739.7,-0.587117485134257,-0.587117485134257,-0.0282546556701762,-4.32014023742717e-34,-0.0282546556701762
739.8,0.308064764013532,0.308064764013532,-0.0282170152821497,-4.26419066619915e-34,-0.0282170152821497
739.9,-0.87194820077219,-0.87194820077219,-0.0281794250380297,-4.20896569055103e-34,-0.0281794250380297
740,-2.37748198342984,-2.37748198342984,-0.0281418848710152,-4.15445592634027e-34,-0.0281418848710152
740.1,-2.13334137002589,-2.13334137002589,-0.0281043947143944,-4.10065211095704e-34,-0.0281043947143944
740.2,-0.505737280666264,-0.505737280666264,-0.0280669545015442,-4.04754510175033e-34,-0.0280669545015442
740.3,-0.749877894070212,-0.749877894070212,-0.0280295641659304,-3.99512587447453e-34,-0.0280295641659304
740.4,-1.23815912087809,-1.23815912087809,-0.0279922236411073,-3.9433855217558e-34,-0.0279922236411073
740.5,-1.1974690186441,-1.1974690186441,-0.0279549328607179,-3.89231525157866e-34,-0.0279549328607179
740.6,-0.871948200772185,-0.871948200772185,-0.0279176917584933,-3.84190638579151e-34,-0.0279176917584933
740.7,-1.88920075662195,-1.88920075662195,-0.0278805002682532,-3.79215035863271e-34,-0.0278805002682532
740.8,-1.40091952981406,-1.40091952981406,-0.0278433583239053,-3.74303871527456e-34,-0.0278433583239053
740.9,-1.07539871194213,-1.07539871194213,-0.0278062658594454,-3.69456311038679e-34,-0.0278062658594454
741,-0.424357076198286,-0.424357076198286,-0.0277692228089572,-3.6467153067183e-34,-0.0277692228089572
741.1,-0.220906565028336,-0.220906565028336,-0.0277322291066122,-3.59948717369753e-34,-0.0277322291066122
741.2,-1.31953932534607,-1.31953932534607,-0.0276952846866696,-3.55287068605104e-34,-0.0276952846866696
741.3,-2.01127106332392,-2.01127106332392,-0.0276583894834761,-3.50685792243961e-34,-0.0276583894834761
741.4,-1.88920075662195,-1.88920075662195,-0.0276215434314662,-3.46144106411212e-34,-0.0276215434314662
741.5,-2.70300280130175,-2.70300280130175,-0.0275847464651613,-3.41661239357728e-34,-0.0275847464651613
741.6,-0.342976871730307,-0.342976871730307,-0.0275479985191703,-3.3723642932918e-34,-0.0275479985191703
741.7,-0.627807587368238,-0.627807587368238,-0.0275112995281892,-3.32868924436641e-34,-0.0275112995281892
741.8,-0.627807587368236,-0.627807587368236,-0.0274746494270008,-3.2855798252878e-34,-0.0274746494270008
741.9,-0.709187791836224,-0.709187791836224,-0.027438048150475,-3.24302871065783e-34,-0.027438048150475
742,-0.424357076198286,-0.424357076198286,-0.0274014956335685,-3.20102866994866e-34,-0.0274014956335685
742.1,-1.52298983651602,-1.52298983651602,-0.0273649918113243,-3.15957256627395e-34,-0.0273649918113243
742.2,-1.56367993875002,-1.56367993875002,-0.0273285366188723,-3.11865335517627e-34,-0.0273285366188723
742.3,-1.68575024545199,-1.68575024545199,-0.0272921299914287,-3.07826408343012e-34,-0.0272921299914287
742.4,-1.31953932534607,-1.31953932534607,-0.027255771864296,-3.03839788786024e-34,-0.027255771864296
742.5,-0.424357076198286,-0.424357076198286,-0.0272194621728628,-2.99904799417559e-34,-0.0272194621728628
742.6,0.430135070715518,0.430135070715518,-0.027183200852604,-2.96020771581779e-34,-0.027183200852604
742.7,-0.912638303006173,-0.912638303006173,-0.0271469878390802,-2.92187045282549e-34,-0.0271469878390802
742.8,-2.66231269906776,-2.66231269906776,-0.027110823067938,-2.88402969071245e-34,-0.027110823067938
742.9,-2.58093249459978,-2.58093249459978,-0.0270747064749096,-2.84667899936078e-34,-0.0270747064749096
743,-1.88920075662195,-1.88920075662195,-0.0270386379958132,-2.80981203192809e-34,-0.0270386379958132
743.1,-1.40091952981405,-1.40091952981405,-0.0270026175665518,-2.77342252376913e-34,-0.0270026175665518
743.2,-0.465047178432281,-0.465047178432281,-0.0269666451231145,-2.73750429137132e-34,-0.0269666451231145
743.3,-0.139526360560351,-0.139526360560351,-0.0269307206015752,-2.70205123130396e-34,-0.0269307206015752
743.4,0.348754866247532,0.348754866247532,-0.0268948439380933,-2.66705731918095e-34,-0.0268948439380933
743.5,-0.139526360560355,-0.139526360560355,-0.026859015068913,-2.63251660863738e-34,-0.026859015068913
743.6,-1.1974690186441,-1.1974690186441,-0.0268232339303634,-2.5984232303188e-34,-0.0268232339303634
743.7,-0.709187791836226,-0.709187791836226,-0.0267875004588588,-2.56477139088414e-34,-0.0267875004588588
743.8,-1.36022942758007,-1.36022942758007,-0.0267518145908977,-2.53155537202098e-34,-0.0267518145908977
743.9,-2.13334137002589,-2.13334137002589,-0.0267161762630635,-2.49876952947414e-34,-0.0267161762630635
744,-0.994018507474154,-0.994018507474154,-0.0266805854120242,-2.46640829208643e-34,-0.0266805854120242
744.1,-0.0581461560923671,-0.0581461560923671,-0.0266450419745317,-2.43446616085193e-34,-0.0266450419745317
744.2,-2.01127106332392,-2.01127106332392,-0.0266095458874227,-2.40293770798163e-34,-0.0266095458874227
744.3,-3.47611474374757,-3.47611474374757,-0.0265740970876177,-2.37181757598118e-34,-0.0265740970876177
744.4,-1.44160963204805,-1.44160963204805,-0.0265386955121213,-2.34110047674037e-34,-0.0265386955121213
744.5,0.0639241506096019,0.0639241506096019,-0.0265033410980221,-2.31078119063473e-34,-0.0265033410980221
744.6,-0.871948200772188,-0.871948200772188,-0.0264680337824925,-2.28085456563822e-34,-0.0264680337824925
744.7,-0.139526360560351,-0.139526360560351,-0.0264327735027884,-2.25131551644825e-34,-0.0264327735027884
744.8,-1.80782055215396,-1.80782055215396,-0.0263975601962496,-2.22215902362123e-34,-0.0263975601962496
744.9,-1.56367993875002,-1.56367993875002,-0.0263623938002992,-2.19338013271976e-34,-0.0263623938002992
745,-0.953328405240166,-0.953328405240166,-0.0263272742524437,-2.16497395347066e-34,-0.0263272742524437
745.1,-1.1974690186441,-1.1974690186441,-0.0262922014902727,-2.13693565893403e-34,-0.0262922014902727
745.2,-0.790567996304202,-0.790567996304202,-0.0262571754514592,-2.1092604846831e-34,-0.0262571754514592
745.3,0.267374661779547,0.267374661779547,-0.0262221960737591,-2.08194372799458e-34,-0.0262221960737591
745.4,-0.098836258326367,-0.098836258326367,-0.0261872632950113,-2.05498074704942e-34,-0.0261872632950113
745.5,-1.23815912087809,-1.23815912087809,-0.0261523770531373,-2.02836696014429e-34,-0.0261523770531373
745.6,-1.68575024545199,-1.68575024545199,-0.0261175372861415,-2.00209784491281e-34,-0.0261175372861415
745.7,-2.54024239236579,-2.54024239236579,-0.0260827439321108,-1.97616893755724e-34,-0.0260827439321108
745.8,0.104614252843594,0.104614252843594,-0.0260479969292146,-1.95057583208983e-34,-0.0260479969292146
745.9,-0.465047178432272,-0.465047178432272,-0.0260132962157048,-1.92531417958427e-34,-0.0260132962157048
746,-2.25541167672786,-2.25541167672786,-0.0259786417299154,-1.90037968743662e-34,-0.0259786417299154
746.1,-2.01127106332391,-2.01127106332391,-0.0259440334102625,-1.87576811863585e-34,-0.0259440334102625
746.2,-0.953328405240159,-0.953328405240159,-0.0259094711952444,-1.8514752910439e-34,-0.0259094711952444
746.3,-1.97058096108993,-1.97058096108993,-0.0258749550234413,-1.82749707668508e-34,-0.0258749550234413
746.4,-2.37748198342983,-2.37748198342983,-0.025840484833515,-1.80382940104456e-34,-0.025840484833515
746.5,-1.11608881417612,-1.11608881417612,-0.0258060605642095,-1.78046824237606e-34,-0.0258060605642095
746.6,-1.56367993875002,-1.56367993875002,-0.0257716821543498,-1.75740963101825e-34,-0.0257716821543498
746.7,-0.139526360560355,-0.139526360560355,-0.0257373495428429,-1.73464964872054e-34,-0.0257373495428429
746.8,-0.0581461560923765,-0.0581461560923765,-0.0257030626686769,-1.71218442797702e-34,-0.0257030626686769
746.9,-0.54642738290026,-0.54642738290026,-0.0256688214709213,-1.69001015136938e-34,-0.0256688214709213
747,-0.383666973964293,-0.383666973964293,-0.0256346258887268,-1.66812305091814e-34,-0.0256346258887268
747.1,0.999796501991384,0.999796501991384,-0.0256004758613249,-1.64651940744242e-34,-0.0256004758613249
747.2,0.267374661779558,0.267374661779558,-0.0255663713280285,-1.62519554992805e-34,-0.0255663713280285
747.3,0.389444968481518,0.389444968481518,-0.0255323122282309,-1.60414785490363e-34,-0.0255323122282309
747.4,1.93566885337317,1.93566885337317,-0.0254982985014064,-1.58337274582484e-34,-0.0254982985014064
747.5,1.73221834220321,1.73221834220321,-0.02546433008711,-1.56286669246679e-34,-0.02546433008711
747.6,1.20324701316134,1.20324701316134,-0.0254304069249769,-1.54262621032398e-34,-0.0254304069249769
747.7,2.2611896712451,2.2611896712451,-0.025396528954723,-1.52264786001838e-34,-0.025396528954723
747.8,1.7729084444372,1.7729084444372,-0.0253626961161444,-1.5029282467148e-34,-0.0253626961161444
747.9,3.76672345390274,3.76672345390274,-0.0253289083491175,-1.48346401954419e-34,-0.0253289083491175
748,2.83085110252096,2.83085110252096,-0.0252951655935986,-1.46425187103416e-34,-0.0252951655935986
748.1,-0.0581461560923743,-0.0581461560923743,-0.0252614677896242,-1.44528853654692e-34,-0.0252614677896242
748.2,1.48807772879927,1.48807772879927,-0.0252278148773106,-1.42657079372459e-34,-0.0252278148773106
748.3,2.13911936454313,2.13911936454313,-0.0251942067968537,-1.40809546194164e-34,-0.0251942067968537
748.4,1.85428864890519,1.85428864890519,-0.0251606434885294,-1.38985940176442e-34,-0.0251606434885294
748.5,0.226684559545561,0.226684559545561,-0.0251271248926931,-1.37185951441769e-34,-0.0251271248926931
748.6,0.755655888587434,0.755655888587434,-0.0250936509497793,-1.35409274125792e-34,-0.0250936509497793
748.7,-0.383666973964293,-0.383666973964293,-0.0250602216003023,-1.33655606325381e-34,-0.0250602216003023
748.8,1.16255691092734,1.16255691092734,-0.0250268367848553,-1.31924650047309e-34,-0.0250268367848553
748.9,3.03430161369093,3.03430161369093,-0.024993496444111,-1.30216111157622e-34,-0.024993496444111
749,0.18599445731157,0.18599445731157,-0.0249602005188208,-1.28529699331653e-34,-0.0249602005188208
749.1,-0.424357076198288,-0.424357076198288,-0.0249269489498151,-1.26865128004691e-34,-0.0249269489498151
749.2,0.104614252843592,0.104614252843592,-0.0248937416780033,-1.25222114323293e-34,-0.0248937416780033
749.3,0.348754866247532,0.348754866247532,-0.0248605786443734,-1.23600379097212e-34,-0.0248605786443734
749.4,0.796345990821429,0.796345990821429,-0.024827459789992,-1.21999646751952e-34,-0.024827459789992
749.5,0.104614252843592,0.104614252843592,-0.0247943850560042,-1.20419645281953e-34,-0.0247943850560042
749.6,0.592895479651475,0.592895479651475,-0.0247613543836336,-1.18860106204358e-34,-0.0247613543836336
749.7,2.09842926230913,2.09842926230913,-0.0247283677141819,-1.17320764513403e-34,-0.0247283677141819
749.8,2.91223130698894,2.91223130698894,-0.0246954249890293,-1.15801358635372e-34,-0.0246954249890293
749.9,0.63358558188546,0.63358558188546,-0.0246625261496338,-1.14301630384159e-34,-0.0246625261496338
750,-0.139526360560355,-0.139526360560355,-0.0246296711375317,-1.12821324917394e-34,-0.0246296711375317
750.1,0.267374661779551,0.267374661779551,-0.0245968598943368,-1.11360190693136e-34,-0.0245968598943368
750.2,-0.831258098538195,-0.831258098538195,-0.024564092361741,-1.09917979427128e-34,-0.024564092361741
750.3,-0.831258098538193,-0.831258098538193,-0.0245313684815136,-1.08494446050614e-34,-0.0245313684815136
750.4,1.40669752433129,1.40669752433129,-0.0244986881955019,-1.0708934866869e-34,-0.0244986881955019
750.5,0.877726195289413,0.877726195289413,-0.0244660514456302,-1.05702448519204e-34,-0.0244660514456302
750.6,-0.220906565028336,-0.220906565028336,-0.0244334581739004,-1.04333509932173e-34,-0.0244334581739004
750.7,-0.0581461560923694,-0.0581461560923694,-0.0244009083223916,-1.02982300289752e-34,-0.0244009083223916
750.8,1.3660074220973,1.3660074220973,-0.0243684018332602,-1.016485899867e-34,-0.0243684018332602
750.9,0.796345990821429,0.796345990821429,-0.0243359386487395,-1.00332152391362e-34,-0.0243359386487395
751,-0.180216462794343,-0.180216462794343,-0.0243035187111398,-9.90327638071571e-35,-0.0243035187111398
751.1,-1.44160963204805,-1.44160963204805,-0.0242711419628483,-9.77502034345715e-35,-0.0242711419628483
751.2,0.185994457311575,0.185994457311575,-0.0242388083463289,-9.64842533336383e-35,-0.0242388083463289
751.3,-0.0988362583263647,-0.0988362583263647,-0.0242065178041221,-9.5234698386903e-35,-0.0242065178041221
751.4,1.73221834220323,1.73221834220323,-0.024174270278845,-9.4001326262865e-35,-0.024174270278845
751.5,0.470825172949501,0.470825172949501,-0.0241420657131914,-9.27839273799067e-35,-0.0241420657131914
751.6,-1.40091952981406,-1.40091952981406,-0.0241099040499308,-9.15822948706691e-35,-0.0241099040499308
751.7,-0.342976871730307,-0.342976871730307,-0.0240777852319096,-9.03962245469107e-35,-0.0240777852319096
751.8,0.226684559545559,0.226684559545559,-0.0240457092020501,-8.92255148648e-35,-0.0240457092020501
751.9,1.20324701316134,1.20324701316134,-0.0240136759033505,-8.80699668906772e-35,-0.0240136759033505
752,0.796345990821429,0.796345990821429,-0.023981685278885,-8.69293842672463e-35,-0.023981685278885
752.1,0.959106399757398,0.959106399757398,-0.0239497372718038,-8.58035731802062e-35,-0.0239497372718038
752.2,1.40669752433129,1.40669752433129,-0.0239178318253328,-8.46923423253199e-35,-0.0239178318253328
752.3,1.48807772879927,1.48807772879927,-0.0238859688827732,-8.35955028759087e-35,-0.0238859688827732
752.4,1.48807772879927,1.48807772879927,-0.0238541483875022,-8.25128684507625e-35,-0.0238541483875022
752.5,0.145304355077578,0.145304355077578,-0.0238223702829722,-8.14442550824719e-35,-0.0238223702829722
752.6,0.592895479651477,0.592895479651477,-0.0237906345127108,-8.03894811861588e-35,-0.0237906345127108
752.7,0.430135070715513,0.430135070715513,-0.0237589410203212,-7.93483675286337e-35,-0.0237589410203212
752.8,-0.465047178432274,-0.465047178432274,-0.0237272897494813,-7.83207371979307e-35,-0.0237272897494813
752.9,-1.07539871194213,-1.07539871194213,-0.0236956806439444,-7.73064155732474e-35,-0.0236956806439444
753,-1.72644034768597,-1.72644034768597,-0.0236641136475385,-7.63052302952747e-35,-0.0236641136475385
753.1,-0.139526360560348,-0.139526360560348,-0.0236325887041665,-7.53170112369002e-35,-0.0236325887041665
753.2,-0.424357076198291,-0.424357076198291,-0.0236011057578061,-7.43415904743116e-35,-0.0236011057578061
753.3,-2.29610177896185,-2.29610177896185,-0.0235696647525095,-7.3378802258454e-35,-0.0235696647525095
753.4,-1.48229973428204,-1.48229973428204,-0.0235382656324036,-7.24284829868678e-35,-0.0235382656324036
753.5,-0.424357076198284,-0.424357076198284,-0.0235069083416896,-7.14904711758853e-35,-0.0235069083416896
753.6,1.16255691092735,1.16255691092735,-0.023475592824643,-7.0564607433193e-35,-0.023475592824643
753.7,0.511515275183499,0.511515275183499,-0.0234443190256137,-6.9650734430748e-35,-0.0234443190256137
753.8,-0.465047178432279,-0.465047178432279,-0.0234130868890256,-6.87486968780425e-35,-0.0234130868890256
753.9,0.796345990821434,0.796345990821434,-0.0233818963593766,-6.7858341495713e-35,-0.0233818963593766
754,-0.546427382900259,-0.546427382900259,-0.0233507473812388,-6.69795169895004e-35,-0.0233507473812388
754.1,-2.17403147225988,-2.17403147225988,-0.0233196398992578,-6.61120740245344e-35,-0.0233196398992578
754.2,-0.302286769496315,-0.302286769496315,-0.0232885738581532,-6.52558651999646e-35,-0.0232885738581532
754.3,-0.994018507474159,-0.994018507474159,-0.023257549202718,-6.44107450239061e-35,-0.023257549202718
754.4,-1.68575024545199,-1.68575024545199,-0.0232265658778191,-6.35765698887232e-35,-0.0232265658778191
754.5,-3.39473453927959,-3.39473453927959,-0.0231956238283966,-6.27531980466236e-35,-0.0231956238283966
754.6,-2.0519611655579,-2.0519611655579,-0.0231647229994638,-6.19404895855707e-35,-0.0231647229994638
754.7,0.0639241506096042,0.0639241506096042,-0.0231338633361076,-6.11383064055103e-35,-0.0231338633361076
754.8,0.470825172949511,0.470825172949511,-0.0231030447834879,-6.03465121949054e-35,-0.0231030447834879
754.9,-1.97058096108992,-1.97058096108992,-0.0230722672868376,-5.95649724075715e-35,-0.0230722672868376
755,-1.40091952981406,-1.40091952981406,-0.0230415307914627,-5.87935542398153e-35,-0.0230415307914627
755.1,0.959106399757393,0.959106399757393,-0.0230108352427418,-5.80321266078623e-35,-0.0230108352427418
755.2,-0.424357076198288,-0.424357076198288,-0.0229801805861265,-5.72805601255913e-35,-0.0229801805861265
755.3,-0.709187791836228,-0.709187791836228,-0.0229495667671411,-5.65387270825426e-35,-0.0229495667671411
755.4,1.32531731986331,1.32531731986331,-0.0229189937313824,-5.58065014222184e-35,-0.0229189937313824
755.5,1.61014803550125,1.61014803550125,-0.0228884614245196,-5.50837587206608e-35,-0.0228884614245196
755.6,0.0232340483756114,0.0232340483756114,-0.0228579697922942,-5.43703761653102e-35,-0.0228579697922942
755.7,-0.953328405240169,-0.953328405240169,-0.0228275187805203,-5.36662325341379e-35,-0.0228275187805203
755.8,-0.709187791836216,-0.709187791836216,-0.0227971083350839,-5.29712081750459e-35,-0.0227971083350839
755.9,-0.180216462794341,-0.180216462794341,-0.0227667384019433,-5.22851849855327e-35,-0.0227667384019433
756,0.14530435507758,0.14530435507758,-0.0227364089271286,-5.16080463926296e-35,-0.0227364089271286
756.1,-0.953328405240161,-0.953328405240161,-0.0227061198567418,-5.09396773330865e-35,-0.0227061198567418
756.2,-1.88920075662194,-1.88920075662194,-0.022675871136957,-5.02799642338251e-35,-0.022675871136957
756.3,-1.31953932534608,-1.31953932534608,-0.0226456627140197,-4.96287949926344e-35,-0.0226456627140197
756.4,-1.48229973428204,-1.48229973428204,-0.0226154945342469,-4.89860589591265e-35,-0.0226154945342469
756.5,0.10461425284359,0.10461425284359,-0.0225853665440277,-4.83516469159325e-35,-0.0225853665440277
756.6,0.674275684119458,0.674275684119458,-0.0225552786898219,-4.77254510601416e-35,-0.0225552786898219
756.7,-0.342976871730305,-0.342976871730305,-0.0225252309181612,-4.71073649849847e-35,-0.0225252309181612
756.8,-0.180216462794341,-0.180216462794341,-0.0224952231756481,-4.64972836617539e-35,-0.0224952231756481
756.9,0.145304355077578,0.145304355077578,-0.0224652554089565,-4.58951034219541e-35,-0.0224652554089565
757,-0.953328405240166,-0.953328405240166,-0.0224353275648314,-4.53007219396881e-35,-0.0224353275648314
757.1,-1.72644034768598,-1.72644034768598,-0.0224054395900883,-4.47140382142647e-35,-0.0224054395900883
757.2,0.552205377417487,0.552205377417487,-0.0223755914316142,-4.41349525530429e-35,-0.0223755914316142
757.3,0.389444968481515,0.389444968481515,-0.0223457830363663,-4.35633665544868e-35,-0.0223457830363663
757.4,-0.0581461560923695,-0.0581461560923695,-0.0223160143513729,-4.29991830914468e-35,-0.0223160143513729
757.5,0.755655888587439,0.755655888587439,-0.0222862853237324,-4.24423062946528e-35,-0.0222862853237324
757.6,0.0232340483756089,0.0232340483756089,-0.0222565959006141,-4.18926415364253e-35,-0.0222565959006141
757.7,-0.58711748513425,-0.58711748513425,-0.0222269460292574,-4.13500954145966e-35,-0.0222269460292574
757.8,-0.383666973964293,-0.383666973964293,-0.0221973356569721,-4.08145757366382e-35,-0.0221973356569721
757.9,-0.180216462794346,-0.180216462794346,-0.0221677647311383,-4.02859915039933e-35,-0.0221677647311383
758,-1.52298983651603,-1.52298983651603,-0.022138233199206,-3.97642528966179e-35,-0.022138233199206
758.1,1.16255691092734,1.16255691092734,-0.0221087410086953,-3.92492712577132e-35,-0.0221087410086953
758.2,1.20324701316134,1.20324701316134,-0.0220792881071961,-3.87409590786653e-35,-0.0220792881071961
758.3,0.470825172949501,0.470825172949501,-0.0220498744423684,-3.82392299841707e-35,-0.0220498744423684
758.4,0.918416297523401,0.918416297523401,-0.0220204999619418,-3.7743998717563e-35,-0.0220204999619418
758.5,0.348754866247539,0.348754866247539,-0.0219911646137153,-3.72551811263234e-35,-0.0219911646137153
758.6,0.511515275183492,0.511515275183492,-0.0219618683455576,-3.67726941477805e-35,-0.0219618683455576
758.7,0.145304355077578,0.145304355077578,-0.021932611105407,-3.62964557949966e-35,-0.021932611105407
758.8,0.185994457311568,0.185994457311568,-0.0219033928412711,-3.58263851428373e-35,-0.0219033928412711
758.9,-2.29610177896185,-2.29610177896185,-0.0218742135012265,-3.53624023142184e-35,-0.0218742135012265
759,-1.1974690186441,-1.1974690186441,-0.0218450730334193,-3.49044284665344e-35,-0.0218450730334193
759.1,-0.62780758736824,-0.62780758736824,-0.0218159713860645,-3.4452385778257e-35,-0.0218159713860645
759.2,-0.709187791836224,-0.709187791836224,-0.0217869085074461,-3.40061974357175e-35,-0.0217869085074461
759.3,-0.587117485134255,-0.587117485134255,-0.021757884345917,-3.35657876200497e-35,-0.021757884345917
759.4,0.308064764013539,0.308064764013539,-0.0217288988498991,-3.31310814943085e-35,-0.0217288988498991
759.5,-0.465047178432274,-0.465047178432274,-0.0216999519678827,-3.2702005190751e-35,-0.0216999519678827
759.6,0.796345990821429,0.796345990821429,-0.0216710436484269,-3.22784857982859e-35,-0.0216710436484269
759.7,1.48807772879927,1.48807772879927,-0.0216421738401592,-3.18604513500849e-35,-0.0216421738401592
759.8,1.61014803550124,1.61014803550124,-0.0216133424917758,-3.14478308113525e-35,-0.0216133424917758
759.9,1.16255691092735,1.16255691092735,-0.0215845495520409,-3.10405540672544e-35,-0.0215845495520409
760,0.34875486624753,0.34875486624753,-0.0215557949697873,-3.0638551911006e-35,-0.0215557949697873
760.1,0.389444968481518,0.389444968481518,-0.0215270786939157,-3.02417560321089e-35,-0.0215270786939157
760.2,1.3660074220973,1.3660074220973,-0.0214984006733949,-2.9850099004747e-35,-0.0214984006733949
760.3,1.40669752433129,1.40669752433129,-0.0214697608572619,-2.94635142763253e-35,-0.0214697608572619
760.4,1.08117670645937,1.08117670645937,-0.0214411591946213,-2.90819361561639e-35,-0.0214411591946213
760.5,0.267374661779554,0.267374661779554,-0.0214125956346458,-2.87052998043344e-35,-0.0214125956346458
760.6,0.430135070715511,0.430135070715511,-0.0213840701265755,-2.8333541220641e-35,-0.0213840701265755
760.7,1.24393711539533,1.24393711539533,-0.0213555826197183,-2.79665972337461e-35,-0.0213555826197183
760.8,0.837036093055415,0.837036093055415,-0.0213271330634497,-2.76044054904367e-35,-0.0213271330634497
760.9,0.267374661779544,0.267374661779544,-0.0212987214072125,-2.72469044450275e-35,-0.0212987214072125
761,-1.68575024545199,-1.68575024545199,-0.021270347600517,-2.68940333489043e-35,-0.021270347600517
761.1,0.592895479651472,0.592895479651472,-0.0212420115929404,-2.65457322401978e-35,-0.0212420115929404
761.2,1.3660074220973,1.3660074220973,-0.0212137133341276,-2.62019419335995e-35,-0.0212137133341276
761.3,1.12186680869336,1.12186680869336,-0.0211854527737902,-2.5862604010301e-35,-0.0211854527737902
761.4,1.61014803550124,1.61014803550124,-0.0211572298617069,-2.55276608080691e-35,-0.0211572298617069
761.5,2.26118967124509,2.26118967124509,-0.0211290445477234,-2.51970554114455e-35,-0.0211290445477234
761.6,1.61014803550124,1.61014803550124,-0.021100896781752,-2.48707316420766e-35,-0.021100896781752
761.7,1.32531731986331,1.32531731986331,-0.021072786513772,-2.45486340491684e-35,-0.021072786513772
761.8,0.226684559545559,0.226684559545559,-0.021044713693829,-2.42307079000623e-35,-0.021044713693829
761.9,1.48807772879927,1.48807772879927,-0.0210166782720355,-2.39168991709348e-35,-0.0210166782720355
762,0.308064764013537,0.308064764013537,-0.0209886801985704,-2.36071545376186e-35,-0.0209886801985704
762.1,-1.645060143218,-1.645060143218,-0.0209607194236786,-2.33014213665399e-35,-0.0209607194236786
762.2,-0.0581461560923766,-0.0581461560923766,-0.0209327958976717,-2.29996477057764e-35,-0.0209327958976717
762.3,-1.44160963204804,-1.44160963204804,-0.0209049095709273,-2.27017822762272e-35,-0.0209049095709273
762.4,-1.68575024545199,-1.68575024545199,-0.0208770603938892,-2.24077744629014e-35,-0.0208770603938892
762.5,-0.261596667262329,-0.261596667262329,-0.0208492483170672,-2.2117574306316e-35,-0.0208492483170672
762.6,0.430135070715513,0.430135070715513,-0.0208214732910369,-2.18311324940062e-35,-0.0208214732910369
762.7,0.38944496848152,0.38944496848152,-0.02079373526644,-2.15484003521466e-35,-0.02079373526644
762.8,-0.62780758736824,-0.62780758736824,-0.0207660341939836,-2.12693298372805e-35,-0.0207660341939836
762.9,-0.180216462794348,-0.180216462794348,-0.0207383700244408,-2.09938735281557e-35,-0.0207383700244408
763,-0.871948200772183,-0.871948200772183,-0.0207107427086501,-2.07219846176668e-35,-0.0207107427086501
763.1,-0.0174560538583814,-0.0174560538583814,-0.0206831521975156,-2.04536169048996e-35,-0.0206831521975156
763.2,1.08117670645937,1.08117670645937,-0.0206555984420066,-2.01887247872833e-35,-0.0206555984420066
763.3,-1.27884922311208,-1.27884922311208,-0.020628081393158,-1.99272632528397e-35,-0.020628081393158
763.4,-1.03470860970814,-1.03470860970814,-0.0206006010020697,-1.96691878725351e-35,-0.0206006010020697
763.5,-0.91263830300618,-0.91263830300618,-0.0205731572199069,-1.94144547927298e-35,-0.0205731572199069
763.6,-0.627807587368243,-0.627807587368243,-0.0205457499978998,-1.91630207277269e-35,-0.0205457499978998
763.7,-0.627807587368236,-0.627807587368236,-0.0205183792873435,-1.89148429524173e-35,-0.0205183792873435
763.8,-0.505737280666267,-0.505737280666267,-0.020491045039598,-1.86698792950194e-35,-0.020491045039598
763.9,0.714965786353449,0.714965786353449,-0.0204637472060883,-1.84280881299119e-35,-0.0204637472060883
764,0.796345990821434,0.796345990821434,-0.0204364857383038,-1.81894283705626e-35,-0.0204364857383038
764.1,-0.709187791836219,-0.709187791836219,-0.0204092605877988,-1.79538594625445e-35,-0.0204092605877988
764.2,0.918416297523401,0.918416297523401,-0.020382071706192,-1.77213413766467e-35,-0.020382071706192
764.3,1.56945793326725,1.56945793326725,-0.0203549190451664,-1.74918346020705e-35,-0.0203549190451664
764.4,0.511515275183496,0.511515275183496,-0.0203278025564698,-1.7265300139717e-35,-0.0203278025564698
764.5,-0.139526360560355,-0.139526360560355,-0.0203007221919138,-1.70416994955595e-35,-0.0203007221919138
764.6,-0.790567996304202,-0.790567996304202,-0.0202736779033746,-1.68209946741021e-35,-0.0202736779033746
764.7,0.877726195289405,0.877726195289405,-0.0202466696427921,-1.66031481719234e-35,-0.0202466696427921
764.8,1.3660074220973,1.3660074220973,-0.0202196973621706,-1.63881229713045e-35,-0.0202196973621706
764.9,0.308064764013537,0.308064764013537,-0.0201927610135782,-1.61758825339379e-35,-0.0201927610135782
765,-1.68575024545199,-1.68575024545199,-0.0201658605491468,-1.59663907947193e-35,-0.0201658605491468
765.1,-1.52298983651603,-1.52298983651603,-0.020138995921072,-1.57596121556177e-35,-0.020138995921072
765.2,-0.668497689602231,-0.668497689602231,-0.0201121670816134,-1.55555114796285e-35,-0.0201121670816134
765.3,-0.505737280666274,-0.505737280666274,-0.0200853739830939,-1.53540540848019e-35,-0.0200853739830939
765.4,0.0639241506095994,0.0639241506095994,-0.0200586165779,-1.51552057383493e-35,-0.0200586165779
765.5,-1.52298983651603,-1.52298983651603,-0.0200318948184817,-1.49589326508263e-35,-0.0200318948184817
765.6,-1.23815912087809,-1.23815912087809,-0.0200052086573521,-1.4765201470391e-35,-0.0200052086573521
765.7,-0.587117485134248,-0.587117485134248,-0.019978558047088,-1.45739792771375e-35,-0.019978558047088
765.8,0.633585581885468,0.633585581885468,-0.0199519429403289,-1.4385233577501e-35,-0.0199519429403289
765.9,1.08117670645937,1.08117670645937,-0.0199253632897777,-1.41989322987361e-35,-0.0199253632897777
766,-1.36022942758006,-1.36022942758006,-0.0198988190482003,-1.40150437834683e-35,-0.0198988190482003
766.1,-1.11608881417612,-1.11608881417612,-0.0198723101684254,-1.38335367843126e-35,-0.0198723101684254
766.2,-0.994018507474152,-0.994018507474152,-0.0198458366033445,-1.36543804585658e-35,-0.0198458366033445
766.3,-1.84851065438795,-1.84851065438795,-0.0198193983059119,-1.34775443629635e-35,-0.0198193983059119
766.4,-1.36022942758006,-1.36022942758006,-0.0197929952291449,-1.33029984485087e-35,-0.0197929952291449
766.5,-1.03470860970814,-1.03470860970814,-0.0197666273261229,-1.31307130553652e-35,-0.0197666273261229
766.6,-1.44160963204805,-1.44160963204805,-0.019740294549988,-1.29606589078168e-35,-0.019740294549988
766.7,-0.342976871730307,-0.342976871730307,-0.0197139968539448,-1.27928071092935e-35,-0.0197139968539448
766.8,0.226684559545559,0.226684559545559,-0.0196877341912602,-1.26271291374613e-35,-0.0196877341912602
766.9,-1.48229973428203,-1.48229973428203,-0.0196615065152633,-1.24635968393749e-35,-0.0196615065152633
767,-2.58093249459978,-2.58093249459978,-0.0196353137793454,-1.23021824266947e-35,-0.0196353137793454
767.1,0.267374661779556,0.267374661779556,-0.0196091559369599,-1.2142858470963e-35,-0.0196091559369599
767.2,-0.912638303006173,-0.912638303006173,-0.0195830329416222,-1.19855978989457e-35,-0.0195830329416222
767.3,-2.17403147225987,-2.17403147225987,-0.0195569447469097,-1.183037398803e-35,-0.0195569447469097
767.4,-1.36022942758007,-1.36022942758007,-0.0195308913064615,-1.16771603616845e-35,-0.0195308913064615
767.5,1.48807772879927,1.48807772879927,-0.0195048725739786,-1.15259309849768e-35,-0.0195048725739786
767.6,0.714965786353451,0.714965786353451,-0.0194788885032236,-1.13766601601489e-35,-0.0194788885032236
767.7,0.185994457311575,0.185994457311575,-0.0194529390480207,-1.12293225222516e-35,-0.0194529390480207
767.8,-0.627807587368238,-0.627807587368238,-0.0194270241622557,-1.1083893034834e-35,-0.0194270241622557
767.9,-0.465047178432281,-0.465047178432281,-0.0194011437998756,-1.09403469856889e-35,-0.0194011437998756
768,-0.912638303006171,-0.912638303006171,-0.0193752979148891,-1.07986599826533e-35,-0.0193752979148891
768.1,-2.90645331247171,-2.90645331247171,-0.0193494864613659,-1.06588079494641e-35,-0.0193494864613659
768.2,-2.9471434147057,-2.9471434147057,-0.0193237093934369,-1.05207671216669e-35,-0.0193237093934369
768.3,-0.342976871730305,-0.342976871730305,-0.0192979666652943,-1.03845140425778e-35,-0.0192979666652943
768.4,-0.261596667262324,-0.261596667262324,-0.0192722582311911,-1.02500255592966e-35,-0.0192722582311911
768.5,-2.0519611655579,-2.0519611655579,-0.0192465840454414,-1.01172788187741e-35,-0.0192465840454414
768.6,-3.47611474374757,-3.47611474374757,-0.0192209440624202,-9.98625126392746e-36,-0.0192209440624202
768.7,-2.0519611655579,-2.0519611655579,-0.019195338236563,-9.856920629808e-36,-0.019195338236563
768.8,-0.383666973964298,-0.383666973964298,-0.0191697665223662,-9.72926493981705e-36,-0.0191697665223662
768.9,0.877726195289412,0.877726195289412,-0.019144228874387,-9.6032625019724e-36,-0.019144228874387
769,-0.220906565028331,-0.220906565028331,-0.0191187252472428,-9.47889190522183e-36,-0.0191187252472428
769.1,-1.19746901864411,-1.19746901864411,-0.0190932555956117,-9.35613201580463e-36,-0.0190932555956117
769.2,-0.383666973964295,-0.383666973964295,-0.0190678198742318,-9.23496197366062e-36,-0.0190678198742318
769.3,-0.912638303006176,-0.912638303006176,-0.0190424180379022,-9.11536118888583e-36,-0.0190424180379022
769.4,-1.76713044991997,-1.76713044991997,-0.0190170500414814,-8.9973093382333e-36,-0.0190170500414814
769.5,-2.70300280130175,-2.70300280130175,-0.0189917158398887,-8.88078636166004e-36,-0.0189917158398887
769.6,-0.546427382900259,-0.546427382900259,-0.0189664153881031,-8.76577245891727e-36,-0.0189664153881031
769.7,-0.0988362583263575,-0.0988362583263575,-0.0189411486411636,-8.65224808618743e-36,-0.0189411486411636
769.8,-1.11608881417612,-1.11608881417612,-0.0189159155541693,-8.54019395276213e-36,-0.0189159155541693
769.9,-2.09265126779189,-2.09265126779189,-0.0188907160822788,-8.42959101776452e-36,-0.0188907160822788
770,-1.11608881417612,-1.11608881417612,-0.0188655501807107,-8.32042048691345e-36,-0.0188655501807107
770.1,0.796345990821432,0.796345990821432,-0.0188404178047432,-8.21266380933001e-36,-0.0188404178047432
770.2,-0.261596667262324,-0.261596667262324,-0.018815318909714,-8.10630267438556e-36,-0.018815318909714
770.3,-1.92989085885593,-1.92989085885593,-0.0187902534510203,-8.00131900859001e-36,-0.0187902534510203
770.4,-1.36022942758006,-1.36022942758006,-0.0187652213841189,-7.89769497252032e-36,-0.0187652213841189
770.5,-1.84851065438795,-1.84851065438795,-0.0187402226645257,-7.79541295778996e-36,-0.0187402226645257
770.6,-1.40091952981406,-1.40091952981406,-0.018715257247816,-7.69445558405584e-36,-0.018715257247816
770.7,-1.68575024545199,-1.68575024545199,-0.0186903250896242,-7.59480569606588e-36,-0.0186903250896242
770.8,0.918416297523405,0.918416297523405,-0.0186654261456438,-7.49644636074298e-36,-0.0186654261456438
770.9,-0.505737280666262,-0.505737280666262,-0.0186405603716276,-7.39936086430844e-36,-0.0186405603716276
771,-1.23815912087809,-1.23815912087809,-0.0186157277233869,-7.30353270944151e-36,-0.0186157277233869
771.1,-0.505737280666274,-0.505737280666274,-0.0185909281567921,-7.20894561247588e-36,-0.0185909281567921
771.2,-2.01127106332391,-2.01127106332391,-0.0185661616277725,-7.11558350063286e-36,-0.0185661616277725
771.3,-2.54024239236579,-2.54024239236579,-0.0185414280923159,-7.02343050929046e-36,-0.0185414280923159
771.4,-2.17403147225987,-2.17403147225987,-0.0185167275064688,-6.93247097928718e-36,-0.0185167275064688
771.5,-2.66231269906777,-2.66231269906777,-0.0184920598263364,-6.8426894542615e-36,-0.0184920598263364
771.6,-1.44160963204804,-1.44160963204804,-0.0184674250080821,-6.75407067802463e-36,-0.0184674250080821
771.7,-0.709187791836221,-0.709187791836221,-0.0184428230079279,-6.66659959196926e-36,-0.0184428230079279
771.8,-0.546427382900257,-0.546427382900257,-0.018418253782154,-6.58026133250995e-36,-0.018418253782154
771.9,-1.44160963204805,-1.44160963204805,-0.0183937172870991,-6.49504122855769e-36,-0.0183937172870991
772,-1.03470860970814,-1.03470860970814,-0.0183692134791597,-6.41092479902665e-36,-0.0183692134791597
772.1,-1.84851065438796,-1.84851065438796,-0.0183447423147906,-6.32789775037365e-36,-0.0183447423147906
772.2,-3.7609454593855,-3.7609454593855,-0.0183203037505045,-6.2459459741695e-36,-0.0183203037505045
772.3,-3.19128402810964,-3.19128402810964,-0.0182958977428723,-6.16505554470142e-36,-0.0182958977428723
772.4,-1.88920075662195,-1.88920075662195,-0.0182715242485224,-6.08521271660646e-36,-0.0182715242485224
772.5,-3.10990382364166,-3.10990382364166,-0.0182471832241412,-6.00640392253643e-36,-0.0182471832241412
772.6,-1.56367993875002,-1.56367993875002,-0.0182228746264728,-5.92861577085171e-36,-0.0182228746264728
772.7,0.430135070715518,0.430135070715518,-0.0181985984123187,-5.85183504334643e-36,-0.0181985984123187
772.8,-0.953328405240166,-0.953328405240166,-0.0181743545385382,-5.77604869300162e-36,-0.0181743545385382
772.9,-1.645060143218,-1.645060143218,-0.018150142962048,-5.7012438417688e-36,-0.018150142962048
773,-2.29610177896185,-2.29610177896185,-0.0181259636398222,-5.62740777838142e-36,-0.0181259636398222
773.1,-4.12715637949142,-4.12715637949142,-0.0181018165288922,-5.55452795619471e-36,-0.0181018165288922
773.2,-4.73750791300128,-4.73750791300128,-0.0180777015863466,-5.48259199105386e-36,-0.0180777015863466
773.3,-2.25541167672785,-2.25541167672785,-0.0180536187693312,-5.41158765918977e-36,-0.0180536187693312
773.4,-2.33679188119583,-2.33679188119583,-0.018029568035049,-5.34150289514173e-36,-0.018029568035049
773.5,-3.10990382364165,-3.10990382364165,-0.0180055493407597,-5.27232578970736e-36,-0.0180055493407597
773.6,-2.66231269906776,-2.66231269906776,-0.0179815626437804,-5.20404458791835e-36,-0.0179815626437804
773.7,-2.54024239236579,-2.54024239236579,-0.0179576079014846,-5.13664768704391e-36,-0.0179576079014846
773.8,-2.37748198342983,-2.37748198342983,-0.0179336850713029,-5.07012363461854e-36,-0.0179336850713029
773.9,-4.16784648172542,-4.16784648172542,-0.0179097941107225,-5.00446112649621e-36,-0.0179097941107225
774,-3.19128402810963,-3.19128402810963,-0.0178859349772872,-4.93964900492924e-36,-0.0178859349772872
774.1,-2.41817208566382,-2.41817208566382,-0.0178621076285975,-4.87567625667251e-36,-0.0178621076285975
774.2,-2.21472157449386,-2.21472157449386,-0.0178383120223101,-4.8125320111121e-36,-0.0178383120223101
774.3,-3.51680484598156,-3.51680484598156,-0.0178145481161385,-4.75020553841803e-36,-0.0178145481161385
774.4,-3.27266423257762,-3.27266423257762,-0.0177908158678522,-4.68868624772071e-36,-0.0177908158678522
774.5,-3.31335433481161,-3.31335433481161,-0.0177671152352772,-4.6279636853118e-36,-0.0177671152352772
774.6,-4.00508607278945,-4.00508607278945,-0.0177434461762953,-4.56802753286729e-36,-0.0177434461762953
774.7,-3.59818505044954,-3.59818505044954,-0.017719808648845,-4.50886760569473e-36,-0.017719808648845
774.8,-3.43542464151358,-3.43542464151358,-0.0176962026109204,-4.45047385100199e-36,-0.0176962026109204
774.9,-3.88301576608748,-3.88301576608748,-0.0176726280205716,-4.39283634618956e-36,-0.0176726280205716
775,-2.45886218789781,-2.45886218789781,-0.0176490848359047,-4.33594529716419e-36,-0.0176490848359047
775.1,-1.31953932534608,-1.31953932534608,-0.0176255730150816,-4.27979103667455e-36,-0.0176255730150816
775.2,-2.4995522901318,-2.4995522901318,-0.0176020925163198,-4.22436402266862e-36,-0.0176020925163198
775.3,-1.36022942758006,-1.36022942758006,-0.0175786432978927,-4.16965483667234e-36,-0.0175786432978927
775.4,0.714965786353451,0.714965786353451,-0.0175552253181291,-4.11565418218905e-36,-0.0175552253181291
775.5,0.714965786353449,0.714965786353449,-0.0175318385354133,-4.06235288311989e-36,-0.0175318385354133
775.6,1.65083813773524,1.65083813773524,-0.0175084829081852,-4.00974188220413e-36,-0.0175084829081852
775.7,2.54602038688303,2.54602038688303,-0.0174851583949399,-3.95781223948078e-36,-0.0174851583949399
775.8,3.03430161369091,3.03430161369091,-0.0174618649542279,-3.90655513076899e-36,-0.0174618649542279
775.9,2.42395008018105,2.42395008018105,-0.017438602544655,-3.85596184616879e-36,-0.017438602544655
776,2.09842926230913,2.09842926230913,-0.0174153711248818,-3.80602378858087e-36,-0.0174153711248818
776.1,2.34256987571307,2.34256987571307,-0.0173921706536243,-3.75673247224583e-36,-0.0173921706536243
776.2,5.35363744102836,5.35363744102836,-0.0173690010896534,-3.70807952130234e-36,-0.0173690010896534
776.3,5.31294733879438,5.31294733879438,-0.0173458623917949,-3.66005666836375e-36,-0.0173458623917949
776.4,5.02811662315645,5.02811662315645,-0.0173227545189295,-3.61265575311309e-36,-0.0173227545189295
776.5,3.76672345390274,3.76672345390274,-0.0172996774299927,-3.56586872091682e-36,-0.0172996774299927
776.6,5.15018692985842,5.15018692985842,-0.0172766310839746,-3.51968762145568e-36,-0.0172766310839746
776.7,5.02811662315644,5.02811662315644,-0.0172536154399199,-3.47410460737415e-36,-0.0172536154399199
776.8,4.01086406730668,4.01086406730668,-0.017230630456928,-3.4291119329466e-36,-0.017230630456928
776.9,4.21431457847664,4.21431457847664,-0.0172076760941529,-3.38470195276144e-36,-0.0172076760941529
777,4.33638488517861,4.33638488517861,-0.0171847523108027,-3.34086712042178e-36,-0.0171847523108027
777.1,4.13293437400866,4.13293437400866,-0.01716185906614,-3.29759998726304e-36,-0.01716185906614
777.2,3.11568181815889,3.11568181815889,-0.0171389963194816,-3.25489320108732e-36,-0.0171389963194816
777.3,4.66190570305053,4.66190570305053,-0.0171161640301987,-3.21273950491418e-36,-0.0171161640301987
777.4,4.09224427177466,4.09224427177466,-0.0170933621577165,-3.17113173574734e-36,-0.0170933621577165
777.5,3.03430161369091,3.03430161369091,-0.017070590661514,-3.1300628233576e-36,-0.017070590661514
777.6,3.23775212486086,3.23775212486086,-0.0170478495011247,-3.08952578908116e-36,-0.0170478495011247
777.7,4.13293437400865,4.13293437400865,-0.0170251386361356,-3.0495137446342e-36,-0.0170251386361356
777.8,4.70259580528452,4.70259580528452,-0.0170024580261876,-3.01001989094211e-36,-0.0170024580261876
777.9,6.0453691790062,6.0453691790062,-0.0169798076309755,-2.97103751698424e-36,-0.0169798076309755
778,4.21431457847663,4.21431457847663,-0.0169571874102478,-2.93255999865338e-36,-0.0169571874102478
778.1,3.97017396507269,3.97017396507269,-0.0169345973238065,-2.89458079763031e-36,-0.0169345973238065
778.2,3.31913232932885,3.31913232932885,-0.0169120373315071,-2.85709346027278e-36,-0.0169120373315071
778.3,3.76672345390274,3.76672345390274,-0.0168895073932587,-2.82009161651881e-36,-0.0168895073932587
778.4,3.07499171592491,3.07499171592491,-0.016867007469024,-2.78356897880418e-36,-0.016867007469024
778.5,3.64465314720077,3.64465314720077,-0.0168445375188186,-2.7475193409942e-36,-0.0168445375188186
778.6,5.84191866783625,5.84191866783625,-0.0168220975027116,-2.7119365773289e-36,-0.0168220975027116
778.7,4.01086406730668,4.01086406730668,-0.0167996873808254,-2.67681464138236e-36,-0.0167996873808254
778.8,3.76672345390274,3.76672345390274,-0.0167773071133353,-2.64214756503499e-36,-0.0167773071133353
778.9,4.70259580528452,4.70259580528452,-0.0167549566604698,-2.60792945745964e-36,-0.0167549566604698
779,3.97017396507269,3.97017396507269,-0.0167326359825105,-2.5741545041205e-36,-0.0167326359825105
779.1,4.49914529411457,4.49914529411457,-0.0167103450397915,-2.54081696578498e-36,-0.0167103450397915
779.2,3.9294838628387,3.9294838628387,-0.0166880837927001,-2.50791117754852e-36,-0.0166880837927001
779.3,3.72603335166875,3.72603335166875,-0.0166658522016764,-2.47543154787211e-36,-0.0166658522016764
779.4,3.35982243156283,3.35982243156283,-0.0166436502272129,-2.44337255763195e-36,-0.0166436502272129
779.5,3.68534324943475,3.68534324943475,-0.016621477829855,-2.4117287591818e-36,-0.016621477829855
779.6,4.29569478294462,4.29569478294462,-0.0165993349702006,-2.38049477542694e-36,-0.0165993349702006
779.7,3.40051253379682,3.40051253379682,-0.0165772216088999,-2.34966529891092e-36,-0.0165772216088999
779.8,4.09224427177466,4.09224427177466,-0.0165551377066558,-2.31923509091338e-36,-0.0165551377066558
779.9,3.40051253379683,3.40051253379683,-0.0165330832242234,-2.28919898056e-36,-0.0165330832242234
780,2.87154120475495,2.87154120475495,-0.0165110581224102,-2.25955186394369e-36,-0.0165110581224102
780.1,3.9294838628387,3.9294838628387,-0.0164890623620756,-2.2302887032574e-36,-0.0164890623620756
780.2,4.13293437400865,4.13293437400865,-0.0164670959041316,-2.20140452593813e-36,-0.0164670959041316
780.3,4.70259580528452,4.70259580528452,-0.0164451587095419,-2.17289442382189e-36,-0.0164451587095419
780.4,3.40051253379682,3.40051253379682,-0.0164232507393224,-2.14475355230958e-36,-0.0164232507393224
780.5,3.68534324943475,3.68534324943475,-0.0164013719545409,-2.116977129544e-36,-0.0164013719545409
780.6,3.72603335166874,3.72603335166874,-0.0163795223163169,-2.08956043559703e-36,-0.0163795223163169
780.7,3.84810365837072,3.84810365837072,-0.016357701785822,-2.06249881166785e-36,-0.016357701785822
780.8,5.59777805443232,5.59777805443232,-0.0163359103242792,-2.03578765929103e-36,-0.0163359103242792
780.9,4.94673641868847,4.94673641868847,-0.0163141478929635,-2.00942243955537e-36,-0.0163141478929635
781,3.11568181815888,3.11568181815888,-0.0162924144532012,-1.9833986723325e-36,-0.0162924144532012
781.1,2.01704905784115,2.01704905784115,-0.0162707099663702,-1.95771193551555e-36,-0.0162707099663702
781.2,4.09224427177466,4.09224427177466,-0.0162490343938999,-1.93235786426778e-36,-0.0162490343938999
781.3,4.25500468071063,4.25500468071063,-0.0162273876972711,-1.90733215028094e-36,-0.0162273876972711
781.4,2.91223130698894,2.91223130698894,-0.0162057698380159,-1.88263054104309e-36,-0.0162057698380159
781.5,3.64465314720078,3.64465314720078,-0.0161841807777177,-1.85824883911606e-36,-0.0161841807777177
781.6,3.80741355613673,3.80741355613673,-0.0161626204780107,-1.834182901422e-36,-0.0161626204780107
781.7,3.76672345390274,3.76672345390274,-0.0161410889005808,-1.81042863853968e-36,-0.0161410889005808
781.8,3.40051253379683,3.40051253379683,-0.0161195860071646,-1.78698201400937e-36,-0.0161195860071646
781.9,2.54602038688302,2.54602038688302,-0.0160981117595497,-1.76383904364701e-36,-0.0160981117595497
782,1.89497875113918,1.89497875113918,-0.0160766661195745,-1.74099579486723e-36,-0.0160766661195745
782.1,1.65083813773523,1.65083813773523,-0.0160552490491286,-1.71844838601492e-36,-0.0160552490491286
782.2,3.23775212486086,3.23775212486086,-0.016033860510152,-1.6961929857059e-36,-0.016033860510152
782.3,4.3770749874126,4.3770749874126,-0.0160125004646356,-1.67422581217573e-36,-0.0160125004646356
782.4,3.19706202262687,3.19706202262687,-0.0159911688746209,-1.65254313263711e-36,-0.0159911688746209
782.5,1.48807772879927,1.48807772879927,-0.0159698657021999,-1.63114126264555e-36,-0.0159698657021999
782.6,2.95292140922294,2.95292140922294,-0.0159485909095152,-1.61001656547328e-36,-0.0159485909095152
782.7,4.41776508964658,4.41776508964658,-0.0159273444587596,-1.58916545149141e-36,-0.0159273444587596
782.8,2.91223130698895,2.91223130698895,-0.0159061263121767,-1.56858437755984e-36,-0.0159061263121767
782.9,2.2204995690111,2.2204995690111,-0.01588493643206,-1.54826984642515e-36,-0.01588493643206
783,3.44120263603081,3.44120263603081,-0.0158637747807535,-1.52821840612648e-36,-0.0158637747807535
783.1,2.627400591351,2.627400591351,-0.0158426413206511,-1.50842664940877e-36,-0.0158426413206511
783.2,1.36600742209731,1.36600742209731,-0.015821536014197,-1.48889121314397e-36,-0.015821536014197
783.3,0.837036093055419,0.837036093055419,-0.0158004588238854,-1.46960877775937e-36,-0.0158004588238854
783.4,0.592895479651477,0.592895479651477,-0.0157794097122603,-1.45057606667369e-36,-0.0157794097122603
783.5,0.633585581885465,0.633585581885465,-0.015758388641916,-1.43178984574021e-36,-0.015758388641916
783.6,0.308064764013544,0.308064764013544,-0.0157373955754961,-1.41324692269718e-36,-0.0157373955754961
783.7,1.52876783103326,1.52876783103326,-0.0157164304756944,-1.39494414662542e-36,-0.0157164304756944
783.8,2.30187977347908,2.30187977347908,-0.0156954933052541,-1.37687840741293e-36,-0.0156954933052541
783.9,1.32531731986331,1.32531731986331,-0.0156745840269683,-1.35904663522635e-36,-0.0156745840269683
784,2.34256987571307,2.34256987571307,-0.0156537026036795,-1.34144579998936e-36,-0.0156537026036795
784.1,1.69152823996922,1.69152823996922,-0.0156328489982797,-1.32407291086765e-36,-0.0156328489982797
784.2,2.01704905784114,2.01704905784114,-0.0156120231737103,-1.30692501576094e-36,-0.0156120231737103
784.3,2.99361151145692,2.99361151145692,-0.0155912250929622,-1.28999920080116e-36,-0.0155912250929622
