"x","y","yfilter","yfit","yfit1","yfit2"
0,-2.48256824145934,-2.48256824145934,0,0,0
0.1,-3.33706038837314,-3.33706038837314,0,0,0
0.2,-3.19057602033078,-3.19057602033078,0,0,0
0.3,-3.75209943115984,-3.75209943115984,0,0,0
0.4,-2.6290526095017,-2.6290526095017,0,0,0
0.5,-1.89663076928987,-1.89663076928987,0,0,0
0.6,-1.67690421722633,-1.67690421722633,0,0,0
0.7,-2.75112291620368,-2.75112291620368,0,0,0
0.8,-3.0685057136288,-3.0685057136288,0,0,0
0.9,-3.63002912445788,-3.63002912445788,0,0,0
1,-4.26479471930813,-4.26479471930813,0,0,0
1.1,-2.06752919867263,-2.06752919867263,0,0,0
1.2,-3.60561506311748,-3.60561506311748,0,0,0
1.3,-3.82534161518103,-3.82534161518103,0,0,0
1.4,-4.24038065796773,-4.24038065796773,0,0,0
1.5,-4.87514625281798,-4.87514625281798,0,0,0
1.6,-3.70327130847906,-3.70327130847906,0,0,0
1.7,-1.99428701465146,-1.99428701465146,0,0,0
1.8,-2.84877916156526,-2.84877916156526,0,0,0
1.9,-3.31264632703275,-3.31264632703275,0,0,0
2,-3.33706038837314,-3.33706038837314,0,0,0
2.1,-2.87319322290565,-2.87319322290565,0,0,0
2.2,-3.67885724713866,-3.67885724713866,0,0,0
2.3,-4.53334939405246,-4.53334939405246,0,0,0
2.4,-4.19155253528694,-4.19155253528694,0,0,0
2.5,-3.63002912445787,-3.63002912445787,0,0,0
2.6,-2.58022448682091,-2.58022448682091,0,0,0
2.7,-2.94643540692683,-2.94643540692683,0,0,0
2.8,-3.36147444971354,-3.36147444971354,0,0,0
2.9,-3.53237287909629,-3.53237287909629,0,0,0
3,-3.4835447564155,-3.4835447564155,0,0,0
3.1,-2.55581042548052,-2.55581042548052,0,0,0
3.2,-2.6534666708421,-2.6534666708421,0,0,0
3.3,-2.87319322290565,-2.87319322290565,0,0,0
3.4,-1.70131827856672,-1.70131827856672,0,0,0
3.5,-3.28823226569235,-3.28823226569235,0,0,0
3.6,-3.77651349250024,-3.77651349250024,0,0,0
3.7,-3.63002912445787,-3.63002912445787,0,0,0
3.8,-1.60366203320514,-1.60366203320514,0,0,0
3.9,-3.0440916522884,-3.0440916522884,0,0,0
4,-3.38588851105393,-3.38588851105393,0,0,0
4.1,-1.92104483063027,-1.92104483063027,0,0,0
4.2,-1.40834954248199,-1.40834954248199,0,0,0
4.3,-2.40932605743816,-2.40932605743816,0,0,0
4.4,-4.06948222858497,-4.06948222858497,0,0,0
4.5,-3.99624004456379,-3.99624004456379,0,0,0
4.6,-2.6534666708421,-2.6534666708421,0,0,0
4.7,-2.99526352960762,-2.99526352960762,0,0,0
4.8,-2.89760728424604,-2.89760728424604,0,0,0
4.9,-3.72768536981945,-3.72768536981945,0,0,0
5,-4.3868650260101,-4.3868650260101,0,0,0
5.1,-2.89760728424604,-2.89760728424604,0,0,0
5.2,-1.92104483063027,-1.92104483063027,0,0,0
5.3,-1.89663076928987,-1.89663076928987,0,0,0
5.4,-2.58022448682092,-2.58022448682092,0,0,0
5.5,-3.31264632703274,-3.31264632703274,0,0,0
5.6,-1.57924797186475,-1.57924797186475,0,0,0
5.7,-2.31166981207658,-2.31166981207658,0,0,0
5.8,-1.40834954248199,-1.40834954248199,0,0,0
5.9,-1.40834954248199,-1.40834954248199,0,0,0
6,-4.09389628992537,-4.09389628992537,0,0,0
6.1,-2.18959950537461,-2.18959950537461,0,0,0
6.2,-1.62807609454554,-1.62807609454554,0,0,0
6.3,-0.773583947631735,-0.773583947631735,0,0,0
6.4,-2.60463854816131,-2.60463854816131,0,0,0
6.5,-3.23940414301156,-3.23940414301156,0,0,0
6.6,-3.45913069507511,-3.45913069507511,0,0,0
6.7,-2.214013566715,-2.214013566715,0,0,0
6.8,-2.82436510022486,-2.82436510022486,0,0,0
6.9,-3.45913069507511,-3.45913069507511,0,0,0
7,-2.04311513733224,-2.04311513733224,0,0,0
7.1,-1.57924797186475,-1.57924797186475,0,0,0
7.2,-0.382958966185427,-0.382958966185427,0,0,0
7.3,-1.09096674505686,-1.09096674505686,0,0,0
7.4,-1.33510735846081,-1.33510735846081,0,0,0
7.5,-2.23842762805539,-2.23842762805539,0,0,0
7.6,-3.58120100177708,-3.58120100177708,0,0,0
7.7,-2.75112291620368,-2.75112291620368,0,0,0
7.8,-2.43374011877855,-2.43374011877855,0,0,0
7.9,-2.40932605743816,-2.40932605743816,0,0,0
8,-1.92104483063027,-1.92104483063027,0,0,0
8.1,-0.529443334227791,-0.529443334227791,0,0,0
8.2,-0.920068315674095,-0.920068315674095,0,0,0
8.3,-1.21303705175883,-1.21303705175883,0,0,0
8.4,-0.96889643835489,-0.96889643835489,0,0,0
8.5,-1.43276360382238,-1.43276360382238,0,0,0
8.6,-1.55483391052435,-1.55483391052435,0,0,0
8.7,-0.334130843504639,-0.334130843504639,0,0,0
8.8,0.813330039493895,0.813330039493895,0,0,0
8.9,0.0564941379416766,0.0564941379416766,0,0,0
9,-0.846826131652915,-0.846826131652915,0,0,0
9.1,-0.70034176361055,-0.70034176361055,0,0,0
9.2,-0.846826131652916,-0.846826131652916,0,0,0
9.3,-2.214013566715,-2.214013566715,0,0,0
9.4,-1.94545889197066,-1.94545889197066,0,0,0
9.5,-0.260888659483455,-0.260888659483455,0,0,0
9.6,-0.431787088866214,-0.431787088866214,0,0,0
9.7,-1.50600578784357,-1.50600578784357,0,0,0
9.8,-0.627099579589366,-0.627099579589366,0,0,0
9.9,-1.26186517443962,-1.26186517443962,0,0,0
10,-1.55483391052435,-1.55483391052435,0,0,0
10.1,-0.30971678216424,-0.30971678216424,0,0,0
10.2,0.105322260622459,0.105322260622459,0,0,0
10.3,-0.0899902301006917,-0.0899902301006917,0,0,0
10.4,-0.114404291441089,-0.114404291441089,0,0,0
10.5,-0.627099579589368,-0.627099579589368,0,0,0
10.6,-0.724755824950943,-0.724755824950943,0,0,0
10.7,2.13168935187519,2.13168935187519,0,0,0
10.8,1.13071283691902,1.13071283691902,0,0,0
10.9,-0.11440429144109,-0.11440429144109,0,0,0
11,0.44711911938798,0.44711911938798,0,0,0
11.1,-0.773583947631735,-0.773583947631735,0,0,0
11.2,-1.21303705175883,-1.21303705175883,0,0,0
11.3,-1.50600578784357,-1.50600578784357,0,0,0
11.4,-0.138818352781482,-0.138818352781482,0,0,0
11.5,-0.260888659483453,-0.260888659483453,0,0,0
11.6,0.0809081992820666,0.0809081992820666,0,0,0
11.7,0.178564444643642,0.178564444643642,0,0,0
11.8,0.959814407536267,0.959814407536267,0,0,0
11.9,0.495947242068771,0.495947242068771,0,0,0
12,0.251806628664827,0.251806628664827,0,0,0
12.1,-0.334130843504639,-0.334130843504639,0,0,0
12.2,-0.602685518248971,-0.602685518248971,0,0,0
12.3,-0.236474598143063,-0.236474598143063,0,0,0
12.4,0.44711911938798,0.44711911938798,0,0,0
12.5,0.959814407536264,0.959814407536264,0,0,0
12.6,0.0076660152608803,0.0076660152608803,0,0,0
12.7,0.715673794132319,0.715673794132319,0,0,0
12.8,-0.35854490484503,-0.35854490484503,0,0,0
12.9,-1.09096674505687,-1.09096674505687,0,0,0
13,-1.48159172650317,-1.48159172650317,0,0,0
13.1,0.0320800766012767,0.0320800766012767,0,0,0
13.2,-0.358544904845033,-0.358544904845033,0,0,0
13.3,-1.04213862237608,-1.04213862237608,0,0,0
13.4,0.27622069000522,0.27622069000522,0,0,0
13.5,0.20297850598404,0.20297850598404,0,0,0
13.6,-0.920068315674097,-0.920068315674097,0,0,0
13.7,-2.16518544403421,-2.16518544403421,0,0,0
13.8,-2.43374011877855,-2.43374011877855,0,0,0
13.9,-2.48256824145934,-2.48256824145934,0,0,0
14,-1.09096674505687,-1.09096674505687,0,0,0
14.1,-0.212060536802666,-0.212060536802666,0,0,0
14.2,-0.0655761687602972,-0.0655761687602972,0,0,0
14.3,-0.0655761687602989,-0.0655761687602989,0,0,0
14.4,0.544775364749558,0.544775364749558,0,0,0
14.5,-0.285302720823851,-0.285302720823851,0,0,0
14.6,-0.871240192993312,-0.871240192993312,0,0,0
14.7,-0.18764647546227,-0.18764647546227,0,0,0
14.8,-0.456201150206608,-0.456201150206608,0,0,0
14.9,0.0320800766012738,0.0320800766012738,0,0,0
15,-0.480615211547005,-0.480615211547005,0,0,0
15.1,-1.89663076928987,-1.89663076928987,0,0,0
15.2,-2.60463854816131,-2.60463854816131,0,0,0
15.3,-2.11635732135343,-2.11635732135343,0,0,0
15.4,-0.87124019299331,-0.87124019299331,0,0,0
15.5,-0.0167480460795097,-0.0167480460795097,0,0,0
15.6,0.544775364749561,0.544775364749561,0,0,0
15.7,-0.358544904845029,-0.358544904845029,0,0,0
15.8,0.520361303409161,0.520361303409161,0,0,0
15.9,-0.846826131652916,-0.846826131652916,0,0,0
16,-0.407373027525818,-0.407373027525818,0,0,0
16.1,-0.260888659483452,-0.260888659483452,0,0,0
16.2,-0.0411621074199054,-0.0411621074199054,0,0,0
16.3,0.691259732791926,0.691259732791926,0,0,0
16.4,0.471533180728377,0.471533180728377,0,0,0
16.5,-0.627099579589366,-0.627099579589366,0,0,0
16.6,-0.529443334227789,-0.529443334227789,0,0,0
16.7,-1.43276360382238,-1.43276360382238,0,0,0
16.8,-0.724755824950943,-0.724755824950943,0,0,0
16.9,0.422705058047586,0.422705058047586,0,0,0
17,-1.31069329712041,-1.31069329712041,0,0,0
17.1,-0.70034176361055,-0.70034176361055,0,0,0
17.2,-0.57827145690858,-0.57827145690858,0,0,0
17.3,-1.67690421722633,-1.67690421722633,0,0,0
17.4,-3.0685057136288,-3.0685057136288,0,0,0
17.5,-1.84780264660909,-1.84780264660909,0,0,0
17.6,-0.480615211547002,-0.480615211547002,0,0,0
17.7,-0.74916988629134,-0.74916988629134,0,0,0
17.8,-1.72573233990711,-1.72573233990711,0,0,0
17.9,-2.60463854816131,-2.60463854816131,0,0,0
18,-2.89760728424604,-2.89760728424604,0,0,0
18.1,-2.04311513733224,-2.04311513733224,0,0,0
18.2,-0.236474598143065,-0.236474598143065,0,0,0
18.3,0.93540034619587,0.93540034619587,0,0,0
18.4,-0.45620115020661,-0.45620115020661,0,0,0
18.5,-1.57924797186475,-1.57924797186475,0,0,0
18.6,-0.456201150206608,-0.456201150206608,0,0,0
18.7,-0.236474598143057,-0.236474598143057,0,0,0
18.8,-0.456201150206608,-0.456201150206608,0,0,0
18.9,-1.11538080639726,-1.11538080639726,0,0,0
19,-0.578271456908579,-0.578271456908579,0,0,0
19.1,1.00864253021705,1.00864253021705,0,0,0
19.2,0.00766601526088596,0.00766601526088596,0,0,0
19.3,-1.23745111309923,-1.23745111309923,0,0,0
19.4,0.129736321962858,0.129736321962858,0,0,0
19.5,1.00864253021705,1.00864253021705,0,0,0
19.6,-0.407373027525817,-0.407373027525817,0,0,0
19.7,-0.553857395568188,-0.553857395568188,0,0,0
19.8,-0.505029272887398,-0.505029272887398,0,0,0
19.9,-0.0899902301006967,-0.0899902301006967,0,0,0
20,0.3738769353668,0.3738769353668,0,0,0
20.1,-0.236474598143058,-0.236474598143058,0,0,0
20.2,-0.28530272082385,-0.28530272082385,0,0,0
20.3,0.032080076601276,0.032080076601276,0,0,0
20.4,-2.06752919867263,-2.06752919867263,0,0,0
20.5,-2.70229479352289,-2.70229479352289,0,0,0
20.6,-1.67690421722633,-1.67690421722633,0,0,0
20.7,-0.163232414121875,-0.163232414121875,0,0,0
20.8,-0.334130843504638,-0.334130843504638,0,0,0
20.9,-1.13979486773765,-1.13979486773765,0,0,0
21,0.447119119387981,0.447119119387981,0,0,0
21.1,1.86313467713084,1.86313467713084,0,0,0
21.2,-0.0411621074199019,-0.0411621074199019,0,0,0
21.3,-0.285302720823847,-0.285302720823847,0,0,0
21.4,0.154150383303251,0.154150383303251,0,0,0
21.5,1.03305659155744,1.03305659155744,0,0,0
21.6,1.03305659155744,1.03305659155744,0,0,0
21.7,0.251806628664831,0.251806628664831,0,0,0
21.8,-0.382958966185425,-0.382958966185425,0,0,0
21.9,-0.993310499695283,-0.993310499695283,0,0,0
22,-0.70034176361055,-0.70034176361055,0,0,0
22.1,-0.23647459814306,-0.23647459814306,0,0,0
22.2,-1.3839354811416,-1.3839354811416,0,0,0
22.3,-1.18862299041844,-1.18862299041844,0,0,0
22.4,-0.480615211547004,-0.480615211547004,0,0,0
22.5,-0.822412070312526,-0.822412070312526,0,0,0
22.6,-0.9200683156741,-0.9200683156741,0,0,0
22.7,-0.52944333422779,-0.52944333422779,0,0,0
22.8,0.422705058047586,0.422705058047586,0,0,0
22.9,-0.602685518248973,-0.602685518248973,0,0,0
23,0.691259732791928,0.691259732791928,0,0,0
23.1,1.69223624774809,1.69223624774809,0,0,0
23.2,-0.0655761687603018,-0.0655761687603018,0,0,0
23.3,-0.309716782164243,-0.309716782164243,0,0,0
23.4,0.862158162174688,0.862158162174688,0,0,0
23.5,0.764501916813107,0.764501916813107,0,0,0
23.6,-1.75014640124751,-1.75014640124751,0,0,0
23.7,-1.92104483063027,-1.92104483063027,0,0,0
23.8,-1.06655268371647,-1.06655268371647,0,0,0
23.9,0.398290996707192,0.398290996707192,0,0,0
24,-0.578271456908579,-0.578271456908579,0,0,0
24.1,-0.602685518248972,-0.602685518248972,0,0,0
24.2,-1.21303705175883,-1.21303705175883,0,0,0
24.3,-1.60366203320514,-1.60366203320514,0,0,0
24.4,-1.04213862237607,-1.04213862237607,0,0,0
24.5,-0.505029272887399,-0.505029272887399,0,0,0
24.6,-0.79799800897213,-0.79799800897213,0,0,0
24.7,-0.797998008972127,-0.797998008972127,0,0,0
24.8,0.447119119387981,0.447119119387981,0,0,0
24.9,0.66684567145153,0.66684567145153,0,0,0
25,-0.35854490484503,-0.35854490484503,0,0,0
25.1,-1.06655268371647,-1.06655268371647,0,0,0
25.2,-0.968896438354888,-0.968896438354888,0,0,0
25.3,-1.16420892907805,-1.16420892907805,0,0,0
25.4,-1.3839354811416,-1.3839354811416,0,0,0
25.5,0.349462874026403,0.349462874026403,0,0,0
25.6,0.44711911938798,0.44711911938798,0,0,0
25.7,-0.920068315674096,-0.920068315674096,0,0,0
25.8,-0.920068315674097,-0.920068315674097,0,0,0
25.9,0.0320800766012767,0.0320800766012767,0,0,0
26,-0.0655761687602996,-0.0655761687602996,0,0,0
26.1,-0.553857395568186,-0.553857395568186,0,0,0
26.2,-0.651513640929767,-0.651513640929767,0,0,0
26.3,-0.114404291441089,-0.114404291441089,0,0,0
26.4,0.0809081992820666,0.0809081992820666,0,0,0
26.5,-0.968896438354886,-0.968896438354886,0,0,0
26.6,-2.18959950537461,-2.18959950537461,0,0,0
26.7,-0.944482377014495,-0.944482377014495,0,0,0
26.8,0.276220690005222,0.276220690005222,0,0,0
26.9,-0.431787088866214,-0.431787088866214,0,0,0
27,-0.285302720823852,-0.285302720823852,0,0,0
27.1,-0.82241207031252,-0.82241207031252,0,0,0
27.2,-1.72573233990712,-1.72573233990712,0,0,0
27.3,-1.43276360382238,-1.43276360382238,0,0,0
27.4,-0.846826131652913,-0.846826131652913,0,0,0
27.5,-1.57924797186475,-1.57924797186475,0,0,0
27.6,-0.407373027525816,-0.407373027525816,0,0,0
27.7,-0.797998008972126,-0.797998008972126,0,0,0
27.8,-1.21303705175883,-1.21303705175883,0,0,0
27.9,0.227392567324433,0.227392567324433,0,0,0
28,-0.187646475462269,-0.187646475462269,0,0,0
28.1,-1.11538080639726,-1.11538080639726,0,0,0
28.2,-0.163232414121876,-0.163232414121876,0,0,0
28.3,-0.773583947631734,-0.773583947631734,0,0,0
28.4,-1.16420892907805,-1.16420892907805,0,0,0
28.5,0.227392567324433,0.227392567324433,0,0,0
28.6,-0.431787088866212,-0.431787088866212,0,0,0
28.7,-0.236474598143058,-0.236474598143058,0,0,0
28.8,-0.0899902301006932,-0.0899902301006932,0,0,0
28.9,-1.09096674505686,-1.09096674505686,0,0,0
29,1.15512689825941,1.15512689825941,0,0,0
29.1,0.618017548770745,0.618017548770745,0,0,0
29.2,0.32504881268601,0.32504881268601,0,0,0
29.3,-1.28627923578002,-1.28627923578002,0,0,0
29.4,-3.01967759094801,-3.01967759094801,0,0,0
29.5,-1.72573233990712,-1.72573233990712,0,0,0
29.6,-1.70131827856672,-1.70131827856672,0,0,0
29.7,-0.0167480460795118,-0.0167480460795118,0,0,0
29.8,-0.431787088866215,-0.431787088866215,0,0,0
29.9,-1.11538080639726,-1.11538080639726,0,0,0
30,-2.2384276280554,-2.2384276280554,0,0,0
30.1,-2.45815418011895,-2.45815418011895,0,0,0
30.2,-1.3839354811416,-1.3839354811416,0,0,0
30.3,-0.285302720823846,-0.285302720823846,0,0,0
30.4,-0.163232414121877,-0.163232414121877,0,0,0
30.5,0.00766601526088668,0.00766601526088668,0,0,0
30.6,1.49692375702494,1.49692375702494,0,0,0
30.7,1.03305659155744,1.03305659155744,0,0,0
30.8,0.520361303409166,0.520361303409166,0,0,0
30.9,0.325048812686012,0.325048812686012,0,0,0
31,0.300634751345614,0.300634751345614,0,0,0
31.1,0.251806628664828,0.251806628664828,0,0,0
31.2,-0.309716782164242,-0.309716782164242,0,0,0
31.3,-0.431787088866216,-0.431787088866216,0,0,0
31.4,0.227392567324433,0.227392567324433,0,0,0
31.5,1.42368157300375,1.42368157300375,0,0,0
31.6,0.691259732791926,0.691259732791926,0,0,0
31.7,-0.260888659483452,-0.260888659483452,0,0,0
31.8,-1.18862299041844,-1.18862299041844,0,0,0
31.9,-0.553857395568187,-0.553857395568187,0,0,0
32,1.42368157300375,1.42368157300375,0,0,0
32.1,2.74204088538504,2.74204088538504,0,0,0
32.2,0.178564444643642,0.178564444643642,0,0,0
32.3,-0.993310499695289,-0.993310499695289,0,0,0
32.4,-0.309716782164243,-0.309716782164243,0,0,0
32.5,1.57016594104612,1.57016594104612,0,0,0
32.6,1.59458000238651,1.59458000238651,0,0,0
32.7,0.227392567324432,0.227392567324432,0,0,0
32.8,0.593603487430345,0.593603487430345,0,0,0
32.9,0.398290996707195,0.398290996707195,0,0,0
33,-0.358544904845032,-0.358544904845032,0,0,0
33.1,0.0320800766012767,0.0320800766012767,0,0,0
33.2,-0.773583947631731,-0.773583947631731,0,0,0
33.3,-0.895654254333704,-0.895654254333704,0,0,0
33.4,-0.309716782164241,-0.309716782164241,0,0,0
33.5,0.691259732791926,0.691259732791926,0,0,0
33.6,0.56918942608995,0.56918942608995,0,0,0
33.7,0.544775364749563,0.544775364749563,0,0,0
33.8,0.764501916813107,0.764501916813107,0,0,0
33.9,0.495947242068771,0.495947242068771,0,0,0
34,-1.94545889197066,-1.94545889197066,0,0,0
34.1,-2.48256824145934,-2.48256824145934,0,0,0
34.2,1.00864253021705,1.00864253021705,0,0,0
34.3,-0.382958966185427,-0.382958966185427,0,0,0
34.4,-1.67690421722633,-1.67690421722633,0,0,0
34.5,-1.06655268371647,-1.06655268371647,0,0,0
34.6,0.0809081992820688,0.0809081992820688,0,0,0
34.7,1.30161126630178,1.30161126630178,0,0,0
34.8,0.569189426089954,0.569189426089954,0,0,0
34.9,-0.163232414121876,-0.163232414121876,0,0,0
35,-2.92202134558644,-2.92202134558644,0,0,0
35.1,-2.36049793475736,-2.36049793475736,0,0,0
35.2,-1.72573233990711,-1.72573233990711,0,0,0
35.3,0.15415038330325,0.15415038330325,0,0,0
35.4,1.57016594104612,1.57016594104612,0,0,0
35.5,0.178564444643648,0.178564444643648,0,0,0
35.6,-1.75014640124751,-1.75014640124751,0,0,0
35.7,-2.11635732135343,-2.11635732135343,0,0,0
35.8,-1.50600578784357,-1.50600578784357,0,0,0
35.9,-1.16420892907805,-1.16420892907805,0,0,0
36,-2.18959950537461,-2.18959950537461,0,0,0
36.1,-0.62709957958937,-0.62709957958937,0,0,0
36.2,-0.822412070312525,-0.822412070312525,0,0,0
36.3,-1.16420892907805,-1.16420892907805,0,0,0
36.4,-1.31069329712041,-1.31069329712041,0,0,0
36.5,-1.48159172650317,-1.48159172650317,0,0,0
36.6,-1.87221670794948,-1.87221670794948,0,0,0
36.7,-2.04311513733224,-2.04311513733224,0,0,0
36.8,-1.45717766516278,-1.45717766516278,0,0,0
36.9,-1.38393548114159,-1.38393548114159,0,0,0
37,-0.309716782164242,-0.309716782164242,0,0,0
37.1,-0.553857395568186,-0.553857395568186,0,0,0
37.2,-0.602685518248971,-0.602685518248971,0,0,0
37.3,-1.40834954248199,-1.40834954248199,0,0,0
37.4,-1.89663076928988,-1.89663076928988,0,0,0
37.5,-2.6778807321825,-2.6778807321825,0,0,0
37.6,-2.60463854816131,-2.60463854816131,0,0,0
37.7,-2.214013566715,-2.214013566715,0,0,0
37.8,-1.04213862237608,-1.04213862237608,0,0,0
37.9,-1.26186517443962,-1.26186517443962,0,0,0
38,-1.55483391052435,-1.55483391052435,0,0,0
38.1,-0.480615211547,-0.480615211547,0,0,0
38.2,0.0564941379416716,0.0564941379416716,0,0,0
38.3,-1.18862299041844,-1.18862299041844,0,0,0
38.4,-1.57924797186475,-1.57924797186475,0,0,0
38.5,-0.236474598143057,-0.236474598143057,0,0,0
38.6,-0.0899902301006924,-0.0899902301006924,0,0,0
38.7,-0.920068315674096,-0.920068315674096,0,0,0
38.8,-1.60366203320514,-1.60366203320514,0,0,0
38.9,-1.21303705175884,-1.21303705175884,0,0,0
39,-1.62807609454554,-1.62807609454554,0,0,0
39.1,-1.53041984918396,-1.53041984918396,0,0,0
39.2,-2.04311513733224,-2.04311513733224,0,0,0
39.3,-1.96987295331106,-1.96987295331106,0,0,0
39.4,-2.87319322290565,-2.87319322290565,0,0,0
39.5,-1.99428701465145,-1.99428701465145,0,0,0
39.6,-0.187646475462269,-0.187646475462269,0,0,0
39.7,-0.553857395568184,-0.553857395568184,0,0,0
39.8,-1.09096674505686,-1.09096674505686,0,0,0
39.9,-0.0167480460795069,-0.0167480460795069,0,0,0
40,-0.99331049969528,-0.99331049969528,0,0,0
40.1,-0.96889643835489,-0.96889643835489,0,0,0
40.2,0.0809081992820645,0.0809081992820645,0,0,0
40.3,0.251806628664828,0.251806628664828,0,0,0
40.4,-0.35854490484503,-0.35854490484503,0,0,0
40.5,-0.285302720823847,-0.285302720823847,0,0,0
40.6,-1.28627923578002,-1.28627923578002,0,0,0
40.7,-0.797998008972126,-0.797998008972126,0,0,0
40.8,-1.31069329712041,-1.31069329712041,0,0,0
40.9,-1.57924797186475,-1.57924797186475,0,0,0
41,0.0564941379416732,0.0564941379416732,0,0,0
41.1,-0.309716782164243,-0.309716782164243,0,0,0
41.2,-0.99331049969528,-0.99331049969528,0,0,0
41.3,-0.700341763610554,-0.700341763610554,0,0,0
41.4,-1.23745111309923,-1.23745111309923,0,0,0
41.5,-0.0167480460795112,-0.0167480460795112,0,0,0
41.6,0.422705058047589,0.422705058047589,0,0,0
41.7,0.569189426089953,0.569189426089953,0,0,0
41.8,0.764501916813109,0.764501916813109,0,0,0
41.9,-0.187646475462272,-0.187646475462272,0,0,0
42,-1.18862299041844,-1.18862299041844,0,0,0
42.1,-1.16420892907805,-1.16420892907805,0,0,0
42.2,-1.48159172650317,-1.48159172650317,0,0,0
42.3,-1.48159172650317,-1.48159172650317,0,0,0
42.4,-1.89663076928988,-1.89663076928988,0,0,0
42.5,0.202978505984036,0.202978505984036,0,0,0
42.6,0.569189426089954,0.569189426089954,0,0,0
42.7,-0.382958966185428,-0.382958966185428,0,0,0
42.8,-0.114404291441089,-0.114404291441089,0,0,0
42.9,-1.48159172650317,-1.48159172650317,0,0,0
43,-1.89663076928987,-1.89663076928987,0,0,0
43.1,-1.21303705175884,-1.21303705175884,0,0,0
43.2,-0.846826131652918,-0.846826131652918,0,0,0
43.3,-0.968896438354885,-0.968896438354885,0,0,0
43.4,-0.895654254333706,-0.895654254333706,0,0,0
43.5,0.105322260622464,0.105322260622464,0,0,0
43.6,-0.260888659483454,-0.260888659483454,0,0,0
43.7,-0.675927702270157,-0.675927702270157,0,0,0
43.8,-1.75014640124751,-1.75014640124751,0,0,0
43.9,-1.26186517443963,-1.26186517443963,0,0,0
44,-0.456201150206608,-0.456201150206608,0,0,0
44.1,-0.358544904845031,-0.358544904845031,0,0,0
44.2,-0.749169886291344,-0.749169886291344,0,0,0
44.3,-1.33510735846081,-1.33510735846081,0,0,0
44.4,-1.89663076928988,-1.89663076928988,0,0,0
44.5,-1.13979486773765,-1.13979486773765,0,0,0
44.6,-0.944482377014495,-0.944482377014495,0,0,0
44.7,-1.70131827856672,-1.70131827856672,0,0,0
44.8,-1.13979486773765,-1.13979486773765,0,0,0
44.9,-1.26186517443962,-1.26186517443962,0,0,0
45,-1.96987295331106,-1.96987295331106,0,0,0
45.1,-1.3595214198012,-1.3595214198012,0,0,0
45.2,0.00766601526088169,0.00766601526088169,0,0,0
45.3,-1.09096674505686,-1.09096674505686,0,0,0
45.4,-1.16420892907804,-1.16420892907804,0,0,0
45.5,-0.456201150206607,-0.456201150206607,0,0,0
45.6,0.349462874026404,0.349462874026404,0,0,0
45.7,0.325048812686008,0.325048812686008,0,0,0
45.8,-1.33510735846081,-1.33510735846081,0,0,0
45.9,-1.04213862237608,-1.04213862237608,0,0,0
46,-1.65249015588593,-1.65249015588593,0,0,0
46.1,-1.53041984918396,-1.53041984918396,0,0,0
46.2,-0.724755824950946,-0.724755824950946,0,0,0
46.3,0.837744100834293,0.837744100834293,0,0,0
46.4,0.227392567324437,0.227392567324437,0,0,0
46.5,0.398290996707196,0.398290996707196,0,0,0
46.6,-0.285302720823848,-0.285302720823848,0,0,0
46.7,0.691259732791925,0.691259732791925,0,0,0
46.8,-0.651513640929765,-0.651513640929765,0,0,0
46.9,-1.01772456103568,-1.01772456103568,0,0,0
47,-0.944482377014497,-0.944482377014497,0,0,0
47.1,-0.5050292728874,-0.5050292728874,0,0,0
47.2,0.44711911938798,0.44711911938798,0,0,0
47.3,0.88657222351508,0.88657222351508,0,0,0
47.4,-0.13881835278148,-0.13881835278148,0,0,0
47.5,-0.578271456908577,-0.578271456908577,0,0,0
47.6,-1.53041984918396,-1.53041984918396,0,0,0
47.7,-1.55483391052436,-1.55483391052436,0,0,0
47.8,-1.72573233990712,-1.72573233990712,0,0,0
47.9,-0.382958966185428,-0.382958966185428,0,0,0
48,0.569189426089953,0.569189426089953,0,0,0
48.1,1.54575187970572,1.54575187970572,0,0,0
48.2,0.398290996707192,0.398290996707192,0,0,0
48.3,0.373876935366798,0.373876935366798,0,0,0
48.4,-0.480615211547004,-0.480615211547004,0,0,0
48.5,-0.212060536802669,-0.212060536802669,0,0,0
48.6,0.325048812686007,0.325048812686007,0,0,0
48.7,-1.75014640124751,-1.75014640124751,0,0,0
48.8,-1.62807609454554,-1.62807609454554,0,0,0
48.9,-0.456201150206609,-0.456201150206609,0,0,0
49,1.15512689825941,1.15512689825941,0,0,0
49.1,-0.407373027525817,-0.407373027525817,0,0,0
49.2,-0.749169886291336,-0.749169886291336,0,0,0
49.3,-0.187646475462272,-0.187646475462272,0,0,0
49.4,1.74106437042888,1.74106437042888,0,0,0
49.5,-0.529443334227791,-0.529443334227791,0,0,0
49.6,-1.16420892907805,-1.16420892907805,0,0,0
49.7,-0.358544904845031,-0.358544904845031,0,0,0
49.8,0.251806628664826,0.251806628664826,0,0,0
49.9,-0.79799800897213,-0.79799800897213,0,0,0
50,-0.480615211547002,-0.480615211547002,0,0,0
50.1,0.129736321962855,0.129736321962855,0,0,0
50.2,0.715673794132321,0.715673794132321,0,0,0
50.3,-0.334130843504639,-0.334130843504639,0,0,0
50.4,0.691259732791926,0.691259732791926,0,0,0
50.5,0.276220690005219,0.276220690005219,0,0,0
50.6,-1.48159172650317,-1.48159172650317,0,0,0
50.7,-0.797998008972126,-0.797998008972126,0,0,0
50.8,-0.602685518248975,-0.602685518248975,0,0,0
50.9,0.154150383303249,0.154150383303249,0,0,0
51,0.3738769353668,0.3738769353668,0,0,0
51.1,0.910986284855475,0.910986284855475,0,0,0
51.2,2.27817371991755,2.27817371991755,0,0,0
51.3,0.788915978153504,0.788915978153504,0,0,0
51.4,1.03305659155744,1.03305659155744,0,0,0
51.5,2.15610341321558,2.15610341321558,0,0,0
51.6,0.0320800766012767,0.0320800766012767,0,0,0
51.7,-0.724755824950944,-0.724755824950944,0,0,0
51.8,-1.16420892907804,-1.16420892907804,0,0,0
51.9,-0.431787088866213,-0.431787088866213,0,0,0
52,-0.40737302752582,-0.40737302752582,0,0,0
52.1,-0.456201150206608,-0.456201150206608,0,0,0
52.2,0.49594724206877,0.49594724206877,0,0,0
52.3,0.105322260622461,0.105322260622461,0,0,0
52.4,-1.13979486773765,-1.13979486773765,0,0,0
52.5,-1.50600578784357,-1.50600578784357,0,0,0
52.6,-0.993310499695286,-0.993310499695286,0,0,0
52.7,-0.23647459814306,-0.23647459814306,0,0,0
52.8,0.300634751345615,0.300634751345615,0,0,0
52.9,1.00864253021705,1.00864253021705,0,0,0
53,0.642431610111138,0.642431610111138,0,0,0
53.1,1.6189940637269,1.6189940637269,0,0,0
53.2,0.22739256732443,0.22739256732443,0,0,0
53.3,-0.602685518248972,-0.602685518248972,0,0,0
53.4,-0.773583947631733,-0.773583947631733,0,0,0
53.5,-0.505029272887398,-0.505029272887398,0,0,0
53.6,0.10532226062246,0.10532226062246,0,0,0
53.7,1.00864253021705,1.00864253021705,0,0,0
53.8,1.47250969568454,1.47250969568454,0,0,0
53.9,0.813330039493897,0.813330039493897,0,0,0
54,0.71567379413232,0.71567379413232,0,0,0
54.1,1.17954095959981,1.17954095959981,0,0,0
54.2,1.2039550209402,1.2039550209402,0,0,0
54.3,1.05747065289783,1.05747065289783,0,0,0
54.4,-0.0411621074199054,-0.0411621074199054,0,0,0
54.5,0.154150383303251,0.154150383303251,0,0,0
54.6,0.66684567145153,0.66684567145153,0,0,0
54.7,0.813330039493895,0.813330039493895,0,0,0
54.8,-0.773583947631734,-0.773583947631734,0,0,0
54.9,-1.3839354811416,-1.3839354811416,0,0,0
55,-0.163232414121879,-0.163232414121879,0,0,0
55.1,1.10629877557862,1.10629877557862,0,0,0
55.2,2.15610341321558,2.15610341321558,0,0,0
55.3,1.96079092249242,1.96079092249242,0,0,0
55.4,2.20493153589637,2.20493153589637,0,0,0
55.5,1.66782218640769,1.66782218640769,0,0,0
55.6,-0.480615211547003,-0.480615211547003,0,0,0
55.7,-0.895654254333702,-0.895654254333702,0,0,0
55.8,0.935400346195868,0.935400346195868,0,0,0
55.9,0.447119119387983,0.447119119387983,0,0,0
56,0.3738769353668,0.3738769353668,0,0,0
56.1,1.17954095959981,1.17954095959981,0,0,0
56.2,0.886572223515079,0.886572223515079,0,0,0
56.3,1.59458000238651,1.59458000238651,0,0,0
56.4,0.764501916813108,0.764501916813108,0,0,0
56.5,0.32504881268601,0.32504881268601,0,0,0
56.6,0.32504881268601,0.32504881268601,0,0,0
56.7,-0.138818352781481,-0.138818352781481,0,0,0
56.8,0.447119119387981,0.447119119387981,0,0,0
56.9,2.44907214930031,2.44907214930031,0,0,0
57,0.837744100834288,0.837744100834288,0,0,0
57.1,0.227392567324432,0.227392567324432,0,0,0
57.2,0.00766601526088242,0.00766601526088242,0,0,0
57.3,1.08188471423823,1.08188471423823,0,0,0
57.4,1.2039550209402,1.2039550209402,0,0,0
57.5,0.15415038330325,0.15415038330325,0,0,0
57.6,0.422705058047589,0.422705058047589,0,0,0
57.7,0.862158162174684,0.862158162174684,0,0,0
57.8,0.593603487430349,0.593603487430349,0,0,0
57.9,-0.57827145690858,-0.57827145690858,0,0,0
58,0.00766601526088879,0.00766601526088879,0,0,0
58.1,0.764501916813107,0.764501916813107,0,0,0
58.2,0.691259732791927,0.691259732791927,0,0,0
58.3,1.2283690822806,1.2283690822806,0,0,0
58.4,2.4979002719811,2.4979002719811,0,0,0
58.5,0.691259732791928,0.691259732791928,0,0,0
58.6,-0.651513640929758,-0.651513640929758,0,0,0
58.7,-0.187646475462277,-0.187646475462277,0,0,0
58.8,0.0564941379416716,0.0564941379416716,0,0,0
58.9,-0.57827145690858,-0.57827145690858,0,0,0
59,0.837744100834289,0.837744100834289,0,0,0
59.1,1.13071283691902,1.13071283691902,0,0,0
59.2,-1.43276360382238,-1.43276360382238,0,0,0
59.3,-2.01870107599185,-2.01870107599185,0,0,0
59.4,0.0809081992820673,0.0809081992820673,0,0,0
59.5,1.69223624774809,1.69223624774809,0,0,0
59.6,1.35043938898256,1.35043938898256,0,0,0
59.7,2.27817371991755,2.27817371991755,0,0,0
59.8,1.10629877557863,1.10629877557863,0,0,0
59.9,0.0320800766012743,0.0320800766012743,0,0,0
60,1.08188471423823,1.08188471423823,0,0,0
60.1,0.71567379413232,0.71567379413232,0,0,0
60.2,-0.822412070312523,-0.822412070312523,0,0,0
60.3,0.862158162174686,0.862158162174686,0,0,0
60.4,2.35141590393873,2.35141590393873,0,0,0
60.5,0.520361303409163,0.520361303409163,0,0,0
60.6,-0.138818352781483,-0.138818352781483,0,0,0
60.7,-1.11538080639726,-1.11538080639726,0,0,0
60.8,0.593603487430349,0.593603487430349,0,0,0
60.9,1.30161126630178,1.30161126630178,0,0,0
61,1.08188471423823,1.08188471423823,0,0,0
61.1,-0.480615211547,-0.480615211547,0,0,0
61.2,-0.138818352781485,-0.138818352781485,0,0,0
61.3,1.05747065289784,1.05747065289784,0,0,0
61.4,0.66684567145153,0.66684567145153,0,0,0
61.5,2.9373533761082,2.9373533761082,0,0,0
61.6,1.57016594104612,1.57016594104612,0,0,0
61.7,0.422705058047587,0.422705058047587,0,0,0
61.8,-0.0411621074199082,-0.0411621074199082,0,0,0
61.9,0.74008785547271,0.74008785547271,0,0,0
62,1.08188471423823,1.08188471423823,0,0,0
62.1,0.788915978153505,0.788915978153505,0,0,0
62.2,-0.578271456908579,-0.578271456908579,0,0,0
62.3,0.20297850598404,0.20297850598404,0,0,0
62.4,0.129736321962853,0.129736321962853,0,0,0
62.5,1.1795409595998,1.1795409595998,0,0,0
62.6,1.42368157300375,1.42368157300375,0,0,0
62.7,1.00864253021704,1.00864253021704,0,0,0
62.8,0.0564941379416723,0.0564941379416723,0,0,0
62.9,0.0320800766012745,0.0320800766012745,0,0,0
63,-0.529443334227791,-0.529443334227791,0,0,0
63.1,-1.33510735846081,-1.33510735846081,0,0,0
63.2,-0.33413084350464,-0.33413084350464,0,0,0
63.3,0.300634751345614,0.300634751345614,0,0,0
63.4,1.35043938898257,1.35043938898257,0,0,0
63.5,1.1795409595998,1.1795409595998,0,0,0
63.6,2.25375965857716,2.25375965857716,0,0,0
63.7,1.81430655445006,1.81430655445006,0,0,0
63.8,-0.87124019299331,-0.87124019299331,0,0,0
63.9,-0.578271456908582,-0.578271456908582,0,0,0
64,1.37485345032296,1.37485345032296,0,0,0
64.1,1.32602532764218,1.32602532764218,0,0,0
64.2,0.22739256732443,0.22739256732443,0,0,0
64.3,0.886572223515078,0.886572223515078,0,0,0
64.4,1.81430655445006,1.81430655445006,0,0,0
64.5,0.691259732791926,0.691259732791926,0,0,0
64.6,-0.0655761687603003,-0.0655761687603003,0,0,0
64.7,0.544775364749559,0.544775364749559,0,0,0
64.8,0.520361303409164,0.520361303409164,0,0,0
64.9,1.44809563434414,1.44809563434414,0,0,0
65,2.13168935187518,2.13168935187518,0,0,0
65.1,0.984228468876656,0.984228468876656,0,0,0
65.2,-0.187646475462275,-0.187646475462275,0,0,0
65.3,0.64243161011114,0.64243161011114,0,0,0
65.4,1.61899406372691,1.61899406372691,0,0,0
65.5,1.98520498383282,1.98520498383282,0,0,0
65.6,2.66879870136386,2.66879870136386,0,0,0
65.7,0.935400346195869,0.935400346195869,0,0,0
65.8,-1.21303705175884,-1.21303705175884,0,0,0
65.9,0.544775364749555,0.544775364749555,0,0,0
66,0.959814407536262,0.959814407536262,0,0,0
66.1,1.96079092249242,1.96079092249242,0,0,0
66.2,1.42368157300375,1.42368157300375,0,0,0
66.3,1.25278314362099,1.25278314362099,0,0,0
66.4,1.42368157300375,1.42368157300375,0,0,0
66.5,1.96079092249243,1.96079092249243,0,0,0
66.6,1.78989249310966,1.78989249310966,0,0,0
66.7,2.44907214930031,2.44907214930031,0,0,0
66.8,0.788915978153499,0.788915978153499,0,0,0
66.9,1.03305659155744,1.03305659155744,0,0,0
67,2.47348621064071,2.47348621064071,0,0,0
67.1,0.544775364749559,0.544775364749559,0,0,0
67.2,0.178564444643642,0.178564444643642,0,0,0
67.3,0.495947242068767,0.495947242068767,0,0,0
67.4,1.37485345032296,1.37485345032296,0,0,0
67.5,1.91196279981164,1.91196279981164,0,0,0
67.6,0.935400346195868,0.935400346195868,0,0,0
67.7,1.47250969568454,1.47250969568454,0,0,0
67.8,1.71665030908848,1.71665030908848,0,0,0
67.9,1.03305659155744,1.03305659155744,0,0,0
68,0.20297850598404,0.20297850598404,0,0,0
68.1,-0.18764647546227,-0.18764647546227,0,0,0
68.2,-0.749169886291342,-0.749169886291342,0,0,0
68.3,1.44809563434415,1.44809563434415,0,0,0
68.4,2.22934559723676,2.22934559723676,0,0,0
68.5,0.22739256732443,0.22739256732443,0,0,0
68.6,0.447119119387981,0.447119119387981,0,0,0
68.7,0.0320800766012781,0.0320800766012781,0,0,0
68.8,1.59458000238651,1.59458000238651,0,0,0
68.9,1.05747065289783,1.05747065289783,0,0,0
69,0.325048812686007,0.325048812686007,0,0,0
69.1,1.15512689825941,1.15512689825941,0,0,0
69.2,1.42368157300375,1.42368157300375,0,0,0
69.3,0.276220690005217,0.276220690005217,0,0,0
69.4,0.984228468876653,0.984228468876653,0,0,0
69.5,2.15610341321558,2.15610341321558,0,0,0
69.6,1.54575187970572,1.54575187970572,0,0,0
69.7,1.13071283691902,1.13071283691902,0,0,0
69.8,1.37485345032296,1.37485345032296,0,0,0
69.9,0.27622069000522,0.27622069000522,0,0,0
70,-0.675927702270157,-0.675927702270157,0,0,0
70.1,0.3494628740264,0.3494628740264,0,0,0
70.2,0.715673794132318,0.715673794132318,0,0,0
70.3,0.227392567324434,0.227392567324434,0,0,0
70.4,0.593603487430349,0.593603487430349,0,0,0
70.5,1.76547843176927,1.76547843176927,0,0,0
70.6,3.45004866425648,3.45004866425648,0,0,0
70.7,3.47446272559687,3.47446272559687,0,0,0
70.8,1.42368157300375,1.42368157300375,0,0,0
70.9,1.42368157300375,1.42368157300375,0,0,0
71,0.447119119387985,0.447119119387985,0,0,0
71.1,-1.04213862237607,-1.04213862237607,0,0,0
71.2,-0.358544904845032,-0.358544904845032,0,0,0
71.3,0.813330039493892,0.813330039493892,0,0,0
71.4,0.642431610111134,0.642431610111134,0,0,0
71.5,-0.0167480460795111,-0.0167480460795111,0,0,0
71.6,0.32504881268601,0.32504881268601,0,0,0
71.7,1.25278314362099,1.25278314362099,0,0,0
71.8,0.66684567145153,0.66684567145153,0,0,0
71.9,2.0828612291944,2.0828612291944,0,0,0
72,2.22934559723676,2.22934559723676,0,0,0
72.1,2.54672839466189,2.54672839466189,0,0,0
72.2,2.37582996527913,2.37582996527913,0,0,0
72.3,1.54575187970572,1.54575187970572,0,0,0
72.4,0.495947242068769,0.495947242068769,0,0,0
72.5,1.10629877557863,1.10629877557863,0,0,0
72.6,2.0828612291944,2.0828612291944,0,0,0
72.7,1.35043938898257,1.35043938898257,0,0,0
72.8,1.2283690822806,1.2283690822806,0,0,0
72.9,0.935400346195872,0.935400346195872,0,0,0
73,-0.18764647546227,-0.18764647546227,0,0,0
73.1,1.98520498383282,1.98520498383282,0,0,0
73.2,1.30161126630178,1.30161126630178,0,0,0
73.3,1.13071283691902,1.13071283691902,0,0,0
73.4,1.13071283691902,1.13071283691902,0,0,0
73.5,0.178564444643647,0.178564444643647,0,0,0
73.6,2.5223143333215,2.5223143333215,0,0,0
73.7,2.18051747455598,2.18051747455598,0,0,0
73.8,-0.285302720823847,-0.285302720823847,0,0,0
73.9,-0.651513640929761,-0.651513640929761,0,0,0
74,0.00766601526088385,0.00766601526088385,0,0,0
74.1,0.984228468876657,0.984228468876657,0,0,0
74.2,0.813330039493898,0.813330039493898,0,0,0
74.3,0.3738769353668,0.3738769353668,0,0,0
74.4,0.862158162174686,0.862158162174686,0,0,0
74.5,0.935400346195872,0.935400346195872,0,0,0
74.6,1.49692375702493,1.49692375702493,0,0,0
74.7,0.813330039493895,0.813330039493895,0,0,0
74.8,2.30258778125794,2.30258778125794,0,0,0
74.9,0.813330039493897,0.813330039493897,0,0,0
75,-0.382958966185424,-0.382958966185424,0,0,0
75.1,-1.04213862237607,-1.04213862237607,0,0,0
75.2,0.22739256732443,0.22739256732443,0,0,0
75.3,0.398290996707193,0.398290996707193,0,0,0
75.4,1.25278314362099,1.25278314362099,0,0,0
75.5,0.98422846887666,0.98422846887666,0,0,0
75.6,0.95981440753626,0.95981440753626,0,0,0
75.7,1.35043938898257,1.35043938898257,0,0,0
75.8,1.49692375702494,1.49692375702494,0,0,0
75.9,2.00961904517321,2.00961904517321,0,0,0
76,0.83774410083429,0.83774410083429,0,0,0
76.1,1.10629877557862,1.10629877557862,0,0,0
76.2,1.69223624774809,1.69223624774809,0,0,0
76.3,1.35043938898257,1.35043938898257,0,0,0
76.4,0.0320800766012788,0.0320800766012788,0,0,0
76.5,0.520361303409166,0.520361303409166,0,0,0
76.6,1.15512689825942,1.15512689825942,0,0,0
76.7,0.618017548770744,0.618017548770744,0,0,0
76.8,0.178564444643646,0.178564444643646,0,0,0
76.9,1.86313467713085,1.86313467713085,0,0,0
77,3.05942368281017,3.05942368281017,0,0,0
77.1,1.78989249310966,1.78989249310966,0,0,0
77.2,0.520361303409164,0.520361303409164,0,0,0
77.3,-0.38295896618543,-0.38295896618543,0,0,0
77.4,1.71665030908848,1.71665030908848,0,0,0
77.5,2.15610341321558,2.15610341321558,0,0,0
77.6,0.251806628664828,0.251806628664828,0,0,0
77.7,1.08188471423823,1.08188471423823,0,0,0
77.8,2.03403310651361,2.03403310651361,0,0,0
77.9,1.86313467713085,1.86313467713085,0,0,0
78,0.105322260622457,0.105322260622457,0,0,0
78.1,0.984228468876661,0.984228468876661,0,0,0
78.2,1.69223624774809,1.69223624774809,0,0,0
78.3,0.984228468876656,0.984228468876656,0,0,0
78.4,0.569189426089951,0.569189426089951,0,0,0
78.5,0.276220690005224,0.276220690005224,0,0,0
78.6,0.593603487430349,0.593603487430349,0,0,0
78.7,2.20493153589637,2.20493153589637,0,0,0
78.8,0.569189426089951,0.569189426089951,0,0,0
78.9,-0.505029272887394,-0.505029272887394,0,0,0
79,0.32504881268601,0.32504881268601,0,0,0
79.1,-0.138818352781484,-0.138818352781484,0,0,0
79.2,-0.553857395568182,-0.553857395568182,0,0,0
79.3,1.52133781836533,1.52133781836533,0,0,0
79.4,1.69223624774809,1.69223624774809,0,0,0
79.5,2.20493153589637,2.20493153589637,0,0,0
79.6,0.837744100834289,0.837744100834289,0,0,0
79.7,1.49692375702494,1.49692375702494,0,0,0
79.8,1.91196279981163,1.91196279981163,0,0,0
79.9,2.10727529053479,2.10727529053479,0,0,0
80,1.32602532764217,1.32602532764217,0,0,0
80.1,0.74008785547271,0.74008785547271,0,0,0
80.2,-0.431787088866214,-0.431787088866214,0,0,0
80.3,1.35043938898257,1.35043938898257,0,0,0
80.4,0.471533180728374,0.471533180728374,0,0,0
80.5,0.642431610111137,0.642431610111137,0,0,0
80.6,1.47250969568454,1.47250969568454,0,0,0
80.7,-1.01772456103568,-1.01772456103568,0,0,0
80.8,0.129736321962855,0.129736321962855,0,0,0
80.9,2.13168935187518,2.13168935187518,0,0,0
81,1.96079092249243,1.96079092249243,0,0,0
81.1,1.74106437042888,1.74106437042888,0,0,0
81.2,1.42368157300375,1.42368157300375,0,0,0
81.3,2.0828612291944,2.0828612291944,0,0,0
81.4,1.74106437042888,1.74106437042888,0,0,0
81.5,1.6434081250673,1.6434081250673,0,0,0
81.6,-0.0899902301006939,-0.0899902301006939,0,0,0
81.7,-0.309716782164245,-0.309716782164245,0,0,0
81.8,0.93540034619587,0.93540034619587,0,0,0
81.9,0.93540034619587,0.93540034619587,0,0,0
82,0.984228468876655,0.984228468876655,0,0,0
82.1,0.984228468876657,0.984228468876657,0,0,0
82.2,0.447119119387977,0.447119119387977,0,0,0
82.3,0.276220690005222,0.276220690005222,0,0,0
82.4,1.59458000238651,1.59458000238651,0,0,0
82.5,0.00766601526088735,0.00766601526088735,0,0,0
82.6,0.276220690005218,0.276220690005218,0,0,0
82.7,0.593603487430346,0.593603487430346,0,0,0
82.8,0.544775364749559,0.544775364749559,0,0,0
82.9,0.788915978153503,0.788915978153503,0,0,0
83,1.08188471423823,1.08188471423823,0,0,0
83.1,1.86313467713085,1.86313467713085,0,0,0
83.2,2.22934559723676,2.22934559723676,0,0,0
83.3,2.35141590393873,2.35141590393873,0,0,0
83.4,0.984228468876658,0.984228468876658,0,0,0
83.5,-0.138818352781484,-0.138818352781484,0,0,0
83.6,1.44809563434414,1.44809563434414,0,0,0
83.7,1.78989249310967,1.78989249310967,0,0,0
83.8,1.15512689825941,1.15512689825941,0,0,0
83.9,0.593603487430346,0.593603487430346,0,0,0
84,0.691259732791924,0.691259732791924,0,0,0
84.1,0.715673794132316,0.715673794132316,0,0,0
84.2,1.93637686115203,1.93637686115203,0,0,0
84.3,0.788915978153504,0.788915978153504,0,0,0
84.4,0.0564941379416716,0.0564941379416716,0,0,0
84.5,1.74106437042887,1.74106437042887,0,0,0
84.6,0.886572223515082,0.886572223515082,0,0,0
84.7,-1.11538080639726,-1.11538080639726,0,0,0
84.8,0.862158162174687,0.862158162174687,0,0,0
84.9,1.54575187970572,1.54575187970572,0,0,0
85,2.74204088538504,2.74204088538504,0,0,0
85.1,1.6678221864077,1.6678221864077,0,0,0
85.2,0.886572223515082,0.886572223515082,0,0,0
85.3,1.27719720496138,1.27719720496138,0,0,0
85.4,1.57016594104612,1.57016594104612,0,0,0
85.5,2.98618149878899,2.98618149878899,0,0,0
85.6,3.05942368281017,3.05942368281017,0,0,0
85.7,1.25278314362099,1.25278314362099,0,0,0
85.8,1.08188471423823,1.08188471423823,0,0,0
85.9,1.6678221864077,1.6678221864077,0,0,0
86,1.96079092249242,1.96079092249242,0,0,0
86.1,2.22934559723676,2.22934559723676,0,0,0
86.2,2.32700184259834,2.32700184259834,0,0,0
86.3,2.22934559723676,2.22934559723676,0,0,0
86.4,1.37485345032296,1.37485345032296,0,0,0
86.5,0.813330039493898,0.813330039493898,0,0,0
86.6,1.42368157300375,1.42368157300375,0,0,0
86.7,1.6678221864077,1.6678221864077,0,0,0
86.8,3.32797835755451,3.32797835755451,0,0,0
86.9,1.69223624774809,1.69223624774809,0,0,0
87,1.96079092249243,1.96079092249243,0,0,0
87.1,2.15610341321558,2.15610341321558,0,0,0
87.2,1.88754873847124,1.88754873847124,0,0,0
87.3,1.88754873847124,1.88754873847124,0,0,0
87.4,3.01059556012938,3.01059556012938,0,0,0
87.5,2.54672839466189,2.54672839466189,0,0,0
87.6,2.88852525342741,2.88852525342741,0,0,0
87.7,1.98520498383282,1.98520498383282,0,0,0
87.8,0.910986284855475,0.910986284855475,0,0,0
87.9,-0.431787088866214,-0.431787088866214,0,0,0
88,1.76547843176927,1.76547843176927,0,0,0
88.1,2.54672839466189,2.54672839466189,0,0,0
88.2,1.17954095959981,1.17954095959981,0,0,0
88.3,0.88657222351508,0.88657222351508,0,0,0
88.4,2.81528306940623,2.81528306940623,0,0,0
88.5,2.64438464002346,2.64438464002346,0,0,0
88.6,1.2039550209402,1.2039550209402,0,0,0
88.7,1.47250969568454,1.47250969568454,0,0,0
88.8,2.69321276270426,2.69321276270426,0,0,0
88.9,2.4979002719811,2.4979002719811,0,0,0
89,1.39926751166336,1.39926751166336,0,0,0
89.1,1.27719720496139,1.27719720496139,0,0,0
89.2,1.35043938898257,1.35043938898257,0,0,0
89.3,0.618017548770745,0.618017548770745,0,0,0
89.4,-0.505029272887395,-0.505029272887395,0,0,0
89.5,0.66684567145153,0.66684567145153,0,0,0
89.6,1.52133781836533,1.52133781836533,0,0,0
89.7,0.984228468876657,0.984228468876657,0,0,0
89.8,1.44809563434415,1.44809563434415,0,0,0
89.9,1.49692375702493,1.49692375702493,0,0,0
90,0.300634751345615,0.300634751345615,0,0,0
90.1,1.08188471423823,1.08188471423823,0,0,0
90.2,2.20493153589637,2.20493153589637,0,0,0
90.3,1.30161126630178,1.30161126630178,0,0,0
90.4,0.61801754877074,0.61801754877074,0,0,0
90.5,0.471533180728376,0.471533180728376,0,0,0
90.6,1.59458000238651,1.59458000238651,0,0,0
90.7,1.03305659155744,1.03305659155744,0,0,0
90.8,1.52133781836533,1.52133781836533,0,0,0
90.9,3.10825180549095,3.10825180549095,0,0,0
91,3.88950176838358,3.88950176838358,0,0,0
91.1,2.98618149878899,2.98618149878899,0,0,0
91.2,1.44809563434414,1.44809563434414,0,0,0
91.3,1.37485345032296,1.37485345032296,0,0,0
91.4,0.569189426089951,0.569189426089951,0,0,0
91.5,-0.285302720823847,-0.285302720823847,0,0,0
91.6,0.935400346195867,0.935400346195867,0,0,0
91.7,2.81528306940623,2.81528306940623,0,0,0
91.8,2.52231433332149,2.52231433332149,0,0,0
91.9,1.05747065289784,1.05747065289784,0,0,0
92,1.49692375702493,1.49692375702493,0,0,0
92.1,1.05747065289784,1.05747065289784,0,0,0
92.2,1.10629877557862,1.10629877557862,0,0,0
92.3,2.15610341321558,2.15610341321558,0,0,0
92.4,2.83969713074662,2.83969713074662,0,0,0
92.5,2.42465808795992,2.42465808795992,0,0,0
92.6,2.13168935187518,2.13168935187518,0,0,0
92.7,1.49692375702493,1.49692375702493,0,0,0
92.8,0.984228468876654,0.984228468876654,0,0,0
92.9,0.251806628664831,0.251806628664831,0,0,0
93,0.910986284855475,0.910986284855475,0,0,0
93.1,1.39926751166336,1.39926751166336,0,0,0
93.2,1.37485345032296,1.37485345032296,0,0,0
93.3,0.422705058047587,0.422705058047587,0,0,0
93.4,0.740087855472714,0.740087855472714,0,0,0
93.5,0.178564444643641,0.178564444643641,0,0,0
93.6,0.569189426089953,0.569189426089953,0,0,0
93.7,0.422705058047587,0.422705058047587,0,0,0
93.8,0.373876935366799,0.373876935366799,0,0,0
93.9,0.178564444643647,0.178564444643647,0,0,0
94,-0.0655761687602952,-0.0655761687602952,0,0,0
94.1,0.520361303409166,0.520361303409166,0,0,0
94.2,1.2039550209402,1.2039550209402,0,0,0
94.3,0.422705058047586,0.422705058047586,0,0,0
94.4,1.00864253021705,1.00864253021705,0,0,0
94.5,2.44907214930031,2.44907214930031,0,0,0
94.6,2.64438464002347,2.64438464002347,0,0,0
94.7,1.08188471423823,1.08188471423823,0,0,0
94.8,-0.407373027525817,-0.407373027525817,0,0,0
94.9,0.20297850598404,0.20297850598404,0,0,0
95,3.13266586683135,3.13266586683135,0,0,0
95.1,3.05942368281017,3.05942368281017,0,0,0
95.2,1.78989249310967,1.78989249310967,0,0,0
95.3,1.37485345032296,1.37485345032296,0,0,0
95.4,1.17954095959981,1.17954095959981,0,0,0
95.5,0.471533180728371,0.471533180728371,0,0,0
95.6,1.54575187970572,1.54575187970572,0,0,0
95.7,1.05747065289783,1.05747065289783,0,0,0
95.8,2.0828612291944,2.0828612291944,0,0,0
95.9,2.20493153589636,2.20493153589636,0,0,0
96,1.30161126630178,1.30161126630178,0,0,0
96.1,1.61899406372691,1.61899406372691,0,0,0
96.2,1.71665030908848,1.71665030908848,0,0,0
96.3,1.00864253021705,1.00864253021705,0,0,0
96.4,-0.334130843504636,-0.334130843504636,0,0,0
96.5,-0.871240192993307,-0.871240192993307,0,0,0
96.6,-2.09194326001303,-2.09194326001303,0,0,0
96.7,-1.60366203320514,-1.60366203320514,0,0,0
96.8,-1.09096674505687,-1.09096674505687,0,0,0
96.9,0.0809081992820624,0.0809081992820624,0,0,0
97,1.76547843176927,1.76547843176927,0,0,0
97.1,0.569189426089955,0.569189426089955,0,0,0
97.2,0.813330039493895,0.813330039493895,0,0,0
97.3,0.788915978153506,0.788915978153506,0,0,0
97.4,0.66684567145153,0.66684567145153,0,0,0
97.5,1.39926751166336,1.39926751166336,0,0,0
97.6,2.058447167854,2.058447167854,0,0,0
97.7,3.01059556012938,3.01059556012938,0,0,0
97.8,1.91196279981164,1.91196279981164,0,0,0
97.9,2.0828612291944,2.0828612291944,0,0,0
98,1.15512689825941,1.15512689825941,0,0,0
98.1,2.40024402661952,2.40024402661952,0,0,0
98.2,1.35043938898257,1.35043938898257,0,0,0
98.3,0.0809081992820602,0.0809081992820602,0,0,0
98.4,-0.382958966185424,-0.382958966185424,0,0,0
98.5,-0.187646475462274,-0.187646475462274,0,0,0
98.6,-0.285302720823848,-0.285302720823848,0,0,0
98.7,0.0320800766012802,0.0320800766012802,0,0,0
98.8,0.178564444643645,0.178564444643645,0,0,0
98.9,0.959814407536262,0.959814407536262,0,0,0
99,0.32504881268601,0.32504881268601,0,0,0
99.1,0.422705058047588,0.422705058047588,0,0,0
99.2,0.227392567324432,0.227392567324432,0,0,0
99.3,0.495947242068769,0.495947242068769,0,0,0
99.4,-0.0167480460795105,-0.0167480460795105,0,0,0
99.5,-1.18862299041844,-1.18862299041844,0,0,0
99.6,0.593603487430348,0.593603487430348,0,0,0
99.7,0.837744100834293,0.837744100834293,0,0,0
99.8,3.01059556012938,3.01059556012938,0,0,0
99.9,2.32700184259834,2.32700184259834,0,0,0
100,-0.0655761687602976,-0.0655761687602976,0,0,0
100.1,0.959814407536262,0.959814407536262,0,0,0
100.2,2.4979002719811,2.4979002719811,0,0,0
100.3,1.30161126630178,1.30161126630178,0,0,0
100.4,0.569189426089953,0.569189426089953,0,0,0
100.5,1.91196279981164,1.91196279981164,0,0,0
100.6,3.30356429621412,3.30356429621412,0,0,0
100.7,1.78989249310967,1.78989249310967,0,0,0
100.8,1.52133781836533,1.52133781836533,0,0,0
100.9,1.42368157300375,1.42368157300375,0,0,0
101,1.86313467713085,1.86313467713085,0,0,0
101.1,1.35043938898257,1.35043938898257,0,0,0
101.2,-0.187646475462273,-0.187646475462273,0,0,0
101.3,0.593603487430348,0.593603487430348,0,0,0
101.4,1.49692375702494,1.49692375702494,0,0,0
101.5,1.71665030908848,1.71665030908848,0,0,0
101.6,2.66879870136386,2.66879870136386,0,0,0
101.7,2.27817371991755,2.27817371991755,0,0,0
101.8,2.30258778125795,2.30258778125795,0,0,0
101.9,1.96079092249243,1.96079092249243,0,0,0
102,2.83969713074662,2.83969713074662,0,0,0
102.1,1.83872061579046,1.83872061579046,0,0,0
102.2,-0.505029272887397,-0.505029272887397,0,0,0
102.3,-0.0655761687603016,-0.0655761687603016,0,0,0
102.4,1.81430655445006,1.81430655445006,0,0,0
102.5,2.22934559723676,2.22934559723676,0,0,0
102.6,4.1824705044683,4.1824705044683,0,0,0
102.7,4.86606422199935,4.86606422199935,0,0,0
102.8,4.96372046736093,4.96372046736093,0,0,0
102.9,5.76938449159394,5.76938449159394,0,0,0
103,7.30747035603878,7.30747035603878,0,0,0
103.1,8.01547813491022,8.01547813491022,0,0,0
103.2,9.99301710348215,9.99301710348215,0,0,0
103.3,12.4100091761812,12.4100091761812,0,0,0
103.4,14.753759064859,14.753759064859,0,0,0
103.5,15.6326652731132,15.6326652731132,0,0,0
103.6,17.7811026710679,17.7811026710679,0,0,0
103.7,19.1971182288108,19.1971182288108,0,0,0
103.8,20.3445791118093,20.3445791118093,0,0,0
103.9,21.6385243628502,21.6385243628502,0,0,0
104,20.7107900319153,20.7107900319153,0,0,0
104.1,21.6141103015098,21.6141103015098,0,0,0
104.2,24.9832507664842,24.9832507664842,0,0,0
104.3,27.4978990845448,27.4978990845448,0,0,0
104.4,27.3758287778429,27.3758287778429,0,0,0
104.5,26.887547551035,26.887547551035,0,0,0
104.6,25.0076648278246,25.0076648278246,0,0,0
104.7,25.2273913798881,25.2273913798881,0,0,0
104.8,24.2752429876128,24.2752429876128,0,0,0
104.9,24.7635242144207,24.7635242144207,0,0,0
105,25.837742913398,25.837742913398,0,0,0
105.1,25.7156726066961,25.7156726066961,0,0,0
105.2,23.8113758221453,23.8113758221453,0,0,0
105.3,24.4217273556552,24.4217273556552,0,0,0
105.4,24.9588367051439,24.9588367051439,0,0,0
105.5,25.4959460546325,25.4959460546325,0,0,0
105.6,27.0584459804178,27.0584459804178,0,0,0
105.7,26.0574694654616,26.0574694654616,0,0,0
105.8,24.9344226438035,24.9344226438035,0,0,0
105.9,24.0066883128685,24.0066883128685,0,0,0
106,21.5164540561482,21.5164540561482,0,0,0
106.1,19.6853994556187,19.6853994556187,0,0,0
106.2,18.3914542045778,18.3914542045778,0,0,0
106.3,17.1951651988985,17.1951651988985,0,0,0
106.4,15.0955559236246,15.0955559236246,0,0,0
106.5,11.7020013973097,11.7020013973097,0,0,0
106.6,7.91782188954865,7.91782188954865,-3.75529088824727,0,-3.75529088824727
106.7,2.44907214930031,2.44907214930031,-7.81510119677237,0,-7.81510119677237
106.8,-2.60463854816133,-2.60463854816133,-11.7838850874674,0,-11.7838850874674
106.9,-7.3897945708786,-7.3897945708786,-15.6635616043312,0,-15.6635616043312
107,-13.420067721956,-13.420067721956,-19.456009493455,0,-19.456009493455
107.1,-19.0353018302467,-19.0353018302467,-23.163068049011,0,-23.163068049011
107.2,-21.5499501483073,-21.5499501483073,-26.786537941482,0,-26.786537941482
107.3,-25.6759265148339,-25.6759265148339,-30.3281820285085,0,-30.3281820285085
107.4,-32.1700668313788,-32.1700668313788,-33.7897261487062,0,-33.7897261487062
107.5,-38.127097798435,-38.127097798435,-37.1728598988266,0,-37.1728598988266
107.6,-43.2296366185774,-43.2296366185774,-40.4792373945973,0,-40.4792373945973
107.7,-45.0362771577666,-45.0362771577666,-43.7104780155903,0,-43.7104780155903
107.8,-48.0636207639755,-48.0636207639755,-46.8681671344577,0,-46.8681671344577
107.9,-54.4601048351588,-54.4601048351588,-49.9538568308517,0,-49.9538568308517
108,-60.8077607836614,-60.8077607836614,-52.9690665903642,0,-52.9690665903642
108.1,-64.1036590646146,-64.1036590646146,-55.9152839887888,0,-55.9152839887888
108.2,-65.9347136651442,-65.9347136651442,-58.7939653620181,0,-58.7939653620181
108.3,-68.278463553822,-68.278463553822,-61.6065364618824,0,-61.6065364618824
108.4,-72.3556117976679,-72.3556117976679,-64.3543930982136,0,-64.3543930982136
108.5,-75.4073694652172,-75.4073694652172,-67.0389017674366,0,-67.0389017674366
108.6,-76.9942834523428,-76.9942834523428,-69.6614002679609,0,-69.6614002679609
108.7,-81.6817832296985,-81.6817832296985,-72.2231983026526,0,-72.2231983026526
108.8,-83.4640097075473,-83.4640097075473,-74.7255780686632,0,-74.7255780686632
108.9,-84.7335408972478,-84.7335408972478,-77.1697948348698,0,-77.1697948348698
109,-86.2716267616926,-86.2716267616926,-79.5570775071995,0,-79.5570775071995
109.1,-87.6876423194356,-87.6876423194356,-81.8886291820812,0,-81.8886291820812
109.2,-89.8360797173902,-89.8360797173902,-84.1656276882794,0,-84.1656276882794
109.3,-91.2765093364735,-91.2765093364735,-86.3892261173568,0,-86.3892261173568
109.4,-90.6173296802828,-90.6173296802828,-88.5605533429956,0,-88.5605533429956
109.5,-92.3507280354508,-92.3507280354508,-90.6807145294213,0,-90.6807145294213
109.6,-94.15736857464,-94.15736857464,-92.7507916291505,0,-92.7507916291505
109.7,-97.8194777756992,-97.8194777756992,-94.7718438702891,0,-94.7718438702891
109.8,-101.554829160779,-101.554829160779,-96.7449082336037,0,-96.7449082336037
109.9,-102.140766632949,-102.140766632949,-98.6709999195734,0,-98.6709999195734
110,-102.311665062332,-102.311665062332,-100.551112805641,0,-100.551112805641
110.1,-104.557758705648,-104.557758705648,-102.386219893863,0,-102.386219893863
110.2,-105.607563343285,-105.607563343285,-104.17727374916,0,-104.17727374916
110.3,-107.829242925261,-107.829242925261,-105.925206928372,0,-105.925206928372
110.4,-111.051899022193,-111.051899022193,-107.630932400303,0,-107.630932400303
110.5,-113.37123484953,-113.37123484953,-109.295343956946,0,-109.295343956946
110.6,-115.617328492847,-115.617328492847,-110.919316616079,0,-110.919316616079
110.7,-115.666156615527,-115.666156615527,-112.50370701541,0,-112.50370701541
110.8,-116.056781596974,-116.056781596974,-114.049353798441,0,-114.049353798441
110.9,-115.275531634081,-115.275531634081,-115.557077992236,0,-115.557077992236
111,-115.495258186145,-115.495258186145,-117.027683377264,0,-117.027683377264
111.1,-115.934711290272,-115.934711290272,-118.461956849465,0,-118.461956849465
111.2,-115.153461327379,-115.153461327379,-119.860668774726,0,-119.860668774726
111.3,-115.275531634081,-115.275531634081,-121.224573335912,0,-121.224573335912
111.4,-114.543109793869,-114.543109793869,-122.55440887261,0,-122.55440887261
111.5,-113.078266113446,-113.078266113446,-123.850898213744,0,-123.850898213744
111.6,-113.786273892317,-113.786273892317,-125.114749003202,0,-125.114749003202
111.7,-114.958148836656,-114.958148836656,-126.346654018636,0,-126.346654018636
111.8,-115.983539412953,-115.983539412953,-127.54729148356,0,-127.54729148356
111.9,-115.81264098357,-115.81264098357,-128.7173253729,0,-128.7173253729
112,-117.253070602653,-117.253070602653,-129.857405712135,0,-129.857405712135
112.1,-119.255023632565,-119.255023632565,-130.968168870145,0,-130.968168870145
112.2,-121.330218846499,-121.330218846499,-132.050237845925,0,-132.050237845925
112.3,-125.1388124156,-125.1388124156,-133.104222549273,0,-133.104222549273
112.4,-130.631976217189,-130.631976217189,-134.130720075585,0,-134.130720075585
112.5,-135.929827528055,-135.929827528055,-135.130314974883,0,-135.130314974883
112.6,-141.667131943047,-141.667131943047,-136.103579515197,0,-136.103579515197
112.7,-148.6495534864,-148.6495534864,-137.051073940412,0,-137.051073940412
112.8,-154.386857901393,-154.386857901393,-141.563798020569,-3.59045129785705,-137.973346722712
112.9,-158.830217065345,-158.830217065345,-151.427250741703,-12.5563159319927,-138.870934809711
113,-164.909318339103,-164.909318339103,-160.438460729514,-20.6940968631064,-139.744363866408
113.1,-170.280411833989,-170.280411833989,-168.662935885809,-28.0687873737521,-140.594148512057
113.2,-173.942521035049,-173.942521035049,-176.161225905783,-34.7404333537199,-141.420792552063
113.3,-179.997208247466,-179.997208247466,-182.989296688887,-40.764507483871,-142.224789205016
113.4,-184.049942429972,-184.049942429972,-189.198876483716,-46.192255158765,-143.006621324951
113.5,-188.102676612477,-188.102676612477,-194.837775900912,-51.0710142819656,-143.766761618946
113.6,-192.326309224366,-192.326309224366,-199.950183766908,-55.4445109067517,-144.505672860157
113.7,-197.746230841933,-197.746230841933,-204.576940642421,-59.3531325460548,-145.223808096367
113.8,-202.238418128566,-202.238418128566,-208.755791691909,-62.834180837737,-145.921610854172
113.9,-206.755019476539,-206.755019476539,-212.521620462877,-65.9221051240032,-146.599515338874
114,-210.636855229661,-210.636855229661,-215.906665016258,-68.6487183860851,-147.257946630173
114.1,-212.760878566276,-212.760878566276,-218.940717740253,-71.0433968664944,-147.897320873758
114.2,-215.177870638975,-215.177870638975,-221.651310079453,-73.1332646105767,-148.518045468876
114.3,-216.984511178164,-216.984511178164,-224.063883318048,-74.9433640660935,-149.120519251955
114.4,-219.963026661692,-219.963026661692,-226.201946469959,-76.4968137935778,-149.705132676381
114.5,-223.307753065326,-223.307753065326,-228.08722224924,-77.8149542607407,-150.2722679885
114.6,-225.602674831323,-225.602674831323,-229.739782020625,-78.9174826207074,-150.822299399917
114.7,-228.971815296297,-228.971815296297,-231.178170562126,-79.8225773059357,-151.355593256191
114.8,-231.877088595804,-231.877088595804,-232.419521408838,-80.5470132068644,-151.872508201973
114.9,-233.48841664427,-233.48841664427,-233.479663488962,-81.106268146267,-152.373395342695
115,-235.3194712448,-235.3194712448,-234.373219709461,-81.5146213066156,-152.858598402846
115.1,-237.028455538627,-237.028455538627,-235.113698099067,-81.785244218125,-153.328453880942
115.2,-237.687635194818,-237.687635194818,-235.7135760705,-81.9302848692698,-153.78329120123
115.3,-240.739392862367,-240.739392862367,-236.184378321367,-81.9609454591511,-154.223432862216
115.4,-243.034314628364,-243.034314628364,-236.536748853942,-81.8875542718714,-154.64919458207
115.5,-244.718884860852,-244.718884860852,-236.780517557808,-81.7196321168279,-155.06088544098
115.6,-245.402478578383,-245.402478578383,-236.924761765829,-81.4659537453136,-155.458808020515
115.7,-247.257947240253,-247.257947240253,-236.977863162903,-81.1346046228317,-155.843258540071
115.8,-246.891736320147,-246.891736320147,-236.947560398321,-80.7330334078819,-156.214526990439
115.9,-245.158337964979,-245.158337964979,-236.840997726075,-80.2681004614931,-156.572897264582
116,-242.863416198982,-242.863416198982,-236.664769972951,-79.7461226872933,-156.918647285657
116.1,-243.205213057747,-243.205213057747,-236.424964111628,-79.1729149792713,-157.252049132357
116.2,-242.985486505684,-242.985486505684,-236.127197695072,-78.5538285334586,-157.573369161614
116.3,-241.667127193302,-241.667127193302,-235.776654389144,-77.8937862604119,-157.882868128732
116.4,-241.349744395877,-241.349744395877,-235.378116822492,-77.197315517494,-158.180801304998
116.5,-241.960095929387,-241.960095929387,-234.935996956227,-76.468578363409,-158.467418592818
116.6,-242.375134972174,-242.375134972174,-234.454364160613,-75.7113995221686,-158.742964638444
116.7,-243.254041180428,-243.254041180428,-233.936971171853,-74.9292922295262,-159.007678942327
116.8,-243.644666161874,-243.644666161874,-233.387278089011,-74.1254821218522,-159.261795967159
116.9,-241.422986579898,-241.422986579898,-232.808474558991,-73.3029293153476,-159.505545243643
117,-240.104627267517,-240.104627267517,-232.203500286367,-72.4643488123187,-159.739151474048
117.1,-239.128064813901,-239.128064813901,-231.5750639945,-71.6122293609183,-159.962834633581
117.2,-238.127088298945,-238.127088298945,-230.925660954849,-70.7488508852094,-160.17681006964
117.3,-237.956189869562,-237.956189869562,-230.257589192561,-69.8763005935847,-160.381288598977
117.4,-236.686658679862,-236.686658679862,-229.572964468245,-68.9964878654192,-160.576476602825
117.5,-235.221814999438,-235.221814999438,-228.873734128316,-68.1111580082866,-160.76257612003
117.6,-235.3194712448,-235.3194712448,-228.161689909318,-67.2219049711025,-160.939784938215
117.7,-234.367322852525,-234.367322852525,-227.438479775162,-66.33018309211,-161.108296683052
117.8,-234.172010361801,-234.172010361801,-226.705618860298,-65.437317954659,-161.268300905639
117.9,-232.316541699931,-232.316541699931,-225.964499586283,-64.5445164182309,-161.419983168052
118,-232.121229209208,-232.121229209208,-225.216401014163,-63.6528758870563,-161.563525127106
118.1,-230.143690240636,-230.143690240636,-224.462497490319,-62.7633928739722,-161.699104616347
118.2,-226.286268548854,-226.286268548854,-223.703866639134,-61.8769709128082,-161.826895726326
118.3,-225.578260769983,-225.578260769983,-222.941496751761,-60.9944278685657,-161.947068883195
118.4,-224.015760844197,-224.015760844197,-222.176293616583,-60.1165026909383,-162.059790925645
118.5,-220.329237581798,-220.329237581798,-221.409086833501,-59.243861653274,-162.165225180228
118.6,-216.74037056476,-216.74037056476,-220.640635651012,-58.3771041159073,-162.263531535105
118.7,-214.25013630804,-214.25013630804,-219.871634362087,-57.5167678498456,-162.354866512242
118.8,-212.834120750297,-212.834120750297,-219.102717292159,-56.6633339540731,-162.439383338086
118.9,-212.297011400808,-212.297011400808,-218.334463409999,-55.8172313972323,-162.517232012767
119,-208.171035034281,-208.171035034281,-217.567400589942,-54.9788412121073,-162.588559377835
119.1,-205.60755859354,-205.60755859354,-216.802009551786,-54.1485003691971,-162.653509182589
119.2,-204.533339894563,-204.533339894563,-216.038727502674,-53.3265053536749,-162.712222148999
119.3,-203.288222766203,-203.288222766203,-215.277951503472,-52.5131154681933,-162.764836035279
119.4,-202.580214987331,-202.580214987331,-214.520041580417,-51.7085558823052,-162.811485698112
119.5,-202.311660312587,-202.311660312587,-213.765323601273,-50.9130204476922,-162.852303153581
119.6,-201.774550963098,-201.774550963098,-213.01409193376,-50.1266742969489,-162.887417636811
119.7,-199.38197295174,-199.38197295174,-212.266611902694,-49.349656242328,-162.916955660366
119.8,-198.332168314103,-198.332168314103,-211.523122061026,-48.5820809896106,-162.941041071415
119.9,-200.553847896078,-200.553847896078,-210.783836288824,-47.8240411811224,-162.959795107702
120,-201.335097858971,-201.335097858971,-210.048945733191,-47.0756092808545,-162.973336452336
120.1,-200.895644754844,-200.895644754844,-209.318620601109,-46.336839313671,-162.981781287438
120.2,-200.163222914632,-200.163222914632,-208.59301181633,-45.6077684696771,-162.985243346652
120.3,-200.602676018759,-200.602676018759,-207.872252550553,-44.8884185839859,-162.983833966567
120.4,-199.894668239888,-199.894668239888,-207.156459638392,-44.1787975013489,-162.977662137043
120.5,-199.284316706378,-199.284316706378,-206.445734884893,-43.478900334397,-162.966834550496
120.6,-197.428848044508,-197.428848044508,-205.740166273717,-42.788710623581,-162.951455650136
120.7,-195.500137198617,-195.500137198617,-205.03982908349,-42.1082014062872,-162.931627677203
120.8,-194.743301297065,-194.743301297065,-204.344786919238,-41.4373362020357,-162.907450717202
120.9,-191.911270181579,-191.911270181579,-203.65509266533,-40.7760699201542,-162.879022745176
121,-189.884903090326,-189.884903090326,-202.970789365843,-40.1243496958265,-162.846439670016
121.1,-188.517715655264,-188.517715655264,-202.291911037839,-39.4821156599787,-162.80979537786
121.2,-186.44252044133,-186.44252044133,-201.618483422605,-38.8493016480445,-162.769181774561
121.3,-184.464981472759,-184.464981472759,-200.950524679549,-38.225835852275,-162.724688827274
121.4,-184.342911166057,-184.342911166057,-200.288046027076,-37.6116414219035,-162.676404605173
121.5,-182.292130013463,-182.292130013463,-199.631052334449,-37.0066370151481,-162.624415319301
121.6,-180.802872271699,-180.802872271699,-198.979542668333,-36.4107373067371,-162.568805361596
121.7,-181.144669130465,-181.144669130465,-198.333510797452,-35.8238534543595,-162.509657343093
121.8,-180.998184762423,-180.998184762423,-197.692945658505,-35.2458935271867,-162.447052131318
121.9,-179.020645793851,-179.020645793851,-197.057831786283,-34.6767628993747,-162.381068886908
122,-176.432755291769,-176.432755291769,-196.428149710689,-34.116364611233,-162.311785099456
122.1,-176.847794334556,-176.847794334556,-195.803876323145,-33.5645997005453,-162.239276622599
122.2,-178.581192689724,-178.581192689724,-195.18498521472,-33.0213675063365,-162.163617708383
122.3,-179.411270775297,-179.411270775297,-194.5714469881,-32.4865659472095,-162.08488104089
122.4,-179.899552002105,-179.899552002105,-193.963229545384,-31.960091776211,-162.003137769173
122.5,-183.439590896462,-183.439590896462,-193.36029835353,-31.4418408140396,-161.91845753949
122.6,-186.808731361436,-186.808731361436,-192.762616689138,-30.9317081622701,-161.830908526868
122.7,-188.346817225881,-188.346817225881,-192.17014586414,-30.4295883981424,-161.740557465998
122.8,-189.323379679497,-189.323379679497,-191.582845433833,-29.9353757523446,-161.647469681488
122.9,-193.009902941897,-193.009902941897,-191.000673388589,-29.4489642711121,-161.551709117477
123,-194.938613787788,-194.938613787788,-190.42358633049,-28.9702479638632,-161.453338366626
123.1,-197.160293369764,-197.160293369764,-189.851539636005,-28.4991209375005,-161.352418698505
123.2,-200.456191650717,-200.456191650717,-189.284487605799,-28.0354775184208,-161.249010087378
123.3,-202.287246251246,-202.287246251246,-188.722383602608,-27.5792123631947,-161.143171239413
123.4,-203.703261808989,-203.703261808989,-188.16518017812,-27.1302205588089,-161.034959619311
123.5,-202.360488435268,-202.360488435268,-187.612829189674,-26.6883977132906,-160.924431476384
123.6,-198.869277663591,-198.869277663591,-187.065281907556,-26.2536400374758,-160.81164187008
123.7,-197.453262105848,-197.453262105848,-186.522489113599,-25.8258444186218,-160.696644694977
123.8,-196.672012142956,-196.672012142956,-185.98440119176,-25.4049084865121,-160.579492705248
123.9,-194.767715358405,-194.767715358405,-185.450968211269,-24.9907306726536,-160.460237538615
124,-194.963027849128,-194.963027849128,-184.922140002914,-24.5832102631172,-160.338929739797
124.1,-194.596816929022,-194.596816929022,-184.397866229007,-24.1822474455342,-160.215618783473
124.2,-192.985488880556,-192.985488880556,-183.878096447471,-23.7877433507199,-160.090353096751
124.3,-194.523574745001,-194.523574745001,-183.362780170538,-23.3996000893579,-159.96318008118
124.4,-194.377090376959,-194.377090376959,-182.851866918436,-23.0177207841511,-159.834146134284
124.5,-196.452285590892,-196.452285590892,-182.345306268467,-22.6420095978064,-159.70329667066
124.6,-198.356582375443,-198.356582375443,-181.843047899818,-22.2723717571993,-159.570676142619
124.7,-199.015762031634,-199.015762031634,-181.345041634435,-21.9087135740338,-159.436328060401
124.8,-197.721816780593,-197.721816780593,-180.851237474256,-21.5509424622879,-159.300295011968
124.9,-196.037246548105,-196.037246548105,-180.361585635091,-21.1989669527181,-159.162618682373
125,-195.744277812021,-195.744277812021,-179.876036577398,-20.8526967046679,-159.02333987273
125.1,-196.476699652233,-196.476699652233,-179.394541034194,-20.512042515412,-158.882498518782
125.2,-195.207168462532,-195.207168462532,-178.917050036329,-20.1769163272483,-158.740133709081
125.3,-193.791152904789,-193.791152904789,-178.443514935315,-19.8472312325311,-158.596283702784
125.4,-193.400527923343,-193.400527923343,-177.973887423906,-19.5229014768281,-158.450985947078
125.5,-193.20521543262,-193.20521543262,-177.508119554604,-19.2038424603662,-158.304277094238
125.6,-190.910293666623,-190.910293666623,-177.046163756244,-18.8899707379185,-158.156193018326
125.7,-188.371231287222,-188.371231287222,-176.587972848818,-18.581204017277,-158.006768831541
125.8,-186.979629790819,-186.979629790819,-176.133500056663,-18.2774611564368,-157.856038900227
125.9,-185.929825153182,-185.929825153182,-175.682699020153,-17.9786621596158,-157.704036860537
126,-184.391739288737,-184.391739288737,-175.235523806,-17.6847281722182,-157.550795633782
126.1,-182.609512810889,-182.609512810889,-174.791928916287,-17.3955814748443,-157.396347441443
126.2,-182.04798940006,-182.04798940006,-174.351869296322,-17.1111454764412,-157.240723819881
126.3,-180.729630087678,-180.729630087678,-173.915300341404,-16.8313447066788,-157.083955634725
126.4,-178.99623173251,-178.99623173251,-173.482177902606,-16.5561048076336,-156.926073094973
126.5,-175.87123188094,-175.87123188094,-173.05245829163,-16.2853525248499,-156.76710576678
126.6,-175.920060003621,-175.920060003621,-172.626098284822,-16.0190156978489,-156.607082586973
126.7,-175.089981918047,-175.089981918047,-172.203055126415,-15.7570232501461,-156.446031876269
126.8,-173.869278851027,-173.869278851027,-171.783286531059,-15.499305178833,-156.283981352226
126.9,-171.672013330392,-171.672013330392,-171.36675068569,-15.245792543778,-156.120958141912
127,-170.91517742884,-170.91517742884,-170.95340625081,-14.9964174564914,-155.956988794318
127.1,-170.841935244819,-170.841935244819,-170.543212361204,-14.7511130687009,-155.792099292503
127.2,-169.914200913884,-169.914200913884,-170.136128626163,-14.5098135606771,-155.626315065486
127.3,-169.377091564395,-169.377091564395,-169.732115129238,-14.2724541293461,-155.459660999892
127.4,-168.4737712948,-168.4737712948,-169.331132427571,-14.038970976223,-155.292161451348
127.5,-168.693497846864,-168.693497846864,-168.933141550839,-13.8093012951979,-155.123840255642
127.6,-169.840958729862,-169.840958729862,-168.538103999852,-13.5833832602026,-154.95472073965
127.7,-169.132950950991,-169.132950950991,-168.145981744814,-13.3611560127845,-154.78482573203
127.8,-166.00795109942,-166.00795109942,-167.756737223304,-13.1425596496099,-154.614177573694
127.9,-164.518693357656,-164.518693357656,-167.370333337979,-12.9275352099214,-154.442798128058
128,-164.933732400443,-164.933732400443,-166.986733454043,-12.7160246629656,-154.270708791078
128.1,-163.981584008168,-163.981584008168,-166.605901396489,-12.5079708954122,-154.097930501077
128.2,-162.931779370531,-162.931779370531,-166.227801447143,-12.3033176987795,-153.924483748363
128.3,-160.880998217938,-160.880998217938,-165.852398341527,-12.1020097568814,-153.750388584645
128.4,-159.19642798545,-159.19642798545,-165.479657265563,-11.9039926333092,-153.575664632254
128.5,-158.268693654515,-158.268693654515,-165.109543852129,-11.7092127589613,-153.400331093167
128.6,-158.048967102452,-158.048967102452,-164.742024177477,-11.5176174196313,-153.224406757845
128.7,-158.854631126685,-158.854631126685,-164.377064757548,-11.3291547436645,-153.047910013883
128.8,-159.78236545762,-159.78236545762,-164.014632544172,-11.143773689692,-152.87085885448
128.9,-160.612443543193,-160.612443543193,-163.654694921177,-10.9614240344507,-152.693270886726
129,-161.149552892682,-161.149552892682,-163.297219700425,-10.7820563606965,-152.515163339728
129.1,-161.02748258598,-161.02748258598,-162.942175117764,-10.6056220452159,-152.336553072548
129.2,-159.831193580301,-159.831193580301,-162.589529828931,-10.4320732469445,-152.157456581987
129.3,-159.831193580301,-159.831193580301,-162.239252905397,-10.261362895195,-151.977890010202
129.4,-161.076310708661,-161.076310708661,-161.891313830162,-10.0934446779998,-151.797869152162
129.5,-162.29701377568,-162.29701377568,-161.545682493521,-9.92827303057383,-151.617409462947
129.6,-162.687638757127,-162.687638757127,-161.202329188797,-9.76580312389848,-151.436526064898
129.7,-162.199357530319,-162.199357530319,-160.861224608042,-9.60599085343181,-151.25523375461
129.8,-160.295060745768,-160.295060745768,-160.522339837731,-9.44879282794663,-151.073547009784
129.9,-159.562638905556,-159.562638905556,-160.185646354433,-9.29416635849844,-150.891479995934
130,-160.783341972576,-160.783341972576,-159.851116020477,-9.14206944752586,-150.709046572952
130.1,-159.660295150918,-159.660295150918,-159.518721079616,-8.99246077808439,-150.526260301531
130.2,-159.489396721535,-159.489396721535,-159.188434152681,-8.84529970321483,-150.343134449466
130.3,-159.953263887003,-159.953263887003,-158.860228233256,-8.70054623544777,-150.159681997808
130.4,-160.807756033916,-160.807756033916,-158.534076683339,-8.55816103644375,-149.975915646895
130.5,-160.905412279278,-160.905412279278,-158.209953229032,-8.41810540677089,-149.791847822262
130.6,-159.855607641641,-159.855607641641,-157.887831956233,-8.2803412758191,-149.607490680414
130.7,-158.048967102452,-158.048967102452,-157.567687306343,-8.14483119185154,-149.422856114491
130.8,-159.977677948343,-159.977677948343,-157.249494072001,-8.01153831219308,-149.237955759808
130.9,-162.419084082383,-162.419084082383,-156.933227392828,-7.88042639355509,-149.052800999273
131,-160.929826340618,-160.929826340618,-156.618862751202,-7.75145978249681,-148.867402968705
131.1,-158.219865531835,-158.219865531835,-156.30637596805,-7.62460340602223,-148.681772562028
131.2,-157.658342121006,-157.658342121006,-155.995743198672,-7.49982276231188,-148.49592043636
131.3,-157.975724918431,-157.975724918431,-155.686940928588,-7.37708391158906,-148.309857016999
131.4,-156.462053115326,-156.462053115326,-155.379945969416,-7.25635346711904,-148.123592502297
131.5,-155.778459397795,-155.778459397795,-155.074735454782,-7.13759858634094,-147.937136868441
131.6,-154.948381312222,-154.948381312222,-154.771286836251,-7.0207869621308,-147.75049987412
131.7,-155.534318784391,-155.534318784391,-154.469577879307,-6.90588681419484,-147.563691065112
131.8,-156.315568747284,-156.315568747284,-154.169586659348,-6.79286688059196,-147.376719778756
131.9,-154.020646981287,-154.020646981287,-153.87129155773,-6.68169640938374,-147.189595148346
132,-152.922014220969,-152.922014220969,-153.574671257832,-6.57234515041131,-147.002326107421
132.1,-153.019670466331,-153.019670466331,-153.27970474117,-6.46478334719734,-146.814921393972
132.2,-153.971818858606,-153.971818858606,-152.98637128353,-6.35898172897192,-146.627389554559
132.3,-154.118303226648,-154.118303226648,-152.694650451158,-6.25491150282113,-146.439738948337
132.4,-152.99525640499,-152.99525640499,-152.404522096963,-6.15254434595646,-146.251977751007
132.5,-153.410295447777,-153.410295447777,-152.115966356778,-6.05185239810418,-146.064113958674
132.6,-153.947404797266,-153.947404797266,-151.828963645644,-5.95280825401286,-145.876155391631
132.7,-153.239397018394,-153.239397018394,-151.543494654137,-5.85538495607768,-145.68810969806
132.8,-151.554826785907,-151.554826785907,-151.259540344734,-5.75955598708022,-145.499984357654
132.9,-151.774553337971,-151.774553337971,-150.977081948212,-5.66529526304178,-145.311786685171
133,-151.481584601886,-151.481584601886,-150.69610096009,-5.57257712618936,-145.1235238339
133.1,-150.675920577653,-150.675920577653,-150.416579137102,-5.4813763380324,-144.93520279907
133.2,-149.113420651868,-149.113420651868,-150.13849849372,-5.39166807254881,-144.746830421172
133.3,-149.381975326612,-149.381975326612,-149.861841298701,-5.30342790947911,-144.558413389222
133.4,-150.968889313738,-150.968889313738,-149.586590071679,-5.21663182772662,-144.369958243952
133.5,-151.213029927142,-151.213029927142,-149.312727579797,-5.13125619886287,-144.181471380934
133.6,-150.236467473526,-150.236467473526,-149.040236834373,-5.04727778073626,-143.992959053637
133.7,-149.919084676101,-149.919084676101,-148.769101087603,-4.96467371118267,-143.804427376421
133.8,-149.23549095857,-149.23549095857,-148.499303829307,-4.88342150183672,-143.61588232747
133.9,-148.722795670421,-148.722795670421,-148.230828783703,-4.80349903204173,-143.427329751661
134,-150.041154982803,-150.041154982803,-147.963659906231,-4.72488454285751,-143.238775363374
134.1,-150.50502214827,-150.50502214827,-147.697781380404,-4.64755663116423,-143.05022474924
134.2,-150.358537780228,-150.358537780228,-147.433177614698,-4.57149424386091,-142.861683370837
134.3,-150.138811228164,-150.138811228164,-147.16983323948,-4.49667667215731,-142.673156567323
134.4,-148.527483179698,-148.527483179698,-146.907733103979,-4.42308354595756,-142.484649558021
134.5,-146.964983253913,-146.964983253913,-146.646862273276,-4.35069482833446,-142.296167444941
134.6,-145.695452064212,-145.695452064212,-146.38720602535,-4.27949081009278,-142.107715215257
134.7,-146.672014517828,-146.672014517828,-146.128749848146,-4.20945210442037,-141.919297743726
134.8,-147.087053560615,-147.087053560615,-145.871479436685,-4.14055964162576,-141.73091979506
134.9,-147.550920726082,-147.550920726082,-145.615380690208,-4.07279466396066,-141.542586026248
135,-145.54896769617,-145.54896769617,-145.360439709353,-4.00613872052643,-141.354300988827
135.1,-144.30385056781,-144.30385056781,-145.106642793369,-3.94057366226296,-141.166069131106
135.2,-144.010881831725,-144.010881831725,-144.853976437364,-3.8760816370187,-140.977894800346
135.3,-144.670061487916,-144.670061487916,-144.602427329589,-3.81264508470074,-140.789782244888
135.4,-143.547014666258,-143.547014666258,-144.351982348751,-3.75024673250337,-140.601735616247
135.5,-140.714983550772,-140.714983550772,-144.102628561362,-3.68886959021426,-140.413758971148
135.6,-138.297991478073,-138.297991478073,-143.854353219127,-3.62849694559679,-140.22585627353
135.7,-137.4679133925,-137.4679133925,-143.607143756355,-3.56911235984742,-140.038031396507
135.8,-138.981585195604,-138.981585195604,-143.360987787408,-3.51069966312689,-139.850288124281
135.9,-140.031389833241,-140.031389833241,-143.115873104185,-3.45324295016404,-139.662630154021
136,-138.810686766221,-138.810686766221,-142.871787673633,-3.39672657593121,-139.475061097701
136.1,-138.395647723434,-138.395647723434,-142.62871963529,-3.34113515138998,-139.2875844839
136.2,-136.808733736309,-136.808733736309,-142.386657298867,-3.28645353930616,-139.100203759561
136.3,-137.150530595074,-137.150530595074,-142.14558914185,-3.23266685013299,-138.912922291717
136.4,-136.637835306926,-136.637835306926,-141.905503807139,-3.17976043796124,-138.725743369178
136.5,-136.589007184245,-136.589007184245,-141.666390100721,-3.12771989653548,-138.538670204185
136.6,-135.783343160012,-135.783343160012,-141.428236989364,-3.07653105533518,-138.351705934029
136.7,-135.783343160012,-135.783343160012,-141.19103359835,-3.02617997571966,-138.16485362263
136.8,-138.175921171371,-138.175921171371,-140.95476920923,-2.97665294713607,-137.978116262094
136.9,-137.345843085798,-137.345843085798,-140.719433257616,-2.92793648338895,-137.791496774227
137,-136.344866570841,-136.344866570841,-140.485015330993,-2.88001731897088,-137.604998012022
137.1,-134.562640092993,-134.562640092993,-140.251505166568,-2.83288240545289,-137.418622761116
137.2,-133.75697606876,-133.75697606876,-140.018892649145,-2.78651890793375,-137.232373741211
137.3,-134.147601050206,-134.147601050206,-139.787167809022,-2.74091420154738,-137.046253607474
137.4,-133.537249516696,-133.537249516696,-139.556320819923,-2.69605586802701,-136.860264951896
137.5,-133.537249516696,-133.537249516696,-139.326341996958,-2.65193169232564,-136.674410304632
137.6,-132.585101124421,-132.585101124421,-139.097221794602,-2.60852965929165,-136.48869213531
137.7,-133.708147946079,-133.708147946079,-138.868950804709,-2.56583795039862,-136.303112854311
137.8,-133.366351087313,-133.366351087313,-138.64151975455,-2.52384494052872,-136.117674814022
137.9,-133.097796412569,-133.097796412569,-138.414919504875,-2.48253919480843,-135.932380310066
138,-132.682757369782,-132.682757369782,-138.189141048001,-2.44190946549615,-135.747231582504
138.1,-132.072405836272,-132.072405836272,-137.964175505931,-2.40194468892058,-135.56223081701
138.2,-131.364398057401,-131.364398057401,-137.740014128492,-2.36263398246909,-135.377380146023
138.3,-133.830218252781,-133.830218252781,-137.516648291502,-2.32396664162544,-135.192681649876
138.4,-135.880999405374,-135.880999405374,-137.294069494958,-2.28593213705577,-135.008137357902
138.5,-133.854632314121,-133.854632314121,-137.072269361252,-2.24852011174226,-134.82374924951
138.6,-133.634905762058,-133.634905762058,-136.851239633411,-2.21172037816374,-134.639519255247
138.7,-133.952288559483,-133.952288559483,-136.630972173357,-2.17552291552224,-134.455449257834
138.8,-133.610491700717,-133.610491700717,-136.411458960194,-2.13991786701502,-134.271541093179
138.9,-134.928851013098,-134.928851013098,-136.192692088521,-2.10489553715107,-134.08779655137
139,-133.439593271334,-133.439593271334,-135.974663766759,-2.07044638911164,-133.904217377648
139.1,-132.975726105867,-132.975726105867,-135.757366315509,-2.03656104215375,-133.720805273355
139.2,-132.170062081634,-132.170062081634,-135.540792165931,-2.00323026905633,-133.537561896875
139.3,-131.730608977507,-131.730608977507,-135.324933858141,-1.97044499360804,-133.354488864533
139.4,-133.512835455356,-133.512835455356,-135.109784039636,-1.93819628813615,-133.1715877515
139.5,-134.318499479589,-134.318499479589,-134.895335463734,-1.90647537107588,-132.988860092658
139.6,-135.197405687843,-135.197405687843,-134.681580988044,-1.87527360457951,-132.806307383464
139.7,-132.414202695038,-132.414202695038,-134.468513572945,-1.84458249216452,-132.62393108078
139.8,-130.851702769253,-130.851702769253,-134.256126280099,-1.81439367640033,-132.441732603699
139.9,-130.436663726466,-130.436663726466,-134.044412270976,-1.78469893663269,-132.259713334344
140,-130.754046523891,-130.754046523891,-133.833364805403,-1.7554901867455,-132.077874618658
140.1,-130.949359014614,-130.949359014614,-133.622977240129,-1.72675947295908,-131.89621776717
140.2,-129.826312192956,-129.826312192956,-133.413243027416,-1.69849897166454,-131.714744055752
140.3,-128.727679432638,-128.727679432638,-133.204155713645,-1.6707009872936,-131.533454726352
140.4,-128.483538819234,-128.483538819234,-132.995708937944,-1.64335795022315,-131.352350987721
140.5,-129.411273150169,-129.411273150169,-132.787896430831,-1.61646241471421,-131.171434016116
140.6,-129.630999702233,-129.630999702233,-132.580712012881,-1.59000705688453,-130.990704955997
140.7,-130.021624683679,-130.021624683679,-132.374149593411,-1.56398467271444,-130.810164920696
140.8,-129.484515334191,-129.484515334191,-132.168203169176,-1.53838817608523,-130.629814993091
140.9,-130.802874646572,-130.802874646572,-131.962866823096,-1.51321059684968,-130.449656226246
141,-131.071429321316,-131.071429321316,-131.758134722988,-1.48844507893418,-130.269689644054
141.1,-131.120257443997,-131.120257443997,-131.554001120325,-1.46408487847184,-130.089916241853
141.2,-129.606585640893,-129.606585640893,-131.350460349006,-1.44012336196619,-129.91033698704
141.3,-128.825335678,-128.825335678,-131.147506824151,-1.41655400448496,-129.730952819666
141.4,-130.216937174402,-130.216937174402,-130.945135040903,-1.3933703878833,-129.55176465302
141.5,-131.755023038847,-131.755023038847,-130.743339573255,-1.3705661990562,-129.372773374199
141.6,-128.898577862021,-128.898577862021,-130.542115072889,-1.34813522821945,-129.19397984467
141.7,-126.237445175918,-126.237445175918,-130.341456268035,-1.32607136721868,-129.015384900817
141.8,-126.872210770768,-126.872210770768,-130.141357962343,-1.30436860786621,-128.836989354477
141.9,-129.289202843467,-129.289202843467,-129.941815033771,-1.28302104030493,-128.658793993466
142,-130.241351235743,-130.241351235743,-129.742822433491,-1.26202285139912,-128.480799582092
142.1,-129.655413763573,-129.655413763573,-129.54437518481,-1.24136832315149,-128.303006861659
142.2,-128.678851309958,-128.678851309958,-129.346468382106,-1.22105183114619,-128.125416550959
142.3,-127.58021854964,-127.58021854964,-129.149097189774,-1.20106784301729,-127.948029346757
142.4,-126.823382648088,-126.823382648088,-128.952256841199,-1.18141091694224,-127.770845924257
142.5,-127.58021854964,-127.58021854964,-128.755942637731,-1.16207570016012,-127.59386693757
142.6,-127.995257592426,-127.995257592426,-128.560149947682,-1.14305692751405,-127.417093020168
142.7,-128.532366941915,-128.532366941915,-128.364874205335,-1.12434942001745,-127.240524785318
142.8,-129.020648168723,-129.020648168723,-128.170110909969,-1.1059480834438,-127.064162826526
142.9,-130.509905910487,-130.509905910487,-127.975855624894,-1.08784790693949,-126.888007717954
143,-130.021624683679,-130.021624683679,-127.782103976501,-1.07004396165927,-126.712060014842
143.1,-128.971820046042,-128.971820046042,-127.588851653332,-1.0525313994242,-126.536320253908
143.2,-130.924944953274,-130.924944953274,-127.396094405155,-1.03530545140137,-126.360788953753
143.3,-131.217913689359,-131.217913689359,-127.203828042053,-1.01836142680542,-126.185466615247
143.4,-128.996234107383,-128.996234107383,-127.012048433533,-1.00169471162113,-126.010353721912
143.5,-129.43568721151,-129.43568721151,-126.820751507641,-0.985300767347045,-125.835450740294
143.6,-130.021624683679,-130.021624683679,-126.629933250093,-0.969175129759606,-125.660758120333
143.7,-129.215960659446,-129.215960659446,-126.439589703415,-0.953313407697505,-125.486276295717
143.8,-129.582171579552,-129.582171579552,-126.249716966102,-0.937711281865968,-125.312005684236
143.9,-129.850726254296,-129.850726254296,-126.060311191782,-0.922364503660554,-125.137946688121
144,-131.632952732145,-131.632952732145,-125.871368588396,-0.907268894010248,-124.964099694386
144.1,-132.511858940399,-132.511858940399,-125.68288541739,-0.892420342239472,-124.790465075151
144.2,-134.245257295567,-134.245257295567,-125.494857992917,-0.877814804948713,-124.617043187968
144.3,-135.954241589395,-135.954241589395,-125.30728268105,-0.863448304913492,-124.443834376137
144.4,-136.759905613628,-136.759905613628,-125.120155899011,-0.849316930001314,-124.27083896901
144.5,-136.344866570841,-136.344866570841,-124.933474114403,-0.835416832106382,-124.098057282296
144.6,-136.637835306926,-136.637835306926,-124.747233844462,-0.821744226101725,-123.92548961836
144.7,-135.807757221353,-135.807757221353,-124.561431655316,-0.808295388808474,-123.753136266507
144.8,-134.318499479589,-134.318499479589,-124.376064161251,-0.795066657982029,-123.580997503269
144.9,-133.7813901301,-133.7813901301,-124.191128023995,-0.782054431314775,-123.40907359268
145,-133.976702620823,-133.976702620823,-124.006619952007,-0.769255165455166,-123.237364786552
145.1,-132.780413615144,-132.780413615144,-123.822536699779,-0.756665375042833,-123.065871324736
145.2,-131.047015259976,-131.047015259976,-123.638875067145,-0.74428163175949,-122.894593435386
145.3,-131.388812118741,-131.388812118741,-123.455631898606,-0.73210056339539,-122.723531335211
145.4,-131.535296486784,-131.535296486784,-123.27280408266,-0.720118852931023,-122.552685229729
145.5,-132.511858940399,-132.511858940399,-123.09038855114,-0.70833323763388,-122.382055313506
145.6,-132.56068706308,-132.56068706308,-122.908382278568,-0.696740508169973,-122.211641770398
145.7,-131.095843382657,-131.095843382657,-122.726782281515,-0.685337507729912,-122.041444773785
145.8,-129.508929395531,-129.508929395531,-122.54558561797,-0.674121131169287,-121.871464486801
145.9,-127.677874795001,-127.677874795001,-122.364789386719,-0.663088324163092,-121.701701062556
146,-127.336077936236,-127.336077936236,-122.184390726732,-0.652236082374017,-121.532154644358
146.1,-128.312640389852,-128.312640389852,-122.004386816559,-0.641561450634342,-121.362825365925
146.2,-128.288226328511,-128.288226328511,-121.824774873741,-0.631061522141213,-121.193713351599
146.3,-126.847796709428,-126.847796709428,-121.645552154217,-0.620733437665105,-121.024818716552
146.4,-125.895648317153,-125.895648317153,-121.466715951755,-0.610574384771213,-120.856141566984
146.5,-125.871234255812,-125.871234255812,-121.288263597377,-0.600581597053615,-120.687682000323
146.6,-124.015765593942,-124.015765593942,-121.110192458801,-0.590752353381946,-120.519440105419
146.7,-124.113421839304,-124.113421839304,-120.932499939893,-0.581083977160412,-120.351415962733
146.8,-123.478656244454,-123.478656244454,-120.755183480118,-0.57157383559894,-120.183609644519
146.9,-122.453265668157,-122.453265668157,-120.578240554006,-0.562219338996225,-120.01602121501
147,-124.235492146006,-124.235492146006,-120.401668670628,-0.553017940034547,-119.848650730593
147.1,-123.307757815071,-123.307757815071,-120.225465373071,-0.543967133086109,-119.681498239985
147.2,-122.672992220221,-122.672992220221,-120.049628237929,-0.535064453530726,-119.514563784398
147.3,-123.527484367134,-123.527484367134,-119.874154874797,-0.526307477084701,-119.347847397712
147.4,-124.552874943431,-124.552874943431,-119.699042925775,-0.517693819140655,-119.181349106634
147.5,-122.965960956305,-122.965960956305,-119.524290064977,-0.509221134118183,-119.015068930859
147.6,-121.623187582584,-121.623187582584,-119.349893998049,-0.500887114825133,-118.849006883224
147.7,-120.988421987733,-120.988421987733,-119.175852461696,-0.492689491829329,-118.683162969866
147.8,-122.233539116093,-122.233539116093,-119.002163223208,-0.484626032840601,-118.517537190368
147.9,-121.842914134647,-121.842914134647,-118.828824080006,-0.476694542102889,-118.352129537903
148,-120.500140760925,-120.500140760925,-118.655832859181,-0.468892859796332,-118.186939999385
148.1,-119.059711141842,-119.059711141842,-118.483187417051,-0.461218861449127,-118.021968555602
148.2,-118.717914283077,-118.717914283077,-118.310885638718,-0.453670457359016,-117.857215181359
148.3,-119.035297080502,-119.035297080502,-118.138925437633,-0.446245592024241,-117.692679845609
148.4,-120.036273595458,-120.036273595458,-117.967304755169,-0.438942243583808,-117.528362511585
148.5,-119.499164245969,-119.499164245969,-117.7960215602,-0.431758423266918,-117.364263136933
148.6,-119.035297080502,-119.035297080502,-117.625073848683,-0.42469217485141,-117.200381673832
148.7,-119.084125203183,-119.084125203183,-117.454459643253,-0.417741574131054,-117.036718069122
148.8,-118.693500221736,-118.693500221736,-117.284176992817,-0.410904728391585,-116.873272264425
148.9,-119.499164245969,-119.499164245969,-117.114223972157,-0.404179775895287,-116.710044196262
149,-116.838031559866,-116.838031559866,-116.944598681542,-0.39756488537403,-116.547033796168
149.1,-115.324359756762,-115.324359756762,-116.775299246338,-0.391058255530599,-116.384240990807
149.2,-114.128070751083,-114.128070751083,-116.606323816633,-0.384658114548181,-116.221665702084
149.3,-114.836078529954,-114.836078529954,-116.43767056686,-0.378362719607889,-116.059307847252
149.4,-116.349750333058,-116.349750333058,-116.269337695433,-0.372170356414167,-115.897167339019
149.5,-118.424945546992,-118.424945546992,-116.10132342438,-0.366079338727979,-115.735244085652
149.6,-117.448383093376,-117.448383093376,-115.933625998987,-0.360088007907624,-115.573537991079
149.7,-117.839008074822,-117.839008074822,-115.766243687448,-0.354194732457079,-115.412048954991
149.8,-116.47182063976,-116.47182063976,-115.599174780517,-0.348397907581723,-115.250776872936
149.9,-115.788226922229,-115.788226922229,-115.432417591168,-0.342695954751338,-115.089721636416
150,-115.397601940783,-115.397601940783,-115.265970454255,-0.337087321270258,-114.928883132984
150.1,-113.835102014998,-113.835102014998,-115.099831726186,-0.331570479854558,-114.768261246331
150.2,-114.006000444381,-114.006000444381,-114.933999784595,-0.326143928216157,-114.607855856379
150.3,-114.250141057785,-114.250141057785,-114.768473028018,-0.320806188653741,-114.447666839364
150.4,-113.566547340253,-113.566547340253,-114.603249875581,-0.315555807650354,-114.287694067931
150.5,-113.468891094892,-113.468891094892,-114.438328766686,-0.310391355477605,-114.127937411208
150.6,-114.128070751083,-114.128070751083,-114.273708160703,-0.305311425806336,-113.968396734896
150.7,-112.541156763957,-112.541156763957,-114.10938653667,-0.300314635323663,-113.809071901346
150.8,-111.637836494362,-111.637836494362,-113.945362392994,-0.29539962335629,-113.649962769638
150.9,-113.517719217573,-113.517719217573,-113.781634247159,-0.290565051499984,-113.491069195659
151,-114.225726996444,-114.225726996444,-113.618200635436,-0.285809603255112,-113.332391032181
151.1,-113.37123484953,-113.37123484953,-113.455060112597,-0.281131983668151,-113.173928128929
151.2,-114.250141057785,-114.250141057785,-113.292211251639,-0.276530918979052,-113.01568033266
151.3,-115.763812860889,-115.763812860889,-113.129652643505,-0.272005156274396,-112.857647487231
151.4,-115.299945695421,-115.299945695421,-112.967382896813,-0.267553463146199,-112.699829433667
151.5,-115.959125351612,-115.959125351612,-112.805400637588,-0.263174627356328,-112.542226010231
151.6,-116.374164394399,-116.374164394399,-112.643704508998,-0.258867456506388,-112.384837052492
151.7,-116.007953474293,-116.007953474293,-112.482293171099,-0.254630777713025,-112.227662393386
151.8,-117.423969032036,-117.423969032036,-112.321165300571,-0.250463437288542,-112.070701863283
151.9,-118.449359608332,-118.449359608332,-112.160319590474,-0.246364300426732,-111.913955290047
152,-118.27846117895,-118.27846117895,-111.999754749996,-0.242332250893862,-111.757422499102
152.1,-117.741351829461,-117.741351829461,-111.839469504209,-0.238366190724716,-111.601103313484
152.2,-116.081195658314,-116.081195658314,-111.67946259383,-0.234465039923603,-111.444997553907
152.3,-114.128070751083,-114.128070751083,-111.519732774985,-0.230627736170269,-111.289105038815
152.4,-115.348773818102,-115.348773818102,-111.360278818971,-0.226853234530613,-111.13342558444
152.5,-115.739398799549,-115.739398799549,-111.201099512032,-0.223140507172143,-110.97795900486
152.6,-113.786273892317,-113.786273892317,-111.04219365513,-0.21948854308409,-110.822705112046
152.7,-114.689594161912,-114.689594161912,-110.883560063722,-0.215896347802093,-110.66766371592
152.8,-115.129047266039,-115.129047266039,-110.725197567541,-0.21236294313741,-110.512834624404
152.9,-112.492328641276,-112.492328641276,-110.567105010383,-0.208887366910533,-110.358217643473
153,-112.10170365983,-112.10170365983,-110.409281249888,-0.205468672689188,-110.203812577199
153.1,-112.858539561382,-112.858539561382,-110.251725157337,-0.202105929530607,-110.049619227807
153.2,-113.444477033551,-113.444477033551,-110.094435617441,-0.198798221728025,-109.895637395713
153.3,-112.882953622722,-112.882953622722,-109.937411528141,-0.19554464856133,-109.741866879579
153.4,-111.442524003639,-111.442524003639,-109.780651800405,-0.192344324051776,-109.588307476353
153.5,-109.880024077854,-109.880024077854,-109.624155358034,-0.189196376720735,-109.434958981313
153.6,-110.417133427343,-110.417133427343,-109.467921137467,-0.186099949352376,-109.281821188114
153.7,-111.076313083533,-111.076313083533,-109.311948087588,-0.183054198760246,-109.128893888828
153.8,-110.514789672704,-110.514789672704,-109.156235169543,-0.180058295557653,-108.976176873985
153.9,-110.85658653147,-110.85658653147,-109.000781356547,-0.177111423931823,-108.823669932615
154,-110.636859979406,-110.636859979406,-108.845585633709,-0.174212781421742,-108.671372852288
154.1,-109.977680323215,-109.977680323215,-108.690646997849,-0.171361578699641,-108.519285419149
154.2,-110.319477181981,-110.319477181981,-108.53596445732,-0.168557039356057,-108.367407417964
154.3,-109.269672544344,-109.269672544344,-108.381537031837,-0.165798399688401,-108.215738632149
154.4,-107.316547637113,-107.316547637113,-108.227363752304,-0.163084908493003,-108.064278843811
154.5,-107.121235146389,-107.121235146389,-108.073443660644,-0.160415826860549,-107.913027833783
154.6,-106.364399244837,-106.364399244837,-107.919775809634,-0.157790427974866,-107.761985381659
154.7,-106.730610164943,-106.730610164943,-107.766359262741,-0.155207996915011,-107.611151265826
154.8,-106.071430508752,-106.071430508752,-107.613193093962,-0.152667830460583,-107.460525263502
154.9,-105.705219588646,-105.705219588646,-107.460276387664,-0.150169236900232,-107.310107150763
155,-106.681782042262,-106.681782042262,-107.307608238425,-0.147711535843303,-107.159896702582
155.1,-106.071430508752,-106.071430508752,-107.155187750887,-0.145294058034553,-107.009893692853
155.2,-103.483540006671,-103.483540006671,-107.003014039598,-0.142916145171914,-106.860097894427
155.3,-103.922993110798,-103.922993110798,-106.851086228866,-0.140577149727224,-106.710509079139
155.4,-104.460102460286,-104.460102460286,-106.699403452611,-0.138276434769902,-106.561127017841
155.5,-106.315571122156,-106.315571122156,-106.547964854219,-0.136013373793507,-106.411951480426
155.6,-106.755024226283,-106.755024226283,-106.396769586405,-0.133787350545133,-106.26298223586
155.7,-103.678852497394,-103.678852497394,-106.245816811065,-0.131597758857596,-106.114219052207
155.8,-102.409321307693,-102.409321307693,-106.095105699144,-0.129444002484373,-105.965661696659
155.9,-104.289204030904,-104.289204030904,-105.944635430497,-0.127325494937234,-105.81730993556
156,-106.755024226283,-106.755024226283,-105.794405193756,-0.125241659326539,-105.669163534429
156.1,-105.92494614071,-105.92494614071,-105.644414186198,-0.123191928204142,-105.521222257994
156.2,-104.0450634175,-104.0450634175,-105.494661613617,-0.121175743408875,-105.373485870208
156.3,-104.753071196371,-104.753071196371,-105.345146690192,-0.11919255591455,-105.225954134277
156.4,-104.972797748435,-104.972797748435,-105.195868638365,-0.117241825680457,-105.078626812684
156.5,-103.605610313373,-103.605610313373,-105.046826688716,-0.115323021504302,-104.931503667211
156.6,-105.656391465966,-105.656391465966,-104.89802007984,-0.113435620877564,-104.784584458962
156.7,-107.023578901028,-107.023578901028,-104.749448058228,-0.1115791098432,-104.637868948385
156.8,-104.801899319052,-104.801899319052,-104.601109878151,-0.1097529828557,-104.491356895295
156.9,-102.84877441182,-102.84877441182,-104.453004801537,-0.107956742643413,-104.345048058893
157,-102.653461921097,-102.653461921097,-104.305132097862,-0.106189900073142,-104.198942197789
157.1,-103.141743147905,-103.141743147905,-104.157491044038,-0.104451974016945,-104.053039070021
157.2,-101.383930731397,-101.383930731397,-104.010080924296,-0.102742491221121,-103.907338433075
157.3,-101.090961995312,-101.090961995312,-103.862901030082,-0.101060986177338,-103.761840043904
157.4,-101.847797896864,-101.847797896864,-103.715950659947,-0.0994070009958689,-103.616543658951
157.5,-100.749165136546,-100.749165136546,-103.569229119441,-0.0977800852809067,-103.47144903416
157.6,-98.3321730638474,-98.3321730638474,-103.422735721011,-0.0961797960079154,-103.326555925003
157.7,-98.8692824133361,-98.8692824133361,-103.276469783892,-0.0946056974029923,-103.181864086489
157.8,-100.285297971079,-100.285297971079,-103.130430634014,-0.0930573608241997,-103.03737327319
157.9,-101.017719811291,-101.017719811291,-102.984617603897,-0.0915343646448441,-102.893083239252
158,-99.1378370880804,-99.1378370880804,-102.839030032553,-0.0900362941386622,-102.748993738414
158.1,-97.4776809169336,-97.4776809169336,-102.693667265391,-0.0885627413668868,-102.605104524024
158.2,-96.5255325246582,-96.5255325246582,-102.548528654123,-0.087113305067163,-102.461415349056
158.3,-95.5245560097021,-95.5245560097021,-102.403613556668,-0.0856875905442781,-102.317925966124
158.4,-95.3780716416597,-95.3780716416597,-102.258921337061,-0.0842852095626838,-102.174636127498
158.5,-94.5479935560863,-94.5479935560863,-102.11445136536,-0.0829057802407759,-102.03154558512
158.6,-95.3048294576385,-95.3048294576385,-101.970203017563,-0.0815489269469039,-101.888654090616
158.7,-96.7208450153814,-96.7208450153814,-101.82617567551,-0.0802142801970842,-101.745961395313
158.8,-98.9669386586977,-98.9669386586977,-101.682368726808,-0.0789014765543842,-101.603467250253
158.9,-99.4552198855056,-99.4552198855056,-101.538781564735,-0.0776101585299561,-101.461171406205
159,-99.3087355174632,-99.3087355174632,-101.395413588164,-0.0763399744856895,-101.319073613679
159.1,-98.7227980452937,-98.7227980452937,-101.252264201477,-0.075090578538456,-101.177173622938
159.2,-97.380024671572,-97.380024671572,-101.109332814482,-0.0738616304659237,-101.035471184016
159.3,-96.7940871994026,-96.7940871994026,-100.966618842336,-0.0726527956139094,-100.893966046722
159.4,-98.7960402293149,-98.7960402293149,-100.824121705466,-0.0714637448052507,-100.752657960661
159.5,-100.163227664377,-100.163227664377,-100.68184082949,-0.0702941542501667,-100.61154667524
159.6,-99.6505323762287,-99.6505323762287,-100.53977564514,-0.0691437054580877,-100.470631939682
159.7,-100.163227664377,-100.163227664377,-100.397925588188,-0.068012085150928,-100.329913503037
159.8,-100.749165136546,-100.749165136546,-100.256290099372,-0.0668989851777755,-100.189391114195
159.9,-99.8214308056115,-99.8214308056115,-100.114868624324,-0.0658041024309803,-100.049064521893
160,-100.236469848398,-100.236469848398,-99.9736606134956,-0.0647271387636156,-99.908933474732
160.1,-100.285297971079,-100.285297971079,-99.8326655220881,-0.0636678009082893,-99.7689977211798
160.2,-99.11342302674,-99.11342302674,-99.691882809985,-0.0626258003972854,-99.6292570095877
160.3,-98.6983839839533,-98.6983839839533,-99.5513119416815,-0.0616008534840096,-99.4897110881975
160.4,-99.6993604989095,-99.6993604989095,-99.4109523862175,-0.0605926810657242,-99.3503597051518
160.5,-100.99330574995,-100.99330574995,-99.2708036171118,-0.0596010086075449,-99.2112026085043
160.6,-99.11342302674,-99.11342302674,-99.1308651122959,-0.0586255660676825,-99.0722395462282
160.7,-98.2589308798262,-98.2589308798262,-98.9911363540502,-0.0576660878239086,-98.9334702662263
160.8,-97.3556106102317,-97.3556106102317,-98.8516168289407,-0.056722312601223,-98.7948945163395
160.9,-97.502094978274,-97.502094978274,-98.7123060277563,-0.0557939834007068,-98.6565120443556
161,-97.9659621437415,-97.9659621437415,-98.5732034454477,-0.0548808474295392,-98.5183225980181
161.1,-98.7472121066341,-98.7472121066341,-98.4343085810668,-0.0539826560321589,-98.3803259250347
161.2,-98.0392043277627,-98.0392043277627,-98.2956209377076,-0.0530991646225545,-98.242521773085
161.3,-97.4532668555932,-97.4532668555932,-98.157140022447,-0.0522301326176592,-98.1049098898294
161.4,-97.8194777756992,-97.8194777756992,-98.0188653462878,-0.0513753233718393,-97.9674900229159
161.5,-97.5997512236356,-97.5997512236356,-97.8807964241013,-0.0505345041124529,-97.8302619199888
161.6,-97.6485793463164,-97.6485793463164,-97.742932774572,-0.0497074458764634,-97.6932253286955
161.7,-99.5772901922075,-99.5772901922075,-97.6052739201424,-0.0488939234480917,-97.5563799966943
161.8,-98.429829309209,-98.429829309209,-97.4678193869588,-0.0480937152974865,-97.4197256716613
161.9,-98.1612746344647,-98.1612746344647,-97.3305687048178,-0.0473066035204005,-97.2832621012974
162,-97.624165284976,-97.624165284976,-97.1935214071144,-0.0465323737788528,-97.1469890333356
162.1,-96.8917434447642,-96.8917434447642,-97.0566770307898,-0.0457708152427621,-97.010906215547
162.2,-96.7940871994026,-96.7940871994026,-96.9200351162807,-0.0450217205325372,-96.8750133957481
162.3,-97.624165284976,-97.624165284976,-96.7835952074693,-0.0442848856626038,-96.7393103218067
162.4,-98.8692824133361,-98.8692824133361,-96.6473568516342,-0.0435601099858583,-96.6037967416483
162.5,-97.8194777756991,-97.8194777756991,-96.5113195994013,-0.0428471961390293,-96.4684724032623
162.6,-96.6231887700198,-96.6231887700198,-96.3754830046968,-0.0421459499889336,-96.3333370547079
162.7,-96.9893996901257,-96.9893996901257,-96.2398466246996,-0.0414561805796132,-96.19839044412
162.8,-98.8936964746765,-98.8936964746765,-96.1044100197953,-0.0407777000803343,-96.0636323197149
162.9,-97.7950637143587,-97.7950637143587,-95.9691727535304,-0.04011032373444,-95.929062429796
163,-97.4288527942528,-97.4288527942528,-95.8341343925679,-0.0394538698090398,-95.7946805227588
163.1,-97.0626418741469,-97.0626418741469,-95.6992945066425,-0.0388081595455212,-95.660486347097
163.2,-97.6485793463164,-97.6485793463164,-95.5646526685179,-0.0381730171108732,-95.526479651407
163.3,-100.236469848398,-100.236469848398,-95.4302084539432,-0.0375482695498037,-95.3926601843934
163.4,-99.357563640144,-99.357563640144,-95.2959614416114,-0.0369337467376433,-95.2590276948737
163.5,-98.0147902664223,-98.0147902664223,-95.1619112131176,-0.0363292813340184,-95.1255819317836
163.6,-96.6231887700198,-96.6231887700198,-95.0280573529184,-0.0357347087372827,-94.9923226441811
163.7,-98.6007277385918,-98.6007277385918,-94.8943994482915,-0.0351498670396956,-94.8592495812518
163.8,-98.1368605731243,-98.1368605731243,-94.7609370892964,-0.0345745969833312,-94.726362492313
163.9,-98.1124465117839,-98.1124465117839,-94.627669868735,-0.0340087419167128,-94.5936611268183
164,-98.7716261679745,-98.7716261679745,-94.4945973821139,-0.0334521477521541,-94.4611452343617
164.1,-96.9161575061046,-96.9161575061046,-94.361719227606,-0.0329046629238001,-94.3288145646822
164.2,-98.9669386586977,-98.9669386586977,-94.229035006014,-0.0323661383463544,-94.1966688676677
164.3,-98.307759002507,-98.307759002507,-94.0965443207334,-0.0318364273744814,-94.0647078933589
164.4,-96.6231887700198,-96.6231887700198,-93.9642467777165,-0.0313153857628737,-93.9329313919536
164.5,-96.5011184633179,-96.5011184633179,-93.8321419854371,-0.0308028716269728,-93.8013391138101
164.6,-96.2569778499139,-96.2569778499139,-93.7002295548556,-0.0302987454043324,-93.6699308094513
164.7,-97.8438918370395,-97.8438918370395,-93.5685090993847,-0.0298028698166143,-93.5387062295681
164.8,-98.6251417999322,-98.6251417999322,-93.4369802348555,-0.0293151098322064,-93.4076651250233
164.9,-98.9669386586977,-98.9669386586977,-93.3056425794841,-0.0288353326294518,-93.2768072468546
165,-98.185688695805,-98.185688695805,-93.1744957538392,-0.0283634075604808,-93.1461323462787
165.1,-96.9161575061046,-96.9161575061046,-93.0435393808093,-0.0278992061156337,-93.0156401746936
165.2,-95.1095169669154,-95.1095169669154,-92.9127730855717,-0.0274426018884673,-92.8853304836832
165.3,-95.5001419483617,-95.5001419483617,-92.7821964955605,-0.0269934705413321,-92.7552030250192
165.4,-96.574360647339,-96.574360647339,-92.6518092404363,-0.0265516897715145,-92.6252575506648
165.5,-94.7433060468094,-94.7433060468094,-92.5216109520556,-0.0261171392779329,-92.4954938127777
165.6,-96.5987747086794,-96.5987747086794,-92.3916012644414,-0.0256897007283779,-92.365911563713
165.7,-95.9395950524888,-95.9395950524888,-92.2617798137533,-0.0252692577272904,-92.236510556026
165.8,-94.9874466602134,-94.9874466602134,-92.1321462382592,-0.0248556957840646,-92.1072905424751
165.9,-95.768696623106,-95.768696623106,-92.0027001783062,-0.0244489022818722,-91.9782512760244
166,-95.646626316404,-95.646626316404,-91.8734412762933,-0.0240487664469954,-91.8493925098463
166.1,-96.1349075432119,-96.1349075432119,-91.7443691766431,-0.0236551793186618,-91.7207139973245
166.2,-96.3302200339351,-96.3302200339351,-91.6154835257755,-0.0232680337193743,-91.5922154920561
166.3,-95.207173212277,-95.207173212277,-91.4867839720801,-0.0228872242257249,-91.4638967478544
166.4,-95.5733841323829,-95.5733841323829,-91.3582701658906,-0.0225126471396868,-91.3357575187509
166.5,-95.5733841323829,-95.5733841323829,-91.2299417594585,-0.0221442004603769,-91.2077975589981
166.6,-95.2804153962981,-95.2804153962981,-91.1017984069278,-0.0217817838562798,-91.0800166230715
166.7,-95.6954544390848,-95.6954544390848,-90.9738397643099,-0.021425298637927,-90.952414465672
166.8,-94.8653763535114,-94.8653763535114,-90.8460654894589,-0.0210746477310219,-90.8249908417279
166.9,-95.646626316404,-95.646626316404,-90.7184752420471,-0.0207297356500063,-90.6977455063971
167,-95.2804153962981,-95.2804153962981,-90.5910686835415,-0.0203904684720585,-90.5706782150694
167.1,-94.2061966973208,-94.2061966973208,-90.4638454771795,-0.0200567538115172,-90.443788723368
167.2,-94.401509188044,-94.401509188044,-90.3368052879467,-0.0197285007947247,-90.317076787152
167.3,-94.279438881342,-94.279438881342,-90.2099477825532,-0.0194056200352797,-90.1905421625179
167.4,-93.1808061210242,-93.1808061210242,-90.0832726294114,-0.019088023609698,-90.0641846058017
167.5,-92.546040526174,-92.546040526174,-89.9567794986141,-0.0187756250334691,-89.9380038735806
167.6,-91.3253374591542,-91.3253374591542,-89.8304680619125,-0.0184683392375062,-89.811999722675
167.7,-89.0548297544976,-89.0548297544976,-89.7043379926948,-0.0181660825449811,-89.6861719101498
167.8,-88.151509484903,-88.151509484903,-89.5783889659649,-0.0178687726485377,-89.5605201933163
167.9,-89.5431109813055,-89.5431109813055,-89.4526206583219,-0.0175763285878794,-89.435044329734
168,-89.8116656560498,-89.8116656560498,-89.3270327479397,-0.0172886707277228,-89.309744077212
168.1,-90.0313922081133,-90.0313922081133,-89.2016249145462,-0.0170057207361119,-89.1846191938101
168.2,-91.7892046246218,-91.7892046246218,-89.0763968394046,-0.0167274015630882,-89.0596694378415
168.3,-90.6661578029636,-90.6661578029636,-88.9513482052927,-0.0164536374197087,-88.934894567873
168.4,-90.2267046988365,-90.2267046988365,-88.8264786964843,-0.0161843537574079,-88.8102943427269
168.5,-91.0567827844099,-91.0567827844099,-88.7017879987304,-0.0159194772476979,-88.6858685214827
168.6,-90.2511187601769,-90.2511187601769,-88.5772757992402,-0.0156589357622,-88.561616863478
168.7,-89.9581500240922,-89.9581500240922,-88.4529417866629,-0.0154026583530037,-88.4375391283099
168.8,-91.1056109070907,-91.1056109070907,-88.3287856510697,-0.0151505752333467,-88.3136350758363
168.9,-91.9112749313237,-91.9112749313237,-88.204807083936,-0.0149026177586115,-88.1899044661774
169,-91.6427202565794,-91.6427202565794,-88.081005778124,-0.0146587184076327,-88.0663470597163
169.1,-92.1310014833873,-92.1310014833873,-87.957381427865,-0.0144188107643103,-87.9429626171007
169.2,-92.1554155447277,-92.1554155447277,-87.8339337287434,-0.0141828294995241,-87.8197508992439
169.3,-91.2032671524523,-91.2032671524523,-87.7106623776789,-0.013950710353344,-87.6967116673256
169.4,-91.1300249684311,-91.1300249684311,-87.5875670729108,-0.0137223901175312,-87.5738446827932
169.5,-90.568501557602,-90.568501557602,-87.4646475139815,-0.0134978066183262,-87.4511497073631
169.6,-89.762837533369,-89.762837533369,-87.3419034017207,-0.0132768986995181,-87.3286265030212
169.7,-90.7638140483252,-90.7638140483252,-87.2193344382298,-0.0130596062057914,-87.206274832024
169.8,-90.6173296802828,-90.6173296802828,-87.0969403268662,-0.0128458699663451,-87.0840944568999
169.9,-89.1280719385188,-89.1280719385188,-86.9747207722283,-0.0126356317787797,-86.9620851404495
170,-89.2745563065611,-89.2745563065611,-86.8526754801403,-0.0124288343932486,-86.8402466457471
170.1,-91.1300249684311,-91.1300249684311,-86.7308041576379,-0.0122254214968676,-86.718578736141
170.2,-89.7140094106882,-89.7140094106882,-86.6091065129534,-0.0120253376983816,-86.597081175255
170.3,-89.0304156931572,-89.0304156931572,-86.4875822555014,-0.0118285285130798,-86.4757537269883
170.4,-87.8341266874779,-87.8341266874779,-86.3662310958652,-0.0116349403479598,-86.3545961555172
170.5,-87.8097126261375,-87.8097126261375,-86.2450527457822,-0.0114445204871333,-86.2336082252951
170.6,-87.5411579513931,-87.5411579513931,-86.1240469181311,-0.0112572170774714,-86.1127897010537
170.7,-87.7120563807759,-87.7120563807759,-86.003213326918,-0.0110729791144842,-85.9921403478035
170.8,-88.0050251168606,-88.0050251168606,-85.882551687263,-0.010891756428432,-85.8716599308346
170.9,-88.5421344663493,-88.5421344663493,-85.7620617153878,-0.0107134996706635,-85.7513482157172
171,-88.151509484903,-88.151509484903,-85.6417431286024,-0.0105381603001776,-85.6312049683022
171.1,-86.7110798658197,-86.7110798658197,-85.5215956452925,-0.0103656905704055,-85.5112299547221
171.2,-86.9796345405641,-86.9796345405641,-85.4016189849075,-0.0101960435162087,-85.3914229413913
171.3,-87.0284626632449,-87.0284626632449,-85.2818128679479,-0.0100291729410899,-85.2717836950068
171.4,-88.6153766503705,-88.6153766503705,-85.1621770159531,-0.00986503340461337,-85.1523119825485
171.5,-89.0548297544976,-89.0548297544976,-85.0427111514903,-0.00970358021003088,-85.0330075712803
171.6,-88.0782673008818,-88.0782673008818,-84.9234149981419,-0.00954476939211063,-84.9138702287498
171.7,-88.0782673008818,-88.0782673008818,-84.8042882804947,-0.00938855770516502,-84.7948997227896
171.8,-88.3224079142857,-88.3224079142857,-84.6853307241283,-0.0092349026112743,-84.676095821517
171.9,-87.2970173379892,-87.2970173379892,-84.5665420556038,-0.00908376226870323,-84.5574582933351
172,-87.6144001354143,-87.6144001354143,-84.4479220024534,-0.0089350955205071,-84.4389869069329
172.1,-87.8585407488183,-87.8585407488183,-84.3294702931689,-0.00878886188332436,-84.3206814312856
172.2,-87.9806110555202,-87.9806110555202,-84.2111866571916,-0.00864502153635266,-84.2025416356553
172.3,-86.3448689457138,-86.3448689457138,-84.0930708249016,-0.00850353531050513,-84.0845672895911
172.4,-86.8819782952025,-86.8819782952025,-83.9751225276074,-0.00836436467774438,-83.9667581629296
172.5,-86.6378376817985,-86.6378376817985,-83.8573414975359,-0.00822747174059089,-83.8491140257953
172.6,-85.6612752281828,-85.6612752281828,-83.7397274678226,-0.00809281922180321,-83.7316346486008
172.7,-86.0519002096291,-86.0519002096291,-83.6222801725014,-0.00796037045422705,-83.6143198020472
172.8,-85.2950643080768,-85.2950643080768,-83.5049993464949,-0.00783008937081034,-83.4971692571241
172.9,-83.1466269101222,-83.1466269101222,-83.3878847256051,-0.00770194049478195,-83.3801827851103
173,-80.9493613894867,-80.9493613894867,-83.270936046504,-0.00757588892999098,-83.263360157574
173.1,-81.2911582482522,-81.2911582482522,-83.1541530467241,-0.00745190035140417,-83.1467011463727
173.2,-83.1954550328029,-83.1954550328029,-83.0375354646497,-0.00732994099575901,-83.0302055236539
173.3,-83.63490813693,-83.63490813693,-82.9210830395072,-0.00720997765236952,-82.9138730618549
173.4,-85.6856892895232,-85.6856892895232,-82.8047955113572,-0.00709197765408274,-82.7977035337032
173.5,-85.0997518173537,-85.0997518173537,-82.6886726210852,-0.00697590886838317,-82.6816967122168
173.6,-85.6368611668424,-85.6368611668424,-82.5727141103928,-0.00686173968864269,-82.5658523707042
173.7,-85.6368611668424,-85.6368611668424,-82.4569197217902,-0.006749439025514,-82.4501702827647
173.8,-85.7101033508636,-85.7101033508636,-82.341289198587,-0.0066389762984644,-82.3346502222886
173.9,-85.8810017802463,-85.8810017802463,-82.2258222848843,-0.00653032142744865,-82.2192919634569
174,-83.9278768730148,-83.9278768730148,-82.1105187255668,-0.00642344482471773,-82.1040952807421
174.1,-83.3663534621857,-83.3663534621857,-81.9953782662946,-0.00631831738676193,-81.9890599489079
174.2,-82.145650395166,-82.145650395166,-81.8804006534957,-0.00621491048638573,-81.8741857430093
174.3,-82.9757284807394,-82.9757284807394,-81.765585634358,-0.00611319596491215,-81.7594724383931
174.4,-83.1466269101222,-83.1466269101222,-81.6509329568219,-0.00601314612451503,-81.6449198106974
174.5,-84.7335408972478,-84.7335408972478,-81.5364423695728,-0.00591473372067662,-81.5305276358521
174.6,-83.2198690941433,-83.2198690941433,-81.4221136220335,-0.00581793195476858,-81.4162956900788
174.7,-80.5343223467,-80.5343223467,-81.3079464643577,-0.00572271446675464,-81.302223749891
174.8,-80.9981895121675,-80.9981895121675,-81.1939406474219,-0.00562905532801226,-81.1883115920939
174.9,-80.3878379786576,-80.3878379786576,-81.0800959228189,-0.00553692903427218,-81.0745589937847
175,-81.095845757529,-81.095845757529,-80.9664120428511,-0.00544631049867333,-80.9609657323524
175.1,-81.8526816590813,-81.8526816590813,-80.8528887605231,-0.00535717504493143,-80.8475315854782
175.2,-79.8019005064881,-79.8019005064881,-80.7395258295355,-0.00526949840061949,-80.7342563311348
175.3,-78.4591271327664,-78.4591271327664,-80.6263230042779,-0.00518325669055803,-80.6211397475874
175.4,-80.6563926534019,-80.6563926534019,-80.5132800398228,-0.00509842643031377,-80.5081816133925
175.5,-80.7784629601039,-80.7784629601039,-80.400396691919,-0.00501498451980457,-80.3953817073992
175.6,-80.5099082853596,-80.5099082853596,-80.2876727169848,-0.00493290823700905,-80.2827398087478
175.7,-81.1446738802098,-81.1446738802098,-80.1751078721029,-0.00485217523177919,-80.1702556968711
175.8,-79.8751426905093,-79.8751426905093,-80.0627019150131,-0.00477276351975413,-80.0579291514933
175.9,-81.4376426162946,-81.4376426162946,-79.950454604107,-0.00469465147637365,-79.9457599526307
176,-81.5841269843369,-81.5841269843369,-79.8383656984219,-0.00461781783098959,-79.8337478805909
176.1,-81.7306113523793,-81.7306113523793,-79.7264349576347,-0.00454224166107366,-79.7218927159736
176.2,-81.0714316961886,-81.0714316961886,-79.6146621420564,-0.00446790238652006,-79.6101942396698
176.3,-79.9239708131901,-79.9239708131901,-79.5030470126263,-0.00439477976404125,-79.4986522328623
176.4,-80.168111426594,-80.168111426594,-79.3915893309066,-0.00432285388165558,-79.3872664770249
176.5,-79.1183067889571,-79.1183067889571,-79.2802888590765,-0.00425210515326504,-79.2760367539232
176.6,-77.1651818817255,-77.1651818817255,-79.169145359927,-0.00418251431332177,-79.1649628456137
176.7,-77.067525636364,-77.067525636364,-79.0581585968559,-0.00411406241158193,-79.0540445344443
176.8,-75.7735803853231,-75.7735803853231,-78.9473283338617,-0.00404673080794529,-78.9432816030538
176.9,-72.795064901795,-72.795064901795,-78.8366543355392,-0.00398050116737939,-78.8326738343718
177,-72.4776821043698,-72.4776821043698,-78.7261363670739,-0.00391535545492674,-78.722221011619
177.1,-71.0128384239462,-71.0128384239462,-78.6157741942373,-0.00385127593079372,-78.6119229183065
177.2,-70.1583462770324,-70.1583462770324,-78.5055675833816,-0.00378824514551989,-78.5017793382361
177.3,-68.7179166579491,-68.7179166579491,-78.3955163014351,-0.00372624593522632,-78.3917900554998
177.4,-68.1808073084605,-68.1808073084605,-78.2856201158971,-0.00366526141694167,-78.2819548544802
177.5,-69.4991666208417,-69.4991666208417,-78.1758787948336,-0.00360527498400487,-78.1722735198496
177.6,-68.4737760445452,-68.4737760445452,-78.066292106872,-0.00354627030154288,-78.0627458365705
177.7,-69.9386197249688,-69.9386197249688,-77.9568598211972,-0.00348823130202268,-77.9533715898952
177.8,-70.7442837492019,-70.7442837492019,-77.8475817075463,-0.00343114218087578,-77.8441505653654
177.9,-69.9142056636285,-69.9142056636285,-77.7384575362048,-0.00337498739219458,-77.7350825488126
178,-69.3526822527994,-69.3526822527994,-77.6294870780017,-0.00331975164449903,-77.6261673263572
178.1,-69.4259244368206,-69.4259244368206,-77.5206701043056,-0.00326541989657262,-77.5174046844091
178.2,-69.7921353569265,-69.7921353569265,-77.4120063870201,-0.0032119773533666,-77.4087944096667
178.3,-69.5235806821821,-69.5235806821821,-77.3034956985795,-0.00315940946197101,-77.3003362891175
178.4,-70.9884243626058,-70.9884243626058,-77.195137811945,-0.00310770190765186,-77.1920301100373
178.5,-71.3058071600309,-71.3058071600309,-77.0869325006004,-0.00305684060995307,-77.0838756599904
178.6,-70.3048306450748,-70.3048306450748,-76.978879538548,-0.00300681171886227,-76.9758727268291
178.7,-70.3780728290959,-70.3780728290959,-76.8709787003049,-0.00295760161103929,-76.8680210986938
178.8,-70.3780728290959,-70.3780728290959,-76.7632297608987,-0.00290919688610634,-76.7603205640126
178.9,-68.9864713326934,-68.9864713326934,-76.6556324958639,-0.00286158436299906,-76.6527709115009
179,-69.3770963141398,-69.3770963141398,-76.548186681238,-0.00281475107637709,-76.5453719301616
179.1,-70.2315884610536,-70.2315884610536,-76.4408920935578,-0.00276868427309357,-76.4381234092847
179.2,-71.4278774667329,-71.4278774667329,-76.3337485098558,-0.00272337140872231,-76.3310251384471
179.3,-71.7696743254984,-71.7696743254984,-76.2267557076563,-0.00267880014414177,-76.2240769075122
179.4,-70.939596239925,-70.939596239925,-76.119913464972,-0.0026349583421751,-76.1172785066298
179.5,-70.3292447064152,-70.3292447064152,-76.0132215603003,-0.00259183406428497,-76.010629726236
179.6,-72.1114711842639,-72.1114711842639,-75.90667977262,-0.00254941556732267,-75.9041303570527
179.7,-73.5030726806664,-73.5030726806664,-75.800287881388,-0.00250769130033031,-75.7977801900877
179.8,-73.1124476992201,-73.1124476992201,-75.6940456665354,-0.00246664990139539,-75.691579016634
179.9,-72.4776821043699,-72.4776821043699,-75.5879529084645,-0.00242628019455683,-75.58552662827
180,-73.356588312624,-73.356588312624,-75.4820093880457,-0.00238657118676166,-75.479622816859
180.1,-72.8927211471565,-72.8927211471565,-75.3762148866138,-0.0023475120648715,-75.3738673745489
180.2,-72.3800258590083,-72.3800258590083,-75.2705691859651,-0.00230909219271808,-75.2682600937724
180.3,-73.5030726806664,-73.5030726806664,-75.1650720683542,-0.00227130110820686,-75.162800767246
180.4,-73.72279923273,-73.72279923273,-75.0597233164907,-0.0022341285204681,-75.0574891879703
180.5,-74.4796351342822,-74.4796351342822,-74.9545227135367,-0.00219756430705462,-74.9523251492296
180.6,-73.8936976621127,-73.8936976621127,-74.8494700431029,-0.00216159851118528,-74.8473084445917
180.7,-73.1612758219009,-73.1612758219009,-74.7445650892464,-0.00212622133903375,-74.7424388679074
180.8,-72.917135208497,-72.917135208497,-74.6398076364675,-0.00209142315706146,-74.6377162133104
180.9,-72.8927211471565,-72.8927211471565,-74.5351974697065,-0.00205719448939436,-74.5331402752171
181,-73.7960414167511,-73.7960414167511,-74.4307343743415,-0.00202352601524253,-74.4287108483262
181.1,-73.8692836007723,-73.8692836007723,-74.3264181361847,-0.00199040856636202,-74.3244277276184
181.2,-71.3058071600309,-71.3058071600309,-74.2222485414808,-0.00195783312455833,-74.2202907083562
181.3,-69.9630337863092,-69.9630337863092,-74.1182253769029,-0.00192579081923055,-74.1162995860837
181.4,-70.5245571971383,-70.5245571971383,-74.014348429551,-0.00189427292495591,-74.0124541566261
181.5,-69.5968228662033,-69.5968228662033,-73.9106174869487,-0.00186327085911372,-73.9087542160895
181.6,-67.2042448548447,-67.2042448548447,-73.8070323370405,-0.00183277617954824,-73.8051995608609
181.7,-65.4708464996767,-65.4708464996767,-73.7035927681897,-0.00180278058226984,-73.7017899876075
181.8,-66.8868620574196,-66.8868620574196,-73.6002985691756,-0.00177327589919369,-73.5985252932764
181.9,-69.206197884757,-69.206197884757,-73.4971495291907,-0.00174425409591555,-73.4954052750948
182,-68.7911588419703,-68.7911588419703,-73.3941454378387,-0.00171570726952392,-73.3924297305692
182.1,-68.9132291486723,-68.9132291486723,-73.2912860851318,-0.00168762764644798,-73.2895984574853
182.2,-68.0099088790777,-68.0099088790777,-73.1885712614882,-0.00166000758034082,-73.1869112539079
182.3,-68.6446744739279,-68.6446744739279,-73.08600075773,-0.00163283954999722,-73.08436791818
182.4,-69.3038541301186,-69.3038541301186,-72.9835743650806,-0.00160611615730557,-72.9819682489233
182.5,-68.4981901058856,-68.4981901058856,-72.8812918751626,-0.00157983012523332,-72.8797120450373
182.6,-68.15639324712,-68.15639324712,-72.7791530799951,-0.00155397429584531,-72.7775991056993
182.7,-68.5470182285664,-68.5470182285664,-72.6771577719922,-0.0015285416283547,-72.6756292303638
182.8,-68.5714322899067,-68.5714322899067,-72.5753057439599,-0.00150352519720559,-72.5738022187627
182.9,-68.15639324712,-68.15639324712,-72.4735967890946,-0.00147891819018719,-72.4721178709044
183,-68.7179166579491,-68.7179166579491,-72.3720307009805,-0.00145471390657876,-72.3705759870739
183.1,-68.4981901058856,-68.4981901058856,-72.2706072735876,-0.00143090575532497,-72.2691763678323
183.2,-67.8390104496949,-67.8390104496949,-72.16932630127,-0.00140748725324107,-72.1679188140167
183.3,-66.9356901801004,-66.9356901801004,-72.0681875787629,-0.00138445202324746,-72.0668031267396
183.4,-65.1534637022516,-65.1534637022516,-71.9671909011815,-0.00136179379263316,-71.9658291073889
183.5,-64.0792450032742,-64.0792450032742,-71.8663360640185,-0.00133950639134769,-71.8649965576271
183.6,-66.4718230146328,-66.4718230146328,-71.765622863142,-0.00131758375032088,-71.7643052793917
183.7,-68.7667447806299,-68.7667447806299,-71.665051094794,-0.00129601989981027,-71.6637550748942
183.8,-68.7667447806299,-68.7667447806299,-71.5646205555879,-0.00127480896777541,-71.5633457466202
183.9,-67.472799529589,-67.472799529589,-71.4643310425071,-0.00125394517827892,-71.4630770973288
184,-68.644674473928,-68.644674473928,-71.3641823529027,-0.00123342284991358,-71.3629489300528
184.1,-68.2296354311412,-68.2296354311412,-71.2641742844919,-0.00121323639425531,-71.2629610480976
184.2,-66.3253386465905,-66.3253386465905,-71.164306635356,-0.00119338031434131,-71.1631132550416
184.3,-65.2755340089535,-65.2755340089535,-71.0645792039385,-0.00117384920317324,-71.0634053547354
184.4,-67.0333464254619,-67.0333464254619,-70.9649917890439,-0.00115463774224481,-70.9638371513016
184.5,-68.4249479218644,-68.4249479218644,-70.8655441898349,-0.00113574070009351,-70.8644084491348
184.6,-67.1798307935043,-67.1798307935043,-70.7662362058315,-0.00111715293087605,-70.7651190529007
184.7,-66.2520964625693,-66.2520964625693,-70.6670676369092,-0.00109886937296708,-70.6659687675363
184.8,-67.5460417136102,-67.5460417136102,-70.5680382832968,-0.00108088504758087,-70.5669573982492
184.9,-68.0099088790777,-68.0099088790777,-70.469147945575,-0.00106319505741553,-70.4680847505176
185,-66.789205812058,-66.789205812058,-70.370396424675,-0.00104579458531943,-70.3693506300896
185.1,-67.1310026708235,-67.1310026708235,-70.2717835218763,-0.00102867889297946,-70.2707548429833
185.2,-66.2276824012289,-66.2276824012289,-70.1733090388058,-0.00101184331963072,-70.1722971954861
185.3,-67.6192838976314,-67.6192838976314,-70.0749727774354,-0.000995283280787373,-70.0739774941546
185.4,-67.8634245110353,-67.8634245110353,-69.9767745400811,-0.00097899426699422,-69.9757955458141
185.5,-66.4474089532925,-66.4474089532925,-69.8787141294009,-0.000962971842598757,-69.8777511575583
185.6,-64.128073125955,-64.128073125955,-69.7807913483939,-0.00094721164454328,-69.7798441367493
185.7,-62.6632294455313,-62.6632294455313,-69.683006000398,-0.000931709381176819,-69.6820742910169
185.8,-63.2735809790412,-63.2735809790412,-69.5853578890893,-0.000916460831086444,-69.5844414282582
185.9,-64.5675262300821,-64.5675262300821,-69.4878468184795,-0.000901461841947754,-69.4869453566375
186,-64.4942840460609,-64.4942840460609,-69.3904725929155,-0.000886708329394151,-69.3895858845861
186.1,-64.8360809048264,-64.8360809048264,-69.2932350170775,-0.000872196275904632,-69.2923628208016
186.2,-65.3487761929747,-65.3487761929747,-69.1961338959775,-0.000857921729709796,-69.1952759742478
186.3,-64.2989715553377,-64.2989715553377,-69.099169034958,-0.00084388080371571,-69.0983251541543
186.4,-63.0538544269776,-63.0538544269776,-69.0023402396906,-0.000830069674445431,-69.0015101700161
186.5,-62.0772919733619,-62.0772919733619,-68.9056473161745,-0.000816484580997842,-68.9048308315935
186.6,-63.6397918991471,-63.6397918991471,-68.8090900707355,-0.000803121824023512,-68.8082869489114
186.7,-66.0811980331865,-66.0811980331865,-68.7126683100242,-0.000789977764717351,-68.7118783322595
186.8,-65.9347136651442,-65.9347136651442,-68.616381841015,-0.000777048823827693,-68.6156047921912
186.9,-66.0079558491654,-66.0079558491654,-68.5202304710048,-0.00076433148068166,-68.5194661395241
187,-64.6163543527629,-64.6163543527629,-68.4242140076113,-0.00075182227222644,-68.4234621853391
187.1,-64.4942840460609,-64.4942840460609,-68.3283322587722,-0.000739517792086263,-68.3275927409801
187.2,-64.2989715553377,-64.2989715553377,-68.2325850327438,-0.000727414689634823,-68.2318576180541
187.3,-63.9327606352318,-63.9327606352318,-68.1369721380994,-0.000715509669082855,-68.1362566284303
187.4,-64.7628387208052,-64.7628387208052,-68.0414933837288,-0.000703799488580672,-68.0407895842402
187.5,-64.4454559233801,-64.4454559233801,-67.9461485788363,-0.000692280959335375,-67.945456297877
187.6,-63.078268488318,-63.078268488318,-67.8509375329399,-0.000680950944742512,-67.8502565819952
187.7,-63.0050263042968,-63.0050263042968,-67.7558600558703,-0.000669806359531961,-67.7551902495108
187.8,-64.6651824754437,-64.6651824754437,-67.6609159577691,-0.000658844168927769,-67.6602571136002
187.9,-66.0079558491654,-66.0079558491654,-67.5661050490883,-0.000648061387821757,-67.5654569877005
188,-65.8858855424634,-65.8858855424634,-67.4714271405887,-0.000637455079960656,-67.4707896855087
188.1,-63.9571746965722,-63.9571746965722,-67.3768820433389,-0.000627022357146522,-67.3762550209818
188.2,-63.7618622058491,-63.7618622058491,-67.2824695687144,-0.00061676037845027,-67.281852808336
188.3,-63.6397918991471,-63.6397918991471,-67.1881895283961,-0.000606666349438049,-67.1875828620467
188.4,-64.3966278006993,-64.3966278006993,-67.0940417343695,-0.000596737521410293,-67.0934449968481
188.5,-62.5411591388293,-62.5411591388293,-67.0000259989233,-0.00058697119065323,-66.9994390277326
188.6,-61.711081053256,-61.711081053256,-66.9061421346487,-0.000577364697702629,-66.905564769951
188.7,-61.9063935439791,-61.9063935439791,-66.8123899544383,-0.000567915426619608,-66.8118220390117
188.8,-61.1007295197461,-61.1007295197461,-66.7187692714847,-0.000558620804278286,-66.7182106506804
188.9,-62.7120575682121,-62.7120575682121,-66.6252798992797,-0.000549478299665094,-66.62473042098
189,-63.1759247336796,-63.1759247336796,-66.5319216516132,-0.000540485423189563,-66.53138116619
189.1,-62.8097138135737,-62.8097138135737,-66.4386943425724,-0.000531639726006374,-66.4381627028464
189.2,-60.4659639248958,-60.4659639248958,-66.3455977865406,-0.000522938799348534,-66.3450748477412
189.3,-58.7081515083875,-58.7081515083875,-66.2526317981961,-0.000514380273871421,-66.2521174179223
189.4,-58.1710421588988,-58.1710421588988,-66.1597961925116,-0.000505961819007608,-66.1592902306926
189.5,-56.9015109691983,-56.9015109691983,-66.0670907847527,-0.000497681142332216,-66.0665931036104
189.6,-56.8282687851771,-56.8282687851771,-65.9745153904773,-0.000489535988938671,-65.9740258544884
189.7,-56.2911594356884,-56.2911594356884,-65.8820698255348,-0.000481524140824676,-65.8815883013939
189.8,-54.7042454485628,-54.7042454485628,-65.7897539060645,-0.000473643416288217,-65.7892802626482
189.9,-53.8253392403086,-53.8253392403086,-65.6975674484956,-0.000465891669333469,-65.6971015568263
190,-53.0196752160756,-53.0196752160756,-65.6055102695453,-0.000458266789086426,-65.6050520027563
190.1,-52.5069799279273,-52.5069799279273,-65.5135821862187,-0.000450766699220082,-65.5131314195195
190.2,-52.799948664012,-52.799948664012,-65.4217830158074,-0.00044338935738904,-65.42133962645
190.3,-54.2403782830953,-54.2403782830953,-65.3301125758888,-0.000436132754673346,-65.3296764431342
190.4,-54.1671360990741,-54.1671360990741,-65.2385706843253,-0.00042899491503145,-65.2381416894102
190.5,-54.1427220377337,-54.1427220377337,-65.147157159263,-0.000421973894762114,-65.1467351853682
190.6,-52.6046361732889,-52.6046361732889,-65.0558718191313,-0.000415067781975114,-65.0554567513494
190.7,-52.2872533758637,-52.2872533758637,-64.9647144826422,-0.00040827469607063,-64.9643062079461
190.8,-53.5811986269046,-53.5811986269046,-64.8736849687886,-0.000401592787227121,-64.8732833760014
190.9,-51.310690922248,-51.310690922248,-64.7827830968444,-0.000395020235897616,-64.7823880766085
191,-50.6759253273977,-50.6759253273977,-64.6920086863631,-0.000388555252314228,-64.6916201311108
191.1,-52.67787835731,-52.67787835731,-64.601361557177,-0.000382196076000784,-64.600979361101
191.2,-53.4591283202027,-53.4591283202027,-64.5108415293969,-0.000375940975293435,-64.5104655884216
191.3,-52.4581518052465,-52.4581518052465,-64.4204484234105,-0.0003697882468691,-64.4200786351637
191.4,-51.0909643701844,-51.0909643701844,-64.3301820598824,-0.000363736215281639,-64.3298183236672
191.5,-52.0919408851406,-52.0919408851406,-64.2400422597527,-0.000357783232505615,-64.2396844765202
191.6,-53.4591283202027,-53.4591283202027,-64.1500288442365,-0.000351927677487517,-64.149676916559
191.7,-54.1183079763933,-54.1183079763933,-64.060141634823,-0.000346167955704336,-64.0597954668673
191.8,-54.8995579392859,-54.8995579392859,-63.9703804532749,-0.000340502498729359,-63.9700399507761
191.9,-55.0216282459879,-55.0216282459879,-63.8807451216275,-0.000334929763805069,-63.8804101918637
192,-53.849753301649,-53.849753301649,-63.791235462188,-0.000329448233423043,-63.7909060139546
192.1,-55.0216282459879,-55.0216282459879,-63.7018512975347,-0.000324056414910716,-63.7015272411198
192.2,-54.3136204671165,-54.3136204671165,-63.6125924505164,-0.000318752840024916,-63.6122736976764
192.3,-53.8985814243298,-53.8985814243298,-63.5234587442514,-0.000313536064552043,-63.5231452081869
192.4,-55.461081350115,-55.461081350115,-63.4344500021271,-0.000308404667914797,-63.4341415974592
192.5,-55.4854954114554,-55.4854954114554,-63.345566047799,-0.000303357252785345,-63.3452626905462
192.6,-54.6798313872224,-54.6798313872224,-63.25680670519,-0.00029839244470481,-63.2565083127453
192.7,-54.3868626511377,-54.3868626511377,-63.1681717984902,-0.000293508891709,-63.1678782895985
192.8,-55.1925266753707,-55.1925266753707,-63.0796611521554,-0.000288705263960246,-63.0793724468914
192.9,-56.0226047609441,-56.0226047609441,-62.9912745909069,-0.000283980253385283,-62.9909906106535
193,-53.7520970562874,-53.7520970562874,-62.9030119397308,-0.000279332573319045,-62.9027326071575
193.1,-52.1895971305022,-52.1895971305022,-62.8148730238772,-0.000274760958154292,-62.814598262919
193.2,-52.6534642959697,-52.6534642959697,-62.7268576688595,-0.000270264162996983,-62.7265874046965
193.3,-53.2882298908199,-53.2882298908199,-62.6389657004539,-0.000265840963327267,-62.6386998594905
193.4,-55.0216282459879,-55.0216282459879,-62.5511969446984,-0.000261490154666042,-62.5509354545438
193.5,-55.1192844913495,-55.1192844913495,-62.4635512278927,-0.000257210552246961,-62.4632940173405
193.6,-54.6310032645416,-54.6310032645416,-62.376028376597,-0.00025300099069381,-62.3757753756063
193.7,-54.7042454485628,-54.7042454485628,-62.2886282176314,-0.000248860323703169,-62.2883793573077
193.8,-55.461081350115,-55.461081350115,-62.2013505780759,-0.000244787423732256,-62.2011057906521
193.9,-55.8028782088805,-55.8028782088805,-62.1141952852688,-0.000240781181691889,-62.1139545040871
194,-55.339011043413,-55.339011043413,-62.0271621668067,-0.000236840506644471,-62.0269253263001
194.1,-57.0235812759002,-57.0235812759002,-61.940251050544,-0.000232964325506918,-61.9400180862185
194.2,-58.24428434292,-58.24428434292,-61.8534617645916,-0.000229151582758449,-61.8532326130089
194.3,-58.9767061831318,-58.9767061831318,-61.7667941373171,-0.000225401240153153,-61.7665687360769
194.4,-57.5606906253889,-57.5606906253889,-61.6802479973433,-0.000221712276437271,-61.6800262850669
194.5,-58.6349093243663,-58.6349093243663,-61.5938231735486,-0.000218083687071095,-61.5936050898615
194.6,-59.049948367153,-59.049948367153,-61.5075194950654,-0.000214514483955422,-61.5073049805814
194.7,-58.4884249563239,-58.4884249563239,-61.4213367912804,-0.00021100369516249,-61.4211257875852
194.8,-60.0265108207687,-60.0265108207687,-61.3352748918332,-0.000207550364671307,-61.3350673414686
194.9,-61.0030732743845,-61.0030732743845,-61.2493336266165,-0.00020415355210732,-61.2491294730644
195,-59.0987764898338,-59.0987764898338,-61.1635128257748,-0.000200812332486343,-61.1633120134423
195.1,-58.9034639991106,-58.9034639991106,-61.0778123197042,-0.000197525795962672,-61.0776147939083
195.2,-60.2462373728323,-60.2462373728323,-60.992231939052,-0.000194293047581333,-60.9920376460044
195.3,-60.661276415619,-60.661276415619,-60.9067715147157,-0.000191113207034366,-60.9065804015086
195.4,-61.6134248078944,-61.6134248078944,-60.8214308778425,-0.000187985408421117,-60.8212428924341
195.5,-60.3438936181939,-60.3438936181939,-60.7362098598292,-0.000184908800012443,-60.7360249510292
195.6,-61.1007295197461,-61.1007295197461,-60.6511082923212,-0.000181882544018777,-60.6509264097772
195.7,-61.2227998264481,-61.2227998264481,-60.566126007212,-0.000178905816361992,-60.5659471013956
195.8,-62.3458466481062,-62.3458466481062,-60.4812628366427,-0.000175977806450994,-60.4810868588362
195.9,-62.5655732001697,-62.5655732001697,-60.3965186130016,-0.000173097716960993,-60.3963455152847
196,-61.4425263785116,-61.4425263785116,-60.3118931689235,-0.000170264763616384,-60.3117229041599
196.1,-61.34487013315,-61.34487013315,-60.2273863372892,-0.000167478174977176,-60.2272188591142
196.2,-62.0040497893407,-62.0040497893407,-60.1429979512249,-0.00016473719222893,-60.1428332140327
196.3,-61.3692841944904,-61.3692841944904,-60.0587278441019,-0.000162041068976122,-60.0585658030329
196.4,-61.9552216666599,-61.9552216666599,-59.9745758495357,-0.00015938907103889,-59.9744164604646
196.5,-61.34487013315,-61.34487013315,-59.8905418013859,-0.000156780476253116,-59.8903850209096
196.6,-63.8595184512106,-63.8595184512106,-59.8066255337553,-0.000154214574273767,-59.8064713191811
196.7,-62.8585419362545,-62.8585419362545,-59.7228268809899,-0.00015169066638147,-59.7226751903235
196.8,-61.1251435810865,-61.1251435810865,-59.6391456776776,-0.000149208065292235,-59.6389964696123
196.9,-60.8077607836614,-60.8077607836614,-59.5555817586486,-0.000146766094970306,-59.5554349925536
197,-60.8077607836614,-60.8077607836614,-59.472134958974,-0.00014436409044407,-59.4719905948835
197.1,-59.3185030418973,-59.3185030418973,-59.3888051139661,-0.000142001397624977,-59.3886631125684
197.2,-60.1729951888111,-60.1729951888111,-59.3055920591774,-0.000139677373129428,-59.3054523818043
197.3,-61.0763154584057,-61.0763154584057,-59.2224956304003,-0.000137391384103573,-59.2223582390162
197.4,-62.5411591388294,-62.5411591388294,-59.1395156636666,-0.000135142808050981,-59.1393805208586
197.5,-60.7345185996402,-60.7345185996402,-59.056651995247,-0.000132931032663128,-59.0565190642143
197.6,-60.9054170290229,-60.9054170290229,-58.9739044616503,-0.000130755455652655,-58.9737737061947
197.7,-62.3702607094466,-62.3702607094466,-58.8912728996237,-0.000128615484589371,-58.8911442841391
197.8,-62.8341278749141,-62.8341278749141,-58.8087571461515,-0.000126510536738914,-58.8086306356148
197.9,-62.4923310161486,-62.4923310161486,-58.7263570384551,-0.000124440038904077,-58.7262325984162
198,-61.0519013970653,-61.0519013970653,-58.6440724139924,-0.000122403427268719,-58.6439500105651
198.1,-60.8321748450018,-60.8321748450018,-58.5619031104572,-0.000120400147244229,-58.56178271031
198.2,-60.5880342315978,-60.5880342315978,-58.479848965779,-0.000118429653318513,-58.4797305361257
198.3,-60.1241670661303,-60.1241670661303,-58.3979098181224,-0.000116491408907437,-58.3977933267135
198.4,-60.5147920475766,-60.5147920475766,-58.3160855058866,-0.000114584886208717,-58.3159709210004
198.5,-60.0020967594284,-60.0020967594284,-58.2343758677049,-0.000112709566058193,-58.2342631581388
198.6,-59.4649874099397,-59.4649874099397,-58.1527807424443,-0.00011086493778845,-58.1526698775065
198.7,-58.0733859135372,-58.0733859135372,-58.0712999692054,-0.000109050499089767,-58.0711909187064
198.8,-56.9259250305387,-56.9259250305387,-57.9899333873214,-0.000107265755873325,-57.9898261215655
198.9,-58.4151827723027,-58.4151827723027,-57.9086808363577,-0.000105510222136667,-57.9085753261355
199,-59.611471777982,-59.611471777982,-57.8275421561119,-0.000103783419831354,-57.827438372692
199.1,-59.172018673855,-59.172018673855,-57.746517186613,-0.000102084878732787,-57.7464151017343
199.2,-58.4640108949835,-58.4640108949835,-57.6656057681211,-0.000100414136312162,-57.6655053539848
199.3,-58.1710421588988,-58.1710421588988,-57.5848077411269,-9.87707376105157e-05,-57.5847089703893
199.4,-59.4894014712801,-59.4894014712801,-57.5041229463513,-9.71542351148395e-05,-57.5040257921161
199.5,-59.8067842687052,-59.8067842687052,-57.4235512247448,-9.5564188636216e-05,-57.4234556605561
199.6,-58.5372530790047,-58.5372530790047,-57.3430924174874,-9.40001651899508e-05,-57.3429984173222
199.7,-57.8048312387929,-57.8048312387929,-57.2627463659881,-9.24617388776687e-05,-57.2626539042492
199.8,-59.2452608578761,-59.2452608578761,-57.182512911884,-9.09484907713349e-05,-57.1824219633932
199.9,-59.6847139620032,-59.6847139620032,-57.1023918970406,-8.94600087991784e-05,-57.1023024370318
200,-58.4151827723027,-58.4151827723027,-57.0223831635509,-8.79958876334812e-05,-57.0222951676633
200.1,-58.3907687109623,-58.3907687109623,-56.942486553735,-8.65557285802025e-05,-56.9423999980065
200.2,-57.8292453001333,-57.8292453001333,-56.8627019101401,-8.51391394704126e-05,-56.8626167710007
200.3,-59.0987764898338,-59.0987764898338,-56.7830290755396,-8.37457345534994e-05,-56.782945329805
200.4,-58.7325655697279,-58.7325655697279,-56.7034678929327,-8.23751343921257e-05,-56.7033855177983
200.5,-59.4405733485993,-59.4405733485993,-56.6240182055444,-8.10269657589055e-05,-56.6239371785786
200.6,-60.1485811274707,-60.1485811274707,-56.5446798568248,-7.9700861534769e-05,-56.5446001559633
200.7,-57.3897921960062,-57.3897921960062,-56.4654526904488,-7.83964606089954e-05,-56.4653742939882
200.8,-57.6095187480697,-57.6095187480697,-56.3863365503156,-7.71134077808759e-05,-56.3862594369078
200.9,-57.2921359506446,-57.2921359506446,-56.3073312805483,-7.5851353662991e-05,-56.3072554291946
201,-55.4366672887746,-55.4366672887746,-56.2284367254935,-7.46099545860687e-05,-56.228362115539
201.1,-56.0958469449653,-56.0958469449653,-56.1496527297212,-7.33888725053993e-05,-56.1495793408487
201.2,-56.4864719264116,-56.4864719264116,-56.070979138024,-7.21877749087847e-05,-56.0709069502491
201.3,-55.8517063315613,-55.8517063315613,-55.9924157954168,-7.10063347259897e-05,-55.9923447890821
201.4,-54.8263157552648,-54.8263157552648,-55.9139625471365,-6.98442302396793e-05,-55.9138927029063
201.5,-53.5811986269046,-53.5811986269046,-55.8356192386417,-6.8701144997811e-05,-55.8355505374967
201.6,-55.339011043413,-55.339011043413,-55.7573857156121,-6.75767677274626e-05,-55.7573181388444
201.7,-56.9015109691983,-56.9015109691983,-55.6792618239482,-6.64707922500704e-05,-55.679195353156
201.8,-56.4620578650712,-56.4620578650712,-55.601247409771,-6.53829173980519e-05,-55.6011820268536
201.9,-55.3634251047534,-55.3634251047534,-55.5233423194214,-6.43128469327961e-05,-55.5232780065745
202,-54.5089329578396,-54.5089329578396,-55.4455463994601,-6.32602894639953e-05,-55.4454831391706
202.1,-54.4845188964992,-54.4845188964992,-55.367859496667,-6.22249583702961e-05,-55.3677972717087
202.2,-55.3878391660938,-55.3878391660938,-55.2902814580411,-6.12065717212506e-05,-55.2902202514693
202.3,-54.0450657923721,-54.0450657923721,-55.2128121307996,-6.02048522005426e-05,-55.2127519259474
202.4,-53.3126439521603,-53.3126439521603,-55.1354513623781,-5.92195270304729e-05,-55.135392142851
202.5,-53.849753301649,-53.849753301649,-55.0581990004298,-5.8250327897679e-05,-55.058140750102
202.6,-51.6769018423539,-51.6769018423539,-54.9810548928256,-5.72969908800708e-05,-54.9809975958347
202.7,-50.7247534500785,-50.7247534500785,-54.9040188876532,-5.63592563749625e-05,-54.9039625283969
202.8,-51.994284639779,-51.994284639779,-54.827090833217,-5.54368690283798e-05,-54.827035396348
202.9,-53.044089277416,-53.044089277416,-54.7502705780379,-5.45295776655247e-05,-54.7502160484602
203,-52.7755346026716,-52.7755346026716,-54.6735579708524,-5.36371352223784e-05,-54.6735043337172
203.1,-54.9728001233071,-54.9728001233071,-54.5969528606129,-5.27592986784233e-05,-54.5969001013142
203.2,-55.2901829207322,-55.2901829207322,-54.5204550964869,-5.18958289904667e-05,-54.5204032006579
203.3,-55.3878391660938,-55.3878391660938,-54.4440645278568,-5.10464910275461e-05,-54.4440134813658
203.4,-56.3644016197096,-56.3644016197096,-54.3677810043194,-5.02110535069018e-05,-54.3677307932659
203.5,-56.6329562944539,-56.6329562944539,-54.2916043756858,-4.93892889309957e-05,-54.2915549863968
203.6,-55.6563938408382,-55.6563938408382,-54.2155344919806,-4.85809735255619e-05,-54.2154859110071
203.7,-55.461081350115,-55.461081350115,-54.1395712034424,-4.77858871786711e-05,-54.1395234175552
203.8,-55.0704563686687,-55.0704563686687,-54.0637143605222,-4.70038133807915e-05,-54.0636673567088
203.9,-55.1436985526899,-55.1436985526899,-53.9879638138843,-4.62345391658316e-05,-53.9879175793451
204,-54.9483860619667,-54.9483860619667,-53.912319414405,-4.54778550531471e-05,-53.9122739365499
204.1,-54.9239720006263,-54.9239720006263,-53.8367810131727,-4.47335549904977e-05,-53.8367362796177
204.2,-53.6300267495854,-53.6300267495854,-53.7613484614878,-4.40014362979376e-05,-53.7613044600515
204.3,-51.3839331062692,-51.3839331062692,-53.6860216108616,-4.32812996126227e-05,-53.685978329562
204.4,-53.9229954856702,-53.9229954856702,-53.6108003130167,-4.25729488345227e-05,-53.6107577400678
204.5,-54.6065892032012,-54.6065892032012,-53.5356844198861,-4.18761910730218e-05,-53.5356425436951
204.6,-54.5821751418608,-54.5821751418608,-53.4606737836134,-4.11908365943916e-05,-53.4606325927768
204.7,-52.7267064799908,-52.7267064799908,-53.385768256552,-4.05166987701264e-05,-53.3857277398533
204.8,-51.8966283944174,-51.8966283944174,-53.3109676912649,-3.98535940261208e-05,-53.3109278376709
204.9,-53.1417455227775,-53.1417455227775,-53.2362719405245,-3.92013417926817e-05,-53.2362327391827
205,-53.8009251789682,-53.8009251789682,-53.1616808573119,-3.85597644553573e-05,-53.1616422975475
205.1,-54.0206517310317,-54.0206517310317,-53.0871942948172,-3.79286873065707e-05,-53.0871563661299
205.2,-54.7530735712436,-54.7530735712436,-53.0128121064385,-3.73079384980464e-05,-53.0127747985
205.3,-54.1427220377337,-54.1427220377337,-52.938534145782,-3.6697348994013e-05,-52.938497448433
205.4,-54.4112767124781,-54.4112767124781,-52.8643602666613,-3.60967525251738e-05,-52.8643241699087
205.5,-53.6300267495854,-53.6300267495854,-52.7902903230975,-3.55059855434302e-05,-52.7902548171119
205.6,-51.7745580877155,-51.7745580877155,-52.7163241693185,-3.49248871773459e-05,-52.7162892444313
205.7,-53.3370580135007,-53.3370580135007,-52.642461659759,-3.43532991883403e-05,-52.6424273064598
205.8,-53.4103001975219,-53.4103001975219,-52.5687026490598,-3.37910659275983e-05,-52.5686688579939
205.9,-51.2130346768864,-51.2130346768864,-52.4950469920678,-3.32380342936854e-05,-52.4950137540335
206,-51.188620615546,-51.188620615546,-52.4214945438355,-3.26940536908576e-05,-52.4214618497818
206.1,-53.5811986269046,-53.5811986269046,-52.3480451596206,-3.21589759880519e-05,-52.3480130006446
206.2,-52.4825658665869,-52.4825658665869,-52.2746986948861,-3.16326554785498e-05,-52.2746670622306
206.3,-51.7745580877154,-51.7745580877154,-52.2014550052993,-3.11149488402985e-05,-52.2014238903504
206.4,-50.8468237567805,-50.8468237567805,-52.128313946732,-3.06057150968843e-05,-52.1282833410169
206.5,-51.2130346768864,-51.2130346768864,-52.0552753752601,-3.01048155791429e-05,-52.0552452704445
206.6,-53.7765111176278,-53.7765111176278,-51.9823391471631,-2.96121138873983e-05,-51.9823095350493
206.7,-52.5313939892677,-52.5313939892677,-51.9095051189241,-2.91274758543203e-05,-51.9094759914482
206.8,-51.6769018423539,-51.6769018423539,-51.8367731472288,-2.86507695083889e-05,-51.8367444964593
206.9,-51.4571752902903,-51.4571752902903,-51.7641430889662,-2.81818650379577e-05,-51.7641149071012
207,-50.1144019165687,-50.1144019165687,-51.6916148012274,-2.77206347559049e-05,-51.6915870805926
207.1,-50.382956591313,-50.382956591313,-51.6191881413056,-2.72669530648623e-05,-51.6191608743525
207.2,-51.0177221861632,-51.0177221861632,-51.5468629666961,-2.68206964230152e-05,-51.5468361459997
207.3,-51.6524877810135,-51.6524877810135,-51.4746391350954,-2.63817433104593e-05,-51.4746127533521
207.4,-52.4093236825657,-52.4093236825657,-51.4025165044013,-2.59499741961107e-05,-51.4024905544271
207.5,-52.2872533758637,-52.2872533758637,-51.3304949327124,-2.55252715051562e-05,-51.3304694074409
207.6,-53.8009251789682,-53.8009251789682,-51.2585742783281,-2.51075195870364e-05,-51.2585491708085
207.7,-53.2149877067987,-53.2149877067987,-51.1867543997477,-2.46966046839531e-05,-51.186729703143
207.8,-50.4317847139938,-50.4317847139938,-51.1150351556706,-2.42924148998921e-05,-51.1150108632557
207.9,-49.5528785057396,-49.5528785057396,-51.043416404996,-2.38948401701526e-05,-51.0433925101559
208,-50.9444800021421,-50.9444800021421,-50.9718980068222,-2.35037722313755e-05,-50.97187450305
208.1,-50.7979956340997,-50.7979956340997,-50.9004798204466,-2.31191045920626e-05,-50.900456701342
208.2,-51.0177221861632,-51.0177221861632,-50.8291617053653,-2.27407325035779e-05,-50.8291389646328
208.3,-52.7511205413312,-52.7511205413312,-50.7579435212728,-2.23685529316231e-05,-50.7579211527199
208.4,-51.8478002717366,-51.8478002717366,-50.6868251280618,-2.2002464528181e-05,-50.6868031255973
208.5,-51.9210424557578,-51.9210424557578,-50.6158063858228,-2.16423676039171e-05,-50.6157847434552
208.6,-53.5567845655643,-53.5567845655643,-50.5448871548436,-2.1288164101033e-05,-50.5448658666795
208.7,-52.4581518052465,-52.4581518052465,-50.4740672956094,-2.09397575665655e-05,-50.4740463558519
208.8,-49.0645972789317,-49.0645972789317,-50.4033466688024,-2.05970531261199e-05,-50.4033260717492
208.9,-49.7481909964627,-49.7481909964627,-50.3327251353011,-2.02599574580361e-05,-50.3327048753436
209,-50.944480002142,-50.944480002142,-50.2622025561805,-1.99283787679756e-05,-50.2621826278018
209.1,-50.7003393887381,-50.7003393887381,-50.1917787927117,-1.9602226763925e-05,-50.1917591904849
209.2,-49.7481909964627,-49.7481909964627,-50.1214537063613,-1.92814126316093e-05,-50.1214344249487
209.3,-51.7501440263751,-51.7501440263751,-50.0512271587915,-1.89658490103062e-05,-50.0512081929425
209.4,-51.6769018423539,-51.6769018423539,-49.9810990118594,-1.8655449969057e-05,-49.9810803564094
209.5,-50.6515112660573,-50.6515112660573,-49.9110691276172,-1.83501309832673e-05,-49.9110507774862
209.6,-50.0655737938879,-50.0655737938879,-49.8411373683114,-1.80498089116897e-05,-49.8411193185025
209.7,-49.6749488124416,-49.6749488124416,-49.7713035963829,-1.77544019737838e-05,-49.7712858419809
209.8,-48.9669410335701,-48.9669410335701,-49.7015676744665,-1.74638297274467e-05,-49.7015502106368
209.9,-49.0890113402721,-49.0890113402721,-49.6319294653906,-1.71780130471076e-05,-49.6319122873775
210,-47.7462379665504,-47.7462379665504,-49.562388832177,-1.68968741021814e-05,-49.5623719353029
210.1,-46.1837380407652,-46.1837380407652,-49.4929456380406,-1.66203363358743e-05,-49.4929290177043
210.2,-47.72182390521,-47.72182390521,-49.4235997463891,-1.63483244443376e-05,-49.4235833980647
210.3,-47.8927223345928,-47.8927223345928,-49.3543510208227,-1.60807643561604e-05,-49.3543349400583
210.4,-48.5030738681026,-48.5030738681026,-49.2851993251337,-1.58175832122004e-05,-49.2851835075505
210.5,-49.4796363217184,-49.4796363217184,-49.2161445233064,-1.55587093457429e-05,-49.2161289645971
210.6,-48.5030738681026,-48.5030738681026,-49.1471864795168,-1.53040722629859e-05,-49.1471711754445
210.7,-48.5030738681026,-48.5030738681026,-49.0783250581322,-1.50536026238436e-05,-49.0783100045296
210.8,-47.5753395371677,-47.5753395371677,-49.0095601237109,-1.48072322230644e-05,-49.0095453164787
210.9,-49.4796363217184,-49.4796363217184,-48.9408915410021,-1.45648939716581e-05,-48.9408769761081
211,-48.9181129108893,-48.9181129108893,-48.8723191749454,-1.4326521878627e-05,-48.8723048484235
211.1,-47.5265114144869,-47.5265114144869,-48.8038428906706,-1.40920510329957e-05,-48.8038287986195
211.2,-48.7228004201662,-48.7228004201662,-48.7354625534975,-1.38614175861355e-05,-48.73544869208
211.3,-49.3087378923356,-49.3087378923356,-48.6671780289356,-1.36345587343777e-05,-48.6671643943769
211.4,-48.3810035614007,-48.3810035614007,-48.5989891826837,-1.34114127019113e-05,-48.598975771271
211.5,-48.1124488866563,-48.1124488866563,-48.5308958806296,-1.31919187239614e-05,-48.5308826887108
211.6,-48.4054176227411,-48.4054176227411,-48.46289798885,-1.29760170302417e-05,-48.4628850128329
211.7,-49.7237769351223,-49.7237769351223,-48.3949953736101,-1.27636488286795e-05,-48.3949826099613
211.8,-48.5519019907834,-48.5519019907834,-48.3271879013635,-1.25547562894048e-05,-48.3271753466072
211.9,-48.1124488866563,-48.1124488866563,-48.2594754387516,-1.23492825290037e-05,-48.259463089469
212,-48.7960426041874,-48.7960426041874,-48.1918578526035,-1.21471715950278e-05,-48.1918457054319
212.1,-47.8683082732524,-47.8683082732524,-48.1243350099357,-1.19483684507585e-05,-48.1243230615672
212.2,-46.8185036356154,-46.8185036356154,-48.056906777952,-1.17528189602193e-05,-48.056895025133
212.3,-46.9405739423174,-46.9405739423174,-47.9895730240429,-1.15604698734347e-05,-47.9895614635731
212.4,-48.1368629479967,-48.1368629479967,-47.9223336157857,-1.13712688119291e-05,-47.9223222445169
212.5,-49.1134254016125,-49.1134254016125,-47.8551884209437,-1.11851642544643e-05,-47.8551772357794
212.6,-49.0401832175913,-49.0401832175913,-47.7881373074665,-1.10021055230088e-05,-47.788126305361
212.7,-50.4073706526534,-50.4073706526534,-47.7211801434894,-1.08220427689393e-05,-47.7211693214466
212.8,-50.4806128366746,-50.4806128366746,-47.6543167973331,-1.06449269594645e-05,-47.6543061524061
212.9,-49.8702613031647,-49.8702613031647,-47.5875471375037,-1.04707098642746e-05,-47.5875366667938
213,-49.7970191191435,-49.7970191191435,-47.5208710326922,-1.0299344042407e-05,-47.5208607333481
213.1,-48.9913550949105,-48.9913550949105,-47.4542883517741,-1.01307828293275e-05,-47.4542782209913
213.2,-48.5519019907834,-48.5519019907834,-47.3877989638096,-9.96498032422381e-06,-47.3877889988293
213.3,-49.5040503830588,-49.5040503830588,-47.3214027380429,-9.8018913775057e-06,-47.3213929361515
213.4,-49.5528785057396,-49.5528785057396,-47.255099543902,-9.64147157851049e-06,-47.2550899024305
213.5,-51.066550308844,-51.066550308844,-47.1888892509987,-9.48367724340985e-06,-47.1888797673215
213.6,-52.2140111918426,-52.2140111918426,-47.1227717291279,-9.32846540331388e-06,-47.1227624006625
213.7,-52.1651830691618,-52.1651830691618,-47.0567468482678,-9.17579379257075e-06,-47.056737672474
213.8,-53.6544408109258,-53.6544408109258,-46.9908144785793,-9.02562083725688e-06,-46.9908054529584
213.9,-53.7765111176278,-53.7765111176278,-46.9249744904057,-8.87790564385634e-06,-46.9249656125001
214,-53.3614720748411,-53.3614720748411,-46.8592267542729,-8.73260798812493e-06,-46.8592180216649
214.1,-52.9952611547352,-52.9952611547352,-46.7935711408885,-8.58968830413679e-06,-46.7935625512001
214.2,-54.1671360990741,-54.1671360990741,-46.7280075211419,-8.44910767351041e-06,-46.7279990720342
214.3,-53.1173314614371,-53.1173314614371,-46.6625357661042,-8.31082781481053e-06,-46.6625274552764
214.4,-52.3849096212253,-52.3849096212253,-46.5971557470274,-8.1748110731238e-06,-46.5971475722164
214.5,-52.1651830691618,-52.1651830691618,-46.5318673353447,-8.04102040980513e-06,-46.5318592943243
214.6,-53.2149877067987,-53.2149877067987,-46.4666704026699,-7.90941939239151e-06,-46.4666624932505
214.7,-55.339011043413,-55.339011043413,-46.4015648207971,-7.7799721846814e-06,-46.4015570408249
214.8,-55.705221963519,-55.705221963519,-46.3365504617007,-7.65264353697582e-06,-46.3365428090572
214.9,-53.8985814243298,-53.8985814243298,-46.271627197535,-7.52739877647984e-06,-46.2716196701363
215,-52.8243627253524,-52.8243627253524,-46.206794900634,-7.40420379786066e-06,-46.2067874964302
215.1,-53.2882298908199,-53.2882298908199,-46.1420534435109,-7.28302505396044e-06,-46.1420461604858
215.2,-53.4591283202027,-53.4591283202027,-46.0774026988581,-7.16382954666124e-06,-46.0773955350286
215.3,-53.3614720748411,-53.3614720748411,-46.012842539547,-7.04658481789917e-06,-46.0128354929622
215.4,-52.5558080506081,-52.5558080506081,-45.9483728386274,-6.93125894082569e-06,-45.9483659073684
215.5,-53.1905736454583,-53.1905736454583,-45.8839934693276,-6.81782051111378e-06,-45.883986651507
215.6,-54.8019016939244,-54.8019016939244,-45.8197043050538,-6.70623863840619e-06,-45.8196975988151
215.7,-53.5567845655643,-53.5567845655643,-45.7555052193903,-6.59648293790378e-06,-45.7554986229074
215.8,-51.5548315356519,-51.5548315356519,-45.6913960860988,-6.48852352209123e-06,-45.6913895975753
215.9,-50.505026898015,-50.505026898015,-45.6273767791183,-6.38233099259858e-06,-45.6273703967873
216,-50.7003393887381,-50.7003393887381,-45.563447172565,-6.27787643219579e-06,-45.5634408946886
216.1,-50.4073706526534,-50.4073706526534,-45.4996071407318,-6.17513139691811e-06,-45.4996009656004
216.2,-49.7726050578031,-49.7726050578031,-45.4358565580881,-6.07406790832083e-06,-45.4358504840202
216.3,-49.5528785057396,-49.5528785057396,-45.3721952992798,-5.97465844586013e-06,-45.3721893246213
216.4,-50.3341284686322,-50.3341284686322,-45.3086232391286,-5.87687593939926e-06,-45.3086173622526
216.5,-49.2843238309952,-49.2843238309952,-45.2451402526322,-5.78069376183691e-06,-45.2451344719384
216.6,-50.7979956340997,-50.7979956340997,-45.1817462149637,-5.6860857218565e-06,-45.1817405288779
216.7,-50.9200659408017,-50.9200659408017,-45.1184410014715,-5.593026056794e-06,-45.1184354084455
216.8,-48.7960426041874,-48.7960426041874,-45.0552244876792,-5.50148942562252e-06,-45.0552189861898
216.9,-46.7696755129346,-46.7696755129346,-44.992096549285,-5.41145090205166e-06,-44.9920911378341
217,-46.8917458196366,-46.8917458196366,-44.9290570621617,-5.32288596773995e-06,-44.9290517392757
217.1,-47.5265114144869,-47.5265114144869,-44.8661059023563,-5.23577050561812e-06,-44.8661006665858
217.2,-47.8194801505716,-47.8194801505716,-44.80324294609,-5.15008079332202e-06,-44.8032377960092
217.3,-47.1114723717002,-47.1114723717002,-44.7404680697576,-5.06579349673253e-06,-44.7404630039642
217.4,-46.2569802247864,-46.2569802247864,-44.6777811499276,-4.98288566362169e-06,-44.677776167042
217.5,-46.3058083474671,-46.3058083474671,-44.6151820633417,-4.9013347174024e-06,-44.615177162007
217.6,-47.038230187679,-47.038230187679,-44.5526706869145,-4.82111845098077e-06,-44.5526658657961
217.7,-47.0626442490194,-47.0626442490194,-44.4902468977337,-4.74221502070881e-06,-44.4902421555187
217.8,-46.9649880036578,-46.9649880036578,-44.4279105730592,-4.66460294043624e-06,-44.4279059084563
217.9,-47.5265114144869,-47.5265114144869,-44.3656615903235,-4.58826107565956e-06,-44.3656570020624
218,-47.6241676598484,-47.6241676598484,-44.3034998271309,-4.51316863776703e-06,-44.3034953139623
218.1,-46.1349099180844,-46.1349099180844,-44.2414251612576,-4.43930517837759e-06,-44.2414207219525
218.2,-45.6710427526169,-45.6710427526169,-44.1794374706515,-4.36665058377273e-06,-44.1794331040009
218.3,-47.0138161263386,-47.0138161263386,-44.1175366334315,-4.29518506941917e-06,-44.1175323382464
218.4,-46.916159880977,-46.916159880977,-44.0557225278878,-4.22488917458152e-06,-44.0557183029986
218.5,-46.2813942861268,-46.2813942861268,-43.9939950324814,-4.15574375702276e-06,-43.9939908767376
218.6,-47.5020973531465,-47.5020973531465,-43.9323540258437,-4.08772998779173e-06,-43.9323499381137
218.7,-48.3321754387199,-48.3321754387199,-43.8707993867766,-4.02082934609588e-06,-43.8707953659473
218.8,-47.5265114144869,-47.5265114144869,-43.8093309942521,-3.95502361425775e-06,-43.8093270392285
218.9,-48.2345191933583,-48.2345191933583,-43.747948727412,-3.89029487275421e-06,-43.7479448371171
219,-48.1856910706775,-48.1856910706775,-43.6866524655676,-3.82662549533676e-06,-43.6866486389421
219.1,-46.0860817954036,-46.0860817954036,-43.6254420881997,-3.76399814423177e-06,-43.6254383242016
219.2,-46.2813942861267,-46.2813942861267,-43.5643174749582,-3.7023957654193e-06,-43.5643137725624
219.3,-45.5489724459149,-45.5489724459149,-43.5032785056619,-3.64180158398895e-06,-43.5032748638603
219.4,-46.2813942861268,-46.2813942861268,-43.442325060298,-3.58219909957206e-06,-43.442321478099
219.5,-44.8409646670435,-44.8409646670435,-43.3814570190226,-3.52357208184844e-06,-43.3814534954505
219.6,-44.3038553175548,-44.3038553175548,-43.3206742621593,-3.46590456612667e-06,-43.3206707962548
219.7,-43.5226053546622,-43.5226053546622,-43.2599766702002,-3.40918084899689e-06,-43.2599732610194
219.8,-44.255027194874,-44.255027194874,-43.1993641238048,-3.35338548405442e-06,-43.1993607704194
219.9,-43.6446756613642,-43.6446756613642,-43.1388365038001,-3.29850327769373e-06,-43.1388332052968
220,-44.1817850108528,-44.1817850108528,-43.0783936911802,-3.24451928497096e-06,-43.0783904466609
220.1,-44.1817850108528,-44.1817850108528,-43.0180355671063,-3.19141880553436e-06,-43.0180323756875
220.2,-43.5226053546622,-43.5226053546622,-42.9577620129063,-3.13918737962117e-06,-42.9577588737189
220.3,-44.499167808278,-44.499167808278,-42.8975729100745,-3.08781078412015e-06,-42.8975698222638
220.4,-45.5978005685957,-45.5978005685957,-42.8374681402717,-3.03727502869845e-06,-42.8374651029966
220.5,-45.7686989979785,-45.7686989979785,-42.7774475853243,-2.98756635199193e-06,-42.7774445977579
220.6,-45.1339334031282,-45.1339334031282,-42.7175111272248,-2.93867121785778e-06,-42.7175081885536
220.7,-43.9620584587893,-43.9620584587893,-42.6576586481312,-2.8905763116886e-06,-42.6576557575548
220.8,-43.0099100665139,-43.0099100665139,-42.5978900303667,-2.84326853678655e-06,-42.5978871870981
220.9,-45.6954568139573,-45.6954568139573,-42.5382051564197,-2.79673501079714e-06,-42.5382023596847
221,-44.9142068510647,-44.9142068510647,-42.4786039089434,-2.75096306220112e-06,-42.4786011579803
221.1,-44.132956888172,-44.132956888172,-42.4190861707555,-2.70594022686403e-06,-42.4190834648152
221.2,-44.7677224830223,-44.7677224830223,-42.3596518248382,-2.66165424464199e-06,-42.359649163184
221.3,-45.2804177711706,-45.2804177711706,-42.3003007543378,-2.61809305604323e-06,-42.3002981362448
221.4,-45.0118630964262,-45.0118630964262,-42.2410328425646,-2.57524479894409e-06,-42.2410302673198
221.5,-44.377097501576,-44.377097501576,-42.1818479729923,-2.53309780535896e-06,-42.1818454398945
221.6,-43.693503784045,-43.693503784045,-42.1227460292583,-2.49164059826283e-06,-42.1227435376177
221.7,-43.4737772319814,-43.4737772319814,-42.0637268951632,-2.45086188846619e-06,-42.0637244443013
221.8,-43.0343241278543,-43.0343241278543,-42.0047904546704,-2.41075057154066e-06,-42.0047880439198
221.9,-43.2540506799179,-43.2540506799179,-41.9459365919062,-2.37129572479531e-06,-41.9459342206105
222,-43.8399881520873,-43.8399881520873,-41.8871651911593,-2.33248660430223e-06,-41.8871628586727
222.1,-44.499167808278,-44.499167808278,-41.8284761368808,-2.29431264197084e-06,-41.8284738425682
222.2,-43.8888162747681,-43.8888162747681,-41.7698693136839,-2.25676344267021e-06,-41.7698670569205
222.3,-41.9356913675366,-41.9356913675366,-41.7113446063434,-2.21982878139824e-06,-41.7113423865146
222.4,-39.9581523989646,-39.9581523989646,-41.6529018997958,-2.18349860049736e-06,-41.6528997162972
222.5,-42.0089335515577,-42.0089335515577,-41.5945410791392,-2.1477630069157e-06,-41.5945389313762
222.6,-42.6925272690888,-42.6925272690888,-41.5362620296324,-2.11261226951317e-06,-41.5362599170201
222.7,-40.8370586072188,-40.8370586072188,-41.4780646366955,-2.07803681641156e-06,-41.4780625586587
222.8,-41.5206523247499,-41.5206523247499,-41.419948785909,-2.04402723238798e-06,-41.4199467418818
222.9,-40.2999492577301,-40.2999492577301,-41.3619143630142,-2.01057425631105e-06,-41.3619123524399
223,-41.0567851592824,-41.0567851592824,-41.3039612539122,-1.97766877861901e-06,-41.3039592762434
223.1,-42.2286601036213,-42.2286601036213,-41.2460893446644,-1.94530183883907e-06,-41.2460873993626
223.2,-43.2784647412583,-43.2784647412583,-41.1882985214919,-1.91346462314745e-06,-41.1882966080273
223.3,-42.6925272690888,-42.6925272690888,-41.1305886707753,-1.8821484619692e-06,-41.1305867886268
223.4,-41.3253398340267,-41.3253398340267,-41.0729596790546,-1.85134482761746e-06,-41.0729578277098
223.5,-41.8624491835154,-41.8624491835154,-41.0154114330289,-1.82104533197126e-06,-41.0154096119835
223.6,-43.8155740907469,-43.8155740907469,-40.957943819556,-1.7912417241914e-06,-40.9579420283143
223.7,-43.2540506799179,-43.2540506799179,-40.9005567256526,-1.76192588847361e-06,-40.9005549637268
223.8,-42.4239725943444,-42.4239725943444,-40.8432500384937,-1.73308984183857e-06,-40.8432483054039
223.9,-41.4718242020691,-41.4718242020691,-40.7860236454125,-1.70472573195807e-06,-40.7860219406868
224,-43.0587381891947,-43.0587381891947,-40.7288774339002,-1.67682583501673e-06,-40.7288757570744
224.1,-44.7677224830223,-44.7677224830223,-40.6718112916057,-1.64938255360874e-06,-40.6718096422231
224.2,-43.9864725201297,-43.9864725201297,-40.6148251063354,-1.62238841466906e-06,-40.614823483947
224.3,-43.0099100665139,-43.0099100665139,-40.5579187660532,-1.59583606743834e-06,-40.5579171702172
224.4,-43.0831522505351,-43.0831522505351,-40.50109215888,-1.56971828146132e-06,-40.5010905891617
224.5,-43.4981912933218,-43.4981912933218,-40.4443451730934,-1.54402794461786e-06,-40.4443436290654
224.6,-44.2794412562144,-44.2794412562144,-40.3876776971278,-1.51875806118628e-06,-40.3876761783697
224.7,-43.3761209866198,-43.3761209866198,-40.331089619574,-1.49390174993833e-06,-40.3310881256723
224.8,-42.643699146408,-42.643699146408,-40.274580829179,-1.4694522422654e-06,-40.2745793597268
224.9,-41.1056132819632,-41.1056132819632,-40.2181512148458,-1.44540288033529e-06,-40.218149769443
225,-41.6183085701114,-41.6183085701114,-40.1618006656331,-1.42174711527932e-06,-40.161799243886
225.1,-40.9835429752612,-40.9835429752612,-40.1055290707552,-1.39847850540892e-06,-40.1055276722767
225.2,-40.3243633190705,-40.3243633190705,-40.0493363195817,-1.37559071446159e-06,-40.049334943991
225.3,-39.8116680309223,-39.8116680309223,-39.9932223016372,-1.35307750987538e-06,-39.9932209485597
225.4,-40.0558086443262,-40.0558086443262,-39.9371869066013,-1.33093276109177e-06,-39.9371855756685
225.5,-37.443504080904,-37.443504080904,-39.8812300243083,-1.30915043788623e-06,-39.8812287151579
225.6,-36.9063947314153,-36.9063947314153,-39.8253515447468,-1.28772460872614e-06,-39.8253502570222
225.7,-35.5392072963533,-35.5392072963533,-39.7695513580599,-1.26664943915559e-06,-39.7695500914104
225.8,-33.9278792478872,-33.9278792478872,-39.7138293545443,-1.2459191902066e-06,-39.7138281086251
225.9,-32.3409652607616,-32.3409652607616,-39.6581854246508,-1.22552821683631e-06,-39.6581841991225
226,-32.4386215061232,-32.4386215061232,-39.6026194589836,-1.20547096638983e-06,-39.6026182535127
226.1,-31.9259262179749,-31.9259262179749,-39.5471313483005,-1.18574197708817e-06,-39.5471301625586
226.2,-31.4132309298266,-31.4132309298266,-39.4917209835123,-1.16633587654097e-06,-39.4917198171764
226.3,-29.7286606973394,-29.7286606973394,-39.4363882556826,-1.14724738028351e-06,-39.4363871084352
226.4,-27.7511217287675,-27.7511217287675,-39.3811330560278,-1.12847129033773e-06,-39.3811319275565
226.5,-27.7999498514483,-27.7999498514483,-39.325955275917,-1.11000249379676e-06,-39.3259541659145
226.6,-28.4347154462985,-28.4347154462985,-39.2708548068712,-1.09183596143264e-06,-39.2708537150353
226.7,-28.092918587533,-28.092918587533,-39.2158315405639,-1.0739667463268e-06,-39.2158304665972
226.8,-29.0694810411488,-29.0694810411488,-39.1608853688201,-1.05638998252296e-06,-39.1608843124301
226.9,-29.0938951024892,-29.0938951024892,-39.1060161836166,-1.03910088370212e-06,-39.1060151445157
227,-28.0685045261926,-28.0685045261926,-39.0512238770815,-1.02209474187915e-06,-39.0512228549867
227.1,-27.7267076674271,-27.7267076674271,-38.9965083414943,-1.00536692612079e-06,-38.9965073361274
227.2,-29.582176329297,-29.582176329297,-38.9418694692854,-9.8891288128463e-07,-38.9418684803725
227.3,-31.9015121566345,-31.9015121566345,-38.887307153036,-9.7272812677863e-07,-38.8873061803078
227.4,-31.6329574818902,-31.6329574818902,-38.8328212854778,-9.56808255341071e-07,-38.8328203286695
227.5,-32.3165511994212,-32.3165511994212,-38.7784117594929,-9.41148931840407e-07,-38.778410818344
227.6,-31.2667465617843,-31.2667465617843,-38.7240784681137,-9.25745892094742e-07,-38.7240775423678
227.7,-32.2188949540596,-32.2188949540596,-38.6698213045223,-9.10594941710692e-07,-38.6698203939274
227.8,-32.7804183648887,-32.7804183648887,-38.6156401620507,-8.95691954941168e-07,-38.6156392663588
227.9,-33.4640120824197,-33.4640120824197,-38.5615349341804,-8.81032873561936e-07,-38.5615340531475
228,-33.854637063866,-33.854637063866,-38.507505514542,-8.66613705766492e-07,-38.5075046479283
228.1,-32.7071761808675,-32.7071761808675,-38.4535517969154,-8.5243052507908e-07,-38.4535509444849
228.2,-32.5362777514847,-32.5362777514847,-38.3996736752295,-8.38479469285463e-07,-38.3996728367501
228.3,-32.3409652607616,-32.3409652607616,-38.3458710435616,-8.24756739381209e-07,-38.3458702188049
228.4,-32.3409652607616,-32.3409652607616,-38.2921437961376,-8.11258598537177e-07,-38.292142984879
228.5,-32.8292464875695,-32.8292464875695,-38.2384918273317,-7.97981371081964e-07,-38.2384910293503
228.6,-34.0499495545892,-34.0499495545892,-38.1849150316659,-7.84921441500957e-07,-38.1849142467445
228.7,-35.1729963762473,-35.1729963762473,-38.1314133038105,-7.72075253451827e-07,-38.1314125317352
228.8,-34.4405745360355,-34.4405745360355,-38.077986538583,-7.5943930879607e-07,-38.0779857791436
228.9,-33.0245589782926,-33.0245589782926,-38.0246346309485,-7.47010166646456e-07,-38.0246338839383
229,-33.3663558370582,-33.3663558370582,-37.9713574760193,-7.34784442430025e-07,-37.9713567412349
229.1,-34.8556135788222,-34.8556135788222,-37.9181549690548,-7.22758806966452e-07,-37.918154246296
229.2,-33.3175277143774,-33.3175277143774,-37.8650270054612,-7.10929985561468e-07,-37.8650262945312
229.3,-32.9269027329311,-32.9269027329311,-37.811973480791,-6.99294757115136e-07,-37.8119727814963
229.4,-33.6349105118025,-33.6349105118025,-37.7589942907435,-6.87849953244706e-07,-37.7589936028935
229.5,-34.0499495545892,-34.0499495545892,-37.7060893311639,-6.76592457421851e-07,-37.7060886545714
229.6,-35.1974104375877,-35.1974104375877,-37.6532584980435,-6.65519204123984e-07,-37.6532578325243
229.7,-34.8800276401626,-34.8800276401626,-37.6005016875194,-6.54627177999515e-07,-37.6005010328922
229.8,-34.5138167200567,-34.5138167200567,-37.5478187958742,-6.43913413046715e-07,-37.5478181519608
229.9,-33.4395980210793,-33.4395980210793,-37.4952097195358,-6.33374991806065e-07,-37.4952090861608
230,-33.4640120824197,-33.4640120824197,-37.4426743550775,-6.23009044565794e-07,-37.4426737320685
230.1,-32.5851058741655,-32.5851058741655,-37.3902125992173,-6.12812748580428e-07,-37.3902119864046
230.2,-33.3175277143774,-33.3175277143774,-37.3378243488182,-6.02783327302145e-07,-37.3378237460348
230.3,-34.09877767727,-34.09877767727,-37.2855095008874,-5.9291804962468e-07,-37.2855089079693
230.4,-33.4884261437601,-33.4884261437601,-37.2332679525768,-5.83214229139618e-07,-37.2332673693626
230.5,-36.2472150752247,-36.2472150752247,-37.1810996011822,-5.73669223404864e-07,-37.181099027513
230.6,-38.2979962278178,-38.2979962278178,-37.1290043441436,-5.64280433225088e-07,-37.1290037798631
230.7,-38.1759259211158,-38.1759259211158,-37.0769820790444,-5.55045301943934e-07,-37.0769815239991
230.8,-35.588035419034,-35.588035419034,-37.0250327036117,-5.45961314747811e-07,-37.0250321576504
230.9,-35.2218244989281,-35.2218244989281,-36.9731561157162,-5.3702599798109e-07,-36.9731555786902
231,-36.515769749969,-36.515769749969,-36.9213522133712,-5.28236918472516e-07,-36.9213516851342
231.1,-34.6847151494395,-34.6847151494395,-36.8696208947333,-5.1959168287261e-07,-36.8696203751416
231.2,-34.4649885973759,-34.4649885973759,-36.8179620581017,-5.11087937001964e-07,-36.8179615470138
231.3,-37.2726056515212,-37.2726056515212,-36.7663756019183,-5.02723365210148e-07,-36.766375099195
231.4,-39.1036602520508,-39.1036602520508,-36.7148614247672,-4.9449568974516e-07,-36.7148609302715
231.5,-38.4444805958602,-38.4444805958602,-36.6634194253745,-4.86402670133153e-07,-36.6634189389718
231.6,-38.371238411839,-38.371238411839,-36.6120495026083,-4.78442102568351e-07,-36.6120490241662
231.7,-39.5431133561779,-39.5431133561779,-36.5607515554788,-4.70611819312918e-07,-36.5607510848669
231.8,-38.9571758840085,-38.9571758840085,-36.5095254831371,-4.62909688106671e-07,-36.5095250202274
231.9,-37.9317853077119,-37.9317853077119,-36.4583711848761,-4.55333611586437e-07,-36.4583707295425
232,-36.6622541180114,-36.6622541180114,-36.4072885601297,-4.47881526714933e-07,-36.4072881122482
232.1,-37.9806134303927,-37.9806134303927,-36.3562775084728,-4.40551404218965e-07,-36.3562770679213
232.2,-37.6144025102868,-37.6144025102868,-36.3053379296207,-4.3334124803686e-07,-36.3053374962795
232.3,-36.6866681793518,-36.6866681793518,-36.2544697234298,-4.26249094774895e-07,-36.2544692971807
232.4,-36.4913556886286,-36.4913556886286,-36.2036727898964,-4.19273013172667e-07,-36.2036723706234
232.5,-35.9786604004803,-35.9786604004803,-36.1529470291572,-4.12411103577175e-07,-36.1529466167461
232.6,-36.4913556886286,-36.4913556886286,-36.1022923414885,-4.05661497425544e-07,-36.102291935827
232.7,-36.1739728912035,-36.1739728912035,-36.0517086273069,-3.99022356736182e-07,-36.0517082282845
232.8,-35.5636213576936,-35.5636213576936,-36.0011957871681,-3.92491873608294e-07,-36.0011953946762
232.9,-36.1739728912035,-36.1739728912035,-35.9507537217673,-3.86068269729558e-07,-35.950753335699
233,-35.588035419034,-35.588035419034,-35.9003823319389,-3.79749795891891e-07,-35.9003819521891
233.1,-35.7833479097572,-35.7833479097572,-35.8500815186563,-3.73534731515105e-07,-35.8500811451215
233.2,-37.0040509767769,-37.0040509767769,-35.7998511830315,-3.67421384178398e-07,-35.7998508156101
233.3,-36.9552228540961,-36.9552228540961,-35.7496912263153,-3.61408089159469e-07,-35.7496908649073
233.4,-36.5645978726498,-36.5645978726498,-35.6996015498968,-3.55493208981217e-07,-35.6996011944036
233.5,-36.4669416272882,-36.4669416272882,-35.6495820553033,-3.49675132965828e-07,-35.6495817056281
233.6,-35.2218244989281,-35.2218244989281,-35.5996326441999,-3.43952276796177e-07,-35.5996323002476
233.7,-34.3673323520143,-34.3673323520143,-35.5497532183898,-3.38323082084408e-07,-35.5497528800667
233.8,-34.8800276401626,-34.8800276401626,-35.4999436798137,-3.32786015947565e-07,-35.4999433470277
233.9,-34.8311995174818,-34.8311995174818,-35.4502039305496,-3.27339570590169e-07,-35.4502036032101
234,-35.4903791736725,-35.4903791736725,-35.400533872813,-3.2198226289364e-07,-35.4005335508307
234.1,-34.782371394801,-34.782371394801,-35.3509334089561,-3.16712634012426e-07,-35.3509330922434
234.2,-35.026512008205,-35.026512008205,-35.3014024414681,-3.11529248976748e-07,-35.3014021299388
234.3,-34.3673323520143,-34.3673323520143,-35.2519408729749,-3.06430696301837e-07,-35.2519405665442
234.4,-34.904441701503,-34.904441701503,-35.2025486062387,-3.01415587603581e-07,-35.2025483048231
234.5,-36.5890119339902,-36.5890119339902,-35.1532255441581,-2.96482557220451e-07,-35.1532252476756
234.6,-36.8575666087346,-36.8575666087346,-35.1039715897678,-2.91630261841617e-07,-35.1039712981376
234.7,-37.3702618968828,-37.3702618968828,-35.0547866462382,-2.86857380141162e-07,-35.0547863593808
234.8,-36.8575666087345,-36.8575666087345,-35.0056706168756,-2.82162612418258e-07,-35.005670334713
234.9,-36.4913556886286,-36.4913556886286,-34.9566234051216,-2.77544680243253e-07,-34.9566231275769
235,-37.5167462649252,-37.5167462649252,-34.9076449145532,-2.73002326109541e-07,-34.9076446415509
235.1,-37.1017072221385,-37.1017072221385,-34.8587350488826,-2.68534313091132e-07,-34.8587347803483
235.2,-37.1749494061597,-37.1749494061597,-34.8098937119567,-2.64139424505828e-07,-34.8098934478173
235.3,-36.3692853819267,-36.3692853819267,-34.7611208077575,-2.59816463583902e-07,-34.7611205479411
235.4,-35.4171369896513,-35.4171369896513,-34.7124162404012,-2.55564253142209e-07,-34.712415984837
235.5,-34.5626448427375,-34.5626448427375,-34.6637799141386,-2.51381635263632e-07,-34.663779662757
235.6,-33.4395980210793,-33.4395980210793,-34.6152117333545,-2.47267470981764e-07,-34.615211486087
235.7,-34.2696761066528,-34.2696761066528,-34.5667116025677,-2.43220639970764e-07,-34.5667113593471
235.8,-35.1485823149069,-35.1485823149069,-34.518279426431,-2.39240040240274e-07,-34.518279187191
235.9,-35.832176032438,-35.832176032438,-34.4699151097306,-2.35324587835342e-07,-34.469914874406
236,-34.6603010880991,-34.6603010880991,-34.4216185573863,-2.31473216541246e-07,-34.4216183259131
236.1,-36.3448713205863,-36.3448713205863,-34.3733896744509,-2.27684877593159e-07,-34.373389446766
236.2,-36.7354963020326,-36.7354963020326,-34.3252283661103,-2.23958539390558e-07,-34.3252281421518
236.3,-36.9308087927557,-36.9308087927557,-34.2771345376836,-2.2029318721631e-07,-34.2771343173904
236.4,-36.9063947314153,-36.9063947314153,-34.2291080946221,-2.16687822960351e-07,-34.2291078779342
236.5,-34.8800276401626,-34.8800276401626,-34.1811489425099,-2.13141464847898e-07,-34.1811487293684
236.6,-34.9532698241838,-34.9532698241838,-34.1332569870632,-2.09653147172096e-07,-34.13325677741
236.7,-36.4425275659478,-36.4425275659478,-34.0854321341305,-2.06221920031053e-07,-34.0854319279086
236.8,-36.9308087927557,-36.9308087927557,-34.0376742896922,-2.02846849069166e-07,-34.0376740868453
236.9,-35.9298322777996,-35.9298322777996,-33.9899833598603,-1.99527015222695e-07,-33.9899831603333
237,-35.4171369896513,-35.4171369896513,-33.9423592508786,-1.96261514469484e-07,-33.942359054617
237.1,-33.9522933092276,-33.9522933092276,-33.8948018691219,-1.93049457582796e-07,-33.8948016760725
237.2,-32.5362777514848,-32.5362777514848,-33.8473111210967,-1.89889969889162e-07,-33.8473109312067
237.3,-31.8526840339537,-31.8526840339537,-33.7998869134401,-1.86782191030204e-07,-33.7998867266579
237.4,-33.4640120824197,-33.4640120824197,-33.7525291529202,-1.83725274728345e-07,-33.7525289691949
237.5,-32.9269027329311,-32.9269027329311,-33.7052377464356,-1.80718388556367e-07,-33.7052375657173
237.6,-33.1954574076754,-33.1954574076754,-33.6580126010157,-1.77760713710726e-07,-33.658012423255
237.7,-34.8800276401626,-34.8800276401626,-33.6108536238198,-1.74851444788591e-07,-33.6108534489683
237.8,-34.5382307813971,-34.5382307813971,-33.5637607221374,-1.71989789568521e-07,-33.5637605501476
237.9,-33.6349105118025,-33.6349105118025,-33.516733803388,-1.69174968794734e-07,-33.5167336342131
238,-34.4161604746951,-34.4161604746951,-33.4697727751209,-1.66406215964913e-07,-33.4697726087146
238.1,-35.5636213576936,-35.5636213576936,-33.4228775450146,-1.63682777121476e-07,-33.4228773813318
238.2,-34.8800276401626,-34.8800276401626,-33.3760480208772,-1.61003910646271e-07,-33.3760478598733
238.3,-35.2218244989281,-35.2218244989281,-33.3292841106462,-1.58368887058621e-07,-33.3292839522773
238.4,-33.2442855303562,-33.2442855303562,-33.2825857223877,-1.55776988816682e-07,-33.2825855666107
238.5,-32.7315902422079,-32.7315902422079,-33.2359527642968,-1.5322751012205e-07,-33.2359526110693
238.6,-33.4151839597389,-33.4151839597389,-33.1893851446973,-1.50719756727564e-07,-33.1893849939775
238.7,-33.3663558370582,-33.3663558370582,-33.1428827720413,-1.48253045748261e-07,-33.1428826237882
238.8,-33.6593245731429,-33.6593245731429,-33.0964455549093,-1.45826705475409e-07,-33.0964454090826
238.9,-31.9747543406557,-31.9747543406557,-33.0500734020099,-1.43440075193606e-07,-33.0500732585699
239,-30.9493637643591,-30.9493637643591,-33.0037662221797,-1.41092505000856e-07,-33.0037660810872
239.1,-34.0743636159296,-34.0743636159296,-32.9575239243827,-1.38783355631591e-07,-32.9575237855993
239.2,-34.9288557628434,-34.9288557628434,-32.9113464177109,-1.36511998282601e-07,-32.9113462811989
239.3,-34.7091292107798,-34.7091292107798,-32.8652336113833,-1.34277814441799e-07,-32.8652334771055
239.4,-34.0255354932488,-34.0255354932488,-32.8191854147465,-1.32080195719794e-07,-32.8191852826663
239.5,-32.0968246473577,-32.0968246473577,-32.7732017372737,-1.29918543684224e-07,-32.7732016073552
239.6,-32.7560043035483,-32.7560043035483,-32.7272824885653,-1.27792269696798e-07,-32.727282360773
239.7,-34.3917464133547,-34.3917464133547,-32.6814275783482,-1.25700794752998e-07,-32.6814274526474
239.8,-34.0011214319084,-34.0011214319084,-32.6356369164757,-1.23643549324418e-07,-32.6356367928322
239.9,-31.315574684465,-31.315574684465,-32.5899104129277,-1.21619973203671e-07,-32.5899102913077
240,-29.7530747586798,-29.7530747586798,-32.54424797781,-1.19629515351842e-07,-32.5442478581805
240.1,-30.8272934576571,-30.8272934576571,-32.4986495213544,-1.17671633748432e-07,-32.4986494036828
240.2,-31.4132309298266,-31.4132309298266,-32.4531149539186,-1.15745795243766e-07,-32.4531148381728
240.3,-32.6827621195271,-32.6827621195271,-32.4076441859857,-1.13851475413804e-07,-32.4076440721342
240.4,-35.6368635417148,-35.6368635417148,-32.3622371281644,-1.11988158417341e-07,-32.3622370161763
240.5,-36.9552228540961,-36.9552228540961,-32.3168936911888,-1.10155336855538e-07,-32.3168935810334
240.6,-35.8077619710976,-35.8077619710976,-32.2716137859176,-1.08352511633747e-07,-32.2716136775651
240.7,-38.0294415530735,-38.0294415530735,-32.2263973233348,-1.06579191825613e-07,-32.2263972167556
240.8,-40.6661601778361,-40.6661601778361,-32.1812442145492,-1.0483489453938e-07,-32.1812441097143
240.9,-41.3253398340267,-41.3253398340267,-32.1361543707937,-1.03119144786401e-07,-32.1361542676745
241,-42.0333476128982,-42.0333476128982,-32.0911277034261,-1.0143147535179e-07,-32.0911276019946
241.1,-43.0831522505351,-43.0831522505351,-32.046164123928,-9.97714266672e-08,-32.0461640241565
241.2,-44.5968240536396,-44.5968240536396,-32.0012635439052,-9.81385466856748e-08,-32.0012634457667
241.3,-43.5958475386834,-43.5958475386834,-31.9564258750876,-9.65323907585518e-08,-31.9564257785552
241.4,-42.9366678824927,-42.9366678824927,-31.9116510293282,-9.49525215143825e-08,-31.9116509343757
241.5,-40.7394023618572,-40.7394023618572,-31.8669389186041,-9.33985087398298e-08,-31.8669388252056
241.6,-39.982566460305,-39.982566460305,-31.8222894550154,-9.18699292625177e-08,-31.8222893631455
241.7,-41.3497538953671,-41.3497538953671,-31.7777025507854,-9.03663668357989e-08,-31.7777024604191
241.8,-42.1065897969193,-42.1065897969193,-31.7331781182606,-8.88874120254048e-08,-31.7331780293732
241.9,-40.9835429752612,-40.9835429752612,-31.68871606991,-8.74326620979531e-08,-31.6887159824774
242,-39.7140117855607,-39.7140117855607,-31.6443163183255,-8.600172091128e-08,-31.6443162323238
242.1,-40.6173320551553,-40.6173320551553,-31.5999787762214,-8.45941988065673e-08,-31.5999786916272
242.2,-42.4483866556848,-42.4483866556848,-31.5557033564343,-8.32097125022353e-08,-31.5557032732245
242.3,-40.9347148525804,-40.9347148525804,-31.5114899719228,-8.1847884989569e-08,-31.5114898900749
242.4,-39.8849102149434,-39.8849102149434,-31.4673385357677,-8.0508345430057e-08,-31.4673384552594
242.5,-39.0060040066893,-39.0060040066893,-31.4232489611715,-7.91907290544091e-08,-31.4232488819808
242.6,-39.421043049476,-39.421043049476,-31.3792211614582,-7.78946770632242e-08,-31.3792210835635
242.7,-40.3976055030917,-40.3976055030917,-31.3352550500734,-7.66198365292888e-08,-31.3352549734535
242.8,-39.6895977242203,-39.6895977242203,-31.2913505405839,-7.5365860301468e-08,-31.291350465218
242.9,-36.4669416272882,-36.4669416272882,-31.2475075466777,-7.41324069101761e-08,-31.2475074725453
243,-34.9288557628434,-34.9288557628434,-31.2037259821635,-7.29191404743888e-08,-31.2037259092444
243.1,-35.6856916643956,-35.6856916643956,-31.1600057609712,-7.17257306101815e-08,-31.1600056892454
243.2,-36.0763166458419,-36.0763166458419,-31.1163467971508,-7.05518523407615e-08,-31.1163467265989
243.3,-34.6847151494394,-34.6847151494394,-31.072749004873,-6.93971860079744e-08,-31.0727489354759
243.4,-35.0753401308858,-35.0753401308858,-31.0292122984289,-6.82614171852572e-08,-31.0292122301675
243.5,-35.832176032438,-35.832176032438,-30.9857365922294,-6.71442365920184e-08,-30.9857365250852
243.6,-35.8565900937784,-35.8565900937784,-30.9423218008055,-6.60453400094161e-08,-30.9423217347601
243.7,-34.8800276401626,-34.8800276401626,-30.8989678388078,-6.4964428197519e-08,-30.8989677738434
243.8,-35.0509260695454,-35.0509260695454,-30.8556746210067,-6.39012068138174e-08,-30.8556745571055
243.9,-34.782371394801,-34.782371394801,-30.8124420622919,-6.28553863330737e-08,-30.8124419994365
244,-33.2442855303562,-33.2442855303562,-30.7692700776724,-6.18266819684796e-08,-30.7692700158457
244.1,-34.220847983972,-34.220847983972,-30.7261585822762,-6.0814813594108e-08,-30.7261585214614
244.2,-33.4151839597389,-33.4151839597389,-30.6831074913503,-5.98195056686308e-08,-30.6831074315308
244.3,-32.487449628804,-32.487449628804,-30.6401167202605,-5.88404871602872e-08,-30.64011666142
244.4,-32.9757308556119,-32.9757308556119,-30.597186184491,-5.78774914730778e-08,-30.5971861266135
244.5,-34.5382307813971,-34.5382307813971,-30.5543157996446,-5.693025637417e-08,-30.5543157427143
244.6,-34.0011214319084,-34.0011214319084,-30.5115054814423,-5.59985239224872e-08,-30.5115054254438
244.7,-33.2442855303562,-33.2442855303562,-30.4687551457232,-5.50820403984719e-08,-30.4687550906412
244.8,-32.2921371380808,-32.2921371380808,-30.4260647084443,-5.41805562349924e-08,-30.4260646542637
244.9,-32.9024886715907,-32.9024886715907,-30.3834340856803,-5.32938259493854e-08,-30.3834340323865
245,-33.415183959739,-33.415183959739,-30.3408631936237,-5.2421608076608e-08,-30.3408631412021
245.1,-32.9513167942715,-32.9513167942715,-30.2983519485842,-5.15636651034839e-08,-30.2983518970205
245.2,-31.2179184391035,-31.2179184391035,-30.2559002669888,-5.07197634040283e-08,-30.2559002162691
245.3,-30.754051273636,-30.754051273636,-30.2135080653818,-4.98896731758271e-08,-30.2135080154921
245.4,-31.2911606231247,-31.2911606231247,-30.1711752604241,-4.90731683774604e-08,-30.171175211351
245.5,-31.8038559112729,-31.8038559112729,-30.1289017688938,-4.82700266669499e-08,-30.1289017206237
245.6,-33.5128402051005,-33.5128402051005,-30.0866875076851,-4.74800293412116e-08,-30.086687460205
245.7,-33.8790511252064,-33.8790511252064,-30.044532393809,-4.67029612765031e-08,-30.044532347106
245.8,-33.4884261437601,-33.4884261437601,-30.0024363443928,-4.59386108698407e-08,-30.0024362984542
245.9,-31.2423325004439,-31.2423325004439,-29.9603992766797,-4.51867699813802e-08,-29.9603992314929
246,-29.8751450653818,-29.8751450653818,-29.918421108029,-4.4447233877737e-08,-29.9184210635818
246.1,-29.5333482066162,-29.5333482066162,-29.8765017559158,-4.37198011762358e-08,-29.876501712196
246.2,-29.6798325746586,-29.6798325746586,-29.8346411379306,-4.30042737900726e-08,-29.8346410949264
246.3,-29.0450669798084,-29.0450669798084,-29.7928391717798,-4.23004568743733e-08,-29.7928391294794
246.4,-29.4112778999143,-29.4112778999143,-29.7510957752848,-4.1608158773135e-08,-29.7510957336766
246.5,-30.0460434947645,-30.0460434947645,-29.7094108663821,-4.09271909670374e-08,-29.7094108254549
246.6,-29.6798325746586,-29.6798325746586,-29.6677843631233,-4.02573680221067e-08,-29.667784322866
246.7,-29.6554185133182,-29.6554185133182,-29.626216183675,-3.95985075392206e-08,-29.6262161440765
246.8,-31.6573715432306,-31.6573715432306,-29.5847062463181,-3.89504301044381e-08,-29.5847062073676
246.9,-31.315574684465,-31.315574684465,-29.5432544694481,-3.83129592401445e-08,-29.5432544311352
247,-28.9962388571276,-28.9962388571276,-29.5018607715752,-3.76859213569949e-08,-29.5018607338893
247.1,-29.7530747586798,-29.7530747586798,-29.4605250713233,-3.7069145706643e-08,-29.4605250342541
247.2,-31.8038559112729,-31.8038559112729,-29.4192472874305,-3.64624643352468e-08,-29.419247250968
247.3,-32.5362777514848,-32.5362777514848,-29.3780273387488,-3.58657120377307e-08,-29.3780273028831
247.4,-31.559715297869,-31.559715297869,-29.336865144244,-3.52787263128006e-08,-29.3368651089652
247.5,-29.020652918468,-29.020652918468,-29.2957606229951,-3.4701347318692e-08,-29.2957605882938
247.6,-28.4103013849581,-28.4103013849581,-29.2547136941949,-3.41334178296443e-08,-29.2547136600615
247.7,-29.0694810411488,-29.0694810411488,-29.2137242771492,-3.35747831930867e-08,-29.2137242435744
247.8,-29.2159654091911,-29.2159654091911,-29.1727922912768,-3.30252912875243e-08,-29.1727922582515
247.9,-29.7286606973394,-29.7286606973394,-29.1319176561095,-3.24847924811142e-08,-29.1319176236247
248,-32.4386215061232,-32.4386215061232,-29.0911002912919,-3.19531395909201e-08,-29.0911002593387
248.1,-30.1681138014665,-30.1681138014665,-29.0503401165811,-3.14301878428314e-08,-29.0503400851509
248.2,-28.6788560597025,-28.6788560597025,-29.0096370518467,-3.09157948321418e-08,-29.0096370209309
248.3,-28.7276841823832,-28.7276841823832,-28.9689910170705,-3.04098204847694e-08,-28.9689909866606
248.4,-28.898582611766,-28.898582611766,-28.9284019323464,-2.99121270191143e-08,-28.9284019024343
248.5,-30.1681138014665,-30.1681138014665,-28.8878697178805,-2.94225789085387e-08,-28.8878696884579
248.6,-30.2901841081685,-30.2901841081685,-28.8473942939904,-2.89410428444623e-08,-28.8473942650493
248.7,-30.9005356416783,-30.9005356416783,-28.8069755811054,-2.84673877000608e-08,-28.8069755526381
248.8,-30.3634262921897,-30.3634262921897,-28.7666134997666,-2.80014844945589e-08,-28.7666134717651
248.9,-27.970848280831,-27.970848280831,-28.7263079706259,-2.75432063581073e-08,-28.7263079430827
249,-27.3360826859808,-27.3360826859808,-28.6860589144468,-2.70924284972355e-08,-28.6860588873544
249.1,-29.5333482066163,-29.5333482066163,-28.6458662521037,-2.66490281608684e-08,-28.6458662254547
249.2,-30.0948716174453,-30.0948716174453,-28.6057299045819,-2.62128846069015e-08,-28.605729878369
249.3,-28.7520982437236,-28.7520982437236,-28.5656497929773,-2.57838790693199e-08,-28.5656497671934
249.4,-29.5333482066163,-29.5333482066163,-28.5256258384964,-2.53618947258586e-08,-28.5256258131345
249.5,-29.7774888200202,-29.7774888200202,-28.4856579624563,-2.49468166661898e-08,-28.4856579375094
249.6,-30.3145981695089,-30.3145981695089,-28.4457460862839,-2.45385318606323e-08,-28.4457460617454
249.7,-29.3136216545527,-29.3136216545527,-28.4058901315166,-2.41369291293723e-08,-28.4058901073797
249.8,-29.4356919612547,-29.4356919612547,-28.3660900198017,-2.3741899112188e-08,-28.3660899960598
249.9,-30.0216294334241,-30.0216294334241,-28.326345672896,-2.33533342386697e-08,-28.3263456495427
250,-28.8009263664044,-28.8009263664044,-28.2866570126663,-2.29711286989274e-08,-28.2866569896952
250.1,-28.1905748328946,-28.1905748328946,-28.2470239610885,-2.25951784147779e-08,-28.2470239384934
250.2,-28.2638170169157,-28.2638170169157,-28.2074464402482,-2.22253810114036e-08,-28.2074464180228
250.3,-29.7774888200202,-29.7774888200202,-28.1679243723398,-2.18616357894741e-08,-28.1679243504782
250.4,-29.020652918468,-29.020652918468,-28.1284576796671,-2.15038436977251e-08,-28.1284576581632
250.5,-27.5069811153635,-27.5069811153635,-28.0890462846424,-2.11519073059866e-08,-28.0890462634905
250.6,-27.848777974129,-27.848777974129,-28.0496901097869,-2.08057307786503e-08,-28.0496900889811
250.7,-28.092918587533,-28.092918587533,-28.0103890777303,-2.04652198485743e-08,-28.0103890572651
250.8,-29.2892075932123,-29.2892075932123,-27.9711431112109,-2.01302817914116e-08,-27.9711430910806
250.9,-30.5343247215724,-30.5343247215724,-27.931952133075,-1.98008254003619e-08,-27.9319521132741
251,-30.6075669055936,-30.6075669055936,-27.892816066277,-1.94767609613339e-08,-27.8928160468003
251.1,-31.0958481324015,-31.0958481324015,-27.8537348338795,-1.9158000228516e-08,-27.8537348147215
251.2,-31.0714340710611,-31.0714340710611,-27.8147083590526,-1.88444564003462e-08,-27.8147083402082
251.3,-31.0958481324015,-31.0958481324015,-27.7757365650744,-1.85360440958746e-08,-27.7757365465383
251.4,-30.7784653349764,-30.7784653349764,-27.7368193753301,-1.82326793315139e-08,-27.7368193570974
251.5,-31.5841293592094,-31.5841293592094,-27.6979567133125,-1.79342794981697e-08,-27.6979566953783
251.6,-30.7052231509552,-30.7052231509552,-27.6591485026216,-1.76407633387453e-08,-27.6591484849809
251.7,-30.9249497030187,-30.9249497030187,-27.6203946669643,-1.73520509260147e-08,-27.6203946496123
251.8,-31.1446762550823,-31.1446762550823,-27.5816951301546,-1.70680636408573e-08,-27.5816951130866
251.9,-29.9972153720838,-29.9972153720838,-27.543049816113,-1.67887241508497e-08,-27.5430497993243
252,-29.7530747586798,-29.7530747586798,-27.5044586488669,-1.65139563892066e-08,-27.5044586323529
252.1,-30.9737778256995,-30.9737778256995,-27.4659215525497,-1.62436855340683e-08,-27.465921536306
252.2,-31.2667465617843,-31.2667465617843,-27.4274384514016,-1.59778379881246e-08,-27.4274384354238
252.3,-29.9972153720838,-29.9972153720838,-27.3890092697687,-1.57163413585746e-08,-27.3890092540524
252.4,-29.3380357158931,-29.3380357158931,-27.3506339321031,-1.5459124437413e-08,-27.350633916644
252.5,-29.14272322517,-29.14272322517,-27.3123123629628,-1.52061171820396e-08,-27.3123123477567
252.6,-28.9474107344468,-28.9474107344468,-27.2740444870114,-1.49572506961858e-08,-27.2740444720542
252.7,-29.7774888200202,-29.7774888200202,-27.2358302290183,-1.4712457211154e-08,-27.2358302143058
252.8,-29.5577622679566,-29.5577622679566,-27.197669513858,-1.44716700673631e-08,-27.1976694993863
252.9,-29.2892075932123,-29.2892075932123,-27.1595622665104,-1.42348236961965e-08,-27.1595622522756
253,-30.6563950282744,-30.6563950282744,-27.1215084120607,-1.40018536021475e-08,-27.1215083980588
253.1,-30.9981918870399,-30.9981918870399,-27.0835078756987,-1.37726963452561e-08,-27.083507861926
253.2,-30.0216294334241,-30.0216294334241,-27.0455605827193,-1.3547289523834e-08,-27.045560569172
253.3,-28.9718247957872,-28.9718247957872,-27.007666458522,-1.33255717574721e-08,-27.0076664451964
253.4,-29.4601060225951,-29.4601060225951,-26.9698254286108,-1.31074826703256e-08,-26.9698254155033
253.5,-30.2413559854877,-30.2413559854877,-26.932037418594,-1.28929628746735e-08,-26.932037405701
253.6,-29.5089341452759,-29.5089341452759,-26.8943023541843,-1.26819539547466e-08,-26.8943023415023
253.7,-28.0685045261926,-28.0685045261926,-26.8566201611984,-1.24743984508206e-08,-26.856620148724
253.8,-28.0440904648522,-28.0440904648522,-26.8189907655569,-1.22702398435687e-08,-26.8189907532866
253.9,-28.9962388571276,-28.9962388571276,-26.7814140932843,-1.20694225386712e-08,-26.7814140812148
254,-28.4347154462985,-28.4347154462985,-26.7438900705086,-1.1871891851677e-08,-26.7438900586367
254.1,-28.8253404277448,-28.8253404277448,-26.7064186234615,-1.16775939931117e-08,-26.7064186117839
254.2,-28.9718247957872,-28.9718247957872,-26.6689996784779,-1.14864760538309e-08,-26.6689996669914
254.3,-28.9962388571276,-28.9962388571276,-26.631633161996,-1.12984859906124e-08,-26.6316331506975
254.4,-26.6280749071093,-26.6280749071093,-26.5943190005569,-1.1113572611984e-08,-26.5943189894434
254.5,-27.5069811153635,-27.5069811153635,-26.557057120805,-1.09316855642837e-08,-26.5570571098733
254.6,-26.8966295818537,-26.8966295818537,-26.5198474494871,-1.07527753179484e-08,-26.5198474387343
254.7,-26.0665514962803,-26.0665514962803,-26.4826899134527,-1.0576793154026e-08,-26.4826899028759
254.8,-27.7022936060867,-27.7022936060867,-26.4455844396541,-1.0403691150909e-08,-26.4455844292504
254.9,-28.6788560597025,-28.6788560597025,-26.4085309551455,-1.02334221712846e-08,-26.4085309449121
255,-30.7784653349764,-30.7784653349764,-26.3715293870837,-1.00659398492995e-08,-26.3715293770178
255.1,-29.3624497772335,-29.3624497772335,-26.3345796627273,-9.90119857793339e-09,-26.3345796528261
255.2,-27.3360826859808,-27.3360826859808,-26.2976817094369,-9.73915349658017e-09,-26.2976816996978
255.3,-26.8478014591729,-26.8478014591729,-26.260835454675,-9.57976047883155e-09,-26.2608354450953
255.4,-27.3604967473212,-27.3604967473212,-26.2240408260055,-9.42297612046142e-09,-26.2240408165825
255.5,-27.8731920354694,-27.8731920354694,-26.187297751094,-9.26875772760613e-09,-26.1872977418253
255.6,-27.3604967473212,-27.3604967473212,-26.1506061577074,-9.11706330513885e-09,-26.1506061485903
255.7,-27.6046373607251,-27.6046373607251,-26.1139659737136,-8.96785154523368e-09,-26.1139659647458
255.8,-26.7745592751517,-26.7745592751517,-26.077377127082,-8.82108181611729e-09,-26.0773771182609
255.9,-25.553856208132,-25.553856208132,-26.0408395458824,-8.67671415100428e-09,-26.0408395372057
256,-25.0655749813241,-25.0655749813241,-26.0043531582858,-8.53470923721415e-09,-26.0043531497511
256.1,-25.8224108828763,-25.8224108828763,-25.9679178925637,-8.39502840546584e-09,-25.9679178841687
256.2,-26.1397936803014,-26.1397936803014,-25.9315336770881,-8.25763361934794e-09,-25.9315336688304
256.3,-26.1642077416418,-26.1642077416418,-25.8952004403312,-8.12248746496062e-09,-25.8952004322087
256.4,-25.309715594728,-25.309715594728,-25.8589181108658,-7.989553140728e-09,-25.8589181028763
256.5,-25.309715594728,-25.309715594728,-25.8226866173644,-7.85879444737645e-09,-25.8226866095056
256.6,-26.4083483550458,-26.4083483550458,-25.7865058885997,-7.73017577807695e-09,-25.7865058808695
256.7,-26.0909655576207,-26.0909655576207,-25.750375853444,-7.60366210874962e-09,-25.7503758458403
256.8,-24.6993640612182,-24.6993640612182,-25.7142964408693,-7.47921898852567e-09,-25.7142964333901
256.9,-24.2354968957507,-24.2354968957507,-25.6782675799473,-7.35681253036658e-09,-25.6782675725905
257,-25.1632312266857,-25.1632312266857,-25.6422891998489,-7.23640940183624e-09,-25.6422891926125
257.1,-25.1632312266857,-25.1632312266857,-25.6063612298443,-7.11797681602389e-09,-25.6063612227263
257.2,-24.8458484292606,-24.8458484292606,-25.5704835993027,-7.00148252261649e-09,-25.5704835923012
257.3,-24.9190906132817,-24.9190906132817,-25.5346562376925,-6.88689479911607e-09,-25.5346562308056
257.4,-26.4083483550458,-26.4083483550458,-25.4988790745806,-6.77418244220188e-09,-25.4988790678064
257.5,-26.9698717658749,-26.9698717658749,-25.4631520396329,-6.66331475923324e-09,-25.4631520329696
257.6,-25.6515124534936,-25.6515124534936,-25.4274750626137,-6.55426155989142e-09,-25.4274750560595
257.7,-24.626121877197,-24.626121877197,-25.3918480733857,-6.44699314795896e-09,-25.3918480669387
257.8,-24.8702624906009,-24.8702624906009,-25.3562710019099,-6.34148031323275e-09,-25.3562709955684
257.9,-25.0411609199837,-25.0411609199837,-25.3207437782453,-6.23769432357002e-09,-25.3207437720076
258,-24.5772937545162,-24.5772937545162,-25.2852663325492,-6.13560691706432e-09,-25.2852663264136
258.1,-24.2599109570911,-24.2599109570911,-25.2498385950765,-6.03519029434923e-09,-25.2498385890413
258.2,-24.8702624906009,-24.8702624906009,-25.2144604961799,-5.93641711102885e-09,-25.2144604902435
258.3,-24.7726062452394,-24.7726062452394,-25.1791319663097,-5.83926047023107e-09,-25.1791319604704
258.4,-24.3575672024527,-24.3575672024527,-25.1438529360136,-5.74369391528385e-09,-25.1438529302699
258.5,-23.7716297302832,-23.7716297302832,-25.1086233359367,-5.64969142251046e-09,-25.108623330287
258.6,-25.5782702694724,-25.5782702694724,-25.0734430968211,-5.55722739414304e-09,-25.0734430912639
258.7,-27.0675280112364,-27.0675280112364,-25.0383121495063,-5.46627665135226e-09,-25.03831214404
258.8,-26.1886218029822,-26.1886218029822,-25.0032304249282,-5.3768144273906e-09,-25.0032304195514
258.9,-24.748192183899,-24.748192183899,-24.9681978541198,-5.28881636084845e-09,-24.968197848831
259,-25.6515124534936,-25.6515124534936,-24.9332143682108,-5.20225848902011e-09,-24.9332143630085
259.1,-25.8712390055571,-25.8712390055571,-24.8982798984271,-5.11711724137835e-09,-24.89827989331
259.2,-24.4063953251335,-24.4063953251335,-24.8633943760912,-5.03336943315633e-09,-24.8633943710578
259.3,-23.3810047488369,-23.3810047488369,-24.8285577326217,-4.95099225903372e-09,-24.8285577276707
259.4,-22.6729969699655,-22.6729969699655,-24.7937698995333,-4.869963286927e-09,-24.7937698946633
259.5,-23.1124500740925,-23.1124500740925,-24.7590308084368,-4.79026045188076e-09,-24.7590308036465
259.6,-23.9913562823467,-23.9913562823467,-24.7243403910386,-4.71186205005914e-09,-24.7243403863268
259.7,-26.2618639870034,-26.2618639870034,-24.6896985791411,-4.63474673283599e-09,-24.6896985745063
259.8,-27.5069811153635,-27.5069811153635,-24.6551053046418,-4.558893500981e-09,-24.6551053000829
259.9,-27.0186998885556,-27.0186998885556,-24.620560499534,-4.48428169894181e-09,-24.6205604950497
260,-26.8478014591729,-26.8478014591729,-24.5860640959062,-4.41089100921914e-09,-24.5860640914953
260.1,-27.409324870002,-27.409324870002,-24.5516160259419,-4.338701446834e-09,-24.5516160216032
260.2,-27.5558092380443,-27.5558092380443,-24.5172162219198,-4.26769335388591e-09,-24.5172162176521
260.3,-26.1642077416418,-26.1642077416418,-24.4828646162135,-4.19784739419953e-09,-24.4828646120156
260.4,-27.8243639127887,-27.8243639127887,-24.4485611412911,-4.1291445480595e-09,-24.4485611371619
260.5,-28.2394029555754,-28.2394029555754,-24.4143057297156,-4.0615661070311e-09,-24.414305725654
260.6,-25.2853015333876,-25.2853015333876,-24.3800983141444,-3.99509366886564e-09,-24.3800983101493
260.7,-24.5284656318354,-24.5284656318354,-24.3459388273292,-3.92970913248963e-09,-24.3459388233995
260.8,-24.626121877197,-24.626121877197,-24.3118272021159,-3.86539469307538e-09,-24.3118271982505
260.9,-25.6026843308128,-25.6026843308128,-24.2777633714447,-3.8021328371928e-09,-24.2777633676425
261,-26.7501452138113,-26.7501452138113,-24.2437472683495,-3.7399063380403e-09,-24.2437472646096
261.1,-26.3839342937054,-26.3839342937054,-24.2097788259581,-3.67869825075359e-09,-24.2097788222794
261.2,-26.1886218029822,-26.1886218029822,-24.1758579774921,-3.61849190779165e-09,-24.1758579738737
261.3,-26.5060046004074,-26.5060046004074,-24.1419846562667,-3.55927091439788e-09,-24.1419846527074
261.4,-26.4083483550458,-26.4083483550458,-24.1081587956902,-3.5010191441357e-09,-24.1081587921892
261.5,-26.115379618961,-26.115379618961,-24.0743803292647,-3.44372073449721e-09,-24.0743803258209
261.6,-23.5274891168793,-23.5274891168793,-24.040649190585,-3.38736008258348e-09,-24.0406491871976
261.7,-23.820457852964,-23.820457852964,-24.0069653133392,-3.33192184085605e-09,-24.0069653100073
261.8,-25.4561999627704,-25.4561999627704,-23.9733286313083,-3.27739091295732e-09,-23.9733286280309
261.9,-24.7726062452394,-24.7726062452394,-23.939739078366,-3.22375244959993e-09,-23.9397390751422
262,-24.381981263793,-24.381981263793,-23.9061965884788,-3.17099184452307e-09,-23.9061965853078
262.1,-24.8702624906009,-24.8702624906009,-23.8727010957055,-3.11909473051493e-09,-23.8727010925864
262.2,-27.043113949896,-27.043113949896,-23.8392525341974,-3.0680469755006e-09,-23.8392525311294
262.3,-27.9464342194906,-27.9464342194906,-23.8058508381982,-3.01783467869355e-09,-23.8058508351803
262.4,-26.8722155205133,-26.8722155205133,-23.7724959420434,-2.96844416681052e-09,-23.772495939075
262.5,-25.9933093122591,-25.9933093122591,-23.7391877801609,-2.91986199034805e-09,-23.7391877772411
262.6,-25.309715594728,-25.309715594728,-23.7059262870702,-2.87207491991995e-09,-23.7059262841981
262.7,-25.43178590143,-25.43178590143,-23.6727113973827,-2.82506994265506e-09,-23.6727113945576
262.8,-25.0655749813241,-25.0655749813241,-23.6395430458012,-2.77883425865348e-09,-23.6395430430223
262.9,-25.3341296560684,-25.3341296560684,-23.6064211671202,-2.73335527750121e-09,-23.6064211643868
263,-25.2120593493665,-25.2120593493665,-23.5733456962255,-2.68862061484158e-09,-23.5733456935369
263.1,-24.8946765519413,-24.8946765519413,-23.5403165680942,-2.64461808900283e-09,-23.5403165654495
263.2,-25.8956530668975,-25.8956530668975,-23.5073337177943,-2.60133571768107e-09,-23.507333715193
263.3,-25.2120593493665,-25.2120593493665,-23.474397080485,-2.55876171467721e-09,-23.4743970779262
263.4,-24.9923327973029,-24.9923327973029,-23.4415065914162,-2.51688448668759e-09,-23.4415065888994
263.5,-25.4561999627704,-25.4561999627704,-23.4086621859287,-2.47569263014703e-09,-23.408662183453
263.6,-24.6749499998778,-24.6749499998778,-23.3758637994537,-2.43517492812336e-09,-23.3758637970185
263.7,-24.2110828344103,-24.2110828344103,-23.343111367513,-2.39532034726318e-09,-23.3431113651177
263.8,-23.0636219514118,-23.0636219514118,-23.3104048257186,-2.35611803478714e-09,-23.3104048233625
263.9,-23.2589344421349,-23.2589344421349,-23.2777441097728,-2.31755731553484e-09,-23.2777441074553
264,-25.5050280854512,-25.5050280854512,-23.2451291554681,-2.27962768905775e-09,-23.2451291531885
264.1,-26.5060046004074,-26.5060046004074,-23.2125598986868,-2.24231882675982e-09,-23.2125598964445
264.2,-25.4073718400896,-25.4073718400896,-23.1800362754012,-2.20562056908505e-09,-23.1800362731955
264.3,-23.8448719143044,-23.8448719143044,-23.147558221673,-2.16952292275076e-09,-23.1475582195035
264.4,-24.1378406503891,-24.1378406503891,-23.1151256736538,-2.13401605802647e-09,-23.1151256715198
264.5,-24.9923327973029,-24.9923327973029,-23.0827385675846,-2.09909030605715e-09,-23.0827385654855
264.6,-25.5782702694724,-25.5782702694724,-23.0503968397956,-2.06473615623018e-09,-23.0503968377309
264.7,-25.2853015333876,-25.2853015333876,-23.0181004267064,-2.0309442535857e-09,-23.0181004246754
264.8,-23.7960437916236,-23.7960437916236,-22.9858492648254,-1.997705396269e-09,-22.9858492628277
264.9,-23.6739734849216,-23.6739734849216,-22.9536432907503,-1.96501053302489e-09,-22.9536432887853
265,-24.2354968957507,-24.2354968957507,-22.9214824411675,-1.93285076073293e-09,-22.9214824392346
265.1,-24.2354968957507,-24.2354968957507,-22.8893666528519,-1.90121732198292e-09,-22.8893666509507
265.2,-23.6739734849216,-23.6739734849216,-22.8572958626674,-1.87010160269037e-09,-22.8572958607973
265.3,-23.7228016076024,-23.7228016076024,-22.8252700075659,-1.83949512975059e-09,-22.8252700057264
265.4,-23.8448719143044,-23.8448719143044,-22.793289024588,-1.80938956873157e-09,-22.7932890227786
265.5,-25.3585437174088,-25.3585437174088,-22.7613528508624,-1.77977672160434e-09,-22.7613528490826
265.6,-26.5548327230881,-26.5548327230881,-22.7294614236058,-1.75064852451053e-09,-22.7294614218551
265.7,-27.043113949896,-27.043113949896,-22.6976146801229,-1.72199704556661e-09,-22.6976146784009
265.8,-26.4327624163862,-26.4327624163862,-22.6658125578065,-1.69381448270389e-09,-22.6658125561126
265.9,-25.5294421467916,-25.5294421467916,-22.6340549941366,-1.66609316154396e-09,-22.6340549924705
266,-26.4083483550458,-26.4083483550458,-22.6023419266814,-1.63882553330892e-09,-22.6023419250426
266.1,-27.6290514220655,-27.6290514220655,-22.5706732930961,-1.61200417276569e-09,-22.5706732914841
266.2,-26.5792467844285,-26.5792467844285,-22.5390490311235,-1.58562177620416e-09,-22.5390490295378
266.3,-25.7491686988551,-25.7491686988551,-22.5074690785934,-1.55967115944821e-09,-22.5074690770338
266.4,-25.6026843308128,-25.6026843308128,-22.4759333734231,-1.53414525589948e-09,-22.475933371889
266.5,-24.8946765519413,-24.8946765519413,-22.4444418536166,-1.50903711461304e-09,-22.4444418521076
266.6,-23.7716297302832,-23.7716297302832,-22.4129944572647,-1.48433989840454e-09,-22.4129944557804
266.7,-22.6241688472847,-22.6241688472847,-22.3815911225452,-1.46004688198844e-09,-22.3815911210851
266.8,-23.2589344421349,-23.2589344421349,-22.3502317877223,-1.43615145014661e-09,-22.3502317862861
266.9,-25.8224108828763,-25.8224108828763,-22.3189163911467,-1.41264709592698e-09,-22.3189163897341
267,-24.5528796931758,-24.5528796931758,-22.2876448712558,-1.38952741887162e-09,-22.2876448698662
267.1,-24.7237781225586,-24.7237781225586,-22.2564171665727,-1.36678612327379e-09,-22.2564171652059
267.2,-25.675926514834,-25.675926514834,-22.2252332157073,-1.34441701646363e-09,-22.2252332143628
267.3,-24.7237781225586,-24.7237781225586,-22.1940929573549,-1.3224140071218e-09,-22.1940929560325
267.4,-23.7228016076024,-23.7228016076024,-22.162996330297,-1.30077110362078e-09,-22.1629963289962
267.5,-23.3810047488369,-23.3810047488369,-22.131943273401,-1.27948241239324e-09,-22.1319432721215
267.6,-23.9181140983256,-23.9181140983256,-22.1009337256196,-1.25854213632723e-09,-22.1009337243611
267.7,-24.6749499998778,-24.6749499998778,-22.0699676259914,-1.23794457318754e-09,-22.0699676247534
267.8,-23.1612781967733,-23.1612781967733,-22.03904491364,-1.21768411406292e-09,-22.0390449124224
267.9,-21.842918884392,-21.842918884392,-22.0081655277748,-1.19775524183873e-09,-22.0081655265771
268,-21.7452626390305,-21.7452626390305,-21.97732940769,-1.17815252969461e-09,-21.9773294065119
268.1,-22.2823719885191,-22.2823719885191,-21.9465364927649,-1.15887063962664e-09,-21.9465364916061
268.2,-22.9903797673906,-22.9903797673906,-21.915786722464,-1.1399043209938e-09,-21.9157867213241
268.3,-23.7716297302832,-23.7716297302832,-21.8850800363362,-1.12124840908814e-09,-21.8850800352149
268.4,-23.4054188101773,-23.4054188101773,-21.8544163740154,-1.10289782372841e-09,-21.8544163729125
268.5,-23.1856922581137,-23.1856922581137,-21.82379567522,-1.0848475678767e-09,-21.8237956741352
268.6,-23.0392078900714,-23.0392078900714,-21.793217879753,-1.0670927262776e-09,-21.7932178786859
268.7,-23.57631723956,-23.57631723956,-21.7626829275014,-1.04962846411984e-09,-21.7626829264517
268.8,-22.7950672766674,-22.7950672766674,-21.7321907584367,-1.03245002571965e-09,-21.7321907574042
268.9,-22.6974110313058,-22.6974110313058,-21.7017413126145,-1.01555273322581e-09,-21.7017413115989
269,-20.7442861240743,-20.7442861240743,-21.6713345301743,-9.98931985345774e-10,-21.6713345291754
269.1,-21.1104970441802,-21.1104970441802,-21.6409703513395,-9.82583256092684e-10,-21.6409703503569
269.2,-22.3312001111999,-22.3312001111999,-21.6106487164173,-9.66502093552958e-10,-21.6106487154508
269.3,-22.7950672766674,-22.7950672766674,-21.5803695657983,-9.50684118673945e-10,-21.5803695648476
269.4,-21.9405751297536,-21.9405751297536,-21.5501328399571,-9.35125024071486e-10,-21.550132839022
269.5,-22.8683094606886,-22.8683094606886,-21.5199384794512,-9.19820572856985e-10,-21.5199384785314
269.6,-23.3321766261561,-23.3321766261561,-21.4897864249217,-9.04766597483618e-10,-21.4897864240169
269.7,-21.7208485776901,-21.7208485776901,-21.4596766170928,-8.89958998611535e-10,-21.4596766162028
269.8,-20.6466298787127,-20.6466298787127,-21.4296089967716,-8.75393743991503e-10,-21.4296089958962
269.9,-23.0392078900714,-23.0392078900714,-21.3995835048484,-8.61066867366952e-10,-21.3995835039873
270,-23.7716297302832,-23.7716297302832,-21.369600082296,-8.46974467393882e-10,-21.3696000814491
270.1,-23.3810047488369,-23.3810047488369,-21.3396586701703,-8.33112706578494e-10,-21.3396586693372
270.2,-22.9659657060502,-22.9659657060502,-21.3097592096095,-8.19477810232232e-10,-21.30975920879
270.3,-23.1612781967733,-23.1612781967733,-21.2799016418342,-8.06066065443854e-10,-21.2799016410282
270.4,-22.6729969699655,-22.6729969699655,-21.2500859081477,-7.92873820068422e-10,-21.2500859073548
270.5,-22.209129804498,-22.209129804498,-21.2203119499353,-7.79897481732765e-10,-21.2203119491554
270.6,-20.7198720627339,-20.7198720627339,-21.1905797086643,-7.67133516857213e-10,-21.1905797078972
270.7,-21.2081532895418,-21.2081532895418,-21.1608891258844,-7.54578449693432e-10,-21.1608891251299
270.8,-21.7696767003709,-21.7696767003709,-21.1312401432269,-7.4222886137788e-10,-21.1312401424847
270.9,-22.2579579271788,-22.2579579271788,-21.101632702405,-7.30081389000873e-10,-21.1016327016749
271,-20.4024892653088,-20.4024892653088,-21.0720667452134,-7.18132724690801e-10,-21.0720667444953
271.1,-20.1339345905645,-20.1339345905645,-21.0425422135285,-7.06379614713355e-10,-21.0425422128222
271.2,-20.7931142467551,-20.7931142467551,-21.0130590493083,-6.94818858585551e-10,-21.0130590486135
271.3,-21.3546376575842,-21.3546376575842,-20.9836171945918,-6.83447308204143e-10,-20.9836171939083
271.4,-23.0636219514118,-23.0636219514118,-20.9542165914993,-6.72261866988425e-10,-20.954216590827
271.5,-22.6729969699655,-22.6729969699655,-20.9248571822324,-6.61259489036975e-10,-20.9248571815711
271.6,-22.1114735591364,-22.1114735591364,-20.8955389090733,-6.50437178298208e-10,-20.8955389084229
271.7,-21.6964345163497,-21.6964345163497,-20.8662617143856,-6.39791987754574e-10,-20.8662617137458
271.8,-20.8907704921167,-20.8907704921167,-20.8370255406131,-6.29321018619998e-10,-20.8370255399838
271.9,-22.4044422952211,-22.4044422952211,-20.8078303302807,-6.19021419550559e-10,-20.8078303296617
272,-22.892723522029,-22.892723522029,-20.7786760259935,-6.08890385868032e-10,-20.7786760253846
272.1,-21.9161610684132,-21.9161610684132,-20.7495625704371,-5.98925158796118e-10,-20.7495625698382
272.2,-19.8409658544797,-19.8409658544797,-20.7204899063777,-5.89123024709253e-10,-20.7204899057885
272.3,-20.0118642838625,-20.0118642838625,-20.6914579766611,-5.79481314393608e-10,-20.6914579760816
272.4,-22.3312001111999,-22.3312001111999,-20.6624667242138,-5.69997402320286e-10,-20.6624667236438
272.5,-22.1358876204768,-22.1358876204768,-20.6335160920418,-5.60668705930342e-10,-20.6335160914812
272.6,-22.5997547859443,-22.5997547859443,-20.6046060232313,-5.5149268493151e-10,-20.6046060226798
272.7,-22.4776844792423,-22.4776844792423,-20.575736460948,-5.42466840606502e-10,-20.5757364604056
272.8,-23.4054188101773,-23.4054188101773,-20.5469073484374,-5.33588715132539e-10,-20.5469073479038
272.9,-22.2823719885191,-22.2823719885191,-20.5181186290243,-5.2485589091209e-10,-20.5181186284994
273,-22.1114735591364,-22.1114735591364,-20.4893702461131,-5.16265989914539e-10,-20.4893702455969
273.1,-22.892723522029,-22.892723522029,-20.4606621431876,-5.07816673028593e-10,-20.4606621426797
273.2,-21.7452626390305,-21.7452626390305,-20.4319942638104,-4.99505639425367e-10,-20.4319942633109
273.3,-23.820457852964,-23.820457852964,-20.4033665516236,-4.91330625931798e-10,-20.4033665511322
273.4,-25.6026843308128,-25.6026843308128,-20.3747789503479,-4.83289406414403e-10,-20.3747789498646
273.5,-23.6495594235812,-23.6495594235812,-20.3462314037832,-4.75379791173063e-10,-20.3462314033078
273.6,-22.9659657060502,-22.9659657060502,-20.3177238558078,-4.67599626344735e-10,-20.3177238553402
273.7,-20.47573144933,-20.47573144933,-20.2892562503789,-4.59946793316962e-10,-20.289256249919
273.8,-20.6954580013935,-20.6954580013935,-20.2608285315322,-4.52419208150926e-10,-20.2608285310798
273.9,-23.698387546262,-23.698387546262,-20.2324406433816,-4.45014821013999e-10,-20.2324406429366
274,-24.4063953251334,-24.4063953251334,-20.2040925301195,-4.37731615621543e-10,-20.2040925296818
274.1,-22.3556141725403,-22.3556141725403,-20.1757841360164,-4.30567608687839e-10,-20.1757841355859
274.2,-20.8419423694359,-20.8419423694359,-20.147515405421,-4.23520849386054e-10,-20.1475154049975
274.3,-21.3790517189246,-21.3790517189246,-20.1192862827598,-4.16589418816979e-10,-20.1192862823433
274.4,-22.6241688472847,-22.6241688472847,-20.0910967125374,-4.0977142948652e-10,-20.0910967121276
274.5,-21.281395473563,-21.281395473563,-20.0629466393359,-4.03065024791703e-10,-20.0629466389328
274.6,-21.2081532895418,-21.2081532895418,-20.0348360078151,-3.96468378515101e-10,-20.0348360074186
274.7,-21.6231923323285,-21.6231923323285,-20.0067647627125,-3.8997969432755e-10,-20.0067647623225
274.8,-20.9395986147975,-20.9395986147975,-19.9787328488429,-3.83597205298971e-10,-19.9787328484593
274.9,-21.1349111055206,-21.1349111055206,-19.9507402110985,-3.77319173417245e-10,-19.9507402107212
275,-20.47573144933,-20.47573144933,-19.9227867944487,-3.71143889114921e-10,-19.9227867940775
275.1,-20.7198720627339,-20.7198720627339,-19.8948725439398,-3.65069670803671e-10,-19.8948725435747
275.2,-21.1104970441802,-21.1104970441802,-19.8669974046954,-3.59094864416412e-10,-19.8669974043363
275.3,-21.403465780265,-21.403465780265,-19.8391613219158,-3.53217842956849e-10,-19.8391613215626
275.4,-20.3292470812876,-20.3292470812876,-19.8113642408781,-3.47437006056464e-10,-19.8113642405307
275.5,-19.0597158915871,-19.0597158915871,-19.7836061069362,-3.41750779538696e-10,-19.7836061065945
275.6,-20.231590835926,-20.231590835926,-19.7558868655205,-3.36157614990283e-10,-19.7558868651843
275.7,-20.0606924065433,-20.0606924065433,-19.7282064621377,-3.30655989339627e-10,-19.728206461807
275.8,-20.4024892653088,-20.4024892653088,-19.700564842371,-3.25244404442027e-10,-19.7005648420458
275.9,-21.5255360869669,-21.5255360869669,-19.67296195188,-3.19921386671737e-10,-19.6729619515601
276,-23.1856922581137,-23.1856922581137,-19.6453977364001,-3.1468548652068e-10,-19.6453977360854
276.1,-22.5020985405827,-22.5020985405827,-19.6178721417429,-3.0953527820372e-10,-19.6178721414334
276.2,-20.8907704921167,-20.8907704921167,-19.590385113796,-3.04469359270432e-10,-19.5903851134916
276.3,-20.6466298787127,-20.6466298787127,-19.5629365985227,-2.99486350223173e-10,-19.5629365982232
276.4,-21.0860829828398,-21.0860829828398,-19.5355265419621,-2.94584894141455e-10,-19.5355265416675
276.5,-20.6222158173723,-20.6222158173723,-19.5081548902288,-2.89763656312435e-10,-19.508154889939
276.6,-20.9151845534571,-20.9151845534571,-19.480821589513,-2.8502132386745e-10,-19.480821589228
276.7,-21.1349111055206,-21.1349111055206,-19.4535265860802,-2.8035660542453e-10,-19.4535265857998
276.8,-22.9659657060502,-22.9659657060502,-19.4262698262713,-2.75768230736722e-10,-19.4262698259955
276.9,-22.0626454364556,-22.0626454364556,-19.3990512565023,-2.71254950346207e-10,-19.399051256231
277,-21.9405751297536,-21.9405751297536,-19.3718708232642,-2.66815535244053e-10,-19.3718708229974
277.1,-23.2101063194541,-23.2101063194541,-19.3447284731233,-2.62448776535537e-10,-19.3447284728609
277.2,-22.5509266632635,-22.5509266632635,-19.3176241527204,-2.58153485110968e-10,-19.3176241524622
277.3,-22.3312001111999,-22.3312001111999,-19.2905578087712,-2.53928491321867e-10,-19.2905578085173
277.4,-22.6974110313058,-22.6974110313058,-19.2635293880661,-2.49772644662466e-10,-19.2635293878163
277.5,-22.8438953993482,-22.8438953993482,-19.23653883747,-2.4568481345642e-10,-19.2365388372243
277.6,-23.5274891168793,-23.5274891168793,-19.2095861039222,-2.41663884548627e-10,-19.2095861036806
277.7,-22.8438953993482,-22.8438953993482,-19.1826711344366,-2.37708763002122e-10,-19.1826711341988
277.8,-22.5265126019231,-22.5265126019231,-19.1557938761009,-2.33818371799898e-10,-19.1557938758671
277.9,-23.0880360127522,-23.0880360127522,-19.1289542760774,-2.2999165155164e-10,-19.1289542758474
278,-22.2579579271787,-22.2579579271787,-19.1021522816021,-2.26227560205234e-10,-19.1021522813758
278.1,-21.8185048230516,-21.8185048230516,-19.075387839985,-2.22525072763006e-10,-19.0753878397625
278.2,-23.0636219514118,-23.0636219514118,-19.0486608986101,-2.18883181002612e-10,-19.0486608983912
278.3,-23.2345203807945,-23.2345203807945,-19.021971404935,-2.15300893202478e-10,-19.0219714047197
278.4,-20.7687001854147,-20.7687001854147,-18.9953193064908,-2.1177723387176e-10,-18.995319306279
278.5,-19.6944814864374,-19.6944814864374,-18.9687045508822,-2.08311243484698e-10,-18.9687045506739
278.6,-20.7931142467551,-20.7931142467551,-18.9421270857875,-2.04901978219328e-10,-18.9421270855826
278.7,-22.209129804498,-22.209129804498,-18.9155868589581,-2.01548509700478e-10,-18.9155868587565
278.8,-22.8683094606886,-22.8683094606886,-18.8890838182185,-1.98249924746952e-10,-18.8890838180203
278.9,-21.4767079642861,-21.4767079642861,-18.8626179114666,-1.95005325122873e-10,-18.8626179112716
279,-19.9142080385009,-19.9142080385009,-18.8361890866732,-1.91813827293078e-10,-18.8361890864814
279.1,-18.5470206034388,-18.5470206034388,-18.8097972918819,-1.88674562182522e-10,-18.8097972916932
279.2,-19.2306143209699,-19.2306143209699,-18.7834424752091,-1.8558667493963e-10,-18.7834424750235
279.3,-19.7433096091181,-19.7433096091181,-18.757124584844,-1.82549324703498e-10,-18.7571245846615
279.4,-21.2325673508822,-21.2325673508822,-18.7308435690484,-1.79561684374933e-10,-18.7308435688688
279.5,-22.2335438658383,-22.2335438658383,-18.7045993761565,-1.7662294039122e-10,-18.7045993759798
279.6,-23.7472156689428,-23.7472156689428,-18.6783919545748,-1.73732292504575e-10,-18.6783919544011
279.7,-23.2101063194541,-23.2101063194541,-18.6522212527824,-1.70888953564245e-10,-18.6522212526115
279.8,-21.403465780265,-21.403465780265,-18.6260872193304,-1.68092149302142e-10,-18.6260872191623
279.9,-20.5489736333512,-20.5489736333512,-18.5999898028418,-1.65341118122016e-10,-18.5999898026765
280,-21.0860829828398,-21.0860829828398,-18.573928952012,-1.62635110892061e-10,-18.5739289518493
280.1,-20.5001455106704,-20.5001455106704,-18.5479046156079,-1.59973390740913e-10,-18.5479046154479
280.2,-19.3282705663314,-19.3282705663314,-18.5219167424684,-1.57355232857005e-10,-18.521916742311
280.3,-20.231590835926,-20.231590835926,-18.495965281504,-1.54779924291181e-10,-18.4959652813492
280.4,-20.8419423694359,-20.8419423694359,-18.4700501816968,-1.52246763762564e-10,-18.4700501815446
280.5,-19.5724111797354,-19.5724111797354,-18.4441713921005,-1.49755061467587e-10,-18.4441713919507
280.6,-19.9630361611817,-19.9630361611817,-18.4183288618399,-1.47304138892146e-10,-18.4183288616926
280.7,-21.4034657802649,-21.4034657802649,-18.3925225401114,-1.44893328626847e-10,-18.3925225399665
280.8,-21.9405751297536,-21.9405751297536,-18.3667523761824,-1.42521974185254e-10,-18.3667523760399
280.9,-22.3312001111999,-22.3312001111999,-18.3410183193914,-1.40189429825124e-10,-18.3410183192512
281,-23.0880360127522,-23.0880360127522,-18.3153203191479,-1.37895060372572e-10,-18.31532031901
281.1,-21.7696767003709,-21.7696767003709,-18.2896583249322,-1.35638241049092e-10,-18.2896583247966
281.2,-21.2081532895418,-21.2081532895418,-18.2640322862957,-1.33418357301443e-10,-18.2640322861622
281.3,-20.9151845534571,-20.9151845534571,-18.23844215286,-1.31234804634282e-10,-18.2384421527288
281.4,-20.3292470812876,-20.3292470812876,-18.2128878743177,-1.29086988445569e-10,-18.2128878741886
281.5,-20.5733876946915,-20.5733876946915,-18.1873694004316,-1.26974323864645e-10,-18.1873694003047
281.6,-20.9640126761379,-20.9640126761379,-18.1618866810352,-1.24896235592961e-10,-18.1618866809103
281.7,-20.3780752039684,-20.3780752039684,-18.136439666032,-1.22852157747429e-10,-18.1364396659091
281.8,-20.2560048972664,-20.2560048972664,-18.1110283053957,-1.20841533706317e-10,-18.1110283052749
281.9,-21.6231923323285,-21.6231923323285,-18.0856525491704,-1.18863815957687e-10,-18.0856525490515
282,-20.9151845534571,-20.9151845534571,-18.0603123474698,-1.16918465950291e-10,-18.0603123473529
282.1,-19.8165517931393,-19.8165517931393,-18.0350076504777,-1.15004953946922e-10,-18.0350076503627
282.2,-20.8907704921167,-20.8907704921167,-18.0097384084479,-1.13122758880167e-10,-18.0097384083347
282.3,-21.159325166861,-21.159325166861,-17.9845045717034,-1.11271368210506e-10,-17.9845045715921
282.4,-19.3282705663314,-19.3282705663314,-17.9593060906371,-1.09450277786752e-10,-17.9593060905277
282.5,-19.7433096091181,-19.7433096091181,-17.9341429157116,-1.0765899170876e-10,-17.934142915604
282.6,-21.1349111055206,-21.1349111055206,-17.9090149974586,-1.05897022192389e-10,-17.9090149973527
282.7,-22.087059497796,-22.087059497796,-17.8839222864791,-1.04163889436677e-10,-17.883922286375
282.8,-22.5020985405827,-22.5020985405827,-17.8588647334436,-1.02459121493182e-10,-17.8588647333411
282.9,-20.0118642838625,-20.0118642838625,-17.8338422890914,-1.00782254137471e-10,-17.8338422889906
283,-18.8155752781832,-18.8155752781832,-17.808854904231,-9.91328307427051e-11,-17.8088549041319
283.1,-19.7188955477777,-19.7188955477777,-17.7839025297398,-9.7510402155293e-11,-17.7839025296423
283.2,-19.6700674250969,-19.6700674250969,-17.758985116564,-9.59145265725882e-11,-17.758985116468
283.3,-18.6446768488004,-18.6446768488004,-17.7341026157185,-9.43447694225745e-11,-17.7341026156241
283.4,-18.5226065420984,-18.5226065420984,-17.7092549782869,-9.28007032455353e-11,-17.7092549781941
283.5,-19.7921377317989,-19.7921377317989,-17.6844421554214,-9.12819075776482e-11,-17.6844421553301
283.6,-20.3780752039684,-20.3780752039684,-17.6596640983424,-8.97879688364872e-11,-17.6596640982526
283.7,-21.6964345163497,-21.6964345163497,-17.6349207583389,-8.83184802084062e-11,-17.6349207582506
283.8,-22.209129804498,-22.209129804498,-17.610212086768,-8.68730415377521e-11,-17.6102120866811
283.9,-21.8185048230516,-21.8185048230516,-17.585538035055,-8.54512592179059e-11,-17.5855380349696
284,-19.7188955477777,-19.7188955477777,-17.5608985546933,-8.40527460840962e-11,-17.5608985546093
284.1,-19.4747549343738,-19.4747549343738,-17.5362935972443,-8.26771213079686e-11,-17.5362935971616
284.2,-21.3302235962438,-21.3302235962438,-17.511723114337,-8.13240102938885e-11,-17.5117231142557
284.3,-20.0851064678837,-20.0851064678837,-17.4871870576685,-7.99930445769281e-11,-17.4871870575885
284.4,-20.231590835926,-20.231590835926,-17.4626853790035,-7.86838617225357e-11,-17.4626853789248
284.5,-20.5489736333511,-20.5489736333511,-17.4382180301741,-7.73961052278394e-11,-17.4382180300967
284.6,-19.0353018302467,-19.0353018302467,-17.41378496308,-7.61294244245654e-11,-17.4137849630039
284.7,-18.6446768488004,-18.6446768488004,-17.3893861296885,-7.48834743835528e-11,-17.3893861296136
284.8,-20.9884267374782,-20.9884267374782,-17.3650214820338,-7.36579158208205e-11,-17.3650214819602
284.9,-21.281395473563,-21.281395473563,-17.3406909722177,-7.24524150051819e-11,-17.3406909721452
285,-20.7442861240743,-20.7442861240743,-17.3163945524088,-7.12666436673648e-11,-17.3163945523375
285.1,-21.9161610684132,-21.9161610684132,-17.2921321748429,-7.01002789106182e-11,-17.2921321747728
285.2,-21.1349111055206,-21.1349111055206,-17.2679037918227,-6.8953003122789e-11,-17.2679037917537
285.3,-20.9395986147975,-20.9395986147975,-17.2437093557176,-6.78245038898286e-11,-17.2437093556498
285.4,-21.0860829828398,-21.0860829828398,-17.219548818964,-6.67144739107241e-11,-17.2195488188973
285.5,-19.3770986890122,-19.3770986890122,-17.1954221340646,-6.56226109138146e-11,-17.195422133999
285.6,-19.0597158915871,-19.0597158915871,-17.171329253589,-6.45486175744786e-11,-17.1713292535245
285.7,-19.5968252410758,-19.5968252410758,-17.147270130173,-6.34922014341738e-11,-17.1472701301095
285.8,-17.936669069929,-17.936669069929,-17.1232447165188,-6.24530748207929e-11,-17.1232447164563
285.9,-17.3263175364191,-17.3263175364191,-17.099252965395,-6.14309547703324e-11,-17.0992529653335
286,-18.1075674993117,-18.1075674993117,-17.0752948296362,-6.04255629498361e-11,-17.0752948295758
286.1,-19.8653799158201,-19.8653799158201,-17.0513702621433,-5.94366255816022e-11,-17.0513702620839
286.2,-17.5216300271423,-17.5216300271423,-17.027479215883,-5.84638733686333e-11,-17.0274792158246
286.3,-17.7169425178654,-17.7169425178654,-17.003621643888,-5.7507041421301e-11,-17.0036216438305
286.4,-18.7667471555024,-18.7667471555024,-16.9797974992568,-5.65658691852174e-11,-16.9797974992002
286.5,-18.4005362353965,-18.4005362353965,-16.9560067351535,-5.56401003702821e-11,-16.9560067350978
286.6,-18.9132315235447,-18.9132315235447,-16.932249304808,-5.47294828808903e-11,-16.9322493047532
286.7,-19.2306143209699,-19.2306143209699,-16.9085251615156,-5.38337687472887e-11,-16.9085251614617
286.8,-19.670067425097,-19.670067425097,-16.8848342586371,-5.29527140580463e-11,-16.8848342585841
286.9,-18.4737784194176,-18.4737784194176,-16.8611765495986,-5.20860788936395e-11,-16.8611765495465
287,-19.3282705663314,-19.3282705663314,-16.8375519878916,-5.12336272611171e-11,-16.8375519878403
287.1,-21.3790517189246,-21.3790517189246,-16.8139605270725,-5.03951270298365e-11,-16.8139605270221
287.2,-20.9151845534571,-20.9151845534571,-16.790402120763,-4.9570349868256e-11,-16.7904021207134
287.3,-20.3780752039684,-20.3780752039684,-16.7668767226497,-4.87590711817528e-11,-16.766876722601
287.4,-20.6222158173723,-20.6222158173723,-16.7433842864841,-4.79610700514688e-11,-16.7433842864362
287.5,-19.9386220998413,-19.9386220998413,-16.7199247660826,-4.71761291741494e-11,-16.7199247660354
287.6,-19.6456533637566,-19.6456533637566,-16.696498115326,-4.64040348029694e-11,-16.6964981152796
287.7,-19.2550283823103,-19.2550283823103,-16.67310428816,-4.56445766893303e-11,-16.6731042881144
287.8,-19.3282705663314,-19.3282705663314,-16.6497432385949,-4.48975480256046e-11,-16.64974323855
287.9,-19.4747549343738,-19.4747549343738,-16.6264149207051,-4.41627453888221e-11,-16.6264149206609
288,-19.1085440142679,-19.1085440142679,-16.6031192886296,-4.34399686852763e-11,-16.6031192885862
288.1,-19.1329580756083,-19.1329580756083,-16.5798562965716,-4.27290210960341e-11,-16.5798562965289
288.2,-20.5733876946915,-20.5733876946915,-16.5566258987985,-4.20297090233442e-11,-16.5566258987564
288.3,-18.9132315235447,-18.9132315235447,-16.5334280496416,-4.13418420379146e-11,-16.5334280496003
288.4,-18.5958487261196,-18.5958487261196,-16.5102627034965,-4.06652328270602e-11,-16.5102627034558
288.5,-20.3048330199472,-20.3048330199472,-16.4871298148224,-3.99996971436942e-11,-16.4871298147824
288.6,-19.2794424436506,-19.2794424436506,-16.4640293381425,-3.93450537561552e-11,-16.4640293381032
288.7,-17.3751456590999,-17.3751456590999,-16.4409612280437,-3.87011243988577e-11,-16.440961228005
288.8,-17.3019034750787,-17.3019034750787,-16.4179254391763,-3.80677337237478e-11,-16.4179254391382
288.9,-18.0831534379713,-18.0831534379713,-16.3949219262544,-3.74447092525542e-11,-16.394921926217
289,-19.2794424436506,-19.2794424436506,-16.3719506440556,-3.68318813298217e-11,-16.3719506440188
289.1,-19.3526846276718,-19.3526846276718,-16.3490115474205,-3.62290830767105e-11,-16.3490115473843
289.2,-18.3761221740561,-18.3761221740561,-16.3261045912534,-3.5636150345556e-11,-16.3261045912178
289.3,-18.498192480758,-18.498192480758,-16.3032297305215,-3.50529216751672e-11,-16.3032297304865
289.4,-18.1808096833329,-18.1808096833329,-16.2803869202552,-3.44792382468618e-11,-16.2803869202207
289.5,-17.5460440884826,-17.5460440884826,-16.2575761155479,-3.39149438412167e-11,-16.257576115514
289.6,-19.1573721369487,-19.1573721369487,-16.2347972715559,-3.33598847955281e-11,-16.2347972715226
289.7,-21.037254860159,-21.037254860159,-16.2120503434984,-3.28139099619688e-11,-16.2120503434656
289.8,-20.0606924065433,-20.0606924065433,-16.1893352866572,-3.22768706664277e-11,-16.1893352866249
289.9,-19.1085440142679,-19.1085440142679,-16.1666520563769,-3.17486206680257e-11,-16.1666520563452
290,-17.6437003338442,-17.6437003338442,-16.1440006080646,-3.12290161192928e-11,-16.1440006080334
290.1,-16.76479412559,-16.76479412559,-16.1213808971899,-3.07179155269957e-11,-16.1213808971592
290.2,-18.1563956219925,-18.1563956219925,-16.0987928792848,-3.02151797136098e-11,-16.0987928792546
290.3,-17.8634268859078,-17.8634268859078,-16.0762365099436,-2.97206717794181e-11,-16.0762365099139
290.4,-18.5714346647792,-18.5714346647792,-16.0537117448227,-2.92342570652336e-11,-16.0537117447935
290.5,-18.4737784194176,-18.4737784194176,-16.0312185396409,-2.87558031157296e-11,-16.0312185396121
290.6,-19.0841299529275,-19.0841299529275,-16.0087568501787,-2.82851796433702e-11,-16.0087568501504
290.7,-19.6456533637566,-19.6456533637566,-15.9863266322789,-2.78222584929334e-11,-15.9863266322511
290.8,-18.498192480758,-18.498192480758,-15.9639278418459,-2.73669136066116e-11,-15.9639278418185
290.9,-19.0353018302467,-19.0353018302467,-15.9415604348461,-2.69190209896858e-11,-15.9415604348191
291,-20.8907704921167,-20.8907704921167,-15.9192243673074,-2.64784586767611e-11,-15.9192243672809
291.1,-23.3077625648157,-23.3077625648157,-15.8969195953194,-2.60451066985523e-11,-15.8969195952933
291.2,-23.942528159666,-23.942528159666,-15.8746460750332,-2.5618847049218e-11,-15.8746460750076
291.3,-23.2345203807945,-23.2345203807945,-15.8524037626615,-2.51995636542239e-11,-15.8524037626363
291.4,-23.6495594235812,-23.6495594235812,-15.830192614478,-2.47871423387362e-11,-15.8301926144532
291.5,-24.3575672024527,-24.3575672024527,-15.8080125868181,-2.43814707965307e-11,-15.8080125867937
291.6,-24.0157703436871,-24.0157703436871,-15.785863636078,-2.39824385594092e-11,-15.785863636054
291.7,-23.9181140983256,-23.9181140983256,-15.7637457187153,-2.35899369671203e-11,-15.7637457186917
291.8,-24.3331531411123,-24.3331531411123,-15.7416587912482,-2.32038591377679e-11,-15.741658791225
291.9,-24.4796375091546,-24.4796375091546,-15.7196028102563,-2.28240999387079e-11,-15.7196028102335
292,-24.4308093864738,-24.4308093864738,-15.6975777323798,-2.24505559579192e-11,-15.6975777323574
292.1,-25.5050280854512,-25.5050280854512,-15.6755835143196,-2.20831254758425e-11,-15.6755835142975
292.2,-23.942528159666,-23.942528159666,-15.6536201128374,-2.1721708437683e-11,-15.6536201128157
292.3,-23.2345203807945,-23.2345203807945,-15.6316874847554,-2.13662064261628e-11,-15.631687484734
292.4,-23.5030750555389,-23.5030750555389,-15.6097855869563,-2.10165226347222e-11,-15.6097855869353
292.5,-22.7950672766674,-22.7950672766674,-15.5879143763832,-2.06725618411578e-11,-15.5879143763625
292.6,-22.4776844792423,-22.4776844792423,-15.5660738100396,-2.03342303816922e-11,-15.5660738100193
292.7,-22.9171375833694,-22.9171375833694,-15.5442638449893,-2.00014361254696e-11,-15.5442638449693
292.8,-22.3312001111999,-22.3312001111999,-15.522484438356,-1.96740884494662e-11,-15.5224844383363
292.9,-22.4044422952211,-22.4044422952211,-15.5007355473237,-1.93520982138142e-11,-15.5007355473043
293,-22.6729969699655,-22.6729969699655,-15.4790171291363,-1.90353777375275e-11,-15.4790171291173
293.1,-22.0382313751152,-22.0382313751152,-15.4573291410977,-1.87238407746247e-11,-15.457329141079
293.2,-23.698387546262,-23.698387546262,-15.4356715405715,-1.84174024906446e-11,-15.4356715405531
293.3,-23.6251453622408,-23.6251453622408,-15.4140442849812,-1.81159794395441e-11,-15.414044284963
293.4,-24.6749499998778,-24.6749499998778,-15.3924473318096,-1.78194895409759e-11,-15.3924473317918
293.5,-23.0880360127522,-23.0880360127522,-15.3708806385996,-1.75278520579367e-11,-15.3708806385821
293.6,-22.2579579271788,-22.2579579271788,-15.3493441629532,-1.72409875747814e-11,-15.3493441629359
293.7,-23.3321766261561,-23.3321766261561,-15.3278378625319,-1.69588179755986e-11,-15.3278378625149
293.8,-23.7228016076024,-23.7228016076024,-15.3063616950565,-1.66812664229375e-11,-15.3063616950398
293.9,-22.0138173137748,-22.0138173137748,-15.2849156183071,-1.64082573368856e-11,-15.2849156182907
294,-23.0636219514118,-23.0636219514118,-15.2634995901229,-1.61397163744868e-11,-15.2634995901068
294.1,-22.9903797673906,-22.9903797673906,-15.2421135684023,-1.58755704094971e-11,-15.2421135683865
294.2,-22.3067860498595,-22.3067860498595,-15.2207575111026,-1.56157475124725e-11,-15.220757511087
294.3,-22.4288563565615,-22.4288563565615,-15.1994313762398,-1.53601769311804e-11,-15.1994313762245
294.4,-21.5011220256265,-21.5011220256265,-15.1781351218892,-1.51087890713347e-11,-15.178135121874
294.5,-22.2579579271788,-22.2579579271788,-15.1568687061843,-1.48615154776438e-11,-15.1568687061694
294.6,-22.2579579271788,-22.2579579271788,-15.1356320873177,-1.46182888151693e-11,-15.135632087303
294.7,-20.9640126761379,-20.9640126761379,-15.1144252235403,-1.4379042850991e-11,-15.1144252235259
294.8,-20.6222158173723,-20.6222158173723,-15.0932480731616,-1.41437124361699e-11,-15.0932480731475
294.9,-21.403465780265,-21.403465780265,-15.0721005945496,-1.39122334880086e-11,-15.0721005945357
295,-20.47573144933,-20.47573144933,-15.0509827461305,-1.36845429726004e-11,-15.0509827461168
295.1,-20.5245595720108,-20.5245595720108,-15.0298944863887,-1.34605788876643e-11,-15.0298944863753
295.2,-21.964989191094,-21.964989191094,-15.008835773867,-1.32402802456621e-11,-15.0088357738538
295.3,-23.820457852964,-23.820457852964,-14.9878065671661,-1.30235870571899e-11,-14.9878065671531
295.4,-23.1368641354329,-23.1368641354329,-14.9668068249447,-1.28104403146433e-11,-14.9668068249319
295.5,-19.4991689957142,-19.4991689957142,-14.9458365059195,-1.26007819761485e-11,-14.9458365059069
295.6,-18.0831534379713,-18.0831534379713,-14.9248955688651,-1.23945549497569e-11,-14.9248955688527
295.7,-18.8644034008639,-18.8644034008639,-14.9039839726136,-1.21917030778991e-11,-14.9039839726015
295.8,-19.9386220998413,-19.9386220998413,-14.8831016760552,-1.19921711220916e-11,-14.8831016760432
295.9,-20.6222158173723,-20.6222158173723,-14.8622486381372,-1.1795904747896e-11,-14.8622486381254
296,-19.2550283823103,-19.2550283823103,-14.8414248178649,-1.16028505101225e-11,-14.8414248178533
296.1,-19.2550283823103,-19.2550283823103,-14.8206301743008,-1.14129558382761e-11,-14.8206301742893
296.2,-19.425926811693,-19.425926811693,-14.7998646665646,-1.1226169022242e-11,-14.7998646665534
296.3,-19.3526846276718,-19.3526846276718,-14.7791282538336,-1.10424391982034e-11,-14.7791282538226
296.4,-20.1827627132452,-20.1827627132452,-14.7584208953422,-1.08617163347917e-11,-14.7584208953313
296.5,-19.8897939771605,-19.8897939771605,-14.7377425503817,-1.06839512194622e-11,-14.737742550371
296.6,-18.1319815606521,-18.1319815606521,-14.7170931783007,-1.05090954450926e-11,-14.7170931782902
296.7,-17.1554191070363,-17.1554191070363,-14.6964727385048,-1.03371013968019e-11,-14.6964727384944
296.8,-17.3751456590999,-17.3751456590999,-14.6758811904561,-1.01679222389841e-11,-14.6758811904459
296.9,-18.8888174622043,-18.8888174622043,-14.6553184936739,-1.00015119025545e-11,-14.6553184936639
297,-17.4239737817807,-17.4239737817807,-14.6347846077341,-9.83782507240486e-12,-14.6347846077242
297.1,-15.9835441626974,-15.9835441626974,-14.614279492269,-9.67681717506301e-12,-14.6142794922593
297.2,-17.692528456525,-17.692528456525,-14.5938031069679,-9.518444366556e-12,-14.5938031069584
297.3,-17.936669069929,-17.936669069929,-14.5733554115762,-9.36266352047006e-12,-14.5733554115668
297.4,-17.4483878431211,-17.4483878431211,-14.5529363658958,-9.20943221620767e-12,-14.5529363658866
297.5,-17.7169425178654,-17.7169425178654,-14.5325459297851,-9.05870872743549e-12,-14.5325459297761
297.6,-17.7901847018866,-17.7901847018866,-14.5121840631586,-8.910452010722e-12,-14.5121840631497
297.7,-18.3272940513753,-18.3272940513753,-14.4918507259869,-8.7646216943612e-12,-14.4918507259781
297.8,-17.3995597204403,-17.3995597204403,-14.4715458782967,-8.62117806737862e-12,-14.4715458782881
297.9,-19.0597158915871,-19.0597158915871,-14.4512694801709,-8.48008206871811e-12,-14.4512694801624
298,-18.5958487261196,-18.5958487261196,-14.4310214917481,-8.34129527660492e-12,-14.4310214917398
298.1,-16.8380363096112,-16.8380363096112,-14.410801873223,-8.2047798980828e-12,-14.4108018732148
298.2,-18.3517081127157,-18.3517081127157,-14.3906105848457,-8.07049875872328e-12,-14.3906105848377
298.3,-19.4015127503526,-19.4015127503526,-14.3704475869224,-7.93841529250198e-12,-14.3704475869144
298.4,-19.4015127503526,-19.4015127503526,-14.3503128398146,-7.80849353184198e-12,-14.3503128398068
298.5,-19.303856504991,-19.303856504991,-14.3302063039395,-7.68069809781916e-12,-14.3302063039318
298.6,-18.5958487261196,-18.5958487261196,-14.3101279397698,-7.55499419052808e-12,-14.3101279397622
298.7,-17.4972159658019,-17.4972159658019,-14.2900777078334,-7.4313475796061e-12,-14.290077707826
298.8,-17.0821769230152,-17.0821769230152,-14.2700555687137,-7.30972459491154e-12,-14.2700555687064
298.9,-16.7403800642496,-16.7403800642496,-14.2500614830492,-7.1900921173555e-12,-14.250061483042
299,-18.0343253152905,-18.0343253152905,-14.2300954115336,-7.07241756988299e-12,-14.2300954115266
299.1,-18.0343253152905,-18.0343253152905,-14.2101573149157,-6.95666890860169e-12,-14.2101573149088
299.2,-16.6427238188881,-16.6427238188881,-14.1902471539992,-6.8428146140566e-12,-14.1902471539924
299.3,-18.3517081127157,-18.3517081127157,-14.1703648896429,-6.73082368264641e-12,-14.1703648896361
299.4,-19.8409658544797,-19.8409658544797,-14.1505104827601,-6.62066561818138e-12,-14.1505104827535
299.5,-17.692528456525,-17.692528456525,-14.1306838943193,-6.51231042357883e-12,-14.1306838943128
299.6,-17.8634268859078,-17.8634268859078,-14.1108850853434,-6.40572859269438e-12,-14.110885085337
299.7,-20.4269033266492,-20.4269033266492,-14.09111401691,-6.30089110228761e-12,-14.0911140169037
299.8,-20.3048330199472,-20.3048330199472,-14.0713706501511,-6.19776940411827e-12,-14.0713706501449
299.9,-20.7442861240743,-20.7442861240743,-14.0516549462535,-6.09633541717273e-12,-14.0516549462474
300,-21.0616689214994,-21.0616689214994,-14.031966866458,-5.99656152001712e-12,-14.031966866452
300.1,-19.6944814864373,-19.6944814864373,-14.0123063720599,-5.89842054327552e-12,-14.012306372054
300.2,-21.0128407988186,-21.0128407988186,-13.9926734244087,-5.80188576223186e-12,-13.9926734244029
300.3,-21.964989191094,-21.964989191094,-13.9730679849081,-5.70693088955226e-12,-13.9730679849024
300.4,-20.4269033266492,-20.4269033266492,-13.9534900150158,-5.61353006812685e-12,-13.9534900150102
300.5,-21.3790517189246,-21.3790517189246,-13.9339394762436,-5.52165786402871e-12,-13.933939476238
300.6,-22.1358876204768,-22.1358876204768,-13.914416330157,-5.43128925958766e-12,-13.9144163301515
300.7,-21.9894032524344,-21.9894032524344,-13.8949205383756,-5.34239964657817e-12,-13.8949205383703
300.8,-21.403465780265,-21.403465780265,-13.8754520625727,-5.25496481951785e-12,-13.8754520625675
300.9,-22.6729969699654,-22.6729969699654,-13.8560108644753,-5.16896096907645e-12,-13.8560108644702
301,-22.2823719885191,-22.2823719885191,-13.836596905864,-5.0843646755921e-12,-13.8365969058589
301.1,-22.1114735591364,-22.1114735591364,-13.817210148573,-5.00115290269401e-12,-13.817210148568
301.2,-21.2569814122226,-21.2569814122226,-13.7978505544898,-4.91930299102949e-12,-13.7978505544849
301.3,-21.0860829828398,-21.0860829828398,-13.7785180855556,-4.83879265209341e-12,-13.7785180855508
301.4,-22.0626454364556,-22.0626454364556,-13.7592127037647,-4.75959996215912e-12,-13.7592127037599
301.5,-20.9884267374782,-20.9884267374782,-13.7399343711646,-4.68170335630823e-12,-13.7399343711599
301.6,-19.6456533637566,-19.6456533637566,-13.7206830498563,-4.60508162255816e-12,-13.7206830498517
301.7,-20.3780752039684,-20.3780752039684,-13.7014587019936,-4.52971389608628e-12,-13.701458701989
301.8,-21.0860829828398,-21.0860829828398,-13.6822612897833,-4.45557965354778e-12,-13.6822612897789
301.9,-20.7687001854147,-20.7687001854147,-13.6630907754854,-4.38265870748735e-12,-13.6630907754811
302,-20.0606924065433,-20.0606924065433,-13.6439471214127,-4.31093120084176e-12,-13.6439471214084
302.1,-21.4278798416053,-21.4278798416053,-13.6248302899306,-4.24037760153251e-12,-13.6248302899264
302.2,-21.037254860159,-21.037254860159,-13.6057402434576,-4.17097869714735e-12,-13.6057402434534
302.3,-21.7208485776901,-21.7208485776901,-13.5866769444644,-4.10271558970817e-12,-13.5866769444602
302.4,-21.4278798416054,-21.4278798416054,-13.5676403554746,-4.03556969052529e-12,-13.5676403554705
302.5,-21.2081532895418,-21.2081532895418,-13.5486304390643,-3.96952271513535e-12,-13.5486304390603
302.6,-20.2071767745856,-20.2071767745856,-13.5296471578619,-3.90455667832225e-12,-13.529647157858
302.7,-18.7667471555024,-18.7667471555024,-13.5106904745483,-3.84065388921984e-12,-13.5106904745444
302.8,-18.742333094162,-18.742333094162,-13.4917603518565,-3.7777969464942e-12,-13.4917603518527
302.9,-17.9610831312693,-17.9610831312693,-13.472856752572,-3.71596873360539e-12,-13.4728567525682
303,-17.8878409472482,-17.8878409472482,-13.4539796395321,-3.65515241414635e-12,-13.4539796395284
303.1,-19.0841299529275,-19.0841299529275,-13.4351289756265,-3.59533142725805e-12,-13.4351289756229
303.2,-19.7677236704585,-19.7677236704585,-13.4163047237966,-3.53648948312009e-12,-13.4163047237931
303.3,-18.742333094162,-18.742333094162,-13.397506847036,-3.47861055851449e-12,-13.3975068470325
303.4,-18.2296378060137,-18.2296378060137,-13.3787353083899,-3.42167889246275e-12,-13.3787353083865
303.5,-17.9122550085886,-17.9122550085886,-13.3599900709555,-3.3656789819338e-12,-13.3599900709522
303.6,-17.570458149823,-17.570458149823,-13.3412710978816,-3.31059557762233e-12,-13.3412710978783
303.7,-17.0333488003344,-17.0333488003344,-13.3225783523685,-3.25641367979645e-12,-13.3225783523652
303.8,-17.7169425178654,-17.7169425178654,-13.3039117976683,-3.20311853421292e-12,-13.3039117976651
303.9,-19.6456533637566,-19.6456533637566,-13.2852713970844,-3.15069562809956e-12,-13.2852713970813
304,-17.3751456590999,-17.3751456590999,-13.2666571139718,-3.09913068620329e-12,-13.2666571139687
304.1,-17.3507315977595,-17.3507315977595,-13.2480689117367,-3.04840966690271e-12,-13.2480689117337
304.2,-18.9132315235447,-18.9132315235447,-13.2295067538366,-2.99851875838462e-12,-13.2295067538336
304.3,-18.8155752781832,-18.8155752781832,-13.2109706037803,-2.94944437488274e-12,-13.2109706037773
304.4,-19.5235830570546,-19.5235830570546,-13.1924604251275,-2.90117315297835e-12,-13.1924604251246
304.5,-19.8653799158201,-19.8653799158201,-13.1739761814891,-2.85369194796123e-12,-13.1739761814863
304.6,-17.570458149823,-17.570458149823,-13.1555178365272,-2.80698783025016e-12,-13.1555178365244
304.7,-18.6446768488004,-18.6446768488004,-13.1370853539544,-2.76104808187222e-12,-13.1370853539516
304.8,-19.6456533637566,-19.6456533637566,-13.1186786975343,-2.71586019299941e-12,-13.1186786975316
304.9,-19.425926811693,-19.425926811693,-13.1002978310815,-2.67141185854225e-12,-13.1002978310789
305,-19.6944814864373,-19.6944814864373,-13.0819427184611,-2.62769097479893e-12,-13.0819427184584
305.1,-19.0597158915871,-19.0597158915871,-13.0636133235887,-2.58468563615927e-12,-13.0636133235861
305.2,-18.5470206034388,-18.5470206034388,-13.0453096104306,-2.54238413186288e-12,-13.0453096104281
305.3,-17.9122550085886,-17.9122550085886,-13.0270315430038,-2.50077494281003e-12,-13.0270315430013
305.4,-17.3995597204403,-17.3995597204403,-13.0087790853753,-2.45984673842506e-12,-13.0087790853728
305.5,-17.4239737817807,-17.4239737817807,-12.9905522016628,-2.41958837357084e-12,-12.9905522016603
305.6,-18.9376455848851,-18.9376455848851,-12.972350856034,-2.37998888551386e-12,-12.9723508560316
305.7,-18.9864737075659,-18.9864737075659,-12.954175012707,-2.34103749093904e-12,-12.9541750127046
305.8,-18.6446768488004,-18.6446768488004,-12.9360246359499,-2.30272358301321e-12,-12.9360246359476
305.9,-17.3995597204403,-17.3995597204403,-12.9178996900811,-2.26503672849691e-12,-12.9178996900788
306,-17.3263175364191,-17.3263175364191,-12.8998001394687,-2.22796666490328e-12,-12.8998001394665
306.1,-15.7394035492935,-15.7394035492935,-12.8817259485309,-2.19150329770334e-12,-12.8817259485287
306.2,-16.081200408059,-16.081200408059,-12.8636770817356,-2.15563669757742e-12,-12.8636770817335
306.3,-17.3019034750787,-17.3019034750787,-12.8456535036007,-2.12035709771104e-12,-12.8456535035986
306.4,-19.0108877689063,-19.0108877689063,-12.8276551786938,-2.08565489113553e-12,-12.8276551786917
306.5,-18.7667471555024,-18.7667471555024,-12.8096820716318,-2.05152062811187e-12,-12.8096820716298
306.6,-17.2774894137383,-17.2774894137383,-12.7917341470816,-2.01794501355736e-12,-12.7917341470796
306.7,-17.3263175364191,-17.3263175364191,-12.7738113697594,-1.98491890451467e-12,-12.7738113697575
306.8,-16.3009269601225,-16.3009269601225,-12.7559137044309,-1.95243330766192e-12,-12.755913704429
306.9,-16.2276847761014,-16.2276847761014,-12.7380411159111,-1.92047937686389e-12,-12.7380411159092
307,-16.9845206776536,-16.9845206776536,-12.7201935690644,-1.88904841076302e-12,-12.7201935690625
307.1,-16.8380363096112,-16.8380363096112,-12.7023710288042,-1.85813185040994e-12,-12.7023710288024
307.2,-17.3019034750787,-17.3019034750787,-12.6845734600934,-1.82772127693293e-12,-12.6845734600916
307.3,-17.6681143951846,-17.6681143951846,-12.6668008279438,-1.79780840924521e-12,-12.666800827942
307.4,-15.8126457333147,-15.8126457333147,-12.6490530974162,-1.76838510178998e-12,-12.6490530974144
307.5,-17.814598763227,-17.814598763227,-12.6313302336203,-1.7394433423224e-12,-12.6313302336186
307.6,-18.1075674993117,-18.1075674993117,-12.613632201715,-1.71097524972761e-12,-12.6136322017133
307.7,-17.1065909843556,-17.1065909843556,-12.5959589669076,-1.68297307187478e-12,-12.5959589669059
307.8,-17.5216300271423,-17.5216300271423,-12.5783104944544,-1.65542918350606e-12,-12.5783104944527
307.9,-16.1788566534206,-16.1788566534206,-12.5606867496604,-1.62833608416011e-12,-12.5606867496587
308,-15.5685051199107,-15.5685051199107,-12.543087697879,-1.6016863961298e-12,-12.5430876978774
308.1,-13.8106927034023,-13.8106927034023,-12.5255133045124,-1.57547286245301e-12,-12.5255133045108
308.2,-15.6417473039319,-15.6417473039319,-12.5079635350112,-1.5496883449366e-12,-12.5079635350096
308.3,-17.0333488003344,-17.0333488003344,-12.4904383548742,-1.52432582221264e-12,-12.4904383548727
308.4,-16.2276847761014,-16.2276847761014,-12.4729377296488,-1.49937838782628e-12,-12.4729377296473
308.5,-16.2276847761014,-16.2276847761014,-12.4554616249306,-1.47483924835523e-12,-12.4554616249291
308.6,-15.6905754266127,-15.6905754266127,-12.4380100063634,-1.4507017215597e-12,-12.4380100063619
308.7,-14.7872551570181,-14.7872551570181,-12.420582839639,-1.42695923456288e-12,-12.4205828396376
308.8,-15.2267082611452,-15.2267082611452,-12.4031800904975,-1.40360532206103e-12,-12.4031800904961
308.9,-15.2511223224856,-15.2511223224856,-12.3858017247268,-1.3806336245629e-12,-12.3858017247255
309,-14.9337395250605,-14.9337395250605,-12.368447708163,-1.35803788665801e-12,-12.3684477081616
309.1,-16.9601066163132,-16.9601066163132,-12.3511180066897,-1.33581195531321e-12,-12.3511180066884
309.2,-15.7394035492935,-15.7394035492935,-12.3338125862386,-1.31394977819722e-12,-12.3338125862373
309.3,-15.2999504451664,-15.2999504451664,-12.3165314127891,-1.29244540203245e-12,-12.3165314127878
309.4,-17.2530753523979,-17.2530753523979,-12.299274452368,-1.27129297097388e-12,-12.2992744523667
309.5,-16.5938956962073,-16.5938956962073,-12.2820416710501,-1.25048672501449e-12,-12.2820416710488
309.6,-15.959130101357,-15.959130101357,-12.2648330349573,-1.23002099841672e-12,-12.2648330349561
309.7,-17.936669069929,-17.936669069929,-12.2476485102595,-1.20989021816969e-12,-12.2476485102583
309.8,-17.8390128245674,-17.8390128245674,-12.2304880631734,-1.19008890247154e-12,-12.2304880631723
309.9,-16.5938956962073,-16.5938956962073,-12.2133516599636,-1.17061165923672e-12,-12.2133516599624
310,-16.0567863467186,-16.0567863467186,-12.1962392669415,-1.15145318462772e-12,-12.1962392669404
310.1,-16.3741691441437,-16.3741691441437,-12.179150850466,-1.13260826161069e-12,-12.1791508504649
310.2,-16.1788566534206,-16.1788566534206,-12.162086376943,-1.11407175853488e-12,-12.1620863769419
310.3,-16.76479412559,-16.76479412559,-12.1450458128255,-1.09583862773519e-12,-12.1450458128244
310.4,-17.1065909843555,-17.1065909843555,-12.1280291246136,-1.07790390415767e-12,-12.1280291246125
310.5,-18.1319815606521,-18.1319815606521,-12.1110362788542,-1.06026270400748e-12,-12.1110362788531
310.6,-16.8624503709516,-16.8624503709516,-12.094067242141,-1.04291022341895e-12,-12.09406724214
310.7,-15.8614738559954,-15.8614738559954,-12.0771219811148,-1.02584173714752e-12,-12.0771219811138
310.8,-15.2511223224856,-15.2511223224856,-12.0602004624629,-1.00905259728298e-12,-12.0602004624619
310.9,-15.031395770422,-15.031395770422,-12.0433026529193,-9.92538231983726e-13,-12.0433026529183
311,-14.9825676477412,-14.9825676477412,-12.0264285192647,-9.76294144231927e-13,-12.0264285192638
311.1,-14.2013176848486,-14.2013176848486,-12.0095780283264,-9.60315910608836e-13,-12.0095780283254
311.2,-16.0079582240378,-16.0079582240378,-11.9927511469778,-9.44599180090347e-13,-11.9927511469769
311.3,-16.081200408059,-16.081200408059,-11.9759478421393,-9.29139672862098e-13,-11.9759478421383
311.4,-15.6905754266127,-15.6905754266127,-11.9591680807771,-9.1393317915405e-13,-11.9591680807762
311.5,-14.8604973410393,-14.8604973410393,-11.942411829904,-8.98975558094166e-13,-11.9424118299031
311.6,-16.3985832054841,-16.3985832054841,-11.925679056579,-8.84262736580751e-13,-11.9256790565781
311.7,-15.9347160400166,-15.9347160400166,-11.9089697279071,-8.6979070817338e-13,-11.9089697279062
311.8,-15.8126457333146,-15.8126457333146,-11.8922838110396,-8.55555532001849e-13,-11.8922838110387
311.9,-14.5187004822738,-14.5187004822738,-11.8756212731736,-8.41553331693039e-13,-11.8756212731728
312,-15.0558098317624,-15.0558098317624,-11.8589820815524,-8.27780294315407e-13,-11.8589820815515
312.1,-16.0079582240378,-16.0079582240378,-11.8423662034649,-8.14232669340597e-13,-11.8423662034641
312.2,-16.0323722853782,-16.0323722853782,-11.8257736062461,-8.0090676762221e-13,-11.8257736062453
312.3,-16.4718253895053,-16.4718253895053,-11.8092042572767,-7.87798960391185e-13,-11.8092042572759
312.4,-15.5440910585703,-15.5440910585703,-11.792658123983,-7.74905678267629e-13,-11.7926581239822
312.5,-15.7149894879531,-15.7149894879531,-11.7761351738371,-7.62223410288904e-13,-11.7761351738363
312.6,-15.153466077124,-15.153466077124,-11.7596353743564,-7.49748702953482e-13,-11.7596353743557
312.7,-13.9327630101043,-13.9327630101043,-11.7431586931042,-7.37478159280576e-13,-11.7431586931035
312.8,-15.4464348132087,-15.4464348132087,-11.726705097689,-7.25408437885112e-13,-11.7267050976883
312.9,-14.9337395250605,-14.9337395250605,-11.7102745557647,-7.13536252067791e-13,-11.7102745557639
313,-14.4942864209334,-14.4942864209334,-11.6938670350305,-7.01858368920142e-13,-11.6938670350298
313.1,-14.3233879915506,-14.3233879915506,-11.677482503231,-6.90371608444133e-13,-11.6774825032303
313.2,-13.2735833539136,-13.2735833539136,-11.6611209281558,-6.7907284268625e-13,-11.6611209281551
313.3,-14.7628410956777,-14.7628410956777,-11.6447822776399,-6.67958994885735e-13,-11.6447822776392
313.4,-16.2765128987821,-16.2765128987821,-11.628466519563,-6.57027038636708e-13,-11.6284665195624
313.5,-16.1788566534206,-16.1788566534206,-11.6121736218502,-6.46273997064104e-13,-11.6121736218495
313.6,-16.2520988374417,-16.2520988374417,-11.5959035524712,-6.35696942012993e-13,-11.5959035524705
313.7,-14.7628410956777,-14.7628410956777,-11.5796562794407,-6.25292993251265e-13,-11.5796562794401
313.8,-15.6417473039319,-15.6417473039319,-11.5634317708184,-6.15059317685279e-13,-11.5634317708178
313.9,-15.153466077124,-15.153466077124,-11.5472299947085,-6.04993128588384e-13,-11.5472299947079
314,-14.5675286049545,-14.5675286049545,-11.53105091926,-5.95091684842097e-13,-11.5310509192594
314.1,-14.4454582982526,-14.4454582982526,-11.5148945126665,-5.85352290189632e-13,-11.5148945126659
314.2,-14.7872551570181,-14.7872551570181,-11.4987607431662,-5.75772292501727e-13,-11.4987607431656
314.3,-15.6417473039319,-15.6417473039319,-11.4826495790417,-5.66349083054409e-13,-11.4826495790411
314.4,-16.9112784936324,-16.9112784936324,-11.4665609886201,-5.57080095818615e-13,-11.4665609886196
314.5,-16.6915519415688,-16.6915519415688,-11.4504949402731,-5.47962806761475e-13,-11.4504949402725
314.6,-16.9601066163132,-16.9601066163132,-11.4344514024163,-5.3899473315894e-13,-11.4344514024157
314.7,-16.76479412559,-16.76479412559,-11.4184303435098,-5.30173432919758e-13,-11.4184303435092
314.8,-17.4483878431211,-17.4483878431211,-11.4024317320579,-5.2149650392045e-13,-11.4024317320573
314.9,-17.570458149823,-17.570458149823,-11.3864555366089,-5.12961583351177e-13,-11.3864555366084
315,-16.5694816348669,-16.5694816348669,-11.3705017257554,-5.04566347072364e-13,-11.3705017257549
315.1,-15.7638176106339,-15.7638176106339,-11.3545702681337,-4.96308508981763e-13,-11.3545702681332
315.2,-14.8360832796989,-14.8360832796989,-11.3386611324243,-4.88185820391966e-13,-11.3386611324238
315.3,-15.0802238931028,-15.0802238931028,-11.3227742873514,-4.8019606941806e-13,-11.3227742873509
315.4,-15.153466077124,-15.153466077124,-11.3069097016832,-4.7233708037528e-13,-11.3069097016827
315.5,-15.2511223224856,-15.2511223224856,-11.2910673442315,-4.64606713186593e-13,-11.2910673442311
315.6,-15.1046379544432,-15.1046379544432,-11.2752471838519,-4.57002862799895e-13,-11.2752471838515
315.7,-15.7882316719743,-15.7882316719743,-11.2594491894436,-4.49523458614815e-13,-11.2594491894431
315.8,-16.0567863467186,-16.0567863467186,-11.2436733299493,-4.42166463918865e-13,-11.2436733299489
315.9,-15.6661613652723,-15.6661613652723,-11.2279195743554,-4.34929875332802e-13,-11.2279195743549
316,-15.8858879173358,-15.8858879173358,-11.2121878916915,-4.27811722265122e-13,-11.2121878916911
316.1,-17.9610831312694,-17.9610831312694,-11.1964782510309,-4.20810066375414e-13,-11.1964782510305
316.2,-18.0343253152905,-18.0343253152905,-11.1807906214899,-4.13923001046571e-13,-11.1807906214895
316.3,-17.2286612910575,-17.2286612910575,-11.1651249722284,-4.07148650865571e-13,-11.165124972228
316.4,-16.9112784936324,-16.9112784936324,-11.1494812724493,-4.00485171112784e-13,-11.1494812724489
316.5,-15.0558098317624,-15.0558098317624,-11.1338594913987,-3.93930747259658e-13,-11.1338594913983
316.6,-15.8858879173358,-15.8858879173358,-11.1182595983657,-3.8748359447459e-13,-11.1182595983653
316.7,-16.4718253895053,-16.4718253895053,-11.1026815626827,-3.81141957136902e-13,-11.1026815626823
316.8,-16.1544425920802,-16.1544425920802,-11.0871253537247,-3.74904108358774e-13,-11.0871253537243
316.9,-17.2530753523979,-17.2530753523979,-11.0715909409099,-3.68768349514983e-13,-11.0715909409096
317,-16.5694816348669,-16.5694816348669,-11.0560782936993,-3.62733009780376e-13,-11.0560782936989
317.1,-16.6915519415688,-16.6915519415688,-11.0405873815965,-3.56796445674858e-13,-11.0405873815962
317.2,-15.7882316719743,-15.7882316719743,-11.0251181741481,-3.50957040615877e-13,-11.0251181741478
317.3,-16.0323722853782,-16.0323722853782,-11.0096706409432,-3.45213204478218e-13,-11.0096706409428
317.4,-16.3497550828033,-16.3497550828033,-10.9942447516135,-3.39563373160971e-13,-10.9942447516131
317.5,-17.4728019044615,-17.4728019044615,-10.9788404758333,-3.3400600816164e-13,-10.978840475833
317.6,-17.7657706405462,-17.7657706405462,-10.9634577833194,-3.28539596157173e-13,-10.9634577833191
317.7,-17.1554191070363,-17.1554191070363,-10.9480966438311,-3.23162648591883e-13,-10.9480966438307
317.8,-16.7892081869304,-16.7892081869304,-10.9327570271698,-3.17873701272102e-13,-10.9327570271695
317.9,-18.1319815606521,-18.1319815606521,-10.9174389031796,-3.12671313967448e-13,-10.9174389031793
318,-18.1075674993117,-18.1075674993117,-10.9021422417465,-3.07554070018661e-13,-10.9021422417462
318.1,-16.5206535121861,-16.5206535121861,-10.8868670127989,-3.02520575951813e-13,-10.8868670127986
318.2,-17.2042472297171,-17.2042472297171,-10.8716131863073,-2.9756946109887e-13,-10.871613186307
318.3,-18.3517081127157,-18.3517081127157,-10.8563807322842,-2.92699377224433e-13,-10.8563807322839
318.4,-17.692528456525,-17.692528456525,-10.8411696207843,-2.87908998158601e-13,-10.841169620784
318.5,-18.0099112539501,-18.0099112539501,-10.8259798219039,-2.83197019435853e-13,-10.8259798219036
318.6,-17.8878409472482,-17.8878409472482,-10.8108113057816,-2.78562157939814e-13,-10.8108113057813
318.7,-17.3507315977595,-17.3507315977595,-10.7956640425976,-2.7400315155387e-13,-10.7956640425974
318.8,-18.0099112539501,-18.0099112539501,-10.780538002574,-2.69518758817467e-13,-10.7805380025737
318.9,-18.4005362353965,-18.4005362353965,-10.7654331559745,-2.65107758588044e-13,-10.7654331559743
319,-17.7169425178654,-17.7169425178654,-10.7503494731046,-2.60768949708531e-13,-10.7503494731043
319.1,-15.6661613652723,-15.6661613652723,-10.7352869243113,-2.5650115068023e-13,-10.735286924311
319.2,-16.0079582240378,-16.0079582240378,-10.7202454799831,-2.52303199341105e-13,-10.7202454799828
319.3,-17.7413565792058,-17.7413565792058,-10.7052251105502,-2.48173952549306e-13,-10.70522511055
319.4,-17.4972159658019,-17.4972159658019,-10.6902257864841,-2.44112285871874e-13,-10.6902257864838
319.5,-18.1319815606521,-18.1319815606521,-10.6752474782976,-2.40117093278567e-13,-10.6752474782973
319.6,-19.2062002596295,-19.2062002596295,-10.6602901565449,-2.36187286840653e-13,-10.6602901565447
319.7,-18.8888174622043,-18.8888174622043,-10.6453537918215,-2.32321796434672e-13,-10.6453537918213
319.8,-17.0821769230152,-17.0821769230152,-10.6304383547641,-2.28519569451034e-13,-10.6304383547639
319.9,-15.1290520157836,-15.1290520157836,-10.6155438160504,-2.24779570507368e-13,-10.6155438160501
320,-15.2267082611452,-15.2267082611452,-10.6006701463993,-2.21100781166593e-13,-10.600670146399
320.1,-16.1788566534206,-16.1788566534206,-10.5858173165706,-2.17482199659576e-13,-10.5858173165704
320.2,-15.9347160400166,-15.9347160400166,-10.5709852973654,-2.13922840612351e-13,-10.5709852973652
320.3,-17.1554191070363,-17.1554191070363,-10.5561740596253,-2.10421734777792e-13,-10.5561740596251
320.4,-15.6173332425915,-15.6173332425915,-10.541383574233,-2.06977928771663e-13,-10.5413835742328
320.5,-14.3233879915506,-14.3233879915506,-10.5266138121119,-2.03590484813023e-13,-10.5266138121117
320.6,-15.3487785678472,-15.3487785678472,-10.5118647442263,-2.00258480468841e-13,-10.5118647442261
320.7,-16.2520988374417,-16.2520988374417,-10.4971363415808,-1.96981008402825e-13,-10.4971363415806
320.8,-17.3019034750787,-17.3019034750787,-10.4824285752212,-1.93757176128336e-13,-10.482428575221
320.9,-15.5685051199107,-15.5685051199107,-10.4677414162333,-1.90586105765353e-13,-10.4677414162331
321,-14.5675286049545,-14.5675286049545,-10.4530748357437,-1.87466933801428e-13,-10.4530748357435
321.1,-14.6895989116565,-14.6895989116565,-10.4384288049195,-1.84398810856535e-13,-10.4384288049194
321.2,-15.3976066905279,-15.3976066905279,-10.4238032949681,-1.8138090145178e-13,-10.423803294968
321.3,-15.0069817090816,-15.0069817090816,-10.4091982771373,-1.78412383781892e-13,-10.4091982771371
321.4,-15.3487785678472,-15.3487785678472,-10.394613722715,-1.75492449491431e-13,-10.3946137227148
321.5,-14.6651848503161,-14.6651848503161,-10.3800496030296,-1.72620303454678e-13,-10.3800496030295
321.6,-14.8116692183585,-14.8116692183585,-10.3655058894495,-1.69795163559103e-13,-10.3655058894493
321.7,-14.103661439487,-14.103661439487,-10.3509825533833,-1.67016260492393e-13,-10.3509825533831
321.8,-13.4933099059772,-13.4933099059772,-10.3364795662795,-1.64282837532962e-13,-10.3364795662794
321.9,-13.66420833536,-13.66420833536,-10.3219968996269,-1.61594150343888e-13,-10.3219968996267
322,-14.0548333168063,-14.0548333168063,-10.3075345249539,-1.58949466770221e-13,-10.3075345249538
322.1,-14.7140129729969,-14.7140129729969,-10.2930924138291,-1.5634806663961e-13,-10.293092413829
322.2,-16.203270714761,-16.203270714761,-10.2786705378608,-1.53789241566198e-13,-10.2786705378606
322.3,-14.6651848503161,-14.6651848503161,-10.2642688686969,-1.5127229475772e-13,-10.2642688686968
322.4,-14.5187004822738,-14.5187004822738,-10.2498873780254,-1.48796540825753e-13,-10.2498873780253
322.5,-14.8604973410393,-14.8604973410393,-10.2355260375738,-1.46361305599088e-13,-10.2355260375736
322.6,-14.5919426662949,-14.5919426662949,-10.221184819109,-1.43965925940141e-13,-10.2211848191089
322.7,-15.3976066905279,-15.3976066905279,-10.2068636944378,-1.41609749564378e-13,-10.2068636944376
322.8,-14.6651848503161,-14.6651848503161,-10.1925626354063,-1.39292134862688e-13,-10.1925626354061
322.9,-14.4454582982526,-14.4454582982526,-10.1782816139,-1.37012450726669e-13,-10.1782816138999
323,-16.081200408059,-16.081200408059,-10.1640206018441,-1.34770076376771e-13,-10.164020601844
323.1,-15.153466077124,-15.153466077124,-10.1497795712027,-1.3256440119325e-13,-10.1497795712026
323.2,-13.2247552312329,-13.2247552312329,-10.1355584939796,-1.30394824549895e-13,-10.1355584939795
323.3,-13.3712395992752,-13.3712395992752,-10.1213573422175,-1.28260755650467e-13,-10.1213573422174
323.4,-14.6651848503161,-14.6651848503161,-10.1071760879984,-1.26161613367821e-13,-10.1071760879983
323.5,-13.8106927034023,-13.8106927034023,-10.0930147034435,-1.24096826085663e-13,-10.0930147034434
323.6,-13.6153802126792,-13.6153802126792,-10.0788731607129,-1.22065831542886e-13,-10.0788731607128
323.7,-14.225731746189,-14.225731746189,-10.0647514320059,-1.2006807668047e-13,-10.0647514320058
323.8,-15.3976066905279,-15.3976066905279,-10.0506494895605,-1.18103017490871e-13,-10.0506494895604
323.9,-14.7384270343373,-14.7384270343373,-10.0365673056538,-1.16170118869887e-13,-10.0365673056537
324,-13.6153802126792,-13.6153802126792,-10.0225048526018,-1.14268854470945e-13,-10.0225048526017
324.1,-14.8116692183585,-14.8116692183585,-10.0084621027589,-1.12398706561766e-13,-10.0084621027588
324.2,-15.1778801384644,-15.1778801384644,-9.99443902851878,-1.10559165883388e-13,-9.99443902851867
324.3,-13.6397942740196,-13.6397942740196,-9.98043560231337,-1.08749731511488e-13,-9.98043560231326
324.4,-14.5431145436141,-14.5431145436141,-9.96645179661341,-1.06969910719973e-13,-9.9664517966133
324.5,-16.2765128987821,-16.2765128987821,-9.95248758392819,-1.0521921884681e-13,-9.95248758392809
324.6,-16.5206535121861,-16.5206535121861,-9.9385429368055,-1.03497179162044e-13,-9.9385429368054
324.7,-15.153466077124,-15.153466077124,-9.92461782783162,-1.01803322737981e-13,-9.92461782783152
324.8,-15.9835441626974,-15.9835441626974,-9.91071222963122,-1.00137188321501e-13,-9.91071222963112
324.9,-17.0333488003344,-17.0333488003344,-9.89682611486733,-9.84983222084418e-14,-9.89682611486723
325,-15.2267082611452,-15.2267082611452,-9.88295945624128,-9.68862781200634e-14,-9.88295945624118
325.1,-13.9083489487639,-13.9083489487639,-9.86911222649264,-9.53006170815123e-14,-9.86911222649255
325.2,-14.3966301755718,-14.3966301755718,-9.8552843983992,-9.37409073022937e-14,-9.85528439839911
325.3,-14.225731746189,-14.225731746189,-9.84147594477689,-9.22067240586836e-14,-9.8414759447768
325.4,-13.7862786420619,-13.7862786420619,-9.8276868384797,-9.06976495780741e-14,-9.8276868384796
325.5,-15.031395770422,-15.031395770422,-9.81391705239967,-8.92132729252135e-14,-9.81391705239959
325.6,-14.9337395250605,-14.9337395250605,-9.80016655946683,-8.77531898902988e-14,-9.80016655946674
325.7,-15.4952629358895,-15.4952629358895,-9.78643533264913,-8.63170028789128e-14,-9.78643533264904
325.8,-15.959130101357,-15.959130101357,-9.77272334495239,-8.49043208037498e-14,-9.7727233449523
325.9,-15.3731926291875,-15.3731926291875,-9.75903056942026,-8.35147589781184e-14,-9.75903056942018
326,-14.7384270343373,-14.7384270343373,-9.74535697913418,-8.21479390111942e-14,-9.7453569791341
326.1,-13.7130364580407,-13.7130364580407,-9.73170254721325,-8.08034887049719e-14,-9.73170254721317
326.2,-14.2013176848486,-14.2013176848486,-9.71806724681429,-7.94810419529185e-14,-9.71806724681421
326.3,-14.103661439487,-14.103661439487,-9.7044510511317,-7.81802386402771e-14,-9.70445105113162
326.4,-13.8351067647427,-13.8351067647427,-9.69085393339744,-7.69007245460017e-14,-9.69085393339737
326.5,-13.2491692925732,-13.2491692925732,-9.677275866881,-7.56421512463056e-14,-9.67727586688093
326.6,-14.1280755008274,-14.1280755008274,-9.66371682488928,-7.44041760197749e-14,-9.66371682488921
326.7,-14.6407707889757,-14.6407707889757,-9.65017678076662,-7.31864617540473e-14,-9.65017678076655
326.8,-13.6397942740196,-13.6397942740196,-9.63665570789469,-7.19886768540134e-14,-9.63665570789462
326.9,-13.4688958446368,-13.4688958446368,-9.62315357969245,-7.08104951515153e-14,-9.62315357969238
327,-13.8839348874235,-13.8839348874235,-9.60967036961613,-6.96515958165338e-14,-9.60967036961606
327.1,-13.9571770714447,-13.9571770714447,-9.5962060511591,-6.85116632698189e-14,-9.59620605115903
327.2,-13.2735833539136,-13.2735833539136,-9.58276059785192,-6.73903870969572e-14,-9.58276059785185
327.3,-14.8849114023797,-14.8849114023797,-9.56933398326222,-6.62874619638438e-14,-9.56933398326215
327.4,-15.8858879173358,-15.8858879173358,-9.55592618099466,-6.52025875335328e-14,-9.55592618099459
327.5,-15.2999504451664,-15.2999504451664,-9.54253716469088,-6.41354683844576e-14,-9.54253716469082
327.6,-14.6651848503161,-14.6651848503161,-9.52916690802946,-6.30858139299802e-14,-9.5291669080294
327.7,-14.4210442369122,-14.4210442369122,-9.51581538472586,-6.20533383392671e-14,-9.51581538472579
327.8,-14.1769036235082,-14.1769036235082,-9.50248256853236,-6.10377604594503e-14,-9.5024825685323
327.9,-13.7130364580407,-13.7130364580407,-9.48916843323802,-6.0038803739067e-14,-9.48916843323796
328,-12.8097161884461,-12.8097161884461,-9.47587295266864,-5.90561961527564e-14,-9.47587295266858
328.1,-13.5177239673176,-13.5177239673176,-9.46259610068665,-5.80896701271786e-14,-9.4625961006866
328.2,-13.6397942740196,-13.6397942740196,-9.44933785119115,-5.71389624681562e-14,-9.4493378511911
328.3,-13.2735833539136,-13.2735833539136,-9.4360981781178,-5.6203814289003e-14,-9.43609817811774
328.4,-13.6153802126792,-13.6153802126792,-9.42287705543875,-5.52839709400244e-14,-9.42287705543869
328.5,-14.2013176848486,-14.2013176848486,-9.40967445716265,-5.43791819391787e-14,-9.40967445716259
328.6,-12.8341302497865,-12.8341302497865,-9.39649035733454,-5.34892009038628e-14,-9.39649035733449
328.7,-13.0294427405097,-13.0294427405097,-9.38332473003587,-5.26137854838239e-14,-9.38332473003581
328.8,-13.1026849245309,-13.1026849245309,-9.37017754938435,-5.1752697295165e-14,-9.3701775493843
328.9,-12.370263084319,-12.370263084319,-9.357048789534,-5.09057018554275e-14,-9.35704878953394
329,-13.7374505193811,-13.7374505193811,-9.34393842467501,-5.00725685197434e-14,-9.34393842467497
329.1,-14.1280755008274,-14.1280755008274,-9.33084642903379,-4.92530704180256e-14,-9.33084642903374
329.2,-13.9815911327851,-13.9815911327851,-9.3177727768728,-4.84469843931904e-14,-9.31777277687275
329.3,-14.469872359593,-14.469872359593,-9.3047174424906,-4.76540909403909e-14,-9.30471744249056
329.4,-14.0548333168063,-14.0548333168063,-9.29168040022176,-4.68741741472402e-14,-9.29168040022171
329.5,-12.5655755750422,-12.5655755750422,-9.2786616244368,-4.610702163502e-14,-9.27866162443675
329.6,-12.5655755750422,-12.5655755750422,-9.26566108954213,-4.5352424500845e-14,-9.26566108954209
329.7,-11.6134271827668,-11.6134271827668,-9.25267876998007,-4.461017726078e-14,-9.25267876998002
329.8,-12.5899896363826,-12.5899896363826,-9.2397146402287,-4.38800777938817e-14,-9.23971464022866
329.9,-14.6407707889757,-14.6407707889757,-9.2267686748019,-4.31619272871599e-14,-9.22676867480185
330,-13.9083489487639,-13.9083489487639,-9.21384084824922,-4.24555301814402e-14,-9.21384084824918
330.1,-11.7354974894688,-11.7354974894688,-9.20093113515589,-4.17606941181092e-14,-9.20093113515585
330.2,-12.8829583724673,-12.8829583724673,-9.18803951014276,-4.10772298867363e-14,-9.18803951014272
330.3,-13.420067721956,-13.420067721956,-9.17516594786622,-4.04049513735476e-14,-9.17516594786618
330.4,-12.9562005564885,-12.9562005564885,-9.16231042301817,-3.97436755107449e-14,-9.16231042301813
330.5,-13.2247552312329,-13.2247552312329,-9.149472910326,-3.9093222226658e-14,-9.14947291032596
330.6,-13.4688958446368,-13.4688958446368,-9.13665338455245,-3.84534143967052e-14,-9.13665338455241
330.7,-13.2003411698925,-13.2003411698925,-9.12385182049568,-3.78240777951637e-14,-9.12385182049564
330.8,-14.3233879915506,-14.3233879915506,-9.11106819298914,-3.72050410477252e-14,-9.1110681929891
330.9,-14.9093254637201,-14.9093254637201,-9.09830247690152,-3.65961355848282e-14,-9.09830247690149
331,-13.4933099059772,-13.4933099059772,-9.08555464713676,-3.59971955957573e-14,-9.08555464713673
331.1,-11.1251459559589,-11.1251459559589,-9.07282467863394,-3.54080579834885e-14,-9.0728246786339
331.2,-10.2462397477047,-10.2462397477047,-9.06011254636724,-3.48285623202781e-14,-9.06011254636721
331.3,-11.9796381028727,-11.9796381028727,-9.04741822534595,-3.42585508039772e-14,-9.04741822534591
331.4,-13.0294427405097,-13.0294427405097,-9.03474169061432,-3.36978682150584e-14,-9.03474169061428
331.5,-10.1729975636836,-10.1729975636836,-9.0220829172516,-3.31463618743505e-14,-9.02208291725157
331.6,-10.6612787904915,-10.6612787904915,-9.00944188037196,-3.26038816014607e-14,-9.00944188037192
331.7,-12.0528802868939,-12.0528802868939,-8.99681855512441,-3.20702796738802e-14,-8.99681855512438
331.8,-12.3702630843191,-12.3702630843191,-8.98421291669281,-3.15454107867583e-14,-8.98421291669278
331.9,-12.2481927776171,-12.2481927776171,-8.97162494029577,-3.10291320133324e-14,-8.97162494029574
332,-12.5167474523614,-12.5167474523614,-8.95905460118663,-3.05213027660102e-14,-8.9590546011866
332.1,-11.6622553054476,-11.6622553054476,-8.9465018746534,-3.00217847580844e-14,-8.94650187465337
332.2,-10.5392084837895,-10.5392084837895,-8.93396673601872,-2.95304419660778e-14,-8.93396673601869
332.3,-12.1505365322555,-12.1505365322555,-8.92144916063981,-2.90471405927013e-14,-8.92144916063978
332.4,-13.9815911327851,-13.9815911327851,-8.90894912390839,-2.85717490304197e-14,-8.90894912390836
332.5,-10.5392084837895,-10.5392084837895,-8.8964666012507,-2.81041378256149e-14,-8.89646660125067
332.6,-10.075341318322,-10.075341318322,-8.88400156812737,-2.76441796433334e-14,-8.88400156812734
332.7,-11.5157709374053,-11.5157709374053,-8.87155400003344,-2.71917492326121e-14,-8.87155400003341
332.8,-11.9063959188516,-11.9063959188516,-8.85912387249829,-2.67467233923715e-14,-8.85912387249826
332.9,-10.7833490971934,-10.7833490971934,-8.84671116108555,-2.63089809378659e-14,-8.84671116108552
333,-10.9542475265762,-10.9542475265762,-8.83431584139314,-2.58784026676859e-14,-8.83431584139311
333.1,-12.7853021271058,-12.7853021271058,-8.82193788905311,-2.54548713312956e-14,-8.82193788905308
333.2,-13.2003411698925,-13.2003411698925,-8.8095772797317,-2.50382715971069e-14,-8.80957727973168
333.3,-13.1759271085521,-13.1759271085521,-8.79723398912924,-2.46284900210722e-14,-8.79723398912922
333.4,-12.1261224709151,-12.1261224709151,-8.78490799298008,-2.42254150157929e-14,-8.78490799298005
333.5,-12.2726068389575,-12.2726068389575,-8.77259926705259,-2.38289368201331e-14,-8.77259926705257
333.6,-11.7843256121496,-11.7843256121496,-8.76030778714908,-2.343894746933e-14,-8.76030778714906
333.7,-12.5167474523614,-12.5167474523614,-8.74803352910578,-2.30553407655953e-14,-8.74803352910576
333.8,-12.5899896363826,-12.5899896363826,-8.73577646879277,-2.26780122491961e-14,-8.73577646879274
333.9,-12.9317864951481,-12.9317864951481,-8.72353658211392,-2.23068591700082e-14,-8.72353658211389
334,-12.3946771456594,-12.3946771456594,-8.71131384500688,-2.19417804595383e-14,-8.71131384500686
334.1,-10.6856928518318,-10.6856928518318,-8.69910823344302,-2.15826767034005e-14,-8.699108233443
334.2,-9.53823196883329,-9.53823196883329,-8.68691972342737,-2.12294501142461e-14,-8.68691972342734
334.3,-11.2960443853417,-11.2960443853417,-8.67474829099857,-2.08820045051344e-14,-8.67474829099855
334.4,-12.8097161884462,-12.8097161884462,-8.66259391222884,-2.05402452633396e-14,-8.66259391222882
334.5,-12.3214349616383,-12.3214349616383,-8.65045656322394,-2.02040793245885e-14,-8.65045656322392
334.6,-11.6378412441072,-11.6378412441072,-8.63833622012308,-1.98734151477162e-14,-8.63833622012306
334.7,-11.2228022013205,-11.2228022013205,-8.62623285909892,-1.95481626897405e-14,-8.6262328590989
334.8,-12.5167474523614,-12.5167474523614,-8.61414645635752,-1.9228233381341e-14,-8.6141464563575
334.9,-13.1270989858713,-13.1270989858713,-8.60207698813824,-1.89135401027409e-14,-8.60207698813822
335,-11.8331537348304,-11.8331537348304,-8.59002443071376,-1.86039971599849e-14,-8.59002443071374
335.1,-11.5401849987456,-11.5401849987456,-8.57798876038999,-1.82995202616017e-14,-8.57798876038997
335.2,-13.2003411698925,-13.2003411698925,-8.56596995350606,-1.80000264956524e-14,-8.56596995350604
335.3,-13.3224114765944,-13.3224114765944,-8.55396798643423,-1.77054343071523e-14,-8.55396798643421
335.4,-11.3448725080225,-11.3448725080225,-8.54198283557986,-1.7415663475862e-14,-8.54198283557985
335.5,-11.0519037719378,-11.0519037719378,-8.53001447738141,-1.71306350944441e-14,-8.53001447738139
335.6,-11.80873967349,-11.80873967349,-8.51806288831029,-1.68502715469743e-14,-8.51806288831028
335.7,-11.9796381028727,-11.9796381028727,-8.50612804487094,-1.65744964878072e-14,-8.50612804487092
335.8,-11.7110834281284,-11.7110834281284,-8.49420992360067,-1.63032348207863e-14,-8.49420992360066
335.9,-10.0509272569816,-10.0509272569816,-8.4823085010697,-1.6036412678794e-14,-8.48230850106968
336,-9.29409135542935,-9.29409135542935,-8.47042375388106,-1.57739574036378e-14,-8.47042375388104
336.1,-8.95229449666383,-8.95229449666383,-8.45855565867055,-1.55157975262637e-14,-8.45855565867053
336.2,-10.7345209745126,-10.7345209745126,-8.44670419210673,-1.52618627472958e-14,-8.44670419210671
336.3,-11.4669428147245,-11.4669428147245,-8.43486933089085,-1.50120839178924e-14,-8.43486933089083
336.4,-11.5401849987456,-11.5401849987456,-8.42305105175678,-1.47663930209157e-14,-8.42305105175676
336.5,-11.003075649257,-11.003075649257,-8.41124933147101,-1.45247231524111e-14,-8.411249331471
336.6,-10.075341318322,-10.075341318322,-8.39946414683259,-1.42870085033875e-14,-8.39946414683257
336.7,-9.48940384615251,-9.48940384615251,-8.38769547467304,-1.4053184341898e-14,-8.38769547467302
336.8,-9.41616166213132,-9.41616166213132,-8.37594329185639,-1.38231869954122e-14,-8.37594329185637
336.9,-10.6856928518318,-10.6856928518318,-8.36420757527904,-1.35969538334771e-14,-8.36420757527902
337,-11.6378412441072,-11.6378412441072,-8.3524883018698,-1.33744232506634e-14,-8.35248830186979
337.1,-12.9073724338077,-12.9073724338077,-8.34078544858978,-1.31555346497886e-14,-8.34078544858977
337.2,-14.2745598688698,-14.2745598688698,-8.32909899243239,-1.29402284254168e-14,-8.32909899243237
337.3,-14.0060051941255,-14.0060051941255,-8.31742891042325,-1.27284459476268e-14,-8.31742891042324
337.4,-13.7862786420619,-13.7862786420619,-8.3057751796202,-1.25201295460468e-14,-8.30577517962018
337.5,-13.2003411698925,-13.2003411698925,-8.29413777711319,-1.23152224941507e-14,-8.29413777711318
337.6,-12.1017084095747,-12.1017084095747,-8.28251668002431,-1.21136689938103e-14,-8.2825166800243
337.7,-11.8331537348304,-11.8331537348304,-8.27091186550767,-1.19154141601013e-14,-8.27091186550765
337.8,-12.3946771456595,-12.3946771456595,-8.2593233107494,-1.17204040063575e-14,-8.25932331074939
337.9,-12.1993646549363,-12.1993646549363,-8.24775099296761,-1.15285854294696e-14,-8.2477509929676
338,-11.930809980192,-11.930809980192,-8.23619488941232,-1.13399061954252e-14,-8.2361948894123
338.1,-12.7120599430846,-12.7120599430846,-8.22465497736541,-1.11543149250844e-14,-8.2246549773654
338.2,-14.469872359593,-14.469872359593,-8.21313123414061,-1.09717610801888e-14,-8.2131312341406
338.3,-13.9571770714447,-13.9571770714447,-8.20162363708344,-1.07921949496004e-14,-8.20162363708343
338.4,-12.2970209002979,-12.2970209002979,-8.19013216357114,-1.06155676357633e-14,-8.19013216357113
338.5,-10.6368647291511,-10.6368647291511,-8.17865679101267,-1.04418310413897e-14,-8.17865679101266
338.6,-10.5147944224491,-10.5147944224491,-8.16719749684863,-1.02709378563616e-14,-8.16719749684862
338.7,-10.758935035853,-10.758935035853,-8.15575425855123,-1.01028415448485e-14,-8.15575425855122
338.8,-9.17202104872738,-9.17202104872738,-8.14432705362425,-9.9374963326353e-15,-8.14432705362424
338.9,-7.34096644819781,-7.34096644819781,-8.13291585960298,-9.77485719465675e-15,-8.13291585960297
339,-9.56264603017368,-9.56264603017368,-8.12152065405419,-9.61487984273756e-15,-8.12152065405418
339.1,-10.9298334652358,-10.9298334652358,-8.11014141457609,-9.45752071353161e-15,-8.11014141457608
339.2,-11.80873967349,-11.80873967349,-8.09877811879825,-9.30273695666001e-15,-8.09877811879825
339.3,-12.3946771456594,-12.3946771456594,-8.08743074438165,-9.1504864230419e-15,-8.08743074438164
339.4,-13.1026849245309,-13.1026849245309,-8.07609926901848,-9.00072765341688e-15,-8.07609926901847
339.5,-12.736474004425,-12.736474004425,-8.06478367043225,-8.85341986705591e-15,-8.06478367043224
339.6,-11.5401849987457,-11.5401849987457,-8.05348392637765,-8.70852295065541e-15,-8.05348392637764
339.7,-10.8321772198742,-10.8321772198742,-8.04220001464055,-8.56599744741476e-15,-8.04220001464054
339.8,-11.3448725080225,-11.3448725080225,-8.03093191303797,-8.42580454629155e-15,-8.03093191303796
339.9,-11.003075649257,-11.003075649257,-8.01967959941796,-8.28790607143276e-15,-8.01967959941795
340,-11.6134271827668,-11.6134271827668,-8.00844305165965,-8.15226447177977e-15,-8.00844305165964
340.1,-12.5411615137018,-12.5411615137018,-7.99722224767313,-8.01884281084198e-15,-7.99722224767312
340.2,-12.9806146178289,-12.9806146178289,-7.98601716539947,-7.88760475663929e-15,-7.98601716539946
340.3,-11.5890131214264,-11.5890131214264,-7.97482778281065,-7.75851457180854e-15,-7.97482778281064
340.4,-11.0763178332782,-11.0763178332782,-7.96365407790947,-7.63153710387138e-15,-7.96365407790946
340.5,-12.0040521642131,-12.0040521642131,-7.9524960287296,-7.50663777566249e-15,-7.95249602872959
340.6,-12.1261224709151,-12.1261224709151,-7.94135361333545,-7.38378257591348e-15,-7.94135361333544
340.7,-11.2228022013205,-11.2228022013205,-7.9302268098222,-7.26293804999156e-15,-7.93022680982219
340.8,-10.6368647291511,-10.6368647291511,-7.91911559631571,-7.1440712907896e-15,-7.9191155963157
340.9,-9.97768507296039,-9.97768507296039,-7.90801995097246,-7.02714992976474e-15,-7.90801995097245
341,-10.3927241157471,-10.3927241157471,-7.89693985197957,-6.91214212812469e-15,-7.89693985197956
341.1,-11.930809980192,-11.930809980192,-7.88587527755471,-6.79901656815723e-15,-7.8858752775547
341.2,-12.1261224709151,-12.1261224709151,-7.87482620594606,-6.68774244470267e-15,-7.87482620594605
341.3,-11.7843256121496,-11.7843256121496,-7.8637926154323,-6.5782894567648e-15,-7.86379261543229
341.4,-13.66420833536,-13.66420833536,-7.85277448432252,-6.47062779925978e-15,-7.85277448432252
341.5,-12.2481927776171,-12.2481927776171,-7.84177179095622,-6.36472815490015e-15,-7.84177179095622
341.6,-11.0519037719378,-11.0519037719378,-7.83078451370324,-6.26056168621108e-15,-7.83078451370323
341.7,-11.564599060086,-11.564599060086,-7.81981263096372,-6.15810002767813e-15,-7.81981263096371
341.8,-13.0294427405097,-13.0294427405097,-7.80885612116809,-6.05731527802266e-15,-7.80885612116808
341.9,-10.758935035853,-10.758935035853,-7.79791496277696,-5.95817999260403e-15,-7.79791496277695
342,-10.9054194038954,-10.9054194038954,-7.78698913428116,-5.86066717594665e-15,-7.78698913428115
342.1,-10.3438959930663,-10.3438959930663,-7.77607861420163,-5.76475027438817e-15,-7.77607861420162
342.2,-9.95327101162,-9.95327101162,-7.76518338108941,-5.67040316884921e-15,-7.76518338108941
342.3,-10.4171381770875,-10.4171381770875,-7.75430341352562,-5.57760016772071e-15,-7.75430341352562
342.4,-11.686669366788,-11.686669366788,-7.74343869012135,-5.48631599986764e-15,-7.74343869012135
342.5,-12.2726068389575,-12.2726068389575,-7.73258918951769,-5.39652580774796e-15,-7.73258918951768
342.6,-10.3438959930663,-10.3438959930663,-7.72175489038561,-5.30820514064303e-15,-7.72175489038561
342.7,-10.5636225451299,-10.5636225451299,-7.71093577142603,-5.22132994799992e-15,-7.71093577142602
342.8,-11.6134271827668,-11.6134271827668,-7.70013181136967,-5.13587657288218e-15,-7.70013181136967
342.9,-11.1007318946185,-11.1007318946185,-7.68934298897705,-5.05182174552746e-15,-7.68934298897705
343,-10.0997553796624,-10.0997553796624,-7.67856928303849,-4.96914257701142e-15,-7.67856928303848
343.1,-12.0772943482343,-12.0772943482343,-7.66781067237396,-4.88781655301445e-15,-7.66781067237395
343.2,-12.3946771456594,-12.3946771456594,-7.65706713583315,-4.8078215276911e-15,-7.65706713583315
343.3,-12.2481927776171,-12.2481927776171,-7.6463386522954,-4.72913571763952e-15,-7.6463386522954
343.4,-12.3702630843191,-12.3702630843191,-7.6356252006696,-4.65173769596935e-15,-7.6356252006696
343.5,-11.686669366788,-11.686669366788,-7.62492675989422,-4.57560638646739e-15,-7.62492675989422
343.6,-11.3937006307033,-11.3937006307033,-7.61424330893723,-4.50072105785795e-15,-7.61424330893722
343.7,-11.80873967349,-11.80873967349,-7.60357482679605,-4.42706131815792e-15,-7.60357482679605
343.8,-11.564599060086,-11.564599060086,-7.59292129249758,-4.35460710912355e-15,-7.59292129249757
343.9,-9.97768507296039,-9.97768507296039,-7.58228268509803,-4.28333870078842e-15,-7.58228268509803
344,-7.87807579768648,-7.87807579768648,-7.57165898368304,-4.21323668609096e-15,-7.57165898368304
344.1,-6.99916958943229,-6.99916958943229,-7.56105016736749,-4.14428197558957e-15,-7.56105016736748
344.2,-7.78041955232491,-7.78041955232491,-7.55045621529553,-4.07645579226446e-15,-7.55045621529553
344.3,-6.77944303736874,-6.77944303736874,-7.53987710664057,-4.00973966640447e-15,-7.53987710664057
344.4,-5.55873997034902,-5.55873997034902,-7.52931282060516,-3.94411543057749e-15,-7.52931282060515
344.5,-5.80288058375296,-5.80288058375296,-7.51876333642101,-3.87956521468356e-15,-7.51876333642101
344.6,-5.41225560230666,-5.41225560230666,-7.50822863334892,-3.81607144108833e-15,-7.50822863334891
344.7,-5.41225560230665,-5.41225560230665,-7.49770869067875,-3.75361681983681e-15,-7.49770869067875
344.8,-4.92397437549877,-4.92397437549877,-7.48720348772939,-3.69218434394495e-15,-7.48720348772939
344.9,-3.09291977496919,-3.09291977496919,-7.47671300384868,-3.63175728476858e-15,-7.47671300384868
345,-1.60366203320514,-1.60366203320514,-7.46623721841344,-3.57231918744803e-15,-7.46623721841343
345.1,-2.58022448682092,-2.58022448682092,-7.45577611082933,-3.51385386642721e-15,-7.45577611082932
345.2,-2.92202134558644,-2.92202134558644,-7.44532966053089,-3.45634540104627e-15,-7.44532966053089
345.3,-3.77651349250024,-3.77651349250024,-7.43489784698151,-3.39977813120628e-15,-7.43489784698151
345.4,-5.36342747962587,-5.36342747962587,-7.42448064967329,-3.34413665310462e-15,-7.42448064967329
345.5,-5.6563962157106,-5.6563962157106,-7.41407804812712,-3.2894058150406e-15,-7.41407804812712
345.6,-5.48549778632784,-5.48549778632784,-7.40369002189254,-3.23557071328936e-15,-7.40369002189254
345.7,-3.87416973786181,-3.87416973786181,-7.39331655054777,-3.1826166880436e-15,-7.39331655054777
345.8,-3.09291977496919,-3.09291977496919,-7.38295761369965,-3.13052931942144e-15,-7.38295761369965
345.9,-2.26284168939579,-2.26284168939579,-7.37261319098356,-3.07929442353975e-15,-7.37261319098356
346,-1.94545889197066,-1.94545889197066,-7.36228326206345,-3.02889804865186e-15,-7.36228326206345
346.1,-3.38588851105393,-3.38588851105393,-7.35196780663173,-2.97932647134823e-15,-7.35196780663173
346.2,-5.58315403168942,-5.58315403168942,-7.3416668044093,-2.93056619281957e-15,-7.3416668044093
346.3,-5.6563962157106,-5.6563962157106,-7.33138023514544,-2.88260393518092e-15,-7.33138023514544
346.4,-5.36342747962586,-5.36342747962586,-7.32110807861782,-2.83542663785584e-15,-7.32110807861781
346.5,-5.70522433839139,-5.70522433839139,-7.31085031463245,-2.78902145402019e-15,-7.31085031463244
346.6,-6.02260713581652,-6.02260713581652,-7.3006069230236,-2.74337574710346e-15,-7.3006069230236
346.7,-5.70522433839139,-5.70522433839139,-7.29037788365385,-2.698477087348e-15,-7.29037788365385
346.8,-5.87612276777415,-5.87612276777415,-7.28016317641395,-2.65431324842414e-15,-7.28016317641395
346.9,-5.21694311158351,-5.21694311158351,-7.26996278122285,-2.61087220410081e-15,-7.26996278122284
347,-5.70522433839139,-5.70522433839139,-7.25977667802762,-2.56814212497087e-15,-7.25977667802761
347.1,-6.75502897602834,-6.75502897602834,-7.24960484680342,-2.52611137522962e-15,-7.24960484680342
347.2,-6.04702119715691,-6.04702119715691,-7.2394472675535,-2.48476850950638e-15,-7.2394472675535
347.3,-5.38784154096626,-5.38784154096626,-7.22930392030912,-2.44410226974787e-15,-7.22930392030911
347.4,-6.90151334407071,-6.90151334407071,-7.21917478512947,-2.40410158215237e-15,-7.21917478512947
347.5,-5.48549778632784,-5.48549778632784,-7.20905984210175,-2.36475555415436e-15,-7.20905984210175
347.6,-4.70424782343522,-4.70424782343522,-7.198959071341,-2.32605347145828e-15,-7.198959071341
347.7,-5.94936495179534,-5.94936495179534,-7.18887245299017,-2.28798479512099e-15,-7.18887245299016
347.8,-6.26674774922046,-6.26674774922046,-7.17879996722,-2.25053915868193e-15,-7.17879996722
347.9,-5.94936495179534,-5.94936495179534,-7.16874159422902,-2.21370636534011e-15,-7.16874159422902
348,-6.31557587190125,-6.31557587190125,-7.15869731424352,-2.1774763851776e-15,-7.15869731424352
348.1,-6.46206023994361,-6.46206023994361,-7.14866710751747,-2.14183935242811e-15,-7.14866710751747
348.2,-7.3653805095382,-7.3653805095382,-7.13865095433253,-2.10678556279063e-15,-7.13865095433253
348.3,-8.58608357655792,-8.58608357655792,-7.12864883499798,-2.07230547078672e-15,-7.12864883499798
348.4,-7.41420863221899,-7.41420863221899,-7.11866072985066,-2.03838968716121e-15,-7.11866072985066
348.5,-7.04799771211308,-7.04799771211308,-7.10868661925503,-2.00502897632549e-15,-7.10868661925503
348.6,-7.75600549098451,-7.75600549098451,-7.09872648360298,-1.97221425384244e-15,-7.09872648360297
348.7,-7.09682583479386,-7.09682583479386,-7.08878030331392,-1.93993658395284e-15,-7.08878030331392
348.8,-7.24331020283623,-7.24331020283623,-7.07884805883472,-1.9081871771419e-15,-7.07884805883471
348.9,-8.48842733119634,-8.48842733119634,-7.06892973063956,-1.87695738774585e-15,-7.06892973063956
349,-9.88002882759882,-9.88002882759882,-7.05902529923008,-1.84623871159773e-15,-7.05902529923008
349.1,-8.61049763789831,-8.61049763789831,-7.04913474513516,-1.81602278371147e-15,-7.04913474513516
349.2,-8.36635702449437,-8.36635702449437,-7.039258048911,-1.78630137600416e-15,-7.039258048911
349.3,-8.14663047243082,-8.14663047243082,-7.02939519114105,-1.75706639505538e-15,-7.02939519114105
349.4,-8.6593257605791,-8.6593257605791,-7.01954615243592,-1.72830987990332e-15,-7.01954615243592
349.5,-8.48842733119634,-8.48842733119634,-7.00971091343346,-1.70002399987698e-15,-7.00971091343345
349.6,-8.97670855800422,-8.97670855800422,-6.99988945479856,-1.67220105246367e-15,-6.99988945479855
349.7,-8.46401326985595,-8.46401326985595,-6.99008175722327,-1.64483346121169e-15,-6.99008175722327
349.8,-9.46498978481211,-9.46498978481211,-6.98028780142668,-1.61791377366714e-15,-6.98028780142668
349.9,-9.44057572347172,-9.44057572347172,-6.97050756815486,-1.59143465934448e-15,-6.97050756815486
350,-9.58706009151408,-9.58706009151408,-6.96074103818091,-1.56538890773048e-15,-6.9607410381809
350.1,-10.4171381770875,-10.4171381770875,-6.95098819230481,-1.53976942632061e-15,-6.9509881923048
350.2,-11.0274897105974,-11.0274897105974,-6.94124901135349,-1.51456923868783e-15,-6.94124901135349
350.3,-10.5880366064703,-10.5880366064703,-6.93152347618073,-1.48978148258271e-15,-6.93152347618073
350.4,-9.97768507296039,-9.97768507296039,-6.92181156766712,-1.46539940806481e-15,-6.92181156766712
350.5,-9.5138179074929,-9.5138179074929,-6.91211326672006,-1.44141637566467e-15,-6.91211326672006
350.6,-9.36733353945053,-9.36733353945053,-6.90242855427369,-1.41782585457573e-15,-6.90242855427369
350.7,-8.48842733119634,-8.48842733119634,-6.89275741128886,-1.394621420876e-15,-6.89275741128886
350.8,-9.22084917140817,-9.22084917140817,-6.88309981875312,-1.37179675577875e-15,-6.88309981875312
350.9,-8.83022418996186,-8.83022418996186,-6.87345575768062,-1.34934564391176e-15,-6.87345575768061
351,-8.07338828840964,-8.07338828840964,-6.86382520911214,-1.327261971625e-15,-6.86382520911214
351.1,-8.46401326985595,-8.46401326985595,-6.85420815411501,-1.30553972532561e-15,-6.85420815411501
351.2,-9.58706009151409,-9.58706009151409,-6.84460457378311,-1.2841729898405e-15,-6.8446045737831
351.3,-10.3683100544067,-10.3683100544067,-6.83501444923678,-1.26315594680552e-15,-6.83501444923678
351.4,-10.0020991343008,-10.0020991343008,-6.82543776162282,-1.24248287308107e-15,-6.82543776162282
351.5,-10.7345209745126,-10.7345209745126,-6.81587449211447,-1.22214813919369e-15,-6.81587449211447
351.6,-11.1007318946186,-11.1007318946186,-6.80632462191131,-1.20214620780301e-15,-6.80632462191131
351.7,-10.4659662997683,-10.4659662997683,-6.7967881322393,-1.18247163219393e-15,-6.7967881322393
351.8,-9.88002882759882,-9.88002882759882,-6.78726500435067,-1.16311905479348e-15,-6.78726500435067
351.9,-10.3194819317259,-10.3194819317259,-6.77775521952395,-1.14408320571178e-15,-6.77775521952395
352,-9.90444288893921,-9.90444288893921,-6.76825875906388,-1.1253589013071e-15,-6.76825875906388
352.1,-10.3438959930663,-10.3438959930663,-6.75877560430138,-1.10694104277426e-15,-6.75877560430138
352.2,-10.7101069131722,-10.7101069131722,-6.74930573659358,-1.0888246147562e-15,-6.74930573659358
352.3,-8.2442867177924,-8.2442867177924,-6.73984913732368,-1.07100468397825e-15,-6.73984913732368
352.4,-8.19545859511161,-8.19545859511161,-6.73040578790098,-1.05347639790471e-15,-6.73040578790098
352.5,-9.66030227553526,-9.66030227553526,-6.72097566976084,-1.03623498341752e-15,-6.72097566976084
352.6,-10.2218256863644,-10.2218256863644,-6.71155876436462,-1.01927574551643e-15,-6.71155876436461
352.7,-9.80678664357763,-9.80678664357763,-6.70215505319964,-1.00259406604061e-15,-6.70215505319964
352.8,-10.3194819317259,-10.3194819317259,-6.69276451777921,-9.86185402410947e-16,-6.69276451777921
352.9,-10.4903803611087,-10.4903803611087,-6.68338713964247,-9.70045286393152e-16,-6.68338713964247
353,-10.0020991343008,-10.0020991343008,-6.6740229003545,-9.54169322881e-16,-6.6740229003545
353.1,-11.1495600172993,-11.1495600172993,-6.66467178150613,-9.38553188699458e-16,-6.66467178150613
353.2,-11.8331537348304,-11.8331537348304,-6.65533376471406,-9.23192631427522e-16,-6.65533376471406
353.3,-11.1007318946186,-11.1007318946186,-6.6460088316207,-9.08083468240175e-16,-6.6460088316207
353.4,-11.5157709374053,-11.5157709374053,-6.6366969638942,-8.93221584769366e-16,-6.6366969638942
353.5,-11.4669428147245,-11.4669428147245,-6.6273981432284,-8.78602933983697e-16,-6.6273981432284
353.6,-9.63588821419487,-9.63588821419487,-6.61811235134275,-8.64223535086285e-16,-6.61811235134274
353.7,-10.3683100544067,-10.3683100544067,-6.60883956998236,-8.50079472430824e-16,-6.60883956998236
353.8,-10.0020991343008,-10.0020991343008,-6.5995797809179,-8.36166894455292e-16,-6.5995797809179
353.9,-9.90444288893921,-9.90444288893921,-6.59033296594558,-8.22482012633112e-16,-6.59033296594558
354,-10.6612787904915,-10.6612787904915,-6.58109910688712,-8.09021100441562e-16,-6.58109910688712
354.1,-10.4415522384279,-10.4415522384279,-6.5718781855897,-7.95780492346929e-16,-6.5718781855897
354.2,-10.3683100544067,-10.3683100544067,-6.56267018392595,-7.82756582806408e-16,-6.56267018392595
354.3,-10.1485835023432,-10.1485835023432,-6.55347508379388,-7.69945825286274e-16,-6.55347508379388
354.4,-7.87807579768648,-7.87807579768648,-6.54429286711688,-7.5734473129608e-16,-6.54429286711688
354.5,-8.97670855800423,-8.97670855800423,-6.53512351584366,-7.4494986943877e-16,-6.53512351584366
354.6,-11.1495600172993,-11.1495600172993,-6.52596701194821,-7.32757864476226e-16,-6.52596701194821
354.7,-10.5636225451299,-10.5636225451299,-6.51682333742981,-7.20765396410191e-16,-6.51682333742981
354.8,-9.46498978481211,-9.46498978481211,-6.50769247431293,-7.08969199578209e-16,-6.50769247431293
354.9,-9.36733353945053,-9.36733353945053,-6.49857440464723,-6.97366061764304e-16,-6.49857440464723
355,-11.8331537348304,-11.8331537348304,-6.48946911050755,-6.85952823324324e-16,-6.48946911050755
355.1,-13.9083489487639,-13.9083489487639,-6.48037657399379,-6.74726376325487e-16,-6.48037657399379
355.2,-12.3946771456595,-12.3946771456595,-6.47129677723098,-6.63683663700116e-16,-6.47129677723098
355.3,-10.6124506678107,-10.6124506678107,-6.46222970236918,-6.52821678413128e-16,-6.46222970236918
355.4,-10.1241694410028,-10.1241694410028,-6.45317533158345,-6.42137462643192e-16,-6.45317533158345
355.5,-11.2472162626609,-11.2472162626609,-6.44413364707384,-6.31628106977314e-16,-6.44413364707384
355.6,-12.8829583724673,-12.8829583724673,-6.43510463106532,-6.21290749618555e-16,-6.43510463106532
355.7,-12.1749505935959,-12.1749505935959,-6.42608826580779,-6.1112257560674e-16,-6.42608826580779
355.8,-10.0020991343008,-10.0020991343008,-6.417084533576,-6.01120816051926e-16,-6.417084533576
355.9,-11.9063959188516,-11.9063959188516,-6.40809341666955,-5.91282747380381e-16,-6.40809341666955
356,-11.8331537348304,-11.8331537348304,-6.39911489741282,-5.81605690592981e-16,-6.39911489741282
356.1,-12.9073724338077,-12.9073724338077,-6.39014895815498,-5.72087010535629e-16,-6.39014895815498
356.2,-12.5167474523614,-12.5167474523614,-6.38119558126991,-5.62724115181728e-16,-6.38119558126991
356.3,-11.2960443853417,-11.2960443853417,-6.37225474915621,-5.53514454926324e-16,-6.37225474915621
356.4,-12.3946771456595,-12.3946771456595,-6.36332644423712,-5.44455521891829e-16,-6.36332644423711
356.5,-12.1749505935959,-12.1749505935959,-6.35441064896051,-5.35544849245107e-16,-6.35441064896051
356.6,-11.8819818575112,-11.8819818575112,-6.34550734579885,-5.26780010525717e-16,-6.34550734579885
356.7,-12.7120599430846,-12.7120599430846,-6.33661651724916,-5.18158618985183e-16,-6.33661651724916
356.8,-13.7130364580407,-13.7130364580407,-6.32773814583301,-5.09678326937063e-16,-6.32773814583301
356.9,-11.686669366788,-11.686669366788,-6.31887221409642,-5.0133682511762e-16,-6.31887221409642
357,-12.8585443111269,-12.8585443111269,-6.31001870460989,-4.93131842057025e-16,-6.31001870460989
357.1,-11.3448725080225,-11.3448725080225,-6.30117759996833,-4.85061143460782e-16,-6.30117759996833
357.2,-11.4181146920437,-11.4181146920437,-6.29234888279105,-4.77122531601347e-16,-6.29234888279105
357.3,-11.2960443853417,-11.2960443853417,-6.2835325357217,-4.69313844719631e-16,-6.2835325357217
357.4,-12.2726068389575,-12.2726068389575,-6.27472854142825,-4.61632956436339e-16,-6.27472854142825
357.5,-13.3956536606156,-13.3956536606156,-6.26593688260296,-4.54077775172956e-16,-6.26593688260296
357.6,-10.5147944224491,-10.5147944224491,-6.25715754196233,-4.46646243582162e-16,-6.25715754196233
357.7,-10.3438959930663,-10.3438959930663,-6.2483905022471,-4.39336337987631e-16,-6.2483905022471
357.8,-11.6622553054476,-11.6622553054476,-6.23963574622216,-4.32146067832937e-16,-6.23963574622216
357.9,-12.1993646549363,-12.1993646549363,-6.23089325667656,-4.25073475139506e-16,-6.23089325667656
358,-11.8575677961708,-11.8575677961708,-6.22216301642349,-4.1811663397347e-16,-6.22216301642349
358.1,-10.9542475265762,-10.9542475265762,-6.21344500830018,-4.11273649921177e-16,-6.21344500830018
358.2,-10.6124506678107,-10.6124506678107,-6.20473921516793,-4.04542659573357e-16,-6.20473921516793
358.3,-9.83120070491802,-9.83120070491802,-6.19604561991206,-3.97921830017681e-16,-6.19604561991206
358.4,-10.6124506678107,-10.6124506678107,-6.18736420544185,-3.91409358339637e-16,-6.18736420544185
358.5,-11.3448725080225,-11.3448725080225,-6.17869495469054,-3.85003471131608e-16,-6.17869495469054
358.6,-10.1485835023432,-10.1485835023432,-6.17003785061527,-3.78702424009914e-16,-6.17003785061527
358.7,-10.4415522384279,-10.4415522384279,-6.16139287619708,-3.72504501139833e-16,-6.16139287619708
358.8,-8.95229449666382,-8.95229449666382,-6.15276001444084,-3.66408014768359e-16,-6.15276001444084
358.9,-8.04897422706924,-8.04897422706924,-6.14413924837523,-3.60411304764587e-16,-6.14413924837523
359,-10.0265131956412,-10.0265131956412,-6.13553056105272,-3.54512738167676e-16,-6.13553056105272
359.1,-10.9054194038954,-10.9054194038954,-6.12693393554952,-3.4871070874215e-16,-6.12693393554952
359.2,-10.2706538090451,-10.2706538090451,-6.11834935496554,-3.43003636540525e-16,-6.11834935496554
359.3,-9.80678664357763,-9.80678664357763,-6.1097768024244,-3.37389967473073e-16,-6.1097768024244
359.4,-10.6612787904915,-10.6612787904915,-6.10121626107334,-3.31868172884608e-16,-6.10121626107334
359.5,-10.0020991343008,-10.0020991343008,-6.09266771408322,-3.26436749138248e-16,-6.09266771408322
359.6,-9.95327101162,-9.95327101162,-6.08413114464847,-3.21094217205931e-16,-6.08413114464847
359.7,-10.6368647291511,-10.6368647291511,-6.07560653598709,-3.15839122265692e-16,-6.07560653598709
359.8,-10.5880366064703,-10.5880366064703,-6.06709387134057,-3.1067003330548e-16,-6.06709387134057
359.9,-10.8077631585338,-10.8077631585338,-6.0585931339739,-3.0558554273348e-16,-6.0585931339739
360,-12.2481927776171,-12.2481927776171,-6.05010430717551,-3.00584265994827e-16,-6.05010430717551
360.1,-10.9542475265762,-10.9542475265762,-6.04162737425723,-2.9566484119456e-16,-6.04162737425723
360.2,-10.4903803611087,-10.4903803611087,-6.03316231855429,-2.90825928726786e-16,-6.03316231855429
360.3,-10.8077631585338,-10.8077631585338,-6.02470912342527,-2.86066210909876e-16,-6.02470912342527
360.4,-11.3692865693629,-11.3692865693629,-6.01626777225206,-2.81384391627649e-16,-6.01626777225206
360.5,-11.7354974894688,-11.7354974894688,-6.00783824843983,-2.76779195976444e-16,-6.00783824843983
360.6,-10.8321772198742,-10.8321772198742,-5.99942053541701,-2.72249369917926e-16,-5.99942053541701
360.7,-11.8819818575112,-11.8819818575112,-5.99101461663525,-2.67793679937619e-16,-5.99101461663525
360.8,-13.2003411698925,-13.2003411698925,-5.98262047556939,-2.63410912709006e-16,-5.98262047556939
360.9,-12.6632318204038,-12.6632318204038,-5.97423809571739,-2.59099874763114e-16,-5.97423809571739
361,-12.1505365322555,-12.1505365322555,-5.96586746060038,-2.54859392163546e-16,-5.96586746060038
361.1,-11.686669366788,-11.686669366788,-5.95750855376254,-2.50688310186782e-16,-5.95750855376254
361.2,-10.6612787904915,-10.6612787904915,-5.94916135877114,-2.46585493007751e-16,-5.94916135877114
361.3,-9.63588821419487,-9.63588821419487,-5.94082585921645,-2.42549823390538e-16,-5.94082585921645
361.4,-12.0528802868939,-12.0528802868939,-5.93250203871172,-2.38580202384135e-16,-5.93250203871172
361.5,-11.6622553054476,-11.6622553054476,-5.92418988089321,-2.34675549023202e-16,-5.92418988089321
361.6,-11.4181146920437,-11.4181146920437,-5.91588936942006,-2.30834800033695e-16,-5.91588936942006
361.7,-11.5401849987456,-11.5401849987456,-5.90760048797432,-2.27056909543347e-16,-5.90760048797432
361.8,-12.1505365322555,-12.1505365322555,-5.8993232202609,-2.23340848796848e-16,-5.8993232202609
361.9,-11.003075649257,-11.003075649257,-5.89105755000757,-2.19685605875708e-16,-5.89105755000757
362,-10.0997553796624,-10.0997553796624,-5.88280346096485,-2.16090185422715e-16,-5.88280346096485
362.1,-11.7354974894688,-11.7354974894688,-5.87456093690607,-2.1255360837087e-16,-5.87456093690607
362.2,-12.4679193296806,-12.4679193296806,-5.86632996162727,-2.090749116768e-16,-5.86632996162727
362.3,-11.80873967349,-11.80873967349,-5.85811051894722,-2.05653148058496e-16,-5.85811051894722
362.4,-10.0020991343008,-10.0020991343008,-5.84990259270732,-2.02287385737359e-16,-5.84990259270732
362.5,-10.9786615879166,-10.9786615879166,-5.84170616677165,-1.98976708184483e-16,-5.84170616677165
362.6,-11.80873967349,-11.80873967349,-5.83352122502687,-1.95720213871055e-16,-5.83352122502687
362.7,-10.7101069131722,-10.7101069131722,-5.82534775138225,-1.92517016022878e-16,-5.82534775138225
362.8,-11.3204584466821,-11.3204584466821,-5.81718572976957,-1.89366242378885e-16,-5.81718572976957
362.9,-10.4903803611087,-10.4903803611087,-5.80903514414315,-1.86267034953609e-16,-5.80903514414315
363,-10.2218256863644,-10.2218256863644,-5.80089597847977,-1.83218549803564e-16,-5.80089597847977
363.1,-9.88002882759882,-9.88002882759882,-5.79276821677867,-1.80219956797409e-16,-5.79276821677867
363.2,-9.85561476625842,-9.85561476625842,-5.78465184306152,-1.7727043938991e-16,-5.78465184306152
363.3,-9.78237258223723,-9.78237258223723,-5.77654684137236,-1.74369194399584e-16,-5.77654684137236
363.4,-9.53823196883329,-9.53823196883329,-5.7684531957776,-1.71515431789978e-16,-5.7684531957776
363.5,-9.85561476625843,-9.85561476625843,-5.76037089036597,-1.68708374454549e-16,-5.76037089036597
363.6,-10.6124506678107,-10.6124506678107,-5.75229990924848,-1.65947258005032e-16,-5.75229990924848
363.7,-10.1729975636836,-10.1729975636836,-5.74424023655842,-1.63231330563306e-16,-5.74424023655842
363.8,-10.5392084837895,-10.5392084837895,-5.73619185645132,-1.60559852556647e-16,-5.73619185645132
363.9,-11.7843256121496,-11.7843256121496,-5.72815475310487,-1.57932096516323e-16,-5.72815475310487
364,-13.7862786420619,-13.7862786420619,-5.72012891071898,-1.55347346879516e-16,-5.72012891071898
364.1,-12.5411615137018,-12.5411615137018,-5.71211431351566,-1.52804899794452e-16,-5.71211431351566
364.2,-11.8575677961708,-11.8575677961708,-5.70411094573904,-1.50304062928746e-16,-5.70411094573904
364.3,-11.6378412441072,-11.6378412441072,-5.69611879165534,-1.4784415528087e-16,-5.69611879165534
364.4,-10.881005342555,-10.881005342555,-5.68813783555279,-1.45424506994703e-16,-5.68813783555279
364.5,-10.5147944224491,-10.5147944224491,-5.68016806174166,-1.43044459177136e-16,-5.68016806174166
364.6,-10.2950678703855,-10.2950678703855,-5.6722094545542,-1.40703363718637e-16,-5.6722094545542
364.7,-10.2706538090451,-10.2706538090451,-5.66426199834462,-1.38400583116774e-16,-5.66426199834462
364.8,-10.3194819317259,-10.3194819317259,-5.65632567748903,-1.3613549030261e-16,-5.65632567748903
364.9,-10.9054194038954,-10.9054194038954,-5.64840047638545,-1.33907468469948e-16,-5.64840047638545
365,-12.0040521642131,-12.0040521642131,-5.64048637945374,-1.31715910907374e-16,-5.64048637945374
365.1,-10.758935035853,-10.758935035853,-5.63258337113562,-1.29560220833036e-16,-5.63258337113562
365.2,-10.4415522384279,-10.4415522384279,-5.62469143589459,-1.27439811232139e-16,-5.62469143589459
365.3,-11.0274897105974,-11.0274897105974,-5.61681055821591,-1.25354104697097e-16,-5.61681055821591
365.4,-12.1017084095747,-12.1017084095747,-5.60894072260659,-1.23302533270292e-16,-5.60894072260659
365.5,-13.420067721956,-13.420067721956,-5.60108191359536,-1.21284538289425e-16,-5.60108191359536
365.6,-13.8106927034023,-13.8106927034023,-5.5932341157326,-1.19299570235375e-16,-5.5932341157326
365.7,-11.7599115508092,-11.7599115508092,-5.58539731359035,-1.17347088582568e-16,-5.58539731359035
365.8,-11.7843256121496,-11.7843256121496,-5.57757149176227,-1.15426561651789e-16,-5.57757149176227
365.9,-11.4425287533841,-11.4425287533841,-5.5697566348636,-1.13537466465386e-16,-5.5697566348636
366,-9.78237258223724,-9.78237258223724,-5.56195272753115,-1.11679288604877e-16,-5.56195272753115
366.1,-12.1017084095747,-12.1017084095747,-5.55415975442323,-1.09851522070855e-16,-5.55415975442323
366.2,-12.5411615137018,-12.5411615137018,-5.54637770021966,-1.08053669145208e-16,-5.54637770021966
366.3,-10.1485835023432,-10.1485835023432,-5.53860654962174,-1.06285240255581e-16,-5.53860654962174
366.4,-8.70815388325989,-8.70815388325989,-5.53084628735218,-1.04545753842062e-16,-5.53084628735218
366.5,-10.4903803611087,-10.4903803611087,-5.5230968981551,-1.02834736226052e-16,-5.5230968981551
366.6,-12.1505365322555,-12.1505365322555,-5.51535836679601,-1.01151721481267e-16,-5.51535836679601
366.7,-13.1026849245309,-13.1026849245309,-5.50763067806176,-9.94962513068802e-17,-5.50763067806176
366.8,-12.1749505935959,-12.1749505935959,-5.49991381676051,-9.7867874902705e-17,-5.49991381676051
366.9,-9.68471633687566,-9.68471633687566,-5.4922077677217,-9.62661488464452e-17,-5.4922077677217
367,-9.73354445955645,-9.73354445955645,-5.48451251579604,-9.46906369729481e-17,-5.48451251579604
367.1,-9.97768507296039,-9.97768507296039,-5.47682804585546,-9.31409102554303e-17,-5.47682804585546
367.2,-8.85463825130225,-8.85463825130225,-5.46915434279308,-9.16165466886502e-17,-5.46915434279308
367.3,-10.1241694410028,-10.1241694410028,-5.4614913915232,-9.01171311739925e-17,-5.4614913915232
367.4,-10.7101069131722,-10.7101069131722,-5.45383917698125,-8.86422554064301e-17,-5.45383917698125
367.5,-11.1739740786397,-11.1739740786397,-5.44619768412376,-8.71915177633454e-17,-5.44619768412376
367.6,-8.97670855800423,-8.97670855800423,-5.43856689792834,-8.57645231951561e-17,-5.43856689792834
367.7,-10.0997553796624,-10.0997553796624,-5.43094680339367,-8.43608831177461e-17,-5.43094680339367
367.8,-11.3937006307033,-11.3937006307033,-5.42333738553942,-8.29802153066476e-17,-5.42333738553942
367.9,-12.0528802868939,-12.0528802868939,-5.41573862940625,-8.16221437929579e-17,-5.41573862940625
368,-11.4425287533841,-11.4425287533841,-5.40815052005582,-8.02862987609606e-17,-5.40815052005582
368.1,-9.61147415285448,-9.61147415285448,-5.40057304257066,-7.89723164474187e-17,-5.40057304257066
368.2,-8.95229449666383,-8.95229449666383,-5.39300618205424,-7.76798390425212e-17,-5.39300618205424
368.3,-10.0509272569816,-10.0509272569816,-5.38544992363091,-7.64085145924489e-17,-5.38544992363091
368.4,-10.2950678703855,-10.2950678703855,-5.37790425244583,-7.5157996903529e-17,-5.37790425244583
368.5,-9.85561476625842,-9.85561476625842,-5.370369153665,-7.39279454479691e-17,-5.370369153665
368.6,-9.5382319688333,-9.5382319688333,-5.36284461247518,-7.27180252711232e-17,-5.36284461247518
368.7,-10.9054194038954,-10.9054194038954,-5.35533061408391,-7.15279069002859e-17,-5.35533061408391
368.8,-10.7345209745126,-10.7345209745126,-5.34782714371945,-7.03572662549693e-17,-5.34782714371945
368.9,-9.70913039821606,-9.70913039821606,-5.34033418663074,-6.92057845586534e-17,-5.34033418663074
369,-8.34194296315397,-8.34194296315397,-5.33285172808742,-6.80731482519833e-17,-5.33285172808742
369.1,-9.83120070491803,-9.83120070491803,-5.32537975337972,-6.69590489073794e-17,-5.32537975337972
369.2,-11.2716303240013,-11.2716303240013,-5.31791824781853,-6.58631831450549e-17,-5.31791824781853
369.3,-11.5890131214264,-11.5890131214264,-5.3104671967353,-6.47852525503988e-17,-5.3104671967353
369.4,-10.6612787904915,-10.6612787904915,-5.30302658548202,-6.37249635927143e-17,-5.30302658548202
369.5,-10.0509272569816,-10.0509272569816,-5.29559639943123,-6.26820275452923e-17,-5.29559639943123
369.6,-8.41518514717516,-8.41518514717516,-5.28817662397595,-6.16561604067823e-17,-5.28817662397595
369.7,-9.66030227553526,-9.66030227553526,-5.28076724452967,-6.06470828238609e-17,-5.28076724452967
369.8,-11.4913568760649,-11.4913568760649,-5.27336824652631,-5.96545200151593e-17,-5.27336824652631
369.9,-10.8321772198742,-10.8321772198742,-5.2659796154202,-5.86782016964364e-17,-5.2659796154202
370,-11.1007318946185,-11.1007318946185,-5.25860133668606,-5.77178620069821e-17,-5.25860133668606
370.1,-10.7345209745126,-10.7345209745126,-5.25123339581896,-5.67732394372155e-17,-5.25123339581896
370.2,-9.24526323274856,-9.24526323274856,-5.24387577833428,-5.58440767574771e-17,-5.24387577833428
370.3,-8.17104453377122,-8.17104453377122,-5.23652846976772,-5.49301209479828e-17,-5.23652846976772
370.4,-8.12221641109043,-8.12221641109043,-5.22919145567521,-5.40311231299209e-17,-5.22919145567521
370.5,-9.41616166213133,-9.41616166213133,-5.22186472163295,-5.3146838497684e-17,-5.22186472163295
370.6,-8.51284139253673,-8.51284139253673,-5.21454825323734,-5.22770262522031e-17,-5.21454825323734
370.7,-8.6837398219195,-8.6837398219195,-5.20724203610494,-5.14214495353773e-17,-5.20724203610494
370.8,-8.68373982191949,-8.68373982191949,-5.19994605587251,-5.05798753655764e-17,-5.19994605587251
370.9,-8.53725545387712,-8.53725545387712,-5.19266029819689,-4.97520745741935e-17,-5.19266029819689
371,-9.66030227553527,-9.66030227553527,-5.18538474875504,-4.89378217432451e-17,-5.18538474875504
371.1,-9.58706009151408,-9.58706009151408,-5.17811939324397,-4.81368951439835e-17,-5.17811939324397
371.2,-10.0020991343008,-10.0020991343008,-5.17086421738075,-4.73490766765219e-17,-5.17086421738075
371.3,-9.75795852089685,-9.75795852089685,-5.16361920690246,-4.65741518104411e-17,-5.16361920690246
371.4,-9.85561476625842,-9.85561476625842,-5.15638434756614,-4.58119095263704e-17,-5.15638434756614
371.5,-11.1251459559589,-11.1251459559589,-5.14915962514882,-4.50621422585277e-17,-5.14915962514882
371.6,-11.1495600172993,-11.1495600172993,-5.14194502544743,-4.43246458381941e-17,-5.14194502544743
371.7,-10.0997553796624,-10.0997553796624,-5.13474053427882,-4.35992194381204e-17,-5.13474053427882
371.8,-10.0509272569816,-10.0509272569816,-5.12754613747971,-4.28856655178374e-17,-5.12754613747971
371.9,-10.4903803611087,-10.4903803611087,-5.12036182090664,-4.21837897698631e-17,-5.12036182090664
372,-10.075341318322,-10.075341318322,-5.11318757043601,-4.14934010667946e-17,-5.11318757043601
372.1,-10.3438959930663,-10.3438959930663,-5.10602337196397,-4.08143114092579e-17,-5.10602337196397
372.2,-10.2218256863644,-10.2218256863644,-5.09886921140644,-4.0146335874717e-17,-5.09886921140644
372.3,-11.3204584466821,-11.3204584466821,-5.09172507469909,-3.94892925671167e-17,-5.09172507469909
372.4,-10.0509272569816,-10.0509272569816,-5.08459094779728,-3.88430025673501e-17,-5.08459094779728
372.5,-9.29409135542935,-9.29409135542935,-5.07746681667607,-3.82072898845386e-17,-5.07746681667607
372.6,-10.6856928518318,-10.6856928518318,-5.07035266733013,-3.75819814081057e-17,-5.07035266733013
372.7,-12.736474004425,-12.736474004425,-5.06324848577378,-3.69669068606395e-17,-5.06324848577378
372.8,-11.80873967349,-11.80873967349,-5.05615425804096,-3.63618987515244e-17,-5.05615425804096
372.9,-10.6124506678107,-10.6124506678107,-5.04906997018511,-3.57667923313299e-17,-5.04906997018511
373,-9.73354445955645,-9.73354445955645,-5.04199560827929,-3.51814255469499e-17,-5.04199560827929
373.1,-9.88002882759882,-9.88002882759882,-5.03493115841601,-3.46056389974722e-17,-5.03493115841601
373.2,-10.5392084837895,-10.5392084837895,-5.0278766067073,-3.40392758907748e-17,-5.0278766067073
373.3,-10.3927241157471,-10.3927241157471,-5.02083193928464,-3.34821820008272e-17,-5.02083193928464
373.4,-9.85561476625842,-9.85561476625842,-5.01379714229894,-3.29342056256942e-17,-5.01379714229894
373.5,-8.75698200594067,-8.75698200594067,-5.00677220192052,-3.23951975462267e-17,-5.00677220192052
373.6,-10.0509272569816,-10.0509272569816,-4.99975710433907,-3.18650109854264e-17,-4.99975710433907
373.7,-10.4171381770875,-10.4171381770875,-4.99275183576363,-3.13435015684793e-17,-4.99275183576363
373.8,-9.12319292604659,-9.12319292604659,-4.98575638242258,-3.0830527283439e-17,-4.98575638242258
373.9,-9.0987788647062,-9.0987788647062,-4.97877073056355,-3.03259484425555e-17,-4.97877073056355
374,-9.97768507296039,-9.97768507296039,-4.97179486645351,-2.98296276442394e-17,-4.97179486645351
374.1,-9.58706009151408,-9.58706009151408,-4.9648287763786,-2.93414297356427e-17,-4.9648287763786
374.2,-9.83120070491803,-9.83120070491803,-4.95787244664421,-2.88612217758579e-17,-4.95787244664421
374.3,-10.8321772198742,-10.8321772198742,-4.95092586357494,-2.83888729997164e-17,-4.95092586357494
374.4,-10.758935035853,-10.758935035853,-4.9439890135145,-2.79242547821785e-17,-4.9439890135145
374.5,-9.73354445955645,-9.73354445955645,-4.93706188282577,-2.74672406033103e-17,-4.93706188282577
374.6,-10.1241694410028,-10.1241694410028,-4.93014445789071,-2.70177060138282e-17,-4.93014445789071
374.7,-10.5392084837895,-10.5392084837895,-4.9232367251104,-2.65755286012119e-17,-4.9232367251104
374.8,-10.2706538090451,-10.2706538090451,-4.91633867090495,-2.61405879563707e-17,-4.91633867090495
374.9,-10.2462397477048,-10.2462397477048,-4.90945028171347,-2.5712765640853e-17,-4.90945028171347
375,-10.4903803611087,-10.4903803611087,-4.90257154399414,-2.52919451545965e-17,-4.90257154399414
375.1,-8.78139606728107,-8.78139606728107,-4.89570244422403,-2.48780119042027e-17,-4.89570244422403
375.2,-9.26967729408896,-9.26967729408896,-4.88884296889923,-2.44708531717327e-17,-4.88884296889923
375.3,-9.85561476625843,-9.85561476625843,-4.88199310453471,-2.40703580840135e-17,-4.88199310453471
375.4,-10.6612787904915,-10.6612787904915,-4.87515283766434,-2.36764175824444e-17,-4.87515283766434
375.5,-10.6612787904915,-10.6612787904915,-4.86832215484087,-2.32889243933017e-17,-4.86832215484087
375.6,-9.26967729408896,-9.26967729408896,-4.86150104263587,-2.29077729985246e-17,-4.86150104263587
375.7,-8.39077108583477,-8.39077108583477,-4.85468948763975,-2.25328596069842e-17,-4.85468948763975
375.8,-8.70815388325989,-8.70815388325989,-4.8478874764617,-2.21640821262183e-17,-4.8478874764617
375.9,-8.87905231264265,-8.87905231264265,-4.84109499572966,-2.18013401346308e-17,-4.84109499572966
376,-9.48940384615251,-9.48940384615251,-4.83431203209031,-2.1444534854147e-17,-4.83431203209031
376.1,-10.2706538090451,-10.2706538090451,-4.82753857220905,-2.10935691233143e-17,-4.82753857220905
376.2,-9.58706009151408,-9.58706009151408,-4.82077460276997,-2.07483473708453e-17,-4.82077460276997
376.3,-9.95327101162,-9.95327101162,-4.81402011047579,-2.04087755895919e-17,-4.81402011047579
376.4,-10.7345209745126,-10.7345209745126,-4.80727508204787,-2.00747613109461e-17,-4.80727508204787
376.5,-9.36733353945053,-9.36733353945053,-4.80053950422619,-1.97462135796615e-17,-4.80053950422619
376.6,-8.68373982191949,-8.68373982191949,-4.7938133637693,-1.94230429290833e-17,-4.7938133637693
376.7,-8.41518514717515,-8.41518514717515,-4.78709664745431,-1.9105161356787e-17,-4.78709664745431
376.8,-10.0265131956412,-10.0265131956412,-4.78038934207684,-1.87924823006144e-17,-4.78038934207684
376.9,-9.88002882759882,-9.88002882759882,-4.77369143445101,-1.84849206151008e-17,-4.77369143445101
377,-8.19545859511161,-8.19545859511161,-4.76700291140945,-1.81823925482911e-17,-4.76700291140945
377.1,-9.12319292604659,-9.12319292604659,-4.7603237598032,-1.78848157189312e-17,-4.7603237598032
377.2,-11.1495600172993,-11.1495600172993,-4.75365396650173,-1.7592109094036e-17,-4.75365396650173
377.3,-10.4415522384279,-10.4415522384279,-4.74699351839294,-1.73041929668239e-17,-4.74699351839294
377.4,-10.5636225451299,-10.5636225451299,-4.74034240238305,-1.70209889350099e-17,-4.74034240238305
377.5,-11.6134271827668,-11.6134271827668,-4.73370060539668,-1.67424198794582e-17,-4.73370060539668
377.6,-11.1007318946186,-11.1007318946186,-4.72706811437671,-1.646840994318e-17,-4.72706811437671
377.7,-11.1251459559589,-11.1251459559589,-4.72044491628438,-1.61988845106783e-17,-4.72044491628438
377.8,-10.197411625024,-10.197411625024,-4.71383099809915,-1.59337701876292e-17,-4.71383099809915
377.9,-9.95327101162,-9.95327101162,-4.70722634681874,-1.56729947808948e-17,-4.70722634681874
378,-9.26967729408896,-9.26967729408896,-4.70063094945909,-1.54164872788659e-17,-4.70063094945909
378.1,-10.0997553796624,-10.0997553796624,-4.69404479305433,-1.51641778321234e-17,-4.69404479305433
378.2,-10.4659662997683,-10.4659662997683,-4.68746786465676,-1.4915997734419e-17,-4.68746786465676
378.3,-9.00112261934462,-9.00112261934462,-4.68090015133682,-1.46718794039651e-17,-4.68090015133682
378.4,-8.43959920851556,-8.43959920851556,-4.67434164018305,-1.44317563650313e-17,-4.67434164018305
378.5,-10.4171381770875,-10.4171381770875,-4.66779231830211,-1.41955632298432e-17,-4.66779231830211
378.6,-10.6368647291511,-10.6368647291511,-4.6612521728187,-1.39632356807764e-17,-4.6612521728187
378.7,-11.1251459559589,-11.1251459559589,-4.65472119087558,-1.3734710452842e-17,-4.65472119087558
378.8,-10.9054194038954,-10.9054194038954,-4.64819935963351,-1.35099253164593e-17,-4.64819935963351
378.9,-10.3683100544067,-10.3683100544067,-4.64168666627123,-1.32888190605094e-17,-4.64168666627123
379,-9.58706009151408,-9.58706009151408,-4.63518309798548,-1.30713314756682e-17,-4.63518309798548
379.1,-9.0743648033658,-9.0743648033658,-4.6286886419909,-1.28574033380091e-17,-4.6286886419909
379.2,-9.90444288893921,-9.90444288893921,-4.62220328552006,-1.26469763928771e-17,-4.62220328552006
379.3,-10.7101069131722,-10.7101069131722,-4.61572701582344,-1.24399933390251e-17,-4.61572701582344
379.4,-10.0509272569816,-10.0509272569816,-4.60925982016933,-1.22363978130098e-17,-4.60925982016933
379.5,-8.80581012862147,-8.80581012862147,-4.60280168584392,-1.20361343738442e-17,-4.60280168584392
379.6,-8.85463825130225,-8.85463825130225,-4.59635260015117,-1.18391484878995e-17,-4.59635260015117
379.7,-8.70815388325989,-8.70815388325989,-4.58991255041285,-1.16453865140561e-17,-4.58991255041285
379.8,-7.73159142964412,-7.73159142964412,-4.58348152396848,-1.14547956890963e-17,-4.58348152396848
379.9,-7.56069300026136,-7.56069300026136,-4.57705950817533,-1.12673241133356e-17,-4.57705950817533
380,-8.02456016572885,-8.02456016572885,-4.5706464904084,-1.10829207364912e-17,-4.5706464904084
380.1,-8.07338828840963,-8.07338828840963,-4.56424245806032,-1.09015353437793e-17,-4.56424245806032
380.2,-8.97670855800423,-8.97670855800423,-4.55784739854145,-1.07231185422422e-17,-4.55784739854145
380.3,-9.90444288893921,-9.90444288893921,-4.55146129927976,-1.05476217472976e-17,-4.55146129927976
380.4,-10.5636225451299,-10.5636225451299,-4.54508414772084,-1.03749971695083e-17,-4.54508414772084
380.5,-10.1485835023432,-10.1485835023432,-4.53871593132787,-1.02051978015692e-17,-4.53871593132787
380.6,-10.8321772198742,-10.8321772198742,-4.53235663758158,-1.00381774055065e-17,-4.53235663758158
380.7,-10.758935035853,-10.758935035853,-4.52600625398027,-9.87389050008692e-18,-4.52600625398027
380.8,-9.12319292604659,-9.12319292604659,-4.51966476803974,-9.71229234843235e-18,-4.51966476803974
380.9,-7.24331020283623,-7.24331020283623,-4.51333216729328,-9.55333894583758e-18,-4.51333216729328
381,-5.55873997034902,-5.55873997034902,-4.50700843929165,-9.39698700778809e-18,-4.50700843929165
381.1,-7.68276330696332,-7.68276330696332,-4.50069357160305,-9.24319395817224e-18,-4.50069357160305
381.2,-8.48842733119634,-8.48842733119634,-4.49438755181312,-9.09191791768821e-18,-4.49438755181312
381.3,-8.04897422706925,-8.04897422706925,-4.48809036752486,-8.94311769243955e-18,-4.48809036752486
381.4,-9.12319292604659,-9.12319292604659,-4.48180200635866,-8.79675276271746e-18,-4.48180200635866
381.5,-9.48940384615251,-9.48940384615251,-4.47552245595226,-8.65278327196759e-18,-4.47552245595226
381.6,-10.3683100544067,-10.3683100544067,-4.4692517039607,-8.51117001593584e-18,-4.4692517039607
381.7,-10.0265131956412,-10.0265131956412,-4.46298973805633,-8.37187443199331e-18,-4.46298973805633
381.8,-8.75698200594068,-8.75698200594068,-4.45673654592879,-8.23485858863527e-18,-4.45673654592879
381.9,-8.97670855800423,-8.97670855800423,-4.45049211528492,-8.10008517515158e-18,-4.45049211528492
382,-8.97670855800423,-8.97670855800423,-4.44425643384885,-7.96751749146726e-18,-4.44425643384885
382.1,-8.12221641109043,-8.12221641109043,-4.43802948936184,-7.83711943814817e-18,-4.43802948936184
382.2,-8.29311484047319,-8.29311484047319,-4.43181126958238,-7.70885550657116e-18,-4.43181126958238
382.3,-7.58510706160175,-7.58510706160175,-4.42560176228609,-7.58269076925478e-18,-4.42560176228609
382.4,-8.61049763789831,-8.61049763789831,-4.41940095526571,-7.4585908703477e-18,-4.41940095526571
382.5,-7.65834924562293,-7.65834924562293,-4.41320883633112,-7.33652201627389e-18,-4.41320883633112
382.6,-10.0509272569816,-10.0509272569816,-4.40702539330922,-7.21645096652977e-18,-4.40702539330922
382.7,-11.1251459559589,-11.1251459559589,-4.40085061404402,-7.09834502463307e-18,-4.40085061404402
382.8,-8.00014610438846,-8.00014610438846,-4.39468448639654,-6.98217202921884e-18,-4.39468448639654
382.9,-7.29213832551701,-7.29213832551701,-4.3885269982448,-6.86790034528163e-18,-4.3885269982448
383,-7.31655238685741,-7.31655238685741,-4.38237813748384,-6.75549885556123e-18,-4.38237813748384
383.1,-8.51284139253674,-8.51284139253674,-4.3762378920256,-6.64493695206897e-18,-4.3762378920256
383.2,-9.22084917140817,-9.22084917140817,-4.37010624979901,-6.53618452775288e-18,-4.37010624979901
383.3,-9.12319292604659,-9.12319292604659,-4.3639831987499,-6.42921196829936e-18,-4.3639831987499
383.4,-9.90444288893921,-9.90444288893921,-4.35786872684097,-6.32399014406864e-18,-4.35786872684097
383.5,-8.75698200594068,-8.75698200594068,-4.35176282205181,-6.22049040216302e-18,-4.35176282205181
383.6,-8.26870077913279,-8.26870077913279,-4.34566547237884,-6.11868455862383e-18,-4.34566547237884
383.7,-8.6349116992387,-8.6349116992387,-4.33957666583529,-6.01854489075707e-18,-4.33957666583529
383.8,-6.90151334407071,-6.90151334407071,-4.33349639045122,-5.92004412958412e-18,-4.33349639045122
383.9,-7.07241177345347,-7.07241177345347,-4.32742463427341,-5.82315545241616e-18,-4.32742463427341
384,-9.12319292604659,-9.12319292604659,-4.32136138536543,-5.7278524755501e-18,-4.32136138536543
384.1,-8.48842733119634,-8.48842733119634,-4.31530663180755,-5.63410924708395e-18,-4.31530663180755
384.2,-7.21889614149583,-7.21889614149583,-4.30926036169676,-5.54190023985003e-18,-4.30926036169676
384.3,-8.2442867177924,-8.2442867177924,-4.30322256314671,-5.45120034446371e-18,-4.30322256314671
384.4,-9.83120070491803,-9.83120070491803,-4.29719322428772,-5.36198486248558e-18,-4.29719322428772
384.5,-10.3194819317259,-10.3194819317259,-4.29117233326672,-5.27422949969622e-18,-4.29117233326672
384.6,-11.7110834281284,-11.7110834281284,-4.28515987824727,-5.1879103594803e-18,-4.28515987824727
384.7,-11.3204584466821,-11.3204584466821,-4.2791558474095,-5.10300393631968e-18,-4.2791558474095
384.8,-9.92885695027961,-9.92885695027961,-4.27316022895011,-5.01948710939233e-18,-4.27316022895011
384.9,-8.80581012862147,-8.80581012862147,-4.26717301108232,-4.93733713627637e-18,-4.26717301108232
385,-10.1729975636836,-10.1729975636836,-4.2611941820359,-4.85653164675724e-18,-4.2611941820359
385.1,-10.7101069131722,-10.7101069131722,-4.25522373005707,-4.77704863673584e-18,-4.25522373005707
385.2,-9.73354445955645,-9.73354445955645,-4.24926164340855,-4.69886646223693e-18,-4.24926164340855
385.3,-10.2462397477048,-10.2462397477048,-4.24330791036949,-4.621963833515e-18,-4.24330791036949
385.4,-10.0509272569816,-10.0509272569816,-4.23736251923546,-4.54631980925684e-18,-4.23736251923546
385.5,-7.3653805095382,-7.3653805095382,-4.23142545831845,-4.47191379087938e-18,-4.23142545831845
385.6,-6.75502897602835,-6.75502897602835,-4.2254967159468,-4.39872551692003e-18,-4.2254967159468
385.7,-8.61049763789831,-8.61049763789831,-4.21957628046521,-4.32673505751964e-18,-4.21957628046521
385.8,-8.46401326985594,-8.46401326985594,-4.21366414023473,-4.2559228089953e-18,-4.21366414023473
385.9,-9.97768507296039,-9.97768507296039,-4.20776028363269,-4.18626948850195e-18,-4.20776028363269
386,-10.197411625024,-10.197411625024,-4.20186469905273,-4.1177561287818e-18,-4.20186469905273
386.1,-8.219872656452,-8.219872656452,-4.19597737490473,-4.05036407299893e-18,-4.19597737490473
386.2,-9.75795852089685,-9.75795852089685,-4.19009829961482,-3.98407496965922e-18,-4.19009829961482
386.3,-8.48842733119634,-8.48842733119634,-4.18422746162535,-3.91887076761297e-18,-4.18422746162535
386.4,-8.87905231264265,-8.87905231264265,-4.17836484939485,-3.85473371113922e-18,-4.17836484939485
386.5,-9.63588821419487,-9.63588821419487,-4.17251045139804,-3.79164633511097e-18,-4.17251045139804
386.6,-10.7345209745126,-10.7345209745126,-4.16666425612577,-3.72959146023904e-18,-4.16666425612577
386.7,-10.0997553796624,-10.0997553796624,-4.16082625208503,-3.66855218839411e-18,-4.16082625208503
386.8,-9.26967729408896,-9.26967729408896,-4.15499642779891,-3.60851189800527e-18,-4.15499642779891
386.9,-9.34291947811014,-9.34291947811014,-4.14917477180657,-3.54945423953353e-18,-4.14917477180657
387,-8.43959920851556,-8.43959920851556,-4.14336127266324,-3.49136313102002e-18,-4.14336127266324
387.1,-8.00014610438846,-8.00014610438846,-4.13755591894018,-3.4342227537064e-18,-4.13755591894018
387.2,-7.3897945708786,-7.3897945708786,-4.13175869922467,-3.37801754772763e-18,-4.13175869922467
387.3,-7.07241177345347,-7.07241177345347,-4.12596960211996,-3.32273220787453e-18,-4.12596960211996
387.4,-7.95131798170767,-7.95131798170767,-4.12018861624529,-3.26835167942618e-18,-4.12018861624529
387.5,-8.51284139253673,-8.51284139253673,-4.11441573023585,-3.21486115405042e-18,-4.11441573023585
387.6,-9.34291947811014,-9.34291947811014,-4.10865093274273,-3.16224606577123e-18,-4.10865093274273
387.7,-10.3438959930663,-10.3438959930663,-4.10289421243293,-3.11049208700255e-18,-4.10289421243293
387.8,-9.34291947811014,-9.34291947811014,-4.09714555798935,-3.05958512464648e-18,-4.09714555798935
387.9,-8.85463825130225,-8.85463825130225,-4.09140495811071,-3.00951131625568e-18,-4.09140495811071
388,-9.46498978481211,-9.46498978481211,-4.0856724015116,-2.96025702625862e-18,-4.0856724015116
388.1,-8.6593257605791,-8.6593257605791,-4.0799478769224,-2.91180884224626e-18,-4.0799478769224
388.2,-9.44057572347172,-9.44057572347172,-4.07423137308927,-2.86415357131992e-18,-4.07423137308927
388.3,-10.1241694410028,-10.1241694410028,-4.06852287877418,-2.81727823649865e-18,-4.06852287877418
388.4,-9.66030227553527,-9.66030227553527,-4.06282238275481,-2.77117007318539e-18,-4.06282238275481
388.5,-8.29311484047319,-8.29311484047319,-4.05712987382456,-2.72581652569129e-18,-4.05712987382456
388.6,-8.6593257605791,-8.6593257605791,-4.05144534079257,-2.68120524381638e-18,-4.05144534079257
388.7,-6.99916958943229,-6.99916958943229,-4.04576877248361,-2.63732407948669e-18,-4.04576877248361
388.8,-7.7804195523249,-7.7804195523249,-4.04010015773815,-2.59416108344623e-18,-4.04010015773815
388.9,-9.95327101162,-9.95327101162,-4.03443948541228,-2.55170450200291e-18,-4.03443948541228
389,-10.4415522384279,-10.4415522384279,-4.0287867443777,-2.50994277382812e-18,-4.0287867443777
389.1,-9.68471633687566,-9.68471633687566,-4.02314192352169,-2.46886452680826e-18,-4.02314192352169
389.2,-8.31752890181358,-8.31752890181358,-4.01750501174713,-2.42845857494819e-18,-4.01750501174713
389.3,-9.00112261934462,-9.00112261934462,-4.01187599797244,-2.38871391532513e-18,-4.01187599797244
389.4,-9.80678664357764,-9.80678664357764,-4.00625487113154,-2.34961972509233e-18,-4.00625487113154
389.5,-9.02553668068501,-9.02553668068501,-4.0006416201739,-2.31116535853208e-18,-4.0006416201739
389.6,-9.00112261934462,-9.00112261934462,-3.99503623406443,-2.27334034415665e-18,-3.99503623406443
389.7,-8.90346637398304,-8.90346637398304,-3.98943870178352,-2.23613438185695e-18,-3.98943870178352
389.8,-8.75698200594068,-8.75698200594068,-3.98384901232701,-2.19953734009756e-18,-3.98384901232701
389.9,-9.5138179074929,-9.5138179074929,-3.97826715470614,-2.16353925315786e-18,-3.97826715470614
390,-10.0997553796624,-10.0997553796624,-3.97269311794756,-2.12813031841836e-18,-3.97269311794756
390.1,-9.19643511006777,-9.19643511006777,-3.96712689109329,-2.09330089369123e-18,-3.96712689109329
390.2,-8.70815388325989,-8.70815388325989,-3.96156846320069,-2.05904149459474e-18,-3.96156846320069
390.3,-7.82924767500569,-7.82924767500569,-3.95601782334249,-2.02534279197052e-18,-3.95601782334249
390.4,-8.6593257605791,-8.6593257605791,-3.95047496060668,-1.99219560934309e-18,-3.95047496060668
390.5,-8.29311484047319,-8.29311484047319,-3.94493986409657,-1.95959092042119e-18,-3.94493986409657
390.6,-8.02456016572885,-8.02456016572885,-3.93941252293075,-1.92751984663963e-18,-3.93941252293075
390.7,-7.87807579768648,-7.87807579768648,-3.93389292624301,-1.89597365474172e-18,-3.93389292624301
390.8,-7.43862269355939,-7.43862269355939,-3.92838106318242,-1.86494375440108e-18,-3.92838106318242
390.9,-6.58413054664558,-6.58413054664558,-3.92287692291321,-1.83442169588236e-18,-3.92287692291321
391,-7.12123989613426,-7.12123989613426,-3.91738049461482,-1.80439916774038e-18,-3.91738049461482
391.1,-6.85268522138992,-6.85268522138992,-3.91189176748182,-1.77486799455678e-18,-3.91189176748182
391.2,-8.39077108583477,-8.39077108583477,-3.90641073072396,-1.7458201347138e-18,-3.90641073072396
391.3,-7.92690392036727,-7.92690392036727,-3.90093737356609,-1.71724767820452e-18,-3.90093737356609
391.4,-6.12026338117809,-6.12026338117809,-3.89547168524813,-1.68914284447878e-18,-3.89547168524813
391.5,-6.55971648530519,-6.55971648530519,-3.89001365502512,-1.66149798032458e-18,-3.89001365502512
391.6,-8.34194296315397,-8.34194296315397,-3.88456327216714,-1.63430555778393e-18,-3.88456327216714
391.7,-8.85463825130225,-8.85463825130225,-3.87912052595929,-1.60755817210303e-18,-3.87912052595929
391.8,-8.78139606728107,-8.78139606728107,-3.8736854057017,-1.5812485397158e-18,-3.8736854057017
391.9,-8.36635702449437,-8.36635702449437,-3.86825790070948,-1.55536949626049e-18,-3.86825790070948
392,-7.8292476750057,-7.8292476750057,-3.86283800031271,-1.52991399462885e-18,-3.86283800031271
392.1,-8.51284139253673,-8.51284139253673,-3.85742569385644,-1.504875103047e-18,-3.85742569385644
392.2,-8.00014610438846,-8.00014610438846,-3.85202097070063,-1.480246003188e-18,-3.85202097070063
392.3,-8.00014610438846,-8.00014610438846,-3.84662382022015,-1.45601998831502e-18,-3.84662382022015
392.4,-7.17006801881505,-7.17006801881505,-3.84123423180475,-1.43219046145507e-18,-3.84123423180475
392.5,-8.6593257605791,-8.6593257605791,-3.83585219485908,-1.40875093360266e-18,-3.83585219485908
392.6,-8.87905231264265,-8.87905231264265,-3.83047769880259,-1.38569502195264e-18,-3.83047769880259
392.7,-7.82924767500569,-7.82924767500569,-3.82511073306958,-1.36301644816224e-18,-3.82511073306958
392.8,-8.17104453377121,-8.17104453377121,-3.81975128710917,-1.34070903664133e-18,-3.81975128710917
392.9,-8.21987265645201,-8.21987265645201,-3.81439935038521,-1.31876671287077e-18,-3.81439935038521
393,-8.87905231264265,-8.87905231264265,-3.80905491237636,-1.2971835017483e-18,-3.80905491237636
393.1,-10.7101069131722,-10.7101069131722,-3.80371796257601,-1.27595352596139e-18,-3.80371796257601
393.2,-8.48842733119634,-8.48842733119634,-3.79838849049227,-1.25507100438685e-18,-3.79838849049227
393.3,-8.92788043532344,-8.92788043532344,-3.79306648564795,-1.23453025051659e-18,-3.79306648564795
393.4,-7.53627893892096,-7.53627893892096,-3.78775193758052,-1.21432567090904e-18,-3.78775193758052
393.5,-7.3409664481978,-7.3409664481978,-3.78244483584215,-1.19445176366611e-18,-3.78244483584215
393.6,-8.19545859511161,-8.19545859511161,-3.77714516999961,-1.17490311693488e-18,-3.77714516999961
393.7,-8.85463825130225,-8.85463825130225,-3.77185292963431,-1.15567440743396e-18,-3.77185292963431
393.8,-8.78139606728107,-8.78139606728107,-3.76656810434226,-1.13676039900393e-18,-3.76656810434226
393.9,-8.00014610438845,-8.00014610438845,-3.76129068373403,-1.11815594118139e-18,-3.76129068373403
394,-8.14663047243082,-8.14663047243082,-3.75602065743475,-1.09985596779654e-18,-3.75602065743475
394.1,-8.39077108583476,-8.39077108583476,-3.75075801508411,-1.08185549559354e-18,-3.75075801508411
394.2,-8.92788043532344,-8.92788043532344,-3.74550274633629,-1.06414962287358e-18,-3.74550274633629
394.3,-8.78139606728107,-8.78139606728107,-3.74025484085997,-1.04673352816008e-18,-3.74025484085997
394.4,-9.12319292604659,-9.12319292604659,-3.73501428833831,-1.02960246888571e-18,-3.73501428833831
394.5,-8.95229449666383,-8.95229449666383,-3.72978107846894,-1.01275178010102e-18,-3.72978107846894
394.6,-10.3194819317259,-10.3194819317259,-3.72455520096389,-9.96176873204109e-19,-3.72455520096389
394.7,-10.7101069131722,-10.7101069131722,-3.71933664554964,-9.79873234691055e-19,-3.71933664554964
394.8,-11.9063959188516,-11.9063959188516,-3.71412540196704,-9.63836424926912e-19,-3.71412540196704
394.9,-10.2462397477047,-10.2462397477047,-3.70892145997133,-9.48062076936694e-19,-3.70892145997133
395,-9.22084917140818,-9.22084917140818,-3.70372480933209,-9.32545895216285e-19,-3.70372480933209
395.1,-9.58706009151408,-9.58706009151408,-3.69853543983324,-9.17283654562638e-19,-3.69853543983324
395.2,-9.68471633687566,-9.68471633687566,-3.69335334127303,-9.02271198923289e-19,-3.69335334127303
395.3,-10.9054194038954,-10.9054194038954,-3.68817850346398,-8.87504440264588e-19,-3.68817850346398
395.4,-12.4679193296806,-12.4679193296806,-3.68301091623289,-8.72979357458496e-19,-3.68301091623289
395.5,-11.6378412441072,-11.6378412441072,-3.67785056942083,-8.586919951876e-19,-3.67785056942083
395.6,-9.68471633687566,-9.68471633687566,-3.67269745288307,-8.44638462868021e-19,-3.67269745288307
395.7,-8.95229449666383,-8.95229449666383,-3.66755155648914,-8.30814933589997e-19,-3.66755155648914
395.8,-10.5636225451299,-10.5636225451299,-3.66241287012272,-8.17217643075788e-19,-3.66241287012272
395.9,-11.686669366788,-11.686669366788,-3.65728138368169,-8.03842888654575e-19,-3.65728138368169
396,-11.9552240415324,-11.9552240415324,-3.65215708707808,-7.90687028254248e-19,-3.65215708707808
396.1,-11.1983881399801,-11.1983881399801,-3.64703997023805,-7.77746479409583e-19,-3.64703997023805
396.2,-10.8077631585338,-10.8077631585338,-3.64193002310188,-7.65017718286762e-19,-3.64193002310188
396.3,-10.758935035853,-10.758935035853,-3.63682723562394,-7.52497278723749e-19,-3.63682723562394
396.4,-9.63588821419487,-9.63588821419487,-3.63173159777267,-7.40181751286429e-19,-3.63173159777267
396.5,-7.97573204304806,-7.97573204304806,-3.62664309953058,-7.28067782340219e-19,-3.62664309953058
396.6,-8.80581012862146,-8.80581012862146,-3.62156173089421,-7.1615207313679e-19,-3.62156173089421
396.7,-10.2950678703855,-10.2950678703855,-3.6164874818741,-7.04431378915852e-19,-3.6164874818741
396.8,-11.3204584466821,-11.3204584466821,-3.61142034249482,-6.92902508021518e-19,-3.61142034249482
396.9,-9.73354445955645,-9.73354445955645,-3.60636030279489,-6.81562321033197e-19,-3.60636030279489
397,-9.78237258223724,-9.78237258223724,-3.60130735282679,-6.70407729910741e-19,-3.60130735282679
397.1,-10.1729975636836,-10.1729975636836,-3.59626148265695,-6.5943569715348e-19,-3.59626148265695
397.2,-9.00112261934461,-9.00112261934461,-3.5912226823657,-6.4864323497313e-19,-3.5912226823657
397.3,-8.70815388325989,-8.70815388325989,-3.58619094204729,-6.38027404480177e-19,-3.58619094204729
397.4,-8.56166951521752,-8.56166951521752,-3.58116625180983,-6.27585314883564e-19,-3.58116625180983
397.5,-9.04995074202541,-9.04995074202541,-3.5761486017753,-6.17314122703557e-19,-3.5761486017753
397.6,-8.58608357655791,-8.58608357655791,-3.57113798207952,-6.07211030997372e-19,-3.57113798207952
397.7,-8.6593257605791,-8.6593257605791,-3.56613438287213,-5.97273288597589e-19,-3.56613438287213
397.8,-8.46401326985594,-8.46401326985594,-3.56113779431657,-5.87498189362979e-19,-3.56113779431657
397.9,-7.92690392036727,-7.92690392036727,-3.55614820659006,-5.7788307144156e-19,-3.55614820659006
398,-9.56264603017369,-9.56264603017369,-3.55116560988359,-5.68425316545797e-19,-3.55116560988359
398.1,-8.75698200594068,-8.75698200594068,-3.54618999440189,-5.59122349239576e-19,-3.54618999440189
398.2,-7.8048336136653,-7.8048336136653,-3.54122135036341,-5.49971636236919e-19,-3.54122135036341
398.3,-9.73354445955645,-9.73354445955645,-3.53625966800032,-5.40970685712144e-19,-3.53625966800032
398.4,-10.9542475265762,-10.9542475265762,-3.53130493755844,-5.32117046621285e-19,-3.53130493755844
398.5,-9.78237258223723,-9.78237258223723,-3.52635714929731,-5.23408308034693e-19,-3.52635714929731
398.6,-9.04995074202541,-9.04995074202541,-3.52141629349008,-5.14842098480476e-19,-3.52141629349008
398.7,-10.1241694410028,-10.1241694410028,-3.51648236042352,-5.06416085298771e-19,-3.51648236042352
398.8,-9.68471633687566,-9.68471633687566,-3.51155534039806,-4.98127974006499e-19,-3.51155534039806
398.9,-8.90346637398304,-8.90346637398304,-3.50663522372766,-4.89975507672563e-19,-3.50663522372766
399,-8.75698200594068,-8.75698200594068,-3.50172200073989,-4.81956466303287e-19,-3.50172200073989
399.1,-10.0020991343008,-10.0020991343008,-3.49681566177586,-4.74068666237856e-19,-3.49681566177586
399.2,-9.92885695027961,-9.92885695027961,-3.49191619719021,-4.66309959553723e-19,-3.49191619719021
399.3,-8.58608357655792,-8.58608357655792,-3.48702359735111,-4.5867823348168e-19,-3.48702359735111
399.4,-7.31655238685741,-7.31655238685741,-3.4821378526402,-4.51171409830533e-19,-3.4821378526402
399.5,-7.95131798170767,-7.95131798170767,-3.47725895345263,-4.43787444421218e-19,-3.47725895345263
399.6,-8.68373982191949,-8.68373982191949,-3.47238689019697,-4.36524326530112e-19,-3.47238689019697
399.7,-8.12221641109043,-8.12221641109043,-3.46752165329525,-4.29380078341524e-19,-3.46752165329525
399.8,-9.02553668068502,-9.02553668068502,-3.46266323318292,-4.22352754409111e-19,-3.46266323318292
399.9,-8.6349116992387,-8.6349116992387,-3.45781162030883,-4.15440441126095e-19,-3.45781162030883
400,-6.43764617860322,-6.43764617860322,-3.45296680513521,-4.0864125620421e-19,-3.45296680513521
400.1,-7.60952112294215,-7.60952112294215,-3.44812877813764,-4.01953348161088e-19,-3.44812877813764
400.2,-7.09682583479386,-7.09682583479386,-3.44329752980508,-3.9537489581612e-19,-3.44329752980508
400.3,-4.70424782343523,-4.70424782343523,-3.43847305063979,-3.88904107794524e-19,-3.43847305063979
400.4,-4.55776345539286,-4.55776345539286,-3.43365533115733,-3.82539222039518e-19,-3.43365533115733
400.5,-8.2442867177924,-8.2442867177924,-3.42884436188657,-3.7627850533252e-19,-3.42884436188657
400.6,-7.60952112294214,-7.60952112294214,-3.42404013336964,-3.70120252821154e-19,-3.42404013336964
400.7,-8.04897422706924,-8.04897422706924,-3.41924263616192,-3.64062787555021e-19,-3.41924263616192
400.8,-7.78041955232491,-7.78041955232491,-3.41445186083203,-3.58104460029049e-19,-3.41445186083203
400.9,-6.43764617860322,-6.43764617860322,-3.4096677979618,-3.52243647734293e-19,-3.4096677979618
401,-8.00014610438845,-8.00014610438845,-3.40489043814626,-3.46478754716143e-19,-3.40489043814626
401.1,-8.39077108583476,-8.39077108583476,-3.40011977199361,-3.40808211139701e-19,-3.40011977199361
401.2,-8.2442867177924,-8.2442867177924,-3.39535579012521,-3.35230472862331e-19,-3.39535579012521
401.3,-7.21889614149584,-7.21889614149584,-3.39059848317557,-3.29744021013146e-19,-3.39059848317557
401.4,-8.58608357655792,-8.58608357655792,-3.3858478417923,-3.24347361579416e-19,-3.3858478417923
401.5,-8.09780234975003,-8.09780234975003,-3.38110385663616,-3.19039024999745e-19,-3.38110385663616
401.6,-9.0987788647062,-9.0987788647062,-3.37636651838094,-3.13817565763874e-19,-3.37636651838094
401.7,-8.48842733119634,-8.48842733119634,-3.37163581771353,-3.08681562019073e-19,-3.37163581771353
401.8,-7.46303675489978,-7.46303675489978,-3.36691174533387,-3.0362961518295e-19,-3.36691174533387
401.9,-6.90151334407071,-6.90151334407071,-3.3621942919549,-2.98660349562599e-19,-3.3621942919549
402,-9.17202104872738,-9.17202104872738,-3.35748344830262,-2.93772411980002e-19,-3.35748344830262
402.1,-8.53725545387713,-8.53725545387713,-3.35277920511598,-2.88964471403521e-19,-3.35277920511598
402.2,-7.02358365077268,-7.02358365077268,-3.34808155314693,-2.84235218585467e-19,-3.34808155314693
402.3,-7.07241177345347,-7.07241177345347,-3.34339048316036,-2.79583365705577e-19,-3.34339048316036
402.4,-7.31655238685741,-7.31655238685741,-3.33870598593413,-2.75007646020311e-19,-3.33870598593413
402.5,-6.73061491468795,-6.73061491468795,-3.334028052259,-2.70506813517928e-19,-3.334028052259
402.6,-6.43764617860322,-6.43764617860322,-3.32935667293862,-2.66079642579168e-19,-3.32935667293862
402.7,-8.17104453377122,-8.17104453377122,-3.32469183878955,-2.61724927643514e-19,-3.32469183878955
402.8,-9.66030227553527,-9.66030227553527,-3.32003354064121,-2.5744148288091e-19,-3.32003354064121
402.9,-9.17202104872738,-9.17202104872738,-3.31538176933587,-2.53228141868832e-19,-3.31538176933587
403,-8.43959920851555,-8.43959920851555,-3.31073651572862,-2.49083757274678e-19,-3.31073651572862
403.1,-7.75600549098451,-7.75600549098451,-3.30609777068737,-2.45007200543322e-19,-3.30609777068737
403.2,-7.97573204304806,-7.97573204304806,-3.30146552509284,-2.40997361589818e-19,-3.30146552509284
403.3,-9.34291947811014,-9.34291947811014,-3.2968397698385,-2.37053148497096e-19,-3.2968397698385
403.4,-8.92788043532344,-8.92788043532344,-3.29222049583059,-2.33173487218625e-19,-3.29222049583059
403.5,-8.2442867177924,-8.2442867177924,-3.28760769398811,-2.29357321285952e-19,-3.28760769398811
403.6,-7.60952112294215,-7.60952112294215,-3.28300135524276,-2.25603611520995e-19,-3.28300135524276
403.7,-7.65834924562294,-7.65834924562294,-3.27840147053895,-2.21911335753091e-19,-3.27840147053895
403.8,-6.63295866932637,-6.63295866932637,-3.27380803083379,-2.18279488540629e-19,-3.27380803083379
403.9,-7.21889614149584,-7.21889614149584,-3.26922102709705,-2.1470708089726e-19,-3.26922102709705
404,-7.60952112294215,-7.60952112294215,-3.26464045031115,-2.11193140022602e-19,-3.26464045031115
404.1,-8.48842733119634,-8.48842733119634,-3.26006629147115,-2.07736709037319e-19,-3.26006629147115
404.2,-8.2442867177924,-8.2442867177924,-3.25549854158472,-2.04336846722565e-19,-3.25549854158472
404.3,-9.17202104872738,-9.17202104872738,-3.25093719167215,-2.0099262726368e-19,-3.25093719167215
404.4,-8.6593257605791,-8.6593257605791,-3.24638223276629,-1.97703139998073e-19,-3.24638223276629
404.5,-6.90151334407071,-6.90151334407071,-3.24183365591257,-1.94467489167257e-19,-3.24183365591257
404.6,-8.87905231264265,-8.87905231264265,-3.23729145216894,-1.91284793672905e-19,-3.23729145216894
404.7,-9.5382319688333,-9.5382319688333,-3.2327556126059,-1.88154186836934e-19,-3.2327556126059
404.8,-9.12319292604659,-9.12319292604659,-3.22822612830648,-1.850748161655e-19,-3.22822612830648
404.9,-8.2442867177924,-8.2442867177924,-3.22370299036616,-1.82045843116842e-19,-3.22370299036616
405,-9.36733353945053,-9.36733353945053,-3.21918618989292,-1.79066442872954e-19,-3.21918618989292
405.1,-9.12319292604659,-9.12319292604659,-3.2146757180072,-1.7613580411497e-19,-3.2146757180072
405.2,-9.12319292604659,-9.12319292604659,-3.21017156584188,-1.73253128802241e-19,-3.21017156584188
405.3,-11.4425287533841,-11.4425287533841,-3.20567372454226,-1.70417631955018e-19,-3.20567372454226
405.4,-11.5401849987456,-11.5401849987456,-3.20118218526605,-1.67628541440692e-19,-3.20118218526605
405.5,-9.70913039821606,-9.70913039821606,-3.19669693918335,-1.64885097763538e-19,-3.19669693918335
405.6,-10.3927241157471,-10.3927241157471,-3.19221797747663,-1.62186553857895e-19,-3.19221797747663
405.7,-11.2228022013205,-11.2228022013205,-3.1877452913407,-1.59532174884739e-19,-3.1877452913407
405.8,-11.4425287533841,-11.4425287533841,-3.18327887198274,-1.56921238031573e-19,-3.18327887198274
405.9,-11.6134271827668,-11.6134271827668,-3.17881871062222,-1.54353032315595e-19,-3.17881871062222
406,-11.6134271827668,-11.6134271827668,-3.17436479849093,-1.51826858390102e-19,-3.17436479849093
406.1,-10.9542475265762,-10.9542475265762,-3.16991712683293,-1.49342028354043e-19,-3.16991712683293
406.2,-10.197411625024,-10.197411625024,-3.16547568690456,-1.46897865564699e-19,-3.16547568690456
406.3,-11.9552240415324,-11.9552240415324,-3.16104046997442,-1.44493704453428e-19,-3.16104046997442
406.4,-12.614403697723,-12.614403697723,-3.15661146732331,-1.42128890344419e-19,-3.15661146732331
406.5,-11.6622553054476,-11.6622553054476,-3.15218867024429,-1.39802779276429e-19,-3.15218867024429
406.6,-12.3946771456594,-12.3946771456594,-3.14777207004258,-1.37514737827412e-19,-3.14777207004258
406.7,-13.9083489487639,-13.9083489487639,-3.14336165803561,-1.35264142942044e-19,-3.14336165803561
406.8,-14.2013176848486,-14.2013176848486,-3.13895742555296,-1.33050381762052e-19,-3.13895742555296
406.9,-13.4933099059772,-13.4933099059772,-3.13455936393637,-1.3087285145933e-19,-3.13455936393637
407,-12.9562005564885,-12.9562005564885,-3.13016746453971,-1.28730959071785e-19,-3.13016746453971
407.1,-12.0772943482343,-12.0772943482343,-3.12578171872894,-1.2662412134186e-19,-3.12578171872894
407.2,-12.8585443111269,-12.8585443111269,-3.12140211788215,-1.24551764557716e-19,-3.12140211788215
407.3,-12.2970209002979,-12.2970209002979,-3.1170286533895,-1.22513324397005e-19,-3.1170286533895
407.4,-12.2237787162767,-12.2237787162767,-3.11266131665321,-1.20508245773189e-19,-3.11266131665321
407.5,-12.0040521642131,-12.0040521642131,-3.10830009908754,-1.18535982684398e-19,-3.10830009908754
407.6,-11.6378412441072,-11.6378412441072,-3.10394499211879,-1.16595998064738e-19,-3.10394499211879
407.7,-10.3438959930663,-10.3438959930663,-3.09959598718527,-1.14687763638053e-19,-3.09959598718527
407.8,-9.31850541676975,-9.31850541676975,-3.09525307573728,-1.1281075977406e-19,-3.09525307573728
407.9,-10.6612787904915,-10.6612787904915,-3.09091624923712,-1.10964475346854e-19,-3.09091624923712
408,-12.4190912069998,-12.4190912069998,-3.08658549915902,-1.09148407595727e-19,-3.08658549915902
408.1,-11.9552240415324,-11.9552240415324,-3.08226081698918,-1.07362061988251e-19,-3.08226081698918
408.2,-10.1729975636836,-10.1729975636836,-3.07794219422572,-1.05604952085626e-19,-3.07794219422572
408.3,-9.5138179074929,-9.5138179074929,-3.07362962237868,-1.03876599410209e-19,-3.07362962237868
408.4,-8.70815388325989,-8.70815388325989,-3.06932309296998,-1.02176533315216e-19,-3.06932309296998
408.5,-10.8077631585338,-10.8077631585338,-3.06502259753343,-1.00504290856576e-19,-3.06502259753343
408.6,-12.2481927776171,-12.2481927776171,-3.06072812761471,-9.88594166668485e-20,-3.06072812761471
408.7,-12.5411615137018,-12.5411615137018,-3.05643967477132,-9.72414628312374e-20,-3.05643967477132
408.8,-11.7110834281284,-11.7110834281284,-3.05215723057262,-9.56499887656118e-20,-3.05215723057262
408.9,-11.1983881399801,-11.1983881399801,-3.04788078659976,-9.40845610965303e-20,-3.04788078659976
409,-9.95327101162,-9.95327101162,-3.04361033444569,-9.25447535432363e-20,-3.04361033444569
409.1,-9.73354445955645,-9.73354445955645,-3.03934586571515,-9.10301468015684e-20,-3.03934586571515
409.2,-10.197411625024,-10.197411625024,-3.03508737202462,-8.95403284297866e-20,-3.03508737202462
409.3,-8.6349116992387,-8.6349116992387,-3.03083484500236,-8.80748927362603e-20,-3.03083484500236
409.4,-10.758935035853,-10.758935035853,-3.02658827628833,-8.6633440668989e-20,-3.02658827628833
409.5,-11.8331537348304,-11.8331537348304,-3.02234765753422,-8.52155797069435e-20,-3.02234765753422
409.6,-10.5880366064703,-10.5880366064703,-3.0181129804034,-8.38209237531733e-20,-3.0181129804034
409.7,-9.26967729408896,-9.26967729408896,-3.01388423657095,-8.24490930296723e-20,-3.01388423657095
409.8,-11.2960443853417,-11.2960443853417,-3.00966141772358,-8.10997139739622e-20,-3.00966141772358
409.9,-11.686669366788,-11.686669366788,-3.00544451555968,-7.97724191373629e-20,-3.00544451555968
410,-11.2228022013205,-11.2228022013205,-3.00123352178924,-7.84668470849385e-20,-3.00123352178924
410.1,-9.73354445955645,-9.73354445955645,-2.99702842813389,-7.71826422970701e-20,-2.99702842813389
410.2,-9.48940384615251,-9.48940384615251,-2.99282922632685,-7.59194550726505e-20,-2.99282922632685
410.3,-10.075341318322,-10.075341318322,-2.98863590811292,-7.46769414338517e-20,-2.98863590811292
410.4,-10.0509272569816,-10.0509272569816,-2.98444846524848,-7.3454763032458e-20,-2.98444846524848
410.5,-9.48940384615251,-9.48940384615251,-2.98026688950143,-7.2252587057733e-20,-2.98026688950143
410.6,-9.63588821419488,-9.63588821419488,-2.97609117265124,-7.10700861457876e-20,-2.97609117265124
410.7,-8.70815388325989,-8.70815388325989,-2.97192130648888,-6.99069382904418e-20,-2.97192130648888
410.8,-8.29311484047318,-8.29311484047318,-2.96775728281682,-6.8762826755534e-20,-2.96775728281682
410.9,-9.90444288893921,-9.90444288893921,-2.96359909344902,-6.76374399886714e-20,-2.96359909344902
411,-9.66030227553527,-9.66030227553527,-2.95944673021091,-6.65304715363961e-20,-2.95944673021091
411.1,-8.04897422706924,-8.04897422706924,-2.95530018493938,-6.5441619960728e-20,-2.95530018493938
411.2,-7.48745081624017,-7.48745081624017,-2.95115944948273,-6.43705887570858e-20,-2.95115944948273
411.3,-8.87905231264265,-8.87905231264265,-2.94702451570073,-6.33170862735439e-20,-2.94702451570073
411.4,-8.43959920851555,-8.43959920851555,-2.9428953754645,-6.22808256314113e-20,-2.9428953754645
411.5,-8.63491169923871,-8.63491169923871,-2.93877202065659,-6.12615246471165e-20,-2.93877202065659
411.6,-8.43959920851555,-8.43959920851555,-2.93465444317091,-6.02589057553603e-20,-2.93465444317091
411.7,-8.46401326985595,-8.46401326985595,-2.93054263491273,-5.92726959335361e-20,-2.93054263491273
411.8,-9.24526323274856,-9.24526323274856,-2.92643658779866,-5.83026266273838e-20,-2.92643658779866
411.9,-8.2442867177924,-8.2442867177924,-2.92233629375663,-5.73484336778556e-20,-2.92233629375663
412,-5.92495089045494,-5.92495089045494,-2.91824174472589,-5.6409857249188e-20,-2.91824174472589
412.1,-6.73061491468795,-6.73061491468795,-2.91415293265698,-5.54866417581417e-20,-2.91415293265698
412.2,-7.3653805095382,-7.3653805095382,-2.91006984951171,-5.45785358044084e-20,-2.91006984951171
412.3,-7.21889614149584,-7.21889614149584,-2.90599248726317,-5.36852921021486e-20,-2.90599248726317
412.4,-8.17104453377122,-8.17104453377122,-2.90192083789568,-5.28066674126535e-20,-2.90192083789568
412.5,-9.44057572347172,-9.44057572347172,-2.8978548934048,-5.19424224781115e-20,-2.8978548934048
412.6,-9.95327101162,-9.95327101162,-2.8937946457973,-5.10923219564521e-20,-2.8937946457973
412.7,-8.53725545387713,-8.53725545387713,-2.88974008709116,-5.02561343572647e-20,-2.88974008709116
412.8,-9.61147415285448,-9.61147415285448,-2.88569120931554,-4.94336319787578e-20,-2.88569120931554
412.9,-10.4171381770875,-10.4171381770875,-2.88164800451075,-4.86245908457539e-20,-2.88164800451075
413,-9.5138179074929,-9.5138179074929,-2.87761046472828,-4.78287906487024e-20,-2.87761046472828
413.1,-8.51284139253673,-8.51284139253673,-2.87357858203073,-4.70460146836824e-20,-2.87357858203073
413.2,-9.0987788647062,-9.0987788647062,-2.86955234849185,-4.62760497933959e-20,-2.86955234849185
413.3,-8.00014610438845,-8.00014610438845,-2.86553175619648,-4.55186863091217e-20,-2.86553175619648
413.4,-7.82924767500569,-7.82924767500569,-2.86151679724053,-4.47737179936192e-20,-2.86151679724053
413.5,-7.90248985902688,-7.90248985902688,-2.85750746373103,-4.40409419849721e-20,-2.85750746373103
413.6,-8.56166951521753,-8.56166951521753,-2.85350374778604,-4.3320158741342e-20,-2.85350374778604
413.7,-9.29409135542935,-9.29409135542935,-2.84950564153465,-4.26111719866349e-20,-2.84950564153465
413.8,-8.219872656452,-8.219872656452,-2.84551313711702,-4.19137886570532e-20,-2.84551313711702
413.9,-8.26870077913279,-8.26870077913279,-2.84152622668428,-4.122781884852e-20,-2.84152622668428
414,-9.83120070491802,-9.83120070491802,-2.83754490239859,-4.05530757649692e-20,-2.83754490239859
414.1,-9.46498978481212,-9.46498978481212,-2.83356915643306,-3.98893756674776e-20,-2.83356915643306
414.2,-8.90346637398304,-8.90346637398304,-2.8295989809718,-3.92365378242314e-20,-2.8295989809718
414.3,-7.65834924562293,-7.65834924562293,-2.82563436820986,-3.85943844613128e-20,-2.82563436820986
414.4,-8.53725545387713,-8.53725545387713,-2.82167531035321,-3.79627407142871e-20,-2.82167531035321
414.5,-8.92788043532344,-8.92788043532344,-2.81772179961874,-3.73414345805886e-20,-2.81772179961874
414.6,-9.68471633687566,-9.68471633687566,-2.81377382823428,-3.67302968726805e-20,-2.81377382823428
414.7,-9.58706009151409,-9.58706009151409,-2.80983138843851,-3.61291611719859e-20,-2.80983138843851
414.8,-9.36733353945054,-9.36733353945054,-2.80589447248101,-3.55378637835682e-20,-2.80589447248101
414.9,-8.73256794460028,-8.73256794460028,-2.8019630726222,-3.4956243691556e-20,-2.8019630726222
415,-10.197411625024,-10.197411625024,-2.79803718113337,-3.4384142515298e-20,-2.79803718113337
415.1,-10.6124506678107,-10.6124506678107,-2.7941167902966,-3.38214044662326e-20,-2.7941167902966
415.2,-8.87905231264265,-8.87905231264265,-2.79020189240483,-3.32678763054676e-20,-2.79020189240483
415.3,-8.39077108583476,-8.39077108583476,-2.78629247976176,-3.272340730205e-20,-2.78629247976176
415.4,-9.48940384615251,-9.48940384615251,-2.78238854468189,-3.21878491919202e-20,-2.78238854468189
415.5,-9.46498978481211,-9.46498978481211,-2.77849007949049,-3.16610561375406e-20,-2.77849007949049
415.6,-9.12319292604659,-9.12319292604659,-2.77459707652358,-3.11428846881797e-20,-2.77459707652358
415.7,-9.80678664357763,-9.80678664357763,-2.77070952812791,-3.06331937408515e-20,-2.77070952812791
415.8,-9.73354445955645,-9.73354445955645,-2.76682742666098,-3.0131844501891e-20,-2.76682742666098
415.9,-8.68373982191949,-8.68373982191949,-2.76295076449097,-2.96387004491582e-20,-2.76295076449097
416,-7.17006801881505,-7.17006801881505,-2.75907953399676,-2.91536272948645e-20,-2.75907953399676
416.1,-8.31752890181358,-8.31752890181358,-2.75521372756791,-2.86764929490018e-20,-2.75521372756791
416.2,-8.53725545387713,-8.53725545387713,-2.75135333760464,-2.82071674833753e-20,-2.75135333760464
416.3,-5.85170870643376,-5.85170870643376,-2.74749835651784,-2.77455230962227e-20,-2.74749835651784
416.4,-7.68276330696332,-7.68276330696332,-2.743648776729,-2.72914340774108e-20,-2.743648776729
416.5,-8.2442867177924,-8.2442867177924,-2.73980459067024,-2.68447767742056e-20,-2.73980459067024
416.6,-8.97670855800423,-8.97670855800423,-2.7359657907843,-2.64054295575988e-20,-2.7359657907843
416.7,-9.61147415285448,-9.61147415285448,-2.73213236952449,-2.59732727891883e-20,-2.73213236952449
416.8,-8.92788043532344,-8.92788043532344,-2.72830431935471,-2.55481887885994e-20,-2.72830431935471
416.9,-7.85366173634609,-7.85366173634609,-2.72448163274939,-2.51300618014382e-20,-2.72448163274939
417,-7.09682583479386,-7.09682583479386,-2.72066430219353,-2.47187779677718e-20,-2.72066430219353
417.1,-9.58706009151408,-9.58706009151408,-2.71685232018266,-2.43142252911222e-20,-2.71685232018266
417.2,-8.41518514717516,-8.41518514717516,-2.71304567922281,-2.391629360797e-20,-2.71304567922281
417.3,-6.21791962653967,-6.21791962653967,-2.70924437183052,-2.35248745577545e-20,-2.70924437183052
417.4,-6.80385709870913,-6.80385709870913,-2.7054483905328,-2.31398615533661e-20,-2.7054483905328
417.5,-7.26772426417662,-7.26772426417662,-2.70165772786717,-2.27611497521226e-20,-2.70165772786717
417.6,-9.12319292604659,-9.12319292604659,-2.69787237638155,-2.2388636027219e-20,-2.69787237638155
417.7,-7.87807579768648,-7.87807579768648,-2.69409232863435,-2.20222189396449e-20,-2.69409232863435
417.8,-6.5108883626244,-6.5108883626244,-2.69031757719438,-2.16617987105622e-20,-2.69031757719438
417.9,-7.24331020283623,-7.24331020283623,-2.68654811464087,-2.13072771941333e-20,-2.68654811464087
418,-7.70717736830372,-7.70717736830372,-2.68278393356344,-2.09585578507971e-20,-2.68278393356344
418.1,-8.48842733119634,-8.48842733119634,-2.6790250265621,-2.0615545720978e-20,-2.6790250265621
418.2,-8.34194296315398,-8.34194296315398,-2.67527138624724,-2.02781473992291e-20,-2.67527138624724
418.3,-6.73061491468795,-6.73061491468795,-2.67152300523957,-1.99462710087964e-20,-2.67152300523957
418.4,-7.8048336136653,-7.8048336136653,-2.66777987617018,-1.96198261766003e-20,-2.66777987617018
418.5,-7.46303675489978,-7.46303675489978,-2.66404199168045,-1.92987240086256e-20,-2.66404199168045
418.6,-5.97377901313572,-5.97377901313572,-2.66030934442209,-1.89828770657149e-20,-2.66030934442209
418.7,-6.19350556519928,-6.19350556519928,-2.65658192705711,-1.86721993397586e-20,-2.65658192705711
418.8,-5.58315403168941,-5.58315403168941,-2.65285973225777,-1.83666062302741e-20,-2.65285973225777
418.9,-5.92495089045494,-5.92495089045494,-2.64914275270665,-1.80660145213672e-20,-2.64914275270665
419,-7.24331020283623,-7.24331020283623,-2.64543098109653,-1.77703423590729e-20,-2.64543098109653
419.1,-7.73159142964412,-7.73159142964412,-2.64172441013045,-1.74795092290648e-20,-2.64172441013045
419.2,-7.29213832551702,-7.29213832551702,-2.63802303252169,-1.71934359347314e-20,-2.63802303252169
419.3,-7.73159142964412,-7.73159142964412,-2.63432684099371,-1.69120445756091e-20,-2.63432684099371
419.4,-6.26674774922046,-6.26674774922046,-2.63063582828019,-1.66352585261694e-20,-2.63063582828019
419.5,-6.41323211726282,-6.41323211726282,-2.62694998712497,-1.63630024149535e-20,-2.62694998712497
419.6,-5.58315403168942,-5.58315403168942,-2.62326931028207,-1.60952021040472e-20,-2.62326931028207
419.7,-5.53432590900863,-5.53432590900863,-2.61959379051567,-1.58317846688934e-20,-2.61959379051567
419.8,-6.12026338117809,-6.12026338117809,-2.61592342060006,-1.55726783784334e-20,-2.61592342060006
419.9,-6.68178679200716,-6.68178679200716,-2.61225819331968,-1.53178126755733e-20,-2.61225819331968
420,-7.46303675489978,-7.46303675489978,-2.60859810146908,-1.50671181579723e-20,-2.60859810146908
420.1,-5.77846652241257,-5.77846652241257,-2.60494313785288,-1.48205265591422e-20,-2.60494313785288
420.2,-5.82729464509336,-5.82729464509336,-2.60129329528582,-1.45779707298584e-20,-2.60129329528582
420.3,-6.5108883626244,-6.5108883626244,-2.59764856659267,-1.43393846198748e-20,-2.59764856659267
420.4,-6.31557587190125,-6.31557587190125,-2.59400894460827,-1.41047032599369e-20,-2.59400894460827
420.5,-5.68081027705099,-5.68081027705099,-2.59037442217752,-1.38738627440914e-20,-2.59037442217752
420.6,-7.68276330696333,-7.68276330696333,-2.58674499215529,-1.36468002122823e-20,-2.58674499215529
420.7,-7.97573204304806,-7.97573204304806,-2.58312064740653,-1.34234538332348e-20,-2.58312064740653
420.8,-5.97377901313573,-5.97377901313573,-2.57950138080613,-1.32037627876179e-20,-2.57950138080613
420.9,-4.60659157807365,-4.60659157807365,-2.57588718523899,-1.29876672514817e-20,-2.57588718523899
421,-5.43666966364705,-5.43666966364705,-2.57227805359999,-1.27751083799685e-20,-2.57227805359999
421.1,-7.8048336136653,-7.8048336136653,-2.56867397879392,-1.25660282912869e-20,-2.56867397879392
421.2,-7.09682583479387,-7.09682583479387,-2.56507495373557,-1.23603700509514e-20,-2.56507495373557
421.3,-5.680810277051,-5.680810277051,-2.56148097134962,-1.21580776562785e-20,-2.56148097134962
421.4,-5.11928686622192,-5.11928686622192,-2.55789202457066,-1.19590960211357e-20,-2.55789202457066
421.5,-5.55873997034902,-5.55873997034902,-2.55430810634321,-1.17633709609421e-20,-2.55430810634321
421.6,-7.26772426417662,-7.26772426417662,-2.55072920962164,-1.15708491779123e-20,-2.55072920962164
421.7,-8.04897422706924,-8.04897422706924,-2.54715532737022,-1.13814782465445e-20,-2.54715532737022
421.8,-7.46303675489978,-7.46303675489978,-2.54358645256306,-1.1195206599343e-20,-2.54358645256306
421.9,-7.17006801881505,-7.17006801881505,-2.54002257818413,-1.10119835127765e-20,-2.54002257818413
422,-7.65834924562294,-7.65834924562294,-2.53646369722721,-1.08317590934658e-20,-2.53646369722721
422.1,-8.41518514717516,-8.41518514717516,-2.53290980269591,-1.06544842645969e-20,-2.53290980269591
422.2,-6.73061491468795,-6.73061491468795,-2.52936088760364,-1.04801107525575e-20,-2.52936088760364
422.3,-6.63295866932637,-6.63295866932637,-2.52581694497361,-1.03085910737912e-20,-2.52581694497361
422.4,-8.46401326985594,-8.46401326985594,-2.52227796783879,-1.01398785218671e-20,-2.52227796783879
422.5,-9.00112261934462,-9.00112261934462,-2.51874394924191,-9.97392715476198e-21,-2.51874394924191
422.6,-8.31752890181358,-8.31752890181358,-2.51521488223546,-9.8106917823489e-21,-2.51521488223546
422.7,-7.51186487758057,-7.51186487758057,-2.51169075988165,-9.65012795409224e-21,-2.51169075988165
422.8,-7.14565395747465,-7.14565395747465,-2.50817157525243,-9.4921919469431e-21,-2.50817157525243
422.9,-7.65834924562293,-7.65834924562293,-2.50465732142945,-9.33684075343287e-21,-2.50465732142945
423,-7.14565395747466,-7.14565395747466,-2.50114799150404,-9.1840320699626e-21,-2.50114799150404
423.1,-8.41518514717516,-8.41518514717516,-2.49764357857722,-9.0337242852824e-21,-2.49764357857722
423.2,-8.51284139253674,-8.51284139253674,-2.49414407575967,-8.88587646916097e-21,-2.49414407575967
423.3,-7.65834924562293,-7.65834924562293,-2.49064947617175,-8.74044836123991e-21,-2.49064947617175
423.4,-6.65737273066677,-6.65737273066677,-2.48715977294343,-8.59740036006987e-21,-2.48715977294343
423.5,-6.92592740541111,-6.92592740541111,-2.4836749592143,-8.45669351232739e-21,-2.4836749592143
423.6,-7.97573204304806,-7.97573204304806,-2.48019502813359,-8.31828950220691e-21,-2.48019502813359
423.7,-7.95131798170766,-7.95131798170766,-2.47671997286012,-8.18215064098771e-21,-2.47671997286012
423.8,-7.53627893892096,-7.53627893892096,-2.47324978656227,-8.04823985677035e-21,-2.47324978656227
423.9,-7.12123989613426,-7.12123989613426,-2.46978446241803,-7.91652068438173e-21,-2.46978446241803
424,-7.87807579768648,-7.87807579768648,-2.46632399361492,-7.78695725544558e-21,-2.46632399361492
424.1,-8.29311484047318,-8.29311484047318,-2.46286837335002,-7.6595142886147e-21,-2.46286837335002
424.2,-7.68276330696333,-7.68276330696333,-2.45941759482994,-7.5341570799641e-21,-2.45941759482994
424.3,-6.90151334407071,-6.90151334407071,-2.45597165127081,-7.41085149354032e-21,-2.45597165127081
424.4,-6.68178679200716,-6.68178679200716,-2.45253053589824,-7.28956395206584e-21,-2.45253053589824
424.5,-7.26772426417663,-7.26772426417663,-2.44909424194738,-7.17026142779627e-21,-2.44909424194738
424.6,-7.07241177345347,-7.07241177345347,-2.44566276266281,-7.0529114335258e-21,-2.44566276266281
424.7,-6.63295866932637,-6.63295866932637,-2.44223609129861,-6.9374820137412e-21,-2.44223609129861
424.8,-7.75600549098451,-7.75600549098451,-2.4388142211183,-6.82394173591985e-21,-2.4388142211183
424.9,-9.14760698738699,-9.14760698738699,-2.43539714539481,-6.71225968197015e-21,-2.43539714539481
425,-7.85366173634609,-7.85366173634609,-2.43198485741056,-6.60240543981277e-21,-2.43198485741056
425.1,-7.29213832551702,-7.29213832551702,-2.42857735045732,-6.4943490950985e-21,-2.42857735045732
425.2,-6.73061491468795,-6.73061491468795,-2.42517461783628,-6.38806122306274e-21,-2.42517461783628
425.3,-6.43764617860322,-6.43764617860322,-2.42177665285804,-6.28351288051284e-21,-2.42177665285804
425.4,-6.24233368788006,-6.24233368788006,-2.41838344884253,-6.18067559794625e-21,-2.41838344884253
425.5,-4.60659157807364,-4.60659157807364,-2.41499499911908,-6.07952137179842e-21,-2.41499499911908
425.6,-4.41127908735049,-4.41127908735049,-2.41161129702633,-5.98002265681683e-21,-2.41161129702633
425.7,-6.5108883626244,-6.5108883626244,-2.40823233591229,-5.8821523585604e-21,-2.40823233591229
425.8,-7.26772426417663,-7.26772426417663,-2.40485810913426,-5.78588382602141e-21,-2.40485810913426
425.9,-9.39174760079093,-9.39174760079093,-2.40148861005885,-5.69119084436789e-21,-2.40148861005885
426,-9.39174760079093,-9.39174760079093,-2.39812383206199,-5.59804762780546e-21,-2.39812383206199
426.1,-7.07241177345347,-7.07241177345347,-2.39476376852887,-5.50642881255523e-21,-2.39476376852887
426.2,-5.97377901313572,-5.97377901313572,-2.39140841285395,-5.41630944994746e-21,-2.39140841285395
426.3,-4.87514625281798,-4.87514625281798,-2.38805775844095,-5.32766499962739e-21,-2.38805775844095
426.4,-6.58413054664559,-6.58413054664559,-2.38471179870282,-5.24047132287278e-21,-2.38471179870282
426.5,-9.12319292604659,-9.12319292604659,-2.38137052706176,-5.1547046760209e-21,-2.38137052706176
426.6,-8.09780234975003,-8.09780234975003,-2.37803393694917,-5.07034170400257e-21,-2.37803393694917
426.7,-6.9259274054111,-6.9259274054111,-2.37470202180565,-4.98735943398276e-21,-2.37470202180565
426.8,-6.43764617860322,-6.43764617860322,-2.37137477508102,-4.90573526910453e-21,-2.37137477508102
426.9,-7.24331020283623,-7.24331020283623,-2.36805219023424,-4.82544698233574e-21,-2.36805219023424
427,-6.9747555280919,-6.9747555280919,-2.36473426073345,-4.7464727104167e-21,-2.36473426073345
427.1,-7.12123989613426,-7.12123989613426,-2.36142098005596,-4.66879094790619e-21,-2.36142098005596
427.2,-8.26870077913279,-8.26870077913279,-2.35811234168818,-4.59238054132563e-21,-2.35811234168818
427.3,-8.34194296315397,-8.34194296315397,-2.35480833912569,-4.51722068339869e-21,-2.35480833912569
427.4,-8.6349116992387,-8.6349116992387,-2.35150896587315,-4.44329090738514e-21,-2.35150896587315
427.5,-8.02456016572884,-8.02456016572884,-2.34821421544434,-4.37057108150793e-21,-2.34821421544434
427.6,-7.46303675489978,-7.46303675489978,-2.34492408136211,-4.29904140347061e-21,-2.34492408136211
427.7,-8.34194296315397,-8.34194296315397,-2.3416385571584,-4.22868239506538e-21,-2.3416385571584
427.8,-7.29213832551701,-7.29213832551701,-2.33835763637422,-4.15947489686891e-21,-2.33835763637422
427.9,-5.6319821543702,-5.6319821543702,-2.3350813125596,-4.09140006302485e-21,-2.3350813125596
428,-5.75405246107218,-5.75405246107218,-2.33180957927365,-4.02443935611216e-21,-2.33180957927365
428.1,-8.219872656452,-8.219872656452,-2.32854243008446,-3.95857454209704e-21,-2.32854243008446
428.2,-8.56166951521753,-8.56166951521753,-2.32527985856915,-3.8937876853677e-21,-2.32527985856915
428.3,-8.29311484047319,-8.29311484047319,-2.32202185831386,-3.83006114385043e-21,-2.32202185831386
428.4,-9.00112261934462,-9.00112261934462,-2.31876842291369,-3.76737756420519e-21,-2.31876842291369
428.5,-8.02456016572885,-8.02456016572885,-2.31551954597272,-3.70571987710049e-21,-2.31551954597272
428.6,-7.82924767500569,-7.82924767500569,-2.31227522110399,-3.64507129256491e-21,-2.31227522110399
428.7,-7.68276330696332,-7.68276330696332,-2.30903544192949,-3.58541529541538e-21,-2.30903544192949
428.8,-6.73061491468795,-6.73061491468795,-2.30580020208017,-3.52673564075969e-21,-2.30580020208017
428.9,-6.87709928273032,-6.87709928273032,-2.30256949519585,-3.46901634957287e-21,-2.30256949519585
429,-8.80581012862147,-8.80581012862147,-2.29934331492532,-3.41224170434607e-21,-2.29934331492532
429.1,-10.2706538090451,-10.2706538090451,-2.29612165492624,-3.35639624480645e-21,-2.29612165492624
429.2,-8.29311484047319,-8.29311484047319,-2.29290450886515,-3.30146476370722e-21,-2.29290450886515
429.3,-8.26870077913279,-8.26870077913279,-2.28969187041747,-3.2474323026866e-21,-2.28969187041747
429.4,-8.51284139253673,-8.51284139253673,-2.2864837332675,-3.19428414819437e-21,-2.2864837332675
429.5,-8.21987265645201,-8.21987265645201,-2.28328009110836,-3.14200582748551e-21,-2.28328009110836
429.6,-8.61049763789831,-8.61049763789831,-2.28008093764203,-3.0905831046788e-21,-2.28008093764203
429.7,-9.04995074202541,-9.04995074202541,-2.2768862665793,-3.04000197688051e-21,-2.2768862665793
429.8,-9.58706009151408,-9.58706009151408,-2.27369607163978,-2.99024867037119e-21,-2.27369607163978
429.9,-9.00112261934462,-9.00112261934462,-2.27051034655186,-2.94130963685491e-21,-2.27051034655186
430,-8.75698200594067,-8.75698200594067,-2.26732908505276,-2.89317154977005e-21,-2.26732908505276
430.1,-9.22084917140818,-9.22084917140818,-2.26415228088843,-2.84582130066019e-21,-2.26415228088843
430.2,-9.70913039821605,-9.70913039821605,-2.26097992781361,-2.79924599560467e-21,-2.26097992781361
430.3,-7.51186487758057,-7.51186487758057,-2.25781201959178,-2.75343295170751e-21,-2.25781201959178
430.4,-8.53725545387713,-8.53725545387713,-2.25464854999515,-2.70836969364353e-21,-2.25464854999515
430.5,-9.00112261934462,-9.00112261934462,-2.25148951280468,-2.6640439502614e-21,-2.25148951280468
430.6,-7.14565395747465,-7.14565395747465,-2.24833490181002,-2.62044365124194e-21,-2.24833490181002
430.7,-6.85268522138992,-6.85268522138992,-2.24518471080953,-2.57755692381144e-21,-2.24518471080953
430.8,-8.6593257605791,-8.6593257605791,-2.24203893361027,-2.53537208950842e-21,-2.24203893361027
430.9,-8.29311484047319,-8.29311484047319,-2.23889756402795,-2.49387766100349e-21,-2.23889756402795
431,-8.75698200594068,-8.75698200594068,-2.23576059588698,-2.45306233897138e-21,-2.23576059588698
431.1,-8.48842733119634,-8.48842733119634,-2.2326280230204,-2.41291500901384e-21,-2.2326280230204
431.2,-8.19545859511161,-8.19545859511161,-2.22949983926988,-2.37342473863329e-21,-2.22949983926988
431.3,-6.14467744251848,-6.14467744251848,-2.22637603848575,-2.33458077425562e-21,-2.22637603848575
431.4,-6.5108883626244,-6.5108883626244,-2.22325661452694,-2.29637253830192e-21,-2.22325661452694
431.5,-7.48745081624018,-7.48745081624018,-2.22014156126098,-2.25878962630825e-21,-2.22014156126098
431.6,-6.24233368788007,-6.24233368788007,-2.217030872564,-2.22182180409218e-21,-2.217030872564
431.7,-7.26772426417662,-7.26772426417662,-2.2139245423207,-2.18545900496613e-21,-2.2139245423207
431.8,-8.36635702449437,-8.36635702449437,-2.21082256442437,-2.149691326996e-21,-2.21082256442437
431.9,-9.04995074202541,-9.04995074202541,-2.20772493277682,-2.11450903030478e-21,-2.20772493277682
432,-8.04897422706925,-8.04897422706925,-2.20463164128845,-2.07990253442039e-21,-2.20463164128845
432.1,-7.97573204304805,-7.97573204304805,-2.20154268387815,-2.04586241566667e-21,-2.20154268387815
432.2,-6.5353024239648,-6.5353024239648,-2.19845805447336,-2.01237940459736e-21,-2.19845805447336
432.3,-7.12123989613426,-7.12123989613426,-2.19537774701001,-1.97944438347192e-21,-2.19537774701001
432.4,-8.53725545387713,-8.53725545387713,-2.19230175543254,-1.94704838377257e-21,-2.19230175543254
432.5,-7.68276330696333,-7.68276330696333,-2.18923007369387,-1.91518258376223e-21,-2.18923007369387
432.6,-7.95131798170767,-7.95131798170767,-2.18616269575538,-1.88383830608218e-21,-2.18616269575538
432.7,-8.00014610438846,-8.00014610438846,-2.18309961558693,-1.85300701538916e-21,-2.18309961558693
432.8,-6.36440399458203,-6.36440399458203,-2.18004082716682,-1.82268031603117e-21,-2.18004082716682
432.9,-5.72963839973178,-5.72963839973178,-2.17698632448178,-1.79284994976112e-21,-2.17698632448178
433,-6.63295866932637,-6.63295866932637,-2.17393610152699,-1.76350779348819e-21,-2.17393610152699
433.1,-7.3897945708786,-7.3897945708786,-2.17089015230601,-1.73464585706567e-21,-2.17089015230601
433.2,-8.39077108583476,-8.39077108583476,-2.16784847083083,-1.70625628111537e-21,-2.16784847083083
433.3,-7.73159142964412,-7.73159142964412,-2.16481105112181,-1.67833133488725e-21,-2.16481105112181
433.4,-7.73159142964412,-7.73159142964412,-2.16177788720771,-1.65086341415433e-21,-2.16177788720771
433.5,-7.21889614149584,-7.21889614149584,-2.15874897312562,-1.62384503914206e-21,-2.15874897312562
433.6,-6.85268522138992,-6.85268522138992,-2.15572430292103,-1.59726885249134e-21,-2.15572430292103
433.7,-8.09780234975003,-8.09780234975003,-2.15270387064774,-1.57112761725525e-21,-2.15270387064774
433.8,-9.41616166213132,-9.41616166213132,-2.14968767036789,-1.54541421492821e-21,-2.14968767036789
433.9,-9.73354445955645,-9.73354445955645,-2.14667569615195,-1.52012164350754e-21,-2.14667569615195
434,-9.12319292604659,-9.12319292604659,-2.14366794207869,-1.49524301558689e-21,-2.14366794207869
434.1,-7.31655238685741,-7.31655238685741,-2.14066440223517,-1.47077155648055e-21,-2.14066440223517
434.2,-6.33998993324164,-6.33998993324164,-2.13766507071673,-1.44670060237878e-21,-2.13766507071673
434.3,-5.82729464509336,-5.82729464509336,-2.13466994162702,-1.42302359853313e-21,-2.13466994162702
434.4,-5.99819307447612,-5.99819307447612,-2.13167900907791,-1.39973409747153e-21,-2.13167900907791
434.5,-7.19448208015544,-7.19448208015544,-2.12869226718954,-1.37682575724259e-21,-2.12869226718954
434.6,-7.48745081624017,-7.48745081624017,-2.12570971009028,-1.35429233968859e-21,-2.12570971009028
434.7,-7.85366173634608,-7.85366173634608,-2.12273133191673,-1.33212770874682e-21,-2.12273133191673
434.8,-8.83022418996186,-8.83022418996186,-2.11975712681372,-1.3103258287787e-21,-2.11975712681372
434.9,-8.12221641109042,-8.12221641109042,-2.11678708893425,-1.28888076292607e-21,-2.11678708893425
435,-7.97573204304806,-7.97573204304806,-2.11382121243954,-1.26778667149472e-21,-2.11382121243954
435.1,-8.02456016572885,-8.02456016572885,-2.11085949149899,-1.24703781036402e-21,-2.11085949149899
435.2,-6.29116181056085,-6.29116181056085,-2.10790192029015,-1.22662852942288e-21,-2.10790192029015
435.3,-6.73061491468795,-6.73061491468795,-2.10494849299876,-1.20655327103109e-21,-2.10494849299876
435.4,-6.19350556519928,-6.19350556519928,-2.10199920381866,-1.1868065685059e-21,-2.10199920381866
435.5,-5.82729464509337,-5.82729464509337,-2.09905404695188,-1.16738304463348e-21,-2.09905404695188
435.6,-5.36342747962588,-5.36342747962588,-2.09611301660852,-1.14827741020457e-21,-2.09611301660852
435.7,-5.53432590900863,-5.53432590900863,-2.09317610700684,-1.12948446257423e-21,-2.09317610700684
435.8,-5.99819307447612,-5.99819307447612,-2.09024331237317,-1.11099908424509e-21,-2.09024331237317
435.9,-7.17006801881505,-7.17006801881505,-2.08731462694193,-1.09281624147379e-21,-2.08731462694193
436,-7.63393518428254,-7.63393518428254,-2.08439004495565,-1.07493098290031e-21,-2.08439004495565
436.1,-6.55971648530519,-6.55971648530519,-2.08146956066488,-1.05733843819957e-21,-2.08146956066488
436.2,-5.33901341828548,-5.33901341828548,-2.07855316832826,-1.04003381675527e-21,-2.07855316832826
436.3,-6.70620085334756,-6.70620085334756,-2.07564086221246,-1.02301240635535e-21,-2.07564086221246
436.4,-7.26772426417662,-7.26772426417662,-2.07273263659219,-1.00626957190874e-21,-2.07273263659219
436.5,-7.3409664481978,-7.3409664481978,-2.06982848575019,-9.89800754183321e-22,-2.06982848575019
436.6,-6.04702119715691,-6.04702119715691,-2.06692840397717,-9.73601468564244e-22,-2.06692840397717
436.7,-7.07241177345347,-7.07241177345347,-2.0640323855719,-9.57667303832833e-22,-2.0640323855719
436.8,-6.77944303736874,-6.77944303736874,-2.06114042484109,-9.41993920965355e-22,-2.06114042484109
436.9,-6.9503414667515,-6.9503414667515,-2.05825251609945,-9.26577051951406e-22,-2.05825251609945
437,-6.14467744251849,-6.14467744251849,-2.05536865366965,-9.11412498631762e-22,-2.05536865366965
437.1,-6.31557587190124,-6.31557587190124,-2.05248883188231,-8.96496131555123e-22,-2.05248883188231
437.2,-6.36440399458204,-6.36440399458204,-2.04961304507599,-8.81823888853663e-22,-2.04961304507599
437.3,-6.26674774922046,-6.26674774922046,-2.04674128759721,-8.67391775136952e-22,-2.04674128759721
437.4,-5.72963839973178,-5.72963839973178,-2.04387355380038,-8.53195860403915e-22,-2.04387355380038
437.5,-5.87612276777415,-5.87612276777415,-2.04100983804784,-8.39232278972726e-22,-2.04100983804784
437.6,-6.99916958943228,-6.99916958943228,-2.0381501347098,-8.25497228428082e-22,-2.0381501347098
437.7,-6.24233368788006,-6.24233368788006,-2.0352944381644,-8.11986968585841e-22,-2.0352944381644
437.8,-5.16811498890271,-5.16811498890271,-2.03244274279763,-7.98697820474474e-22,-2.03244274279763
437.9,-5.43666966364705,-5.43666966364705,-2.02959504300334,-7.85626165333257e-22,-2.02959504300334
438,-5.94936495179533,-5.94936495179533,-2.02675133318326,-7.72768443626883e-22,-2.02675133318326
438.1,-6.85268522138992,-6.85268522138992,-2.02391160774695,-7.60121154076113e-22,-2.02391160774695
438.2,-7.09682583479386,-7.09682583479386,-2.0210758611118,-7.47680852704408e-22,-2.0210758611118
438.3,-5.99819307447612,-5.99819307447612,-2.01824408770302,-7.3544415190005e-22,-2.01824408770302
438.4,-5.680810277051,-5.680810277051,-2.01541628195364,-7.23407719493667e-22,-2.01541628195364
438.5,-6.29116181056085,-6.29116181056085,-2.01259243830449,-7.11568277850902e-22,-2.01259243830449
438.6,-6.43764617860322,-6.43764617860322,-2.00977255120417,-6.99922602979809e-22,-2.00977255120417
438.7,-6.02260713581652,-6.02260713581652,-2.0069566151091,-6.88467523652987e-22,-2.0069566151091
438.8,-6.82827116004953,-6.82827116004953,-2.00414462448342,-6.77199920544005e-22,-2.00414462448342
438.9,-6.82827116004953,-6.82827116004953,-2.00133657379904,-6.66116725377959e-22,-2.00133657379904
439,-5.6319821543702,-5.6319821543702,-1.99853245753565,-6.55214920096005e-22,-1.99853245753565
439.1,-6.0958493198377,-6.0958493198377,-1.99573227018062,-6.44491536033448e-22,-1.99573227018062
439.2,-7.02358365077268,-7.02358365077268,-1.99293600622909,-6.33943653111393e-22,-1.99293600622909
439.3,-7.04799771211308,-7.04799771211308,-1.99014366018388,-6.23568399041576e-22,-1.99014366018388
439.4,-7.65834924562293,-7.65834924562293,-1.98735522655554,-6.13362948544178e-22,-1.98735522655554
439.5,-7.07241177345347,-7.07241177345347,-1.98457069986229,-6.03324522578519e-22,-1.98457069986229
439.6,-7.09682583479386,-7.09682583479386,-1.98179007463003,-5.93450387586263e-22,-1.98179007463003
439.7,-6.58413054664558,-6.58413054664558,-1.97901334539235,-5.83737854747068e-22,-1.97901334539235
439.8,-5.70522433839139,-5.70522433839139,-1.97624050669048,-5.74184279246397e-22,-1.97624050669048
439.9,-5.2413571729239,-5.2413571729239,-1.97347155307331,-5.64787059555277e-22,-1.97347155307331
440,-6.55971648530519,-6.55971648530519,-1.97070647909736,-5.55543636721922e-22,-1.97070647909736
440.1,-7.46303675489978,-7.46303675489978,-1.96794527932679,-5.46451493674861e-22,-1.96794527932679
440.2,-5.6563962157106,-5.6563962157106,-1.96518794833335,-5.37508154537567e-22,-1.96518794833335
440.3,-6.16909150385888,-6.16909150385888,-1.96243448069643,-5.28711183954212e-22,-1.96243448069643
440.4,-6.04702119715691,-6.04702119715691,-1.95968487100298,-5.20058186426501e-22,-1.95968487100298
440.5,-5.33901341828548,-5.33901341828548,-1.95693911384756,-5.11546805661376e-22,-1.95693911384756
440.6,-6.5353024239648,-6.5353024239648,-1.95419720383229,-5.03174723929359e-22,-1.95419720383229
440.7,-6.19350556519928,-6.19350556519928,-1.95145913556687,-4.94939661433415e-22,-1.95145913556687
440.8,-7.04799771211308,-7.04799771211308,-1.94872490366853,-4.86839375688147e-22,-1.94872490366853
440.9,-9.02553668068501,-9.02553668068501,-1.94599450276205,-4.7887166090913e-22,-1.94599450276205
441,-7.82924767500569,-7.82924767500569,-1.94326792747976,-4.71034347412288e-22,-1.94326792747976
441.1,-5.92495089045494,-5.92495089045494,-1.94054517246148,-4.63325301023024e-22,-1.94054517246148
441.2,-6.02260713581652,-6.02260713581652,-1.93782623235455,-4.557424224951e-22,-1.93782623235455
441.3,-8.36635702449437,-8.36635702449437,-1.93511110181383,-4.48283646938986e-22,-1.93511110181383
441.4,-8.39077108583476,-8.39077108583476,-1.93239977550165,-4.40946943259549e-22,-1.93239977550165
441.5,-6.29116181056085,-6.29116181056085,-1.92969224808782,-4.33730313602997e-22,-1.92969224808782
441.6,-6.04702119715692,-6.04702119715692,-1.92698851424961,-4.26631792812816e-22,-1.92698851424961
441.7,-7.75600549098451,-7.75600549098451,-1.92428856867178,-4.19649447894662e-22,-1.92428856867178
441.8,-8.73256794460029,-8.73256794460029,-1.9215924060465,-4.12781377489988e-22,-1.9215924060465
441.9,-7.17006801881505,-7.17006801881505,-1.9189000210734,-4.06025711358258e-22,-1.9189000210734
442,-4.89956031415838,-4.89956031415838,-1.91621140845953,-3.99380609867701e-22,-1.91621140845953
442.1,-6.24233368788006,-6.24233368788006,-1.91352656291935,-3.92844263494325e-22,-1.91352656291935
442.2,-5.38784154096627,-5.38784154096627,-1.91084547917473,-3.86414892329204e-22,-1.91084547917473
442.3,-4.3624509646697,-4.3624509646697,-1.90816815195494,-3.80090745593766e-22,-1.90816815195494
442.4,-6.21791962653967,-6.21791962653967,-1.90549457599663,-3.73870101163037e-22,-1.90549457599663
442.5,-7.3653805095382,-7.3653805095382,-1.90282474604383,-3.67751265096714e-22,-1.90282474604383
442.6,-6.46206023994361,-6.46206023994361,-1.90015865684792,-3.61732571177859e-22,-1.90015865684792
442.7,-6.70620085334755,-6.70620085334755,-1.89749630316766,-3.55812380459205e-22,-1.89749630316766
442.8,-6.26674774922046,-6.26674774922046,-1.89483767976912,-3.49989080816828e-22,-1.89483767976912
442.9,-5.75405246107218,-5.75405246107218,-1.89218278142574,-3.44261086511155e-22,-1.89218278142574
443,-6.5108883626244,-6.5108883626244,-1.88953160291825,-3.38626837755175e-22,-1.88953160291825
443.1,-5.97377901313573,-5.97377901313573,-1.8868841390347,-3.33084800289658e-22,-1.8868841390347
443.2,-7.41420863221899,-7.41420863221899,-1.88424038457047,-3.27633464965391e-22,-1.88424038457047
443.3,-8.02456016572885,-8.02456016572885,-1.8816003343282,-3.22271347332212e-22,-1.8816003343282
443.4,-6.97475552809189,-6.97475552809189,-1.87896398311783,-3.16996987234771e-22,-1.87896398311783
443.5,-7.21889614149584,-7.21889614149584,-1.87633132575656,-3.1180894841494e-22,-1.87633132575656
443.6,-6.02260713581652,-6.02260713581652,-1.87370235706885,-3.06705818120677e-22,-1.87370235706885
443.7,-6.19350556519928,-6.19350556519928,-1.87107707188643,-3.01686206721339e-22,-1.87107707188643
443.8,-6.75502897602835,-6.75502897602835,-1.86845546504827,-2.96748747329277e-22,-1.86845546504827
443.9,-6.9259274054111,-6.9259274054111,-1.86583753140054,-2.91892095427595e-22,-1.86583753140054
444,-8.12221641109043,-8.12221641109043,-1.86322326579667,-2.87114928504054e-22,-1.86322326579667
444.1,-8.73256794460029,-8.73256794460029,-1.86061266309727,-2.82415945690916e-22,-1.86061266309727
444.2,-6.63295866932637,-6.63295866932637,-1.85800571817018,-2.77793867410722e-22,-1.85800571817018
444.3,-6.60854460798598,-6.60854460798598,-1.8554024258904,-2.73247435027847e-22,-1.8554024258904
444.4,-7.46303675489978,-7.46303675489978,-1.85280278114014,-2.68775410505752e-22,-1.85280278114014
444.5,-7.51186487758057,-7.51186487758057,-1.85020677880876,-2.64376576069868e-22,-1.85020677880876
444.6,-5.94936495179533,-5.94936495179533,-1.84761441379279,-2.60049733875971e-22,-1.84761441379279
444.7,-5.36342747962587,-5.36342747962587,-1.8450256809959,-2.55793705684017e-22,-1.8450256809959
444.8,-4.3624509646697,-4.3624509646697,-1.84244057532892,-2.51607332537277e-22,-1.84244057532892
444.9,-4.53334939405246,-4.53334939405246,-1.83985909170979,-2.47489474446748e-22,-1.83985909170979
445,-5.48549778632784,-5.48549778632784,-1.83728122506359,-2.43439010080729e-22,-1.83728122506359
445.1,-7.34096644819781,-7.34096644819781,-1.83470697032249,-2.39454836459466e-22,-1.83470697032249
445.2,-6.0714352584973,-6.0714352584973,-1.83213632242578,-2.35535868654802e-22,-1.83213632242578
445.3,-5.2413571729239,-5.2413571729239,-1.82956927631983,-2.31681039494743e-22,-1.82956927631983
445.4,-5.92495089045494,-5.92495089045494,-1.82700582695808,-2.27889299272845e-22,-1.82700582695808
445.5,-7.90248985902688,-7.90248985902688,-1.82444596930108,-2.24159615462393e-22,-1.82444596930108
445.6,-6.58413054664558,-6.58413054664558,-1.82188969831638,-2.20490972435207e-22,-1.82188969831638
445.7,-4.63100563941404,-4.63100563941404,-1.81933700897864,-2.16882371185097e-22,-1.81933700897864
445.8,-4.19155253528695,-4.19155253528695,-1.81678789626954,-2.13332829055814e-22,-1.81678789626954
445.9,-4.06948222858497,-4.06948222858497,-1.81424235517776,-2.09841379473466e-22,-1.81424235517776
446,-6.12026338117809,-6.12026338117809,-1.81170038069906,-2.06407071683313e-22,-1.81170038069906
446.1,-6.5353024239648,-6.5353024239648,-1.80916196783616,-2.03028970490863e-22,-1.80916196783616
446.2,-5.55873997034902,-5.55873997034902,-1.80662711159881,-1.99706156007211e-22,-1.80662711159881
446.3,-6.63295866932637,-6.63295866932637,-1.80409580700375,-1.96437723398552e-22,-1.80409580700375
446.4,-6.60854460798598,-6.60854460798598,-1.80156804907469,-1.93222782639773e-22,-1.80156804907469
446.5,-5.60756809302981,-5.60756809302981,-1.79904383284231,-1.90060458272102e-22,-1.79904383284231
446.6,-6.07143525849731,-6.07143525849731,-1.79652315334428,-1.86949889164702e-22,-1.79652315334428
446.7,-5.58315403168942,-5.58315403168942,-1.79400600562519,-1.83890228280191e-22,-1.79400600562519
446.8,-4.63100563941404,-4.63100563941404,-1.7914923847366,-1.80880642443974e-22,-1.7914923847366
446.9,-4.60659157807364,-4.60659157807364,-1.78898228573699,-1.77920312117362e-22,-1.78898228573699
447,-5.53432590900863,-5.53432590900863,-1.78647570369175,-1.75008431174413e-22,-1.78647570369175
447.1,-7.07241177345347,-7.07241177345347,-1.78397263367321,-1.72144206682403e-22,-1.78397263367321
447.2,-7.60952112294214,-7.60952112294214,-1.78147307076059,-1.69326858685918e-22,-1.78147307076059
447.3,-5.46108372498745,-5.46108372498745,-1.77897701004001,-1.66555619994454e-22,-1.77897701004001
447.4,-5.6563962157106,-5.6563962157106,-1.77648444660447,-1.63829735973502e-22,-1.77648444660447
447.5,-7.41420863221899,-7.41420863221899,-1.77399537555385,-1.6114846433907e-22,-1.77399537555385
447.6,-8.78139606728107,-8.78139606728107,-1.77150979199488,-1.58511074955529e-22,-1.77150979199488
447.7,-6.46206023994362,-6.46206023994362,-1.76902769104118,-1.55916849636808e-22,-1.76902769104118
447.8,-4.8019040687968,-4.8019040687968,-1.7665490678132,-1.53365081950819e-22,-1.7665490678132
447.9,-4.3868650260101,-4.3868650260101,-1.76407391743819,-1.50855077027085e-22,-1.76407391743819
448,-4.26479471930813,-4.26479471930813,-1.76160223505029,-1.48386151367531e-22,-1.76160223505029
448.1,-4.63100563941404,-4.63100563941404,-1.75913401579042,-1.45957632660348e-22,-1.75913401579042
448.2,-5.53432590900863,-5.53432590900863,-1.75666925480631,-1.43568859596924e-22,-1.75666925480631
448.3,-5.70522433839139,-5.70522433839139,-1.7542079472525,-1.41219181691764e-22,-1.7542079472525
448.4,-5.75405246107218,-5.75405246107218,-1.75175008829031,-1.38907959105351e-22,-1.75175008829031
448.5,-5.36342747962587,-5.36342747962587,-1.74929567308784,-1.36634562469918e-22,-1.74929567308784
448.6,-6.97475552809189,-6.97475552809189,-1.74684469681998,-1.34398372718058e-22,-1.74684469681998
448.7,-8.17104453377121,-8.17104453377121,-1.74439715466834,-1.32198780914154e-22,-1.74439715466834
448.8,-8.90346637398304,-8.90346637398304,-1.74195304182133,-1.30035188088557e-22,-1.74195304182133
448.9,-7.92690392036727,-7.92690392036727,-1.73951235347405,-1.27907005074476e-22,-1.73951235347405
449,-5.80288058375297,-5.80288058375297,-1.73707508482838,-1.25813652347552e-22,-1.73707508482838
449.1,-3.80092755384063,-3.80092755384063,-1.73464123109289,-1.23754559868036e-22,-1.73464123109289
449.2,-3.63002912445787,-3.63002912445787,-1.73221078748288,-1.21729166925575e-22,-1.73221078748288
449.3,-4.14272441260615,-4.14272441260615,-1.72978374922035,-1.19736921986516e-22,-1.72978374922035
449.4,-6.14467744251848,-6.14467744251848,-1.72736011153399,-1.17777282543718e-22,-1.72736011153399
449.5,-4.11831035126576,-4.11831035126576,-1.72493986965919,-1.1584971496883e-22,-1.72493986965919
449.6,-3.21499008167117,-3.21499008167117,-1.72252301883798,-1.13953694366968e-22,-1.72252301883798
449.7,-5.70522433839139,-5.70522433839139,-1.7201095543191,-1.12088704433795e-22,-1.7201095543191
449.8,-6.24233368788006,-6.24233368788006,-1.71769947135793,-1.10254237314912e-22,-1.71769947135793
449.9,-5.38784154096626,-5.38784154096626,-1.71529276521648,-1.08449793467572e-22,-1.71529276521648
450,-5.77846652241257,-5.77846652241257,-1.71288943116343,-1.06674881524653e-22,-1.71288943116343
450.1,-6.60854460798598,-6.60854460798598,-1.71048946447407,-1.04929018160844e-22,-1.71048946447407
450.2,-4.72866188477562,-4.72866188477562,-1.7080928604303,-1.03211727961041e-22,-1.7080928604303
450.3,-4.82631813013719,-4.82631813013719,-1.70569961432066,-1.01522543290881e-22,-1.70569961432066
450.4,-4.85073219147759,-4.85073219147759,-1.70330972144027,-9.98610041694023e-23,-1.70330972144027
450.5,-4.99721655951996,-4.99721655951996,-1.70092317709085,-9.82266581437903e-23,-1.70092317709085
450.6,-4.82631813013719,-4.82631813013719,-1.6985399765807,-9.66190601661633e-23,-1.6985399765807
450.7,-4.85073219147759,-4.85073219147759,-1.69616011522468,-9.50377724723885e-23,-1.69616011522468
450.8,-4.85073219147759,-4.85073219147759,-1.69378358834425,-9.34823644628738e-23,-1.69378358834425
450.9,-3.60561506311748,-3.60561506311748,-1.69141039126739,-9.1952412585306e-23,-1.69141039126739
451,-4.28920878064852,-4.28920878064852,-1.68904051932865,-9.04475002193208e-23,-1.68904051932865
451.1,-5.77846652241257,-5.77846652241257,-1.68667396786909,-8.89672175630469e-23,-1.68667396786909
451.2,-5.70522433839139,-5.70522433839139,-1.68431073223633,-8.75111615215175e-23,-1.68431073223633
451.3,-4.89956031415838,-4.89956031415838,-1.68195080778449,-8.60789355969037e-23,-1.68195080778449
451.4,-4.92397437549877,-4.92397437549877,-1.67959418987419,-8.46701497805391e-23,-1.67959418987419
451.5,-5.70522433839139,-5.70522433839139,-1.67724087387258,-8.32844204467237e-23,-1.67724087387258
451.6,-5.07045874354114,-5.07045874354114,-1.67489085515328,-8.19213702482527e-23,-1.67489085515328
451.7,-6.48647430128401,-6.48647430128401,-1.67254412909638,-8.05806280136677e-23,-1.67254412909638
451.8,-5.50991184766823,-5.50991184766823,-1.67020069108848,-7.92618286461783e-23,-1.67020069108848
451.9,-5.11928686622193,-5.11928686622193,-1.66786053652261,-7.79646130242432e-23,-1.66786053652261
452,-5.53432590900863,-5.53432590900863,-1.66552366079827,-7.66886279037806e-23,-1.66552366079827
452.1,-4.80190406879681,-4.80190406879681,-1.66319005932141,-7.54335258219748e-23,-1.66319005932141
452.2,-5.99819307447612,-5.99819307447612,-1.6608597275044,-7.41989650026587e-23,-1.6608597275044
452.3,-5.11928686622192,-5.11928686622192,-1.65853266076606,-7.2984609263246e-23,-1.65853266076606
452.4,-4.50893533271207,-4.50893533271207,-1.65620885453161,-7.17901279231827e-23,-1.65620885453161
452.5,-5.14370092756232,-5.14370092756232,-1.65388830423269,-7.06151957139051e-23,-1.65388830423269
452.6,-4.72866188477562,-4.72866188477562,-1.65157100530733,-6.94594926902593e-23,-1.65157100530733
452.7,-4.09389628992536,-4.09389628992536,-1.64925695319997,-6.83227041433819e-23,-1.64925695319997
452.8,-4.87514625281798,-4.87514625281798,-1.64694614336142,-6.7204520515002e-23,-1.64694614336142
452.9,-4.14272441260616,-4.14272441260616,-1.64463857124887,-6.61046373131409e-23,-1.64463857124887
453,-5.97377901313573,-5.97377901313573,-1.64233423232586,-6.50227550292017e-23,-1.64233423232586
453.1,-5.2169431115835,-5.2169431115835,-1.6400331220623,-6.39585790564056e-23,-1.6400331220623
453.2,-5.19252905024311,-5.19252905024311,-1.63773523593446,-6.29118196095709e-23,-1.63773523593446
453.3,-7.73159142964412,-7.73159142964412,-1.63544056942491,-6.18821916462019e-23,-1.63544056942491
453.4,-7.41420863221899,-7.41420863221899,-1.63314911802259,-6.08694147888652e-23,-1.63314911802259
453.5,-5.04604468220074,-5.04604468220074,-1.63086087722274,-5.98732132488451e-23,-1.63086087722274
453.6,-4.06948222858497,-4.06948222858497,-1.62857584252692,-5.88933157510394e-23,-1.62857584252692
453.7,-4.89956031415838,-4.89956031415838,-1.62629400944297,-5.79294554600935e-23,-1.62629400944297
453.8,-5.99819307447612,-5.99819307447612,-1.62401537348506,-5.69813699077345e-23,-1.62401537348506
453.9,-6.87709928273031,-6.87709928273031,-1.62173993017362,-5.60488009212992e-23,-1.62173993017362
454,-5.26577123426429,-5.26577123426429,-1.61946767503536,-5.51314945534336e-23,-1.61946767503536
454.1,-5.55873997034902,-5.55873997034902,-1.61719860360327,-5.42292010129372e-23,-1.61719860360327
454.2,-7.31655238685741,-7.31655238685741,-1.61493271141658,-5.33416745967467e-23,-1.61493271141658
454.3,-6.80385709870913,-6.80385709870913,-1.61266999402078,-5.24686736230253e-23,-1.61266999402078
454.4,-5.58315403168942,-5.58315403168942,-1.61041044696761,-5.16099603653504e-23,-1.61041044696761
454.5,-4.87514625281799,-4.87514625281799,-1.60815406581504,-5.0765300987982e-23,-1.60815406581504
454.6,-5.11928686622193,-5.11928686622193,-1.60590084612724,-4.99344654821824e-23,-1.60590084612724
454.7,-5.26577123426429,-5.26577123426429,-1.60365078347462,-4.9117227603586e-23,-1.60365078347462
454.8,-6.70620085334756,-6.70620085334756,-1.60140387343379,-4.831336481059e-23,-1.60140387343379
454.9,-7.07241177345347,-7.07241177345347,-1.59916011158755,-4.75226582037523e-23,-1.59916011158755
455,-6.75502897602834,-6.75502897602834,-1.59691949352491,-4.6744892466187e-23,-1.59691949352491
455.1,-5.6563962157106,-5.6563962157106,-1.59468201484104,-4.59798558049272e-23,-1.59468201484104
455.2,-5.82729464509336,-5.82729464509336,-1.59244767113729,-4.52273398932548e-23,-1.59244767113729
455.3,-6.12026338117809,-6.12026338117809,-1.59021645802116,-4.4487139813971e-23,-1.59021645802116
455.4,-6.87709928273032,-6.87709928273032,-1.58798837110633,-4.3759054003593e-23,-1.58798837110633
455.5,-6.31557587190125,-6.31557587190125,-1.5857634060126,-4.30428841974693e-23,-1.5857634060126
455.6,-6.55971648530519,-6.55971648530519,-1.58354155836593,-4.23384353757881e-23,-1.58354155836593
455.7,-5.72963839973178,-5.72963839973178,-1.58132282379838,-4.16455157104728e-23,-1.58132282379838
455.8,-6.07143525849731,-6.07143525849731,-1.57910719794817,-4.09639365129462e-23,-1.57910719794817
455.9,-6.55971648530519,-6.55971648530519,-1.57689467645958,-4.02935121827461e-23,-1.57689467645958
456,-6.58413054664558,-6.58413054664558,-1.57468525498305,-3.96340601569873e-23,-1.57468525498305
456.1,-4.58217751673325,-4.58217751673325,-1.57247892917507,-3.89854008606456e-23,-1.57247892917507
456.2,-5.09487280488153,-5.09487280488153,-1.57027569469823,-3.83473576576609e-23,-1.57027569469823
456.3,-5.31459935694508,-5.31459935694508,-1.56807554722121,-3.77197568028346e-23,-1.56807554722121
456.4,-6.02260713581651,-6.02260713581651,-1.56587848241874,-3.71024273945181e-23,-1.56587848241874
456.5,-5.02163062086035,-5.02163062086035,-1.56368449597161,-3.64952013280753e-23,-1.56368449597161
456.6,-3.33706038837314,-3.33706038837314,-1.56149358356668,-3.58979132501055e-23,-1.56149358356668
456.7,-5.36342747962587,-5.36342747962587,-1.55930574089684,-3.53104005134162e-23,-1.55930574089684
456.8,-7.26772426417662,-7.26772426417662,-1.55712096366102,-3.47325031327332e-23,-1.55712096366102
456.9,-6.77944303736874,-6.77944303736874,-1.55493924756417,-3.41640637411335e-23,-1.55493924756417
457,-5.77846652241257,-5.77846652241257,-1.55276058831726,-3.36049275471958e-23,-1.55276058831726
457.1,-6.5353024239648,-6.5353024239648,-1.55058498163727,-3.30549422928457e-23,-1.55058498163727
457.2,-6.02260713581652,-6.02260713581652,-1.54841242324718,-3.25139582118973e-23,-1.54841242324718
457.3,-6.33998993324164,-6.33998993324164,-1.54624290887598,-3.1981827989269e-23,-1.54624290887598
457.4,-4.19155253528694,-4.19155253528694,-1.54407643425861,-3.14584067208685e-23,-1.54407643425861
457.5,-3.97182598322339,-3.97182598322339,-1.54191299513602,-3.09435518741345e-23,-1.54191299513602
457.6,-2.89760728424604,-2.89760728424604,-1.53975258725511,-3.04371232492226e-23,-1.53975258725511
457.7,-3.11733383630959,-3.11733383630959,-1.53759520636872,-2.99389829408287e-23,-1.53759520636872
457.8,-3.82534161518103,-3.82534161518103,-1.53544084823569,-2.94489953006363e-23,-1.53544084823569
457.9,-5.90053682911455,-5.90053682911455,-1.53328950862076,-2.89670269003763e-23,-1.53328950862076
458,-6.04702119715691,-6.04702119715691,-1.53114118329463,-2.84929464954955e-23,-1.53114118329463
458.1,-6.0958493198377,-6.0958493198377,-1.52899586803389,-2.80266249894156e-23,-1.52899586803389
458.2,-5.87612276777415,-5.87612276777415,-1.5268535586211,-2.75679353983808e-23,-1.5268535586211
458.3,-5.85170870643375,-5.85170870643375,-1.52471425084468,-2.71167528168774e-23,-1.52471425084468
458.4,-4.99721655951996,-4.99721655951996,-1.52257794049899,-2.6672954383621e-23,-1.52257794049899
458.5,-4.43569314869089,-4.43569314869089,-1.52044462338425,-2.62364192481015e-23,-1.52044462338425
458.6,-5.07045874354113,-5.07045874354113,-1.51831429530658,-2.58070285376724e-23,-1.51831429530658
458.7,-7.12123989613426,-7.12123989613426,-1.51618695207798,-2.53846653251829e-23,-1.51618695207798
458.8,-7.8048336136653,-7.8048336136653,-1.51406258951632,-2.49692145971356e-23,-1.51406258951632
458.9,-7.75600549098451,-7.75600549098451,-1.51194120344531,-2.45605632223679e-23,-1.51194120344531
459,-7.26772426417663,-7.26772426417663,-1.50982278969452,-2.41585999212461e-23,-1.50982278969452
459.1,-7.73159142964412,-7.73159142964412,-1.50770734409939,-2.37632152353613e-23,-1.50770734409939
459.2,-6.46206023994361,-6.46206023994361,-1.50559486250115,-2.33743014977244e-23,-1.50559486250115
459.3,-4.85073219147759,-4.85073219147759,-1.50348534074689,-2.29917528034467e-23,-1.50348534074689
459.4,-6.16909150385888,-6.16909150385888,-1.5013787746895,-2.26154649809003e-23,-1.5013787746895
459.5,-8.80581012862147,-8.80581012862147,-1.4992751601877,-2.22453355633531e-23,-1.4992751601877
459.6,-6.99916958943228,-6.99916958943228,-1.497174493106,-2.18812637610637e-23,-1.497174493106
459.7,-6.80385709870913,-6.80385709870913,-1.4950767693147,-2.15231504338371e-23,-1.4950767693147
459.8,-8.68373982191949,-8.68373982191949,-1.49298198468989,-2.11708980640279e-23,-1.49298198468989
459.9,-8.41518514717516,-8.41518514717516,-1.49089013511345,-2.08244107299841e-23,-1.49089013511345
460,-7.51186487758057,-7.51186487758057,-1.488801216473,-2.04835940799279e-23,-1.488801216473
460.1,-5.99819307447612,-5.99819307447612,-1.48671522466196,-2.0148355306262e-23,-1.48671522466196
460.2,-7.04799771211308,-7.04799771211308,-1.48463215557949,-1.98186031202978e-23,-1.48463215557949
460.3,-8.56166951521752,-8.56166951521752,-1.48255200513047,-1.9494247727397e-23,-1.48255200513047
460.4,-8.61049763789832,-8.61049763789832,-1.48047476922555,-1.91752008025179e-23,-1.48047476922555
460.5,-7.73159142964411,-7.73159142964411,-1.47840044378111,-1.8861375466166e-23,-1.47840044378111
460.6,-8.12221641109042,-8.12221641109042,-1.47632902471922,-1.85526862607336e-23,-1.47632902471922
460.7,-8.26870077913279,-8.26870077913279,-1.4742605079677,-1.82490491272312e-23,-1.4742605079677
460.8,-7.38979457087859,-7.38979457087859,-1.47219488946005,-1.79503813823956e-23,-1.47219488946005
460.9,-7.58510706160175,-7.58510706160175,-1.47013216513548,-1.76566016961751e-23,-1.47013216513548
461,-6.87709928273032,-6.87709928273032,-1.46807233093889,-1.73676300695829e-23,-1.46807233093889
461.1,-6.46206023994361,-6.46206023994361,-1.46601538282085,-1.70833878129119e-23,-1.46601538282085
461.2,-7.3897945708786,-7.3897945708786,-1.46396131673763,-1.68037975243076e-23,-1.46396131673763
461.3,-7.73159142964412,-7.73159142964412,-1.46191012865113,-1.65287830686904e-23,-1.46191012865113
461.4,-6.43764617860322,-6.43764617860322,-1.45986181452894,-1.62582695570225e-23,-1.45986181452894
461.5,-6.58413054664558,-6.58413054664558,-1.45781637034428,-1.5992183325917e-23,-1.45781637034428
461.6,-8.04897422706924,-8.04897422706924,-1.45577379207601,-1.57304519175762e-23,-1.45577379207601
461.7,-8.04897422706924,-8.04897422706924,-1.45373407570864,-1.54730040600625e-23,-1.45373407570864
461.8,-6.60854460798597,-6.60854460798597,-1.4516972172323,-1.52197696478895e-23,-1.4516972172323
461.9,-6.60854460798598,-6.60854460798598,-1.44966321264274,-1.49706797229316e-23,-1.44966321264274
462,-6.90151334407071,-6.90151334407071,-1.44763205794131,-1.47256664556468e-23,-1.44763205794131
462.1,-7.29213832551702,-7.29213832551702,-1.44560374913497,-1.4484663126605e-23,-1.44560374913497
462.2,-8.24428671779239,-8.24428671779239,-1.44357828223628,-1.42476041083203e-23,-1.44357828223628
462.3,-9.02553668068502,-9.02553668068502,-1.44155565326337,-1.40144248473805e-23,-1.44155565326337
462.4,-8.51284139253673,-8.51284139253673,-1.43953585823997,-1.37850618468672e-23,-1.43953585823997
462.5,-7.43862269355938,-7.43862269355938,-1.43751889319537,-1.35594526490664e-23,-1.43751889319537
462.6,-6.97475552809189,-6.97475552809189,-1.43550475416442,-1.33375358184596e-23,-1.43550475416442
462.7,-7.8048336136653,-7.8048336136653,-1.43349343718754,-1.31192509249951e-23,-1.43349343718754
462.8,-6.63295866932637,-6.63295866932637,-1.43148493831068,-1.29045385276323e-23,-1.43148493831068
462.9,-6.41323211726282,-6.41323211726282,-1.42947925358535,-1.26933401581544e-23,-1.42947925358535
463,-7.46303675489978,-7.46303675489978,-1.42747637906857,-1.24855983052482e-23,-1.42747637906857
463.1,-7.68276330696333,-7.68276330696333,-1.42547631082289,-1.22812563988423e-23,-1.42547631082289
463.2,-7.414208632219,-7.414208632219,-1.4234790449164,-1.20802587947031e-23,-1.4234790449164
463.3,-6.87709928273032,-6.87709928273032,-1.42148457742267,-1.18825507592822e-23,-1.42148457742267
463.4,-7.48745081624018,-7.48745081624018,-1.41949290442079,-1.16880784548115e-23,-1.41949290442079
463.5,-7.53627893892096,-7.53627893892096,-1.41750402199533,-1.14967889246436e-23,-1.41750402199533
463.6,-7.87807579768649,-7.87807579768649,-1.41551792623635,-1.130863007883e-23,-1.41551792623635
463.7,-8.12221641109043,-8.12221641109043,-1.4135346132394,-1.11235506799377e-23,-1.4135346132394
463.8,-6.97475552809189,-6.97475552809189,-1.41155407910548,-1.09415003290959e-23,-1.41155407910548
463.9,-6.75502897602834,-6.75502897602834,-1.40957631994108,-1.07624294522722e-23,-1.40957631994108
464,-7.70717736830372,-7.70717736830372,-1.40760133185812,-1.05862892867737e-23,-1.40760133185812
464.1,-8.51284139253674,-8.51284139253674,-1.40562911097398,-1.04130318679671e-23,-1.40562911097398
464.2,-7.95131798170767,-7.95131798170767,-1.40365965341148,-1.02426100162187e-23,-1.40365965341148
464.3,-7.75600549098451,-7.75600549098451,-1.40169295529886,-1.00749773240469e-23,-1.40169295529886
464.4,-7.60952112294214,-7.60952112294214,-1.3997290127698,-9.91008814348384e-24,-1.3997290127698
464.5,-8.04897422706924,-8.04897422706924,-1.3977678219634,-9.74789757364647e-24,-1.3977678219634
464.6,-9.88002882759882,-9.88002882759882,-1.39580937902415,-9.58836144850853e-24,-1.39580937902415
464.7,-10.9298334652358,-10.9298334652358,-1.39385368010195,-9.43143632487437e-24,-1.39385368010195
464.8,-10.9786615879166,-10.9786615879166,-1.39190072135212,-9.2770794705489e-24,-1.39190072135212
464.9,-10.7101069131722,-10.7101069131722,-1.38995049893532,-9.12524885270067e-24,-1.38995049893532
465,-11.3204584466821,-11.3204584466821,-1.38800300901763,-8.97590312641663e-24,-1.38800300901763
465.1,-10.6856928518318,-10.6856928518318,-1.38605824777048,-8.82900162344291e-24,-1.38605824777048
465.2,-10.5880366064703,-10.5880366064703,-1.38411621137067,-8.68450434111112e-24,-1.38411621137067
465.3,-10.4415522384279,-10.4415522384279,-1.38217689600036,-8.5423719314447e-24,-1.38217689600036
465.4,-9.90444288893921,-9.90444288893921,-1.38024029784705,-8.40256569044417e-24,-1.38024029784705
465.5,-10.2218256863644,-10.2218256863644,-1.3783064131036,-8.26504754754801e-24,-1.3783064131036
465.6,-11.4181146920437,-11.4181146920437,-1.37637523796818,-8.12978005526517e-24,-1.37637523796818
465.7,-11.2960443853417,-11.2960443853417,-1.3744467686443,-7.99672637897839e-24,-1.3744467686443
465.8,-11.4181146920437,-11.4181146920437,-1.3725210013408,-7.86585028691326e-24,-1.3725210013408
465.9,-11.7843256121496,-11.7843256121496,-1.37059793227181,-7.73711614027201e-24,-1.37059793227181
466,-12.1505365322555,-12.1505365322555,-1.36867755765678,-7.61048888352921e-24,-1.36867755765678
466.1,-12.3702630843191,-12.3702630843191,-1.36675987372044,-7.48593403488513e-24,-1.36675987372044
466.2,-10.5147944224491,-10.5147944224491,-1.36484487669284,-7.36341767687656e-24,-1.36484487669284
466.3,-9.88002882759882,-9.88002882759882,-1.36293256280928,-7.24290644714057e-24,-1.36293256280928
466.4,-10.7101069131722,-10.7101069131722,-1.36102292831036,-7.12436752932944e-24,-1.36102292831036
466.5,-11.2228022013205,-11.2228022013205,-1.35911596944192,-7.00776864417496e-24,-1.35911596944192
466.6,-11.80873967349,-11.80873967349,-1.35721168245509,-6.89307804069783e-24,-1.35721168245509
466.7,-10.5636225451299,-10.5636225451299,-1.35531006360623,-6.78026448756204e-24,-1.35531006360623
466.8,-9.12319292604659,-9.12319292604659,-1.35341110915696,-6.6692972645703e-24,-1.35341110915696
466.9,-8.61049763789831,-8.61049763789831,-1.35151481537413,-6.56014615429816e-24,-1.35151481537413
467,-8.26870077913279,-8.26870077913279,-1.34962117852982,-6.45278143386611e-24,-1.34962117852982
467.1,-9.0743648033658,-9.0743648033658,-1.34773019490134,-6.34717386684529e-24,-1.34773019490134
467.2,-9.80678664357763,-9.80678664357763,-1.3458418607712,-6.24329469529642e-24,-1.3458418607712
467.3,-10.5880366064703,-10.5880366064703,-1.34395617242715,-6.14111563193878e-24,-1.34395617242715
467.4,-9.85561476625842,-9.85561476625842,-1.3420731261621,-6.04060885244694e-24,-1.3420731261621
467.5,-8.80581012862146,-8.80581012862146,-1.34019271827419,-5.9417469878744e-24,-1.34019271827419
467.6,-8.02456016572885,-8.02456016572885,-1.33831494506672,-5.84450311720032e-24,-1.33831494506672
467.7,-7.19448208015544,-7.19448208015544,-1.3364398028482,-5.74885075999916e-24,-1.3364398028482
467.8,-7.75600549098451,-7.75600549098451,-1.33456728793228,-5.65476386922944e-24,-1.33456728793228
467.9,-9.68471633687566,-9.68471633687566,-1.33269739663779,-5.56221682414089e-24,-1.33269739663779
468,-8.97670855800422,-8.97670855800422,-1.33083012528872,-5.47118442329791e-24,-1.33083012528872
468.1,-9.02553668068501,-9.02553668068501,-1.32896547021421,-5.38164187771683e-24,-1.32896547021421
468.2,-9.31850541676975,-9.31850541676975,-1.32710342774853,-5.29356480411564e-24,-1.32710342774853
468.3,-8.58608357655792,-8.58608357655792,-1.32524399423111,-5.20692921827424e-24,-1.32524399423111
468.4,-7.3653805095382,-7.3653805095382,-1.3233871660065,-5.12171152850316e-24,-1.3233871660065
468.5,-7.68276330696333,-7.68276330696333,-1.32153293942434,-5.03788852921966e-24,-1.32153293942434
468.6,-8.78139606728107,-8.78139606728107,-1.31968131083944,-4.9554373946282e-24,-1.31968131083944
468.7,-8.95229449666383,-8.95229449666383,-1.31783227661168,-4.87433567250507e-24,-1.31783227661168
468.8,-9.90444288893921,-9.90444288893921,-1.31598583310605,-4.79456127808433e-24,-1.31598583310605
468.9,-10.2950678703855,-10.2950678703855,-1.31414197669263,-4.71609248804391e-24,-1.31414197669263
469,-9.00112261934462,-9.00112261934462,-1.31230070374659,-4.63890793459021e-24,-1.31230070374659
469.1,-8.46401326985595,-8.46401326985595,-1.31046201064818,-4.56298659963929e-24,-1.31046201064818
469.2,-9.14760698738699,-9.14760698738699,-1.30862589378271,-4.48830780909361e-24,-1.30862589378271
469.3,-8.73256794460028,-8.73256794460028,-1.30679234954058,-4.41485122721234e-24,-1.30679234954058
469.4,-7.43862269355938,-7.43862269355938,-1.30496137431722,-4.34259685107342e-24,-1.30496137431722
469.5,-6.97475552809189,-6.97475552809189,-1.30313296451313,-4.27152500512695e-24,-1.30313296451313
469.6,-6.26674774922046,-6.26674774922046,-1.30130711653384,-4.20161633583704e-24,-1.30130711653384
469.7,-6.21791962653967,-6.21791962653967,-1.29948382678991,-4.13285180641196e-24,-1.29948382678991
469.8,-7.48745081624017,-7.48745081624017,-1.29766309169696,-4.06521269162001e-24,-1.29766309169696
469.9,-8.2442867177924,-8.2442867177924,-1.2958449076756,-3.9986805726905e-24,-1.2958449076756
470,-7.97573204304806,-7.97573204304806,-1.29402927115148,-3.93323733229825e-24,-1.29402927115148
470.1,-7.26772426417662,-7.26772426417662,-1.29221617855524,-3.86886514962992e-24,-1.29221617855524
470.2,-7.46303675489978,-7.46303675489978,-1.29040562632252,-3.80554649553144e-24,-1.29040562632252
470.3,-7.17006801881505,-7.17006801881505,-1.28859761089397,-3.74326412773447e-24,-1.28859761089397
470.4,-7.21889614149584,-7.21889614149584,-1.28679212871522,-3.68200108616114e-24,-1.28679212871522
470.5,-7.78041955232491,-7.78041955232491,-1.28498917623687,-3.62174068830595e-24,-1.28498917623687
470.6,-8.43959920851555,-8.43959920851555,-1.28318874991451,-3.56246652469258e-24,-1.28318874991451
470.7,-8.36635702449437,-8.36635702449437,-1.28139084620868,-3.50416245440571e-24,-1.28139084620868
470.8,-6.58413054664558,-6.58413054664558,-1.27959546158489,-3.44681260069563e-24,-1.27959546158489
470.9,-8.12221641109042,-8.12221641109042,-1.27780259251361,-3.39040134665472e-24,-1.27780259251361
471,-7.73159142964412,-7.73159142964412,-1.27601223547023,-3.33491333096508e-24,-1.27601223547023
471.1,-6.04702119715691,-6.04702119715691,-1.27422438693509,-3.2803334437152e-24,-1.27422438693509
471.2,-6.82827116004953,-6.82827116004953,-1.27243904339348,-3.22664682228559e-24,-1.27243904339348
471.3,-9.04995074202541,-9.04995074202541,-1.27065620133559,-3.17383884730158e-24,-1.27065620133559
471.4,-8.75698200594068,-8.75698200594068,-1.26887585725654,-3.12189513865207e-24,-1.26887585725654
471.5,-7.43862269355938,-7.43862269355938,-1.26709800765636,-3.07080155157399e-24,-1.26709800765636
471.6,-7.82924767500569,-7.82924767500569,-1.26532264903997,-3.02054417280033e-24,-1.26532264903997
471.7,-9.24526323274857,-9.24526323274857,-1.26354977791721,-2.97110931677152e-24,-1.26354977791721
471.8,-9.58706009151409,-9.58706009151409,-1.26177939080279,-2.92248352190882e-24,-1.26177939080279
471.9,-8.63491169923871,-8.63491169923871,-1.26001148421631,-2.87465354694835e-24,-1.26001148421631
472,-7.70717736830372,-7.70717736830372,-1.25824605468227,-2.82760636733561e-24,-1.25824605468227
472.1,-8.04897422706924,-8.04897422706924,-1.25648309872999,-2.78132917167858e-24,-1.25648309872999
472.2,-7.63393518428254,-7.63393518428254,-1.25472261289369,-2.7358093582593e-24,-1.25472261289369
472.3,-8.75698200594068,-8.75698200594068,-1.25296459371245,-2.69103453160205e-24,-1.25296459371245
472.4,-9.19643511006777,-9.19643511006777,-1.25120903773017,-2.64699249909806e-24,-1.25120903773017
472.5,-8.78139606728108,-8.78139606728108,-1.24945594149561,-2.60367126768537e-24,-1.24945594149561
472.6,-7.19448208015544,-7.19448208015544,-1.24770530156237,-2.56105904058292e-24,-1.24770530156237
472.7,-7.75600549098451,-7.75600549098451,-1.24595711448887,-2.51914421407831e-24,-1.24595711448887
472.8,-8.92788043532344,-8.92788043532344,-1.24421137683836,-2.47791537436789e-24,-1.24421137683836
472.9,-7.82924767500569,-7.82924767500569,-1.24246808517889,-2.43736129444862e-24,-1.24246808517889
473,-6.75502897602834,-6.75502897602834,-1.24072723608333,-2.39747093106107e-24,-1.24072723608333
473.1,-7.34096644819781,-7.34096644819781,-1.23898882612936,-2.35823342168198e-24,-1.23898882612936
473.2,-7.92690392036727,-7.92690392036727,-1.23725285189944,-2.31963808156649e-24,-1.23725285189944
473.3,-6.68178679200716,-6.68178679200716,-1.23551930998082,-2.28167440083847e-24,-1.23551930998082
473.4,-7.21889614149584,-7.21889614149584,-1.23378819696554,-2.24433204162858e-24,-1.23378819696554
473.5,-6.60854460798598,-6.60854460798598,-1.23205950945041,-2.2076008352593e-24,-1.23205950945041
473.6,-6.65737273066677,-6.65737273066677,-1.23033324403701,-2.17147077947571e-24,-1.23033324403701
473.7,-7.04799771211308,-7.04799771211308,-1.22860939733168,-2.13593203572193e-24,-1.22860939733168
473.8,-7.34096644819781,-7.34096644819781,-1.22688796594552,-2.10097492646197e-24,-1.22688796594552
473.9,-7.07241177345347,-7.07241177345347,-1.22516894649436,-2.06658993254432e-24,-1.22516894649436
474,-7.90248985902688,-7.90248985902688,-1.2234523355988,-2.03276769060998e-24,-1.2234523355988
474.1,-8.1954585951116,-8.1954585951116,-1.22173812988415,-1.99949899054255e-24,-1.22173812988415
474.2,-8.48842733119634,-8.48842733119634,-1.22002632598046,-1.96677477296042e-24,-1.22002632598046
474.3,-8.51284139253673,-8.51284139253673,-1.21831692052251,-1.93458612674964e-24,-1.21831692052251
474.4,-8.58608357655791,-8.58608357655791,-1.21660991014977,-1.9029242866374e-24,-1.21660991014977
474.5,-8.39077108583476,-8.39077108583476,-1.21490529150645,-1.87178063080524e-24,-1.21490529150645
474.6,-6.80385709870914,-6.80385709870914,-1.21320306124144,-1.84114667854107e-24,-1.21320306124144
474.7,-5.85170870643375,-5.85170870643375,-1.21150321600832,-1.81101408793004e-24,-1.21150321600832
474.8,-6.5353024239648,-6.5353024239648,-1.20980575246539,-1.78137465358272e-24,-1.20980575246539
474.9,-6.02260713581652,-6.02260713581652,-1.20811066727559,-1.75222030440081e-24,-1.20811066727559
475,-5.11928686622193,-5.11928686622193,-1.20641795710658,-1.72354310137933e-24,-1.20641795710658
475.1,-4.11831035126576,-4.11831035126576,-1.20472761863065,-1.69533523544467e-24,-1.20472761863065
475.2,-4.43569314869088,-4.43569314869088,-1.20303964852478,-1.66758902532815e-24,-1.20303964852478
475.3,-4.19155253528694,-4.19155253528694,-1.20135404347058,-1.64029691547438e-24,-1.20135404347058
475.4,-4.99721655951996,-4.99721655951996,-1.19967080015434,-1.61345147398369e-24,-1.19967080015434
475.5,-6.16909150385888,-6.16909150385888,-1.19798991526698,-1.58704539058851e-24,-1.19798991526698
475.6,-6.65737273066677,-6.65737273066677,-1.19631138550403,-1.56107147466258e-24,-1.19631138550403
475.7,-5.55873997034903,-5.55873997034903,-1.1946352075657,-1.53552265326293e-24,-1.1946352075657
475.8,-4.04506816724458,-4.04506816724458,-1.19296137815679,-1.51039196920392e-24,-1.19296137815679
475.9,-5.94936495179533,-5.94936495179533,-1.19128989398671,-1.48567257916255e-24,-1.19128989398671
476,-6.12026338117809,-6.12026338117809,-1.18962075176952,-1.46135775181517e-24,-1.18962075176952
476.1,-5.60756809302982,-5.60756809302982,-1.18795394822384,-1.43744086600431e-24,-1.18795394822384
476.2,-5.19252905024311,-5.19252905024311,-1.18628948007291,-1.41391540893577e-24,-1.18628948007291
476.3,-6.12026338117809,-6.12026338117809,-1.18462734404456,-1.39077497440513e-24,-1.18462734404456
476.4,-6.16909150385888,-6.16909150385888,-1.1829675368712,-1.36801326105319e-24,-1.1829675368712
476.5,-4.53334939405246,-4.53334939405246,-1.18131005528982,-1.34562407065016e-24,-1.18131005528982
476.6,-4.50893533271206,-4.50893533271206,-1.17965489604198,-1.32360130640771e-24,-1.17965489604198
476.7,-6.53530242396479,-6.53530242396479,-1.17800205587382,-1.30193897131889e-24,-1.17800205587382
476.8,-5.94936495179533,-5.94936495179533,-1.17635153153602,-1.28063116652499e-24,-1.17635153153602
476.9,-5.43666966364706,-5.43666966364706,-1.17470331978381,-1.25967208970923e-24,-1.17470331978381
477,-5.14370092756232,-5.14370092756232,-1.173057417377,-1.23905603351678e-24,-1.173057417377
477.1,-7.53627893892096,-7.53627893892096,-1.17141382107989,-1.21877738400055e-24,-1.17141382107989
477.2,-7.24331020283623,-7.24331020283623,-1.16977252766135,-1.1988306190925e-24,-1.16977252766135
477.3,-6.24233368788006,-6.24233368788006,-1.16813353389476,-1.17921030709993e-24,-1.16813353389476
477.4,-5.72963839973178,-5.72963839973178,-1.16649683655805,-1.15991110522627e-24,-1.16649683655805
477.5,-4.87514625281798,-4.87514625281798,-1.16486243243362,-1.14092775811638e-24,-1.16486243243362
477.6,-4.09389628992537,-4.09389628992537,-1.1632303183084,-1.12225509642528e-24,-1.1632303183084
477.7,-4.8263181301372,-4.8263181301372,-1.16160049097383,-1.1038880354106e-24,-1.16160049097383
477.8,-4.58217751673325,-4.58217751673325,-1.15997294722585,-1.08582157354794e-24,-1.15997294722585
477.9,-4.97280249817956,-4.97280249817956,-1.15834768386485,-1.06805079116883e-24,-1.15834768386485
478,-4.87514625281798,-4.87514625281798,-1.15672469769575,-1.05057084912121e-24,-1.15672469769575
478.1,-5.11928686622193,-5.11928686622193,-1.15510398552792,-1.03337698745151e-24,-1.15510398552792
478.2,-6.0958493198377,-6.0958493198377,-1.1534855441752,-1.0164645241086e-24,-1.1534855441752
478.3,-6.26674774922046,-6.26674774922046,-1.15186937045592,-9.99828853668767e-25,-1.15186937045592
478.4,-5.53432590900863,-5.53432590900863,-1.15025546119284,-9.83465446081613e-25,-1.15025546119284
478.5,-5.72963839973178,-5.72963839973178,-1.14864381321317,-9.67369845436503e-25,-1.14864381321317
478.6,-6.26674774922046,-6.26674774922046,-1.1470344233486,-9.51537668749147e-25,-1.1470344233486
478.7,-5.94936495179533,-5.94936495179533,-1.14542728843521,-9.35964604768101e-25,-1.14542728843521
478.8,-4.16713847394655,-4.16713847394655,-1.14382240531356,-9.2064641280078e-25,-1.14382240531356
478.9,-5.53432590900863,-5.53432590900863,-1.1422197708286,-9.05578921558622e-25,-1.1422197708286
479,-7.31655238685741,-7.31655238685741,-1.14061938182973,-8.90758028021274e-25,-1.14061938182973
479.1,-6.9503414667515,-6.9503414667515,-1.13902123517073,-8.76179696319239e-25,-1.13902123517073
479.2,-5.6319821543702,-5.6319821543702,-1.13742532770983,-8.6183995663494e-25,-1.13742532770983
479.3,-4.48452127137167,-4.48452127137167,-1.13583165630964,-8.47734904121643e-25,-1.13583165630964
479.4,-4.11831035126576,-4.11831035126576,-1.13424021783715,-8.33860697840139e-25,-1.13424021783715
479.5,-5.2169431115835,-5.2169431115835,-1.13265100916377,-8.20213559712849e-25,-1.13265100916377
479.6,-4.53334939405246,-4.53334939405246,-1.13106402716528,-8.06789773494994e-25,-1.13106402716528
479.7,-4.87514625281798,-4.87514625281798,-1.12947926872182,-7.93585683762632e-25,-1.12947926872182
479.8,-3.947411921883,-3.947411921883,-1.12789673071794,-7.80597694917258e-25,-1.12789673071794
479.9,-3.947411921883,-3.947411921883,-1.12631641004253,-7.67822270206658e-25,-1.12631641004253
480,-3.84975567652142,-3.84975567652142,-1.12473830358883,-7.55255930761885e-25,-1.12473830358883
480.1,-3.65444318579826,-3.65444318579826,-1.12316240825446,-7.42895254649844e-25,-1.12316240825446
480.2,-4.19155253528694,-4.19155253528694,-1.12158872094137,-7.30736875941535e-25,-1.12158872094137
480.3,-5.41225560230666,-5.41225560230666,-1.12001723855584,-7.1877748379545e-25,-1.12001723855584
480.4,-4.89956031415837,-4.89956031415837,-1.11844795800851,-7.07013821556002e-25,-1.11844795800851
480.5,-5.75405246107218,-5.75405246107218,-1.11688087621434,-6.95442685866712e-25,-1.11688087621434
480.6,-4.99721655951995,-4.99721655951995,-1.1153159900926,-6.84060925797891e-25,-1.1153159900926
480.7,-6.16909150385888,-6.16909150385888,-1.11375329656689,-6.72865441988628e-25,-1.11375329656689
480.8,-5.43666966364706,-5.43666966364706,-1.11219279256511,-6.61853185802817e-25,-1.11219279256511
480.9,-4.3380369033293,-4.3380369033293,-1.11063447501948,-6.51021158498936e-25,-1.11063447501948
481,-4.82631813013719,-4.82631813013719,-1.1090783408665,-6.40366410413515e-25,-1.1090783408665
481.1,-5.43666966364705,-5.43666966364705,-1.10752438704698,-6.29886040157872e-25,-1.10752438704698
481.2,-5.58315403168942,-5.58315403168942,-1.105972610506,-6.19577193828081e-25,-1.105972610506
481.3,-5.70522433839139,-5.70522433839139,-1.10442300819293,-6.09437064227791e-25,-1.10442300819293
481.4,-4.24038065796773,-4.24038065796773,-1.10287557706141,-5.99462890103805e-25,-1.10287557706141
481.5,-5.11928686622193,-5.11928686622193,-1.10133031406936,-5.89651955394185e-25,-1.10133031406936
481.6,-4.82631813013719,-4.82631813013719,-1.09978721617893,-5.80001588488612e-25,-1.09978721617893
481.7,-4.11831035126576,-4.11831035126576,-1.09824628035658,-5.70509161500922e-25,-1.09824628035658
481.8,-4.58217751673325,-4.58217751673325,-1.09670750357296,-5.61172089553472e-25,-1.09670750357296
481.9,-5.16811498890271,-5.16811498890271,-1.09517088280301,-5.51987830073254e-25,-1.09517088280301
482,-4.70424782343522,-4.70424782343522,-1.09363641502589,-5.42953882099568e-25,-1.09363641502589
482.1,-4.43569314869089,-4.43569314869089,-1.092104097225,-5.3406778560293e-25,-1.092104097225
482.2,-4.53334939405246,-4.53334939405246,-1.09057392638794,-5.25327120815229e-25,-1.09057392638794
482.3,-4.11831035126576,-4.11831035126576,-1.08904589950658,-5.16729507570783e-25,-1.08904589950658
482.4,-3.14174789764998,-3.14174789764998,-1.08752001357696,-5.08272604658181e-25,-1.08752001357696
482.5,-3.97182598322339,-3.97182598322339,-1.08599626559935,-4.99954109182796e-25,-1.08599626559935
482.6,-4.04506816724457,-4.04506816724457,-1.08447465257822,-4.91771755939627e-25,-1.08447465257822
482.7,-5.07045874354114,-5.07045874354114,-1.08295517152224,-4.83723316796501e-25,-1.08295517152224
482.8,-5.90053682911454,-5.90053682911454,-1.08143781944426,-4.75806600087333e-25,-1.08143781944426
482.9,-5.6563962157106,-5.6563962157106,-1.07992259336132,-4.6801945001528e-25,-1.07992259336132
483,-6.33998993324164,-6.33998993324164,-1.07840949029465,-4.60359746065737e-25,-1.07840949029465
483.1,-4.70424782343522,-4.70424782343522,-1.07689850726965,-4.52825402428873e-25,-1.07689850726965
483.2,-3.19057602033078,-3.19057602033078,-1.07538964131586,-4.45414367431658e-25,-1.07538964131586
483.3,-3.26381820435196,-3.26381820435196,-1.07388288946703,-4.38124622979184e-25,-1.07388288946703
483.4,-4.92397437549877,-4.92397437549877,-1.07237824876104,-4.30954184005083e-25,-1.07237824876104
483.5,-4.97280249817956,-4.97280249817956,-1.07087571623991,-4.23901097931016e-25,-1.07087571623991
483.6,-3.55678694043669,-3.55678694043669,-1.06937528894982,-4.1696344413493e-25,-1.06937528894982
483.7,-4.09389628992536,-4.09389628992536,-1.06787696394108,-4.10139333428095e-25,-1.06787696394108
483.8,-5.60756809302981,-5.60756809302981,-1.06638073826815,-4.03426907540626e-25,-1.06638073826815
483.9,-4.31362284198891,-4.31362284198891,-1.0648866089896,-3.96824338615465e-25,-1.0648866089896
484,-2.11635732135342,-2.11635732135342,-1.06339457316812,-3.90329828710656e-25,-1.06339457316812
484.1,-4.89956031415838,-4.89956031415838,-1.06190462787053,-3.83941609309723e-25,-1.06190462787053
484.2,-7.04799771211308,-7.04799771211308,-1.06041677016775,-3.77657940840115e-25,-1.06041677016775
484.3,-5.38784154096626,-5.38784154096626,-1.0589309971348,-3.71477112199479e-25,-1.0589309971348
484.4,-5.33901341828548,-5.33901341828548,-1.05744730585081,-3.65397440289715e-25,-1.05744730585081
484.5,-4.82631813013719,-4.82631813013719,-1.05596569339899,-3.59417269558673e-25,-1.05596569339899
484.6,-4.97280249817956,-4.97280249817956,-1.05448615686665,-3.53534971549298e-25,-1.05448615686665
484.7,-4.46010721003128,-4.46010721003128,-1.05300869334516,-3.47748944456215e-25,-1.05300869334516
484.8,-3.77651349250024,-3.77651349250024,-1.05153329993,-3.42057612689525e-25,-1.05153329993
484.9,-4.46010721003128,-4.46010721003128,-1.05005997372069,-3.36459426445758e-25,-1.05005997372069
485,-5.2413571729239,-5.2413571729239,-1.04858871182081,-3.30952861285863e-25,-1.04858871182081
485.1,-4.85073219147759,-4.85073219147759,-1.04711951133803,-3.25536417720063e-25,-1.04711951133803
485.2,-4.14272441260616,-4.14272441260616,-1.04565236938405,-3.20208620799548e-25,-1.04565236938405
485.3,-5.80288058375297,-5.80288058375297,-1.04418728307461,-3.14968019714838e-25,-1.04418728307461
485.4,-5.26577123426429,-5.26577123426429,-1.04272424952952,-3.09813187400686e-25,-1.04272424952952
485.5,-6.36440399458203,-6.36440399458203,-1.04126326587258,-3.04742720147507e-25,-1.04126326587258
485.6,-4.48452127137168,-4.48452127137168,-1.03980432923167,-2.99755237219108e-25,-1.03980432923167
485.7,-3.63002912445787,-3.63002912445787,-1.03834743673866,-2.94849380476724e-25,-1.03834743673866
485.8,-4.65541970075443,-4.65541970075443,-1.03689258552946,-2.90023814009169e-25,-1.03689258552946
485.9,-4.94838843683917,-4.94838843683917,-1.03543977274397,-2.8527722376905e-25,-1.03543977274397
486,-4.58217751673325,-4.58217751673325,-1.03398899552612,-2.80608317214959e-25,-1.03398899552612
486.1,-3.36147444971354,-3.36147444971354,-1.03254025102383,-2.7601582295948e-25,-1.03254025102383
486.2,-2.09194326001304,-2.09194326001304,-1.03109353638901,-2.71498490423e-25,-1.03109353638901
486.3,-0.773583947631734,-0.773583947631734,-1.02964884877758,-2.67055089493145e-25,-1.02964884877758
486.4,-0.334130843504639,-0.334130843504639,-1.02820618534943,-2.62684410189815e-25,-1.02820618534943
486.5,1.10629877557862,1.10629877557862,-1.02676554326843,-2.58385262335707e-25,-1.02676554326843
486.6,0.813330039493895,0.813330039493895,-1.02532691970242,-2.54156475232196e-25,-1.02532691970242
486.7,0.0564941379416716,0.0564941379416716,-1.02389031182323,-2.49996897340561e-25,-1.02389031182323
486.8,0.837744100834294,0.837744100834294,-1.02245571680663,-2.45905395968406e-25,-1.02245571680663
486.9,0.25180662866483,0.25180662866483,-1.02102313183235,-2.41880856961207e-25,-1.02102313183235
487,1.61899406372691,1.61899406372691,-1.01959255408408,-2.37922184398936e-25,-1.01959255408408
487.1,0.66684567145153,0.66684567145153,-1.01816398074945,-2.34028300297612e-25,-1.01816398074945
487.2,1.03305659155744,1.03305659155744,-1.01673740902004,-2.30198144315767e-25,-1.01673740902004
487.3,1.88754873847124,1.88754873847124,-1.01531283609134,-2.26430673465709e-25,-1.01531283609134
487.4,0.642431610111133,0.642431610111133,-1.01389025916281,-2.2272486182949e-25,-1.01389025916281
487.5,-0.18764647546227,-0.18764647546227,-1.0124696754378,-2.19079700279557e-25,-1.0124696754378
487.6,0.935400346195867,0.935400346195867,-1.01105108212358,-2.15494196203942e-25,-1.01105108212358
487.7,1.47250969568454,1.47250969568454,-1.00963447643135,-2.11967373235978e-25,-1.00963447643135
487.8,1.52133781836532,1.52133781836532,-1.00821985557621,-2.08498270988418e-25,-1.00821985557621
487.9,1.6434081250673,1.6434081250673,-1.00680721677716,-2.05085944791908e-25,-1.00680721677716
488,1.42368157300375,1.42368157300375,-1.00539655725711,-2.01729465437755e-25,-1.00539655725711
488.1,1.59458000238651,1.59458000238651,-1.00398787424283,-1.98427918924884e-25,-1.00398787424283
488.2,0.44711911938798,0.44711911938798,-1.002581164965,-1.95180406210958e-25,-1.002581164965
488.3,-0.993310499695282,-0.993310499695282,-1.00117642665818,-1.91986042967554e-25,-1.00117642665818
488.4,-1.23745111309923,-1.23745111309923,-0.9997736565608,-1.88843959339345e-25,-0.9997736565608
488.5,-1.09096674505687,-1.09096674505687,-0.998372851915155,-1.85753299707247e-25,-0.998372851915155
488.6,-1.40834954248199,-1.40834954248199,-0.996974009967408,-1.82713222455409e-25,-0.996974009967408
488.7,-0.553857395568186,-0.553857395568186,-0.995577127967582,-1.79722899742047e-25,-0.995577127967582
488.8,0.251806628664824,0.251806628664824,-0.994182203169551,-1.76781517274006e-25,-0.994182203169551
488.9,-1.33510735846081,-1.33510735846081,-0.992789232831036,-1.73888274085017e-25,-0.992789232831036
489,-2.11635732135343,-2.11635732135343,-0.991398214213602,-1.71042382317603e-25,-0.991398214213602
489.1,-1.40834954248199,-1.40834954248199,-0.99000914458265,-1.68243067008517e-25,-0.99000914458265
489.2,-0.822412070312523,-0.822412070312523,-0.988622021207411,-1.65489565877727e-25,-0.988622021207411
489.3,-1.7989745239283,-1.7989745239283,-0.987236841360946,-1.62781129120836e-25,-0.987236841360946
489.4,-1.3595214198012,-1.3595214198012,-0.985853602320134,-1.60117019204895e-25,-0.985853602320134
489.5,-1.53041984918396,-1.53041984918396,-0.98447230136567,-1.57496510667584e-25,-0.98447230136567
489.6,-2.09194326001303,-2.09194326001303,-0.983092935782057,-1.54918889919641e-25,-0.983092935782057
489.7,-1.55483391052435,-1.55483391052435,-0.981715502857608,-1.52383455050559e-25,-0.981715502857608
489.8,-2.79995103888446,-2.79995103888446,-0.980339999884429,-1.49889515637448e-25,-0.980339999884429
489.9,-4.19155253528694,-4.19155253528694,-0.978966424158425,-1.47436392557016e-25,-0.978966424158425
490,-3.38588851105393,-3.38588851105393,-0.977594772979288,-1.4502341780065e-25,-0.977594772979288
490.1,-2.26284168939579,-2.26284168939579,-0.976225043650493,-1.42649934292501e-25,-0.976225043650493
490.2,-2.16518544403422,-2.16518544403422,-0.974857233479294,-1.40315295710563e-25,-0.974857233479294
490.3,-2.45815418011895,-2.45815418011895,-0.973491339776717,-1.38018866310673e-25,-0.973491339776717
490.4,-2.48256824145934,-2.48256824145934,-0.972127359857557,-1.35760020753385e-25,-0.972127359857557
490.5,-2.79995103888447,-2.79995103888447,-0.970765291040369,-1.33538143933691e-25,-0.970765291040369
490.6,-3.28823226569235,-3.28823226569235,-0.969405130647467,-1.31352630813519e-25,-0.969405130647467
490.7,-1.43276360382239,-1.43276360382239,-0.968046876004917,-1.29202886256978e-25,-0.968046876004917
490.8,-1.3839354811416,-1.3839354811416,-0.96669052444253,-1.27088324868296e-25,-0.96669052444253
490.9,-1.18862299041844,-1.18862299041844,-0.965336073293858,-1.25008370832405e-25,-0.965336073293858
491,0.300634751345615,0.300634751345615,-0.963983519896191,-1.22962457758151e-25,-0.963983519896191
491.1,-0.968896438354886,-0.968896438354886,-0.962632861590549,-1.20950028524056e-25,-0.962632861590549
491.2,-1.09096674505686,-1.09096674505686,-0.961284095721677,-1.18970535126606e-25,-0.961284095721677
491.3,-0.944482377014496,-0.944482377014496,-0.95993721963804,-1.17023438531029e-25,-0.95993721963804
491.4,-1.23745111309923,-1.23745111309923,-0.95859223069182,-1.15108208524506e-25,-0.95859223069182
491.5,-0.431787088866214,-0.431787088866214,-0.957249126238906,-1.13224323571795e-25,-0.957249126238906
491.6,-0.480615211547003,-0.480615211547003,-0.955907903638895,-1.11371270673204e-25,-0.955907903638895
491.7,-0.334130843504634,-0.334130843504634,-0.95456856025508,-1.09548545224906e-25,-0.95456856025508
491.8,-0.822412070312523,-0.822412070312523,-0.953231093454453,-1.07755650881522e-25,-0.953231093454453
491.9,-1.84780264660909,-1.84780264660909,-0.95189550060769,-1.05992099420966e-25,-0.95189550060769
492,-2.01870107599185,-2.01870107599185,-0.950561779089155,-1.04257410611498e-25,-0.950561779089155
492.1,-1.60366203320515,-1.60366203320515,-0.949229926276888,-1.02551112080947e-25,-0.949229926276888
492.2,-1.50600578784357,-1.50600578784357,-0.947899939552604,-1.00872739188087e-25,-0.947899939552604
492.3,-1.3595214198012,-1.3595214198012,-0.946571816301688,-9.9221834896107e-26,-0.946571816301688
492.4,-1.48159172650318,-1.48159172650318,-0.945245553913186,-9.75979496481541e-26,-0.945245553913186
492.5,-2.09194326001303,-2.09194326001303,-0.943921149779802,-9.60006412449184e-26,-0.943921149779802
492.6,-2.16518544403421,-2.16518544403421,-0.942598601297896,-9.44294747242131e-26,-0.942598601297896
492.7,-2.36049793475737,-2.36049793475737,-0.941277905867472,-9.28840222425375e-26,-0.941277905867472
492.8,-2.14077138269382,-2.14077138269382,-0.939959060892183,-9.13638629585648e-26,-0.939959060892183
492.9,-1.26186517443962,-1.26186517443962,-0.938642063779313,-8.98685829185438e-26,-0.938642063779313
493,-2.26284168939579,-2.26284168939579,-0.937326911939782,-8.83977749435794e-26,-0.937326911939782
493.1,-2.48256824145934,-2.48256824145934,-0.936013602788139,-8.69510385187481e-26,-0.936013602788139
493.2,-2.01870107599185,-2.01870107599185,-0.934702133742552,-8.55279796840407e-26,-0.934702133742552
493.3,-1.48159172650317,-1.48159172650317,-0.933392502224809,-8.41282109270781e-26,-0.933392502224809
493.4,-1.50600578784357,-1.50600578784357,-0.93208470566031,-8.27513510775877e-26,-0.93208470566031
493.5,-2.60463854816131,-2.60463854816131,-0.930778741478062,-8.13970252036134e-26,-0.930778741478062
493.6,-4.46010721003128,-4.46010721003128,-0.929474607110673,-8.00648645094093e-26,-0.929474607110673
493.7,-3.87416973786181,-3.87416973786181,-0.928172299994351,-7.87545062350202e-26,-0.928172299994351
493.8,-2.99526352960762,-2.99526352960762,-0.926871817568896,-7.7465593557496e-26,-0.926871817568896
493.9,-3.67885724713866,-3.67885724713866,-0.925573157277691,-7.6197775493723e-26,-0.925573157277691
494,-3.87416973786182,-3.87416973786182,-0.924276316567705,-7.49507068048543e-26,-0.924276316567705
494.1,-4.43569314869088,-4.43569314869088,-0.922981292889485,-7.37240479022903e-26,-0.922981292889485
494.2,-3.947411921883,-3.947411921883,-0.921688083697145,-7.25174647552107e-26,-0.921688083697145
494.3,-2.28725575073619,-2.28725575073619,-0.920396686448371,-7.1330628799615e-26,-0.920396686448371
494.4,-1.99428701465145,-1.99428701465145,-0.919107098604411,-7.01632168488464e-26,-0.919107098604411
494.5,-2.6290526095017,-2.6290526095017,-0.917819317630066,-6.90149110055911e-26,-0.917819317630066
494.6,-3.77651349250024,-3.77651349250024,-0.916533340993691,-6.78853985753069e-26,-0.916533340993691
494.7,-5.19252905024311,-5.19252905024311,-0.915249166167191,-6.67743719810767e-26,-0.915249166167191
494.8,-6.16909150385888,-6.16909150385888,-0.913966790626012,-6.56815286798529e-26,-0.913966790626012
494.9,-5.46108372498744,-5.46108372498744,-0.912686211849133,-6.46065710800676e-26,-0.912686211849133
495,-4.72866188477562,-4.72866188477562,-0.91140742731907,-6.3549206460601e-26,-0.91140742731907
495.1,-4.99721655951996,-4.99721655951996,-0.910130434521864,-6.25091468910659e-26,-0.910130434521864
495.2,-6.29116181056085,-6.29116181056085,-0.90885523094708,-6.14861091534065e-26,-0.90885523094708
495.3,-7.68276330696333,-7.68276330696333,-0.907581814087799,-6.04798146647716e-26,-0.907581814087799
495.4,-7.68276330696333,-7.68276330696333,-0.906310181440615,-5.9489989401654e-26,-0.906310181440615
495.5,-6.75502897602834,-6.75502897602834,-0.90504033050563,-5.85163638252742e-26,-0.90504033050563
495.6,-6.5108883626244,-6.5108883626244,-0.903772258786447,-5.75586728081786e-26,-0.903772258786447
495.7,-6.486474301284,-6.486474301284,-0.902505963790168,-5.66166555620471e-26,-0.902505963790168
495.8,-5.38784154096626,-5.38784154096626,-0.901241443027391,-5.56900555666744e-26,-0.901241443027391
495.9,-5.41225560230666,-5.41225560230666,-0.899978694012195,-5.47786205001174e-26,-0.899978694012195
496,-5.55873997034902,-5.55873997034902,-0.898717714262148,-5.38821021699892e-26,-0.898717714262148
496.1,-5.19252905024311,-5.19252905024311,-0.897458501298293,-5.30002564458685e-26,-0.897458501298293
496.2,-6.5108883626244,-6.5108883626244,-0.896201052645147,-5.21328431928251e-26,-0.896201052645147
496.3,-7.17006801881505,-7.17006801881505,-0.894945365830698,-5.12796262060267e-26,-0.894945365830698
496.4,-6.5108883626244,-6.5108883626244,-0.893691438386393,-5.04403731464184e-26,-0.893691438386393
496.5,-6.16909150385888,-6.16909150385888,-0.892439267847142,-4.96148554774553e-26,-0.892439267847142
496.6,-6.48647430128401,-6.48647430128401,-0.891188851751306,-4.88028484028682e-26,-0.891188851751306
496.7,-6.82827116004953,-6.82827116004953,-0.889940187640695,-4.80041308054511e-26,-0.889940187640695
496.8,-6.77944303736874,-6.77944303736874,-0.888693273060568,-4.72184851868494e-26,-0.888693273060568
496.9,-7.95131798170766,-7.95131798170766,-0.887448105559617,-4.64456976083301e-26,-0.887448105559617
497,-7.46303675489978,-7.46303675489978,-0.886204682689971,-4.56855576325275e-26,-0.886204682689971
497.1,-6.02260713581652,-6.02260713581652,-0.88496300200719,-4.49378582661362e-26,-0.88496300200719
497.2,-6.77944303736874,-6.77944303736874,-0.883723061070258,-4.42023959035485e-26,-0.883723061070258
497.3,-6.24233368788006,-6.24233368788006,-0.88248485744158,-4.34789702714074e-26,-0.88248485744158
497.4,-5.70522433839139,-5.70522433839139,-0.881248388686973,-4.27673843740709e-26,-0.881248388686973
497.5,-7.65834924562293,-7.65834924562293,-0.88001365237567,-4.206744443997e-26,-0.88001365237567
497.6,-8.46401326985594,-8.46401326985594,-0.878780646080305,-4.137895986884e-26,-0.878780646080305
497.7,-7.85366173634608,-7.85366173634608,-0.877549367376916,-4.07017431798219e-26,-0.877549367376916
497.8,-6.16909150385888,-6.16909150385888,-0.876319813844938,-4.00356099604064e-26,-0.876319813844938
497.9,-5.1925290502431,-5.1925290502431,-0.875091983067191,-3.93803788162172e-26,-0.875091983067191
498,-6.19350556519927,-6.19350556519927,-0.873865872629891,-3.8735871321618e-26,-0.873865872629891
498.1,-7.7804195523249,-7.7804195523249,-0.872641480122629,-3.81019119711218e-26,-0.872641480122629
498.2,-8.07338828840963,-8.07338828840963,-0.871418803138376,-3.74783281316021e-26,-0.871418803138376
498.3,-7.31655238685741,-7.31655238685741,-0.870197839273477,-3.68649499952821e-26,-0.870197839273477
498.4,-6.58413054664558,-6.58413054664558,-0.868978586127642,-3.62616105334936e-26,-0.868978586127642
498.5,-6.82827116004953,-6.82827116004953,-0.867761041303946,-3.56681454511961e-26,-0.867761041303946
498.6,-6.04702119715691,-6.04702119715691,-0.86654520240882,-3.50843931422342e-26,-0.86654520240882
498.7,-7.12123989613426,-7.12123989613426,-0.865331067052051,-3.45101946453334e-26,-0.865331067052051
498.8,-7.82924767500569,-7.82924767500569,-0.864118632846777,-3.39453936008134e-26,-0.864118632846777
498.9,-7.26772426417662,-7.26772426417662,-0.862907897409473,-3.33898362080073e-26,-0.862907897409473
499,-7.12123989613426,-7.12123989613426,-0.861698858359962,-3.28433711833835e-26,-0.861698858359962
499.1,-6.9259274054111,-6.9259274054111,-0.860491513321396,-3.2305849719347e-26,-0.860491513321396
499.2,-7.3897945708786,-7.3897945708786,-0.859285859920259,-3.17771254437197e-26,-0.859285859920259
499.3,-6.85268522138992,-6.85268522138992,-0.858081895786363,-3.12570543798817e-26,-0.858081895786363
499.4,-6.07143525849731,-6.07143525849731,-0.856879618552837,-3.07454949075629e-26,-0.856879618552837
499.5,-6.33998993324164,-6.33998993324164,-0.85567902585613,-3.02423077242815e-26,-0.85567902585613
499.6,-5.16811498890271,-5.16811498890271,-0.854480115335999,-2.9747355807408e-26,-0.854480115335999
499.7,-5.16811498890271,-5.16811498890271,-0.85328288463551,-2.92605043768551e-26,-0.85328288463551
499.8,-6.80385709870913,-6.80385709870913,-0.852087331401033,-2.87816208583738e-26,-0.852087331401033
499.9,-6.87709928273031,-6.87709928273031,-0.850893453282231,-2.83105748474527e-26,-0.850893453282231
500,-5.58315403168942,-5.58315403168942,-0.849701247932065,-2.78472380738084e-26,-0.849701247932065
500.1,-5.09487280488154,-5.09487280488154,-0.848510713006782,-2.7391484366455e-26,-0.848510713006782
500.2,-5.02163062086034,-5.02163062086034,-0.847321846165913,-2.69431896193482e-26,-0.847321846165913
500.3,-4.94838843683917,-4.94838843683917,-0.846134645072268,-2.65022317575887e-26,-0.846134645072268
500.4,-5.04604468220074,-5.04604468220074,-0.844949107391934,-2.60684907041799e-26,-0.844949107391934
500.5,-5.36342747962587,-5.36342747962587,-0.843765230794265,-2.56418483473315e-26,-0.843765230794265
500.6,-6.38881805592243,-6.38881805592243,-0.842583012951882,-2.52221885082943e-26,-0.842583012951882
500.7,-6.58413054664558,-6.58413054664558,-0.841402451540667,-2.48093969097252e-26,-0.841402451540667
500.8,-4.77749000745641,-4.77749000745641,-0.840223544239759,-2.44033611445685e-26,-0.840223544239759
500.9,-3.947411921883,-3.947411921883,-0.839046288731547,-2.40039706454449e-26,-0.839046288731547
501,-4.89956031415838,-4.89956031415838,-0.837870682701668,-2.36111166545443e-26,-0.837870682701668
501.1,-4.82631813013719,-4.82631813013719,-0.836696723839003,-2.32246921940092e-26,-0.836696723839003
501.2,-4.11831035126576,-4.11831035126576,-0.83552440983567,-2.28445920368049e-26,-0.83552440983567
501.3,-3.04409165228841,-3.04409165228841,-0.834353738387021,-2.24707126780639e-26,-0.834353738387021
501.4,-4.19155253528694,-4.19155253528694,-0.833184707191635,-2.21029523069005e-26,-0.833184707191635
501.5,-4.72866188477562,-4.72866188477562,-0.83201731395132,-2.1741210778688e-26,-0.83201731395132
501.6,-6.24233368788006,-6.24233368788006,-0.8308515563711,-2.13853895877868e-26,-0.8308515563711
501.7,-6.99916958943228,-6.99916958943228,-0.829687432159215,-2.10353918407212e-26,-0.829687432159215
501.8,-7.14565395747465,-7.14565395747465,-0.82852493902712,-2.06911222297953e-26,-0.82852493902712
501.9,-8.07338828840964,-8.07338828840964,-0.827364074689471,-2.03524870071374e-26,-0.827364074689471
502,-6.09584931983769,-6.09584931983769,-0.82620483686413,-2.00193939591743e-26,-0.82620483686413
502.1,-4.60659157807365,-4.60659157807365,-0.825047223272154,-1.96917523815187e-26,-0.825047223272154
502.2,-4.43569314869089,-4.43569314869089,-0.823891231637796,-1.936947305427e-26,-0.823891231637796
502.3,-5.55873997034902,-5.55873997034902,-0.822736859688494,-1.90524682177199e-26,-0.822736859688494
502.4,-5.04604468220074,-5.04604468220074,-0.821584105154873,-1.87406515484529e-26,-0.821584105154873
502.5,-2.72670885486328,-2.72670885486328,-0.820432965770737,-1.84339381358416e-26,-0.820432965770737
502.6,-4.53334939405246,-4.53334939405246,-0.819283439273064,-1.81322444589226e-26,-0.819283439273064
502.7,-5.680810277051,-5.680810277051,-0.818135523402003,-1.78354883636542e-26,-0.818135523402003
502.8,-5.85170870643375,-5.85170870643375,-0.816989215900873,-1.75435890405456e-26,-0.816989215900873
502.9,-4.75307594611601,-4.75307594611601,-0.815844514516148,-1.72564670026501e-26,-0.815844514516148
503,-4.55776345539286,-4.55776345539286,-0.814701416997466,-1.69740440639218e-26,-0.814701416997466
503.1,-5.43666966364705,-5.43666966364705,-0.813559921097614,-1.66962433179229e-26,-0.813559921097614
503.2,-4.8019040687968,-4.8019040687968,-0.81242002457253,-1.64229891168835e-26,-0.81242002457253
503.3,-3.58120100177708,-3.58120100177708,-0.811281725181295,-1.61542070511002e-26,-0.811281725181295
503.4,-4.33803690332931,-4.33803690332931,-0.810145020686129,-1.58898239286742e-26,-0.810145020686129
503.5,-4.94838843683917,-4.94838843683917,-0.80900990885239,-1.56297677555813e-26,-0.80900990885239
503.6,-4.8019040687968,-4.8019040687968,-0.807876387448563,-1.53739677160658e-26,-0.807876387448563
503.7,-4.89956031415838,-4.89956031415838,-0.806744454246264,-1.5122354153358e-26,-0.806744454246264
503.8,-5.6563962157106,-5.6563962157106,-0.805614107020229,-1.4874858550705e-26,-0.805614107020229
503.9,-7.14565395747465,-7.14565395747465,-0.804485343548311,-1.46314135127134e-26,-0.804485343548311
504,-7.12123989613426,-7.12123989613426,-0.803358161611479,-1.43919527469972e-26,-0.803358161611479
504.1,-5.46108372498745,-5.46108372498745,-0.802232558993809,-1.41564110461249e-26,-0.802232558993809
504.2,-5.680810277051,-5.680810277051,-0.801108533482482,-1.39247242698642e-26,-0.801108533482482
504.3,-6.02260713581651,-6.02260713581651,-0.799986082867782,-1.36968293277146e-26,-0.799986082867782
504.4,-6.9503414667515,-6.9503414667515,-0.798865204943084,-1.34726641617276e-26,-0.798865204943084
504.5,-6.16909150385888,-6.16909150385888,-0.797745897504862,-1.32521677296091e-26,-0.797745897504862
504.6,-6.85268522138992,-6.85268522138992,-0.796628158352668,-1.30352799880948e-26,-0.796628158352668
504.7,-6.75502897602834,-6.75502897602834,-0.795511985289145,-1.28219418766018e-26,-0.795511985289145
504.8,-6.02260713581652,-6.02260713581652,-0.794397376120014,-1.26120953011447e-26,-0.794397376120014
504.9,-4.55776345539286,-4.55776345539286,-0.793284328654065,-1.24056831185163e-26,-0.793284328654065
505,-5.16811498890271,-5.16811498890271,-0.792172840703163,-1.22026491207272e-26,-0.792172840703163
505.1,-6.60854460798598,-6.60854460798598,-0.791062910082238,-1.20029380196994e-26,-0.791062910082238
505.2,-6.31557587190125,-6.31557587190125,-0.789954534609281,-1.18064954322115e-26,-0.789954534609281
505.3,-4.82631813013719,-4.82631813013719,-0.78884771210534,-1.16132678650892e-26,-0.78884771210534
505.4,-7.19448208015544,-7.19448208015544,-0.787742440394515,-1.14232027006384e-26,-0.787742440394515
505.5,-6.33998993324164,-6.33998993324164,-0.786638717303959,-1.12362481823173e-26,-0.786638717303959
505.6,-4.53334939405246,-4.53334939405246,-0.785536540663864,-1.10523534006423e-26,-0.785536540663864
505.7,-5.85170870643376,-5.85170870643376,-0.784435908307464,-1.08714682793254e-26,-0.784435908307464
505.8,-5.75405246107218,-5.75405246107218,-0.783336818071033,-1.06935435616374e-26,-0.783336818071033
505.9,-4.92397437549877,-4.92397437549877,-0.782239267793869,-1.05185307969946e-26,-0.782239267793869
506,-4.31362284198891,-4.31362284198891,-0.781143255318305,-1.03463823277665e-26,-0.781143255318305
506.1,-3.947411921883,-3.947411921883,-0.78004877848969,-1.01770512762966e-26,-0.78004877848969
506.2,-5.58315403168942,-5.58315403168942,-0.778955835156399,-1.0010491532138e-26,-0.778955835156399
506.3,-4.97280249817956,-4.97280249817956,-0.777864423169817,-9.84665773949734e-27,-0.777864423169817
506.4,-3.9229978605426,-3.9229978605426,-0.776774540384341,-9.68550528488329e-27,-0.776774540384341
506.5,-4.65541970075443,-4.65541970075443,-0.775686184657374,-9.52699028495858e-27,-0.775686184657374
506.6,-4.75307594611601,-4.75307594611601,-0.77459935384932,-9.37106957458947e-27,-0.77459935384932
506.7,-5.46108372498745,-5.46108372498745,-0.773514045823582,-9.21770069509175e-27,-0.773514045823582
506.8,-6.77944303736874,-6.77944303736874,-0.772430258446558,-9.06684188266935e-27,-0.772430258446558
506.9,-5.72963839973178,-5.72963839973178,-0.771347989587634,-8.91845205704063e-27,-0.771347989587634
507,-5.07045874354114,-5.07045874354114,-0.77026723711918,-8.77249081025295e-27,-0.77026723711918
507.1,-5.50991184766823,-5.50991184766823,-0.769187998916548,-8.62891839567825e-27,-0.769187998916548
507.2,-5.16811498890272,-5.16811498890272,-0.768110272858069,-8.4876957171901e-27,-0.768110272858069
507.3,-4.99721655951996,-4.99721655951996,-0.767034056825044,-8.34878431851778e-27,-0.767034056825044
507.4,-5.09487280488153,-5.09487280488153,-0.765959348701742,-8.21214637277345e-27,-0.765959348701742
507.5,-5.77846652241257,-5.77846652241257,-0.7648861463754,-8.07774467215246e-27,-0.7648861463754
507.6,-6.36440399458203,-6.36440399458203,-0.763814447736212,-7.94554261780042e-27,-0.763814447736212
507.7,-5.77846652241257,-5.77846652241257,-0.762744250677329,-7.81550420984786e-27,-0.762744250677329
507.8,-5.46108372498745,-5.46108372498745,-0.761675553094854,-7.68759403760634e-27,-0.761675553094854
507.9,-4.85073219147759,-4.85073219147759,-0.76060835288784,-7.56177726992616e-27,-0.76060835288784
508,-4.14272441260615,-4.14272441260615,-0.759542647958279,-7.43801964571178e-27,-0.759542647958279
508.1,-3.43471663373472,-3.43471663373472,-0.758478436211106,-7.31628746459149e-27,-0.758478436211106
508.2,-4.43569314869089,-4.43569314869089,-0.757415715554192,-7.1965475777413e-27,-0.757415715554192
508.3,-7.34096644819781,-7.34096644819781,-0.756354483898336,-7.07876737885749e-27,-0.756354483898336
508.4,-6.9503414667515,-6.9503414667515,-0.755294739157267,-6.96291479527789e-27,-0.755294739157267
508.5,-5.75405246107218,-5.75405246107218,-0.754236479247637,-6.84895827924854e-27,-0.754236479247637
508.6,-7.12123989613426,-7.12123989613426,-0.753179702089015,-6.73686679933218e-27,-0.753179702089015
508.7,-6.24233368788006,-6.24233368788006,-0.752124405603887,-6.62660983195892e-27,-0.752124405603887
508.8,-4.50893533271206,-4.50893533271206,-0.75107058771765,-6.51815735311371e-27,-0.75107058771765
508.9,-5.680810277051,-5.680810277051,-0.750018246358605,-6.41147983016077e-27,-0.750018246358605
509,-7.02358365077268,-7.02358365077268,-0.748967379457959,-6.3065482138019e-27,-0.748967379457959
509.1,-6.38881805592243,-6.38881805592243,-0.747917984949815,-6.2033339301654e-27,-0.747917984949815
509.2,-5.99819307447612,-5.99819307447612,-0.746870060771173,-6.10180887302578e-27,-0.746870060771173
509.3,-5.43666966364706,-5.43666966364706,-0.745823604861922,-6.00194539614989e-27,-0.745823604861922
509.4,-5.82729464509336,-5.82729464509336,-0.744778615164837,-5.90371630576844e-27,-0.744778615164837
509.5,-5.58315403168941,-5.58315403168941,-0.743735089625578,-5.80709485317113e-27,-0.743735089625578
509.6,-5.50991184766824,-5.50991184766824,-0.74269302619268,-5.71205472742254e-27,-0.74269302619268
509.7,-5.07045874354114,-5.07045874354114,-0.741652422817554,-5.61857004819767e-27,-0.741652422817554
509.8,-5.48549778632784,-5.48549778632784,-0.740613277454482,-5.52661535873433e-27,-0.740613277454482
509.9,-6.29116181056085,-6.29116181056085,-0.739575588060611,-5.43616561890084e-27,-0.739575588060611
510,-6.92592740541111,-6.92592740541111,-0.738539352595951,-5.34719619837761e-27,-0.738539352595951
510.1,-5.77846652241257,-5.77846652241257,-0.73750456902337,-5.25968286994994e-27,-0.73750456902337
510.2,-6.5353024239648,-6.5353024239648,-0.736471235308591,-5.17360180291092e-27,-0.736471235308591
510.3,-5.14370092756232,-5.14370092756232,-0.735439349420186,-5.08892955657197e-27,-0.735439349420186
510.4,-4.60659157807364,-4.60659157807364,-0.734408909329573,-5.00564307387954e-27,-0.734408909329573
510.5,-5.46108372498744,-5.46108372498744,-0.733379913011016,-4.92371967513666e-27,-0.733379913011016
510.6,-5.33901341828547,-5.33901341828547,-0.732352358441612,-4.8431370518272e-27,-0.732352358441612
510.7,-3.31264632703274,-3.31264632703274,-0.731326243601295,-4.76387326054059e-27,-0.731326243601295
510.8,-5.29018529560469,-5.29018529560469,-0.730301566472831,-4.68590671699696e-27,-0.730301566472831
510.9,-6.33998993324164,-6.33998993324164,-0.72927832504181,-4.60921619016901e-27,-0.72927832504181
511,-5.97377901313572,-5.97377901313572,-0.728256517296644,-4.53378079650113e-27,-0.728256517296644
511.1,-4.33803690332931,-4.33803690332931,-0.727236141228564,-4.45957999422211e-27,-0.727236141228564
511.2,-3.55678694043669,-3.55678694043669,-0.726217194831618,-4.38659357775169e-27,-0.726217194831618
511.3,-5.26577123426429,-5.26577123426429,-0.725199676102662,-4.31480167219853e-27,-0.725199676102662
511.4,-5.75405246107218,-5.75405246107218,-0.724183583041359,-4.24418472794764e-27,-0.724183583041359
511.5,-5.46108372498744,-5.46108372498744,-0.723168913650175,-4.17472351533739e-27,-0.723168913650175
511.6,-5.33901341828548,-5.33901341828548,-0.722155665934375,-4.10639911942257e-27,-0.722155665934375
511.7,-6.14467744251848,-6.14467744251848,-0.721143837902018,-4.03919293482397e-27,-0.721143837902018
511.8,-6.26674774922046,-6.26674774922046,-0.720133427563956,-3.97308666066202e-27,-0.720133427563956
511.9,-5.55873997034902,-5.55873997034902,-0.719124432933826,-3.90806229557302e-27,-0.719124432933826
512,-4.60659157807365,-4.60659157807365,-0.718116852028047,-3.84410213280734e-27,-0.718116852028047
512.1,-4.46010721003128,-4.46010721003128,-0.717110682865821,-3.78118875540781e-27,-0.717110682865821
512.2,-5.53432590900863,-5.53432590900863,-0.716105923469124,-3.71930503146681e-27,-0.716105923469124
512.3,-4.72866188477562,-4.72866188477562,-0.7151025718627,-3.65843410946096e-27,-0.7151025718627
512.4,-4.53334939405246,-4.53334939405246,-0.714100626074067,-3.59855941366266e-27,-0.714100626074067
512.5,-5.31459935694508,-5.31459935694508,-0.7131000841335,-3.53966463962577e-27,-0.7131000841335
512.6,-4.55776345539286,-4.55776345539286,-0.712100944074039,-3.48173374974644e-27,-0.712100944074039
512.7,-3.87416973786182,-3.87416973786182,-0.711103203931476,-3.42475096889553e-27,-0.711103203931476
512.8,-3.60561506311748,-3.60561506311748,-0.710106861744358,-3.36870078012279e-27,-0.710106861744358
512.9,-4.50893533271206,-4.50893533271206,-0.709111915553981,-3.31356792043188e-27,-0.709111915553981
513,-4.58217751673325,-4.58217751673325,-0.708118363404379,-3.25933737662349e-27,-0.708118363404379
513.1,-5.70522433839139,-5.70522433839139,-0.707126203342335,-3.20599438120777e-27,-0.707126203342335
513.2,-6.48647430128401,-6.48647430128401,-0.706135433417363,-3.15352440838261e-27,-0.706135433417363
513.3,-5.58315403168941,-5.58315403168941,-0.705146051681712,-3.1019131700781e-27,-0.705146051681712
513.4,-6.02260713581652,-6.02260713581652,-0.704158056190361,-3.05114661206606e-27,-0.704158056190361
513.5,-4.63100563941404,-4.63100563941404,-0.703171445001011,-3.00121091013245e-27,-0.703171445001011
513.6,-4.92397437549877,-4.92397437549877,-0.702186216174088,-2.95209246631346e-27,-0.702186216174088
513.7,-4.65541970075444,-4.65541970075444,-0.701202367772732,-2.9037779051923e-27,-0.701202367772732
513.8,-4.87514625281798,-4.87514625281798,-0.7002198978628,-2.85625407025709e-27,-0.7002198978628
513.9,-5.2169431115835,-5.2169431115835,-0.699238804512859,-2.80950802031808e-27,-0.699238804512859
514,-5.53432590900863,-5.53432590900863,-0.698259085794177,-2.76352702598376e-27,-0.698259085794177
514.1,-4.3624509646697,-4.3624509646697,-0.697280739780731,-2.71829856619449e-27,-0.697280739780731
514.2,-4.02065410590418,-4.02065410590418,-0.696303764549193,-2.67381032481296e-27,-0.696303764549193
514.3,-4.77749000745641,-4.77749000745641,-0.695328158178931,-2.63005018727033e-27,-0.695328158178931
514.4,-4.99721655951996,-4.99721655951996,-0.694353918752004,-2.58700623726724e-27,-0.694353918752004
514.5,-5.31459935694508,-5.31459935694508,-0.693381044353157,-2.54466675352904e-27,-0.693381044353157
514.6,-6.46206023994362,-6.46206023994362,-0.69240953306982,-2.50302020661383e-27,-0.69240953306982
514.7,-5.11928686622192,-5.11928686622192,-0.691439382992101,-2.46205525577306e-27,-0.691439382992101
514.8,-4.53334939405246,-4.53334939405246,-0.690470592212786,-2.42176074586322e-27,-0.690470592212786
514.9,-4.77749000745641,-4.77749000745641,-0.689503158827335,-2.38212570430816e-27,-0.689503158827335
515,-3.80092755384063,-3.80092755384063,-0.688537080933869,-2.3431393381112e-27,-0.688537080933869
515.1,-4.33803690332931,-4.33803690332931,-0.687572356633181,-2.30479103091609e-27,-0.687572356633181
515.2,-4.77749000745641,-4.77749000745641,-0.686608984028724,-2.26707034011613e-27,-0.686608984028724
515.3,-5.26577123426429,-5.26577123426429,-0.685646961226605,-2.22996699401048e-27,-0.685646961226605
515.4,-5.29018529560469,-5.29018529560469,-0.684686286335588,-2.19347088900716e-27,-0.684686286335588
515.5,-5.02163062086035,-5.02163062086035,-0.683726957467083,-2.15757208687148e-27,-0.683726957467083
515.6,-4.89956031415837,-4.89956031415837,-0.682768972735152,-2.1222608120202e-27,-0.682768972735152
515.7,-4.46010721003128,-4.46010721003128,-0.681812330256493,-2.08752744885918e-27,-0.681812330256493
515.8,-4.28920878064851,-4.28920878064851,-0.680857028150447,-2.05336253916516e-27,-0.680857028150447
515.9,-4.33803690332931,-4.33803690332931,-0.67990306453899,-2.01975677951017e-27,-0.67990306453899
516,-4.31362284198891,-4.31362284198891,-0.678950437546726,-1.98670101872793e-27,-0.678950437546726
516.1,-5.50991184766823,-5.50991184766823,-0.677999145300888,-1.95418625542223e-27,-0.677999145300888
516.2,-5.80288058375297,-5.80288058375297,-0.677049185931337,-1.92220363551547e-27,-0.677049185931337
516.3,-4.19155253528694,-4.19155253528694,-0.676100557570548,-1.89074444983779e-27,-0.676100557570548
516.4,-3.89858379920221,-3.89858379920221,-0.675153258353618,-1.85980013175547e-27,-0.675153258353618
516.5,-6.16909150385888,-6.16909150385888,-0.674207286418252,-1.82936225483794e-27,-0.674207286418252
516.6,-6.14467744251848,-6.14467744251848,-0.673262639904769,-1.79942253056349e-27,-0.673262639904769
516.7,-5.14370092756232,-5.14370092756232,-0.67231931695609,-1.76997280606207e-27,-0.67231931695609
516.8,-4.3868650260101,-4.3868650260101,-0.67137731571774,-1.74100506189515e-27,-0.67137731571774
516.9,-3.55678694043669,-3.55678694043669,-0.670436634337845,-1.71251140987209e-27,-0.670436634337845
517,-4.14272441260615,-4.14272441260615,-0.669497270967117,-1.68448409090187e-27,-0.669497270967117
517.1,-5.33901341828547,-5.33901341828547,-0.668559223758868,-1.65691547288052e-27,-0.668559223758868
517.2,-5.29018529560469,-5.29018529560469,-0.667622490868994,-1.62979804861265e-27,-0.667622490868994
517.3,-6.63295866932637,-6.63295866932637,-0.666687070455973,-1.60312443376712e-27,-0.666687070455973
517.4,-6.38881805592243,-6.38881805592243,-0.665752960680869,-1.57688736486641e-27,-0.665752960680869
517.5,-4.82631813013719,-4.82631813013719,-0.664820159707314,-1.55107969730843e-27,-0.664820159707314
517.6,-3.43471663373471,-3.43471663373471,-0.663888665701521,-1.52569440342129e-27,-0.663888665701521
517.7,-3.55678694043669,-3.55678694043669,-0.662958476832267,-1.50072457054939e-27,-0.662958476832267
517.8,-2.58022448682092,-2.58022448682092,-0.662029591270897,-1.47616339917105e-27,-0.662029591270897
517.9,-1.96987295331106,-1.96987295331106,-0.661102007191321,-1.45200420104708e-27,-0.661102007191321
518,-3.43471663373471,-3.43471663373471,-0.66017572277,-1.42824039739926e-27,-0.66017572277
518.1,-4.97280249817956,-4.97280249817956,-0.659250736185956,-1.40486551711917e-27,-0.659250736185956
518.2,-6.33998993324164,-6.33998993324164,-0.658327045620763,-1.38187319500582e-27,-0.658327045620763
518.3,-6.53530242396479,-6.53530242396479,-0.657404649258538,-1.35925717003248e-27,-0.657404649258538
518.4,-6.486474301284,-6.486474301284,-0.656483545285948,-1.33701128364165e-27,-0.656483545285948
518.5,-7.65834924562293,-7.65834924562293,-0.655563731892194,-1.31512947806806e-27,-0.655563731892194
518.6,-6.80385709870913,-6.80385709870913,-0.654645207269021,-1.29360579468909e-27,-0.654645207269021
518.7,-6.16909150385888,-6.16909150385888,-0.653727969610703,-1.27243437240223e-27,-0.653727969610703
518.8,-6.68178679200716,-6.68178679200716,-0.652812017114045,-1.25160944602897e-27,-0.652812017114045
518.9,-5.75405246107218,-5.75405246107218,-0.651897347978382,-1.23112534474489e-27,-0.651897347978382
519,-5.87612276777415,-5.87612276777415,-0.650983960405565,-1.21097649053548e-27,-0.650983960405565
519.1,-5.04604468220075,-5.04604468220075,-0.65007185259997,-1.19115739667718e-27,-0.65007185259997
519.2,-4.14272441260615,-4.14272441260615,-0.649161022768489,-1.1716626662433e-27,-0.649161022768489
519.3,-4.28920878064852,-4.28920878064852,-0.648251469120522,-1.15248699063438e-27,-0.648251469120522
519.4,-4.53334939405246,-4.53334939405246,-0.647343189867982,-1.1336251481326e-27,-0.647343189867982
519.5,-3.58120100177708,-3.58120100177708,-0.646436183225285,-1.11507200247986e-27,-0.646436183225285
519.6,-4.70424782343522,-4.70424782343522,-0.645530447409351,-1.0968225014791e-27,-0.645530447409351
519.7,-4.97280249817956,-4.97280249817956,-0.644625980639595,-1.07887167561864e-27,-0.644625980639595
519.8,-5.82729464509336,-5.82729464509336,-0.643722781137929,-1.06121463671882e-27,-0.643722781137929
519.9,-6.58413054664558,-6.58413054664558,-0.642820847128759,-1.04384657660099e-27,-0.642820847128759
520,-5.43666966364705,-5.43666966364705,-0.641920176838972,-1.02676276577806e-27,-0.641920176838972
520.1,-3.84975567652142,-3.84975567652142,-0.641020768497945,-1.00995855216682e-27,-0.641020768497945
520.2,-4.02065410590418,-4.02065410590418,-0.640122620337534,-9.93429359820941e-28,-0.640122620337534
520.3,-4.94838843683917,-4.94838843683917,-0.639225730592073,-9.77170687685051e-28,-0.639225730592073
520.4,-3.87416973786182,-3.87416973786182,-0.63833009749837,-9.61178108368984e-28,-0.63833009749837
520.5,-4.28920878064852,-4.28920878064852,-0.6374357192957,-9.45447266942087e-28,-0.6374357192957
520.6,-4.55776345539285,-4.55776345539285,-0.636542594225811,-9.29973879747509e-28,-0.636542594225811
520.7,-5.55873997034902,-5.55873997034902,-0.635650720532909,-9.1475373323555e-28,-0.635650720532909
520.8,-5.14370092756232,-5.14370092756232,-0.634760096463664,-8.99782682816385e-28,-0.634760096463664
520.9,-4.99721655951996,-4.99721655951996,-0.633870720267201,-8.85056651731421e-28,-0.633870720267201
521,-4.92397437549877,-4.92397437549877,-0.632982590195097,-8.70571629943074e-28,-0.632982590195097
521.1,-4.65541970075443,-4.65541970075443,-0.632095704501381,-8.56323673042957e-28,-0.632095704501381
521.2,-4.89956031415838,-4.89956031415838,-0.631210061442527,-8.42308901177632e-28,-0.631210061442527
521.3,-3.9229978605426,-3.9229978605426,-0.630325659277453,-8.28523497992188e-28,-0.630325659277453
521.4,-3.31264632703275,-3.31264632703275,-0.629442496267515,-8.14963709590987e-28,-0.629442496267515
521.5,-5.2413571729239,-5.2413571729239,-0.628560570676505,-8.01625843515359e-28,-0.628560570676505
521.6,-5.11928686622192,-5.11928686622192,-0.62767988077065,-7.88506267738253e-28,-0.62767988077065
521.7,-4.67983376209483,-4.67983376209483,-0.626800424818603,-7.75601409675118e-28,-0.626800424818603
521.8,-4.41127908735049,-4.41127908735049,-0.625922201091446,-7.62907755211036e-28,-0.625922201091446
521.9,-3.99624004456379,-3.99624004456379,-0.625045207862682,-7.50421847743877e-28,-0.625045207862682
522,-2.87319322290565,-2.87319322290565,-0.624169443408231,-7.38140287242911e-28,-0.624169443408231
522.1,-3.5079588177559,-3.5079588177559,-0.623294906006431,-7.26059729323083e-28,-0.623294906006431
522.2,-4.72866188477561,-4.72866188477561,-0.622421593938033,-7.14176884334231e-28,-0.622421593938033
522.3,-2.18959950537461,-2.18959950537461,-0.621549505486195,-7.02488516465262e-28,-0.621549505486195
522.4,-2.16518544403421,-2.16518544403421,-0.620678638936483,-6.90991442863093e-28,-0.620678638936483
522.5,-3.45913069507511,-3.45913069507511,-0.619808992576859,-6.79682532765809e-28,-0.619808992576859
522.6,-3.9229978605426,-3.9229978605426,-0.618940564697692,-6.68558706650259e-28,-0.618940564697692
522.7,-5.02163062086034,-5.02163062086034,-0.618073353591741,-6.57616935393397e-28,-0.618073353591741
522.8,-5.77846652241257,-5.77846652241257,-0.617207357554158,-6.46854239447409e-28,-0.617207357554158
522.9,-6.82827116004953,-6.82827116004953,-0.616342574882486,-6.3626768802842e-28,-0.616342574882486
523,-8.80581012862147,-8.80581012862147,-0.615479003876651,-6.25854398318349e-28,-0.615479003876651
523.1,-8.68373982191949,-8.68373982191949,-0.61461664283896,-6.15611534679915e-28,-0.61461664283896
523.2,-7.48745081624017,-7.48745081624017,-0.613755490074101,-6.05536307884487e-28,-0.613755490074101
523.3,-6.60854460798598,-6.60854460798598,-0.612895543889138,-5.95625974352531e-28,-0.612895543889138
523.4,-6.02260713581651,-6.02260713581651,-0.612036802593506,-5.85877835406492e-28,-0.612036802593506
523.5,-8.56166951521752,-8.56166951521752,-0.611179264499005,-5.76289236535941e-28,-0.611179264499005
523.6,-10.4659662997683,-10.4659662997683,-0.610322927919806,-5.66857566674715e-28,-0.610322927919806
523.7,-10.1729975636836,-10.1729975636836,-0.60946779117244,-5.57580257489919e-28,-0.60946779117244
523.8,-9.66030227553527,-9.66030227553527,-0.608613852575795,-5.4845478268253e-28,-0.608613852575795
523.9,-7.68276330696333,-7.68276330696333,-0.607761110451118,-5.39478657299448e-28,-0.607761110451118
524,-7.53627893892096,-7.53627893892096,-0.606909563122005,-5.30649437056837e-28,-0.606909563122005
524.1,-8.6593257605791,-8.6593257605791,-0.606059208914401,-5.21964717674518e-28,-0.606059208914401
524.2,-9.88002882759882,-9.88002882759882,-0.605210046156598,-5.13422134221275e-28,-0.605210046156598
524.3,-11.5890131214264,-11.5890131214264,-0.604362073179231,-5.05019360470842e-28,-0.604362073179231
524.4,-10.6612787904915,-10.6612787904915,-0.603515288315272,-4.96754108268473e-28,-0.603515288315272
524.5,-10.075341318322,-10.075341318322,-0.602669689900028,-4.88624126907796e-28,-0.602669689900028
524.6,-9.95327101162,-9.95327101162,-0.601825276271142,-4.80627202518019e-28,-0.601825276271142
524.7,-10.2462397477048,-10.2462397477048,-0.600982045768582,-4.72761157460986e-28,-0.600982045768582
524.8,-10.4903803611087,-10.4903803611087,-0.600139996734645,-4.65023849738243e-28,-0.600139996734645
524.9,-11.4425287533841,-11.4425287533841,-0.599299127513951,-4.57413172407735e-28,-0.599299127513951
525,-11.9796381028727,-11.9796381028727,-0.598459436453436,-4.4992705301002e-28,-0.598459436453436
525.1,-11.8331537348304,-11.8331537348304,-0.597620921902354,-4.42563453004007e-28,-0.597620921902354
525.2,-12.8585443111269,-12.8585443111269,-0.596783582212273,-4.35320367211761e-28,-0.596783582212273
525.3,-12.9073724338077,-12.9073724338077,-0.59594741573707,-4.28195823272525e-28,-0.59594741573707
525.4,-12.4190912069998,-12.4190912069998,-0.595112420832928,-4.21187881105617e-28,-0.595112420832928
525.5,-10.5636225451299,-10.5636225451299,-0.594278595858331,-4.14294632382083e-28,-0.594278595858331
525.6,-9.39174760079093,-9.39174760079093,-0.593445939174068,-4.07514200005122e-28,-0.593445939174068
525.7,-8.09780234975003,-8.09780234975003,-0.59261444914322,-4.0084473759886e-28,-0.59261444914322
525.8,-8.63491169923871,-8.63491169923871,-0.591784124131164,-3.94284429005613e-28,-0.591784124131164
525.9,-9.46498978481212,-9.46498978481212,-0.590954962505569,-3.8783148779132e-28,-0.590954962505569
526,-8.61049763789832,-8.61049763789832,-0.590126962636386,-3.81484156759036e-28,-0.590126962636386
526.1,-8.83022418996186,-8.83022418996186,-0.589300122895854,-3.75240707470503e-28,-0.589300122895854
526.2,-8.68373982191949,-8.68373982191949,-0.58847444165849,-3.69099439775438e-28,-0.58847444165849
526.3,-10.4903803611087,-10.4903803611087,-0.587649917301093,-3.63058681348557e-28,-0.587649917301093
526.4,-9.46498978481211,-9.46498978481211,-0.586826548202732,-3.57116787234225e-28,-0.586826548202732
526.5,-9.0743648033658,-9.0743648033658,-0.586004332744747,-3.51272139398459e-28,-0.586004332744747
526.6,-9.02553668068501,-9.02553668068501,-0.585183269310748,-3.45523146288389e-28,-0.585183269310748
526.7,-7.46303675489978,-7.46303675489978,-0.58436335628661,-3.39868242398824e-28,-0.58436335628661
526.8,-7.21889614149584,-7.21889614149584,-0.583544592060467,-3.34305887845945e-28,-0.583544592060467
526.9,-7.3653805095382,-7.3653805095382,-0.582726975022717,-3.28834567948015e-28,-0.582726975022717
527,-7.8292476750057,-7.8292476750057,-0.581910503566004,-3.23452792812864e-28,-0.581910503566004
527.1,-10.3438959930663,-10.3438959930663,-0.581095176085233,-3.18159096932232e-28,-0.581095176085233
527.2,-13.5909661513388,-13.5909661513388,-0.580280990977553,-3.12952038782672e-28,-0.580280990977553
527.3,-14.2745598688698,-14.2745598688698,-0.579467946642361,-3.07830200432996e-28,-0.579467946642361
527.4,-12.2481927776171,-12.2481927776171,-0.578656041481296,-3.02792187158188e-28,-0.578656041481296
527.5,-9.80678664357763,-9.80678664357763,-0.577845273898235,-2.97836627059585e-28,-0.577845273898235
527.6,-9.73354445955645,-9.73354445955645,-0.577035642299294,-2.92962170691299e-28,-0.577035642299294
527.7,-10.9786615879166,-10.9786615879166,-0.57622714509282,-2.88167490692767e-28,-0.57622714509282
527.8,-12.5411615137018,-12.5411615137018,-0.57541978068939,-2.83451281427282e-28,-0.57541978068939
527.9,-11.7599115508092,-11.7599115508092,-0.574613547501813,-2.78812258626455e-28,-0.574613547501813
528,-10.0509272569816,-10.0509272569816,-0.573808443945114,-2.74249159040504e-28,-0.573808443945114
528.1,-11.3692865693629,-11.3692865693629,-0.573004468436543,-2.69760740094252e-28,-0.573004468436543
528.2,-13.0294427405097,-13.0294427405097,-0.572201619395568,-2.65345779548776e-28,-0.572201619395568
528.3,-11.4913568760649,-11.4913568760649,-0.571399895243872,-2.61003075168567e-28,-0.571399895243872
528.4,-12.2970209002979,-12.2970209002979,-0.570599294405346,-2.56731444394149e-28,-0.570599294405346
528.5,-11.3204584466821,-11.3204584466821,-0.569799815306092,-2.52529724020064e-28,-0.569799815306092
528.6,-10.4171381770875,-10.4171381770875,-0.569001456374417,-2.48396769878112e-28,-0.569001456374417
528.7,-10.4903803611087,-10.4903803611087,-0.56820421604083,-2.44331456525796e-28,-0.56820421604083
528.8,-11.2228022013205,-11.2228022013205,-0.567408092738038,-2.40332676939847e-28,-0.567408092738038
528.9,-10.4659662997683,-10.4659662997683,-0.566613084900946,-2.36399342214763e-28,-0.566613084900946
529,-9.31850541676975,-9.31850541676975,-0.56581919096665,-2.32530381266293e-28,-0.56581919096665
529.1,-10.4171381770875,-10.4171381770875,-0.565026409374437,-2.2872474053979e-28,-0.565026409374437
529.2,-11.3448725080225,-11.3448725080225,-0.564234738565779,-2.24981383723284e-28,-0.564234738565779
529.3,-11.1007318946185,-11.1007318946185,-0.563444176984334,-2.21299291465315e-28,-0.563444176984334
529.4,-11.3692865693629,-11.3692865693629,-0.562654723075941,-2.17677461097344e-28,-0.562654723075941
529.5,-11.0274897105974,-11.0274897105974,-0.561866375288612,-2.14114906360697e-28,-0.561866375288612
529.6,-10.2950678703855,-10.2950678703855,-0.561079132072539,-2.10610657138034e-28,-0.561079132072539
529.7,-10.6612787904915,-10.6612787904915,-0.560292991880082,-2.07163759189147e-28,-0.560292991880082
529.8,-10.2950678703855,-10.2950678703855,-0.559507953165771,-2.03773273891126e-28,-0.559507953165771
529.9,-11.1007318946186,-11.1007318946186,-0.558724014386302,-2.00438277982767e-28,-0.558724014386302
530,-9.78237258223724,-9.78237258223724,-0.557941174000531,-1.9715786331313e-28,-0.557941174000531
530.1,-8.92788043532344,-8.92788043532344,-0.557159430469475,-1.93931136594286e-28,-0.557159430469475
530.2,-9.5138179074929,-9.5138179074929,-0.556378782256306,-1.90757219158028e-28,-0.556378782256306
530.3,-10.4171381770875,-10.4171381770875,-0.555599227826353,-1.87635246716622e-28,-0.555599227826353
530.4,-11.8331537348304,-11.8331537348304,-0.55482076564709,-1.84564369127452e-28,-0.55482076564709
530.5,-12.0284662255535,-12.0284662255535,-0.554043394188142,-1.81543750161498e-28,-0.554043394188142
530.6,-11.3204584466821,-11.3204584466821,-0.553267111921275,-1.78572567275653e-28,-0.553267111921275
530.7,-8.90346637398304,-8.90346637398304,-0.552491917320401,-1.7565001138872e-28,-0.552491917320401
530.8,-8.70815388325988,-8.70815388325988,-0.551717808861566,-1.72775286661087e-28,-0.551717808861566
530.9,-8.58608357655792,-8.58608357655792,-0.550944785022954,-1.69947610278029e-28,-0.550944785022954
531,-9.0987788647062,-9.0987788647062,-0.550172844284879,-1.67166212236515e-28,-0.550172844284879
531.1,-10.1485835023432,-10.1485835023432,-0.549401985129784,-1.64430335135558e-28,-0.549401985129784
531.2,-11.5157709374053,-11.5157709374053,-0.548632206042241,-1.61739233969952e-28,-0.548632206042241
531.3,-10.3927241157471,-10.3927241157471,-0.547863505508944,-1.59092175927394e-28,-0.547863505508944
531.4,-7.41420863221899,-7.41420863221899,-0.547095882018708,-1.56488440188951e-28,-0.547095882018708
531.5,-7.63393518428254,-7.63393518428254,-0.546329334062461,-1.53927317732747e-28,-0.546329334062461
531.6,-8.6349116992387,-8.6349116992387,-0.545563860133252,-1.51408111140922e-28,-0.545563860133252
531.7,-8.95229449666383,-8.95229449666383,-0.544799458726238,-1.48930134409697e-28,-0.544799458726238
531.8,-10.075341318322,-10.075341318322,-0.544036128338684,-1.46492712762567e-28,-0.544036128338684
531.9,-10.1241694410028,-10.1241694410028,-0.543273867469962,-1.44095182466572e-28,-0.543273867469962
532,-10.3194819317259,-10.3194819317259,-0.542512674621546,-1.41736890651535e-28,-0.542512674621546
532.1,-8.48842733119634,-8.48842733119634,-0.541752548297008,-1.39417195132289e-28,-0.541752548297008
532.2,-9.12319292604659,-9.12319292604659,-0.540993487002019,-1.37135464233809e-28,-0.540993487002019
532.3,-8.58608357655792,-8.58608357655792,-0.540235489244343,-1.34891076619192e-28,-0.540235489244343
532.4,-9.24526323274856,-9.24526323274856,-0.539478553533836,-1.32683421120464e-28,-0.539478553533836
532.5,-9.29409135542935,-9.29409135542935,-0.538722678382438,-1.30511896572153e-28,-0.538722678382438
532.6,-8.46401326985594,-8.46401326985594,-0.537967862304178,-1.28375911647586e-28,-0.537967862304178
532.7,-7.43862269355938,-7.43862269355938,-0.537214103815166,-1.26274884697869e-28,-0.537214103815166
532.8,-7.17006801881505,-7.17006801881505,-0.536461401433589,-1.24208243593494e-28,-0.536461401433589
532.9,-8.97670855800423,-8.97670855800423,-0.535709753679715,-1.22175425568543e-28,-0.535709753679715
533,-9.88002882759882,-9.88002882759882,-0.534959159075879,-1.20175877067442e-28,-0.534959159075879
533.1,-8.31752890181358,-8.31752890181358,-0.53420961614649,-1.18209053594221e-28,-0.53420961614649
533.2,-7.38979457087859,-7.38979457087859,-0.533461123418025,-1.1627441956425e-28,-0.533461123418025
533.3,-7.8048336136653,-7.8048336136653,-0.532713679419025,-1.14371448158386e-28,-0.532713679419025
533.4,-6.99916958943228,-6.99916958943228,-0.531967282680092,-1.12499621179518e-28,-0.531967282680092
533.5,-8.00014610438845,-8.00014610438845,-0.531221931733885,-1.10658428911454e-28,-0.531221931733885
533.6,-8.6593257605791,-8.6593257605791,-0.530477625115124,-1.08847369980131e-28,-0.530477625115124
533.7,-7.43862269355938,-7.43862269355938,-0.529734361360577,-1.0706595121707e-28,-0.529734361360577
533.8,-6.68178679200716,-6.68178679200716,-0.528992139009065,-1.05313687525096e-28,-0.528992139009065
533.9,-6.16909150385888,-6.16909150385888,-0.528250956601457,-1.03590101746236e-28,-0.528250956601457
534,-7.12123989613426,-7.12123989613426,-0.527510812680663,-1.01894724531776e-28,-0.527510812680663
534.1,-8.95229449666383,-8.95229449666383,-0.526771705791636,-1.00227094214472e-28,-0.526771705791636
534.2,-9.12319292604659,-9.12319292604659,-0.52603363448137,-9.85867566828131e-29,-0.52603363448137
534.3,-8.14663047243082,-8.14663047243082,-0.525296597298892,-9.6973265257378e-29,-0.525296597298892
534.4,-7.56069300026136,-7.56069300026136,-0.524560592795264,-9.53861805691945e-29,-0.524560592795264
534.5,-6.97475552809189,-6.97475552809189,-0.523825619523576,-9.38250704400869e-29,-0.523825619523576
534.6,-6.14467744251848,-6.14467744251848,-0.523091676038946,-9.2289509765007e-29,-0.523091676038946
534.7,-6.87709928273032,-6.87709928273032,-0.522358760898519,-9.07790803962577e-29,-0.522358760898519
534.8,-7.63393518428254,-7.63393518428254,-0.521626872661458,-8.92933710296387e-29,-0.521626872661458
534.9,-7.82924767500569,-7.82924767500569,-0.520896009888947,-8.78319770924407e-29,-0.520896009888947
535,-7.87807579768648,-7.87807579768648,-0.520166171144186,-8.63945006332686e-29,-0.520166171144186
535.1,-7.65834924562293,-7.65834924562293,-0.519437354992385,-8.49805502136902e-29,-0.519437354992385
535.2,-6.43764617860321,-6.43764617860321,-0.518709560000768,-8.35897408016352e-29,-0.518709560000768
535.3,-7.51186487758057,-7.51186487758057,-0.517982784738566,-8.22216936665447e-29,-0.517982784738566
535.4,-6.24233368788006,-6.24233368788006,-0.517257027777014,-8.08760362762491e-29,-0.517257027777014
535.5,-5.11928686622192,-5.11928686622192,-0.516532287689347,-7.95524021955099e-29,-0.516532287689347
535.6,-5.80288058375296,-5.80288058375296,-0.515808563050802,-7.82504309862512e-29,-0.515808563050802
535.7,-6.87709928273032,-6.87709928273032,-0.515085852438611,-7.69697681094002e-29,-0.515085852438611
535.8,-5.2413571729239,-5.2413571729239,-0.514364154432,-7.57100648283418e-29,-0.514364154432
535.9,-6.12026338117809,-6.12026338117809,-0.513643467612185,-7.4470978113962e-29,-0.513643467612185
536,-6.19350556519928,-6.19350556519928,-0.51292379056237,-7.32521705512258e-29,-0.51292379056237
536.1,-6.85268522138992,-6.85268522138992,-0.512205121867744,-7.20533102473091e-29,-0.512205121867744
536.2,-7.82924767500569,-7.82924767500569,-0.511487460115479,-7.08740707412141e-29,-0.511487460115479
536.3,-4.87514625281798,-4.87514625281798,-0.510770803894727,-6.97141309148685e-29,-0.510770803894727
536.4,-4.70424782343522,-4.70424782343522,-0.510055151796614,-6.85731749056906e-29,-0.510055151796614
536.5,-5.80288058375297,-5.80288058375297,-0.509340502414243,-6.74508920205647e-29,-0.509340502414243
536.6,-7.38979457087859,-7.38979457087859,-0.508626854342687,-6.63469766512491e-29,-0.508626854342687
536.7,-8.04897422706924,-8.04897422706924,-0.507914206178987,-6.52611281911486e-29,-0.507914206178987
536.8,-6.55971648530519,-6.55971648530519,-0.507202556522152,-6.4193050953459e-29,-0.507202556522152
536.9,-5.38784154096626,-5.38784154096626,-0.506491903973151,-6.31424540906463e-29,-0.506491903973151
537,-6.21791962653966,-6.21791962653966,-0.505782247134914,-6.21090515152488e-29,-0.505782247134914
537.1,-6.73061491468795,-6.73061491468795,-0.50507358461233,-6.1092561821971e-29,-0.50507358461233
537.2,-7.02358365077268,-7.02358365077268,-0.504365915012241,-6.0092708211057e-29,-0.504365915012241
537.3,-6.29116181056085,-6.29116181056085,-0.503659236943442,-5.91092184129131e-29,-0.503659236943442
537.4,-5.92495089045493,-5.92495089045493,-0.502953549016678,-5.81418246139653e-29,-0.502953549016678
537.5,-6.5353024239648,-6.5353024239648,-0.502248849844637,-5.7190263383733e-29,-0.502248849844637
537.6,-5.75405246107218,-5.75405246107218,-0.501545138041955,-5.62542756030932e-29,-0.501545138041955
537.7,-6.97475552809189,-6.97475552809189,-0.500842412225207,-5.53336063937217e-29,-0.500842412225207
537.8,-7.65834924562294,-7.65834924562294,-0.500140671012906,-5.44280050486867e-29,-0.500140671012906
537.9,-8.31752890181358,-8.31752890181358,-0.499439913025502,-5.35372249641763e-29,-0.499439913025502
538,-7.26772426417663,-7.26772426417663,-0.498740136885377,-5.2661023572349e-29,-0.498740136885377
538.1,-5.6563962157106,-5.6563962157106,-0.498041341216844,-5.17991622752785e-29,-0.498041341216844
538.2,-6.68178679200716,-6.68178679200716,-0.497343524646141,-5.09514063799833e-29,-0.497343524646141
538.3,-6.85268522138992,-6.85268522138992,-0.496646685801434,-5.01175250345156e-29,-0.496646685801434
538.4,-4.48452127137167,-4.48452127137167,-0.495950823312811,-4.92972911650999e-29,-0.495950823312811
538.5,-5.36342747962587,-5.36342747962587,-0.495255935812276,-4.84904814142935e-29,-0.495255935812276
538.6,-5.48549778632784,-5.48549778632784,-0.494562021933753,-4.7696876080173e-29,-0.494562021933753
538.7,-6.02260713581651,-6.02260713581651,-0.493869080313079,-4.69162590564991e-29,-0.493869080313079
538.8,-5.55873997034902,-5.55873997034902,-0.493177109588001,-4.61484177738742e-29,-0.493177109588001
538.9,-5.6563962157106,-5.6563962157106,-0.49248610839818,-4.53931431418567e-29,-0.49248610839818
539,-6.31557587190124,-6.31557587190124,-0.491796075385174,-4.46502294920185e-29,-0.491796075385174
539.1,-5.99819307447612,-5.99819307447612,-0.491107009192453,-4.39194745219487e-29,-0.491107009192453
539.2,-6.16909150385888,-6.16909150385888,-0.490418908465381,-4.32006792401567e-29,-0.490418908465381
539.3,-4.75307594611601,-4.75307594611601,-0.489731771851226,-4.24936479118899e-29,-0.489731771851226
539.4,-2.67788073218249,-2.67788073218249,-0.489045597999148,-4.1798188005832e-29,-0.489045597999148
539.5,-2.62905260950171,-2.62905260950171,-0.488360385560198,-4.1114110141671e-29,-0.488360385560198
539.6,-5.75405246107217,-5.75405246107217,-0.487676133187321,-4.04412280385361e-29,-0.487676133187321
539.7,-6.9503414667515,-6.9503414667515,-0.486992839535347,-3.97793584642674e-29,-0.486992839535347
539.8,-5.70522433839139,-5.70522433839139,-0.48631050326099,-3.9128321185519e-29,-0.48631050326099
539.9,-4.43569314869088,-4.43569314869088,-0.48562912302285,-3.84879389186845e-29,-0.48562912302285
540,-3.9229978605426,-3.9229978605426,-0.484948697481402,-3.7858037281614e-29,-0.484948697481402
540.1,-6.33998993324164,-6.33998993324164,-0.484269225299,-3.72384447461357e-29,-0.484269225299
540.2,-7.85366173634608,-7.85366173634608,-0.483590705139871,-3.66289925913429e-29,-0.483590705139871
540.3,-6.29116181056085,-6.29116181056085,-0.482913135670116,-3.60295148576488e-29,-0.482913135670116
540.4,-5.50991184766823,-5.50991184766823,-0.482236515557704,-3.54398483015987e-29,-0.482236515557704
540.5,-6.29116181056085,-6.29116181056085,-0.481560843472467,-3.48598323514105e-29,-0.481560843472467
540.6,-5.58315403168942,-5.58315403168942,-0.480886118086105,-3.42893090632566e-29,-0.480886118086105
540.7,-5.48549778632784,-5.48549778632784,-0.480212338072179,-3.37281230782504e-29,-0.480212338072179
540.8,-4.55776345539286,-4.55776345539286,-0.479539502106104,-3.31761215801398e-29,-0.479539502106104
540.9,-5.80288058375297,-5.80288058375297,-0.478867608865157,-3.26331542536977e-29,-0.478867608865157
541,-6.65737273066677,-6.65737273066677,-0.478196657028463,-3.20990732437843e-29,-0.478196657028463
541.1,-5.87612276777415,-5.87612276777415,-0.477526645277002,-3.15737331150904e-29,-0.477526645277002
541.2,-4.63100563941404,-4.63100563941404,-0.476857572293598,-3.10569908125307e-29,-0.476857572293598
541.3,-4.41127908735049,-4.41127908735049,-0.476189436762924,-3.05487056222894e-29,-0.476189436762924
541.4,-5.72963839973178,-5.72963839973178,-0.475522237371495,-3.00487391335018e-29,-0.475522237371495
541.5,-5.94936495179533,-5.94936495179533,-0.474855972807664,-2.95569552005645e-29,-0.474855972807664
541.6,-5.33901341828548,-5.33901341828548,-0.474190641761626,-2.90732199060613e-29,-0.474190641761626
541.7,-5.31459935694508,-5.31459935694508,-0.473526242925407,-2.85974015242968e-29,-0.473526242925407
541.8,-4.82631813013719,-4.82631813013719,-0.472862774992868,-2.81293704854262e-29,-0.472862774992868
541.9,-4.97280249817956,-4.97280249817956,-0.472200236659701,-2.76689993401708e-29,-0.472200236659701
542,-4.04506816724458,-4.04506816724458,-0.471538626623422,-2.72161627251137e-29,-0.471538626623422
542.1,-5.11928686622193,-5.11928686622193,-0.470877943583375,-2.67707373285617e-29,-0.470877943583375
542.2,-6.26674774922046,-6.26674774922046,-0.470218186240726,-2.63326018569671e-29,-0.470218186240726
542.3,-5.58315403168942,-5.58315403168942,-0.469559353298458,-2.59016370018976e-29,-0.469559353298458
542.4,-4.99721655951995,-4.99721655951995,-0.468901443461378,-2.5477725407547e-29,-0.468901443461378
542.5,-6.0714352584973,-6.0714352584973,-0.468244455436098,-2.50607516387792e-29,-0.468244455436098
542.6,-5.90053682911455,-5.90053682911455,-0.46758838793105,-2.46506021496929e-29,-0.46758838793105
542.7,-5.6319821543702,-5.6319821543702,-0.466933239656472,-2.42471652527037e-29,-0.466933239656472
542.8,-4.33803690332931,-4.33803690332931,-0.466279009324412,-2.3850331088129e-29,-0.466279009324412
542.9,-5.82729464509336,-5.82729464509336,-0.46562569564872,-2.34599915942736e-29,-0.46562569564872
543,-6.85268522138992,-6.85268522138992,-0.464973297345047,-2.30760404780002e-29,-0.464973297345047
543.1,-4.46010721003128,-4.46010721003128,-0.464321813130848,-2.26983731857896e-29,-0.464321813130848
543.2,-4.77749000745641,-4.77749000745641,-0.46367124172537,-2.23268868752659e-29,-0.46367124172537
543.3,-5.50991184766823,-5.50991184766823,-0.463021581849658,-2.19614803871936e-29,-0.463021581849658
543.4,-6.04702119715691,-6.04702119715691,-0.462372832226549,-2.16020542179309e-29,-0.462372832226549
543.5,-5.48549778632784,-5.48549778632784,-0.461724991580666,-2.12485104923314e-29,-0.461724991580666
543.6,-5.58315403168941,-5.58315403168941,-0.461078058638422,-2.09007529370958e-29,-0.461078058638422
543.7,-6.14467744251849,-6.14467744251849,-0.460432032128014,-2.05586868545525e-29,-0.460432032128014
543.8,-5.43666966364705,-5.43666966364705,-0.45978691077942,-2.02222190968723e-29,-0.45978691077942
543.9,-5.92495089045493,-5.92495089045493,-0.4591426933244,-1.98912580407033e-29,-0.4591426933244
544,-5.53432590900863,-5.53432590900863,-0.458499378496486,-1.95657135622187e-29,-0.458499378496486
544.1,-4.94838843683916,-4.94838843683916,-0.457856965030989,-1.92454970125791e-29,-0.457856965030989
544.2,-5.38784154096626,-5.38784154096626,-0.457215451664991,-1.8930521193789e-29,-0.457215451664991
544.3,-5.94936495179533,-5.94936495179533,-0.456574837137342,-1.86207003349542e-29,-0.456574837137342
544.4,-6.33998993324164,-6.33998993324164,-0.455935120188662,-1.83159500689255e-29,-0.455935120188662
544.5,-5.53432590900863,-5.53432590900863,-0.455296299561331,-1.80161874093222e-29,-0.455296299561331
544.6,-5.82729464509336,-5.82729464509336,-0.454658373999495,-1.77213307279375e-29,-0.454658373999495
544.7,-5.90053682911455,-5.90053682911455,-0.454021342249057,-1.74312997325088e-29,-0.454021342249057
544.8,-3.65444318579827,-3.65444318579827,-0.45338520305768,-1.71460154448526e-29,-0.45338520305768
544.9,-2.99526352960762,-2.99526352960762,-0.45274995517478,-1.686540017936e-29,-0.45274995517478
545,-3.89858379920221,-3.89858379920221,-0.452115597351524,-1.65893775218393e-29,-0.452115597351524
545.1,-4.43569314869088,-4.43569314869088,-0.451482128340831,-1.6317872308711e-29,-0.451482128340831
545.2,-4.3868650260101,-4.3868650260101,-0.450849546897366,-1.6050810606538e-29,-0.450849546897366
545.3,-3.63002912445787,-3.63002912445787,-0.450217851777538,-1.57881196918926e-29,-0.450217851777538
545.4,-3.84975567652142,-3.84975567652142,-0.449587041739503,-1.5529728031555e-29,-0.449587041739503
545.5,-6.38881805592243,-6.38881805592243,-0.448957115543151,-1.52755652630316e-29,-0.448957115543151
545.6,-7.8048336136653,-7.8048336136653,-0.448328071950112,-1.5025562175397e-29,-0.448328071950112
545.7,-4.97280249817956,-4.97280249817956,-0.447699909723753,-1.47796506904463e-29,-0.447699909723753
545.8,-3.5323728790963,-3.5323728790963,-0.44707262762917,-1.45377638441565e-29,-0.44707262762917
545.9,-4.16713847394655,-4.16713847394655,-0.446446224433193,-1.42998357684517e-29,-0.446446224433193
546,-4.72866188477562,-4.72866188477562,-0.445820698904376,-1.40658016732664e-29,-0.445820698904376
546.1,-4.58217751673325,-4.58217751673325,-0.445196049813003,-1.38355978289032e-29,-0.445196049813003
546.2,-4.85073219147759,-4.85073219147759,-0.444572275931076,-1.36091615486782e-29,-0.444572275931076
546.3,-4.87514625281798,-4.87514625281798,-0.443949376032321,-1.3386431171851e-29,-0.443949376032321
546.4,-4.04506816724458,-4.04506816724458,-0.443327348892182,-1.31673460468333e-29,-0.443327348892182
546.5,-5.04604468220074,-5.04604468220074,-0.442706193287816,-1.29518465146736e-29,-0.442706193287816
546.6,-6.31557587190125,-6.31557587190125,-0.442085907998097,-1.27398738928111e-29,-0.442085907998097
546.7,-6.29116181056085,-6.29116181056085,-0.441466491803607,-1.25313704590963e-29,-0.441466491803607
546.8,-4.92397437549878,-4.92397437549878,-0.440847943486638,-1.23262794360724e-29,-0.440847943486638
546.9,-4.24038065796773,-4.24038065796773,-0.440230261831189,-1.2124544975514e-29,-0.440230261831189
547,-5.11928686622193,-5.11928686622193,-0.43961344562296,-1.19261121432197e-29,-0.43961344562296
547.1,-5.36342747962587,-5.36342747962587,-0.438997493649356,-1.17309269040524e-29,-0.438997493649356
547.2,-5.16811498890271,-5.16811498890271,-0.438382404699476,-1.15389361072257e-29,-0.438382404699476
547.3,-4.89956031415838,-4.89956031415838,-0.437768177564122,-1.13500874718299e-29,-0.437768177564122
547.4,-4.41127908735049,-4.41127908735049,-0.437154811035785,-1.11643295725957e-29,-0.437154811035785
547.5,-5.70522433839139,-5.70522433839139,-0.43654230390865,-1.09816118258899e-29,-0.43654230390865
547.6,-5.55873997034902,-5.55873997034902,-0.435930654978592,-1.08018844759425e-29,-0.435930654978592
547.7,-4.89956031415837,-4.89956031415837,-0.435319863043171,-1.06250985812959e-29,-0.435319863043171
547.8,-4.02065410590418,-4.02065410590418,-0.434709926901635,-1.04512060014793e-29,-0.434709926901635
547.9,-3.5079588177559,-3.5079588177559,-0.434100845354911,-1.0280159383899e-29,-0.434100845354911
548,-4.26479471930812,-4.26479471930812,-0.433492617205608,-1.01119121509426e-29,-0.433492617205608
548.1,-4.50893533271207,-4.50893533271207,-0.432885241258013,-9.9464184872979e-30,-0.432885241258013
548.2,-3.75209943115984,-3.75209943115984,-0.432278716318086,-9.78363332747488e-30,-0.432278716318086
548.3,-3.97182598322339,-3.97182598322339,-0.431673041193463,-9.62351234353512e-30,-0.431673041193463
548.4,-3.67885724713866,-3.67885724713866,-0.43106821469345,-9.46601193302061e-30,-0.43106821469345
548.5,-3.70327130847905,-3.70327130847905,-0.430464235629019,-9.31108920707948e-30,-0.430464235629019
548.6,-4.53334939405246,-4.53334939405246,-0.42986110281281,-9.1587019787887e-30,-0.42986110281281
548.7,-5.99819307447612,-5.99819307447612,-0.429258815059125,-9.00880875166453e-30,-0.429258815059125
548.8,-7.65834924562293,-7.65834924562293,-0.428657371183931,-8.86136870836377e-30,-0.428657371183931
548.9,-8.48842733119634,-8.48842733119634,-0.428056770004851,-8.71634169956845e-30,-0.428056770004851
549,-11.3448725080225,-11.3448725080225,-0.427457010341163,-8.57368823305201e-30,-0.427457010341163
549.1,-11.564599060086,-11.564599060086,-0.426858091013803,-8.43336946292661e-30,-0.426858091013803
549.2,-10.5392084837895,-10.5392084837895,-0.426260010845357,-8.29534717906423e-30,-0.426260010845357
549.3,-8.87905231264265,-8.87905231264265,-0.425662768660062,-8.15958379669138e-30,-0.425662768660062
549.4,-8.75698200594067,-8.75698200594067,-0.425066363283801,-8.02604234615542e-30,-0.425066363283801
549.5,-9.02553668068501,-9.02553668068501,-0.424470793544103,-7.89468646285594e-30,-0.424470793544103
549.6,-10.4415522384279,-10.4415522384279,-0.423876058270138,-7.76548037734387e-30,-0.423876058270138
549.7,-11.7599115508092,-11.7599115508092,-0.423282156292719,-7.63838890558027e-30,-0.423282156292719
549.8,-11.4181146920437,-11.4181146920437,-0.422689086444296,-7.5133774393552e-30,-0.422689086444296
549.9,-10.3438959930663,-10.3438959930663,-0.422096847558956,-7.39041193686443e-30,-0.422096847558956
550,-10.4415522384279,-10.4415522384279,-0.421505438472416,-7.26945891343828e-30,-0.421505438472416
550.1,-9.61147415285448,-9.61147415285448,-0.420914858022029,-7.15048543242478e-30,-0.420914858022029
550.2,-9.44057572347172,-9.44057572347172,-0.420325105046774,-7.03345909621995e-30,-0.420325105046774
550.3,-10.0997553796624,-10.0997553796624,-0.419736178387257,-6.91834803744548e-30,-0.419736178387257
550.4,-9.39174760079093,-9.39174760079093,-0.419148076885711,-6.8051209102716e-30,-0.419148076885711
550.5,-9.48940384615251,-9.48940384615251,-0.418560799385987,-6.69374688188065e-30,-0.418560799385987
550.6,-10.3683100544067,-10.3683100544067,-0.417974344733559,-6.58419562407128e-30,-0.417974344733559
550.7,-10.9542475265762,-10.9542475265762,-0.417388711775518,-6.47643730500003e-30,-0.417388711775518
550.8,-10.075341318322,-10.075341318322,-0.416803899360569,-6.37044258105757e-30,-0.416803899360569
550.9,-9.0499507420254,-9.0499507420254,-0.416219906339034,-6.26618258887805e-30,-0.416219906339034
551,-9.36733353945054,-9.36733353945054,-0.415636731562839,-6.16362893747955e-30,-0.415636731562839
551.1,-9.95327101162,-9.95327101162,-0.415054373885526,-6.06275370053283e-30,-0.415054373885526
551.2,-8.219872656452,-8.219872656452,-0.414472832162238,-5.96352940875694e-30,-0.414472832162238
551.3,-8.07338828840963,-8.07338828840963,-0.413892105249724,-5.86592904243888e-30,-0.413892105249724
551.4,-6.99916958943228,-6.99916958943228,-0.413312192006337,-5.76992602407578e-30,-0.413312192006337
551.5,-7.46303675489978,-7.46303675489978,-0.412733091292025,-5.6754942111378e-30,-0.412733091292025
551.6,-8.6593257605791,-8.6593257605791,-0.412154801968337,-5.58260788894911e-30,-0.412154801968337
551.7,-8.31752890181358,-8.31752890181358,-0.411577322898416,-5.4912417636858e-30,-0.411577322898416
551.8,-8.00014610438845,-8.00014610438845,-0.411000652946998,-5.40137095548793e-30,-0.411000652946998
551.9,-9.26967729408896,-9.26967729408896,-0.410424790980409,-5.31297099168441e-30,-0.410424790980409
552,-8.56166951521752,-8.56166951521752,-0.409849735866563,-5.22601780012899e-30,-0.409849735866563
552.1,-7.58510706160175,-7.58510706160175,-0.409275486474963,-5.14048770264539e-30,-0.409275486474963
552.2,-8.56166951521752,-8.56166951521752,-0.408702041676692,-5.05635740857904e-30,-0.408702041676692
552.3,-7.75600549098451,-7.75600549098451,-0.408129400344418,-4.97360400845526e-30,-0.408129400344418
552.4,-8.29311484047318,-8.29311484047318,-0.407557561352387,-4.89220496774072e-30,-0.407557561352387
552.5,-8.80581012862147,-8.80581012862147,-0.406986523576423,-4.81213812070652e-30,-0.406986523576423
552.6,-9.88002882759882,-9.88002882759882,-0.406416285893923,-4.73338166439319e-30,-0.406416285893923
552.7,-9.14760698738699,-9.14760698738699,-0.405846847183861,-4.6559141526727e-30,-0.405846847183861
552.8,-7.65834924562293,-7.65834924562293,-0.405278206326778,-4.57971449040905e-30,-0.405278206326778
552.9,-8.68373982191949,-8.68373982191949,-0.404710362204786,-4.50476192771366e-30,-0.404710362204786
553,-9.04995074202541,-9.04995074202541,-0.40414331370156,-4.4310360542946e-30,-0.40414331370156
553.1,-7.65834924562293,-7.65834924562293,-0.403577059702343,-4.35851679389947e-30,-0.403577059702343
553.2,-5.6319821543702,-5.6319821543702,-0.403011599093937,-4.28718439884769e-30,-0.403011599093937
553.3,-6.90151334407071,-6.90151334407071,-0.402446930764705,-4.21701944465353e-30,-0.402446930764705
553.4,-7.63393518428253,-7.63393518428253,-0.401883053604569,-4.1480028247365e-30,-0.401883053604569
553.5,-8.43959920851555,-8.43959920851555,-0.401319966505003,-4.08011574521804e-30,-0.401319966505003
553.6,-8.97670855800422,-8.97670855800422,-0.400757668359036,-4.01333971980448e-30,-0.400757668359036
553.7,-8.48842733119634,-8.48842733119634,-0.400196158061249,-3.94765656475262e-30,-0.400196158061249
553.8,-7.48745081624017,-7.48745081624017,-0.39963543450777,-3.88304839391803e-30,-0.39963543450777
553.9,-6.36440399458203,-6.36440399458203,-0.399075496596275,-3.81949761388493e-30,-0.399075496596275
554,-6.73061491468795,-6.73061491468795,-0.398516343225982,-3.75698691917468e-30,-0.398516343225982
554.1,-7.12123989613426,-7.12123989613426,-0.397957973297656,-3.69549928753402e-30,-0.397957973297656
554.2,-6.60854460798598,-6.60854460798598,-0.397400385713598,-3.63501797529939e-30,-0.397400385713598
554.3,-6.58413054664558,-6.58413054664558,-0.396843579377647,-3.57552651283736e-30,-0.396843579377647
554.4,-6.63295866932637,-6.63295866932637,-0.396287553195183,-3.51700870006023e-30,-0.396287553195183
554.5,-7.12123989613426,-7.12123989613426,-0.395732306073112,-3.45944860201395e-30,-0.395732306073112
554.6,-7.43862269355938,-7.43862269355938,-0.395177836919878,-3.40283054453954e-30,-0.395177836919878
554.7,-6.60854460798598,-6.60854460798598,-0.394624144645451,-3.34713911000454e-30,-0.394624144645451
554.8,-5.87612276777414,-5.87612276777414,-0.394071228161329,-3.29235913310453e-30,-0.394071228161329
554.9,-5.38784154096626,-5.38784154096626,-0.393519086380536,-3.23847569673382e-30,-0.393519086380536
555,-6.77944303736874,-6.77944303736874,-0.392967718217618,-3.18547412792304e-30,-0.392967718217618
555.1,-7.12123989613426,-7.12123989613426,-0.392417122588642,-3.1333399938437e-30,-0.392417122588642
555.2,-7.53627893892096,-7.53627893892096,-0.391867298411194,-3.08205909787807e-30,-0.391867298411194
555.3,-7.24331020283623,-7.24331020283623,-0.391318244604376,-3.03161747575325e-30,-0.391318244604376
555.4,-6.60854460798598,-6.60854460798598,-0.390769960088806,-2.98200139173843e-30,-0.390769960088806
555.5,-6.19350556519928,-6.19350556519928,-0.390222443786612,-2.9331973349047e-30,-0.390222443786612
555.6,-6.99916958943228,-6.99916958943228,-0.389675694621434,-2.88519201544577e-30,-0.389675694621434
555.7,-6.65737273066677,-6.65737273066677,-0.38912971151842,-2.83797236105919e-30,-0.38912971151842
555.8,-6.55971648530519,-6.55971648530519,-0.388584493404223,-2.79152551338654e-30,-0.388584493404223
555.9,-5.26577123426429,-5.26577123426429,-0.388040039207002,-2.74583882451189e-30,-0.388040039207002
556,-5.72963839973178,-5.72963839973178,-0.387496347856414,-2.70089985351777e-30,-0.387496347856414
556.1,-6.60854460798598,-6.60854460798598,-0.386953418283619,-2.65669636309734e-30,-0.386953418283619
556.2,-6.99916958943229,-6.99916958943229,-0.386411249421274,-2.61321631622215e-30,-0.386411249421274
556.3,-7.58510706160175,-7.58510706160175,-0.385869840203531,-2.57044787286424e-30,-0.385869840203531
556.4,-8.09780234975003,-8.09780234975003,-0.385329189566035,-2.52837938677199e-30,-0.385329189566035
556.5,-7.3409664481978,-7.3409664481978,-0.384789296445923,-2.48699940229874e-30,-0.384789296445923
556.6,-8.29311484047318,-8.29311484047318,-0.38425015978182,-2.44629665128342e-30,-0.38425015978182
556.7,-9.5138179074929,-9.5138179074929,-0.383711778513839,-2.40626004998193e-30,-0.383711778513839
556.8,-7.73159142964412,-7.73159142964412,-0.38317415158358,-2.36687869604913e-30,-0.38317415158358
556.9,-6.21791962653967,-6.21791962653967,-0.382637277934123,-2.32814186556995e-30,-0.382637277934123
557,-7.19448208015544,-7.19448208015544,-0.382101156510028,-2.29003901013898e-30,-0.382101156510028
557.1,-7.3653805095382,-7.3653805095382,-0.381565786257338,-2.25255975398842e-30,-0.381565786257338
557.2,-8.83022418996186,-8.83022418996186,-0.38103116612357,-2.2156938911623e-30,-0.38103116612357
557.3,-8.56166951521752,-8.56166951521752,-0.380497295057715,-2.17943138273755e-30,-0.380497295057715
557.4,-8.02456016572884,-8.02456016572884,-0.379964172010239,-2.14376235409023e-30,-0.379964172010239
557.5,-7.12123989613426,-7.12123989613426,-0.379431795933076,-2.10867709220639e-30,-0.379431795933076
557.6,-6.82827116004952,-6.82827116004952,-0.37890016577963,-2.07416604303748e-30,-0.37890016577963
557.7,-6.99916958943229,-6.99916958943229,-0.378369280504771,-2.04021980889837e-30,-0.378369280504771
557.8,-6.70620085334756,-6.70620085334756,-0.377839139064834,-2.0068291459085e-30,-0.377839139064834
557.9,-6.09584931983769,-6.09584931983769,-0.377309740417615,-1.97398496147459e-30,-0.377309740417615
558,-6.63295866932637,-6.63295866932637,-0.376781083522371,-1.94167831181449e-30,-0.376781083522371
558.1,-5.82729464509336,-5.82729464509336,-0.376253167339817,-1.90990039952202e-30,-0.376253167339817
558.2,-5.50991184766823,-5.50991184766823,-0.375725990832125,-1.87864257117114e-30,-0.375725990832125
558.3,-6.19350556519927,-6.19350556519927,-0.37519955296292,-1.84789631495952e-30,-0.37519955296292
558.4,-6.70620085334755,-6.70620085334755,-0.37467385269728,-1.8176532583909e-30,-0.37467385269728
558.5,-8.17104453377121,-8.17104453377121,-0.374148889001731,-1.78790516599484e-30,-0.374148889001731
558.6,-6.65737273066677,-6.65737273066677,-0.37362466084425,-1.7586439370845e-30,-0.37362466084425
558.7,-5.16811498890271,-5.16811498890271,-0.373101167194259,-1.72986160355053e-30,-0.373101167194259
558.8,-5.07045874354114,-5.07045874354114,-0.372578407022622,-1.70155032769125e-30,-0.372578407022622
558.9,-5.09487280488153,-5.09487280488153,-0.372056379301648,-1.67370240007858e-30,-0.372056379301648
559,-6.16909150385888,-6.16909150385888,-0.371535083005084,-1.64631023745834e-30,-0.371535083005084
559.1,-7.34096644819781,-7.34096644819781,-0.371014517108115,-1.61936638068566e-30,-0.371014517108115
559.2,-6.33998993324164,-6.33998993324164,-0.370494680587362,-1.59286349269353e-30,-0.370494680587362
559.3,-5.33901341828547,-5.33901341828547,-0.36997557242088,-1.56679435649485e-30,-0.36997557242088
559.4,-6.43764617860322,-6.43764617860322,-0.369457191588158,-1.54115187321737e-30,-0.369457191588158
559.5,-6.99916958943228,-6.99916958943228,-0.36893953707011,-1.51592906017028e-30,-0.36893953707011
559.6,-5.33901341828547,-5.33901341828547,-0.368422607849082,-1.49111904894309e-30,-0.368422607849082
559.7,-3.80092755384063,-3.80092755384063,-0.367906402908845,-1.46671508353511e-30,-0.367906402908845
559.8,-4.02065410590418,-4.02065410590418,-0.367390921234593,-1.44271051851577e-30,-0.367390921234593
559.9,-5.04604468220074,-5.04604468220074,-0.366876161812942,-1.41909881721498e-30,-0.366876161812942
560,-3.72768536981945,-3.72768536981945,-0.366362123631928,-1.39587354994317e-30,-0.366362123631928
560.1,-4.26479471930812,-4.26479471930812,-0.365848805681005,-1.37302839224038e-30,-0.365848805681005
560.2,-5.29018529560468,-5.29018529560468,-0.365336206951044,-1.35055712315414e-30,-0.365336206951044
560.3,-5.41225560230665,-5.41225560230665,-0.364824326434328,-1.32845362354538e-30,-0.364824326434328
560.4,-6.02260713581651,-6.02260713581651,-0.364313163124553,-1.30671187442209e-30,-0.364313163124553
560.5,-4.70424782343522,-4.70424782343522,-0.363802716016825,-1.28532595530035e-30,-0.363802716016825
560.6,-5.55873997034903,-5.55873997034903,-0.363292984107656,-1.26429004259213e-30,-0.363292984107656
560.7,-6.16909150385888,-6.16909150385888,-0.362783966394968,-1.24359840801946e-30,-0.362783966394968
560.8,-6.16909150385888,-6.16909150385888,-0.362275661878084,-1.22324541705458e-30,-0.362275661878084
560.9,-5.19252905024311,-5.19252905024311,-0.36176806955773,-1.20322552738553e-30,-0.36176806955773
561,-4.09389628992537,-4.09389628992537,-0.361261188436031,-1.18353328740702e-30,-0.361261188436031
561.1,-4.11831035126576,-4.11831035126576,-0.360755017516511,-1.16416333473589e-30,-0.360755017516511
561.2,-3.33706038837314,-3.33706038837314,-0.360249555804092,-1.1451103947508e-30,-0.360249555804092
561.3,-4.46010721003128,-4.46010721003128,-0.359744802305087,-1.12636927915602e-30,-0.359744802305087
561.4,-4.60659157807365,-4.60659157807365,-0.359240756027204,-1.10793488456856e-30,-0.359240756027204
561.5,-5.02163062086035,-5.02163062086035,-0.358737415979538,-1.08980219112837e-30,-0.358737415979538
561.6,-5.48549778632784,-5.48549778632784,-0.358234781172576,-1.07196626113159e-30,-0.358234781172576
561.7,-6.55971648530519,-6.55971648530519,-0.35773285061819,-1.05442223768576e-30,-0.35773285061819
561.8,-7.14565395747465,-7.14565395747465,-0.357231623329636,-1.03716534338739e-30,-0.357231623329636
561.9,-6.19350556519928,-6.19350556519928,-0.356731098321553,-1.02019087902099e-30,-0.356731098321553
562,-4.31362284198891,-4.31362284198891,-0.35623127460996,-1.00349422227932e-30,-0.35623127460996
562.1,-3.75209943115984,-3.75209943115984,-0.355732151212255,-9.87070826504882e-31,-0.355732151212255
562.2,-4.85073219147759,-4.85073219147759,-0.355233727147215,-9.70916219451656e-31,-0.355233727147215
562.3,-6.36440399458204,-6.36440399458204,-0.354736001434988,-9.55026002067375e-31,-0.354736001434988
562.4,-5.90053682911454,-5.90053682911454,-0.354238973097097,-9.3939584729559e-31,-0.354238973097097
562.5,-4.92397437549877,-4.92397437549877,-0.353742641156435,-9.24021498897281e-31,-0.353742641156435
562.6,-4.43569314869088,-4.43569314869088,-0.353247004637266,-9.08898770292006e-31,-0.353247004637266
562.7,-5.80288058375297,-5.80288058375297,-0.352752062565219,-8.94023543417754e-31,-0.352752062565219
562.8,-5.29018529560468,-5.29018529560468,-0.352257813967289,-8.79391767609542e-31,-0.352257813967289
562.9,-4.63100563941404,-4.63100563941404,-0.351764257871835,-8.64999458496474e-31,-0.351764257871835
563,-5.02163062086035,-5.02163062086035,-0.351271393308576,-8.50842696916615e-31,-0.351271393308576
563.1,-6.41323211726282,-6.41323211726282,-0.350779219308591,-8.36917627849926e-31,-0.350779219308591
563.2,-6.55971648530519,-6.55971648530519,-0.350287734904318,-8.23220459368415e-31,-0.350287734904318
563.3,-5.6563962157106,-5.6563962157106,-0.349796939129547,-8.0974746160354e-31,-0.349796939129547
563.4,-4.31362284198891,-4.31362284198891,-0.349306831019427,-7.96494965730626e-31,-0.349306831019427
563.5,-3.9229978605426,-3.9229978605426,-0.348817409610455,-7.83459362969665e-31,-0.348817409610455
563.6,-3.28823226569235,-3.28823226569235,-0.348328673940478,-7.70637103602766e-31,-0.348328673940478
563.7,-4.3868650260101,-4.3868650260101,-0.347840623048693,-7.58024696007447e-31,-0.347840623048693
563.8,-7.21889614149583,-7.21889614149583,-0.347353255975643,-7.45618705705817e-31,-0.347353255975643
563.9,-6.60854460798598,-6.60854460798598,-0.346866571763214,-7.3341575442942e-31,-0.346866571763214
564,-4.3624509646697,-4.3624509646697,-0.346380569454635,-7.21412519199173e-31,-0.346380569454635
564.1,-4.04506816724458,-4.04506816724458,-0.345895248094476,-7.09605731420624e-31,-0.345895248094476
564.2,-4.65541970075443,-4.65541970075443,-0.345410606728645,-6.97992175993798e-31,-0.345410606728645
564.3,-6.0714352584973,-6.0714352584973,-0.344926644404387,-6.86568690437729e-31,-0.344926644404387
564.4,-6.77944303736874,-6.77944303736874,-0.344443360170284,-6.75332164029251e-31,-0.344443360170284
564.5,-6.5108883626244,-6.5108883626244,-0.343960753076246,-6.64279536955956e-31,-0.343960753076246
564.6,-5.99819307447612,-5.99819307447612,-0.343478822173519,-6.53407799482952e-31,-0.343478822173519
564.7,-4.75307594611601,-4.75307594611601,-0.342997566514676,-6.42713991133315e-31,-0.342997566514676
564.8,-5.16811498890272,-5.16811498890272,-0.34251698515362,-6.32195199881907e-31,-0.34251698515362
564.9,-6.16909150385888,-6.16909150385888,-0.342037077145575,-6.21848561362377e-31,-0.342037077145575
565,-7.24331020283623,-7.24331020283623,-0.341557841547093,-6.11671258087206e-31,-0.341557841547093
565.1,-5.82729464509336,-5.82729464509336,-0.341079277416046,-6.0166051868045e-31,-0.341079277416046
565.2,-4.50893533271207,-4.50893533271207,-0.340601383811626,-5.91813617123104e-31,-0.340601383811626
565.3,-3.41030257239432,-3.41030257239432,-0.340124159794344,-5.82127872010753e-31,-0.340124159794344
565.4,-4.70424782343522,-4.70424782343522,-0.339647604426028,-5.72600645823393e-31,-0.339647604426028
565.5,-6.02260713581652,-6.02260713581652,-0.339171716769816,-5.6322934420723e-31,-0.339171716769816
565.6,-4.85073219147759,-4.85073219147759,-0.338696495890166,-5.54011415268198e-31,-0.338696495890166
565.7,-4.31362284198891,-4.31362284198891,-0.338221940852839,-5.44944348877076e-31,-0.338221940852839
565.8,-5.16811498890271,-5.16811498890271,-0.337748050724912,-5.36025675985935e-31,-0.337748050724912
565.9,-6.33998993324164,-6.33998993324164,-0.337274824574765,-5.27252967955814e-31,-0.337274824574765
566,-5.90053682911454,-5.90053682911454,-0.336802261472084,-5.18623835895318e-31,-0.336802261472084
566.1,-6.02260713581651,-6.02260713581651,-0.336330360487858,-5.10135930010201e-31,-0.336330360487858
566.2,-4.82631813013719,-4.82631813013719,-0.335859120694379,-5.01786938963401e-31,-0.335859120694379
566.3,-4.14272441260615,-4.14272441260615,-0.335388541165239,-4.93574589245703e-31,-0.335388541165239
566.4,-5.55873997034902,-5.55873997034902,-0.334918620975327,-4.85496644556626e-31,-0.334918620975327
566.5,-6.73061491468795,-6.73061491468795,-0.334449359200828,-4.77550905195406e-31,-0.334449359200828
566.6,-6.55971648530519,-6.55971648530519,-0.333980754919221,-4.69735207462089e-31,-0.333980754919221
566.7,-6.43764617860322,-6.43764617860322,-0.33351280720928,-4.62047423068253e-31,-0.33351280720928
566.8,-5.6319821543702,-5.6319821543702,-0.333045515151068,-4.54485458557506e-31,-0.333045515151068
566.9,-5.36342747962587,-5.36342747962587,-0.332578877825936,-4.47047254735409e-31,-0.332578877825936
567,-5.04604468220074,-5.04604468220074,-0.332112894316524,-4.39730786108689e-31,-0.332112894316524
567.1,-4.3868650260101,-4.3868650260101,-0.331647563706756,-4.32534060333762e-31,-0.331647563706756
567.2,-3.99624004456379,-3.99624004456379,-0.33118288508184,-4.25455117674125e-31,-0.33118288508184
567.3,-5.55873997034903,-5.55873997034903,-0.330718857528267,-4.1849203046675e-31,-0.330718857528267
567.4,-5.36342747962587,-5.36342747962587,-0.330255480133806,-4.11642902597148e-31,-0.330255480133806
567.5,-5.90053682911454,-5.90053682911454,-0.329792751987505,-4.04905868983002e-31,-0.329792751987505
567.6,-6.36440399458204,-6.36440399458204,-0.329330672179688,-3.98279095066356e-31,-0.329330672179688
567.7,-6.82827116004952,-6.82827116004952,-0.328869239801954,-3.91760776314004e-31,-0.328869239801954
567.8,-5.70522433839139,-5.70522433839139,-0.328408453947174,-3.85349137726094e-31,-0.328408453947174
567.9,-6.02260713581651,-6.02260713581651,-0.327948313709492,-3.79042433352815e-31,-0.327948313709492
568,-5.70522433839139,-5.70522433839139,-0.327488818184319,-3.72838945818901e-31,-0.327488818184319
568.1,-4.50893533271207,-4.50893533271207,-0.327029966468334,-3.66736985856038e-31,-0.327029966468334
568.2,-4.53334939405247,-4.53334939405247,-0.326571757659482,-3.60734891842823e-31,-0.326571757659482
568.3,-4.67983376209483,-4.67983376209483,-0.326114190856972,-3.54831029352283e-31,-0.326114190856972
568.4,-5.36342747962586,-5.36342747962586,-0.325657265161276,-3.49023790706841e-31,-0.325657265161276
568.5,-5.92495089045494,-5.92495089045494,-0.325200979674123,-3.43311594540471e-31,-0.325200979674123
568.6,-3.947411921883,-3.947411921883,-0.324745333498505,-3.37692885368146e-31,-0.324745333498505
568.7,-3.97182598322339,-3.97182598322339,-0.324290325738667,-3.32166133162219e-31,-0.324290325738667
568.8,-3.36147444971354,-3.36147444971354,-0.323835955500112,-3.26729832935799e-31,-0.323835955500112
568.9,-3.77651349250024,-3.77651349250024,-0.323382221889595,-3.21382504332918e-31,-0.323382221889595
569,-4.67983376209483,-4.67983376209483,-0.322929124015122,-3.16122691225423e-31,-0.322929124015122
569.1,-5.36342747962588,-5.36342747962588,-0.322476660985949,-3.10948961316459e-31,-0.322476660985949
569.2,-5.36342747962587,-5.36342747962587,-0.322024831912581,-3.05859905750443e-31,-0.322024831912581
569.3,-5.43666966364705,-5.43666966364705,-0.321573635906769,-3.00854138729421e-31,-0.321573635906769
569.4,-4.26479471930813,-4.26479471930813,-0.321123072081509,-2.95930297135687e-31,-0.321123072081509
569.5,-3.89858379920221,-3.89858379920221,-0.320673139551036,-2.91087040160608e-31,-0.320673139551036
569.6,-5.09487280488153,-5.09487280488153,-0.320223837430833,-2.863230489395e-31,-0.320223837430833
569.7,-5.16811498890271,-5.16811498890271,-0.319775164837615,-2.81637026192502e-31,-0.319775164837615
569.8,-3.41030257239432,-3.41030257239432,-0.31932712088934,-2.77027695871308e-31,-0.31932712088934
569.9,-2.48256824145934,-2.48256824145934,-0.318879704705201,-2.72493802811674e-31,-0.318879704705201
570,-2.84877916156525,-2.84877916156525,-0.318432915405621,-2.68034112391641e-31,-0.318432915405621
570.1,-4.80190406879679,-4.80190406879679,-0.31798675211226,-2.63647410195326e-31,-0.31798675211226
570.2,-4.87514625281798,-4.87514625281798,-0.317541213948007,-2.59332501682239e-31,-0.317541213948007
570.3,-4.75307594611601,-4.75307594611601,-0.31709630003698,-2.55088211861983e-31,-0.31709630003698
570.4,-4.85073219147759,-4.85073219147759,-0.316652009504524,-2.50913384974307e-31,-0.316652009504524
570.5,-5.16811498890271,-5.16811498890271,-0.31620834147721,-2.46806884174351e-31,-0.31620834147721
570.6,-4.72866188477562,-4.72866188477562,-0.315765295082833,-2.42767591223123e-31,-0.315765295082833
570.7,-3.70327130847906,-3.70327130847906,-0.315322869450408,-2.38794406182943e-31,-0.315322869450408
570.8,-3.55678694043669,-3.55678694043669,-0.314881063710172,-2.34886247117951e-31,-0.314881063710172
570.9,-2.87319322290565,-2.87319322290565,-0.314439876993583,-2.3104204979948e-31,-0.314439876993583
571,-5.87612276777415,-5.87612276777415,-0.313999308433311,-2.27260767416231e-31,-0.313999308433311
571.1,-6.73061491468795,-6.73061491468795,-0.313559357163245,-2.23541370289258e-31,-0.313559357163245
571.2,-3.75209943115984,-3.75209943115984,-0.313120022318485,-2.19882845591543e-31,-0.313120022318485
571.3,-3.53237287909629,-3.53237287909629,-0.312681303035345,-2.16284197072212e-31,-0.312681303035345
571.4,-4.97280249817956,-4.97280249817956,-0.312243198451349,-2.12744444785246e-31,-0.312243198451349
571.5,-4.38686502601009,-4.38686502601009,-0.311805707705227,-2.09262624822608e-31,-0.311805707705227
571.6,-3.4835447564155,-3.4835447564155,-0.311368829936918,-2.05837789051802e-31,-0.311368829936918
571.7,-3.48354475641551,-3.48354475641551,-0.310932564287566,-2.02469004857651e-31,-0.310932564287566
571.8,-3.60561506311747,-3.60561506311747,-0.310496909899517,-1.99155354888363e-31,-0.310496909899517
571.9,-4.46010721003128,-4.46010721003128,-0.31006186591632,-1.95895936805718e-31,-0.31006186591632
572,-5.94936495179533,-5.94936495179533,-0.309627431482723,-1.92689863039334e-31,-0.309627431482723
572.1,-5.46108372498745,-5.46108372498745,-0.309193605744674,-1.8953626054501e-31,-0.309193605744674
572.2,-4.60659157807364,-4.60659157807364,-0.308760387849314,-1.86434270566964e-31,-0.308760387849314
572.3,-6.36440399458204,-6.36440399458204,-0.308327776944984,-1.83383048403983e-31,-0.308327776944984
572.4,-6.31557587190125,-6.31557587190125,-0.307895772181214,-1.80381763179422e-31,-0.307895772181214
572.5,-4.7774900074564,-4.7774900074564,-0.307464372708728,-1.77429597614921e-31,-0.307464372708728
572.6,-4.60659157807364,-4.60659157807364,-0.307033577679438,-1.74525747807881e-31,-0.307033577679438
572.7,-3.9229978605426,-3.9229978605426,-0.306603386246447,-1.71669423012539e-31,-0.306603386246447
572.8,-3.45913069507511,-3.45913069507511,-0.306173797564043,-1.68859845424635e-31,-0.306173797564043
572.9,-5.33901341828548,-5.33901341828548,-0.305744810787698,-1.66096249969628e-31,-0.305744810787698
573,-5.16811498890271,-5.16811498890271,-0.305316425074069,-1.6337788409433e-31,-0.305316425074069
573.1,-4.75307594611601,-4.75307594611601,-0.304888639580994,-1.60704007562007e-31,-0.304888639580994
573.2,-4.55776345539286,-4.55776345539286,-0.30446145346749,-1.58073892250796e-31,-0.30446145346749
573.3,-4.99721655951995,-4.99721655951995,-0.304034865893754,-1.55486821955417e-31,-0.304034865893754
573.4,-3.92299786054261,-3.92299786054261,-0.30360887602116,-1.52942092192168e-31,-0.30360887602116
573.5,-4.67983376209483,-4.67983376209483,-0.303183483012253,-1.50439010007063e-31,-0.303183483012253
573.6,-4.63100563941404,-4.63100563941404,-0.302758686030757,-1.47976893787151e-31,-0.302758686030757
573.7,-5.41225560230666,-5.41225560230666,-0.302334484241564,-1.45555073074899e-31,-0.302334484241564
573.8,-6.87709928273032,-6.87709928273032,-0.301910876810737,-1.43172888385628e-31,-0.301910876810737
573.9,-5.14370092756232,-5.14370092756232,-0.301487862905508,-1.40829691027913e-31,-0.301487862905508
574,-3.947411921883,-3.947411921883,-0.301065441694274,-1.38524842926955e-31,-0.301065441694274
574.1,-5.04604468220074,-5.04604468220074,-0.3006436123466,-1.36257716450815e-31,-0.3006436123466
574.2,-4.14272441260616,-4.14272441260616,-0.300222374033213,-1.34027694239514e-31,-0.300222374033213
574.3,-4.46010721003128,-4.46010721003128,-0.299801725926001,-1.31834169036917e-31,-0.299801725926001
574.4,-5.68081027705099,-5.68081027705099,-0.299381667198015,-1.29676543525362e-31,-0.299381667198015
574.5,-5.31459935694508,-5.31459935694508,-0.29896219702346,-1.27554230163018e-31,-0.29896219702346
574.6,-5.16811498890271,-5.16811498890271,-0.298543314577704,-1.25466651023883e-31,-0.298543314577704
574.7,-4.67983376209483,-4.67983376209483,-0.298125019037266,-1.23413237640416e-31,-0.298125019037266
574.8,-3.14174789764999,-3.14174789764999,-0.29770730957982,-1.21393430848733e-31,-0.29770730957982
574.9,-4.24038065796773,-4.24038065796773,-0.297290185384194,-1.19406680636344e-31,-0.297290185384194
575,-2.60463854816131,-2.60463854816131,-0.296873645630362,-1.17452445992372e-31,-0.296873645630362
575.1,-3.36147444971353,-3.36147444971353,-0.296457689499452,-1.15530194760245e-31,-0.296457689499452
575.2,-3.99624004456379,-3.99624004456379,-0.296042316173737,-1.13639403492771e-31,-0.296042316173737
575.3,-4.89956031415837,-4.89956031415837,-0.295627524836636,-1.11779557309606e-31,-0.295627524836636
575.4,-5.90053682911454,-5.90053682911454,-0.295213314672711,-1.09950149757048e-31,-0.295213314672711
575.5,-5.6563962157106,-5.6563962157106,-0.294799684867668,-1.08150682670114e-31,-0.294799684867668
575.6,-4.60659157807364,-4.60659157807364,-0.294386634608355,-1.06380666036902e-31,-0.294386634608355
575.7,-4.46010721003128,-4.46010721003128,-0.293974163082756,-1.04639617865139e-31,-0.293974163082756
575.8,-5.16811498890271,-5.16811498890271,-0.293562269479995,-1.02927064050945e-31,-0.293562269479995
575.9,-3.84975567652142,-3.84975567652142,-0.293150952990333,-1.01242538249721e-31,-0.293150952990333
576,-3.36147444971354,-3.36147444971354,-0.292740212805162,-9.9585581749156e-32,-0.292740212805162
576.1,-4.41127908735049,-4.41127908735049,-0.292330048117012,-9.79557433443279e-32,-0.292330048117012
576.2,-5.2413571729239,-5.2413571729239,-0.291920458119539,-9.63525792148221e-32,-0.291920458119539
576.3,-4.82631813013719,-4.82631813013719,-0.291511442007532,-9.47756528038858e-32,-0.291511442007532
576.4,-5.19252905024311,-5.19252905024311,-0.29110299897691,-9.32245346995462e-32,-0.29110299897691
576.5,-5.31459935694508,-5.31459935694508,-0.290695128224713,-9.16988025176687e-32,-0.290695128224713
576.6,-5.33901341828547,-5.33901341828547,-0.29028782894911,-9.01980407869531e-32,-0.29028782894911
576.7,-4.21596659662734,-4.21596659662734,-0.289881100349394,-8.87218408357882e-32,-0.289881100349394
576.8,-4.43569314869088,-4.43569314869088,-0.289474941625977,-8.72698006809636e-32,-0.289474941625977
576.9,-5.14370092756232,-5.14370092756232,-0.289069351980395,-8.58415249182163e-32,-0.289069351980395
577,-5.2413571729239,-5.2413571729239,-0.288664330615298,-8.44366246145433e-32,-0.288664330615298
577.1,-4.04506816724458,-4.04506816724458,-0.288259876734458,-8.30547172023076e-32,-0.288259876734458
577.2,-3.75209943115984,-3.75209943115984,-0.287855989542759,-8.16954263750528e-32,-0.287855989542759
577.3,-3.45913069507511,-3.45913069507511,-0.287452668246201,-8.03583819850288e-32,-0.287452668246201
577.4,-2.04311513733224,-2.04311513733224,-0.287049912051897,-7.90432199424066e-32,-0.287049912051897
577.5,-2.94643540692683,-2.94643540692683,-0.286647720168068,-7.77495821161194e-32,-0.286647720168068
577.6,-5.80288058375297,-5.80288058375297,-0.286246091804048,-7.64771162363549e-32,-0.286246091804048
577.7,-4.70424782343522,-4.70424782343522,-0.285845026170276,-7.52254757986208e-32,-0.285845026170276
577.8,-4.70424782343522,-4.70424782343522,-0.285444522478299,-7.39943199693864e-32,-0.285444522478299
577.9,-5.77846652241258,-5.77846652241258,-0.285044579940768,-7.2783313493278e-32,-0.285044579940768
578,-5.77846652241257,-5.77846652241257,-0.284645197771437,-7.1592126601778e-32,-0.284645197771437
578.1,-5.53432590900863,-5.53432590900863,-0.284246375185163,-7.04204349234294e-32,-0.284246375185163
578.2,-5.82729464509336,-5.82729464509336,-0.2838481113979,-6.92679193955078e-32,-0.2838481113979
578.3,-4.99721655951995,-4.99721655951995,-0.283450405626704,-6.81342661771362e-32,-0.283450405626704
578.4,-5.29018529560469,-5.29018529560469,-0.283053257089727,-6.70191665638207e-32,-0.283053257089727
578.5,-4.55776345539286,-4.55776345539286,-0.282656665006214,-6.59223169033906e-32,-0.282656665006214
578.6,-3.0685057136288,-3.0685057136288,-0.282260628596508,-6.48434185133092e-32,-0.282260628596508
578.7,-3.80092755384063,-3.80092755384063,-0.281865147082041,-6.3782177599342e-32,-0.281865147082041
578.8,-5.87612276777415,-5.87612276777415,-0.281470219685338,-6.27383051755525e-32,-0.281470219685338
578.9,-6.55971648530519,-6.55971648530519,-0.281075845630012,-6.17115169856064e-32,-0.281075845630012
579,-5.07045874354113,-5.07045874354113,-0.280682024140764,-6.07015334253688e-32,-0.280682024140764
579.1,-4.31362284198891,-4.31362284198891,-0.280288754443383,-5.97080794667635e-32,-0.280288754443383
579.2,-5.58315403168942,-5.58315403168942,-0.27989603576474,-5.87308845828829e-32,-0.27989603576474
579.3,-6.36440399458203,-6.36440399458203,-0.279503867332792,-5.77696826743192e-32,-0.279503867332792
579.4,-5.77846652241257,-5.77846652241257,-0.279112248376575,-5.68242119967014e-32,-0.279112248376575
579.5,-3.82534161518103,-3.82534161518103,-0.278721178126207,-5.58942150894213e-32,-0.278721178126207
579.6,-4.58217751673325,-4.58217751673325,-0.278330655812885,-5.49794387055274e-32,-0.278330655812885
579.7,-5.46108372498745,-5.46108372498745,-0.277940680668881,-5.40796337427572e-32,-0.277940680668881
579.8,-4.85073219147759,-4.85073219147759,-0.277551251927545,-5.31945551757105e-32,-0.277551251927545
579.9,-4.94838843683916,-4.94838843683916,-0.277162368823302,-5.23239619891242e-32,-0.277162368823302
580,-6.21791962653967,-6.21791962653967,-0.276774030591645,-5.1467617112237e-32,-0.276774030591645
580.1,-7.26772426417663,-7.26772426417663,-0.276386236469143,-5.06252873542424e-32,-0.276386236469143
580.2,-7.65834924562293,-7.65834924562293,-0.275998985693432,-4.97967433407796e-32,-0.275998985693432
580.3,-6.87709928273032,-6.87709928273032,-0.275612277503217,-4.89817594514785e-32,-0.275612277503217
580.4,-4.65541970075443,-4.65541970075443,-0.275226111138271,-4.81801137585197e-32,-0.275226111138271
580.5,-2.89760728424604,-2.89760728424604,-0.274840485839429,-4.73915879661968e-32,-0.274840485839429
580.6,-4.21596659662734,-4.21596659662734,-0.274455400848593,-4.66159673514811e-32,-0.274455400848593
580.7,-4.63100563941404,-4.63100563941404,-0.274070855408724,-4.58530407055425e-32,-0.274070855408724
580.8,-6.19350556519928,-6.19350556519928,-0.273686848763847,-4.51026002762407e-32,-0.273686848763847
580.9,-5.46108372498745,-5.46108372498745,-0.273303380159044,-4.43644417115508e-32,-0.273303380159044
581,-4.92397437549877,-4.92397437549877,-0.272920448840455,-4.36383640039119e-32,-0.272920448840455
581.1,-4.87514625281798,-4.87514625281798,-0.272538054055277,-4.29241694354988e-32,-0.272538054055277
581.2,-5.80288058375296,-5.80288058375296,-0.272156195051761,-4.22216635243766e-32,-0.272156195051761
581.3,-5.58315403168942,-5.58315403168942,-0.271774871079212,-4.15306549715405e-32,-0.271774871079212
581.4,-5.26577123426429,-5.26577123426429,-0.271394081387986,-4.08509556088283e-32,-0.271394081387986
581.5,-5.97377901313573,-5.97377901313573,-0.271013825229491,-4.01823803476729e-32,-0.271013825229491
581.6,-7.17006801881505,-7.17006801881505,-0.270634101856181,-3.95247471287088e-32,-0.270634101856181
581.7,-4.72866188477561,-4.72866188477561,-0.27025491052156,-3.88778768721916e-32,-0.27025491052156
581.8,-3.23940414301156,-3.23940414301156,-0.269876250480176,-3.82415934292316e-32,-0.269876250480176
581.9,-5.43666966364706,-5.43666966364706,-0.269498120987625,-3.76157235338312e-32,-0.269498120987625
582,-6.75502897602834,-6.75502897602834,-0.269120521300541,-3.70000967556966e-32,-0.269120521300541
582.1,-6.9503414667515,-6.9503414667515,-0.268743450676603,-3.6394545453835e-32,-0.268743450676603
582.2,-6.87709928273031,-6.87709928273031,-0.268366908374529,-3.57989047309005e-32,-0.268366908374529
582.3,-6.70620085334756,-6.70620085334756,-0.267990893654075,-3.52130123882899e-32,-0.267990893654075
582.4,-6.0714352584973,-6.0714352584973,-0.267615405776036,-3.46367088819782e-32,-0.267615405776036
582.5,-5.92495089045494,-5.92495089045494,-0.267240444002242,-3.40698372790699e-32,-0.267240444002242
582.6,-6.12026338117809,-6.12026338117809,-0.266866007595555,-3.35122432150658e-32,-0.266866007595555
582.7,-6.53530242396479,-6.53530242396479,-0.266492095819873,-3.29637748518294e-32,-0.266492095819873
582.8,-6.90151334407071,-6.90151334407071,-0.266118707940124,-3.24242828362388e-32,-0.266118707940124
582.9,-5.60756809302982,-5.60756809302982,-0.265745843222266,-3.18936202595153e-32,-0.265745843222266
583,-5.85170870643375,-5.85170870643375,-0.265373500933285,-3.13716426172207e-32,-0.265373500933285
583.1,-7.12123989613426,-7.12123989613426,-0.265001680341195,-3.08582077699059e-32,-0.265001680341195
583.2,-6.36440399458204,-6.36440399458204,-0.264630380715034,-3.03531759044066e-32,-0.264630380715034
583.3,-6.04702119715691,-6.04702119715691,-0.264259601324868,-2.98564094957701e-32,-0.264259601324868
583.4,-5.53432590900863,-5.53432590900863,-0.26388934144178,-2.93677732698046e-32,-0.26388934144178
583.5,-5.33901341828548,-5.33901341828548,-0.263519600337879,-2.88871341662447e-32,-0.263519600337879
583.6,-5.87612276777415,-5.87612276777415,-0.263150377286292,-2.84143613025162e-32,-0.263150377286292
583.7,-6.02260713581651,-6.02260713581651,-0.262781671561164,-2.79493259380978e-32,-0.262781671561164
583.8,-6.24233368788007,-6.24233368788007,-0.262413482437658,-2.74919014394619e-32,-0.262413482437658
583.9,-6.43764617860322,-6.43764617860322,-0.262045809191953,-2.70419632455911e-32,-0.262045809191953
584,-6.19350556519928,-6.19350556519928,-0.26167865110124,-2.65993888340596e-32,-0.26167865110124
584.1,-4.87514625281798,-4.87514625281798,-0.261312007443725,-2.61640576876703e-32,-0.261312007443725
584.2,-4.21596659662734,-4.21596659662734,-0.260945877498624,-2.57358512616341e-32,-0.260945877498624
584.3,-5.2169431115835,-5.2169431115835,-0.260580260546163,-2.53146529512919e-32,-0.260580260546163
584.4,-5.2413571729239,-5.2413571729239,-0.260215155867578,-2.49003480603609e-32,-0.260215155867578
584.5,-5.36342747962587,-5.36342747962587,-0.25985056274511,-2.44928237696998e-32,-0.25985056274511
584.6,-4.60659157807364,-4.60659157807364,-0.259486480462007,-2.40919691065911e-32,-0.259486480462007
584.7,-2.97084946826723,-2.97084946826723,-0.259122908302521,-2.36976749145182e-32,-0.259122908302521
584.8,-2.87319322290565,-2.87319322290565,-0.258759845551906,-2.33098338234441e-32,-0.258759845551906
584.9,-3.48354475641551,-3.48354475641551,-0.258397291496419,-2.29283402205722e-32,-0.258397291496419
585,-3.65444318579827,-3.65444318579827,-0.258035245423315,-2.25530902215852e-32,-0.258035245423315
585.1,-3.45913069507511,-3.45913069507511,-0.25767370662085,-2.21839816423605e-32,-0.25767370662085
585.2,-4.46010721003128,-4.46010721003128,-0.257312674378275,-2.18209139711405e-32,-0.257312674378275
585.3,-5.77846652241257,-5.77846652241257,-0.256952147985839,-2.1463788341165e-32,-0.256952147985839
585.4,-5.11928686622192,-5.11928686622192,-0.256592126734784,-2.1112507503748e-32,-0.256592126734784
585.5,-4.58217751673325,-4.58217751673325,-0.256232609917345,-2.0766975801794e-32,-0.256232609917345
585.6,-4.82631813013719,-4.82631813013719,-0.255873596826749,-2.04270991437535e-32,-0.255873596826749
585.7,-5.60756809302981,-5.60756809302981,-0.255515086757214,-2.00927849779982e-32,-0.255515086757214
585.8,-4.58217751673325,-4.58217751673325,-0.255157079003946,-1.97639422676186e-32,-0.255157079003946
585.9,-4.99721655951996,-4.99721655951996,-0.254799572863139,-1.94404814656354e-32,-0.254799572863139
586,-5.41225560230666,-5.41225560230666,-0.254442567631972,-1.9122314490612e-32,-0.254442567631972
586.1,-5.72963839973178,-5.72963839973178,-0.25408606260861,-1.88093547026727e-32,-0.25408606260861
586.2,-4.50893533271206,-4.50893533271206,-0.253730057092201,-1.85015168799077e-32,-0.253730057092201
586.3,-5.09487280488153,-5.09487280488153,-0.253374550382875,-1.81987171951659e-32,-0.253374550382875
586.4,-5.85170870643375,-5.85170870643375,-0.253019541781743,-1.79008731932302e-32,-0.253019541781743
586.5,-5.90053682911454,-5.90053682911454,-0.252665030590894,-1.7607903768361e-32,-0.252665030590894
586.6,-5.43666966364705,-5.43666966364705,-0.252311016113396,-1.73197291422138e-32,-0.252311016113396
586.7,-5.09487280488153,-5.09487280488153,-0.251957497653293,-1.70362708421126e-32,-0.251957497653293
586.8,-5.46108372498745,-5.46108372498745,-0.251604474515604,-1.67574516796811e-32,-0.251604474515604
586.9,-5.31459935694508,-5.31459935694508,-0.251251946006322,-1.64831957298251e-32,-0.251251946006322
587,-5.14370092756232,-5.14370092756232,-0.250899911432413,-1.62134283100549e-32,-0.250899911432413
587.1,-4.72866188477562,-4.72866188477562,-0.250548370101812,-1.5948075960151e-32,-0.250548370101812
587.2,-2.79995103888447,-2.79995103888447,-0.250197321323427,-1.56870664221592e-32,-0.250197321323427
587.3,-3.45913069507511,-3.45913069507511,-0.249846764407131,-1.5430328620714e-32,-0.249846764407131
587.4,-4.46010721003128,-4.46010721003128,-0.249496698663766,-1.51777926436836e-32,-0.249496698663766
587.5,-5.19252905024311,-5.19252905024311,-0.249147123405138,-1.49293897231333e-32,-0.249147123405138
587.6,-4.70424782343522,-4.70424782343522,-0.248798037944019,-1.46850522165982e-32,-0.248798037944019
587.7,-4.3868650260101,-4.3868650260101,-0.248449441594143,-1.44447135886649e-32,-0.248449441594143
587.8,-4.02065410590418,-4.02065410590418,-0.248101333670205,-1.4208308392852e-32,-0.248101333670205
587.9,-5.2413571729239,-5.2413571729239,-0.247753713487862,-1.39757722537888e-32,-0.247753713487862
588,-5.6319821543702,-5.6319821543702,-0.247406580363727,-1.37470418496854e-32,-0.247406580363727
588.1,-4.16713847394655,-4.16713847394655,-0.247059933615373,-1.35220548950893e-32,-0.247059933615373
588.2,-4.65541970075443,-4.65541970075443,-0.246713772561328,-1.33007501239253e-32,-0.246713772561328
588.3,-5.33901341828547,-5.33901341828547,-0.246368096521076,-1.30830672728114e-32,-0.246368096521076
588.4,-4.28920878064852,-4.28920878064852,-0.246022904815053,-1.28689470646482e-32,-0.246022904815053
588.5,-2.84877916156525,-2.84877916156525,-0.245678196764647,-1.26583311924782e-32,-0.245678196764647
588.6,-4.09389628992536,-4.09389628992536,-0.245333971692198,-1.24511623036071e-32,-0.245333971692198
588.7,-4.06948222858497,-4.06948222858497,-0.244990228920996,-1.22473839839875e-32,-0.244990228920996
588.8,-4.33803690332931,-4.33803690332931,-0.244646967775278,-1.20469407428557e-32,-0.244646967775278
588.9,-5.43666966364705,-5.43666966364705,-0.244304187580227,-1.18497779976218e-32,-0.244304187580227
589,-5.48549778632784,-5.48549778632784,-0.243961887661974,-1.16558420590049e-32,-0.243961887661974
589.1,-4.55776345539286,-4.55776345539286,-0.243620067347591,-1.14650801164154e-32,-0.243620067347591
589.2,-3.97182598322339,-3.97182598322339,-0.243278725965095,-1.12774402235717e-32,-0.243278725965095
589.3,-5.68081027705099,-5.68081027705099,-0.242937862843445,-1.10928712843568e-32,-0.242937862843445
589.4,-5.46108372498744,-5.46108372498744,-0.24259747731254,-1.09113230389031e-32,-0.24259747731254
589.5,-4.3380369033293,-4.3380369033293,-0.242257568703215,-1.07327460499058e-32,-0.242257568703215
589.6,-4.87514625281798,-4.87514625281798,-0.241918136347246,-1.05570916891624e-32,-0.241918136347246
589.7,-5.33901341828547,-5.33901341828547,-0.241579179577344,-1.0384312124329e-32,-0.241579179577344
589.8,-4.70424782343522,-4.70424782343522,-0.241240697727154,-1.02143603058961e-32,-0.241240697727154
589.9,-4.92397437549877,-4.92397437549877,-0.240902690131258,-1.00471899543765e-32,-0.240902690131258
590,-4.67983376209482,-4.67983376209482,-0.240565156125166,-9.88275554770199e-33,-0.240565156125166
590.1,-4.58217751673325,-4.58217751673325,-0.240228095045321,-9.72101230882872e-33,-0.240228095045321
590.2,-4.92397437549877,-4.92397437549877,-0.239891506229097,-9.56191619354323e-33,-0.239891506229097
590.3,-5.2413571729239,-5.2413571729239,-0.239555389014794,-9.40542387846841e-33,-0.239555389014794
590.4,-4.85073219147759,-4.85073219147759,-0.239219742741641,-9.25149274926724e-33,-0.239219742741641
590.5,-3.82534161518103,-3.82534161518103,-0.238884566749792,-9.10008088903692e-33,-0.238884566749792
590.6,-5.09487280488153,-5.09487280488153,-0.238549860380325,-8.95114706689621e-33,-0.238549860380325
590.7,-5.33901341828547,-5.33901341828547,-0.238215622975242,-8.80465072675693e-33,-0.238215622975242
590.8,-5.19252905024311,-5.19252905024311,-0.237881853877468,-8.66055197627993e-33,-0.237881853877468
590.9,-4.48452127137167,-4.48452127137167,-0.237548552430846,-8.51881157601301e-33,-0.237548552430846
591,-2.18959950537461,-2.18959950537461,-0.23721571798014,-8.37939092870419e-33,-0.23721571798014
591.1,-2.40932605743816,-2.40932605743816,-0.236883349871033,-8.24225206879289e-33,-0.236883349871033
591.2,-2.97084946826723,-2.97084946826723,-0.236551447450122,-8.1073576520707e-33,-0.236551447450122
591.3,-4.02065410590418,-4.02065410590418,-0.236220010064922,-7.97467094551194e-33,-0.236220010064922
591.4,-4.85073219147759,-4.85073219147759,-0.235889037063861,-7.84415581727188e-33,-0.235889037063861
591.5,-5.68081027705099,-5.68081027705099,-0.235558527796281,-7.71577672684632e-33,-0.235558527796281
591.6,-4.60659157807364,-4.60659157807364,-0.235228481612434,-7.58949871539502e-33,-0.235228481612434
591.7,-5.50991184766824,-5.50991184766824,-0.234898897863484,-7.4652873962212e-33,-0.234898897863484
591.8,-5.07045874354113,-5.07045874354113,-0.234569775901503,-7.34310894540802e-33,-0.234569775901503
591.9,-3.21499008167117,-3.21499008167117,-0.234241115079472,-7.22293009260773e-33,-0.234241115079472
592,-4.3624509646697,-4.3624509646697,-0.233912914751277,-7.10471811198212e-33,-0.233912914751277
592.1,-3.28823226569235,-3.28823226569235,-0.233585174271709,-6.98844081329079e-33,-0.233585174271709
592.2,-1.55483391052436,-1.55483391052436,-0.233257892996466,-6.87406653312572e-33,-0.233257892996466
592.3,-1.84780264660909,-1.84780264660909,-0.232931070282146,-6.76156412628882e-33,-0.232931070282146
592.4,-2.45815418011894,-2.45815418011894,-0.23260470548625,-6.65090295731064e-33,-0.23260470548625
592.5,-3.21499008167117,-3.21499008167117,-0.232278797967177,-6.54205289210828e-33,-0.232278797967177
592.6,-2.77553697754407,-2.77553697754407,-0.231953347084227,-6.43498428977947e-33,-0.231953347084227
592.7,-3.19057602033077,-3.19057602033077,-0.231628352197598,-6.32966799453127e-33,-0.231628352197598
592.8,-3.947411921883,-3.947411921883,-0.231303812668383,-6.22607532774057e-33,-0.231303812668383
592.9,-4.16713847394655,-4.16713847394655,-0.230979727858572,-6.12417808014437e-33,-0.230979727858572
593,-3.19057602033078,-3.19057602033078,-0.230656097131046,-6.02394850415848e-33,-0.230656097131046
593.1,-4.89956031415838,-4.89956031415838,-0.230332919849581,-5.92535930632135e-33,-0.230332919849581
593.2,-5.87612276777415,-5.87612276777415,-0.230010195378844,-5.8283836398621e-33,-0.230010195378844
593.3,-5.02163062086035,-5.02163062086035,-0.229687923084392,-5.73299509738961e-33,-0.229687923084392
593.4,-4.72866188477562,-4.72866188477562,-0.229366102332671,-5.63916770370178e-33,-0.229366102332671
593.5,-4.94838843683917,-4.94838843683917,-0.229044732491015,-5.54687590871163e-33,-0.229044732491015
593.6,-4.87514625281798,-4.87514625281798,-0.228723812927643,-5.45609458049078e-33,-0.228723812927643
593.7,-4.3624509646697,-4.3624509646697,-0.228403343011661,-5.36679899842484e-33,-0.228403343011661
593.8,-3.99624004456379,-3.99624004456379,-0.228083322113059,-5.27896484648238e-33,-0.228083322113059
593.9,-3.65444318579826,-3.65444318579826,-0.227763749602708,-5.19256820659329e-33,-0.227763749602708
594,-4.82631813013719,-4.82631813013719,-0.227444624852361,-5.10758555213514e-33,-0.227444624852361
594.1,-4.75307594611601,-4.75307594611601,-0.227125947234653,-5.02399374152762e-33,-0.227125947234653
594.2,-3.82534161518102,-3.82534161518102,-0.226807716123095,-4.94177001192999e-33,-0.226807716123095
594.3,-3.63002912445787,-3.63002912445787,-0.22648993089208,-4.86089197304313e-33,-0.22648993089208
594.4,-4.02065410590419,-4.02065410590419,-0.226172590916873,-4.78133760101229e-33,-0.226172590916873
594.5,-2.14077138269382,-2.14077138269382,-0.225855695573617,-4.70308523242931e-33,-0.225855695573617
594.6,-3.04409165228841,-3.04409165228841,-0.225539244239329,-4.62611355843436e-33,-0.225539244239329
594.7,-5.70522433839139,-5.70522433839139,-0.225223236291898,-4.55040161891252e-33,-0.225223236291898
594.8,-5.29018529560469,-5.29018529560469,-0.224907671110084,-4.47592879678669e-33,-0.224907671110084
594.9,-5.02163062086035,-5.02163062086035,-0.22459254807352,-4.40267481240321e-33,-0.22459254807352
595,-3.67885724713866,-3.67885724713866,-0.224277866562706,-4.33061971800907e-33,-0.224277866562706
595.1,-3.0929197749692,-3.0929197749692,-0.223963625959011,-4.25974389232075e-33,-0.223963625959011
595.2,-3.33706038837314,-3.33706038837314,-0.223649825644669,-4.19002803518066e-33,-0.223649825644669
595.3,-3.87416973786182,-3.87416973786182,-0.223336465002783,-4.12145316230146e-33,-0.223336465002783
595.4,-3.48354475641551,-3.48354475641551,-0.223023543417317,-4.05400060009688e-33,-0.223023543417317
595.5,-1.7745604625879,-1.7745604625879,-0.222711060273101,-3.98765198059609e-33,-0.222711060273101
595.6,-0.9200683156741,-0.9200683156741,-0.222399014955823,-3.92238923644261e-33,-0.222399014955823
595.7,-2.55581042548052,-2.55581042548052,-0.222087406852036,-3.85819459597406e-33,-0.222087406852036
595.8,-4.14272441260615,-4.14272441260615,-0.22177623534915,-3.7950505783826e-33,-0.22177623534915
595.9,-4.75307594611601,-4.75307594611601,-0.221465499835435,-3.73293998895523e-33,-0.221465499835435
596,-3.38588851105393,-3.38588851105393,-0.221155199700015,-3.67184591439081e-33,-0.221155199700015
596.1,-3.23940414301157,-3.23940414301157,-0.220845334332874,-3.61175171819518e-33,-0.220845334332874
596.2,-3.70327130847905,-3.70327130847905,-0.220535903124847,-3.55264103615035e-33,-0.220535903124847
596.3,-3.28823226569236,-3.28823226569236,-0.220226905467626,-3.49449777185862e-33,-0.220226905467626
596.4,-2.26284168939579,-2.26284168939579,-0.219918340753753,-3.4373060923592e-33,-0.219918340753753
596.5,-3.16616195899038,-3.16616195899038,-0.21961020837662,-3.38105042381685e-33,-0.21961020837662
596.6,-1.40834954248199,-1.40834954248199,-0.219302507730473,-3.32571544728097e-33,-0.219302507730473
596.7,-1.16420892907805,-1.16420892907805,-0.218995238210402,-3.27128609451415e-33,-0.218995238210402
596.8,-3.75209943115984,-3.75209943115984,-0.218688399212349,-3.21774754388893e-33,-0.218688399212349
596.9,-4.53334939405246,-4.53334939405246,-0.218381990133099,-3.16508521635158e-33,-0.218381990133099
597,-5.90053682911454,-5.90053682911454,-0.218076010370283,-3.11328477145226e-33,-0.218076010370283
597.1,-4.63100563941404,-4.63100563941404,-0.217770459322378,-3.06233210343989e-33,-0.217770459322378
597.2,-4.46010721003128,-4.46010721003128,-0.2174653363887,-3.01221333742112e-33,-0.2174653363887
597.3,-5.75405246107218,-5.75405246107218,-0.217160640969411,-2.96291482558202e-33,-0.217160640969411
597.4,-6.12026338117809,-6.12026338117809,-0.21685637246551,-2.91442314347153e-33,-0.21685637246551
597.5,-5.19252905024311,-5.19252905024311,-0.216552530278837,-2.866725086346e-33,-0.216552530278837
597.6,-4.19155253528694,-4.19155253528694,-0.21624911381207,-2.81980766557334e-33,-0.21624911381207
597.7,-3.0685057136288,-3.0685057136288,-0.215946122468723,-2.7736581050962e-33,-0.215946122468723
597.8,-2.75112291620368,-2.75112291620368,-0.215643555653145,-2.72826383795279e-33,-0.215643555653145
597.9,-4.11831035126576,-4.11831035126576,-0.215341412770524,-2.68361250285495e-33,-0.215341412770524
598,-4.21596659662733,-4.21596659662733,-0.215039693226876,-2.63969194082167e-33,-0.215039693226876
598.1,-4.3624509646697,-4.3624509646697,-0.214738396429052,-2.59649019186866e-33,-0.214738396429052
598.2,-3.5323728790963,-3.5323728790963,-0.214437521784734,-2.55399549175102e-33,-0.214437521784734
598.3,-3.38588851105393,-3.38588851105393,-0.214137068702433,-2.51219626876006e-33,-0.214137068702433
598.4,-4.16713847394655,-4.16713847394655,-0.213837036591491,-2.47108114057212e-33,-0.213837036591491
598.5,-4.58217751673325,-4.58217751673325,-0.213537424862073,-2.4306389111488e-33,-0.213537424862073
598.6,-3.36147444971354,-3.36147444971354,-0.213238232925175,-2.39085856768865e-33,-0.213238232925175
598.7,-3.48354475641551,-3.48354475641551,-0.212939460192617,-2.35172927762786e-33,-0.212939460192617
598.8,-4.58217751673325,-4.58217751673325,-0.212641106077041,-2.31324038569073e-33,-0.212641106077041
598.9,-4.41127908735049,-4.41127908735049,-0.212343169991915,-2.27538141098803e-33,-0.212343169991915
599,-3.31264632703274,-3.31264632703274,-0.212045651351527,-2.23814204416277e-33,-0.212045651351527
599.1,-4.63100563941404,-4.63100563941404,-0.211748549570986,-2.20151214458327e-33,-0.211748549570986
599.2,-5.46108372498745,-5.46108372498745,-0.211451864066221,-2.1654817375814e-33,-0.211451864066221
599.3,-4.97280249817956,-4.97280249817956,-0.211155594253978,-2.1300410117366e-33,-0.211155594253978
599.4,-2.89760728424604,-2.89760728424604,-0.210859739551823,-2.09518031620409e-33,-0.210859739551823
599.5,-2.16518544403421,-2.16518544403421,-0.210564299378134,-2.06089015808669e-33,-0.210564299378134
599.6,-3.0929197749692,-3.0929197749692,-0.210269273152107,-2.02716119985009e-33,-0.210269273152107
599.7,-2.50698230279973,-2.50698230279973,-0.209974660293752,-1.99398425678e-33,-0.209974660293752
599.8,-2.6778807321825,-2.6778807321825,-0.209680460223889,-1.961350294481e-33,-0.209680460223889
599.9,-4.06948222858497,-4.06948222858497,-0.209386672364152,-1.92925042641661e-33,-0.209386672364152
600,-3.82534161518103,-3.82534161518103,-0.209093296136983,-1.89767591148906e-33,-0.209093296136983
600.1,-2.58022448682092,-2.58022448682092,-0.208800330965637,-1.86661815165938e-33,-0.208800330965637
600.2,-3.19057602033077,-3.19057602033077,-0.208507776274173,-1.83606868960585e-33,-0.208507776274173
600.3,-2.94643540692683,-2.94643540692683,-0.208215631487459,-1.806019206421e-33,-0.208215631487459
600.4,-1.7989745239283,-1.7989745239283,-0.207923896031169,-1.77646151934644e-33,-0.207923896031169
600.5,-0.553857395568187,-0.553857395568187,-0.207632569331781,-1.74738757954434e-33,-0.207632569331781
600.6,-0.822412070312524,-0.822412070312524,-0.207341650816576,-1.71878946990596e-33,-0.207341650816576
600.7,-2.87319322290565,-2.87319322290565,-0.20705113991364,-1.69065940289563e-33,-0.20705113991364
600.8,-3.0929197749692,-3.0929197749692,-0.206761036051857,-1.66298971843e-33,-0.206761036051857
600.9,-1.3595214198012,-1.3595214198012,-0.206471338660914,-1.63577288179235e-33,-0.206471338660914
601,-2.11635732135342,-2.11635732135342,-0.206182047171294,-1.60900148158065e-33,-0.206182047171294
601.1,-4.16713847394655,-4.16713847394655,-0.205893161014281,-1.58266822768941e-33,-0.205893161014281
601.2,-4.60659157807365,-4.60659157807365,-0.205604679621955,-1.55676594932456e-33,-0.205604679621955
601.3,-4.53334939405246,-4.53334939405246,-0.205316602427191,-1.53128759305077e-33,-0.205316602427191
601.4,-4.11831035126576,-4.11831035126576,-0.20502892886366,-1.50622622087063e-33,-0.20502892886366
601.5,-3.70327130847905,-3.70327130847905,-0.204741658365824,-1.48157500833549e-33,-0.204741658365824
601.6,-3.48354475641551,-3.48354475641551,-0.204454790368938,-1.45732724268701e-33,-0.204454790368938
601.7,-4.41127908735049,-4.41127908735049,-0.204168324309052,-1.43347632102931e-33,-0.204168324309052
601.8,-3.36147444971353,-3.36147444971353,-0.203882259623001,-1.41001574853087e-33,-0.203882259623001
601.9,-2.14077138269382,-2.14077138269382,-0.203596595748413,-1.3869391366559e-33,-0.203596595748413
602,-3.04409165228841,-3.04409165228841,-0.203311332123701,-1.36424020142475e-33,-0.203311332123701
602.1,-4.06948222858497,-4.06948222858497,-0.203026468188067,-1.34191276170265e-33,-0.203026468188067
602.2,-3.01967759094802,-3.01967759094802,-0.202742003381498,-1.31995073751663e-33,-0.202742003381498
602.3,-3.21499008167117,-3.21499008167117,-0.202457937144764,-1.29834814839982e-33,-0.202457937144764
602.4,-2.82436510022486,-2.82436510022486,-0.202174268919423,-1.27709911176287e-33,-0.202174268919423
602.5,-3.84975567652142,-3.84975567652142,-0.20189099814781,-1.25619784129213e-33,-0.20189099814781
602.6,-3.80092755384063,-3.80092755384063,-0.201608124273045,-1.23563864537402e-33,-0.201608124273045
602.7,-3.87416973786182,-3.87416973786182,-0.201325646739027,-1.21541592554501e-33,-0.201325646739027
602.8,-2.45815418011895,-2.45815418011895,-0.201043564990434,-1.19552417496725e-33,-0.201043564990434
602.9,-1.3839354811416,-1.3839354811416,-0.200761878472723,-1.17595797692898e-33,-0.200761878472723
603,-3.23940414301156,-3.23940414301156,-0.200480586632127,-1.15671200336935e-33,-0.200480586632127
603.1,-4.58217751673325,-4.58217751673325,-0.200199688915656,-1.1377810134278e-33,-0.200199688915656
603.2,-3.80092755384063,-3.80092755384063,-0.199919184771094,-1.11915985201669e-33,-0.199919184771094
603.3,-2.89760728424604,-2.89760728424604,-0.199639073646997,-1.10084344841767e-33,-0.199639073646997
603.4,-4.28920878064852,-4.28920878064852,-0.199359354992698,-1.08282681490086e-33,-0.199359354992698
603.5,-4.58217751673325,-4.58217751673325,-0.199080028258298,-1.06510504536649e-33,-0.199080028258298
603.6,-2.38491199609776,-2.38491199609776,-0.198801092894669,-1.04767331400916e-33,-0.198801092894669
603.7,-1.92104483063027,-1.92104483063027,-0.198522548353453,-1.03052687400354e-33,-0.198522548353453
603.8,-2.62905260950171,-2.62905260950171,-0.198244394087061,-1.01366105621186e-33,-0.198244394087061
603.9,-2.28725575073618,-2.28725575073618,-0.19796662954867,-9.97071267912453e-34,-0.19796662954867
604,-1.53041984918396,-1.53041984918396,-0.197689254192223,-9.80752991549022e-34,-0.197689254192223
604.1,-2.06752919867263,-2.06752919867263,-0.19741226747243,-9.64701783500607e-34,-0.19741226747243
604.2,-2.28725575073618,-2.28725575073618,-0.197135668844763,-9.48913272871468e-34,-0.197135668844763
604.3,-0.920068315674101,-0.920068315674101,-0.196859457765457,-9.33383160300815e-34,-0.196859457765457
604.4,-0.993310499695285,-0.993310499695285,-0.19658363369151,-9.18107216792158e-34,-0.19658363369151
604.5,-2.28725575073618,-2.28725575073618,-0.196308196080681,-9.03081282561556e-34,-0.196308196080681
604.6,-3.55678694043669,-3.55678694043669,-0.196033144391488,-8.88301265905038e-34,-0.196033144391488
604.7,-3.0929197749692,-3.0929197749692,-0.195758478083207,-8.73763142084299e-34,-0.195758478083207
604.8,-2.26284168939579,-2.26284168939579,-0.195484196615873,-8.59462952230705e-34,-0.195484196615873
604.9,-2.01870107599185,-2.01870107599185,-0.195210299450277,-8.45396802267352e-34,-0.195210299450277
605,-3.70327130847905,-3.70327130847905,-0.194936786047965,-8.31560861848526e-34,-0.194936786047965
605.1,-3.31264632703275,-3.31264632703275,-0.194663655871238,-8.17951363316823e-34,-0.194663655871238
605.2,-2.94643540692684,-2.94643540692684,-0.194390908383151,-8.04564600677094e-34,-0.194390908383151
605.3,-2.92202134558644,-2.92202134558644,-0.19411854304751,-7.91396928587244e-34,-0.19411854304751
605.4,-2.79995103888446,-2.79995103888446,-0.193846559328873,-7.78444761365652e-34,-0.193846559328873
605.5,-2.09194326001303,-2.09194326001303,-0.193574956692548,-7.65704572014679e-34,-0.193574956692548
605.6,-2.6290526095017,-2.6290526095017,-0.193303734604592,-7.53172891260264e-34,-0.193303734604592
605.7,-3.0685057136288,-3.0685057136288,-0.193032892531811,-7.40846306607231e-34,-0.193032892531811
605.8,-2.6778807321825,-2.6778807321825,-0.192762429941757,-7.28721461410012e-34,-0.192762429941757
605.9,-2.99526352960762,-2.99526352960762,-0.19249234630273,-7.16795053958578e-34,-0.19249234630273
606,-3.09291977496919,-3.09291977496919,-0.192222641083771,-7.05063836579386e-34,-0.192222641083771
606.1,-2.6534666708421,-2.6534666708421,-0.191953313754669,-6.93524614750989e-34,-0.191953313754669
606.2,-1.75014640124751,-1.75014640124751,-0.191684363785953,-6.82174246234159e-34,-0.191684363785953
606.3,-1.94545889197066,-1.94545889197066,-0.191415790648896,-6.71009640216214e-34,-0.191415790648896
606.4,-2.28725575073619,-2.28725575073619,-0.191147593815512,-6.60027756469338e-34,-0.191147593815512
606.5,-2.36049793475737,-2.36049793475737,-0.190879772758552,-6.49225604522724e-34,-0.190879772758552
606.6,-3.53237287909629,-3.53237287909629,-0.190612326951509,-6.38600242848229e-34,-0.190612326951509
606.7,-3.89858379920221,-3.89858379920221,-0.19034525586861,-6.28148778059388e-34,-0.19034525586861
606.8,-4.14272441260615,-4.14272441260615,-0.190078558984823,-6.17868364123504e-34,-0.190078558984823
606.9,-5.90053682911455,-5.90053682911455,-0.189812235775849,-6.07756201586628e-34,-0.189812235775849
607,-5.31459935694508,-5.31459935694508,-0.189546285718123,-5.97809536811256e-34,-0.189546285718123
607.1,-3.41030257239433,-3.41030257239433,-0.189280708288815,-5.88025661226518e-34,-0.189280708288815
607.2,-1.06655268371647,-1.06655268371647,-0.189015502965828,-5.78401910590544e-34,-0.189015502965828
607.3,-2.06752919867264,-2.06752919867264,-0.188750669227796,-5.68935664265029e-34,-0.188750669227796
607.4,-2.6290526095017,-2.6290526095017,-0.188486206554082,-5.59624344501587e-34,-0.188486206554082
607.5,-0.382958966185428,-0.382958966185428,-0.18822211442478,-5.50465415739754e-34,-0.18822211442478
607.6,-0.846826131652919,-0.846826131652919,-0.187958392320713,-5.41456383916631e-34,-0.187958392320713
607.7,-2.43374011877855,-2.43374011877855,-0.187695039723429,-5.32594795787635e-34,-0.187695039723429
607.8,-1.33510735846081,-1.33510735846081,-0.187432056115206,-5.23878238258518e-34,-0.187432056115206
607.9,-2.16518544403421,-2.16518544403421,-0.187169440979044,-5.15304337728244e-34,-0.187169440979044
608,-4.06948222858497,-4.06948222858497,-0.186907193798668,-5.06870759442582e-34,-0.186907193798668
608.1,-3.19057602033077,-3.19057602033077,-0.18664531405853,-4.98575206858426e-34,-0.18664531405853
608.2,-2.6778807321825,-2.6778807321825,-0.186383801243799,-4.90415421018337e-34,-0.186383801243799
608.3,-4.26479471930813,-4.26479471930813,-0.186122654840368,-4.8238917993547e-34,-0.186122654840368
608.4,-3.9229978605426,-3.9229978605426,-0.185861874334852,-4.74494297988482e-34,-0.185861874334852
608.5,-3.28823226569235,-3.28823226569235,-0.185601459214581,-4.66728625326326e-34,-0.185601459214581
608.6,-2.36049793475736,-2.36049793475736,-0.185341408967608,-4.59090047282908e-34,-0.185341408967608
608.7,-3.09291977496919,-3.09291977496919,-0.185081723082699,-4.5157648380119e-34,-0.185081723082699
608.8,-2.48256824145934,-2.48256824145934,-0.18482240104934,-4.44185888866765e-34,-0.18482240104934
608.9,-1.31069329712041,-1.31069329712041,-0.18456344235773,-4.36916249950755e-34,-0.18456344235773
609,0.202978505984037,0.202978505984037,-0.184304846498783,-4.29765587461706e-34,-0.184304846498783
609.1,-1.3595214198012,-1.3595214198012,-0.184046612964126,-4.22731954206607e-34,-0.184046612964126
609.2,-1.92104483063027,-1.92104483063027,-0.183788741246099,-4.15813434860609e-34,-0.183788741246099
609.3,-2.50698230279973,-2.50698230279973,-0.183531230837752,-4.09008145445451e-34,-0.183531230837752
609.4,-3.0929197749692,-3.0929197749692,-0.183274081232848,-4.02314232816481e-34,-0.183274081232848
609.5,-3.28823226569235,-3.28823226569235,-0.183017291925856,-3.95729874157961e-34,-0.183017291925856
609.6,-2.36049793475737,-2.36049793475737,-0.182760862411955,-3.89253276486767e-34,-0.182760862411955
609.7,-1.84780264660908,-1.84780264660908,-0.18250479218703,-3.82882676164109e-34,-0.18250479218703
609.8,-2.26284168939579,-2.26284168939579,-0.182249080747676,-3.76616338415256e-34,-0.182249080747676
609.9,-2.87319322290565,-2.87319322290565,-0.181993727591188,-3.70452556857193e-34,-0.181993727591188
610,-3.58120100177708,-3.58120100177708,-0.18173873221557,-3.64389653033886e-34,-0.18173873221557
610.1,-4.99721655951996,-4.99721655951996,-0.181484094119526,-3.58425975959297e-34,-0.181484094119526
610.2,-5.29018529560469,-5.29018529560469,-0.181229812802465,-3.52559901667754e-34,-0.181229812802465
610.3,-5.72963839973178,-5.72963839973178,-0.180975887764495,-3.46789832771758e-34,-0.180975887764495
610.4,-4.04506816724458,-4.04506816724458,-0.180722318506427,-3.41114198026971e-34,-0.180722318506427
610.5,-3.23940414301157,-3.23940414301157,-0.18046910452977,-3.35531451904375e-34,-0.18046910452977
610.6,-3.38588851105393,-3.38588851105393,-0.180216245336729,-3.30040074169399e-34,-0.180216245336729
610.7,-4.3868650260101,-4.3868650260101,-0.179963740430212,-3.24638569467955e-34,-0.179963740430212
610.8,-3.75209943115985,-3.75209943115985,-0.179711589313819,-3.19325466919234e-34,-0.179711589313819
610.9,-2.99526352960762,-2.99526352960762,-0.179459791491847,-3.14099319715157e-34,-0.179459791491847
611,-2.31166981207658,-2.31166981207658,-0.179208346469287,-3.08958704726417e-34,-0.179208346469287
611.1,-2.94643540692683,-2.94643540692683,-0.178957253751825,-3.03902222114929e-34,-0.178957253751825
611.2,-2.6534666708421,-2.6534666708421,-0.178706512845839,-2.98928494952662e-34,-0.178706512845839
611.3,-2.06752919867263,-2.06752919867263,-0.178456123258397,-2.94036168846674e-34,-0.178456123258397
611.4,-1.40834954248199,-1.40834954248199,-0.17820608449726,-2.89223911570295e-34,-0.17820608449726
611.5,-1.84780264660909,-1.84780264660909,-0.177956396070877,-2.84490412700352e-34,-0.177956396070877
611.6,-3.38588851105393,-3.38588851105393,-0.177707057488386,-2.79834383260343e-34,-0.177707057488386
611.7,-3.70327130847906,-3.70327130847906,-0.177458068259614,-2.75254555369411e-34,-0.177458068259614
611.8,-3.0685057136288,-3.0685057136288,-0.177209427895073,-2.70749681897111e-34,-0.177209427895073
611.9,-2.48256824145934,-2.48256824145934,-0.176961135905963,-2.66318536123799e-34,-0.176961135905963
612,-3.947411921883,-3.947411921883,-0.176713191804167,-2.61959911406559e-34,-0.176713191804167
612.1,-3.99624004456379,-3.99624004456379,-0.176465595102251,-2.57672620850671e-34,-0.176465595102251
612.2,-2.45815418011894,-2.45815418011894,-0.176218345313468,-2.53455496986362e-34,-0.176218345313468
612.3,-2.38491199609776,-2.38491199609776,-0.175971441951749,-2.49307391450923e-34,-0.175971441951749
612.4,-2.14077138269382,-2.14077138269382,-0.175724884531708,-2.45227174675995e-34,-0.175724884531708
612.5,-3.33706038837314,-3.33706038837314,-0.175478672568638,-2.41213735579947e-34,-0.175478672568638
612.6,-2.82436510022486,-2.82436510022486,-0.175232805578512,-2.37265981265366e-34,-0.175232805578512
612.7,-1.94545889197067,-1.94545889197067,-0.174987283077981,-2.3338283672141e-34,-0.174987283077981
612.8,-2.67788073218249,-2.67788073218249,-0.174742104584373,-2.295632445311e-34,-0.174742104584373
612.9,-2.04311513733224,-2.04311513733224,-0.174497269615693,-2.25806164583363e-34,-0.174497269615693
613,-0.724755824950948,-0.724755824950948,-0.174252777690619,-2.22110573789786e-34,-0.174252777690619
613.1,-2.04311513733224,-2.04311513733224,-0.174008628328507,-2.1847546580605e-34,-0.174008628328507
613.2,-3.58120100177708,-3.58120100177708,-0.173764821049384,-2.14899850757876e-34,-0.173764821049384
613.3,-3.0929197749692,-3.0929197749692,-0.17352135537395,-2.11382754971464e-34,-0.17352135537395
613.4,-4.3624509646697,-4.3624509646697,-0.173278230823577,-2.07923220708378e-34,-0.173278230823577
613.5,-4.38686502601009,-4.38686502601009,-0.173035446920307,-2.04520305904707e-34,-0.173035446920307
613.6,-2.58022448682092,-2.58022448682092,-0.172793003186851,-2.01173083914574e-34,-0.172793003186851
613.7,-1.82338858526869,-1.82338858526869,-0.17255089914659,-1.97880643257777e-34,-0.17255089914659
613.8,-2.50698230279973,-2.50698230279973,-0.172309134323574,-1.94642087371582e-34,-0.172309134323574
613.9,-2.60463854816131,-2.60463854816131,-0.172067708242517,-1.91456534366601e-34,-0.172067708242517
614,-1.45717766516278,-1.45717766516278,-0.171826620428801,-1.88323116786611e-34,-0.171826620428801
614.1,-2.26284168939579,-2.26284168939579,-0.171585870408471,-1.85240981372379e-34,-0.171585870408471
614.2,-2.92202134558644,-2.92202134558644,-0.171345457708238,-1.82209288829283e-34,-0.171345457708238
614.3,-3.89858379920221,-3.89858379920221,-0.171105381855476,-1.79227213598768e-34,-0.171105381855476
614.4,-2.26284168939579,-2.26284168939579,-0.17086564237822,-1.76293943633547e-34,-0.17086564237822
614.5,-2.92202134558644,-2.92202134558644,-0.170626238805168,-1.73408680176472e-34,-0.170626238805168
614.6,-3.97182598322339,-3.97182598322339,-0.170387170665675,-1.70570637543008e-34,-0.170387170665675
614.7,-3.82534161518103,-3.82534161518103,-0.17014843748976,-1.6777904290731e-34,-0.17014843748976
614.8,-1.33510735846081,-1.33510735846081,-0.169910038808098,-1.65033136091759e-34,-0.169910038808098
614.9,-0.309716782164244,-0.309716782164244,-0.169671974152021,-1.62332169359955e-34,-0.169671974152021
615,-0.407373027525821,-0.407373027525821,-0.169434243053519,-1.5967540721312e-34,-0.169434243053519
615.1,-2.21401356671501,-2.21401356671501,-0.169196845045236,-1.57062126189786e-34,-0.169196845045236
615.2,-3.48354475641551,-3.48354475641551,-0.168959779660474,-1.5449161466882e-34,-0.168959779660474
615.3,-2.01870107599185,-2.01870107599185,-0.168723046433185,-1.51963172675626e-34,-0.168723046433185
615.4,-1.57924797186475,-1.57924797186475,-0.168486644897977,-1.49476111691534e-34,-0.168486644897977
615.5,-2.11635732135342,-2.11635732135342,-0.16825057459011,-1.47029754466321e-34,-0.16825057459011
615.6,-1.65249015588594,-1.65249015588594,-0.168014835045492,-1.44623434833772e-34,-0.168014835045492
615.7,-2.50698230279974,-2.50698230279974,-0.167779425800685,-1.42256497530296e-34,-0.167779425800685
615.8,-3.31264632703275,-3.31264632703275,-0.167544346392898,-1.39928298016482e-34,-0.167544346392898
615.9,-2.60463854816131,-2.60463854816131,-0.16730959635999,-1.37638202301581e-34,-0.16730959635999
616,-1.60366203320515,-1.60366203320515,-0.167075175240465,-1.35385586770876e-34,-0.167075175240465
616.1,-2.82436510022486,-2.82436510022486,-0.166841082573477,-1.33169838015847e-34,-0.166841082573477
616.2,-4.41127908735049,-4.41127908735049,-0.166607317898823,-1.30990352667156e-34,-0.166607317898823
616.3,-3.19057602033077,-3.19057602033077,-0.166373880756947,-1.2884653723033e-34,-0.166373880756947
616.4,-2.11635732135343,-2.11635732135343,-0.166140770688934,-1.26737807924153e-34,-0.166140770688934
616.5,-2.87319322290566,-2.87319322290566,-0.165907987236515,-1.2466359052169e-34,-0.165907987236515
616.6,-4.94838843683917,-4.94838843683917,-0.16567552994206,-1.22623320193925e-34,-0.16567552994206
616.7,-5.92495089045494,-5.92495089045494,-0.165443398348584,-1.2061644135595e-34,-0.165443398348584
616.8,-6.31557587190125,-6.31557587190125,-0.16521159199974,-1.1864240751568e-34,-0.16521159199974
616.9,-5.38784154096626,-5.38784154096626,-0.16498011043982,-1.16700681125033e-34,-0.16498011043982
617,-4.55776345539286,-4.55776345539286,-0.164748953213756,-1.14790733433546e-34,-0.164748953213756
617.1,-6.14467744251849,-6.14467744251849,-0.164518119867115,-1.129120443444e-34,-0.164518119867115
617.2,-5.36342747962587,-5.36342747962587,-0.164287609946104,-1.11064102272787e-34,-0.164287609946104
617.3,-5.43666966364705,-5.43666966364705,-0.164057422997564,-1.09246404006606e-34,-0.164057422997564
617.4,-5.33901341828547,-5.33901341828547,-0.163827558568971,-1.07458454569429e-34,-0.163827558568971
617.5,-4.82631813013719,-4.82631813013719,-0.163598016208436,-1.05699767085713e-34,-0.163598016208436
617.6,-5.11928686622193,-5.11928686622193,-0.163368795464701,-1.03969862648225e-34,-0.163368795464701
617.7,-5.04604468220074,-5.04604468220074,-0.163139895887143,-1.02268270187624e-34,-0.163139895887143
617.8,-4.72866188477561,-4.72866188477561,-0.162911317025769,-1.00594526344192e-34,-0.162911317025769
617.9,-4.67983376209483,-4.67983376209483,-0.162683058431215,-9.89481753416506e-35,-0.162683058431215
618,-4.75307594611601,-4.75307594611601,-0.162455119654751,-9.73287688630544e-35,-0.162455119654751
618.1,-3.84975567652142,-3.84975567652142,-0.16222750024827,-9.57358659286983e-35,-0.16222750024827
618.2,-3.80092755384064,-3.80092755384064,-0.162000199764298,-9.41690327760527e-35,-0.162000199764298
618.3,-3.31264632703275,-3.31264632703275,-0.161773217755984,-9.26278427416293e-35,-0.161773217755984
618.4,-3.99624004456379,-3.99624004456379,-0.161546553777106,-9.11118761448071e-35,-0.161546553777106
618.5,-4.63100563941404,-4.63100563941404,-0.161320207382066,-8.96207201735474e-35,-0.161320207382066
618.6,-4.48452127137168,-4.48452127137168,-0.161094178125889,-8.81539687719714e-35,-0.161094178125889
618.7,-3.33706038837314,-3.33706038837314,-0.160868465564226,-8.67112225298047e-35,-0.160868465564226
618.8,-3.70327130847906,-3.70327130847906,-0.16064306925335,-8.52920885735983e-35,-0.16064306925335
618.9,-3.55678694043669,-3.55678694043669,-0.160417988750154,-8.38961804597558e-35,-0.160417988750154
619,-4.99721655951996,-4.99721655951996,-0.160193223612154,-8.25231180692984e-35,-0.160193223612154
619.1,-5.53432590900863,-5.53432590900863,-0.159968773397483,-8.11725275043468e-35,-0.159968773397483
619.2,-6.24233368788006,-6.24233368788006,-0.159744637664897,-7.98440409863194e-35,-0.159744637664897
619.3,-4.8019040687968,-4.8019040687968,-0.159520815973768,-7.85372967557744e-35,-0.159520815973768
619.4,-2.77553697754407,-2.77553697754407,-0.159297307884085,-7.72519389738971e-35,-0.159297307884085
619.5,-1.84780264660909,-1.84780264660909,-0.159074112956455,-7.59876176256105e-35,-0.159074112956455
619.6,-2.43374011877855,-2.43374011877855,-0.158851230752099,-7.474398842425e-35,-0.158851230752099
619.7,-3.80092755384063,-3.80092755384063,-0.158628660832854,-7.35207127178247e-35,-0.158628660832854
619.8,-2.55581042548053,-2.55581042548053,-0.15840640276117,-7.23174573967916e-35,-0.15840640276117
619.9,-1.84780264660909,-1.84780264660909,-0.158184456100112,-7.1133894803345e-35,-0.158184456100112
620,-2.87319322290565,-2.87319322290565,-0.157962820413355,-6.99697026422003e-35,-0.157962820413355
620.1,-3.38588851105393,-3.38588851105393,-0.157741495265185,-6.88245638928178e-35,-0.157741495265185
620.2,-3.55678694043669,-3.55678694043669,-0.157520480220501,-6.76981667230878e-35,-0.157520480220501
620.3,-2.45815418011895,-2.45815418011895,-0.15729977484481,-6.65902044044093e-35,-0.15729977484481
620.4,-2.45815418011895,-2.45815418011895,-0.157079378704228,-6.55003752281623e-35,-0.157079378704228
620.5,-3.23940414301156,-3.23940414301156,-0.156859291365479,-6.4428382423558e-35,-0.156859291365479
620.6,-2.48256824145934,-2.48256824145934,-0.156639512395894,-6.33739340768138e-35,-0.156639512395894
620.7,-3.5079588177559,-3.5079588177559,-0.15642004136341,-6.23367430516742e-35,-0.15642004136341
620.8,-4.8019040687968,-4.8019040687968,-0.156200877836569,-6.1316526911214e-35,-0.156200877836569
620.9,-4.04506816724458,-4.04506816724458,-0.15598202138452,-6.03130078409303e-35,-0.15598202138452
621,-4.46010721003128,-4.46010721003128,-0.155763471577013,-5.93259125730886e-35,-0.155763471577013
621.1,-4.87514625281798,-4.87514625281798,-0.1555452279844,-5.83549723123122e-35,-0.1555452279844
621.2,-4.48452127137167,-4.48452127137167,-0.155327290177639,-5.73999226623845e-35,-0.155327290177639
621.3,-4.09389628992537,-4.09389628992537,-0.155109657728286,-5.64605035542545e-35,-0.155109657728286
621.4,-4.8019040687968,-4.8019040687968,-0.154892330208497,-5.55364591752153e-35,-0.154892330208497
621.5,-5.75405246107218,-5.75405246107218,-0.15467530719103,-5.46275378992425e-35,-0.15467530719103
621.6,-4.06948222858497,-4.06948222858497,-0.15445858824924,-5.37334922184766e-35,-0.15445858824924
621.7,-2.72670885486328,-2.72670885486328,-0.154242172957079,-5.28540786758226e-35,-0.154242172957079
621.8,-2.26284168939579,-2.26284168939579,-0.154026060889097,-5.19890577986566e-35,-0.154026060889097
621.9,-4.85073219147759,-4.85073219147759,-0.153810251620441,-5.11381940336136e-35,-0.153810251620441
622,-5.94936495179533,-5.94936495179533,-0.153594744726852,-5.03012556824427e-35,-0.153594744726852
622.1,-4.87514625281798,-4.87514625281798,-0.153379539784665,-4.94780148389154e-35,-0.153379539784665
622.2,-3.43471663373472,-3.43471663373472,-0.15316463637081,-4.86682473267638e-35,-0.15316463637081
622.3,-3.80092755384063,-3.80092755384063,-0.152950034062809,-4.78717326386365e-35,-0.152950034062809
622.4,-3.77651349250024,-3.77651349250024,-0.152735732438776,-4.7088253876051e-35,-0.152735732438776
622.5,-2.75112291620368,-2.75112291620368,-0.152521731077415,-4.63175976903319e-35,-0.152521731077415
622.6,-3.36147444971353,-3.36147444971353,-0.152308029558023,-4.55595542245088e-35,-0.152308029558023
622.7,-3.77651349250024,-3.77651349250024,-0.152094627460485,-4.48139170561786e-35,-0.152094627460485
622.8,-3.99624004456379,-3.99624004456379,-0.151881524365273,-4.40804831412873e-35,-0.151881524365273
622.9,-4.46010721003128,-4.46010721003128,-0.151668719853449,-4.33590527588442e-35,-0.151668719853449
623,-4.09389628992536,-4.09389628992536,-0.151456213506662,-4.26494294565344e-35,-0.151456213506662
623.1,-3.70327130847906,-3.70327130847906,-0.151244004907146,-4.19514199972191e-35,-0.151244004907146
623.2,-3.01967759094801,-3.01967759094801,-0.151032093637721,-4.1264834306323e-35,-0.151032093637721
623.3,-4.09389628992537,-4.09389628992537,-0.15082047928179,-4.05894854200677e-35,-0.15082047928179
623.4,-3.14174789764998,-3.14174789764998,-0.150609161423343,-3.99251894345652e-35,-0.150609161423343
623.5,-0.724755824950945,-0.724755824950945,-0.15039813964695,-3.92717654557372e-35,-0.15039813964695
623.6,-2.94643540692683,-2.94643540692683,-0.150187413537764,-3.86290355500522e-35,-0.150187413537764
623.7,-4.63100563941404,-4.63100563941404,-0.149976982681519,-3.799682469608e-35,-0.149976982681519
623.8,-3.28823226569235,-3.28823226569235,-0.14976684666453,-3.7374960736825e-35,-0.14976684666453
623.9,-2.53139636414013,-2.53139636414013,-0.149557005073691,-3.67632743328502e-35,-0.149557005073691
624,-1.18862299041844,-1.18862299041844,-0.149347457496476,-3.6161598916164e-35,-0.149347457496476
624.1,-3.58120100177708,-3.58120100177708,-0.149138203520935,-3.5569770644858e-35,-0.149138203520935
624.2,-5.07045874354114,-5.07045874354114,-0.148929242735697,-3.49876283584978e-35,-0.148929242735697
624.3,-3.11733383630959,-3.11733383630959,-0.148720574729966,-3.44150135342336e-35,-0.148720574729966
624.4,-1.99428701465145,-1.99428701465145,-0.148512199093523,-3.38517702436325e-35,-0.148512199093523
624.5,-2.92202134558644,-2.92202134558644,-0.148304115416723,-3.32977451102209e-35,-0.148304115416723
624.6,-4.41127908735049,-4.41127908735049,-0.148096323290495,-3.27527872677135e-35,-0.148096323290495
624.7,-4.16713847394655,-4.16713847394655,-0.14788882230634,-3.22167483189368e-35,-0.14788882230634
624.8,-4.19155253528694,-4.19155253528694,-0.147681612056333,-3.1689482295416e-35,-0.147681612056333
624.9,-3.45913069507511,-3.45913069507511,-0.147474692133121,-3.11708456176253e-35,-0.147474692133121
625,-3.63002912445787,-3.63002912445787,-0.147268062129921,-3.06606970558938e-35,-0.147268062129921
625.1,-3.58120100177708,-3.58120100177708,-0.147061721640518,-3.01588976919415e-35,-0.147061721640518
625.2,-4.46010721003128,-4.46010721003128,-0.146855670259269,-2.96653108810569e-35,-0.146855670259269
625.3,-4.33803690332931,-4.33803690332931,-0.146649907581098,-2.91798022148833e-35,-0.146649907581098
625.4,-2.72670885486328,-2.72670885486328,-0.146444433201497,-2.87022394848196e-35,-0.146444433201497
625.5,-2.33608387341697,-2.33608387341697,-0.146239246716525,-2.82324926460175e-35,-0.146239246716525
625.6,-1.62807609454554,-1.62807609454554,-0.146034347722806,-2.77704337819702e-35,-0.146034347722806
625.7,-2.04311513733224,-2.04311513733224,-0.14582973581753,-2.73159370696787e-35,-0.14582973581753
625.8,-3.28823226569235,-3.28823226569235,-0.145625410598451,-2.68688787453902e-35,-0.145625410598451
625.9,-4.26479471930812,-4.26479471930812,-0.145421371663886,-2.64291370708955e-35,-0.145421371663886
626,-3.65444318579827,-3.65444318579827,-0.145217618612717,-2.59965923003772e-35,-0.145217618612717
626.1,-2.45815418011894,-2.45815418011894,-0.145014151044386,-2.55711266478037e-35,-0.145014151044386
626.2,-3.89858379920221,-3.89858379920221,-0.144810968558896,-2.51526242548536e-35,-0.144810968558896
626.3,-3.82534161518103,-3.82534161518103,-0.144608070756812,-2.47409711593677e-35,-0.144608070756812
626.4,-3.33706038837314,-3.33706038837314,-0.144405457239257,-2.43360552643152e-35,-0.144405457239257
626.5,-4.3624509646697,-4.3624509646697,-0.144203127607916,-2.39377663072681e-35,-0.144203127607916
626.6,-4.87514625281799,-4.87514625281799,-0.144001081465027,-2.35459958303765e-35,-0.144001081465027
626.7,-3.4835447564155,-3.4835447564155,-0.14379931841339,-2.31606371508343e-35,-0.14379931841339
626.8,-2.82436510022486,-2.82436510022486,-0.143597838056359,-2.27815853318286e-35,-0.143597838056359
626.9,-1.7745604625879,-1.7745604625879,-0.143396639997844,-2.24087371539645e-35,-0.143396639997844
627,-1.7745604625879,-1.7745604625879,-0.143195723842312,-2.20419910871574e-35,-0.143195723842312
627.1,-4.24038065796773,-4.24038065796773,-0.142995089194781,-2.16812472629836e-35,-0.142995089194781
627.2,-6.0714352584973,-6.0714352584973,-0.142794735660824,-2.13264074474891e-35,-0.142794735660824
627.3,-6.12026338117809,-6.12026338117809,-0.142594662846568,-2.09773750144355e-35,-0.142594662846568
627.4,-3.99624004456379,-3.99624004456379,-0.142394870358689,-2.06340549189908e-35,-0.142394870358689
627.5,-3.33706038837314,-3.33706038837314,-0.142195357804417,-2.02963536718465e-35,-0.142195357804417
627.6,-3.21499008167117,-3.21499008167117,-0.141996124791531,-1.99641793137582e-35,-0.141996124791531
627.7,-2.67788073218249,-2.67788073218249,-0.141797170928357,-1.96374413905074e-35,-0.141797170928357
627.8,-4.41127908735049,-4.41127908735049,-0.141598495823775,-1.9316050928267e-35,-0.141598495823775
627.9,-5.38784154096626,-5.38784154096626,-0.141400099087209,-1.89999204093749e-35,-0.141400099087209
628,-4.50893533271207,-4.50893533271207,-0.141201980328632,-1.86889637485015e-35,-0.141201980328632
628.1,-3.99624004456379,-3.99624004456379,-0.141004139158562,-1.83830962692062e-35,-0.141004139158562
628.2,-3.41030257239432,-3.41030257239432,-0.140806575188065,-1.80822346808823e-35,-0.140806575188065
628.3,-3.38588851105393,-3.38588851105393,-0.14060928802875,-1.77862970560736e-35,-0.14060928802875
628.4,-3.63002912445787,-3.63002912445787,-0.140412277292771,-1.74952028081661e-35,-0.140412277292771
628.5,-3.67885724713866,-3.67885724713866,-0.140215542592825,-1.72088726694438e-35,-0.140215542592825
628.6,-2.55581042548052,-2.55581042548052,-0.140019083542152,-1.69272286695008e-35,-0.140019083542152
628.7,-2.75112291620367,-2.75112291620367,-0.139822899754534,-1.66501941140129e-35,-0.139822899754534
628.8,-3.63002912445787,-3.63002912445787,-0.139626990844294,-1.63776935638507e-35,-0.139626990844294
628.9,-2.45815418011894,-2.45815418011894,-0.139431356426295,-1.61096528145369e-35,-0.139431356426295
629,-2.87319322290565,-2.87319322290565,-0.13923599611594,-1.58459988760412e-35,-0.13923599611594
629.1,-4.11831035126576,-4.11831035126576,-0.13904090952917,-1.55866599529016e-35,-0.13904090952917
629.2,-2.97084946826722,-2.97084946826722,-0.138846096282467,-1.53315654246771e-35,-0.138846096282467
629.3,-2.77553697754407,-2.77553697754407,-0.138651555992847,-1.50806458267155e-35,-0.138651555992847
629.4,-3.11733383630959,-3.11733383630959,-0.138457288277863,-1.48338328312366e-35,-0.138457288277863
629.5,-4.3624509646697,-4.3624509646697,-0.138263292755606,-1.45910592287283e-35,-0.138263292755606
629.6,-3.77651349250024,-3.77651349250024,-0.138069569044701,-1.43522589096417e-35,-0.138069569044701
629.7,-4.77749000745641,-4.77749000745641,-0.137876116764307,-1.41173668463919e-35,-0.137876116764307
629.8,-5.04604468220074,-5.04604468220074,-0.137682935534116,-1.38863190756488e-35,-0.137682935534116
629.9,-4.21596659662734,-4.21596659662734,-0.137490024974354,-1.36590526809189e-35,-0.137490024974354
630,-4.3624509646697,-4.3624509646697,-0.137297384705779,-1.34355057754139e-35,-0.137297384705779
630.1,-4.60659157807365,-4.60659157807365,-0.13710501434968,-1.32156174851972e-35,-0.13710501434968
630.2,-3.0929197749692,-3.0929197749692,-0.136912913527877,-1.29993279326075e-35,-0.136912913527877
630.3,-3.82534161518103,-3.82534161518103,-0.13672108186272,-1.27865782199543e-35,-0.13672108186272
630.4,-3.55678694043669,-3.55678694043669,-0.136529518977086,-1.25773104134789e-35,-0.136529518977086
630.5,-3.38588851105393,-3.38588851105393,-0.136338224494385,-1.23714675275783e-35,-0.136338224494385
630.6,-4.67983376209483,-4.67983376209483,-0.136147198038549,-1.2168993509288e-35,-0.136147198038549
630.7,-4.02065410590418,-4.02065410590418,-0.135956439234041,-1.19698332230177e-35,-0.135956439234041
630.8,-2.92202134558644,-2.92202134558644,-0.135765947705849,-1.1773932435538e-35,-0.135765947705849
630.9,-3.77651349250024,-3.77651349250024,-0.135575723079486,-1.1581237801212e-35,-0.135575723079486
631,-4.87514625281798,-4.87514625281798,-0.13538576498099,-1.13916968474683e-35,-0.13538576498099
631.1,-4.94838843683916,-4.94838843683916,-0.135196073036924,-1.12052579605124e-35,-0.135196073036924
631.2,-3.36147444971353,-3.36147444971353,-0.135006646874371,-1.10218703712722e-35,-0.135006646874371
631.3,-3.36147444971354,-3.36147444971354,-0.134817486120941,-1.08414841415728e-35,-0.134817486120941
631.4,-3.9229978605426,-3.9229978605426,-0.134628590404763,-1.0664050150538e-35,-0.134628590404763
631.5,-4.11831035126576,-4.11831035126576,-0.134439959354486,-1.04895200812139e-35,-0.134439959354486
631.6,-3.16616195899038,-3.16616195899038,-0.134251592599283,-1.03178464074119e-35,-0.134251592599283
631.7,-4.11831035126576,-4.11831035126576,-0.134063489768843,-1.01489823807671e-35,-0.134063489768843
631.8,-2.89760728424604,-2.89760728424604,-0.133875650493376,-9.98288201800803e-36,-0.133875650493376
631.9,-2.48256824145934,-2.48256824145934,-0.133688074403609,-9.81950008843498e-36,-0.133688074403609
632,-2.94643540692683,-2.94643540692683,-0.133500761130787,-9.65879210160367e-36,-0.133500761130787
632.1,-3.01967759094801,-3.01967759094801,-0.13331371030667,-9.50071429520886e-36,-0.13331371030667
632.2,-1.57924797186475,-1.57924797186475,-0.133126921563538,-9.34522362316925e-36,-0.133126921563538
632.3,-1.99428701465145,-1.99428701465145,-0.132940394534182,-9.19227774390404e-36,-0.132940394534182
632.4,-2.87319322290565,-2.87319322290565,-0.13275412885191,-9.04183500880397e-36,-0.13275412885191
632.5,-4.65541970075443,-4.65541970075443,-0.132568124150542,-8.89385445088971e-36,-0.132568124150542
632.6,-5.14370092756232,-5.14370092756232,-0.132382380064412,-8.74829577365532e-36,-0.132382380064412
632.7,-4.24038065796773,-4.24038065796773,-0.132196896228366,-8.60511934009676e-36,-0.132196896228366
632.8,-4.77749000745641,-4.77749000745641,-0.132011672277764,-8.46428616191682e-36,-0.132011672277764
632.9,-2.94643540692683,-2.94643540692683,-0.131826707848473,-8.32575788890931e-36,-0.131826707848473
633,-0.163232414121875,-0.163232414121875,-0.131642002576872,-8.18949679851558e-36,-0.131642002576872
633.1,-0.553857395568186,-0.553857395568186,-0.13145755609985,-8.05546578555157e-36,-0.13145755609985
633.2,-1.01772456103568,-1.01772456103568,-0.131273368054805,-7.9236283521051e-36,-0.131273368054805
633.3,-0.773583947631733,-0.773583947631733,-0.131089438079641,-7.7939485975963e-36,-0.131089438079641
633.4,-0.62709957958937,-0.62709957958937,-0.130905765812771,-7.66639120900136e-36,-0.130905765812771
633.5,-2.75112291620368,-2.75112291620368,-0.130722350893116,-7.54092145123733e-36,-0.130722350893116
633.6,-3.65444318579826,-3.65444318579826,-0.130539192960098,-7.41750515770211e-36,-0.130539192960098
633.7,-3.0685057136288,-3.0685057136288,-0.13035629165365,-7.29610872097198e-36,-0.13035629165365
633.8,-3.87416973786181,-3.87416973786181,-0.130173646614206,-7.17669908364923e-36,-0.130173646614206
633.9,-3.82534161518103,-3.82534161518103,-0.129991257482705,-7.0592437293601e-36,-0.129991257482705
634,-2.75112291620368,-2.75112291620368,-0.129809123900589,-6.94371067390108e-36,-0.129809123900589
634.1,-3.26381820435196,-3.26381820435196,-0.129627245509801,-6.83006845652814e-36,-0.129627245509801
634.2,-3.58120100177708,-3.58120100177708,-0.129445621952789,-6.7182861313909e-36,-0.129445621952789
634.3,-2.79995103888447,-2.79995103888447,-0.129264252872497,-6.60833325910517e-36,-0.129264252872497
634.4,-2.67788073218249,-2.67788073218249,-0.129083137912375,-6.50017989846375e-36,-0.129083137912375
634.5,-3.16616195899038,-3.16616195899038,-0.128902276716367,-6.39379659828387e-36,-0.128902276716367
634.6,-3.23940414301156,-3.23940414301156,-0.128721668928921,-6.28915438938669e-36,-0.128721668928921
634.7,-4.53334939405246,-4.53334939405246,-0.12854131419498,-6.18622477670898e-36,-0.12854131419498
634.8,-3.45913069507511,-3.45913069507511,-0.128361212159984,-6.08497973154386e-36,-0.128361212159984
634.9,-3.55678694043669,-3.55678694043669,-0.128181362469872,-5.98539168390808e-36,-0.128181362469872
635,-2.84877916156526,-2.84877916156526,-0.128001764771078,-5.88743351503435e-36,-0.128001764771078
635.1,-1.84780264660909,-1.84780264660909,-0.127822418710532,-5.79107854998685e-36,-0.127822418710532
635.2,-2.38491199609777,-2.38491199609777,-0.127643323935657,-5.69630055039723e-36,-0.127643323935657
635.3,-3.63002912445787,-3.63002912445787,-0.127464480094373,-5.60307370731994e-36,-0.127464480094373
635.4,-4.24038065796773,-4.24038065796773,-0.127285886835089,-5.511372634204e-36,-0.127285886835089
635.5,-4.28920878064852,-4.28920878064852,-0.127107543806711,-5.42117235997986e-36,-0.127107543806711
635.6,-3.80092755384063,-3.80092755384063,-0.126929450658635,-5.33244832225978e-36,-0.126929450658635
635.7,-3.14174789764998,-3.14174789764998,-0.126751607040747,-5.24517636064911e-36,-0.126751607040747
635.8,-4.02065410590418,-4.02065410590418,-0.126574012603425,-5.15933271016743e-36,-0.126574012603425
635.9,-4.41127908735049,-4.41127908735049,-0.126396666997538,-5.0748939947769e-36,-0.126396666997538
636,-3.84975567652142,-3.84975567652142,-0.126219569874442,-4.99183722101668e-36,-0.126219569874442
636.1,-4.55776345539285,-4.55776345539285,-0.126042720885982,-4.91013977174171e-36,-0.126042720885982
636.2,-2.79995103888447,-2.79995103888447,-0.125866119684492,-4.82977939996402e-36,-0.125866119684492
636.3,-4.58217751673325,-4.58217751673325,-0.125689765922792,-4.75073422279426e-36,-0.125689765922792
636.4,-5.14370092756232,-5.14370092756232,-0.125513659254188,-4.67298271548317e-36,-0.125513659254188
636.5,-4.33803690332931,-4.33803690332931,-0.125337799332473,-4.59650370556013e-36,-0.125337799332473
636.6,-3.65444318579827,-3.65444318579827,-0.125162185811925,-4.52127636706716e-36,-0.125162185811925
636.7,-3.31264632703275,-3.31264632703275,-0.124986818347306,-4.44728021488873e-36,-0.124986818347306
636.8,-3.72768536981945,-3.72768536981945,-0.12481169659386,-4.37449509917266e-36,-0.12481169659386
636.9,-3.01967759094802,-3.01967759094802,-0.124636820207318,-4.30290119984364e-36,-0.124636820207318
637,-3.65444318579827,-3.65444318579827,-0.12446218884389,-4.23247902120592e-36,-0.12446218884389
637.1,-4.55776345539285,-4.55776345539285,-0.124287802160268,-4.163209386634e-36,-0.124287802160268
637.2,-4.06948222858497,-4.06948222858497,-0.124113659813628,-4.09507343335143e-36,-0.124113659813628
637.3,-3.01967759094801,-3.01967759094801,-0.123939761461622,-4.02805260729365e-36,-0.123939761461622
637.4,-4.33803690332931,-4.33803690332931,-0.123766106762384,-3.96212865805592e-36,-0.123766106762384
637.5,-4.21596659662734,-4.21596659662734,-0.123592695374528,-3.89728363392351e-36,-0.123592695374528
637.6,-3.99624004456379,-3.99624004456379,-0.123419526957144,-3.83349987698285e-36,-0.123419526957144
637.7,-3.77651349250024,-3.77651349250024,-0.123246601169802,-3.77076001831381e-36,-0.123246601169802
637.8,-5.80288058375297,-5.80288058375297,-0.123073917672547,-3.70904697325957e-36,-0.123073917672547
637.9,-5.58315403168941,-5.58315403168941,-0.1229014761259,-3.64834393677421e-36,-0.1229014761259
638,-5.82729464509336,-5.82729464509336,-0.122729276190861,-3.58863437884694e-36,-0.122729276190861
638.1,-4.53334939405246,-4.53334939405246,-0.122557317528901,-3.52990204000025e-36,-0.122557317528901
638.2,-3.60561506311748,-3.60561506311748,-0.122385599801968,-3.47213092686291e-36,-0.122385599801968
638.3,-2.97084946826723,-2.97084946826723,-0.122214122672482,-3.41530530781449e-36,-0.122214122672482
638.4,-2.89760728424604,-2.89760728424604,-0.122042885803337,-3.3594097087014e-36,-0.122042885803337
638.5,-5.04604468220074,-5.04604468220074,-0.121871888857899,-3.30442890862352e-36,-0.121871888857899
638.6,-5.07045874354114,-5.07045874354114,-0.121701131500006,-3.25034793578883e-36,-0.121701131500006
638.7,-4.26479471930812,-4.26479471930812,-0.121530613393966,-3.19715206343703e-36,-0.121530613393966
638.8,-3.87416973786182,-3.87416973786182,-0.121360334204558,-3.14482680582905e-36,-0.121360334204558
638.9,-2.97084946826723,-2.97084946826723,-0.121190293597031,-3.09335791430228e-36,-0.121190293597031
639,-2.55581042548052,-2.55581042548052,-0.121020491237104,-3.04273137339093e-36,-0.121020491237104
639.1,-2.77553697754407,-2.77553697754407,-0.12085092679096,-2.99293339700893e-36,-0.12085092679096
639.2,-5.04604468220075,-5.04604468220075,-0.120681599925256,-2.94395042469644e-36,-0.120681599925256
639.3,-6.24233368788006,-6.24233368788006,-0.120512510307111,-2.89576911792684e-36,-0.120512510307111
639.4,-5.53432590900863,-5.53432590900863,-0.120343657604113,-2.84837635647468e-36,-0.120343657604113
639.5,-3.55678694043669,-3.55678694043669,-0.120175041484315,-2.80175923484275e-36,-0.120175041484315
639.6,-4.85073219147759,-4.85073219147759,-0.120006661616235,-2.75590505874795e-36,-0.120006661616235
639.7,-4.16713847394655,-4.16713847394655,-0.119838517668855,-2.71080134166443e-36,-0.119838517668855
639.8,-2.40932605743816,-2.40932605743816,-0.119670609311622,-2.66643580142351e-36,-0.119670609311622
639.9,-3.26381820435196,-3.26381820435196,-0.119502936214445,-2.62279635686902e-36,-0.119502936214445
640,-4.04506816724458,-4.04506816724458,-0.119335498047698,-2.57987112456746e-36,-0.119335498047698
640.1,-4.31362284198891,-4.31362284198891,-0.119168294482212,-2.53764841557211e-36,-0.119168294482212
640.2,-4.46010721003128,-4.46010721003128,-0.119001325189284,-2.49611673223995e-36,-0.119001325189284
640.3,-4.09389628992536,-4.09389628992536,-0.118834589840668,-2.45526476510088e-36,-0.118834589840668
640.4,-2.11635732135342,-2.11635732135342,-0.118668088108581,-2.41508138977791e-36,-0.118668088108581
640.5,-3.19057602033077,-3.19057602033077,-0.118501819665698,-2.37555566395787e-36,-0.118501819665698
640.6,-4.65541970075443,-4.65541970075443,-0.118335784185151,-2.33667682441179e-36,-0.118335784185151
640.7,-3.28823226569235,-3.28823226569235,-0.118169981340532,-2.29843428406402e-36,-0.118169981340532
640.8,-0.895654254333703,-0.895654254333703,-0.118004410805891,-2.26081762910908e-36,-0.118004410805891
640.9,-2.43374011877855,-2.43374011877855,-0.117839072255731,-2.22381661617611e-36,-0.117839072255731
641,-2.26284168939579,-2.26284168939579,-0.117673965365015,-2.18742116953942e-36,-0.117673965365015
641.1,-2.50698230279973,-2.50698230279973,-0.11750908980916,-2.15162137837454e-36,-0.11750908980916
641.2,-4.60659157807365,-4.60659157807365,-0.117344445264037,-2.11640749405987e-36,-0.117344445264037
641.3,-5.19252905024311,-5.19252905024311,-0.117180031405973,-2.08176992752161e-36,-0.117180031405973
641.4,-4.3624509646697,-4.3624509646697,-0.117015847911745,-2.04769924662284e-36,-0.117015847911745
641.5,-2.53139636414013,-2.53139636414013,-0.116851894458588,-2.01418617359498e-36,-0.116851894458588
641.6,-3.55678694043669,-3.55678694043669,-0.116688170724185,-1.9812215825112e-36,-0.116688170724185
641.7,-4.60659157807364,-4.60659157807364,-0.116524676386672,-1.94879649680165e-36,-0.116524676386672
641.8,-4.8263181301372,-4.8263181301372,-0.116361411124636,-1.9169020868088e-36,-0.116361411124636
641.9,-4.58217751673325,-4.58217751673325,-0.116198374617115,-1.88552966738318e-36,-0.116198374617115
642,-3.87416973786181,-3.87416973786181,-0.116035566543596,-1.85467069551833e-36,-0.116035566543596
642.1,-3.14174789764999,-3.14174789764999,-0.115872986584014,-1.82431676802427e-36,-0.115872986584014
642.2,-3.947411921883,-3.947411921883,-0.115710634418755,-1.79445961923952e-36,-0.115710634418755
642.3,-4.11831035126576,-4.11831035126576,-0.115548509728651,-1.76509111878012e-36,-0.115548509728651
642.4,-2.87319322290565,-2.87319322290565,-0.115386612194981,-1.73620326932559e-36,-0.115386612194981
642.5,-2.82436510022486,-2.82436510022486,-0.115224941499472,-1.70778820444139e-36,-0.115224941499472
642.6,-4.21596659662733,-4.21596659662733,-0.115063497324295,-1.67983818643653e-36,-0.115063497324295
642.7,-3.84975567652142,-3.84975567652142,-0.114902279352069,-1.65234560425682e-36,-0.114902279352069
642.8,-3.65444318579827,-3.65444318579827,-0.114741287265855,-1.62530297141213e-36,-0.114741287265855
642.9,-3.947411921883,-3.947411921883,-0.114580520749159,-1.59870292393775e-36,-0.114580520749159
643,-3.55678694043669,-3.55678694043669,-0.114419979485932,-1.57253821838925e-36,-0.114419979485932
643.1,-3.43471663373472,-3.43471663373472,-0.114259663160565,-1.54680172986977e-36,-0.114259663160565
643.2,-2.70229479352289,-2.70229479352289,-0.114099571457893,-1.52148645009013e-36,-0.114099571457893
643.3,-2.16518544403422,-2.16518544403422,-0.113939704063193,-1.49658548546024e-36,-0.113939704063193
643.4,-3.87416973786181,-3.87416973786181,-0.113780060662181,-1.4720920552119e-36,-0.113780060662181
643.5,-4.67983376209483,-4.67983376209483,-0.113620640941016,-1.44799948955246e-36,-0.113620640941016
643.6,-3.9229978605426,-3.9229978605426,-0.113461444586294,-1.42430122784836e-36,-0.113461444586294
643.7,-3.31264632703275,-3.31264632703275,-0.113302471285052,-1.40099081683886e-36,-0.113302471285052
643.8,-2.50698230279974,-2.50698230279974,-0.113143720724765,-1.37806190887858e-36,-0.113143720724765
643.9,-2.72670885486328,-2.72670885486328,-0.112985192593346,-1.35550826020905e-36,-0.112985192593346
644,-3.70327130847905,-3.70327130847905,-0.112826886579144,-1.33332372925842e-36,-0.112826886579144
644.1,-3.11733383630959,-3.11733383630959,-0.112668802370947,-1.31150227496911e-36,-0.112668802370947
644.2,-3.21499008167117,-3.21499008167117,-0.112510939657977,-1.29003795515271e-36,-0.112510939657977
644.3,-4.48452127137167,-4.48452127137167,-0.112353298129893,-1.26892492487196e-36,-0.112353298129893
644.4,-3.43471663373472,-3.43471663373472,-0.112195877476787,-1.24815743484907e-36,-0.112195877476787
644.5,-4.09389628992536,-4.09389628992536,-0.112038677389187,-1.22772982990006e-36,-0.112038677389187
644.6,-4.92397437549877,-4.92397437549877,-0.111881697558053,-1.20763654739492e-36,-0.111881697558053
644.7,-5.77846652241257,-5.77846652241257,-0.11172493767478,-1.18787211574278e-36,-0.11172493767478
644.8,-4.24038065796773,-4.24038065796773,-0.111568397431194,-1.16843115290199e-36,-0.111568397431194
644.9,-5.33901341828548,-5.33901341828548,-0.111412076519552,-1.14930836491453e-36,-0.111412076519552
645,-5.90053682911454,-5.90053682911454,-0.111255974632545,-1.13049854446435e-36,-0.111255974632545
645.1,-4.53334939405246,-4.53334939405246,-0.111100091463291,-1.11199656945946e-36,-0.111100091463291
645.2,-5.19252905024311,-5.19252905024311,-0.110944426705341,-1.09379740163706e-36,-0.110944426705341
645.3,-4.19155253528694,-4.19155253528694,-0.110788980052674,-1.07589608519166e-36,-0.110788980052674
645.4,-2.58022448682092,-2.58022448682092,-0.110633751199697,-1.05828774542549e-36,-0.110633751199697
645.5,-4.16713847394655,-4.16713847394655,-0.110478739841248,-1.04096758742113e-36,-0.110478739841248
645.6,-5.09487280488153,-5.09487280488153,-0.110323945672588,-1.02393089473568e-36,-0.110323945672588
645.7,-3.14174789764999,-3.14174789764999,-0.11016936838941,-1.00717302811666e-36,-0.11016936838941
645.8,-2.36049793475737,-2.36049793475737,-0.110015007687831,-9.90689424238458e-37,-0.110015007687831
645.9,-3.63002912445787,-3.63002912445787,-0.109860863264392,-9.74475594459871e-37,-0.109860863264392
646,-4.02065410590418,-4.02065410590418,-0.109706934816062,-9.58527123601733e-37,-0.109706934816062
646.1,-4.24038065796773,-4.24038065796773,-0.109553222040234,-9.42839668744543e-37,-0.109553222040234
646.2,-3.0929197749692,-3.0929197749692,-0.109399724634724,-9.2740895804602e-37,-0.109399724634724
646.3,-3.45913069507511,-3.45913069507511,-0.109246442297772,-9.1223078957768e-37,-0.109246442297772
646.4,-4.75307594611601,-4.75307594611601,-0.109093374728041,-8.97301030180715e-37,-0.109093374728041
646.5,-4.94838843683916,-4.94838843683916,-0.108940521624616,-8.82615614340469e-37,-0.108940521624616
646.6,-2.72670885486329,-2.72670885486329,-0.108787882687003,-8.68170543079272e-37,-0.108787882687003
646.7,-2.89760728424604,-2.89760728424604,-0.10863545761513,-8.53961882867643e-37,-0.10863545761513
646.8,-3.0685057136288,-3.0685057136288,-0.108483246109345,-8.39985764553005e-37,-0.108483246109345
646.9,-3.0929197749692,-3.0929197749692,-0.108331247870416,-8.26238382306175e-37,-0.108331247870416
647,-3.28823226569236,-3.28823226569236,-0.108179462599531,-8.12715992584975e-37,-0.108179462599531
647.1,-3.80092755384063,-3.80092755384063,-0.108027889998294,-7.99414913114749e-37,-0.108027889998294
647.2,-3.97182598322339,-3.97182598322339,-0.10787652976873,-7.86331521885788e-37,-0.10787652976873
647.3,-2.45815418011895,-2.45815418011895,-0.107725381613281,-7.73462256166935e-37,-0.107725381613281
647.4,-2.33608387341697,-2.33608387341697,-0.107574445234804,-7.60803611535402e-37,-0.107574445234804
647.5,-2.06752919867263,-2.06752919867263,-0.107423720336575,-7.48352140922571e-37,-0.107423720336575
647.6,-2.53139636414013,-2.53139636414013,-0.107273206622283,-7.36104453675192e-37,-0.107273206622283
647.7,-2.79995103888447,-2.79995103888447,-0.107122903796034,-7.24057214632216e-37,-0.107122903796034
647.8,-4.02065410590418,-4.02065410590418,-0.106972811562349,-7.12207143216526e-37,-0.106972811562349
647.9,-3.41030257239432,-3.41030257239432,-0.106822929626162,-7.00551012541584e-37,-0.106822929626162
648,-2.01870107599185,-2.01870107599185,-0.10667325769282,-6.89085648532801e-37,-0.10667325769282
648.1,-0.797998008972127,-0.797998008972127,-0.106523795468084,-6.77807929063083e-37,-0.106523795468084
648.2,-2.50698230279973,-2.50698230279973,-0.106374542658126,-6.66714783102781e-37,-0.106374542658126
648.3,-4.3868650260101,-4.3868650260101,-0.106225498969531,-6.55803189883336e-37,-0.106225498969531
648.4,-5.80288058375296,-5.80288058375296,-0.106076664109295,-6.45070178074729e-37,-0.106076664109295
648.5,-6.07143525849731,-6.07143525849731,-0.105928037784823,-6.34512824976328e-37,-0.105928037784823
648.6,-3.82534161518103,-3.82534161518103,-0.105779619703931,-6.24128255721038e-37,-0.105779619703931
648.7,-1.50600578784357,-1.50600578784357,-0.105631409574844,-6.13913642492431e-37,-0.105631409574844
648.8,-1.13979486773765,-1.13979486773765,-0.105483407106198,-6.0386620375473e-37,-0.105483407106198
648.9,-2.6534666708421,-2.6534666708421,-0.105335612007034,-5.93983203495352e-37,-0.105335612007034
649,-3.38588851105393,-3.38588851105393,-0.105188023986803,-5.84261950479849e-37,-0.105188023986803
649.1,-3.36147444971353,-3.36147444971353,-0.105040642755361,-5.74699797519087e-37,-0.105040642755361
649.2,-3.5323728790963,-3.5323728790963,-0.104893468022973,-5.65294140748374e-37,-0.104893468022973
649.3,-2.97084946826723,-2.97084946826723,-0.104746499500307,-5.56042418918425e-37,-0.104746499500307
649.4,-4.58217751673325,-4.58217751673325,-0.10459973689844,-5.46942112697896e-37,-0.10459973689844
649.5,-4.85073219147759,-4.85073219147759,-0.104453179928851,-5.37990743987331e-37,-0.104453179928851
649.6,-3.26381820435196,-3.26381820435196,-0.104306828303424,-5.29185875244371e-37,-0.104306828303424
649.7,-3.72768536981945,-3.72768536981945,-0.104160681734447,-5.20525108819979e-37,-0.104160681734447
649.8,-3.75209943115985,-3.75209943115985,-0.104014739934611,-5.12006086305557e-37,-0.104014739934611
649.9,-3.48354475641551,-3.48354475641551,-0.103869002617009,-5.03626487890705e-37,-0.103869002617009
650,-4.63100563941404,-4.63100563941404,-0.103723469495138,-4.95384031731541e-37,-0.103723469495138
650.1,-5.21694311158351,-5.21694311158351,-0.103578140282893,-4.8727647332927e-37,-0.103578140282893
650.2,-6.14467744251849,-6.14467744251849,-0.103433014694572,-4.79301604919085e-37,-0.103433014694572
650.3,-7.09682583479386,-7.09682583479386,-0.103288092444875,-4.71457254868881e-37,-0.103288092444875
650.4,-6.21791962653967,-6.21791962653967,-0.103143373248898,-4.6374128708796e-37,-0.103143373248898
650.5,-6.12026338117809,-6.12026338117809,-0.102998856822138,-4.56151600445333e-37,-0.102998856822138
650.6,-4.60659157807364,-4.60659157807364,-0.102854542880491,-4.48686128197524e-37,-0.102854542880491
650.7,-4.94838843683917,-4.94838843683917,-0.102710431140252,-4.41342837425854e-37,-0.102710431140252
650.8,-4.97280249817956,-4.97280249817956,-0.10256652131811,-4.34119728482784e-37,-0.10256652131811
650.9,-5.41225560230666,-5.41225560230666,-0.102422813131155,-4.27014834447444e-37,-0.102422813131155
651,-5.48549778632784,-5.48549778632784,-0.10227930629687,-4.20026220590006e-37,-0.10227930629687
651.1,-4.67983376209483,-4.67983376209483,-0.102136000533137,-4.13151983844798e-37,-0.102136000533137
651.2,-3.75209943115984,-3.75209943115984,-0.10199289555823,-4.06390252292159e-37,-0.10199289555823
651.3,-4.63100563941404,-4.63100563941404,-0.101849991090821,-3.99739184648627e-37,-0.101849991090821
651.4,-5.6563962157106,-5.6563962157106,-0.101707286849973,-3.93196969765586e-37,-0.101707286849973
651.5,-6.02260713581651,-6.02260713581651,-0.101564782555146,-3.86761826136063e-37,-0.101564782555146
651.6,-4.97280249817956,-4.97280249817956,-0.101422477926189,-3.80432001409564e-37,-0.101422477926189
651.7,-3.9229978605426,-3.9229978605426,-0.101280372683348,-3.74205771914964e-37,-0.101280372683348
651.8,-2.67788073218249,-2.67788073218249,-0.101138466547258,-3.68081442191093e-37,-0.101138466547258
651.9,-4.53334939405246,-4.53334939405246,-0.100996759238945,-3.62057344525035e-37,-0.100996759238945
652,-4.77749000745641,-4.77749000745641,-0.100855250479829,-3.56131838498039e-37,-0.100855250479829
652.1,-2.77553697754407,-2.77553697754407,-0.100713939991717,-3.50303310538754e-37,-0.100713939991717
652.2,-1.89663076928988,-1.89663076928988,-0.100572827496808,-3.44570173483902e-37,-0.100572827496808
652.3,-0.11440429144109,-0.11440429144109,-0.100431912717689,-3.3893086614605e-37,-0.100431912717689
652.4,-1.48159172650318,-1.48159172650318,-0.100291195377337,-3.33383852888464e-37,-0.100291195377337
652.5,-3.16616195899038,-3.16616195899038,-0.100150675199114,-3.27927623206988e-37,-0.100150675199114
652.6,-3.11733383630959,-3.11733383630959,-0.100010351906774,-3.2256069131866e-37,-0.100010351906774
652.7,-3.65444318579827,-3.65444318579827,-0.0998702252244555,-3.17281595757179e-37,-0.0998702252244555
652.8,-3.28823226569235,-3.28823226569235,-0.0997302948766832,-3.120888989749e-37,-0.0997302948766832
652.9,-3.72768536981945,-3.72768536981945,-0.0995905605883689,-3.06981186951371e-37,-0.0995905605883689
653,-3.01967759094802,-3.01967759094802,-0.0994510220848096,-3.01957068808312e-37,-0.0994510220848096
653.1,-5.29018529560468,-5.29018529560468,-0.0993116790916868,-2.97015176430831e-37,-0.0993116790916868
653.2,-4.75307594611601,-4.75307594611601,-0.0991725313350665,-2.92154164094893e-37,-0.0991725313350665
653.3,-3.60561506311748,-3.60561506311748,-0.0990335785413987,-2.8737270810087e-37,-0.0990335785413987
653.4,-3.48354475641551,-3.48354475641551,-0.0988948204375166,-2.8266950641308e-37,-0.0988948204375166
653.5,-2.48256824145934,-2.48256824145934,-0.0987562567506361,-2.78043278305216e-37,-0.0987562567506361
653.6,-2.6534666708421,-2.6534666708421,-0.0986178872083552,-2.73492764011615e-37,-0.0986178872083552
653.7,-3.41030257239432,-3.41030257239432,-0.0984797115386536,-2.69016724384192e-37,-0.0984797115386536
653.8,-3.11733383630959,-3.11733383630959,-0.0983417294698925,-2.64613940555031e-37,-0.0983417294698925
653.9,-3.0929197749692,-3.0929197749692,-0.0982039407308131,-2.60283213604459e-37,-0.0982039407308131
654,-3.21499008167117,-3.21499008167117,-0.0980663450505374,-2.56023364234565e-37,-0.0980663450505374
654.1,-3.23940414301156,-3.23940414301156,-0.097928942158566,-2.51833232448079e-37,-0.097928942158566
654.2,-3.19057602033078,-3.19057602033078,-0.0977917317847792,-2.47711677232485e-37,-0.0977917317847792
654.3,-3.0685057136288,-3.0685057136288,-0.0976547136594356,-2.4365757624932e-37,-0.0976547136594356
654.4,-3.28823226569235,-3.28823226569235,-0.0975178875131719,-2.39669825528547e-37,-0.0975178875131719
654.5,-2.82436510022486,-2.82436510022486,-0.0973812530770018,-2.35747339167936e-37,-0.0973812530770018
654.6,-2.75112291620368,-2.75112291620368,-0.0972448100823161,-2.31889049037342e-37,-0.0972448100823161
654.7,-3.0685057136288,-3.0685057136288,-0.097108558260882,-2.28093904487881e-37,-0.097108558260882
654.8,-3.14174789764998,-3.14174789764998,-0.0969724973448425,-2.24360872065796e-37,-0.0969724973448425
654.9,-1.70131827856672,-1.70131827856672,-0.096836627066716,-2.20688935231054e-37,-0.096836627066716
655,-1.11538080639726,-1.11538080639726,-0.0967009471593956,-2.17077094080536e-37,-0.0967009471593956
655.1,-2.84877916156525,-2.84877916156525,-0.0965654573561484,-2.13524365075724e-37,-0.0965654573561484
655.2,-2.92202134558644,-2.92202134558644,-0.0964301573906154,-2.10029780774921e-37,-0.0964301573906154
655.3,-1.55483391052436,-1.55483391052436,-0.0962950469968111,-2.06592389569765e-37,-0.0962950469968111
655.4,-1.75014640124751,-1.75014640124751,-0.0961601259091224,-2.03211255426125e-37,-0.0961601259091224
655.5,-1.31069329712041,-1.31069329712041,-0.0960253938623083,-1.99885457629203e-37,-0.0960253938623083
655.6,-1.16420892907805,-1.16420892907805,-0.0958908505914994,-1.96614090532793e-37,-0.0958908505914994
655.7,-1.7989745239283,-1.7989745239283,-0.0957564958321976,-1.93396263312705e-37,-0.0957564958321976
655.8,-2.94643540692683,-2.94643540692683,-0.0956223293202754,-1.9023109972415e-37,-0.0956223293202754
655.9,-2.89760728424604,-2.89760728424604,-0.0954883507919752,-1.87117737863149e-37,-0.0954883507919752
656,-1.84780264660909,-1.84780264660909,-0.0953545599839093,-1.8405532993183e-37,-0.0953545599839093
656.1,-2.09194326001303,-2.09194326001303,-0.0952209566330585,-1.81043042007539e-37,-0.0952209566330585
656.2,-2.43374011877855,-2.43374011877855,-0.0950875404767724,-1.78080053815791e-37,-0.0950875404767724
656.3,-3.72768536981945,-3.72768536981945,-0.0949543112527687,-1.75165558506883e-37,-0.0949543112527687
656.4,-3.26381820435196,-3.26381820435196,-0.0948212686991327,-1.72298762436172e-37,-0.0948212686991327
656.5,-3.75209943115984,-3.75209943115984,-0.0946884125543163,-1.69478884947983e-37,-0.0946884125543163
656.6,-5.14370092756232,-5.14370092756232,-0.094555742557138,-1.66705158162999e-37,-0.094555742557138
656.7,-3.89858379920221,-3.89858379920221,-0.0944232584467823,-1.63976826769187e-37,-0.0944232584467823
656.8,-2.01870107599185,-2.01870107599185,-0.0942909599627992,-1.61293147816108e-37,-0.0942909599627992
656.9,-2.48256824145934,-2.48256824145934,-0.0941588468451035,-1.58653390512599e-37,-0.0941588468451035
657,-1.31069329712041,-1.31069329712041,-0.0940269188339746,-1.56056836027787e-37,-0.0940269188339746
657.1,-0.651513640929766,-0.651513640929766,-0.0938951756700555,-1.53502777295319e-37,-0.0938951756700555
657.2,-2.58022448682092,-2.58022448682092,-0.0937636170943527,-1.50990518820854e-37,-0.0937636170943527
657.3,-4.21596659662734,-4.21596659662734,-0.0936322428482357,-1.4851937649265e-37,-0.0936322428482357
657.4,-2.94643540692683,-2.94643540692683,-0.0935010526734363,-1.46088677395277e-37,-0.0935010526734363
657.5,-2.38491199609776,-2.38491199609776,-0.0933700463120484,-1.43697759626386e-37,-0.0933700463120484
657.6,-3.14174789764999,-3.14174789764999,-0.0932392235065266,-1.41345972116455e-37,-0.0932392235065266
657.7,-2.45815418011895,-2.45815418011895,-0.0931085839996869,-1.39032674451502e-37,-0.0931085839996869
657.8,-3.04409165228841,-3.04409165228841,-0.0929781275347058,-1.36757236698695e-37,-0.0929781275347058
657.9,-2.48256824145934,-2.48256824145934,-0.0928478538551191,-1.34519039234818e-37,-0.0928478538551191
658,-1.75014640124751,-1.75014640124751,-0.0927177627048224,-1.32317472577531e-37,-0.0927177627048224
658.1,-2.06752919867264,-2.06752919867264,-0.0925878538280697,-1.30151937219411e-37,-0.0925878538280697
658.2,-3.72768536981945,-3.72768536981945,-0.0924581269694736,-1.280218434647e-37,-0.0924581269694736
658.3,-3.26381820435196,-3.26381820435196,-0.0923285818740046,-1.25926611268724e-37,-0.0923285818740046
658.4,-1.77456046258791,-1.77456046258791,-0.0921992182869905,-1.23865670079942e-37,-0.0921992182869905
658.5,-2.67788073218249,-2.67788073218249,-0.0920700359541159,-1.21838458684576e-37,-0.0920700359541159
658.6,-3.58120100177708,-3.58120100177708,-0.0919410346214212,-1.1984442505379e-37,-0.0919410346214212
658.7,-3.45913069507511,-3.45913069507511,-0.0918122140353036,-1.17883026193367e-37,-0.0918122140353036
658.8,-4.50893533271207,-4.50893533271207,-0.091683573942515,-1.15953727995848e-37,-0.091683573942515
658.9,-3.63002912445787,-3.63002912445787,-0.0915551140901621,-1.14056005095091e-37,-0.0915551140901621
659,-3.26381820435196,-3.26381820435196,-0.0914268342257064,-1.12189340723199e-37,-0.0914268342257064
659.1,-1.50600578784357,-1.50600578784357,-0.0912987340969627,-1.10353226569809e-37,-0.0912987340969627
659.2,-1.55483391052436,-1.55483391052436,-0.0911708134520994,-1.08547162643676e-37,-0.0911708134520994
659.3,-2.60463854816131,-2.60463854816131,-0.0910430720396378,-1.06770657136507e-37,-0.0910430720396378
659.4,-3.89858379920221,-3.89858379920221,-0.0909155096084515,-1.05023226289055e-37,-0.0909155096084515
659.5,-3.58120100177709,-3.58120100177709,-0.0907881259077659,-1.03304394259375e-37,-0.0907881259077659
659.6,-3.60561506311748,-3.60561506311748,-0.0906609206871577,-1.01613692993246e-37,-0.0906609206871577
659.7,-6.04702119715691,-6.04702119715691,-0.0905338936965547,-9.99506620967251e-38,-0.0905338936965547
659.8,-6.12026338117809,-6.12026338117809,-0.090407044686235,-9.83148487107701e-38,-0.090407044686235
659.9,-3.947411921883,-3.947411921883,-0.0902803734068264,-9.67058073879264e-38,-0.0902803734068264
660,-5.53432590900863,-5.53432590900863,-0.0901538796093065,-9.51230999710271e-38,-0.0901538796093065
660.1,-5.70522433839138,-5.70522433839138,-0.0900275630450012,-9.35662954738687e-38,-0.0900275630450012
660.2,-5.94936495179533,-5.94936495179533,-0.0899014234655854,-9.20349699638673e-38,-0.0899014234655854
660.3,-6.9259274054111,-6.9259274054111,-0.0897754606230816,-9.05287064466015e-38,-0.0897754606230816
660.4,-5.31459935694508,-5.31459935694508,-0.0896496742698601,-8.90470947522714e-38,-0.0896496742698601
660.5,-5.58315403168942,-5.58315403168942,-0.0895240641586379,-8.7589731424003e-38,-0.0895240641586379
660.6,-5.6563962157106,-5.6563962157106,-0.0893986300424781,-8.61562196079739e-38,-0.0893986300424781
660.7,-7.04799771211307,-7.04799771211307,-0.0892733716747905,-8.47461689453618e-38,-0.0892733716747905
660.8,-7.04799771211307,-7.04799771211307,-0.0891482888093301,-8.3359195466037e-38,-0.0891482888093301
660.9,-7.3653805095382,-7.3653805095382,-0.0890233812001968,-8.19949214840015e-38,-0.0890233812001968
661,-5.36342747962587,-5.36342747962587,-0.0888986486018353,-8.0652975494551e-38,-0.0888986486018353
661.1,-4.87514625281798,-4.87514625281798,-0.088774090769034,-7.93329920730964e-38,-0.088774090769034
661.2,-5.19252905024311,-5.19252905024311,-0.0886497074569251,-7.80346117756708e-38,-0.0886497074569251
661.3,-6.26674774922045,-6.26674774922045,-0.088525498420984,-7.67574810410409e-38,-0.088525498420984
661.4,-6.60854460798598,-6.60854460798598,-0.0884014634170284,-7.55012520944271e-38,-0.0884014634170284
661.5,-5.2169431115835,-5.2169431115835,-0.0882776022012186,-7.42655828528097e-38,-0.0882776022012186
661.6,-3.97182598322339,-3.97182598322339,-0.0881539145300557,-7.30501368317637e-38,-0.0881539145300557
661.7,-4.8019040687968,-4.8019040687968,-0.088030400160383,-7.18545830538447e-38,-0.088030400160383
661.8,-5.97377901313573,-5.97377901313573,-0.0879070588493838,-7.06785959584532e-38,-0.0879070588493838
661.9,-5.31459935694508,-5.31459935694508,-0.0877838903545818,-6.9521855313179e-38,-0.0877838903545818
662,-7.58510706160175,-7.58510706160175,-0.0876608944338407,-6.83840461266078e-38,-0.0876608944338407
662.1,-7.24331020283623,-7.24331020283623,-0.0875380708453628,-6.72648585625333e-38,-0.0875380708453628
662.2,-5.31459935694508,-5.31459935694508,-0.08741541934769,-6.61639878555991e-38,-0.08741541934769
662.3,-5.43666966364705,-5.43666966364705,-0.087292939699702,-6.50811342283003e-38,-0.087292939699702
662.4,-4.85073219147759,-4.85073219147759,-0.0871706316606164,-6.40160028093541e-38,-0.0871706316606164
662.5,-4.26479471930812,-4.26479471930812,-0.0870484949899884,-6.29683035534008e-38,-0.0870484949899884
662.6,-4.3624509646697,-4.3624509646697,-0.0869265294477096,-6.19377511620243e-38,-0.0869265294477096
662.7,-3.19057602033077,-3.19057602033077,-0.0868047347940086,-6.09240650060613e-38,-0.0868047347940086
662.8,-3.31264632703274,-3.31264632703274,-0.0866831107894497,-5.99269690491854e-38,-0.0866831107894497
662.9,-3.33706038837314,-3.33706038837314,-0.0865616571949325,-5.89461917727386e-38,-0.0865616571949325
663,-4.04506816724457,-4.04506816724457,-0.0864403737716921,-5.79814661017919e-38,-0.0864403737716921
663.1,-4.26479471930812,-4.26479471930812,-0.0863192602812974,-5.70325293324212e-38,-0.0863192602812974
663.2,-4.28920878064852,-4.28920878064852,-0.0861983164856521,-5.6099123060169e-38,-0.0861983164856521
663.3,-4.85073219147759,-4.85073219147759,-0.0860775421469929,-5.51809931096804e-38,-0.0860775421469929
663.4,-4.85073219147759,-4.85073219147759,-0.0859569370278902,-5.42778894654877e-38,-0.0859569370278902
663.5,-3.63002912445787,-3.63002912445787,-0.0858365008912469,-5.33895662039266e-38,-0.0858365008912469
663.6,-2.84877916156526,-2.84877916156526,-0.0857162335002976,-5.2515781426171e-38,-0.0857162335002976
663.7,-3.48354475641551,-3.48354475641551,-0.0855961346186092,-5.16562971923636e-38,-0.0855961346186092
663.8,-3.67885724713866,-3.67885724713866,-0.0854762040100798,-5.08108794568176e-38,-0.0854762040100798
663.9,-3.19057602033078,-3.19057602033078,-0.085356441438938,-4.99792980042888e-38,-0.085356441438938
664,-3.04409165228841,-3.04409165228841,-0.0852368466697433,-4.91613263872845e-38,-0.0852368466697433
664.1,-4.24038065796773,-4.24038065796773,-0.0851174194673845,-4.83567418643946e-38,-0.0851174194673845
664.2,-4.92397437549877,-4.92397437549877,-0.08499815959708,-4.75653253396464e-38,-0.08499815959708
664.3,-4.85073219147759,-4.85073219147759,-0.0848790668243773,-4.67868613028339e-38,-0.0848790668243773
664.4,-2.87319322290565,-2.87319322290565,-0.0847601409151524,-4.60211377708383e-38,-0.0847601409151524
664.5,-2.26284168939579,-2.26284168939579,-0.0846413816356093,-4.52679462299015e-38,-0.0846413816356093
664.6,-4.14272441260615,-4.14272441260615,-0.0845227887522792,-4.45270815788409e-38,-0.0845227887522792
664.7,-2.55581042548052,-2.55581042548052,-0.0844043620320209,-4.37983420732074e-38,-0.0844043620320209
664.8,-1.75014640124751,-1.75014640124751,-0.0842861012420198,-4.30815292703401e-38,-0.0842861012420198
664.9,-1.84780264660909,-1.84780264660909,-0.0841680061497873,-4.23764479753345e-38,-0.0841680061497873
665,-2.70229479352289,-2.70229479352289,-0.0840500765231608,-4.16829061878866e-38,-0.0840500765231608
665.1,-2.94643540692683,-2.94643540692683,-0.0839323121303025,-4.10007150500063e-38,-0.0839323121303025
665.2,-4.14272441260616,-4.14272441260616,-0.0838147127397002,-4.03296887945962e-38,-0.0838147127397002
665.3,-4.94838843683916,-4.94838843683916,-0.0836972781201653,-3.96696446948613e-38,-0.0836972781201653
665.4,-4.16713847394655,-4.16713847394655,-0.0835800080408335,-3.90204030145497e-38,-0.0835800080408335
665.5,-3.75209943115984,-3.75209943115984,-0.0834629022711644,-3.83817869590134e-38,-0.0834629022711644
665.6,-4.16713847394654,-4.16713847394654,-0.0833459605809395,-3.77536226270587e-38,-0.0833459605809395
665.7,-3.67885724713866,-3.67885724713866,-0.0832291827402638,-3.71357389635981e-38,-0.0832291827402638
665.8,-2.67788073218249,-2.67788073218249,-0.0831125685195643,-3.6527967713067e-38,-0.0831125685195643
665.9,-3.04409165228841,-3.04409165228841,-0.0829961176895891,-3.5930143373605e-38,-0.0829961176895891
666,-3.28823226569235,-3.28823226569235,-0.0828798300214084,-3.5342103151992e-38,-0.0828798300214084
666.1,-3.45913069507511,-3.45913069507511,-0.0827637052864122,-3.47636869193123e-38,-0.0827637052864122
666.2,-2.28725575073618,-2.28725575073618,-0.0826477432563115,-3.41947371673564e-38,-0.0826477432563115
666.3,-1.28627923578002,-1.28627923578002,-0.0825319437031368,-3.36350989657265e-38,-0.0825319437031368
666.4,-2.18959950537461,-2.18959950537461,-0.0824163063992382,-3.30846199196466e-38,-0.0824163063992382
666.5,-3.99624004456378,-3.99624004456378,-0.0823008311172849,-3.25431501284678e-38,-0.0823008311172849
666.6,-2.89760728424604,-2.89760728424604,-0.082185517630264,-3.20105421448431e-38,-0.082185517630264
666.7,-1.31069329712042,-1.31069329712042,-0.0820703657114814,-3.14866509345824e-38,-0.0820703657114814
666.8,-3.31264632703275,-3.31264632703275,-0.0819553751345603,-3.09713338371545e-38,-0.0819553751345603
666.9,-3.36147444971354,-3.36147444971354,-0.081840545673441,-3.04644505268406e-38,-0.081840545673441
667,-0.968896438354888,-0.968896438354888,-0.0817258771023809,-2.9965862974521e-38,-0.0817258771023809
667.1,-0.431787088866215,-0.431787088866215,-0.0816113691959531,-2.94754354100899e-38,-0.0816113691959531
667.2,-1.04213862237607,-1.04213862237607,-0.081497021729047,-2.89930342854829e-38,-0.081497021729047
667.3,-2.09194326001303,-2.09194326001303,-0.0813828344768673,-2.85185282383119e-38,-0.0813828344768673
667.4,-2.94643540692683,-2.94643540692683,-0.0812688072149336,-2.8051788056093e-38,-0.0812688072149336
667.5,-2.67788073218249,-2.67788073218249,-0.0811549397190804,-2.759268664106e-38,-0.0811549397190804
667.6,-2.97084946826722,-2.97084946826722,-0.0810412317654556,-2.71410989755557e-38,-0.0810412317654556
667.7,-3.11733383630959,-3.11733383630959,-0.0809276831305211,-2.66969020879875e-38,-0.0809276831305211
667.8,-2.04311513733224,-2.04311513733224,-0.0808142935910523,-2.62599750193424e-38,-0.0808142935910523
667.9,-1.48159172650317,-1.48159172650317,-0.0807010629241367,-2.58301987902477e-38,-0.0807010629241367
668,-1.26186517443963,-1.26186517443963,-0.080587990907175,-2.54074563685713e-38,-0.080587990907175
668.1,-1.3351073584608,-1.3351073584608,-0.0804750773178788,-2.49916326375537e-38,-0.0804750773178788
668.2,-1.3595214198012,-1.3595214198012,-0.080362321934272,-2.45826143644599e-38,-0.080362321934272
668.3,-1.33510735846081,-1.33510735846081,-0.0802497245346889,-2.41802901697464e-38,-0.0802497245346889
668.4,-1.96987295331106,-1.96987295331106,-0.0801372848977748,-2.37845504967298e-38,-0.0801372848977748
668.5,-2.11635732135342,-2.11635732135342,-0.0800250028024852,-2.33952875817553e-38,-0.0800250028024852
668.6,-1.8233885852687,-1.8233885852687,-0.0799128780280846,-2.30123954248482e-38,-0.0799128780280846
668.7,-1.57924797186475,-1.57924797186475,-0.0798009103541475,-2.26357697608542e-38,-0.0798009103541475
668.8,-0.99331049969528,-0.99331049969528,-0.0796890995605571,-2.22653080310422e-38,-0.0796890995605571
668.9,-0.79799800897213,-0.79799800897213,-0.0795774454275049,-2.19009093551801e-38,-0.0795774454275049
669,-0.138818352781484,-0.138818352781484,-0.0794659477354905,-2.15424745040627e-38,-0.0794659477354905
669.1,-1.40834954248199,-1.40834954248199,-0.0793546062653207,-2.11899058724888e-38,-0.0793546062653207
669.2,-1.96987295331106,-1.96987295331106,-0.0792434207981099,-2.08431074526868e-38,-0.0792434207981099
669.3,-1.67690421722633,-1.67690421722633,-0.0791323911152787,-2.05019848081663e-38,-0.0791323911152787
669.4,-1.87221670794948,-1.87221670794948,-0.0790215169985545,-2.01664450480056e-38,-0.0790215169985545
669.5,-2.6290526095017,-2.6290526095017,-0.0789107982299703,-1.9836396801555e-38,-0.0789107982299703
669.6,-2.84877916156526,-2.84877916156526,-0.078800234591864,-1.95117501935546e-38,-0.078800234591864
669.7,-1.38393548114159,-1.38393548114159,-0.0786898258668792,-1.91924168196632e-38,-0.0786898258668792
669.8,-0.578271456908583,-0.578271456908583,-0.0785795718379638,-1.88783097223833e-38,-0.0785795718379638
669.9,-0.96889643835489,-0.96889643835489,-0.0784694722883696,-1.85693433673811e-38,-0.0784694722883696
670,-1.18862299041844,-1.18862299041844,-0.0783595270016525,-1.8265433620197e-38,-0.0783595270016525
670.1,-1.67690421722633,-1.67690421722633,-0.0782497357616711,-1.79664977233314e-38,-0.0782497357616711
670.2,-1.96987295331106,-1.96987295331106,-0.0781400983525875,-1.76724542737131e-38,-0.0781400983525875
670.3,-1.82338858526869,-1.82338858526869,-0.0780306145588655,-1.738322320053e-38,-0.0780306145588655
670.4,-2.09194326001303,-2.09194326001303,-0.0779212841652716,-1.70987257434251e-38,-0.0779212841652716
670.5,-2.48256824145934,-2.48256824145934,-0.0778121069568735,-1.68188844310509e-38,-0.0778121069568735
670.6,-3.21499008167117,-3.21499008167117,-0.0777030827190399,-1.65436230599705e-38,-0.0777030827190399
670.7,-3.70327130847906,-3.70327130847906,-0.0775942112374405,-1.62728666739097e-38,-0.0775942112374405
670.8,-2.23842762805539,-2.23842762805539,-0.0774854922980453,-1.60065415433441e-38,-0.0774854922980453
670.9,-2.09194326001303,-2.09194326001303,-0.0773769256871239,-1.57445751454217e-38,-0.0773769256871239
671,-1.23745111309923,-1.23745111309923,-0.0772685111912459,-1.54868961442152e-38,-0.0772685111912459
671.1,-1.57924797186475,-1.57924797186475,-0.0771602485972792,-1.52334343712948e-38,-0.0771602485972792
671.2,-2.53139636414013,-2.53139636414013,-0.077052137692391,-1.49841208066231e-38,-0.077052137692391
671.3,-1.82338858526869,-1.82338858526869,-0.0769441782640462,-1.47388875597586e-38,-0.0769441782640462
671.4,-0.529443334227791,-0.529443334227791,-0.076836370100008,-1.4497667851369e-38,-0.076836370100008
671.5,0.422705058047581,0.422705058047581,-0.0767287129883365,-1.42603959950462e-38,-0.0767287129883365
671.6,-2.33608387341697,-2.33608387341697,-0.076621206717389,-1.40270073794198e-38,-0.076621206717389
671.7,-2.01870107599185,-2.01870107599185,-0.0765138510758192,-1.37974384505623e-38,-0.0765138510758192
671.8,0.618017548770743,0.618017548770743,-0.076406645852577,-1.35716266946834e-38,-0.076406645852577
671.9,-1.16420892907804,-1.16420892907804,-0.0762995908369081,-1.33495106211066e-38,-0.0762995908369081
672,-0.0167480460795098,-0.0167480460795098,-0.0761926858183534,-1.31310297455242e-38,-0.0761926858183534
672.1,-0.285302720823847,-0.285302720823847,-0.0760859305867486,-1.29161245735274e-38,-0.0760859305867486
672.2,-0.138818352781486,-0.138818352781486,-0.075979324932224,-1.27047365844054e-38,-0.075979324932224
672.3,-0.40737302752582,-0.40737302752582,-0.0758728686452037,-1.24968082152097e-38,-0.0758728686452037
672.4,-1.21303705175884,-1.21303705175884,-0.0757665615164059,-1.22922828450791e-38,-0.0757665615164059
672.5,-2.89760728424605,-2.89760728424605,-0.0756604033368418,-1.20911047798208e-38,-0.0756604033368418
672.6,-1.94545889197066,-1.94545889197066,-0.0755543938978152,-1.1893219236745e-38,-0.0755543938978152
672.7,-2.214013566715,-2.214013566715,-0.0754485329909224,-1.16985723297466e-38,-0.0754485329909224
672.8,-1.89663076928988,-1.89663076928988,-0.075342820408052,-1.15071110546323e-38,-0.075342820408052
672.9,-2.58022448682092,-2.58022448682092,-0.075237255941384,-1.1318783274686e-38,-0.075237255941384
673,-1.62807609454554,-1.62807609454554,-0.0751318393833895,-1.11335377064725e-38,-0.0751318393833895
673.1,-1.67690421722632,-1.67690421722632,-0.0750265705268302,-1.09513239058709e-38,-0.0750265705268302
673.2,-0.40737302752582,-0.40737302752582,-0.0749214491647588,-1.07720922543407e-38,-0.0749214491647588
673.3,-0.285302720823846,-0.285302720823846,-0.0748164750905173,-1.05957939454076e-38,-0.0748164750905173
673.4,-2.14077138269382,-2.14077138269382,-0.0747116480977376,-1.04223809713751e-38,-0.0747116480977376
673.5,-1.26186517443963,-1.26186517443963,-0.0746069679803408,-1.02518061102504e-38,-0.0746069679803408
673.6,-0.944482377014497,-0.944482377014497,-0.0745024345325364,-1.00840229128851e-38,-0.0745024345325364
673.7,-1.82338858526869,-1.82338858526869,-0.0743980475488224,-9.91898569032829e-39,-0.0743980475488224
673.8,-2.70229479352289,-2.70229479352289,-0.0742938068239848,-9.75664950138306e-39,-0.0742938068239848
673.9,-2.77553697754407,-2.77553697754407,-0.0741897121530973,-9.59697014037003e-39,-0.0741897121530973
674,-2.16518544403421,-2.16518544403421,-0.0740857633315205,-9.43990412508933e-39,-0.0740857633315205
674.1,-1.75014640124751,-1.75014640124751,-0.0739819601549015,-9.28540868497899e-39,-0.0739819601549015
674.2,-1.3595214198012,-1.3595214198012,-0.0738783024191742,-9.13344174946996e-39,-0.0738783024191742
674.3,-1.3595214198012,-1.3595214198012,-0.073774789920558,-8.9839619365282e-39,-0.073774789920558
674.4,-1.01772456103568,-1.01772456103568,-0.0736714224555582,-8.8369285413871e-39,-0.0736714224555582
674.5,-1.13979486773765,-1.13979486773765,-0.0735681998209652,-8.69230152546283e-39,-0.0735681998209652
674.6,-2.53139636414013,-2.53139636414013,-0.0734651218138536,-8.55004150545067e-39,-0.0734651218138536
674.7,-2.36049793475737,-2.36049793475737,-0.0733621882315828,-8.41010974260199e-39,-0.0733621882315828
674.8,-0.114404291441089,-0.114404291441089,-0.073259398871796,-8.2724681321745e-39,-0.073259398871796
674.9,-1.48159172650317,-1.48159172650317,-0.0731567535324201,-8.1370791930557e-39,-0.0731567535324201
675,-2.04311513733224,-2.04311513733224,-0.073054252011665,-8.00390605755738e-39,-0.073054252011665
675.1,-1.99428701465146,-1.99428701465146,-0.0729518941080229,-7.87291246137482e-39,-0.0729518941080229
675.2,-1.94545889197067,-1.94545889197067,-0.0728496796202691,-7.74406273371313e-39,-0.0728496796202691
675.3,-1.06655268371647,-1.06655268371647,-0.0727476083474602,-7.61732178757299e-39,-0.0727476083474602
675.4,-1.60366203320515,-1.60366203320515,-0.0726456800889349,-7.4926551101959e-39,-0.0726456800889349
675.5,-3.70327130847905,-3.70327130847905,-0.0725438946443128,-7.37002875366691e-39,-0.0725438946443128
675.6,-4.06948222858497,-4.06948222858497,-0.0724422518134939,-7.24940932566898e-39,-0.0724422518134939
675.7,-1.84780264660909,-1.84780264660909,-0.0723407513966591,-7.13076398039132e-39,-0.0723407513966591
675.8,-2.04311513733225,-2.04311513733225,-0.072239393194269,-7.01406040958444e-39,-0.072239393194269
675.9,-3.65444318579827,-3.65444318579827,-0.072138177007064,-6.89926683376208e-39,-0.072138177007064
676,-2.99526352960762,-2.99526352960762,-0.0720371026360635,-6.7863519935481e-39,-0.0720371026360635
676.1,-3.28823226569235,-3.28823226569235,-0.0719361698825655,-6.67528514116351e-39,-0.0719361698825655
676.2,-2.92202134558644,-2.92202134558644,-0.0718353785481468,-6.56603603205391e-39,-0.0718353785481468
676.3,-2.55581042548052,-2.55581042548052,-0.071734728434662,-6.45857491665377e-39,-0.071734728434662
676.4,-1.99428701465146,-1.99428701465146,-0.0716342193442434,-6.35287253228515e-39,-0.0716342193442434
676.5,-0.724755824950945,-0.724755824950945,-0.0715338510793006,-6.24890009518901e-39,-0.0715338510793006
676.6,-1.96987295331106,-1.96987295331106,-0.0714336234425198,-6.14662929268743e-39,-0.0714336234425198
676.7,-1.87221670794948,-1.87221670794948,-0.0713335362368639,-6.04603227547356e-39,-0.0713335362368639
676.8,-0.52944333422779,-0.52944333422779,-0.0712335892655717,-5.94708165002834e-39,-0.0712335892655717
676.9,-2.53139636414013,-2.53139636414013,-0.071133782332158,-5.8497504711607e-39,-0.071133782332158
677,-3.11733383630959,-3.11733383630959,-0.0710341152404125,-5.75401223467005e-39,-0.0710341152404125
677.1,-3.77651349250024,-3.77651349250024,-0.0709345877944,-5.65984087012916e-39,-0.0709345877944
677.2,-3.58120100177708,-3.58120100177708,-0.0708351997984599,-5.56721073378476e-39,-0.0708351997984599
677.3,-4.46010721003128,-4.46010721003128,-0.0707359510572054,-5.47609660157477e-39,-0.0707359510572054
677.4,-3.72768536981945,-3.72768536981945,-0.0706368413755242,-5.38647366225927e-39,-0.0706368413755242
677.5,-2.77553697754407,-2.77553697754407,-0.0705378705585767,-5.29831751066444e-39,-0.0705378705585767
677.6,-2.38491199609776,-2.38491199609776,-0.0704390384117962,-5.21160414103616e-39,-0.0704390384117962
677.7,-2.33608387341698,-2.33608387341698,-0.0703403447408893,-5.12630994050402e-39,-0.0703403447408893
677.8,-1.7745604625879,-1.7745604625879,-0.0702417893518343,-5.0424116826504e-39,-0.0702417893518343
677.9,-1.55483391052435,-1.55483391052435,-0.0701433720508813,-4.95988652118631e-39,-0.0701433720508813
678,-1.21303705175883,-1.21303705175883,-0.0700450926445525,-4.87871198372993e-39,-0.0700450926445525
678.1,-3.65444318579826,-3.65444318579826,-0.0699469509396404,-4.79886596568674e-39,-0.0699469509396404
678.2,-5.24135717292389,-5.24135717292389,-0.0698489467432084,-4.72032672423108e-39,-0.0698489467432084
678.3,-3.28823226569235,-3.28823226569235,-0.0697510798625908,-4.64307287238459e-39,-0.0697510798625908
678.4,-2.40932605743816,-2.40932605743816,-0.0696533501053912,-4.56708337319287e-39,-0.0696533501053912
678.5,-1.96987295331106,-1.96987295331106,-0.069555757279483,-4.49233753399674e-39,-0.069555757279483
678.6,-0.79799800897213,-0.79799800897213,-0.0694583011930087,-4.41881500079703e-39,-0.0694583011930087
678.7,-2.60463854816131,-2.60463854816131,-0.0693609816543799,-4.34649575271279e-39,-0.0693609816543799
678.8,-3.53237287909629,-3.53237287909629,-0.0692637984722761,-4.27536009652871e-39,-0.0692637984722761
678.9,-1.87221670794948,-1.87221670794948,-0.0691667514556456,-4.2053886613329e-39,-0.0691667514556456
679,-0.553857395568186,-0.553857395568186,-0.0690698404137039,-4.13656239324192e-39,-0.0690698404137039
679.1,-2.14077138269382,-2.14077138269382,-0.0689730651559337,-4.06886255021182e-39,-0.0689730651559337
679.2,-3.65444318579826,-3.65444318579826,-0.068876425492085,-4.00227069693518e-39,-0.068876425492085
679.3,-2.16518544403422,-2.16518544403422,-0.0687799212321741,-3.93676869982064e-39,-0.0687799212321741
679.4,-1.75014640124751,-1.75014640124751,-0.0686835521864838,-3.87233872205478e-39,-0.0686835521864838
679.5,-2.33608387341698,-2.33608387341698,-0.0685873181655624,-3.80896321874547e-39,-0.0685873181655624
679.6,-2.53139636414012,-2.53139636414012,-0.0684912189802235,-3.74662493214359e-39,-0.0684912189802235
679.7,-2.94643540692683,-2.94643540692683,-0.0683952544415464,-3.68530688694422e-39,-0.0683952544415464
679.8,-2.06752919867264,-2.06752919867264,-0.0682994243608746,-3.62499238566382e-39,-0.0682994243608746
679.9,-1.72573233990711,-1.72573233990711,-0.0682037285498159,-3.56566500409314e-39,-0.0682037285498159
680,-1.01772456103568,-1.01772456103568,-0.0681081668202426,-3.50730858682527e-39,-0.0681081668202426
680.1,-0.700341763610551,-0.700341763610551,-0.0680127389842898,-3.44990724285567e-39,-0.0680127389842898
680.2,-1.55483391052435,-1.55483391052435,-0.0679174448543564,-3.3934453412556e-39,-0.0679174448543564
680.3,-1.60366203320514,-1.60366203320514,-0.067822284243104,-3.33790750691534e-39,-0.067822284243104
680.4,-1.23745111309923,-1.23745111309923,-0.0677272569634567,-3.28327861635724e-39,-0.0677272569634567
680.5,-1.89663076928988,-1.89663076928988,-0.0676323628286007,-3.22954379361785e-39,-0.0676323628286007
680.6,-2.60463854816131,-2.60463854816131,-0.0675376016519838,-3.17668840619669e-39,-0.0675376016519838
680.7,-3.33706038837314,-3.33706038837314,-0.0674429732473154,-3.12469806107185e-39,-0.0674429732473154
680.8,-3.70327130847906,-3.70327130847906,-0.0673484774285658,-3.07355860078071e-39,-0.0673484774285658
680.9,-4.04506816724458,-4.04506816724458,-0.067254114009966,-3.02325609956462e-39,-0.067254114009966
681,-2.26284168939579,-2.26284168939579,-0.0671598828060073,-2.97377685957671e-39,-0.0671598828060073
681.1,-0.431787088866215,-0.431787088866215,-0.0670657836314409,-2.92510740715201e-39,-0.0670657836314409
681.2,-1.99428701465145,-1.99428701465145,-0.0669718163012775,-2.87723448913827e-39,-0.0669718163012775
681.3,-2.14077138269382,-2.14077138269382,-0.0668779806307869,-2.83014506928721e-39,-0.0668779806307869
681.4,-1.01772456103568,-1.01772456103568,-0.0667842764354981,-2.7838263247045e-39,-0.0667842764354981
681.5,-0.187646475462273,-0.187646475462273,-0.0666907035311984,-2.7382656423579e-39,-0.0666907035311984
681.6,-1.65249015588593,-1.65249015588593,-0.0665972617339326,-2.69345061564271e-39,-0.0665972617339326
681.7,-2.33608387341697,-2.33608387341697,-0.0665039508600044,-2.64936904100328e-39,-0.0665039508600044
681.8,-1.45717766516278,-1.45717766516278,-0.066410770725974,-2.60600891460998e-39,-0.066410770725974
681.9,-1.67690421722633,-1.67690421722633,-0.0663177211486587,-2.56335842909036e-39,-0.0663177211486587
682,0.984228468876658,0.984228468876658,-0.0662248019451331,-2.52140597031379e-39,-0.0662248019451331
682.1,2.64438464002347,2.64438464002347,-0.0661320129327272,-2.48014011422897e-39,-0.0661320129327272
682.2,2.13168935187518,2.13168935187518,-0.0660393539290275,-2.43954962375308e-39,-0.0660393539290275
682.3,1.76547843176927,1.76547843176927,-0.0659468247518762,-2.39962344571161e-39,-0.0659468247518762
682.4,1.13071283691902,1.13071283691902,-0.0658544252193703,-2.36035070782871e-39,-0.0658544252193703
682.5,-0.0411621074199018,-0.0411621074199018,-0.0657621551498618,-2.32172071576651e-39,-0.0657621551498618
682.6,0.178564444643641,0.178564444643641,-0.0656700143619574,-2.2837229502127e-39,-0.0656700143619574
682.7,1.35043938898257,1.35043938898257,-0.0655780026745177,-2.24634706401645e-39,-0.0655780026745177
682.8,1.64340812506729,1.64340812506729,-0.0654861199066575,-2.2095828793704e-39,-0.0654861199066575
682.9,2.32700184259834,2.32700184259834,-0.0653943658777445,-2.17342038503941e-39,-0.0653943658777445
683,3.08383774415056,3.08383774415056,-0.0653027404073999,-2.13784973363434e-39,-0.0653027404073999
683.1,2.10727529053479,2.10727529053479,-0.0652112433154974,-2.10286123893027e-39,-0.0652112433154974
683.2,3.25473617353333,3.25473617353333,-0.0651198744221632,-2.06844537322929e-39,-0.0651198744221632
683.3,2.00961904517321,2.00961904517321,-0.0650286335477754,-2.03459276476562e-39,-0.0650286335477754
683.4,2.13168935187519,2.13168935187519,-0.0649375205129641,-2.00129419515384e-39,-0.0649375205129641
683.5,3.30356429621411,3.30356429621411,-0.0648465351386104,-1.9685405968786e-39,-0.0648465351386104
683.6,3.66977521632003,3.66977521632003,-0.0647556772458462,-1.93632305082519e-39,-0.0647556772458462
683.7,1.6678221864077,1.6678221864077,-0.0646649466560546,-1.90463278385119e-39,-0.0646649466560546
683.8,1.27719720496138,1.27719720496138,-0.0645743431908685,-1.87346116639722e-39,-0.0645743431908685
683.9,1.6434081250673,1.6434081250673,-0.0644838666721708,-1.842799710137e-39,-0.0644838666721708
684,-0.212060536802664,-0.212060536802664,-0.0643935169220942,-1.81264006566607e-39,-0.0643935169220942
684.1,-0.480615211547005,-0.480615211547005,-0.0643032937630202,-1.78297402022792e-39,-0.0643032937630202
684.2,0.0564941379416739,0.0564941379416739,-0.0642131970175793,-1.75379349547785e-39,-0.0642131970175793
684.3,0.544775364749562,0.544775364749562,-0.064123226508651,-1.72509054528304e-39,-0.064123226508651
684.4,2.37582996527913,2.37582996527913,-0.0640333820593623,-1.69685735355863e-39,-0.0640333820593623
684.5,1.76547843176927,1.76547843176927,-0.0639436634930883,-1.66908623213958e-39,-0.0639436634930883
684.6,0.910986284855475,0.910986284855475,-0.0638540706334517,-1.64176961868679e-39,-0.0638540706334517
684.7,-0.236474598143059,-0.236474598143059,-0.0637646033043219,-1.61490007462811e-39,-0.0637646033043219
684.8,-0.505029272887399,-0.505029272887399,-0.0636752613298157,-1.5884702831326e-39,-0.0636752613298157
684.9,0.642431610111136,0.642431610111136,-0.0635860445342959,-1.56247304711804e-39,-0.0635860445342959
685,0.618017548770742,0.618017548770742,-0.0634969527423715,-1.53690128729124e-39,-0.0634969527423715
685.1,-0.114404291441085,-0.114404291441085,-0.0634079857788972,-1.51174804022013e-39,-0.0634079857788972
685.2,-0.285302720823846,-0.285302720823846,-0.0633191434689731,-1.48700645643762e-39,-0.0633191434689731
685.3,0.471533180728374,0.471533180728374,-0.0632304256379444,-1.46266979857648e-39,-0.0632304256379444
685.4,0.666845671451534,0.666845671451534,-0.0631418321114012,-1.43873143953464e-39,-0.0631418321114012
685.5,-0.163232414121879,-0.163232414121879,-0.0630533627151777,-1.4151848606705e-39,-0.0630533627151777
685.6,-0.700341763610554,-0.700341763610554,-0.062965017275352,-1.39202365002796e-39,-0.062965017275352
685.7,0.129736321962854,0.129736321962854,-0.0628767956182463,-1.36924150059029e-39,-0.0628767956182463
685.8,0.398290996707193,0.398290996707193,-0.0627886975704258,-1.34683220856276e-39,-0.0627886975704258
685.9,0.886572223515082,0.886572223515082,-0.0627007229586989,-1.32478967168323e-39,-0.0627007229586989
686,-0.431787088866216,-0.431787088866216,-0.0626128716101168,-1.30310788756042e-39,-0.0626128716101168
686.1,-1.18862299041844,-1.18862299041844,-0.0625251433519725,-1.28178095203948e-39,-0.0625251433519725
686.2,-1.96987295331106,-1.96987295331106,-0.0624375380118013,-1.26080305759412e-39,-0.0624375380118013
686.3,-0.675927702270157,-0.675927702270157,-0.0623500554173805,-1.24016849174533e-39,-0.0623500554173805
686.4,-0.57827145690858,-0.57827145690858,-0.0622626953967281,-1.21987163550568e-39,-0.0622626953967281
686.5,1.42368157300375,1.42368157300375,-0.0621754577781033,-1.19990696184925e-39,-0.0621754577781033
686.6,1.42368157300375,1.42368157300375,-0.0620883423900061,-1.18026903420657e-39,-0.0620883423900061
686.7,0.569189426089955,0.569189426089955,-0.0620013490611765,-1.16095250498425e-39,-0.0620013490611765
686.8,0.251806628664829,0.251806628664829,-0.0619144776205947,-1.14195211410866e-39,-0.0619144776205947
686.9,-0.212060536802666,-0.212060536802666,-0.0618277278974804,-1.1232626875937e-39,-0.0618277278974804
687,1.22836908228059,1.22836908228059,-0.0617410997212926,-1.1048791361318e-39,-0.0617410997212926
687.1,2.71762682404465,2.71762682404465,-0.0616545929217292,-1.08679645370797e-39,-0.0616545929217292
687.2,0.251806628664828,0.251806628664828,-0.0615682073287269,-1.06900971623681e-39,-0.0615682073287269
687.3,0.129736321962853,0.129736321962853,-0.0614819427724604,-1.05151408022148e-39,-0.0614819427724604
687.4,0.691259732791925,0.691259732791925,-0.0613957990833426,-1.03430478143482e-39,-0.0613957990833426
687.5,0.0809081992820659,0.0809081992820659,-0.0613097760920239,-1.01737713362206e-39,-0.0613097760920239
687.6,-0.21206053680266,-0.21206053680266,-0.0612238736293918,-1.00072652722455e-39,-0.0612238736293918
687.7,0.471533180728377,0.471533180728377,-0.0611380915265712,-9.8434842812473e-40,-0.0611380915265712
687.8,1.15512689825942,1.15512689825942,-0.0610524296149232,-9.68238376411296e-40,-0.0610524296149232
687.9,-0.18764647546227,-0.18764647546227,-0.0609668877260453,-9.52391985164821e-40,-0.0609668877260453
688,0.325048812686008,0.325048812686008,-0.0608814656917712,-9.36804939263128e-40,-0.0608814656917712
688.1,-0.74916988629134,-0.74916988629134,-0.0607961633441698,-9.21472994206152e-40,-0.0607961633441698
688.2,-1.62807609454554,-1.62807609454554,-0.0607109805155454,-9.06391974960279e-40,-0.0607109805155454
688.3,-0.358544904845033,-0.358544904845033,-0.0606259170384376,-8.91557774821354e-40,-0.0606259170384376
688.4,0.129736321962856,0.129736321962856,-0.0605409727456203,-8.76966354296359e-40,-0.0605409727456203
688.5,-1.09096674505686,-1.09096674505686,-0.0604561474701018,-8.62613740003524e-40,-0.0604561474701018
688.6,-0.57827145690858,-0.57827145690858,-0.0603714410451243,-8.48496023590191e-40,-0.0603714410451243
688.7,-1.33510735846081,-1.33510735846081,-0.0602868533041637,-8.34609360668687e-40,-0.0602868533041637
688.8,-1.16420892907805,-1.16420892907805,-0.0602023840809294,-8.20949969769377e-40,-0.0602023840809294
688.9,0.95981440753626,0.95981440753626,-0.0601180332093636,-8.07514131310913e-40,-0.0601180332093636
689,0.862158162174689,0.862158162174689,-0.0600338005236411,-7.94298186587449e-40,-0.0600338005236411
689.1,-1.16420892907805,-1.16420892907805,-0.0599496858581692,-7.81298536772202e-40,-0.0599496858581692
689.2,-1.70131827856672,-1.70131827856672,-0.0598656890475871,-7.68511641937606e-40,-0.0598656890475871
689.3,-1.8233885852687,-1.8233885852687,-0.0597818099267657,-7.55934020091278e-40,-0.0597818099267657
689.4,-1.40834954248199,-1.40834954248199,-0.0596980483308076,-7.43562246227815e-40,-0.0596980483308076
689.5,0.00766601526088446,0.00766601526088446,-0.0596144040950459,-7.3139295139622e-40,-0.0596144040950459
689.6,0.691259732791926,0.691259732791926,-0.0595308770550446,-7.19422821782379e-40,-0.0595308770550446
689.7,-2.06752919867264,-2.06752919867264,-0.0594474670465984,-7.07648597806811e-40,-0.0594474670465984
689.8,-0.309716782164243,-0.309716782164243,-0.0593641739057318,-6.96067073236975e-40,-0.0593641739057318
689.9,-0.895654254333707,-0.895654254333707,-0.0592809974686988,-6.84675094314207e-40,-0.0592809974686988
690,-0.236474598143063,-0.236474598143063,-0.0591979375719836,-6.73469558894898e-40,-0.0591979375719836
690.1,-0.822412070312523,-0.822412070312523,-0.0591149940522986,-6.62447415605778e-40,-0.0591149940522986
690.2,-0.99331049969528,-0.99331049969528,-0.0590321667465856,-6.51605663012978e-40,-0.0590321667465856
690.3,-2.16518544403422,-2.16518544403422,-0.0589494554920147,-6.40941348804742e-40,-0.0589494554920147
690.4,-2.6534666708421,-2.6534666708421,-0.058866860125984,-6.30451568987462e-40,-0.058866860125984
690.5,-2.40932605743816,-2.40932605743816,-0.0587843804861197,-6.2013346709488e-40,-0.0587843804861197
690.6,-0.87124019299331,-0.87124019299331,-0.0587020164102752,-6.09984233410265e-40,-0.0587020164102752
690.7,0.471533180728379,0.471533180728379,-0.0586197677365311,-6.00001104201292e-40,-0.0586197677365311
690.8,0.00766601526088313,0.00766601526088313,-0.0585376343031954,-5.90181360967471e-40,-0.0585376343031954
690.9,-1.92104483063027,-1.92104483063027,-0.058455615948802,-5.80522329699858e-40,-0.058455615948802
691,-1.28627923578002,-1.28627923578002,-0.0583737125121113,-5.7102138015288e-40,-0.0583737125121113
691.1,0.227392567324432,0.227392567324432,-0.0582919238321097,-5.61675925128122e-40,-0.0582919238321097
691.2,-0.260888659483458,-0.260888659483458,-0.058210249748009,-5.52483419769787e-40,-0.058210249748009
691.3,-0.529443334227792,-0.529443334227792,-0.0581286900992463,-5.43441360871738e-40,-0.0581286900992463
691.4,-0.675927702270156,-0.675927702270156,-0.0580472447254841,-5.34547286195821e-40,-0.0580472447254841
691.5,-2.6290526095017,-2.6290526095017,-0.057965913466609,-5.25798773801402e-40,-0.057965913466609
691.6,-3.21499008167117,-3.21499008167117,-0.0578846961627319,-5.17193441385788e-40,-0.0578846961627319
691.7,-1.65249015588593,-1.65249015588593,-0.0578035926541883,-5.08728945635599e-40,-0.0578035926541883
691.8,-0.114404291441091,-0.114404291441091,-0.0577226027815371,-5.00402981588576e-40,-0.0577226027815371
691.9,0.569189426089951,0.569189426089951,-0.0576417263855603,-4.92213282005974e-40,-0.0576417263855603
692,-1.23745111309923,-1.23745111309923,-0.0575609633072636,-4.84157616755156e-40,-0.0575609633072636
692.1,-2.26284168939579,-2.26284168939579,-0.0574803133878747,-4.76233792202261e-40,-0.0574803133878747
692.2,-1.28627923578002,-1.28627923578002,-0.0573997764688446,-4.68439650614944e-40,-0.0573997764688446
692.3,-0.627099579589366,-0.627099579589366,-0.0573193523918459,-4.60773069574726e-40,-0.0573193523918459
692.4,-1.65249015588593,-1.65249015588593,-0.057239040998773,-4.5323196139909e-40,-0.057239040998773
692.5,-2.2628416893958,-2.2628416893958,-0.0571588421317424,-4.45814272572971e-40,-0.0571588421317424
692.6,-0.358544904845033,-0.358544904845033,-0.057078755633091,-4.38517983189526e-40,-0.057078755633091
692.7,-0.260888659483455,-0.260888659483455,-0.0569987813453771,-4.31341106400163e-40,-0.0569987813453771
692.8,-2.33608387341697,-2.33608387341697,-0.0569189191113797,-4.24281687873465e-40,-0.0569189191113797
692.9,-2.45815418011895,-2.45815418011895,-0.0568391687740978,-4.17337805262989e-40,-0.0568391687740978
693,-1.84780264660909,-1.84780264660909,-0.0567595301767504,-4.10507567683848e-40,-0.0567595301767504
693.1,-1.33510735846081,-1.33510735846081,-0.0566800031627764,-4.03789115197728e-40,-0.0566800031627764
693.2,-1.31069329712042,-1.31069329712042,-0.0566005875758337,-3.9718061830649e-40,-0.0566005875758337
693.3,-2.09194326001303,-2.09194326001303,-0.0565212832597995,-3.90680277453937e-40,-0.0565212832597995
693.4,-1.89663076928988,-1.89663076928988,-0.0564420900587699,-3.84286322535766e-40,-0.0564420900587699
693.5,-1.57924797186475,-1.57924797186475,-0.0563630078170592,-3.779970124176e-40,-0.0563630078170592
693.6,-1.31069329712041,-1.31069329712041,-0.0562840363791996,-3.7181063446079e-40,-0.0562840363791996
693.7,-0.944482377014492,-0.944482377014492,-0.0562051755899417,-3.65725504056123e-40,-0.0562051755899417
693.8,-1.06655268371647,-1.06655268371647,-0.0561264252942532,-3.59739964165045e-40,-0.0561264252942532
693.9,-2.2384276280554,-2.2384276280554,-0.0560477853373192,-3.53852384868425e-40,-0.0560477853373192
694,-0.87124019299331,-0.87124019299331,-0.0559692555645418,-3.48061162922754e-40,-0.0559692555645418
694.1,0.25180662866483,0.25180662866483,-0.0558908358215393,-3.42364721323507e-40,-0.0558908358215393
694.2,-0.52944333422779,-0.52944333422779,-0.0558125259541468,-3.36761508875772e-40,-0.0558125259541468
694.3,-1.96987295331106,-1.96987295331106,-0.0557343258084151,-3.31249999771807e-40,-0.0557343258084151
694.4,-1.72573233990712,-1.72573233990712,-0.0556562352306107,-3.25828693175564e-40,-0.0556562352306107
694.5,-1.33510735846081,-1.33510735846081,-0.055578254067216,-3.20496112813979e-40,-0.055578254067216
694.6,-0.163232414121874,-0.163232414121874,-0.0555003821649276,-3.15250806574989e-40,-0.0555003821649276
694.7,-1.70131827856672,-1.70131827856672,-0.0554226193706575,-3.10091346112091e-40,-0.0554226193706575
694.8,-0.82241207031252,-0.82241207031252,-0.0553449655315323,-3.05016326455412e-40,-0.0553449655315323
694.9,-0.163232414121877,-0.163232414121877,-0.0552674204948923,-3.00024365629107e-40,-0.0552674204948923
695,-0.675927702270154,-0.675927702270154,-0.0551899841082922,-2.95114104275026e-40,-0.0551899841082922
695.1,-1.55483391052436,-1.55483391052436,-0.0551126562195,-2.90284205282565e-40,-0.0551126562195
695.2,-2.6534666708421,-2.6534666708421,-0.0550354366764969,-2.85533353424545e-40,-0.0550354366764969
695.3,-2.18959950537461,-2.18959950537461,-0.0549583253274773,-2.80860254999079e-40,-0.0549583253274773
695.4,-3.04409165228841,-3.04409165228841,-0.0548813220208485,-2.76263637477274e-40,-0.0548813220208485
695.5,-3.21499008167117,-3.21499008167117,-0.0548044266052298,-2.71742249156702e-40,-0.0548044266052298
695.6,-2.14077138269382,-2.14077138269382,-0.0547276389294526,-2.67294858820563e-40,-0.0547276389294526
695.7,-3.23940414301156,-3.23940414301156,-0.0546509588425604,-2.62920255402404e-40,-0.0546509588425604
695.8,-1.75014640124751,-1.75014640124751,-0.0545743861938082,-2.58617247656344e-40,-0.0545743861938082
695.9,-1.23745111309923,-1.23745111309923,-0.0544979208326617,-2.54384663832681e-40,-0.0544979208326617
696,-2.28725575073619,-2.28725575073619,-0.0544215626087984,-2.50221351358815e-40,-0.0544215626087984
696.1,-2.2384276280554,-2.2384276280554,-0.0543453113721055,-2.46126176525372e-40,-0.0543453113721055
696.2,-2.11635732135342,-2.11635732135342,-0.0542691669726812,-2.42098024177525e-40,-0.0542691669726812
696.3,-1.3595214198012,-1.3595214198012,-0.0541931292608334,-2.38135797411287e-40,-0.0541931292608334
696.4,-1.7745604625879,-1.7745604625879,-0.0541171980870797,-2.3423841727484e-40,-0.0541171980870797
696.5,-1.70131827856672,-1.70131827856672,-0.0540413733021475,-2.30404822474721e-40,-0.0540413733021475
696.6,-1.92104483063027,-1.92104483063027,-0.0539656547569729,-2.26633969086797e-40,-0.0539656547569729
696.7,-1.75014640124751,-1.75014640124751,-0.053890042302701,-2.22924830272036e-40,-0.053890042302701
696.8,-0.40737302752582,-0.40737302752582,-0.0538145357906858,-2.19276395996855e-40,-0.0538145357906858
696.9,-1.7989745239283,-1.7989745239283,-0.0537391350724891,-2.15687672758099e-40,-0.0537391350724891
697,-2.28725575073618,-2.28725575073618,-0.0536638399998809,-2.12157683312495e-40,-0.0536638399998809
697.1,-0.212060536802668,-0.212060536802668,-0.0535886504248389,-2.0868546641052e-40,-0.0535886504248389
697.2,-0.260888659483453,-0.260888659483453,-0.0535135661995482,-2.05270076534684e-40,-0.0535135661995482
697.3,-1.89663076928988,-1.89663076928988,-0.0534385871764008,-2.01910583642015e-40,-0.0534385871764008
697.4,-2.16518544403421,-2.16518544403421,-0.0533637132079958,-1.98606072910831e-40,-0.0533637132079958
697.5,-1.23745111309923,-1.23745111309923,-0.0532889441471389,-1.95355644491612e-40,-0.0532889441471389
697.6,-0.0899902301006948,-0.0899902301006948,-0.0532142798468415,-1.92158413261948e-40,-0.0532142798468415
697.7,-0.553857395568183,-0.553857395568183,-0.0531397201603215,-1.89013508585543e-40,-0.0531397201603215
697.8,-1.45717766516278,-1.45717766516278,-0.0530652649410022,-1.85920074075114e-40,-0.0530652649410022
697.9,-0.79799800897213,-0.79799800897213,-0.0529909140425123,-1.82877267359181e-40,-0.0529909140425123
698,-0.724755824950948,-0.724755824950948,-0.0529166673186859,-1.79884259852708e-40,-0.0529166673186859
698.1,-0.57827145690858,-0.57827145690858,-0.0528425246235611,-1.76940236531432e-40,-0.0528425246235611
698.2,-0.431787088866213,-0.431787088866213,-0.0527684858113815,-1.74044395709967e-40,-0.0527684858113815
698.3,0.178564444643642,0.178564444643642,-0.0526945507365941,-1.71195948823472e-40,-0.0526945507365941
698.4,-1.40834954248199,-1.40834954248199,-0.0526207192538503,-1.68394120212915e-40,-0.0526207192538503
698.5,-0.773583947631733,-0.773583947631733,-0.0525469912180052,-1.65638146913875e-40,-0.0525469912180052
698.6,0.569189426089951,0.569189426089951,-0.0524733664841169,-1.62927278448749e-40,-0.0524733664841169
698.7,-0.0167480460795111,-0.0167480460795111,-0.0523998449074467,-1.6026077662242e-40,-0.0523998449074467
698.8,-1.06655268371647,-1.06655268371647,-0.052326426343459,-1.57637915321224e-40,-0.052326426343459
698.9,-1.48159172650317,-1.48159172650317,-0.0522531106478204,-1.55057980315223e-40,-0.0522531106478204
699,-0.77358394763173,-0.77358394763173,-0.0521798976763998,-1.52520269063715e-40,-0.0521798976763998
699.1,-1.31069329712041,-1.31069329712041,-0.052106787285268,-1.50024090523924e-40,-0.052106787285268
699.2,-1.82338858526869,-1.82338858526869,-0.0520337793306977,-1.47568764962826e-40,-0.0520337793306977
699.3,-1.13979486773765,-1.13979486773765,-0.0519608736691625,-1.45153623772051e-40,-0.0519608736691625
699.4,-0.627099579589366,-0.627099579589366,-0.0518880701573377,-1.42778009285814e-40,-0.0518880701573377
699.5,-1.28627923578002,-1.28627923578002,-0.051815368652099,-1.4044127460182e-40,-0.051815368652099
699.6,0.813330039493896,0.813330039493896,-0.0517427690105228,-1.38142783405117e-40,-0.0517427690105228
699.7,0.300634751345612,0.300634751345612,-0.0516702710898856,-1.3588190979481e-40,-0.0516702710898856
699.8,-0.749169886291342,-0.749169886291342,-0.0515978747476641,-1.33658038113636e-40,-0.0515978747476641
699.9,-0.895654254333704,-0.895654254333704,-0.0515255798415344,-1.31470562780306e-40,-0.0515255798415344
700,-0.431787088866214,-0.431787088866214,-0.0514533862293724,-1.29318888124597e-40,-0.0514533862293724
700.1,-0.18764647546227,-0.18764647546227,-0.0513812937692527,-1.2720242822515e-40,-0.0513812937692527
700.2,1.2039550209402,1.2039550209402,-0.0513093023194492,-1.25120606749918e-40,-0.0513093023194492
700.3,0.276220690005222,0.276220690005222,-0.0512374117384339,-1.23072856799224e-40,-0.0512374117384339
700.4,0.422705058047588,0.422705058047588,-0.0511656218848775,-1.21058620751392e-40,-0.0511656218848775
700.5,1.52133781836532,1.52133781836532,-0.0510939326176486,-1.190773501109e-40,-0.0510939326176486
700.6,0.202978505984036,0.202978505984036,-0.0510223437958134,-1.17128505359007e-40,-0.0510223437958134
700.7,-0.871240192993311,-0.871240192993311,-0.0509508552786356,-1.15211555806861e-40,-0.0509508552786356
700.8,-1.65249015588593,-1.65249015588593,-0.0508794669255763,-1.13325979450966e-40,-0.0508794669255763
700.9,-0.431787088866213,-0.431787088866213,-0.0508081785962934,-1.11471262831051e-40,-0.0508081785962934
701,-0.553857395568186,-0.553857395568186,-0.0507369901506414,-1.09646900890241e-40,-0.0507369901506414
701.1,-0.529443334227792,-0.529443334227792,-0.050665901448671,-1.0785239683752e-40,-0.050665901448671
701.2,-2.53139636414013,-2.53139636414013,-0.0505949123506293,-1.06087262012467e-40,-0.0505949123506293
701.3,-3.33706038837314,-3.33706038837314,-0.050524022716959,-1.04351015752174e-40,-0.050524022716959
701.4,-2.11635732135343,-2.11635732135343,-0.0504532324082985,-1.02643185260363e-40,-0.0504532324082985
701.5,-1.04213862237607,-1.04213862237607,-0.0503825412854813,-1.00963305478645e-40,-0.0503825412854813
701.6,-0.382958966185424,-0.382958966185424,-0.0503119492095359,-9.93109189598601e-41,-0.0503119492095359
701.7,0.129736321962854,0.129736321962854,-0.0502414560416857,-9.76855757435373e-41,-0.0502414560416857
701.8,-1.67690421722633,-1.67690421722633,-0.0501710616433482,-9.6086833233344e-41,-0.0501710616433482
701.9,-3.80092755384063,-3.80092755384063,-0.0501007658761356,-9.45142560765762e-41,-0.0501007658761356
702,-3.11733383630959,-3.11733383630959,-0.0500305686018535,-9.29674160456041e-41,-0.0500305686018535
702.1,-1.67690421722633,-1.67690421722633,-0.0499604696825012,-9.14458919212528e-41,-0.0499604696825012
702.2,-1.65249015588593,-1.65249015588593,-0.0498904689802717,-8.99492693781163e-41,-0.0498904689802717
702.3,-1.82338858526869,-1.82338858526869,-0.0498205663575506,-8.84771408717231e-41,-0.0498205663575506
702.4,-1.40834954248199,-1.40834954248199,-0.0497507616769167,-8.70291055275557e-41,-0.0497507616769167
702.5,-2.70229479352289,-2.70229479352289,-0.0496810548011414,-8.56047690318989e-41,-0.0496810548011414
702.6,-2.06752919867264,-2.06752919867264,-0.0496114455931879,-8.42037435244496e-41,-0.0496114455931879
702.7,-1.43276360382238,-1.43276360382238,-0.0495419339162117,-8.28256474927142e-41,-0.0495419339162117
702.8,-0.773583947631737,-0.773583947631737,-0.0494725196335602,-8.14701056681114e-41,-0.0494725196335602
702.9,-1.60366203320515,-1.60366203320515,-0.0494032026087719,-8.01367489237799e-41,-0.0494032026087719
703,-2.6534666708421,-2.6534666708421,-0.0493339827055769,-7.88252141740716e-41,-0.0493339827055769
703.1,-2.53139636414013,-2.53139636414013,-0.0492648597878958,-7.75351442756658e-41,-0.0492648597878958
703.2,-2.36049793475737,-2.36049793475737,-0.0491958337198403,-7.62661879303307e-41,-0.0491958337198403
703.3,-2.04311513733224,-2.04311513733224,-0.049126904365712,-7.50179995892534e-41,-0.049126904365712
703.4,-1.26186517443962,-1.26186517443962,-0.0490580715900031,-7.37902393589418e-41,-0.0490580715900031
703.5,-0.553857395568182,-0.553857395568182,-0.0489893352573956,-7.25825729086759e-41,-0.0489893352573956
703.6,-1.28627923578002,-1.28627923578002,-0.0489206952327607,-7.13946713794588e-41,-0.0489206952327607
703.7,-1.31069329712041,-1.31069329712041,-0.0488521513811594,-7.02262112944685e-41,-0.0488521513811594
703.8,-0.895654254333704,-0.895654254333704,-0.0487837035678413,-6.90768744709743e-41,-0.0487837035678413
703.9,-1.48159172650317,-1.48159172650317,-0.0487153516582454,-6.79463479336902e-41,-0.0487153516582454
704,-2.82436510022486,-2.82436510022486,-0.0486470955179989,-6.68343238295474e-41,-0.0486470955179989
704.1,-2.6534666708421,-2.6534666708421,-0.0485789350129169,-6.57404993438654e-41,-0.0485789350129169
704.2,-3.80092755384063,-3.80092755384063,-0.0485108700090033,-6.46645766178909e-41,-0.0485108700090033
704.3,-1.96987295331106,-1.96987295331106,-0.0484429003724491,-6.36062626676912e-41,-0.0484429003724491
704.4,-1.3351073584608,-1.3351073584608,-0.048375025969633,-6.25652693043697e-41,-0.048375025969633
704.5,-2.33608387341698,-2.33608387341698,-0.0483072466671212,-6.15413130555873e-41,-0.0483072466671212
704.6,-3.21499008167117,-3.21499008167117,-0.0482395623316663,-6.05341150883735e-41,-0.0482395623316663
704.7,-1.75014640124751,-1.75014640124751,-0.0481719728302079,-5.95434011331955e-41,-0.0481719728302079
704.8,-0.505029272887398,-0.505029272887398,-0.0481044780298722,-5.85689014092747e-41,-0.0481044780298722
704.9,-0.553857395568186,-0.553857395568186,-0.0480370777979714,-5.76103505511205e-41,-0.0480370777979714
705,-0.675927702270159,-0.675927702270159,-0.0479697720020034,-5.66674875362682e-41,-0.0479697720020034
705.1,-1.87221670794948,-1.87221670794948,-0.0479025605096522,-5.57400556142009e-41,-0.0479025605096522
705.2,-0.9200683156741,-0.9200683156741,-0.0478354431887867,-5.48278022364367e-41,-0.0478354431887867
705.3,0.39829099670719,0.39829099670719,-0.0477684199074613,-5.39304789877516e-41,-0.0477684199074613
705.4,-0.65151364092977,-0.65151364092977,-0.0477014905339152,-5.30478415185395e-41,-0.0477014905339152
705.5,-0.944482377014495,-0.944482377014495,-0.0476346549365721,-5.21796494782715e-41,-0.0476346549365721
705.6,-0.871240192993312,-0.871240192993312,-0.0475679129840402,-5.13256664500411e-41,-0.0475679129840402
705.7,-2.16518544403421,-2.16518544403421,-0.0475012645451117,-5.04856598861954e-41,-0.0475012645451117
705.8,-1.53041984918396,-1.53041984918396,-0.0474347094887624,-4.96594010450015e-41,-0.0474347094887624
705.9,-1.13979486773766,-1.13979486773766,-0.0473682476841523,-4.88466649283632e-41,-0.0473682476841523
706,-0.871240192993306,-0.871240192993306,-0.0473018790006243,-4.80472302205509e-41,-0.0473018790006243
706.1,-1.94545889197067,-1.94545889197067,-0.0472356033077041,-4.72608792279304e-41,-0.0472356033077041
706.2,-1.40834954248199,-1.40834954248199,-0.0471694204751009,-4.64873978196915e-41,-0.0471694204751009
706.3,-1.18862299041844,-1.18862299041844,-0.0471033303727059,-4.57265753695302e-41,-0.0471033303727059
706.4,-1.50600578784357,-1.50600578784357,-0.0470373328705928,-4.49782046982988e-41,-0.0470373328705928
706.5,-1.65249015588593,-1.65249015588593,-0.0469714278390175,-4.42420820175868e-41,-0.0469714278390175
706.6,-2.87319322290565,-2.87319322290565,-0.0469056151484173,-4.35180068742241e-41,-0.0469056151484173
706.7,-2.75112291620368,-2.75112291620368,-0.0468398946694112,-4.28057820957024e-41,-0.0468398946694112
706.8,-0.45620115020661,-0.45620115020661,-0.0467742662727998,-4.21052137364793e-41,-0.0467742662727998
706.9,0.422705058047587,0.422705058047587,-0.0467087298295643,-4.14161110251638e-41,-0.0467087298295643
707,-2.70229479352289,-2.70229479352289,-0.0466432852108668,-4.07382863125723e-41,-0.0466432852108668
707.1,-5.77846652241257,-5.77846652241257,-0.0465779322880499,-4.00715550206227e-41,-0.0465779322880499
707.2,-4.67983376209483,-4.67983376209483,-0.0465126709326367,-3.94157355920797e-41,-0.0465126709326367
707.3,-4.09389628992536,-4.09389628992536,-0.0464475010163298,-3.87706494411112e-41,-0.0464475010163298
707.4,-3.97182598322339,-3.97182598322339,-0.0463824224110122,-3.81361209046562e-41,-0.0463824224110122
707.5,-3.99624004456379,-3.99624004456379,-0.0463174349887459,-3.7511977194595e-41,-0.0463174349887459
707.6,-4.85073219147758,-4.85073219147758,-0.0462525386217724,-3.68980483506902e-41,-0.0462525386217724
707.7,-3.9229978605426,-3.9229978605426,-0.0461877331825122,-3.62941671943126e-41,-0.0461877331825122
707.8,-2.38491199609776,-2.38491199609776,-0.0461230185435643,-3.57001692829127e-41,-0.0461230185435643
707.9,-2.09194326001303,-2.09194326001303,-0.0460583945777066,-3.51158928652404e-41,-0.0460583945777066
708,-2.26284168939579,-2.26284168939579,-0.0459938611578951,-3.45411788373025e-41,-0.0459938611578951
708.1,-3.19057602033078,-3.19057602033078,-0.0459294181572635,-3.39758706990333e-41,-0.0459294181572635
708.2,-3.67885724713866,-3.67885724713866,-0.0458650654491237,-3.34198145116798e-41,-0.0458650654491237
708.3,-4.19155253528694,-4.19155253528694,-0.045800802906965,-3.2872858855884e-41,-0.045800802906965
708.4,-5.29018529560468,-5.29018529560468,-0.0457366304044536,-3.23348547904484e-41,-0.0457366304044536
708.5,-4.28920878064852,-4.28920878064852,-0.0456725478154334,-3.18056558117774e-41,-0.0456725478154334
708.6,-2.70229479352289,-2.70229479352289,-0.0456085550139243,-3.12851178139841e-41,-0.0456085550139243
708.7,-3.9229978605426,-3.9229978605426,-0.0455446518741232,-3.07730990496485e-41,-0.0455446518741232
708.8,-4.28920878064852,-4.28920878064852,-0.0454808382704031,-3.0269460091219e-41,-0.0454808382704031
708.9,-5.02163062086035,-5.02163062086035,-0.0454171140773131,-2.97740637930445e-41,-0.0454171140773131
709,-5.2169431115835,-5.2169431115835,-0.0453534791695779,-2.92867752540275e-41,-0.0453534791695779
709.1,-5.26577123426429,-5.26577123426429,-0.045289933422098,-2.88074617808902e-41,-0.045289933422098
709.2,-5.70522433839139,-5.70522433839139,-0.0452264767099488,-2.83359928520405e-41,-0.0452264767099488
709.3,-4.85073219147759,-4.85073219147759,-0.0451631089083812,-2.78722400820304e-41,-0.0451631089083812
709.4,-3.5323728790963,-3.5323728790963,-0.0450998298928205,-2.74160771865953e-41,-0.0450998298928205
709.5,-4.60659157807364,-4.60659157807364,-0.0450366395388669,-2.69673799482642e-41,-0.0450366395388669
709.6,-5.09487280488153,-5.09487280488153,-0.0449735377222944,-2.65260261825351e-41,-0.0449735377222944
709.7,-4.21596659662734,-4.21596659662734,-0.0449105243190515,-2.60918957046043e-41,-0.0449105243190515
709.8,-4.21596659662734,-4.21596659662734,-0.0448475992052603,-2.56648702966363e-41,-0.0448475992052603
709.9,-5.2413571729239,-5.2413571729239,-0.0447847622572166,-2.52448336755741e-41,-0.0447847622572166
710,-4.65541970075443,-4.65541970075443,-0.0447220133513895,-2.48316714614741e-41,-0.0447220133513895
710.1,-2.94643540692683,-2.94643540692683,-0.0446593523644209,-2.44252711463566e-41,-0.0446593523644209
710.2,-3.01967759094801,-3.01967759094801,-0.044596779173126,-2.40255220635732e-41,-0.044596779173126
710.3,-5.48549778632784,-5.48549778632784,-0.0445342936544923,-2.36323153576675e-41,-0.0445342936544923
710.4,-4.82631813013719,-4.82631813013719,-0.0444718956856796,-2.3245543954735e-41,-0.0444718956856796
710.5,-3.21499008167117,-3.21499008167117,-0.0444095851440203,-2.28651025332655e-41,-0.0444095851440203
710.6,-2.99526352960762,-2.99526352960762,-0.0443473619070179,-2.24908874954606e-41,-0.0443473619070179
710.7,-3.33706038837314,-3.33706038837314,-0.0442852258523481,-2.21227969390274e-41,-0.0442852258523481
710.8,-3.16616195899038,-3.16616195899038,-0.0442231768578579,-2.17607306294255e-41,-0.0442231768578579
710.9,-3.04409165228841,-3.04409165228841,-0.0441612148015653,-2.1404589972575e-41,-0.0441612148015653
711,-5.46108372498744,-5.46108372498744,-0.0440993395616593,-2.10542779880073e-41,-0.0440993395616593
711.1,-5.33901341828548,-5.33901341828548,-0.0440375510164997,-2.07096992824548e-41,-0.0440375510164997
711.2,-4.16713847394655,-4.16713847394655,-0.0439758490446163,-2.03707600238779e-41,-0.0439758490446163
711.3,-4.21596659662733,-4.21596659662733,-0.0439142335247098,-2.0037367915911e-41,-0.0439142335247098
711.4,-2.55581042548052,-2.55581042548052,-0.0438527043356501,-1.97094321727297e-41,-0.0438527043356501
711.5,-2.14077138269382,-2.14077138269382,-0.0437912613564774,-1.93868634943305e-41,-0.0437912613564774
711.6,-2.33608387341698,-2.33608387341698,-0.0437299044664011,-1.90695740422104e-41,-0.0437299044664011
711.7,-2.09194326001303,-2.09194326001303,-0.0436686335447999,-1.87574774154515e-41,-0.0436686335447999
711.8,-2.6534666708421,-2.6534666708421,-0.0436074484712213,-1.84504886271909e-41,-0.0436074484712213
711.9,-3.53237287909629,-3.53237287909629,-0.043546349125382,-1.81485240814777e-41,-0.043546349125382
712,-3.04409165228841,-3.04409165228841,-0.043485335387167,-1.78515015505111e-41,-0.043485335387167
712.1,-3.21499008167117,-3.21499008167117,-0.0434244071366294,-1.75593401522458e-41,-0.0434244071366294
712.2,-4.16713847394655,-4.16713847394655,-0.0433635642539907,-1.72719603283705e-41,-0.0433635642539907
712.3,-4.70424782343522,-4.70424782343522,-0.0433028066196401,-1.69892838226414e-41,-0.0433028066196401
712.4,-4.85073219147759,-4.85073219147759,-0.0432421341141342,-1.67112336595723e-41,-0.0432421341141342
712.5,-4.97280249817956,-4.97280249817956,-0.0431815466181974,-1.64377341234747e-41,-0.0431815466181974
712.6,-2.75112291620367,-2.75112291620367,-0.0431210440127207,-1.61687107378374e-41,-0.0431210440127207
712.7,-3.5079588177559,-3.5079588177559,-0.0430606261787622,-1.59040902450487e-41,-0.0430606261787622
712.8,-3.63002912445787,-3.63002912445787,-0.0430002929975469,-1.56438005864458e-41,-0.0430002929975469
712.9,-4.50893533271206,-4.50893533271206,-0.0429400443504658,-1.53877708826933e-41,-0.0429400443504658
713,-3.48354475641551,-3.48354475641551,-0.0428798801190764,-1.51359314144811e-41,-0.0428798801190764
713.1,-3.14174789764998,-3.14174789764998,-0.042819800185102,-1.48882136035403e-41,-0.042819800185102
713.2,-3.0929197749692,-3.0929197749692,-0.0427598044304316,-1.4644549993968e-41,-0.0427598044304316
713.3,-3.5079588177559,-3.5079588177559,-0.0426998927371199,-1.44048742338591e-41,-0.0426998927371199
713.4,-3.55678694043669,-3.55678694043669,-0.0426400649873866,-1.41691210572376e-41,-0.0426400649873866
713.5,-2.1895995053746,-2.1895995053746,-0.0425803210636165,-1.39372262662837e-41,-0.0425803210636165
713.6,-4.31362284198891,-4.31362284198891,-0.0425206608483592,-1.37091267138526e-41,-0.0425206608483592
713.7,-4.77749000745641,-4.77749000745641,-0.0424610842243289,-1.34847602862789e-41,-0.0424610842243289
713.8,-3.92299786054261,-3.92299786054261,-0.0424015910744041,-1.32640658864625e-41,-0.0424015910744041
713.9,-2.77553697754407,-2.77553697754407,-0.0423421812816276,-1.30469834172313e-41,-0.0423421812816276
714,-1.40834954248199,-1.40834954248199,-0.0422828547292057,-1.28334537649758e-41,-0.0422828547292057
714.1,-3.97182598322339,-3.97182598322339,-0.0422236113005084,-1.2623418783552e-41,-0.0422236113005084
714.2,-3.31264632703274,-3.31264632703274,-0.0421644508790695,-1.24168212784484e-41,-0.0421644508790695
714.3,-2.77553697754407,-2.77553697754407,-0.0421053733485856,-1.22136049912102e-41,-0.0421053733485856
714.4,-3.41030257239433,-3.41030257239433,-0.0420463785929163,-1.20137145841207e-41,-0.0420463785929163
714.5,-2.60463854816131,-2.60463854816131,-0.0419874664960843,-1.18170956251317e-41,-0.0419874664960843
714.6,-1.62807609454554,-1.62807609454554,-0.0419286369422742,-1.16236945730407e-41,-0.0419286369422742
714.7,-2.09194326001303,-2.09194326001303,-0.0418698898158331,-1.14334587629125e-41,-0.0418698898158331
714.8,-2.6778807321825,-2.6778807321825,-0.0418112250012706,-1.12463363917367e-41,-0.0418112250012706
714.9,-2.62905260950171,-2.62905260950171,-0.0417526423832575,-1.10622765043219e-41,-0.0417526423832575
715,-2.26284168939579,-2.26284168939579,-0.0416941418466264,-1.08812289794204e-41,-0.0416941418466264
715.1,-2.70229479352289,-2.70229479352289,-0.0416357232763713,-1.07031445160784e-41,-0.0416357232763713
715.2,-1.57924797186475,-1.57924797186475,-0.0415773865576474,-1.05279746202126e-41,-0.0415773865576474
715.3,-3.16616195899038,-3.16616195899038,-0.0415191315757707,-1.03556715914036e-41,-0.0415191315757707
715.4,-2.6290526095017,-2.6290526095017,-0.041460958216218,-1.0186188509907e-41,-0.041460958216218
715.5,-4.02065410590418,-4.02065410590418,-0.0414028663646263,-1.00194792238773e-41,-0.0414028663646263
715.6,-5.33901341828548,-5.33901341828548,-0.0413448559067932,-9.85549833679872e-42,-0.0413448559067932
715.7,-4.21596659662734,-4.21596659662734,-0.041286926728676,-9.69420119512505e-42,-0.041286926728676
715.8,-2.62905260950171,-2.62905260950171,-0.041229078716392,-9.53554387611933e-42,-0.041229078716392
715.9,-1.28627923578002,-1.28627923578002,-0.041171311756218,-9.37948317589283e-42,-0.041171311756218
716,-1.33510735846081,-1.33510735846081,-0.0411136257345901,-9.22597659764135e-42,-0.0411136257345901
716.1,-2.14077138269382,-2.14077138269382,-0.0410560205381034,-9.0749823400713e-42,-0.0410560205381034
716.2,-2.06752919867264,-2.06752919867264,-0.0409984960535123,-8.92645928601862e-42,-0.0409984960535123
716.3,-1.92104483063027,-1.92104483063027,-0.0409410521677294,-8.78036699125114e-42,-0.0409410521677294
716.4,-2.38491199609777,-2.38491199609777,-0.0408836887678259,-8.6366656734551e-42,-0.0408836887678259
716.5,-2.53139636414013,-2.53139636414013,-0.0408264057410316,-8.49531620140298e-42,-0.0408264057410316
716.6,-2.84877916156525,-2.84877916156525,-0.0407692029747338,-8.35628008429625e-42,-0.0407692029747338
716.7,-1.96987295331106,-1.96987295331106,-0.0407120803564776,-8.21951946128555e-42,-0.0407120803564776
716.8,-0.70034176361055,-0.70034176361055,-0.040655037773966,-8.08499709115992e-42,-0.040655037773966
716.9,-0.773583947631733,-0.773583947631733,-0.0405980751150593,-7.95267634220552e-42,-0.0405980751150593
717,-2.6778807321825,-2.6778807321825,-0.0405411922677746,-7.82252118223133e-42,-0.0405411922677746
717.1,-3.01967759094801,-3.01967759094801,-0.0404843891202861,-7.69449616875591e-42,-0.0404843891202861
717.2,-1.70131827856672,-1.70131827856672,-0.0404276655609248,-7.56856643935753e-42,-0.0404276655609248
717.3,-2.36049793475737,-2.36049793475737,-0.0403710214781779,-7.44469770217988e-42,-0.0403710214781779
717.4,-2.79995103888447,-2.79995103888447,-0.0403144567606892,-7.32285622659447e-42,-0.0403144567606892
717.5,-1.94545889197066,-1.94545889197066,-0.0402579712972581,-7.20300883401507e-42,-0.0402579712972581
717.6,-1.06655268371647,-1.06655268371647,-0.0402015649768401,-7.08512288886324e-42,-0.0402015649768401
717.7,-1.60366203320515,-1.60366203320515,-0.0401452376885462,-6.96916628968111e-42,-0.0401452376885462
717.8,-1.26186517443962,-1.26186517443962,-0.0400889893216427,-6.85510746039017e-42,-0.0400889893216427
717.9,-1.21303705175883,-1.21303705175883,-0.0400328197655512,-6.7429153416926e-42,-0.0400328197655512
718,-1.01772456103569,-1.01772456103569,-0.0399767289098482,-6.63255938261332e-42,-0.0399767289098482
718.1,-1.72573233990712,-1.72573233990712,-0.0399207166442647,-6.524009532181e-42,-0.0399207166442647
718.2,-2.40932605743815,-2.40932605743815,-0.0398647828586866,-6.41723623124467e-42,-0.0398647828586866
718.3,-1.87221670794948,-1.87221670794948,-0.0398089274431536,-6.31221040442476e-42,-0.0398089274431536
718.4,-1.94545889197067,-1.94545889197067,-0.0397531502878599,-6.20890345219546e-42,-0.0397531502878599
718.5,-1.50600578784357,-1.50600578784357,-0.0396974512831534,-6.10728724309655e-42,-0.0396974512831534
718.6,-1.28627923578002,-1.28627923578002,-0.0396418303195354,-6.00733410607328e-42,-0.0396418303195354
718.7,-0.822412070312527,-0.822412070312527,-0.0395862872876611,-5.90901682294104e-42,-0.0395862872876611
718.8,-0.895654254333703,-0.895654254333703,-0.0395308220783385,-5.81230862097389e-42,-0.0395308220783385
718.9,-0.993310499695285,-0.993310499695285,-0.0394754345825287,-5.71718316561383e-42,-0.0394754345825287
719,-1.09096674505686,-1.09096674505686,-0.0394201246913456,-5.62361455329987e-42,-0.0394201246913456
719.1,-2.75112291620368,-2.75112291620368,-0.0393648922960558,-5.53157730441365e-42,-0.0393648922960558
719.2,-1.75014640124751,-1.75014640124751,-0.0393097372880779,-5.44104635634209e-42,-0.0393097372880779
719.3,-2.33608387341697,-2.33608387341697,-0.0392546595589831,-5.35199705665168e-42,-0.0392546595589831
719.4,-3.45913069507511,-3.45913069507511,-0.0391996590004941,-5.26440515637602e-42,-0.0391996590004941
719.5,-2.67788073218249,-2.67788073218249,-0.0391447355044855,-5.17824680341241e-42,-0.0391447355044855
719.6,-2.87319322290565,-2.87319322290565,-0.0390898889629834,-5.09349853602621e-42,-0.0390898889629834
719.7,-3.87416973786182,-3.87416973786182,-0.0390351192681652,-5.01013727646293e-42,-0.0390351192681652
719.8,-4.99721655951995,-4.99721655951995,-0.0389804263123593,-4.92814032466307e-42,-0.0389804263123593
719.9,-5.29018529560468,-5.29018529560468,-0.038925809988045,-4.84748535208122e-42,-0.038925809988045
720,-3.31264632703275,-3.31264632703275,-0.0388712701878524,-4.76815039560572e-42,-0.0388712701878524
720.1,-3.45913069507512,-3.45913069507512,-0.0388168068045616,-4.69011385157732e-42,-0.0388168068045616
720.2,-4.14272441260615,-4.14272441260615,-0.0387624197311034,-4.61335446990727e-42,-0.0387624197311034
720.3,-3.21499008167117,-3.21499008167117,-0.0387081088605584,-4.53785134828986e-42,-0.0387081088605584
720.4,-3.36147444971354,-3.36147444971354,-0.038653874086157,-4.46358392651108e-42,-0.038653874086157
720.5,-4.50893533271207,-4.50893533271207,-0.0385997153012794,-4.39053198084971e-42,-0.0385997153012794
720.6,-3.38588851105393,-3.38588851105393,-0.0385456323994547,-4.31867561856981e-42,-0.0385456323994547
720.7,-4.09389628992536,-4.09389628992536,-0.0384916252743618,-4.2479952725045e-42,-0.0384916252743618
720.8,-4.75307594611601,-4.75307594611601,-0.0384376938198281,-4.17847169572713e-42,-0.0384376938198281
720.9,-4.82631813013719,-4.82631813013719,-0.03838383792983,-4.11008595631012e-42,-0.03838383792983
721,-6.19350556519927,-6.19350556519927,-0.0383300574984925,-4.04281943217004e-42,-0.0383300574984925
721.1,-5.16811498890271,-5.16811498890271,-0.0382763524200886,-3.97665380599597e-42,-0.0382763524200886
721.2,-0.773583947631735,-0.773583947631735,-0.0382227225890397,-3.91157106026226e-42,-0.0382227225890397
721.3,-1.45717766516278,-1.45717766516278,-0.0381691678999153,-3.84755347232178e-42,-0.0381691678999153
721.4,-2.6778807321825,-2.6778807321825,-0.0381156882474322,-3.7845836095798e-42,-0.0381156882474322
721.5,-4.21596659662733,-4.21596659662733,-0.038062283526455,-3.7226443247473e-42,-0.038062283526455
721.6,-2.14077138269382,-2.14077138269382,-0.0380089536319956,-3.66171875117103e-42,-0.0380089536319956
721.7,-1.53041984918396,-1.53041984918396,-0.0379556984592128,-3.60179029824121e-42,-0.0379556984592128
721.8,-3.16616195899038,-3.16616195899038,-0.0379025179034125,-3.54284264687333e-42,-0.0379025179034125
721.9,-4.3868650260101,-4.3868650260101,-0.0378494118600473,-3.4848597450645e-42,-0.0378494118600473
722,-3.28823226569235,-3.28823226569235,-0.0377963802247161,-3.42782580352211e-42,-0.0377963802247161
722.1,-3.48354475641551,-3.48354475641551,-0.0377434228931642,-3.3717252913645e-42,-0.0377434228931642
722.2,-3.70327130847906,-3.70327130847906,-0.0376905397612829,-3.31654293189159e-42,-0.0376905397612829
722.3,-2.92202134558644,-2.92202134558644,-0.0376377307251096,-3.26226369842505e-42,-0.0376377307251096
722.4,-2.26284168939579,-2.26284168939579,-0.037584995680827,-3.20887281021633e-42,-0.037584995680827
722.5,-2.09194326001303,-2.09194326001303,-0.0375323345247636,-3.15635572842157e-42,-0.0375323345247636
722.6,-1.01772456103568,-1.01772456103568,-0.0374797471533929,-3.10469815214272e-42,-0.0374797471533929
722.7,-2.6534666708421,-2.6534666708421,-0.0374272334633336,-3.05388601453316e-42,-0.0374272334633336
722.8,-2.58022448682092,-2.58022448682092,-0.0373747933513492,-3.00390547896733e-42,-0.0373747933513492
722.9,-1.43276360382239,-1.43276360382239,-0.0373224267143478,-2.95474293527273e-42,-0.0373224267143478
723,-0.602685518248975,-0.602685518248975,-0.0372701334493823,-2.90638499602373e-42,-0.0372701334493823
723.1,-0.846826131652918,-0.846826131652918,-0.0372179134536491,-2.85881849289612e-42,-0.0372179134536491
723.2,-2.70229479352289,-2.70229479352289,-0.0371657666244893,-2.81203047308121e-42,-0.0371657666244893
723.3,-2.67788073218249,-2.67788073218249,-0.0371136928593877,-2.76600819575874e-42,-0.0371136928593877
723.4,-2.55581042548052,-2.55581042548052,-0.0370616920559725,-2.72073912862735e-42,-0.0370616920559725
723.5,-2.38491199609776,-2.38491199609776,-0.0370097641120156,-2.67621094449201e-42,-0.0370097641120156
723.6,-3.5079588177559,-3.5079588177559,-0.036957908925432,-2.63241151790689e-42,-0.036957908925432
723.7,-2.97084946826723,-2.97084946826723,-0.0369061263942798,-2.58932892187403e-42,-0.0369061263942798
723.8,-3.04409165228841,-3.04409165228841,-0.0368544164167597,-2.54695142459499e-42,-0.0368544164167597
723.9,-3.80092755384063,-3.80092755384063,-0.0368027788912154,-2.50526748627653e-42,-0.0368027788912154
724,-4.09389628992536,-4.09389628992536,-0.036751213716133,-2.46426575598808e-42,-0.036751213716133
724.1,-2.16518544403422,-2.16518544403422,-0.0366997207901403,-2.42393506857057e-42,-0.0366997207901403
724.2,-1.06655268371647,-1.06655268371647,-0.0366483000120078,-2.3842644415965e-42,-0.0366483000120078
724.3,-2.04311513733224,-2.04311513733224,-0.0365969512806475,-2.3452430723789e-42,-0.0365969512806475
724.4,-4.21596659662734,-4.21596659662734,-0.0365456744951131,-2.30686033502992e-42,-0.0365456744951131
724.5,-2.6534666708421,-2.6534666708421,-0.0364944695545999,-2.26910577756724e-42,-0.0364944695545999
724.6,-0.602685518248975,-0.602685518248975,-0.0364433363584439,-2.23196911906766e-42,-0.0364433363584439
724.7,-0.309716782164238,-0.309716782164238,-0.0363922748061228,-2.19544024686797e-42,-0.0363922748061228
724.8,-1.55483391052435,-1.55483391052435,-0.0363412847972548,-2.15950921381072e-42,-0.0363412847972548
724.9,-1.09096674505686,-1.09096674505686,-0.0362903662315988,-2.12416623553584e-42,-0.0362903662315988
725,-2.11635732135343,-2.11635732135343,-0.0362395190090543,-2.08940168781614e-42,-0.0362395190090543
725.1,-1.87221670794948,-1.87221670794948,-0.0361887430296606,-2.05520610393638e-42,-0.0361887430296606
725.2,-2.58022448682092,-2.58022448682092,-0.0361380381935976,-2.02157017211571e-42,-0.0361380381935976
725.3,-2.55581042548052,-2.55581042548052,-0.0360874044011848,-1.98848473297184e-42,-0.0360874044011848
725.4,-3.09291977496919,-3.09291977496919,-0.0360368415528814,-1.95594077702671e-42,-0.0360368415528814
725.5,-2.62905260950171,-2.62905260950171,-0.035986349549286,-1.92392944225342e-42,-0.035986349549286
725.6,-2.01870107599185,-2.01870107599185,-0.0359359282911366,-1.89244201166266e-42,-0.0359359282911366
725.7,-2.48256824145934,-2.48256824145934,-0.0358855776793101,-1.86146991092934e-42,-0.0358855776793101
725.8,-1.57924797186475,-1.57924797186475,-0.0358352976148225,-1.83100470605755e-42,-0.0358352976148225
725.9,0.349462874026405,0.349462874026405,-0.0357850879988284,-1.80103810108382e-42,-0.0357850879988284
726,0.422705058047586,0.422705058047586,-0.035734948732621,-1.77156193581828e-42,-0.035734948732621
726.1,-0.797998008972126,-0.797998008972126,-0.0356848797176313,-1.74256818362227e-42,-0.0356848797176313
726.2,-2.75112291620368,-2.75112291620368,-0.0356348808554291,-1.7140489492229e-42,-0.0356348808554291
726.3,-3.99624004456379,-3.99624004456379,-0.0355849520477218,-1.68599646656295e-42,-0.0355849520477218
726.4,-2.94643540692683,-2.94643540692683,-0.0355350931963543,-1.65840309668605e-42,-0.0355350931963543
726.5,-1.55483391052435,-1.55483391052435,-0.0354853042033096,-1.63126132565665e-42,-0.0354853042033096
726.6,-2.04311513733224,-2.04311513733224,-0.0354355849707073,-1.6045637625138e-42,-0.0354355849707073
726.7,-2.55581042548052,-2.55581042548052,-0.0353859354008048,-1.57830313725852e-42,-0.0353859354008048
726.8,-2.43374011877855,-2.43374011877855,-0.0353363553959961,-1.55247229887424e-42,-0.0353363553959961
726.9,-1.16420892907805,-1.16420892907805,-0.0352868448588119,-1.52706421337939e-42,-0.0352868448588119
727,-0.505029272887399,-0.505029272887399,-0.0352374036919198,-1.50207196191197e-42,-0.0352374036919198
727.1,-3.48354475641551,-3.48354475641551,-0.0351880317981234,-1.47748873884554e-42,-0.0351880317981234
727.2,-4.11831035126576,-4.11831035126576,-0.0351387290803628,-1.45330784993595e-42,-0.0351387290803628
727.3,-3.04409165228841,-3.04409165228841,-0.0350894954417138,-1.42952271049847e-42,-0.0350894954417138
727.4,-1.92104483063027,-1.92104483063027,-0.0350403307853883,-1.40612684361472e-42,-0.0350403307853883
727.5,-3.19057602033077,-3.19057602033077,-0.0349912350147337,-1.38311387836885e-42,-0.0349912350147337
727.6,-4.11831035126576,-4.11831035126576,-0.0349422080332326,-1.36047754811278e-42,-0.0349422080332326
727.7,-3.41030257239432,-3.41030257239432,-0.0348932497445031,-1.33821168875969e-42,-0.0348932497445031
727.8,-0.45620115020661,-0.45620115020661,-0.0348443600522982,-1.31631023710551e-42,-0.0348443600522982
727.9,0.105322260622465,0.105322260622465,-0.0347955388605059,-1.29476722917783e-42,-0.0347955388605059
728,-2.31166981207658,-2.31166981207658,-0.0347467860731489,-1.27357679861188e-42,-0.0347467860731489
728.1,-3.31264632703275,-3.31264632703275,-0.034698101594384,-1.25273317505294e-42,-0.034698101594384
728.2,-2.28725575073619,-2.28725575073619,-0.0346494853285027,-1.23223068258524e-42,-0.0346494853285027
728.3,-2.40932605743816,-2.40932605743816,-0.0346009371799304,-1.21206373818614e-42,-0.0346009371799304
728.4,-2.36049793475737,-2.36049793475737,-0.0345524570532264,-1.19222685020598e-42,-0.0345524570532264
728.5,-2.28725575073618,-2.28725575073618,-0.034504044853084,-1.17271461687259e-42,-0.034504044853084
728.6,-1.48159172650317,-1.48159172650317,-0.0344557004843295,-1.15352172482022e-42,-0.0344557004843295
728.7,-2.06752919867264,-2.06752919867264,-0.0344074238519231,-1.1346429476429e-42,-0.0344074238519231
728.8,-2.45815418011894,-2.45815418011894,-0.0343592148609578,-1.11607314447104e-42,-0.0343592148609578
728.9,-3.4835447564155,-3.4835447564155,-0.0343110734166598,-1.09780725857162e-42,-0.0343110734166598
729,-3.75209943115984,-3.75209943115984,-0.034262999424388,-1.07984031597118e-42,-0.034262999424388
729.1,-2.04311513733224,-2.04311513733224,-0.0342149927896337,-1.06216742410129e-42,-0.0342149927896337
729.2,-2.45815418011895,-2.45815418011895,-0.034167053418021,-1.04478377046639e-42,-0.034167053418021
729.3,-3.23940414301156,-3.23940414301156,-0.034119181215306,-1.02768462133315e-42,-0.034119181215306
729.4,-3.5079588177559,-3.5079588177559,-0.034071376087377,-1.01086532044158e-42,-0.034071376087377
729.5,-3.31264632703275,-3.31264632703275,-0.0340236379402538,-9.94321287736995e-43,-0.0340236379402538
729.6,-2.23842762805539,-2.23842762805539,-0.0339759666800884,-9.78048018122771e-43,-0.0339759666800884
729.7,-1.89663076928988,-1.89663076928988,-0.0339283622131639,-9.62041080233718e-43,-0.0339283622131639
729.8,-2.99526352960762,-2.99526352960762,-0.0338808244458948,-9.46296115229278e-43,-0.0338808244458948
729.9,-2.33608387341697,-2.33608387341697,-0.0338333532848268,-9.30808835606545e-43,-0.0338333532848268
730,-2.18959950537461,-2.18959950537461,-0.0337859486366366,-9.15575024032848e-43,-0.0337859486366366
730.1,-2.87319322290565,-2.87319322290565,-0.0337386104081314,-9.0059053219717e-43,-0.0337386104081314
730.2,-2.89760728424604,-2.89760728424604,-0.0336913385062493,-8.85851279680696e-43,-0.0336913385062493
730.3,-2.09194326001304,-2.09194326001304,-0.0336441328380584,-8.71353252845581e-43,-0.0336441328380584
730.4,-2.79995103888447,-2.79995103888447,-0.0335969933107574,-8.57092503741979e-43,-0.0335969933107574
730.5,-2.6778807321825,-2.6778807321825,-0.0335499198316749,-8.43065149033077e-43,-0.0335499198316749
730.6,-3.04409165228841,-3.04409165228841,-0.0335029123082691,-8.29267368937475e-43,-0.0335029123082691
730.7,-3.5323728790963,-3.5323728790963,-0.0334559706481282,-8.15695406189186e-43,-0.0334559706481282
730.8,-1.16420892907804,-1.16420892907804,-0.0334090947589698,-8.02345565014408e-43,-0.0334090947589698
730.9,-1.48159172650317,-1.48159172650317,-0.0333622845486406,-7.89214210125112e-43,-0.0333622845486406
731,-2.50698230279974,-2.50698230279974,-0.0333155399251167,-7.76297765729195e-43,-0.0333155399251167
731.1,-2.48256824145934,-2.48256824145934,-0.0332688607965029,-7.6359271455668e-43,-0.0332688607965029
731.2,-2.09194326001303,-2.09194326001303,-0.0332222470710329,-7.51095596901964e-43,-0.0332222470710329
731.3,-2.53139636414013,-2.53139636414013,-0.0331756986570689,-7.3880300968173e-43,-0.0331756986570689
731.4,-4.02065410590418,-4.02065410590418,-0.0331292154631016,-7.26711605508233e-43,-0.0331292154631016
731.5,-2.60463854816131,-2.60463854816131,-0.0330827973977497,-7.1481809177775e-43,-0.0330827973977497
731.6,-0.0411621074199067,-0.0411621074199067,-0.0330364443697603,-7.03119229774012e-43,-0.0330364443697603
731.7,-0.651513640929763,-0.651513640929763,-0.0329901562880079,-6.91611833786243e-43,-0.0329901562880079
731.8,-3.16616195899038,-3.16616195899038,-0.032943933061495,-6.80292770241696e-43,-0.032943933061495
731.9,-3.80092755384063,-3.80092755384063,-0.0328977745993516,-6.69158956852327e-43,-0.0328977745993516
732,-2.11635732135343,-2.11635732135343,-0.0328516808108348,-6.58207361775443e-43,-0.0328516808108348
732.1,-2.53139636414013,-2.53139636414013,-0.0328056516053291,-6.47435002788131e-43,-0.0328056516053291
732.2,-4.16713847394654,-4.16713847394654,-0.0327596868923457,-6.3683894647515e-43,-0.0327596868923457
732.3,-4.94838843683916,-4.94838843683916,-0.0327137865815227,-6.26416307430164e-43,-0.0327137865815227
732.4,-4.94838843683917,-4.94838843683917,-0.0326679505826251,-6.16164247469998e-43,-0.0326679505826251
732.5,-3.45913069507511,-3.45913069507511,-0.0326221788055438,-6.06079974861758e-43,-0.0326221788055438
732.6,-1.26186517443962,-1.26186517443962,-0.0325764711602963,-5.96160743562633e-43,-0.0325764711602963
732.7,-1.84780264660909,-1.84780264660909,-0.0325308275570261,-5.86403852472146e-43,-0.0325308275570261
732.8,-2.75112291620368,-2.75112291620368,-0.0324852479060026,-5.76806644696561e-43,-0.0324852479060026
732.9,-1.50600578784357,-1.50600578784357,-0.0324397321176208,-5.67366506825445e-43,-0.0324397321176208
733,-1.18862299041844,-1.18862299041844,-0.0323942801024015,-5.58080868219992e-43,-0.0323942801024015
733.1,-2.09194326001303,-2.09194326001303,-0.0323488917709907,-5.48947200312958e-43,-0.0323488917709907
733.2,-1.70131827856672,-1.70131827856672,-0.0323035670341596,-5.39963015920215e-43,-0.0323035670341596
733.3,-3.65444318579827,-3.65444318579827,-0.0322583058028045,-5.31125868563371e-43,-0.0322583058028045
733.4,-3.33706038837314,-3.33706038837314,-0.0322131079879464,-5.2243335180363e-43,-0.0322131079879464
733.5,-3.01967759094801,-3.01967759094801,-0.0321679735007312,-5.13883098586486e-43,-0.0321679735007312
733.6,-3.77651349250024,-3.77651349250024,-0.032122902252429,-5.05472780597093e-43,-0.032122902252429
733.7,-1.55483391052435,-1.55483391052435,-0.0320778941544345,-4.97200107626345e-43,-0.0320778941544345
733.8,-1.11538080639726,-1.11538080639726,-0.0320329491182664,-4.8906282694714e-43,-0.0320329491182664
733.9,-2.87319322290565,-2.87319322290565,-0.0319880670555674,-4.81058722700998e-43,-0.0319880670555674
734,-2.97084946826723,-2.97084946826723,-0.031943247878104,-4.73185615294648e-43,-0.031943247878104
734.1,-3.58120100177709,-3.58120100177709,-0.0318984914977663,-4.65441360806455e-43,-0.0318984914977663
734.2,-5.26577123426429,-5.26577123426429,-0.0318537978265679,-4.57823850402697e-43,-0.0318537978265679
734.3,-3.43471663373472,-3.43471663373472,-0.0318091667766456,-4.50331009763255e-43,-0.0318091667766456
734.4,-3.04409165228841,-3.04409165228841,-0.0317645982602595,-4.42960798516745e-43,-0.0317645982602595
734.5,-2.45815418011895,-2.45815418011895,-0.0317200921897925,-4.35711209684962e-43,-0.0317200921897925
734.6,-2.6778807321825,-2.6778807321825,-0.03167564847775,-4.28580269136278e-43,-0.03167564847775
734.7,-2.94643540692683,-2.94643540692683,-0.0316312670367606,-4.21566035048155e-43,-0.0316312670367606
734.8,-3.36147444971353,-3.36147444971353,-0.0315869477795748,-4.1466659737832e-43,-0.0315869477795748
734.9,-2.84877916156526,-2.84877916156526,-0.0315426906190654,-4.07880077344631e-43,-0.0315426906190654
735,-2.14077138269382,-2.14077138269382,-0.0314984954682277,-4.01204626913518e-43,-0.0314984954682277
735.1,-2.04311513733224,-2.04311513733224,-0.0314543622401784,-3.94638428296674e-43,-0.0314543622401784
735.2,-2.70229479352289,-2.70229479352289,-0.031410290848156,-3.88179693456126e-43,-0.031410290848156
735.3,-3.84975567652142,-3.84975567652142,-0.031366281205521,-3.818266636173e-43,-0.031366281205521
735.4,-3.80092755384063,-3.80092755384063,-0.0313223332257548,-3.75577608790077e-43,-0.0313223332257548
735.5,-3.38588851105393,-3.38588851105393,-0.0312784468224603,-3.69430827297737e-43,-0.0312784468224603
735.6,-3.04409165228841,-3.04409165228841,-0.0312346219093613,-3.63384645313542e-43,-0.0312346219093613
735.7,-1.84780264660908,-1.84780264660908,-0.0311908584003025,-3.57437416404952e-43,-0.0311908584003025
735.8,-1.7989745239283,-1.7989745239283,-0.0311471562092495,-3.51587521085294e-43,-0.0311471562092495
735.9,-1.84780264660909,-1.84780264660909,-0.0311035152502882,-3.45833366372752e-43,-0.0311035152502882
736,-2.58022448682091,-2.58022448682091,-0.031059935437625,-3.40173385356573e-43,-0.031059935437625
736.1,-3.38588851105393,-3.38588851105393,-0.0310164166855865,-3.34606036770398e-43,-0.0310164166855865
736.2,-2.60463854816131,-2.60463854816131,-0.0309729589086194,-3.2912980457255e-43,-0.0309729589086194
736.3,-3.01967759094801,-3.01967759094801,-0.0309295620212901,-3.23743197533214e-43,-0.0309295620212901
736.4,-2.87319322290565,-2.87319322290565,-0.0308862259382848,-3.18444748828354e-43,-0.0308862259382848
736.5,-2.04311513733225,-2.04311513733225,-0.0308429505744094,-3.13233015640274e-43,-0.0308429505744094
736.6,-2.87319322290565,-2.87319322290565,-0.0307997358445887,-3.08106578764737e-43,-0.0307997358445887
736.7,-2.23842762805539,-2.23842762805539,-0.0307565816638673,-3.03064042224495e-43,-0.0307565816638673
736.8,-2.28725575073619,-2.28725575073619,-0.0307134879474084,-2.98104032889162e-43,-0.0307134879474084
736.9,-3.23940414301156,-3.23940414301156,-0.0306704546104942,-2.93225200101292e-43,-0.0306704546104942
737,-4.09389628992537,-4.09389628992537,-0.0306274815685257,-2.8842621530857e-43,-0.0306274815685257
737.1,-2.09194326001303,-2.09194326001303,-0.0305845687370222,-2.83705771702049e-43,-0.0305845687370222
737.2,-1.75014640124751,-1.75014640124751,-0.0305417160316216,-2.79062583860297e-43,-0.0305417160316216
737.3,-2.01870107599185,-2.01870107599185,-0.0304989233680799,-2.74495387399347e-43,-0.0304989233680799
737.4,-1.3595214198012,-1.3595214198012,-0.0304561906622711,-2.7000293862841e-43,-0.0304561906622711
737.5,-3.45913069507511,-3.45913069507511,-0.0304135178301872,-2.65584014211207e-43,-0.0304135178301872
737.6,-3.65444318579826,-3.65444318579826,-0.0303709047879377,-2.61237410832813e-43,-0.0303709047879377
737.7,-2.31166981207658,-2.31166981207658,-0.0303283514517498,-2.56961944872031e-43,-0.0303283514517498
737.8,-1.89663076928988,-1.89663076928988,-0.0302858577379681,-2.52756452079038e-43,-0.0302858577379681
737.9,-1.82338858526869,-1.82338858526869,-0.0302434235630544,-2.48619787258376e-43,-0.0302434235630544
738,-2.28725575073618,-2.28725575073618,-0.0302010488435873,-2.44550823957099e-43,-0.0302010488435873
738.1,-2.84877916156526,-2.84877916156526,-0.0301587334962626,-2.40548454158006e-43,-0.0301587334962626
738.2,-3.82534161518103,-3.82534161518103,-0.0301164774378927,-2.36611587977957e-43,-0.0301164774378927
738.3,-2.79995103888446,-2.79995103888446,-0.0300742805854064,-2.32739153371052e-43,-0.0300742805854064
738.4,-2.06752919867264,-2.06752919867264,-0.0300321428558494,-2.28930095836728e-43,-0.0300321428558494
738.5,-2.72670885486328,-2.72670885486328,-0.029990064166383,-2.25183378132601e-43,-0.029990064166383
738.6,-4.14272441260615,-4.14272441260615,-0.0299480444342848,-2.21497979991992e-43,-0.0299480444342848
738.7,-4.11831035126576,-4.11831035126576,-0.0299060835769485,-2.1787289784614e-43,-0.0299060835769485
738.8,-2.94643540692683,-2.94643540692683,-0.0298641815118833,-2.14307144550896e-43,-0.0298641815118833
738.9,-1.92104483063027,-1.92104483063027,-0.0298223381567141,-2.10799749117909e-43,-0.0298223381567141
739,-1.72573233990712,-1.72573233990712,-0.0297805534291813,-2.07349756450239e-43,-0.0297805534291813
739.1,-2.01870107599185,-2.01870107599185,-0.0297388272471403,-2.03956227082244e-43,-0.0297388272471403
739.2,-2.33608387341697,-2.33608387341697,-0.0296971595285617,-2.00618236923788e-43,-0.0296971595285617
739.3,-4.06948222858497,-4.06948222858497,-0.0296555501915312,-1.97334877008585e-43,-0.0296555501915312
739.4,-4.99721655951996,-4.99721655951996,-0.029613999154249,-1.94105253246673e-43,-0.029613999154249
739.5,-4.28920878064852,-4.28920878064852,-0.0295725063350302,-1.90928486180966e-43,-0.0295725063350302
739.6,-2.45815418011894,-2.45815418011894,-0.0295310716523042,-1.87803710747735e-43,-0.0295310716523042
739.7,-2.31166981207658,-2.31166981207658,-0.0294896950246145,-1.84730076041085e-43,-0.0294896950246145
739.8,-1.33510735846081,-1.33510735846081,-0.0294483763706191,-1.81706745081218e-43,-0.0294483763706191
739.9,-0.578271456908582,-0.578271456908582,-0.0294071156090898,-1.78732894586516e-43,-0.0294071156090898
740,-1.65249015588594,-1.65249015588594,-0.0293659126589121,-1.75807714749371e-43,-0.0293659126589121
740.1,-1.50600578784357,-1.50600578784357,-0.0293247674390853,-1.72930409015639e-43,-0.0293247674390853
740.2,-0.382958966185425,-0.382958966185425,-0.0292836798687222,-1.70100193867763e-43,-0.0292836798687222
740.3,-0.944482377014493,-0.944482377014493,-0.0292426498670488,-1.6731629861139e-43,-0.0292426498670488
740.4,-1.89663076928987,-1.89663076928987,-0.0292016773534044,-1.64577965165516e-43,-0.0292016773534044
740.5,-2.31166981207658,-2.31166981207658,-0.0291607622472413,-1.61884447856043e-43,-0.0291607622472413
740.6,-3.72768536981945,-3.72768536981945,-0.0291199044681246,-1.59235013212735e-43,-0.0291199044681246
740.7,-3.38588851105393,-3.38588851105393,-0.029079103935732,-1.56628939769479e-43,-0.029079103935732
740.8,-2.99526352960762,-2.99526352960762,-0.0290383605698541,-1.54065517867833e-43,-0.0290383605698541
740.9,-2.77553697754407,-2.77553697754407,-0.0289976742903935,-1.5154404946377e-43,-0.0289976742903935
741,-2.92202134558644,-2.92202134558644,-0.0289570450173653,-1.49063847937595e-43,-0.0289570450173653
741.1,-1.55483391052436,-1.55483391052436,-0.0289164726708964,-1.46624237906977e-43,-0.0289164726708964
741.2,-2.11635732135343,-2.11635732135343,-0.0288759571712257,-1.4422455504303e-43,-0.0288759571712257
741.3,-2.60463854816131,-2.60463854816131,-0.0288354984387041,-1.41864145889417e-43,-0.0288354984387041
741.4,-2.84877916156525,-2.84877916156525,-0.0287950963937939,-1.39542367684404e-43,-0.0287950963937939
741.5,-2.01870107599185,-2.01870107599185,-0.0287547509570688,-1.37258588185826e-43,-0.0287547509570688
741.6,-2.79995103888447,-2.79995103888447,-0.0287144620492138,-1.35012185498927e-43,-0.0287144620492138
741.7,-2.28725575073618,-2.28725575073618,-0.0286742295910251,-1.32802547907007e-43,-0.0286742295910251
741.8,-2.79995103888446,-2.79995103888446,-0.0286340535034098,-1.30629073704855e-43,-0.0286340535034098
741.9,-2.28725575073618,-2.28725575073618,-0.028593933707386,-1.28491171034891e-43,-0.028593933707386
742,-1.7989745239283,-1.7989745239283,-0.0285538701240822,-1.26388257726001e-43,-0.0285538701240822
742.1,-2.18959950537461,-2.18959950537461,-0.0285138626747376,-1.24319761134996e-43,-0.0285138626747376
742.2,-1.87221670794948,-1.87221670794948,-0.0284739112807016,-1.22285117990698e-43,-0.0284739112807016
742.3,-3.21499008167117,-3.21499008167117,-0.0284340158634339,-1.20283774240532e-43,-0.0284340158634339
742.4,-2.14077138269382,-2.14077138269382,-0.0283941763445043,-1.18315184899668e-43,-0.0283941763445043
742.5,-3.33706038837314,-3.33706038837314,-0.0283543926455925,-1.16378813902616e-43,-0.0283543926455925
742.6,-2.16518544403421,-2.16518544403421,-0.0283146646884876,-1.14474133957232e-43,-0.0283146646884876
742.7,-2.16518544403421,-2.16518544403421,-0.0282749923950888,-1.12600626401159e-43,-0.0282749923950888
742.8,-3.87416973786181,-3.87416973786181,-0.0282353756874043,-1.10757781060568e-43,-0.0282353756874043
742.9,-1.87221670794948,-1.87221670794948,-0.0281958144875517,-1.08945096111246e-43,-0.0281958144875517
743,-2.06752919867264,-2.06752919867264,-0.0281563087177581,-1.0716207794194e-43,-0.0281563087177581
743.1,-2.55581042548052,-2.55581042548052,-0.0281168583003589,-1.05408241019934e-43,-0.0281168583003589
743.2,-3.75209943115985,-3.75209943115985,-0.0280774631577987,-1.03683107758851e-43,-0.0280774631577987
743.3,-1.55483391052436,-1.55483391052436,-0.0280381232126308,-1.01986208388589e-43,-0.0280381232126308
743.4,-0.18764647546227,-0.18764647546227,-0.027998838387517,-1.00317080827398e-43,-0.027998838387517
743.5,-1.43276360382238,-1.43276360382238,-0.0279596086052273,-9.86752705560637e-44,-0.0279596086052273
743.6,-0.993310499695283,-0.993310499695283,-0.0279204337886399,-9.70603304941146e-44,-0.0279204337886399
743.7,-1.67690421722633,-1.67690421722633,-0.0278813138607413,-9.54718208781019e-44,-0.0278813138607413
743.8,-1.04213862237607,-1.04213862237607,-0.0278422487446258,-9.39093091418351e-44,-0.0278422487446258
743.9,-1.43276360382239,-1.43276360382239,-0.0278032383634953,-9.23723697985885e-44,-0.0278032383634953
744,-0.529443334227788,-0.529443334227788,-0.0277642826406594,-9.08605843252474e-44,-0.0277642826406594
744.1,-0.822412070312524,-0.822412070312524,-0.0277253814995353,-8.93735410483245e-44,-0.0277253814995353
744.2,-1.84780264660909,-1.84780264660909,-0.0276865348636473,-8.79108350318744e-44,-0.0276865348636473
744.3,-0.993310499695282,-0.993310499695282,-0.0276477426566269,-8.64720679672167e-44,-0.0276477426566269
744.4,-1.23745111309923,-1.23745111309923,-0.0276090048022127,-8.50568480644701e-44,-0.0276090048022127
744.5,-1.3595214198012,-1.3595214198012,-0.0275703212242501,-8.36647899458744e-44,-0.0275703212242501
744.6,-2.214013566715,-2.214013566715,-0.027531691846691,-8.22955145408338e-44,-0.027531691846691
744.7,-2.28725575073618,-2.28725575073618,-0.0274931165935943,-8.0948648982708e-44,-0.0274931165935943
744.8,-2.82436510022486,-2.82436510022486,-0.0274545953891248,-7.96238265072676e-44,-0.0274545953891248
744.9,-3.99624004456379,-3.99624004456379,-0.0274161281575539,-7.83206863528243e-44,-0.0274161281575539
745,-3.70327130847905,-3.70327130847905,-0.027377714823259,-7.70388736619885e-44,-0.027377714823259
745.1,-2.33608387341697,-2.33608387341697,-0.0273393553107235,-7.57780393850418e-44,-0.0273393553107235
745.2,-2.06752919867263,-2.06752919867263,-0.0273010495445364,-7.45378401848853e-44,-0.0273010495445364
745.3,-2.2384276280554,-2.2384276280554,-0.0272627974493926,-7.33179383435486e-44,-0.0272627974493926
745.4,-1.16420892907805,-1.16420892907805,-0.0272245989500925,-7.21180016702244e-44,-0.0272245989500925
745.5,-2.31166981207658,-2.31166981207658,-0.0271864539715418,-7.09377034108071e-44,-0.0271864539715418
745.6,-2.16518544403422,-2.16518544403422,-0.0271483624387513,-6.97767221589179e-44,-0.0271483624387513
745.7,-2.6290526095017,-2.6290526095017,-0.027110324276837,-6.86347417683812e-44,-0.027110324276837
745.8,-1.48159172650317,-1.48159172650317,-0.0270723394110199,-6.75114512671374e-44,-0.0270723394110199
745.9,-2.04311513733224,-2.04311513733224,-0.0270344077666256,-6.64065447725604e-44,-0.0270344077666256
746,-2.38491199609776,-2.38491199609776,-0.0269965292690845,-6.53197214081613e-44,-0.0269965292690845
746.1,-0.846826131652917,-0.846826131652917,-0.0269587038439312,-6.42506852216594e-44,-0.0269587038439312
746.2,-0.74916988629134,-0.74916988629134,-0.026920931416805,-6.31991451043897e-44,-0.026920931416805
746.3,0.422705058047587,0.422705058047587,-0.0268832119134491,-6.21648147120344e-44,-0.0268832119134491
746.4,-0.993310499695284,-0.993310499695284,-0.0268455452597109,-6.11474123866457e-44,-0.0268455452597109
746.5,-0.822412070312524,-0.822412070312524,-0.0268079313815418,-6.01466610799498e-44,-0.0268079313815418
746.6,-1.01772456103568,-1.01772456103568,-0.0267703702049964,-5.9162288277898e-44,-0.0267703702049964
746.7,-1.48159172650317,-1.48159172650317,-0.0267328616562337,-5.81940259264693e-44,-0.0267328616562337
746.8,-2.40932605743816,-2.40932605743816,-0.0266954056615156,-5.72416103586664e-44,-0.0266954056615156
746.9,-1.8233885852687,-1.8233885852687,-0.0266580021472075,-5.63047822227236e-44,-0.0266580021472075
747,-2.11635732135343,-2.11635732135343,-0.026620651039778,-5.5383286411481e-44,-0.026620651039778
747.1,-1.13979486773765,-1.13979486773765,-0.0265833522657986,-5.44768719929111e-44,-0.0265833522657986
747.2,-1.26186517443962,-1.26186517443962,-0.0265461057519438,-5.35852921417977e-44,-0.0265461057519438
747.3,-3.82534161518103,-3.82534161518103,-0.0265089114249908,-5.27083040725137e-44,-0.0265089114249908
747.4,-4.06948222858497,-4.06948222858497,-0.0264717692118193,-5.18456689729146e-44,-0.0264717692118193
747.5,-3.5079588177559,-3.5079588177559,-0.0264346790394119,-5.09971519393059e-44,-0.0264346790394119
747.6,-2.77553697754407,-2.77553697754407,-0.0263976408348527,-5.01625219124716e-44,-0.0263976408348527
747.7,-2.04311513733224,-2.04311513733224,-0.0263606545253286,-4.93415516147641e-44,-0.0263606545253286
747.8,-2.09194326001303,-2.09194326001303,-0.0263237200381285,-4.85340174882056e-44,-0.0263237200381285
747.9,-0.675927702270159,-0.675927702270159,-0.0262868373006427,-4.7739699633617e-44,-0.0262868373006427
748,-0.285302720823847,-0.285302720823847,-0.0262500062403638,-4.69583817507356e-44,-0.0262500062403638
748.1,-1.26186517443962,-1.26186517443962,-0.0262132267848857,-4.61898510793099e-44,-0.0262132267848857
748.2,-2.70229479352289,-2.70229479352289,-0.0261764988619037,-4.54338983411711e-44,-0.0261764988619037
748.3,-2.6534666708421,-2.6534666708421,-0.0261398223992144,-4.46903176832399e-44,-0.0261398223992144
748.4,-1.09096674505686,-1.09096674505686,-0.026103197324716,-4.39589066214695e-44,-0.026103197324716
748.5,-0.871240192993312,-0.871240192993312,-0.0260666235664071,-4.32394659857123e-44,-0.0260666235664071
748.6,-1.48159172650317,-1.48159172650317,-0.0260301010523875,-4.25317998654766e-44,-0.0260301010523875
748.7,-2.26284168939579,-2.26284168939579,-0.0259936297108579,-4.18357155565865e-44,-0.0259936297108579
748.8,-2.43374011877855,-2.43374011877855,-0.0259572094701192,-4.11510235087021e-44,-0.0259572094701192
748.9,-1.96987295331105,-1.96987295331105,-0.025920840258573,-4.04775372737021e-44,-0.025920840258573
749,-2.2384276280554,-2.2384276280554,-0.0258845220047213,-3.98150734549169e-44,-0.0258845220047213
749.1,-1.62807609454554,-1.62807609454554,-0.0258482546371661,-3.91634516571813e-44,-0.0258482546371661
749.2,-1.65249015588593,-1.65249015588593,-0.0258120380846094,-3.85224944377181e-44,-0.0258120380846094
749.3,-2.75112291620368,-2.75112291620368,-0.0257758722758534,-3.78920272578153e-44,-0.0257758722758534
749.4,-1.87221670794948,-1.87221670794948,-0.0257397571397997,-3.7271878435296e-44,-0.0257397571397997
749.5,-1.70131827856672,-1.70131827856672,-0.0257036926054498,-3.6661879097772e-44,-0.0257036926054498
749.6,-2.28725575073618,-2.28725575073618,-0.0256676786019044,-3.6061863136654e-44,-0.0256676786019044
749.7,-2.09194326001303,-2.09194326001303,-0.0256317150583638,-3.54716671619207e-44,-0.0256317150583638
749.8,-2.55581042548052,-2.55581042548052,-0.0255958019041274,-3.48911304576269e-44,-0.0255958019041274
749.9,-2.58022448682092,-2.58022448682092,-0.0255599390685935,-3.43200949381383e-44,-0.0255599390685935
750,-0.382958966185428,-0.382958966185428,-0.0255241264812596,-3.37584051050817e-44,-0.0255241264812596
750.1,0.00766601526088379,0.00766601526088379,-0.0254883640717219,-3.32059080050035e-44,-0.0254883640717219
750.2,-1.21303705175884,-1.21303705175884,-0.0254526517696751,-3.26624531877176e-44,-0.0254526517696751
750.3,-1.92104483063027,-1.92104483063027,-0.0254169895049124,-3.21278926653382e-44,-0.0254169895049124
750.4,-1.99428701465145,-1.99428701465145,-0.0253813772073257,-3.16020808719798e-44,-0.0253813772073257
750.5,-0.529443334227793,-0.529443334227793,-0.0253458148069048,-3.10848746241177e-44,-0.0253458148069048
750.6,-0.358544904845034,-0.358544904845034,-0.0253103022337377,-3.05761330815994e-44,-0.0253103022337377
750.7,-1.70131827856672,-1.70131827856672,-0.0252748394180103,-3.00757177092908e-44,-0.0252748394180103
750.8,-1.55483391052436,-1.55483391052436,-0.0252394262900065,-2.95834922393539e-44,-0.0252394262900065
750.9,-1.7745604625879,-1.7745604625879,-0.0252040627801075,-2.90993226341381e-44,-0.0252040627801075
751,-2.48256824145934,-2.48256824145934,-0.0251687488187926,-2.86230770496816e-44,-0.0251687488187926
751.1,-1.06655268371647,-1.06655268371647,-0.0251334843366379,-2.81546257998062e-44,-0.0251334843366379
751.2,-0.651513640929763,-0.651513640929763,-0.0250982692643173,-2.76938413208073e-44,-0.0250982692643173
751.3,-1.67690421722633,-1.67690421722633,-0.0250631035326016,-2.72405981367126e-44,-0.0250631035326016
751.4,-2.6778807321825,-2.6778807321825,-0.0250279870723584,-2.6794772825117e-44,-0.0250279870723584
751.5,-1.40834954248199,-1.40834954248199,-0.0249929198145526,-2.63562439835726e-44,-0.0249929198145526
751.6,-0.407373027525817,-0.407373027525817,-0.0249579016902455,-2.59248921965269e-44,-0.0249579016902455
751.7,-0.651513640929762,-0.651513640929762,-0.024922932630595,-2.55006000028099e-44,-0.024922932630595
751.8,-0.285302720823847,-0.285302720823847,-0.0248880125668556,-2.50832518636439e-44,-0.0248880125668556
751.9,-2.48256824145934,-2.48256824145934,-0.0248531414303781,-2.46727341311838e-44,-0.0248531414303781
752,-1.60366203320515,-1.60366203320515,-0.0248183191526095,-2.42689350175694e-44,-0.0248183191526095
752.1,-2.01870107599185,-2.01870107599185,-0.0247835456650926,-2.38717445644818e-44,-0.0247835456650926
752.2,-2.28725575073619,-2.28725575073619,-0.0247488208994665,-2.3481054613205e-44,-0.0247488208994665
752.3,-0.846826131652916,-0.846826131652916,-0.0247141447874658,-2.309675877517e-44,-0.0247141447874658
752.4,-0.553857395568184,-0.553857395568184,-0.024679517260921,-2.27187524029857e-44,-0.024679517260921
752.5,-0.114404291441089,-0.114404291441089,-0.0246449382517578,-2.23469325619428e-44,-0.0246449382517578
752.6,-2.28725575073618,-2.28725575073618,-0.0246104076919974,-2.19811980019808e-44,-0.0246104076919974
752.7,-1.43276360382238,-1.43276360382238,-0.0245759255137564,-2.16214491301207e-44,-0.0245759255137564
752.8,-1.40834954248199,-1.40834954248199,-0.0245414916492464,-2.12675879833427e-44,-0.0245414916492464
752.9,-1.89663076928988,-1.89663076928988,-0.0245071060307739,-2.09195182019093e-44,-0.0245071060307739
753,-1.94545889197067,-1.94545889197067,-0.0244727685907404,-2.05771450031281e-44,-0.0244727685907404
753.1,-1.7989745239283,-1.7989745239283,-0.024438479261642,-2.02403751555379e-44,-0.024438479261642
753.2,-1.84780264660909,-1.84780264660909,-0.0244042379760695,-1.99091169535248e-44,-0.0244042379760695
753.3,-1.45717766516278,-1.45717766516278,-0.0243700446667079,-1.95832801923479e-44,-0.0243700446667079
753.4,-1.18862299041844,-1.18862299041844,-0.0243358992663368,-1.92627761435748e-44,-0.0243358992663368
753.5,-1.3839354811416,-1.3839354811416,-0.02430180170783,-1.89475175309228e-44,-0.02430180170783
753.6,-0.944482377014493,-0.944482377014493,-0.024267751924155,-1.86374185064891e-44,-0.024267751924155
753.7,-1.99428701465145,-1.99428701465145,-0.0242337498483734,-1.8332394627377e-44,-0.0242337498483734
753.8,-1.45717766516278,-1.45717766516278,-0.0241997954136409,-1.80323628326999e-44,-0.0241997954136409
753.9,-0.529443334227791,-0.529443334227791,-0.0241658885532064,-1.7737241420962e-44,-0.0241658885532064
754,-1.62807609454554,-1.62807609454554,-0.0241320292004126,-1.74469500278122e-44,-0.0241320292004126
754.1,-0.431787088866213,-0.431787088866213,-0.0240982172886954,-1.71614096041586e-44,-0.0240982172886954
754.2,-0.138818352781481,-0.138818352781481,-0.0240644527515842,-1.6880542394643e-44,-0.0240644527515842
754.3,-0.675927702270157,-0.675927702270157,-0.0240307355227013,-1.66042719164683e-44,-0.0240307355227013
754.4,-0.773583947631733,-0.773583947631733,-0.0239970655357622,-1.63325229385707e-44,-0.0239970655357622
754.5,-0.480615211547002,-0.480615211547002,-0.0239634427245752,-1.60652214611333e-44,-0.0239634427245752
754.6,0.520361303409167,0.520361303409167,-0.0239298670230411,-1.58022946954356e-44,-0.0239298670230411
754.7,1.2283690822806,1.2283690822806,-0.0238963383651538,-1.55436710440327e-44,-0.0238963383651538
754.8,-1.21303705175883,-1.21303705175883,-0.0238628566849994,-1.52892800812584e-44,-0.0238628566849994
754.9,-1.48159172650317,-1.48159172650317,-0.0238294219167562,-1.5039052534048e-44,-0.0238294219167562
755,-1.43276360382238,-1.43276360382238,-0.0237960339946951,-1.47929202630737e-44,-0.0237960339946951
755.1,-0.797998008972128,-0.797998008972128,-0.0237626928531788,-1.45508162441902e-44,-0.0237626928531788
755.2,-0.553857395568183,-0.553857395568183,-0.023729398426662,-1.43126745501834e-44,-0.023729398426662
755.3,-1.53041984918396,-1.53041984918396,-0.0236961506496914,-1.40784303328179e-44,-0.0236961506496914
755.4,-1.21303705175884,-1.21303705175884,-0.0236629494569052,-1.38480198051783e-44,-0.0236629494569052
755.5,-0.212060536802667,-0.212060536802667,-0.0236297947830334,-1.36213802242985e-44,-0.0236297947830334
755.6,-0.822412070312523,-0.822412070312523,-0.0235966865628973,-1.3398449874077e-44,-0.0235966865628973
755.7,-0.602685518248976,-0.602685518248976,-0.0235636247314095,-1.31791680484716e-44,-0.0235636247314095
755.8,-0.40737302752582,-0.40737302752582,-0.0235306092235739,-1.29634750349668e-44,-0.0235306092235739
755.9,-2.26284168939579,-2.26284168939579,-0.0234976399744854,-1.27513120983154e-44,-0.0234976399744854
756,-1.18862299041844,-1.18862299041844,-0.0234647169193299,-1.25426214645436e-44,-0.0234647169193299
756.1,-0.602685518248973,-0.602685518248973,-0.0234318399933841,-1.23373463052174e-44,-0.0234318399933841
756.2,0.56918942608995,0.56918942608995,-0.0233990091320153,-1.213543072197e-44,-0.0233990091320153
756.3,3.18149398951214,3.18149398951214,-0.0233662242706814,-1.19368197312782e-44,-0.0233662242706814
756.4,4.79282203797816,4.79282203797816,-0.0233334853449308,-1.17414592494911e-44,-0.0233334853449308
756.5,5.28110326478605,5.28110326478605,-0.0233007922904021,-1.15492960781022e-44,-0.0233007922904021
756.6,5.69614230757275,5.69614230757275,-0.0232681450428242,-1.13602778892619e-44,-0.0232681450428242
756.7,4.98813452870132,4.98813452870132,-0.0232355435380159,-1.11743532115301e-44,-0.0232355435380159
756.8,4.42661111787225,4.42661111787225,-0.0232029877118861,-1.09914714158586e-44,-0.0232029877118861
756.9,5.57407200087078,5.57407200087078,-0.0231704775004334,-1.08115827018048e-44,-0.0231704775004334
757,5.84262667561512,5.84262667561512,-0.0231380128397461,-1.0634638083971e-44,-0.0231380128397461
757.1,4.6463376699358,4.6463376699358,-0.0231055936660018,-1.04605893786636e-44,-0.0231055936660018
757.2,3.30356429621411,3.30356429621411,-0.0230732199154681,-1.02893891907746e-44,-0.0230732199154681
757.3,2.74204088538504,2.74204088538504,-0.0230408915245013,-1.01209909008736e-44,-0.0230408915245013
757.4,3.69418927766042,3.69418927766042,-0.0230086084295472,-9.95534865251357e-45,-0.0230086084295472
757.5,4.54868142457422,4.54868142457422,-0.0229763705671406,-9.79241733974404e-45,-0.0229763705671406
757.6,4.59750954725501,4.59750954725501,-0.0229441778739052,-9.6321525948271e-45,-0.0229441778739052
757.7,4.37778299519146,4.37778299519146,-0.0229120302865534,-9.47451077615729e-45,-0.0229120302865534
757.8,4.81723609931856,4.81723609931856,-0.0228799277418865,-9.31944895637663e-45,-0.0228799277418865
757.9,4.67075173127619,4.67075173127619,-0.0228478701767941,-9.16692491068484e-45,-0.0228478701767941
758,5.01254859004171,5.01254859004171,-0.0228158575282544,-9.01689710534219e-45,-0.0228158575282544
758.1,5.25668920344566,5.25668920344566,-0.0227838897333338,-8.86932468635788e-45,-0.0227838897333338
758.2,4.98813452870132,4.98813452870132,-0.0227519667291869,-8.72416746836681e-45,-0.0227519667291869
758.3,4.08481425910673,4.08481425910673,-0.0227200884530564,-8.58138592368585e-45,-0.0227200884530564
758.4,3.7430174003412,3.7430174003412,-0.022688254842273,-8.44094117154978e-45,-0.022688254842273
758.5,3.10825180549096,3.10825180549096,-0.022656465834255,-8.30279496752458e-45,-0.022656465834255
758.6,3.45004866425647,3.45004866425647,-0.0226247213665084,-8.16690969309226e-45,-0.0226247213665084
758.7,2.86411119208701,2.86411119208701,-0.0225930213766271,-8.03324834540737e-45,-0.0225930213766271
758.8,2.4734862106407,2.4734862106407,-0.0225613658022919,-7.90177452722094e-45,-0.0225613658022919
758.9,2.03403310651361,2.03403310651361,-0.0225297545812715,-7.77245243696898e-45,-0.0225297545812715
759,3.03500962146978,3.03500962146978,-0.0224981876514214,-7.64524685902316e-45,-0.0224981876514214
759.1,2.98618149878898,2.98618149878898,-0.0224666649506841,-7.52012315410156e-45,-0.0224666649506841
759.2,3.3768064802353,3.3768064802353,-0.0224351864170895,-7.39704724983586e-45,-0.0224351864170895
759.3,2.27817371991755,2.27817371991755,-0.0224037519887539,-7.27598563149347e-45,-0.0224037519887539
759.4,1.252783143621,1.252783143621,-0.0223723616038805,-7.15690533285087e-45,-0.0223723616038805
759.5,1.10629877557863,1.10629877557863,-0.0223410152007591,-7.03977392721646e-45,-0.0223410152007591
759.6,0.276220690005223,0.276220690005223,-0.0223097127177658,-6.9245595186007e-45,-0.0223097127177658
759.7,0.422705058047586,0.422705058047586,-0.0222784540933631,-6.8112307330304e-45,-0.0222784540933631
759.8,0.0320800766012818,0.0320800766012818,-0.0222472392661,-6.69975671000555e-45,-0.0222472392661
759.9,1.39926751166336,1.39926751166336,-0.0222160681746112,-6.59010709409552e-45,-0.0222160681746112
760,0.764501916813105,0.764501916813105,-0.0221849407576177,-6.48225202667278e-45,-0.0221849407576177
760.1,0.618017548770742,0.618017548770742,-0.022153856953926,-6.37616213778236e-45,-0.022153856953926
760.2,0.593603487430352,0.593603487430352,-0.0221228167024287,-6.27180853814436e-45,-0.0221228167024287
760.3,0.276220690005224,0.276220690005224,-0.0220918199421038,-6.1691628112865e-45,-0.0220918199421038
760.4,1.27719720496139,1.27719720496139,-0.022060866612015,-6.06819700580667e-45,-0.022060866612015
760.5,1.15512689825941,1.15512689825941,-0.0220299566513111,-5.96888362776133e-45,-0.0220299566513111
760.6,0.959814407536264,0.959814407536264,-0.0219990899992264,-5.87119563317806e-45,-0.0219990899992264
760.7,1.00864253021705,1.00864253021705,-0.0219682665950802,-5.77510642069229e-45,-0.0219682665950802
760.8,1.74106437042888,1.74106437042888,-0.0219374863782769,-5.68058982430256e-45,-0.0219374863782769
760.9,0.276220690005224,0.276220690005224,-0.0219067492883058,-5.58762010624585e-45,-0.0219067492883058
761,-0.285302720823847,-0.285302720823847,-0.0218760552647409,-5.49617194998884e-45,-0.0218760552647409
761.1,-0.260888659483457,-0.260888659483457,-0.0218454042472409,-5.4062204533334e-45,-0.0218454042472409
761.2,0.764501916813106,0.764501916813106,-0.0218147961755492,-5.31774112163653e-45,-0.0218147961755492
761.3,2.61997057868308,2.61997057868308,-0.0217842309894934,-5.23070986113924e-45,-0.0217842309894934
761.4,1.00864253021705,1.00864253021705,-0.0217537086289854,-5.14510297240629e-45,-0.0217537086289854
761.5,1.15512689825942,1.15512689825942,-0.0217232290340216,-5.06089714387241e-45,-0.0217232290340216
761.6,1.05747065289784,1.05747065289784,-0.0216927921446821,-4.97806944549382e-45,-0.0216927921446821
761.7,0.129736321962856,0.129736321962856,-0.0216623979011312,-4.89659732250507e-45,-0.0216623979011312
761.8,0.276220690005224,0.276220690005224,-0.0216320462436169,-4.8164585892766e-45,-0.0216320462436169
761.9,0.20297850598404,0.20297850598404,-0.0216017371124711,-4.73763142327331e-45,-0.0216017371124711
762,-0.773583947631733,-0.773583947631733,-0.021571470448109,-4.66009435911261e-45,-0.021571470448109
762.1,0.0809081992820699,0.0809081992820699,-0.0215412461910296,-4.58382628271835e-45,-0.0215412461910296
762.2,0.178564444643647,0.178564444643647,-0.0215110642818151,-4.50880642557217e-45,-0.0215110642818151
762.3,-1.18862299041844,-1.18862299041844,-0.0214809246611309,-4.43501435905752e-45,-0.0214809246611309
762.4,-1.89663076928988,-1.89663076928988,-0.0214508272697258,-4.36242998889669e-45,-0.0214508272697258
762.5,-0.749169886291343,-0.749169886291343,-0.0214207720484313,-4.2910335496794e-45,-0.0214207720484313
762.6,-0.30971678216424,-0.30971678216424,-0.0213907589381619,-4.22080559947979e-45,-0.0213907589381619
762.7,-2.11635732135343,-2.11635732135343,-0.0213607878799151,-4.15172701456295e-45,-0.0213607878799151
762.8,-1.92104483063027,-1.92104483063027,-0.0213308588147707,-4.08377898417696e-45,-0.0213308588147707
762.9,-0.993310499695285,-0.993310499695285,-0.0213009716838914,-4.01694300543044e-45,-0.0213009716838914
763,-0.0411621074199103,-0.0411621074199103,-0.0212711264285221,-3.95120087825442e-45,-0.0212711264285221
763.1,1.25278314362099,1.25278314362099,-0.0212413229899901,-3.8865347004457e-45,-0.0212413229899901
763.2,0.300634751345616,0.300634751345616,-0.021211561309705,-3.82292686279261e-45,-0.021211561309705
763.3,-0.797998008972128,-0.797998008972128,-0.0211818413291584,-3.76036004427938e-45,-0.0211818413291584
763.4,-1.09096674505686,-1.09096674505686,-0.0211521629899238,-3.69881720736966e-45,-0.0211521629899238
763.5,-2.48256824145934,-2.48256824145934,-0.0211225262336567,-3.63828159336687e-45,-0.0211225262336567
763.6,-2.2384276280554,-2.2384276280554,-0.0210929310020944,-3.5787367178508e-45,-0.0210929310020944
763.7,-0.700341763610548,-0.700341763610548,-0.0210633772370555,-3.52016636618866e-45,-0.0210633772370555
763.8,-1.01772456103568,-1.01772456103568,-0.0210338648804406,-3.46255458911981e-45,-0.0210338648804406
763.9,-1.11538080639726,-1.11538080639726,-0.0210043938742313,-3.40588569841255e-45,-0.0210043938742313
764,-1.16420892907805,-1.16420892907805,-0.0209749641604907,-3.35014426259195e-45,-0.0209749641604907
764.1,-1.82338858526869,-1.82338858526869,-0.020945575681363,-3.29531510273786e-45,-0.020945575681363
764.2,-1.67690421722633,-1.67690421722633,-0.0209162283790735,-3.24138328835146e-45,-0.0209162283790735
764.3,-0.84682613165292,-0.84682613165292,-0.0208869221959284,-3.18833413328969e-45,-0.0208869221959284
764.4,-0.724755824950946,-0.724755824950946,-0.0208576570743149,-3.13615319176595e-45,-0.0208576570743149
764.5,-1.55483391052436,-1.55483391052436,-0.0208284329567006,-3.08482625441633e-45,-0.0208284329567006
764.6,-1.72573233990711,-1.72573233990711,-0.020799249785634,-3.03433934443032e-45,-0.020799249785634
764.7,-0.773583947631733,-0.773583947631733,-0.0207701075037441,-2.98467871374494e-45,-0.0207701075037441
764.8,-1.45717766516278,-1.45717766516278,-0.02074100605374,-2.9358308393007e-45,-0.02074100605374
764.9,-0.871240192993312,-0.871240192993312,-0.0207119453784114,-2.88778241935947e-45,-0.0207119453784114
765,-0.358544904845031,-0.358544904845031,-0.0206829254206279,-2.84052036988216e-45,-0.0206829254206279
765.1,-0.0655761687602974,-0.0655761687602974,-0.0206539461233393,-2.79403182096555e-45,-0.0206539461233393
765.2,0.618017548770739,0.618017548770739,-0.0206250074295754,-2.74830411333823e-45,-0.0206250074295754
765.3,1.39926751166336,1.39926751166336,-0.0205961092824456,-2.70332479491288e-45,-0.0205961092824456
765.4,0.202978505984038,0.202978505984038,-0.0205672516251391,-2.65908161739572e-45,-0.0205672516251391
765.5,-1.70131827856672,-1.70131827856672,-0.0205384344009248,-2.61556253295118e-45,-0.0205384344009248
765.6,-2.26284168939579,-2.26284168939579,-0.020509657553151,-2.57275569092082e-45,-0.020509657553151
765.7,-1.28627923578002,-1.28627923578002,-0.0204809210252454,-2.53064943459684e-45,-0.0204809210252454
765.8,-1.77456046258791,-1.77456046258791,-0.0204522247607149,-2.48923229804734e-45,-0.0204522247607149
765.9,-2.33608387341698,-2.33608387341698,-0.0204235687031457,-2.44849300299438e-45,-0.0204235687031457
766,-3.01967759094802,-3.01967759094802,-0.0203949527962029,-2.40842045574269e-45,-0.0203949527962029
766.1,-2.16518544403422,-2.16518544403422,-0.0203663769836306,-2.36900374415854e-45,-0.0203663769836306
766.2,-2.16518544403422,-2.16518544403422,-0.0203378412092516,-2.33023213469864e-45,-0.0203378412092516
766.3,-3.11733383630959,-3.11733383630959,-0.0203093454169677,-2.29209506948711e-45,-0.0203093454169677
766.4,-2.01870107599184,-2.01870107599184,-0.020280889550759,-2.25458216344032e-45,-0.020280889550759
766.5,-0.797998008972125,-0.797998008972125,-0.0202524735546842,-2.21768320143929e-45,-0.0202524735546842
766.6,1.00864253021705,1.00864253021705,-0.0202240973728804,-2.18138813554757e-45,-0.0202240973728804
766.7,1.00864253021705,1.00864253021705,-0.020195760949563,-2.14568708227552e-45,-0.020195760949563
766.8,-0.944482377014497,-0.944482377014497,-0.0201674642290254,-2.11057031988872e-45,-0.0201674642290254
766.9,-1.67690421722633,-1.67690421722633,-0.0201392071556393,-2.0760282857606e-45,-0.0201392071556393
767,-1.31069329712042,-1.31069329712042,-0.0201109896738543,-2.04205157376867e-45,-0.0201109896738543
767.1,-1.23745111309923,-1.23745111309923,-0.0200828117281975,-2.00863093173282e-45,-0.0200828117281975
767.2,-0.675927702270158,-0.675927702270158,-0.0200546732632741,-1.97575725889619e-45,-0.0200546732632741
767.3,0.00766601526088235,0.00766601526088235,-0.0200265742237667,-1.94342160344681e-45,-0.0200265742237667
767.4,-0.0899902301006945,-0.0899902301006945,-0.0199985145544356,-1.91161516007982e-45,-0.0199985145544356
767.5,-0.822412070312524,-0.822412070312524,-0.0199704942001185,-1.88032926759997e-45,-0.0199704942001185
767.6,-1.94545889197066,-1.94545889197066,-0.01994251310573,-1.84955540656275e-45,-0.01994251310573
767.7,-2.72670885486329,-2.72670885486329,-0.0199145712162622,-1.81928519695481e-45,-0.0199145712162622
767.8,-1.72573233990711,-1.72573233990711,-0.0198866684767844,-1.78951039591178e-45,-0.0198866684767844
767.9,-0.285302720823846,-0.285302720823846,-0.0198588048324427,-1.76022289547379e-45,-0.0198588048324427
768,1.03305659155744,1.03305659155744,-0.0198309802284599,-1.73141472037745e-45,-0.0198309802284599
768.1,-0.480615211547004,-0.480615211547004,-0.0198031946101357,-1.70307802588422e-45,-0.0198031946101357
768.2,-1.28627923578002,-1.28627923578002,-0.0197754479228466,-1.67520509564419e-45,-0.0197754479228466
768.3,-0.675927702270155,-0.675927702270155,-0.0197477401120454,-1.64778833959486e-45,-0.0197477401120454
768.4,-1.99428701465145,-1.99428701465145,-0.0197200711232613,-1.62082029189429e-45,-0.0197200711232613
768.5,-1.3839354811416,-1.3839354811416,-0.0196924409021001,-1.59429360888803e-45,-0.0196924409021001
768.6,-1.89663076928987,-1.89663076928987,-0.0196648493942436,-1.56820106710941e-45,-0.0196648493942436
768.7,-1.50600578784357,-1.50600578784357,-0.0196372965454497,-1.54253556131252e-45,-0.0196372965454497
768.8,0.569189426089952,0.569189426089952,-0.0196097823015523,-1.51729010253742e-45,-0.0196097823015523
768.9,1.78989249310966,1.78989249310966,-0.0195823066084613,-1.49245781620696e-45,-0.0195823066084613
769,0.83774410083429,0.83774410083429,-0.0195548694121624,-1.46803194025468e-45,-0.0195548694121624
769.1,-1.7989745239283,-1.7989745239283,-0.0195274706587168,-1.44400582328357e-45,-0.0195274706587168
769.2,-1.31069329712041,-1.31069329712041,-0.0195001102942613,-1.42037292275472e-45,-0.0195001102942613
769.3,-1.7989745239283,-1.7989745239283,-0.0194727882650085,-1.39712680320584e-45,-0.0194727882650085
769.4,-1.50600578784357,-1.50600578784357,-0.0194455045172459,-1.37426113449873e-45,-0.0194455045172459
769.5,-0.724755824950945,-0.724755824950945,-0.0194182589973365,-1.35176969009557e-45,-0.0194182589973365
769.6,-1.55483391052435,-1.55483391052435,-0.0193910516517186,-1.32964634536328e-45,-0.0193910516517186
769.7,-1.33510735846081,-1.33510735846081,-0.0193638824269051,-1.30788507590591e-45,-0.0193638824269051
769.8,-1.26186517443962,-1.26186517443962,-0.0193367512694843,-1.28647995592394e-45,-0.0193367512694843
769.9,-0.505029272887394,-0.505029272887394,-0.019309658126119,-1.26542515660079e-45,-0.019309658126119
770,-0.505029272887397,-0.505029272887397,-0.0192826029435471,-1.2447149445155e-45,-0.0192826029435471
770.1,-0.529443334227788,-0.529443334227788,-0.0192555856685807,-1.22434368008139e-45,-0.0192555856685807
770.2,0.10532226062246,0.10532226062246,-0.0192286062481067,-1.20430581601055e-45,-0.0192286062481067
770.3,0.300634751345617,0.300634751345617,-0.0192016646290864,-1.18459589580304e-45,-0.0192016646290864
770.4,-0.944482377014494,-0.944482377014494,-0.0191747607585552,-1.16520855226122e-45,-0.0191747607585552
770.5,-1.7745604625879,-1.7745604625879,-0.0191478945836231,-1.14613850602811e-45,-0.0191478945836231
770.6,-1.92104483063027,-1.92104483063027,-0.0191210660514738,-1.12738056414969e-45,-0.0191210660514738
770.7,-1.99428701465145,-1.99428701465145,-0.0190942751093652,-1.10892961866105e-45,-0.0190942751093652
770.8,-0.846826131652916,-0.846826131652916,-0.0190675217046291,-1.0907806451952e-45,-0.0190675217046291
770.9,-0.675927702270155,-0.675927702270155,-0.0190408057846711,-1.07292870161504e-45,-0.0190408057846711
771,-1.53041984918396,-1.53041984918396,-0.0190141272969705,-1.05536892666752e-45,-0.0190141272969705
771.1,0.178564444643644,0.178564444643644,-0.01898748618908,-1.03809653865979e-45,-0.01898748618908
771.2,0.251806628664827,0.251806628664827,-0.0189608824086261,-1.02110683415728e-45,-0.0189608824086261
771.3,-0.358544904845031,-0.358544904845031,-0.0189343159033084,-1.0043951867028e-45,-0.0189343159033084
771.4,-1.31069329712041,-1.31069329712041,-0.0189077866208999,-9.87957045556645e-46,-0.0189077866208999
771.5,-2.43374011877855,-2.43374011877855,-0.0188812945092468,-9.71787934457577e-46,-0.0188812945092468
771.6,-1.45717766516278,-1.45717766516278,-0.0188548395162684,-9.55883450403666e-46,-0.0188548395162684
771.7,-1.09096674505686,-1.09096674505686,-0.0188284215899568,-9.40239262453515e-46,-0.0188284215899568
771.8,-0.57827145690858,-0.57827145690858,-0.0188020406783771,-9.24851110546806e-46,-0.0188020406783771
771.9,-0.944482377014492,-0.944482377014492,-0.0187756967296673,-9.09714804344214e-46,-0.0187756967296673
772,0.398290996707193,0.398290996707193,-0.0187493896920378,-8.94826222086449e-46,-0.0187493896920378
772.1,-0.0655761687603005,-0.0655761687603005,-0.0187231195137717,-8.80181309471703e-46,-0.0187231195137717
772.2,-1.06655268371647,-1.06655268371647,-0.0186968861432245,-8.65776078551793e-46,-0.0186968861432245
772.3,-0.529443334227792,-0.529443334227792,-0.0186706895288242,-8.51606606646103e-46,-0.0186706895288242
772.4,-0.822412070312522,-0.822412070312522,-0.0186445296190708,-8.37669035273438e-46,-0.0186445296190708
772.5,-0.846826131652918,-0.846826131652918,-0.0186184063625368,-8.23959569101287e-46,-0.0186184063625368
772.6,-0.5050292728874,-0.5050292728874,-0.0185923197078666,-8.10474474912356e-46,-0.0185923197078666
772.7,-1.82338858526869,-1.82338858526869,-0.0185662696037763,-7.97210080587949e-46,-0.0185662696037763
772.8,-3.04409165228841,-3.04409165228841,-0.0185402559990543,-7.84162774108058e-46,-0.0185402559990543
772.9,-2.14077138269382,-2.14077138269382,-0.0185142788425604,-7.71329002567744e-46,-0.0185142788425604
773,-0.797998008972126,-0.797998008972126,-0.0184883380832263,-7.58705271209631e-46,-0.0184883380832263
773.1,-0.602685518248971,-0.602685518248971,-0.0184624336700551,-7.46288142472283e-46,-0.0184624336700551
773.2,-1.21303705175883,-1.21303705175883,-0.0184365655521214,-7.34074235054098e-46,-0.0184365655521214
773.3,-2.2384276280554,-2.2384276280554,-0.0184107336785711,-7.22060222992586e-46,-0.0184107336785711
773.4,-3.43471663373472,-3.43471663373472,-0.0183849379986215,-7.1024283475865e-46,-0.0183849379986215
773.5,-3.48354475641551,-3.48354475641551,-0.018359178461561,-6.98618852365703e-46,-0.018359178461561
773.6,-2.55581042548053,-2.55581042548053,-0.0183334550167488,-6.87185110493403e-46,-0.0183334550167488
773.7,-1.60366203320515,-1.60366203320515,-0.0183077676136154,-6.75938495625698e-46,-0.0183077676136154
773.8,-1.43276360382238,-1.43276360382238,-0.0182821162016621,-6.64875945203002e-46,-0.0182821162016621
773.9,-0.968896438354886,-0.968896438354886,-0.0182565007304607,-6.53994446788214e-46,-0.0182565007304607
774,-0.163232414121873,-0.163232414121873,-0.018230921149654,-6.43291037246422e-46,-0.018230921149654
774.1,0.154150383303253,0.154150383303253,-0.018205377408955,-6.32762801937943e-46,-0.018205377408955
774.2,-2.14077138269382,-2.14077138269382,-0.0181798694581475,-6.2240687392476e-46,-0.0181798694581475
774.3,-1.87221670794948,-1.87221670794948,-0.0181543972470855,-6.12220433189718e-46,-0.0181543972470855
774.4,-2.14077138269382,-2.14077138269382,-0.0181289607256931,-6.02200705868675e-46,-0.0181289607256931
774.5,-3.01967759094801,-3.01967759094801,-0.0181035598439649,-5.92344963495137e-46,-0.0181035598439649
774.6,-2.82436510022486,-2.82436510022486,-0.0180781945519654,-5.82650522257213e-46,-0.0180781945519654
774.7,-1.67690421722632,-1.67690421722632,-0.0180528647998289,-5.73114742266892e-46,-0.0180528647998289
774.8,-2.23842762805539,-2.23842762805539,-0.0180275705377598,-5.63735026841085e-46,-0.0180275705377598
774.9,-1.96987295331106,-1.96987295331106,-0.0180023117160322,-5.5450882179458e-46,-0.0180023117160322
775,-2.14077138269382,-2.14077138269382,-0.01797708828499,-5.45433614744502e-46,-0.01797708828499
775.1,-2.79995103888447,-2.79995103888447,-0.0179519001950462,-5.36506934426112e-46,-0.0179519001950462
775.2,-1.99428701465146,-1.99428701465146,-0.017926747396684,-5.27726350019959e-46,-0.017926747396684
775.3,-1.3595214198012,-1.3595214198012,-0.0179016298404553,-5.19089470489852e-46,-0.0179016298404553
775.4,-1.92104483063027,-1.92104483063027,-0.0178765474769818,-5.1059394393182e-46,-0.0178765474769818
775.5,-3.55678694043669,-3.55678694043669,-0.017851500256954,-5.0223745693365e-46,-0.017851500256954
775.6,-2.89760728424604,-2.89760728424604,-0.0178264881311317,-4.94017733944872e-46,-0.0178264881311317
775.7,-1.48159172650317,-1.48159172650317,-0.0178015110503438,-4.85932536657193e-46,-0.0178015110503438
775.8,-1.48159172650317,-1.48159172650317,-0.0177765689654877,-4.77979663394933e-46,-0.0177765689654877
775.9,-1.3595214198012,-1.3595214198012,-0.0177516618275299,-4.70156948515475e-46,-0.0177516618275299
776,-1.84780264660908,-1.84780264660908,-0.0177267895875056,-4.62462261819595e-46,-0.0177267895875056
776.1,-1.75014640124751,-1.75014640124751,-0.0177019521965186,-4.54893507971307e-46,-0.0177019521965186
776.2,-0.407373027525822,-0.407373027525822,-0.017677149605741,-4.47448625927371e-46,-0.017677149605741
776.3,-0.651513640929766,-0.651513640929766,-0.0176523817664136,-4.40125588376001e-46,-0.0176523817664136
776.4,-1.33510735846081,-1.33510735846081,-0.0176276486298453,-4.32922401184805e-46,-0.0176276486298453
776.5,-2.72670885486328,-2.72670885486328,-0.0176029501474134,-4.25837102857802e-46,-0.0176029501474134
776.6,-0.96889643835489,-0.96889643835489,-0.0175782862705631,-4.18867764001228e-46,-0.0175782862705631
776.7,-1.13979486773765,-1.13979486773765,-0.0175536569508079,-4.1201248679821e-46,-0.0175536569508079
776.8,-2.87319322290565,-2.87319322290565,-0.017529062139729,-4.05269404491938e-46,-0.017529062139729
776.9,-3.23940414301156,-3.23940414301156,-0.0175045017889756,-3.98636680877317e-46,-0.0175045017889756
777,-3.48354475641551,-3.48354475641551,-0.0174799758502646,-3.9211250980099e-46,-0.0174799758502646
777.1,-1.55483391052435,-1.55483391052435,-0.0174554842753805,-3.85695114669464e-46,-0.0174554842753805
777.2,-0.822412070312526,-0.822412070312526,-0.0174310270161754,-3.79382747965348e-46,-0.0174310270161754
777.3,-2.2384276280554,-2.2384276280554,-0.0174066040245688,-3.73173690771494e-46,-0.0174066040245688
777.4,-0.87124019299331,-0.87124019299331,-0.0173822152525477,-3.67066252302913e-46,-0.0173822152525477
777.5,-0.309716782164244,-0.309716782164244,-0.0173578606521664,-3.61058769446342e-46,-0.0173578606521664
777.6,-1.16420892907805,-1.16420892907805,-0.017333540175546,-3.55149606307386e-46,-0.017333540175546
777.7,-2.79995103888447,-2.79995103888447,-0.0173092537748752,-3.4933715376503e-46,-0.0173092537748752
777.8,-1.18862299041844,-1.18862299041844,-0.0172850014024093,-3.43619829033481e-46,-0.0172850014024093
777.9,-0.62709957958937,-0.62709957958937,-0.0172607830104707,-3.3799607523115e-46,-0.0172607830104707
778,-2.72670885486328,-2.72670885486328,-0.0172365985514485,-3.32464360956682e-46,-0.0172365985514485
778.1,-2.89760728424604,-2.89760728424604,-0.0172124479777987,-3.27023179871967e-46,-0.0172124479777987
778.2,-2.87319322290565,-2.87319322290565,-0.0171883312420435,-3.21671050291931e-46,-0.0171883312420435
778.3,-1.72573233990712,-1.72573233990712,-0.0171642482967721,-3.16406514781075e-46,-0.0171642482967721
778.4,-1.04213862237607,-1.04213862237607,-0.0171401990946399,-3.11228139756596e-46,-0.0171401990946399
778.5,-2.87319322290565,-2.87319322290565,-0.0171161835883685,-3.06134515097996e-46,-0.0171161835883685
778.6,-2.43374011877855,-2.43374011877855,-0.0170922017307461,-3.01124253763103e-46,-0.0170922017307461
778.7,-2.09194326001303,-2.09194326001303,-0.0170682534746267,-2.96195991410381e-46,-0.0170682534746267
778.8,-1.21303705175884,-1.21303705175884,-0.0170443387729305,-2.91348386027373e-46,-0.0170443387729305
778.9,-1.57924797186475,-1.57924797186475,-0.0170204575786438,-2.86580117565292e-46,-0.0170204575786438
779,-1.67690421722632,-1.67690421722632,-0.0169966098448186,-2.81889887579547e-46,-0.0169966098448186
779.1,-0.0167480460795105,-0.0167480460795105,-0.0169727955245726,-2.77276418876141e-46,-0.0169727955245726
779.2,-1.50600578784357,-1.50600578784357,-0.0169490145710894,-2.72738455163925e-46,-0.0169490145710894
779.3,-3.36147444971353,-3.36147444971353,-0.0169252669376181,-2.68274760712456e-46,-0.0169252669376181
779.4,-3.0929197749692,-3.0929197749692,-0.0169015525774732,-2.63884120015523e-46,-0.0169015525774732
779.5,-2.31166981207658,-2.31166981207658,-0.0168778714440349,-2.59565337460147e-46,-0.0168778714440349
779.6,-3.55678694043669,-3.55678694043669,-0.0168542234907484,-2.55317237000979e-46,-0.0168542234907484
779.7,-4.60659157807365,-4.60659157807365,-0.0168306086711243,-2.51138661840099e-46,-0.0168306086711243
779.8,-3.31264632703274,-3.31264632703274,-0.0168070269387384,-2.47028474111965e-46,-0.0168070269387384
779.9,-3.60561506311748,-3.60561506311748,-0.0167834782472313,-2.42985554573589e-46,-0.0167834782472313
780,-2.58022448682092,-2.58022448682092,-0.0167599625503088,-2.39008802299754e-46,-0.0167599625503088
780.1,-1.87221670794948,-1.87221670794948,-0.0167364798017414,-2.35097134383191e-46,-0.0167364798017414
780.2,-2.38491199609776,-2.38491199609776,-0.0167130299553645,-2.31249485639739e-46,-0.0167130299553645
780.3,-1.18862299041844,-1.18862299041844,-0.0166896129650781,-2.27464808318259e-46,-0.0166896129650781
780.4,-0.895654254333703,-0.895654254333703,-0.0166662287848468,-2.23742071815317e-46,-0.0166662287848468
780.5,-1.57924797186475,-1.57924797186475,-0.0166428773686998,-2.20080262394565e-46,-0.0166428773686998
780.6,-2.214013566715,-2.214013566715,-0.0166195586707305,-2.16478382910654e-46,-0.0166195586707305
780.7,-1.62807609454554,-1.62807609454554,-0.0165962726450968,-2.12935452537742e-46,-0.0165962726450968
780.8,-1.18862299041844,-1.18862299041844,-0.0165730192460208,-2.09450506502385e-46,-0.0165730192460208
780.9,-1.38393548114159,-1.38393548114159,-0.0165497984277888,-2.06022595820812e-46,-0.0165497984277888
781,-1.57924797186475,-1.57924797186475,-0.016526610144751,-2.02650787040534e-46,-0.016526610144751
781.1,-1.43276360382238,-1.43276360382238,-0.0165034543513215,-1.99334161986121e-46,-0.0165034543513215
781.2,-1.7989745239283,-1.7989745239283,-0.0164803310019785,-1.96071817509208e-46,-0.0164803310019785
781.3,-1.7745604625879,-1.7745604625879,-0.016457240051264,-1.92862865242544e-46,-0.016457240051264
781.4,-2.99526352960762,-2.99526352960762,-0.0164341814537834,-1.89706431358074e-46,-0.0164341814537834
781.5,-3.70327130847906,-3.70327130847906,-0.016411155164206,-1.86601656329003e-46,-0.016411155164206
781.6,-2.18959950537461,-2.18959950537461,-0.0163881611372644,-1.83547694695725e-46,-0.0163881611372644
781.7,-1.04213862237607,-1.04213862237607,-0.0163651993277548,-1.80543714835603e-46,-0.0163651993277548
781.8,-1.21303705175884,-1.21303705175884,-0.0163422696905367,-1.77588898736513e-46,-0.0163422696905367
781.9,-1.87221670794948,-1.87221670794948,-0.0163193721805326,-1.74682441774088e-46,-0.0163193721805326
782,-2.70229479352289,-2.70229479352289,-0.0162965067527286,-1.71823552492609e-46,-0.0162965067527286
782.1,-2.97084946826723,-2.97084946826723,-0.0162736733621734,-1.69011452389485e-46,-0.0162736733621734
782.2,-3.28823226569235,-3.28823226569235,-0.016250871963979,-1.66245375703261e-46,-0.016250871963979
782.3,-4.41127908735049,-4.41127908735049,-0.0162281025133204,-1.63524569205097e-46,-0.0162281025133204
782.4,-3.70327130847905,-3.70327130847905,-0.0162053649654349,-1.60848291993655e-46,-0.0162053649654349
782.5,-4.31362284198891,-4.31362284198891,-0.016182659275623,-1.58215815293337e-46,-0.016182659275623
782.6,-3.72768536981945,-3.72768536981945,-0.0161599853992477,-1.55626422255841e-46,-0.0161599853992477
782.7,-1.92104483063028,-1.92104483063028,-0.0161373432917344,-1.53079407764951e-46,-0.0161373432917344
782.8,-5.2413571729239,-5.2413571729239,-0.016114732908571,-1.50574078244536e-46,-0.016114732908571
782.9,-6.5108883626244,-6.5108883626244,-0.016092154205308,-1.48109751469675e-46,-0.016092154205308
783,-5.16811498890271,-5.16811498890271,-0.0160696071375579,-1.45685756380879e-46,-0.0160696071375579
783.1,-5.46108372498745,-5.46108372498745,-0.0160470916609956,-1.43301432901359e-46,-0.0160470916609956
783.2,-6.43764617860322,-6.43764617860322,-0.0160246077313578,-1.40956131757285e-46,-0.0160246077313578
783.3,-6.26674774922046,-6.26674774922046,-0.0160021553044435,-1.38649214300972e-46,-0.0160021553044435
783.4,-6.68178679200716,-6.68178679200716,-0.0159797343361136,-1.3638005233698e-46,-0.0159797343361136
783.5,-6.46206023994361,-6.46206023994361,-0.0159573447822909,-1.34148027951051e-46,-0.0159573447822909
783.6,-5.11928686622193,-5.11928686622193,-0.0159349865989595,-1.31952533341826e-46,-0.0159349865989595
783.7,-3.65444318579827,-3.65444318579827,-0.0159126597421659,-1.29792970655366e-46,-0.0159126597421659
783.8,-5.72963839973178,-5.72963839973178,-0.0158903641680175,-1.27668751822324e-46,-0.0158903641680175
783.9,-6.43764617860322,-6.43764617860322,-0.0158680998326837,-1.25579298397823e-46,-0.0158680998326837
784,-5.60756809302981,-5.60756809302981,-0.0158458666923951,-1.23524041403939e-46,-0.0158458666923951
784.1,-7.21889614149584,-7.21889614149584,-0.0158236647034436,-1.21502421174747e-46,-0.0158236647034436
784.2,-6.26674774922046,-6.26674774922046,-0.0158014938221824,-1.19513887203946e-46,-0.0158014938221824
784.3,-5.29018529560469,-5.29018529560469,-0.0157793540050258,-1.17557897994925e-46,-0.0157793540050258
