"time","25310012"
0,0.314941391291299
0.1,0.632324188716424
0.2,0.217285145929719
0.3,-0.1245117128358
0.4,-0.466308571601323
0.5,-0.490722632941714
0.6,0.266113268610511
0.7,0.63232418871642
0.8,0.559082004695239
0.9,-0.197753896856985
1,-0.270996080878169
1.1,-0.148925774176196
1.2,-0.246582019537772
1.3,0.461425759333663
1.4,0.363769513972082
1.5,-0.17333983551659
1.6,0.0952148392277451
1.7,0.339355452631693
1.8,0.900878863460758
1.9,1.12060541552431
2,0.803222618099181
2.1,0.437011697993265
2.2,-0.10009765149541
2.3,-0.393066387580136
2.4,-0.173339835516589
2.5,-0.417480448920534
2.6,-0.10009765149541
2.7,0.0708007778873551
2.8,0.68115231139721
2.9,-0.100097651495406
3,0.0708007778873537
3.1,0.0463867165469622
3.2,0.0708007778873522
3.3,0.266113268610508
3.4,-0.148925774176197
3.5,0.534667943354842
3.6,0.559082004695237
3.7,0.0708007778873522
3.8,0.144042961908534
3.9,-0.0756835901550119
4,-0.197753896856983
4.1,0.632324188716424
4.2,-0.0756835901550119
4.3,-0.0268554674742248
4.4,0.36376951397208
4.5,-0.0268554674742248
4.6,-0.368652326239746
4.7,0.217285145929718
4.8,-0.051269528814619
4.9,-0.124511712835799
5,0.46142575933366
5.1,0.681152311397207
5.2,0.0219726552065652
5.3,0.266113268610506
5.4,0.363769513972082
5.5,0.461425759333659
5.6,0.144042961908532
5.7,0.266113268610505
5.8,0.583496066035632
5.9,0.85205074077997
6,0.363769513972088
6.1,-0.295410142218563
6.2,0.217285145929721
6.3,0.681152311397207
6.4,0.0708007778873565
6.5,-0.0512695288146176
6.6,0.778808556758784
6.7,0.363769513972083
6.8,-0.0268554674742262
6.9,0.656738250056814
7,0.53466794335484
7.1,0.412597636652873
7.2,-0.0756835901550161
7.3,0.437011697993266
7.4,1.12060541552431
7.5,1.1450194768647
7.6,0.778808556758787
7.7,0.241699207270113
7.8,0.461425759333659
7.9,0.70556637273761
8,0.705566372737601
8.1,0.314941391291295
8.2,0.266113268610505
8.3,0.168457023248928
8.4,0.388183575312476
8.5,0.656738250056813
8.6,0.339355452631686
8.7,0.510253882014447
8.8,0.412597636652873
8.9,-0.124511712835806
9,0.485839820674055
9.1,0.681152311397209
9.2,0.437011697993265
9.3,-0.612792939643688
9.4,-0.319824203558954
9.5,-0.197753896856985
9.6,0.412597636652872
9.7,1.1450194768647
9.8,0.827636679439574
9.9,0.485839820674052
10,-0.0756835901550161
10.1,0.168457023248929
10.2,1.12060541552431
10.3,0.998535108822335
10.4,0.266113268610505
10.5,0.510253882014449
10.6,0.290527329950902
10.7,0.437011697993268
10.8,0.412597636652872
10.9,0.388183575312478
11,0.144042961908538
11.1,0.485839820674057
11.2,0.705566372737604
11.3,0.437011697993266
11.4,0.778808556758784
11.5,0.437011697993263
11.6,-0.197753896856986
11.7,-0.148925774176195
11.8,0.63232418871642
11.9,1.34033196758785
12,0.412597636652869
12.1,-0.441894510260927
12.2,0.412597636652878
12.3,0.290527329950903
12.4,0.656738250056816
12.5,0.412597636652875
12.6,-0.00244140613383053
12.7,0.461425759333659
12.8,0.827636679439574
12.9,0.36376951397208
13,-0.173339835516587
13.1,0.46142575933366
13.2,0.778808556758786
13.3,0.388183575312478
13.4,0.80322261809918
13.5,0.778808556758784
13.6,0.461425759333659
13.7,-0.246582019537772
13.8,-0.246582019537773
13.9,0.217285145929716
14,0.68115231139721
14.1,0.583496066035632
14.2,0.949706986141545
14.3,0.681152311397207
14.4,0.241699207270112
14.5,0.192871084589322
14.6,-0.0268554674742248
14.7,-0.00244140613382768
14.8,0.119628900568142
14.9,0.43701169799327
15,0.2905273299509
15.1,0.266113268610509
15.2,0.314941391291293
15.3,0.119628900568139
15.4,0.656738250056813
15.5,0.559082004695239
15.6,0.705566372737601
15.7,0.58349606603563
15.8,-0.17333983551659
15.9,-0.197753896856982
16,0.314941391291293
16.1,0.485839820674053
16.2,0.2905273299509
16.3,0.461425759333663
16.4,0.217285145929716
16.5,0.192871084589324
16.6,1.02294917016273
16.7,1.04736323150312
16.8,0.632324188716417
16.9,0.119628900568141
17,-0.222167958197377
17.1,0.607910127376027
17.2,0.144042961908535
17.3,0.949706986141544
17.4,0.583496066035632
17.5,0.510253882014446
17.6,0.925292924801154
17.7,0.925292924801153
17.8,0.559082004695242
17.9,0.0463867165469594
18,0.290527329950899
18.1,0.41259763665287
18.2,-0.197753896856983
18.3,0.266113268610505
18.4,1.19384759954549
18.5,0.461425759333662
18.6,0.241699207270113
18.7,0.119628900568139
18.8,0.437011697993265
18.9,0.998535108822337
19,0.534667943354842
19.1,0.363769513972085
19.2,0.339355452631692
19.3,0.632324188716417
19.4,0.852050740779967
19.5,0.949706986141541
19.6,1.21826166088588
19.7,0.900878863460761
19.8,0.33935545263169
19.9,-0.00244140613383479
20,0.778808556758788
20.1,1.12060541552431
20.2,0.900878863460761
20.3,0.803222618099178
20.4,0.900878863460756
20.5,1.09619135418391
20.6,0.46142575933366
20.7,0.925292924801153
20.8,0.705566372737604
20.9,0.241699207270112
21,0.0952148392277451
21.1,0.534667943354843
21.2,0.607910127376026
21.3,0.266113268610505
21.4,0.63232418871642
21.5,0.974121047481938
21.6,0.803222618099178
21.7,0.144042961908535
21.8,0.266113268610508
21.9,1.1694335382051
22,1.29150384490707
22.1,0.705566372737601
22.2,0.217285145929714
22.3,0.168457023248932
22.4,0.314941391291298
22.5,0.559082004695239
22.6,-0.0756835901550119
22.7,0.485839820674055
22.8,1.02294917016273
22.9,1.24267572222628
23,0.559082004695237
23.1,0.63232418871642
23.2,0.827636679439573
23.3,0.485839820674053
23.4,0.632324188716423
23.5,0.607910127376023
23.6,0.217285145929716
23.7,0.290527329950899
23.8,0.144042961908535
23.9,0.192871084589324
24,0.949706986141544
24.1,0.461425759333662
24.2,0.485839820674055
24.3,0.437011697993265
24.4,0.0219726552065609
24.5,0.90087886346076
24.6,0.778808556758784
24.7,0.510253882014447
24.8,0.778808556758784
24.9,0.729980434077996
25,0.58349606603563
25.1,0.75439449541839
25.2,0.58349606603563
25.3,0.437011697993265
25.4,0.583496066035632
25.5,0.290527329950898
25.6,0.559082004695236
25.7,1.04736323150313
25.8,1.12060541552431
25.9,1.07177729284352
26,1.1450194768647
26.1,0.827636679439574
26.2,0.705566372737607
26.3,0.876464802120364
26.4,0.632324188716419
26.5,0.876464802120364
26.6,0.900878863460758
26.7,0.656738250056816
26.8,0.290527329950899
26.9,0.583496066035633
27,1.1450194768647
27.1,1.04736323150312
27.2,0.998535108822335
27.3,0.607910127376024
27.4,0.266113268610505
27.5,0.559082004695236
27.6,1.1450194768647
27.7,0.63232418871642
27.8,0.461425759333663
27.9,0.705566372737604
28,-0.197753896856985
28.1,-0.39306638758014
28.2,0.803222618099181
28.3,1.48681633563022
28.4,1.1450194768647
28.5,0.363769513972085
28.6,0.0708007778873522
28.7,0.314941391291293
28.8,0.559082004695237
28.9,0.437011697993266
29,0.729980434077997
29.1,0.339355452631689
29.2,0.241699207270113
29.3,0.827636679439571
29.4,0.41259763665287
29.5,0.388183575312478
29.6,0.632324188716421
29.7,1.02294917016273
29.8,0.0463867165469566
29.9,-0.344238264899353
30,-0.73486324634566
30.1,-0.417480448920531
30.2,-0.100097651495406
30.3,-0.222167958197377
30.4,0.0952148392277451
30.5,0.559082004695237
30.6,0.925292924801153
30.7,-0.0268554674742248
30.8,0.41259763665287
30.9,0.632324188716423
31,0.632324188716421
31.1,0.363769513972085
31.2,-0.36865232623974
31.3,0.144042961908539
31.4,1.09619135418391
31.5,0.534667943354844
31.6,0.119628900568139
31.7,0.705566372737606
31.8,0.632324188716426
31.9,0.217285145929719
32,0.192871084589325
32.1,0.363769513972082
32.2,0.0952148392277465
32.3,0.632324188716423
32.4,0.754394495418394
32.5,0.144042961908534
32.6,-0.68603512366487
32.7,0.144042961908538
32.8,0.437011697993268
32.9,0.144042961908535
33,0.70556637273761
33.1,0.192871084589325
33.2,0.0463867165469594
33.3,0.0952148392277493
33.4,0.485839820674056
33.5,0.729980434077994
33.6,0.2905273299509
33.7,0.0463867165469622
33.8,-0.0024414061338291
33.9,-0.246582019537775
34,0.217285145929716
34.1,0.656738250056814
34.2,0.656738250056814
34.3,0.314941391291298
34.4,0.0952148392277465
34.5,-0.100097651495406
34.6,0.290527329950899
34.7,0.656738250056817
34.8,0.58349606603563
34.9,1.07177729284352
35,0.485839820674056
35.1,0.241699207270112
35.2,0.0463867165469566
35.3,-0.0756835901550119
35.4,0.559082004695235
35.5,0.412597636652875
35.6,0.168457023248928
35.7,0.388183575312478
35.8,0.339355452631689
35.9,0.583496066035633
36,0.168457023248928
36.1,0.192871084589326
36.2,-0.173339835516592
36.3,0.0952148392277465
36.4,0.607910127376026
36.5,0.681152311397213
36.6,0.876464802120364
36.7,0.656738250056814
36.8,-0.0268554674742205
36.9,-0.148925774176197
37,0.217285145929718
37.1,0.266113268610506
37.2,0.363769513972085
37.3,0.314941391291295
37.4,-0.00244140613382768
37.5,-0.197753896856986
37.6,-0.319824203558953
37.7,-0.710449185005263
37.8,-0.856933553047632
37.9,-0.368652326239743
38,-0.319824203558952
38.1,0.290527329950899
38.2,0.412597636652873
38.3,0.803222618099181
38.4,1.29150384490707
38.5,0.314941391291295
38.6,0.0219726552065637
38.7,-0.222167958197379
38.8,0.2905273299509
38.9,0.0952148392277493
39,-0.515136694282109
39.1,-0.36865232623974
39.2,0.0463867165469608
39.3,0.437011697993266
39.4,-0.490722632941714
39.5,-0.954589798409204
39.6,-0.417480448920534
39.7,-0.393066387580139
39.8,-0.637207000984083
39.9,-0.588378878303293
40,0.217285145929722
40.1,-0.270996080878169
40.2,-0.368652326239746
40.3,-0.148925774176196
40.4,-0.34423826489935
40.5,-0.17333983551659
40.6,0.0708007778873494
40.7,-0.368652326239744
40.8,-0.0512695288146205
40.9,0.266113268610506
41,-0.246582019537772
41.1,-0.197753896856986
41.2,-0.539550755622506
41.3,-0.124511712835796
41.4,-0.222167958197379
41.5,-0.124511712835802
41.6,0.0463867165469622
41.7,0.0463867165469566
41.8,-0.148925774176196
41.9,-0.246582019537772
42,-0.539550755622507
42.1,-0.368652326239747
42.2,0.485839820674057
42.3,0.2905273299509
42.4,0.437011697993268
42.5,0.0708007778873579
42.6,0.168457023248929
42.7,-0.319824203558952
42.8,0.363769513972086
42.9,0.510253882014452
43,0.485839820674055
43.1,0.119628900568142
43.2,0.241699207270113
43.3,0.0952148392277465
43.4,0.144042961908536
43.5,0.388183575312479
43.6,1.07177729284352
43.7,0.827636679439577
43.8,-0.00244140613382768
43.9,-0.29541014221856
44,-0.441894510260926
44.1,0.0219726552065694
44.2,-0.0268554674742234
44.3,0.217285145929722
44.4,0.0952148392277465
44.5,-0.246582019537772
44.6,0.388183575312482
44.7,0.998535108822337
44.8,0.510253882014452
44.9,0.0708007778873551
45,0.363769513972088
45.1,0.0708007778873579
45.2,-0.0268554674742248
45.3,0.217285145929718
45.4,0.0708007778873522
45.5,0.388183575312479
45.6,-0.051269528814619
45.7,-0.100097651495408
45.8,0.388183575312478
45.9,-0.368652326239746
46,-0.417480448920533
46.1,0.314941391291295
46.2,0.925292924801153
46.3,0.388183575312482
46.4,0.388183575312479
46.5,0.314941391291298
46.6,0.754394495418393
46.7,0.803222618099183
46.8,0.0952148392277508
46.9,-0.222167958197379
47,0.290527329950903
47.1,0.510253882014449
47.2,-0.100097651495402
47.3,-0.17333983551659
47.4,-0.00244140613382626
47.5,-0.0756835901550133
47.6,0.51025388201445
47.7,0.266113268610506
47.8,-0.246582019537775
47.9,0.144042961908536
48,0.632324188716421
48.1,0.559082004695239
48.2,0.803222618099178
48.3,0.778808556758787
48.4,0.339355452631689
48.5,0.0463867165469594
48.6,0.33935545263169
48.7,0.656738250056816
48.8,0.461425759333662
48.9,0.168457023248929
49,0.437011697993268
49.1,0.900878863460757
49.2,0.119628900568144
49.3,-0.124511712835805
49.4,0.437011697993265
49.5,0.241699207270115
49.6,0.46142575933366
49.7,-0.0756835901550104
49.8,0.192871084589325
49.9,0.534667943354844
50,0.363769513972082
50.1,0.412597636652875
50.2,0.192871084589322
50.3,-0.00244140613383053
50.4,-0.100097651495406
50.5,0.217285145929718
50.6,-0.1245117128358
50.7,-0.588378878303294
50.8,-0.637207000984078
50.9,-0.0512695288146176
51,0.119628900568139
51.1,0.437011697993266
51.2,0.144042961908535
51.3,-0.17333983551659
51.4,-0.295410142218559
51.5,-0.759277307686052
51.6,-0.100097651495408
51.7,0.461425759333662
51.8,0.461425759333663
51.9,-0.124511712835799
52,-0.173339835516589
52.1,0.168457023248932
52.2,-0.441894510260926
52.3,-0.100097651495408
52.4,-0.368652326239743
52.5,-0.661621062324475
52.6,-0.10009765149541
52.7,0.119628900568139
52.8,0.0708007778873565
52.9,0.363769513972086
53,-0.246582019537772
53.1,-0.759277307686057
53.2,-0.441894510260923
53.3,-0.173339835516589
53.4,0.168457023248929
53.5,0.0219726552065666
53.6,-0.368652326239744
53.7,-0.270996080878166
53.8,-0.417480448920534
53.9,-0.46630857160132
54,0.217285145929718
54.1,0.241699207270111
54.2,-0.710449185005264
54.3,-0.63720700098408
54.4,-0.173339835516589
54.5,-0.319824203558953
54.6,-0.51513669428211
54.7,-0.393066387580136
54.8,-0.661621062324478
54.9,-0.197753896856985
55,0.119628900568144
55.1,-0.34423826489935
55.2,-0.0268554674742248
55.3,-0.222167958197377
55.4,-0.148925774176195
55.5,-0.00244140613382768
55.6,-0.270996080878166
55.7,-0.63720700098408
55.8,0.119628900568142
55.9,0.0708007778873522
56,-0.368652326239742
56.1,-0.344238264899349
56.2,0.412597636652876
56.3,0.290527329950905
56.4,-0.441894510260924
56.5,-0.197753896856985
56.6,0.0219726552065623
56.7,-0.686035123664871
56.8,-0.0756835901550104
56.9,0.339355452631688
57,-0.148925774176192
57.1,-0.222167958197377
57.2,-0.295410142218563
57.3,-0.368652326239744
57.4,0.2905273299509
57.5,0.046386716546958
57.6,-0.270996080878167
57.7,0.0708007778873508
57.8,-0.0268554674742262
57.9,0.534667943354843
58,0.607910127376024
58.1,-0.222167958197377
58.2,-0.588378878303293
58.3,-0.66162106232447
58.4,-0.417480448920531
58.5,0.266113268610509
58.6,0.705566372737606
58.7,0.119628900568146
58.8,-0.222167958197377
58.9,-0.539550755622506
59,0.0952148392277465
59.1,-0.0512695288146205
59.2,-0.368652326239746
59.3,-0.832519491707232
59.4,-0.441894510260927
59.5,-0.417480448920531
59.6,-0.0756835901550133
59.7,0.144042961908535
59.8,0.168457023248931
59.9,-0.588378878303293
60,-1.10107416645157
60.1,-0.295410142218562
60.2,-0.246582019537775
60.3,-0.124511712835803
60.4,0.437011697993265
60.5,-0.197753896856985
60.6,0.0463867165469622
60.7,0.485839820674053
60.8,0.461425759333662
60.9,0.0952148392277465
61,-0.490722632941716
61.1,-0.393066387580139
61.2,-0.319824203558957
61.3,-0.466308571601324
61.4,-0.00244140613383195
61.5,0.217285145929716
61.6,-0.441894510260927
61.7,0.192871084589324
61.8,0.58349606603563
61.9,0.437011697993266
62,0.119628900568144
62.1,-0.100097651495409
62.2,-0.0268554674742262
62.3,0.314941391291295
62.4,-0.466308571601324
62.5,0.217285145929718
62.6,-0.14892577417619
62.7,-0.319824203558954
62.8,-0.612792939643686
62.9,-1.05224604377078
63,-0.78369136902645
63.1,-0.417480448920533
63.2,0.046386716546958
63.3,-0.710449185005267
63.4,-1.05224604377079
63.5,-0.393066387580139
63.6,-0.710449185005265
63.7,-0.24658201953777
63.8,0.192871084589321
63.9,-0.734863246345654
64,-0.905761675728421
64.1,-0.0756835901550133
64.2,0.192871084589326
64.3,-0.417480448920527
64.4,-0.612792939643688
64.5,-0.075683590155009
64.6,0.0952148392277479
64.7,-0.39306638758014
64.8,-0.393066387580139
64.9,-0.686035123664871
65,-0.612792939643687
65.1,-0.222167958197379
65.2,-0.148925774176196
65.3,-0.17333983551659
65.4,-0.124511712835802
65.5,-0.563964816962901
65.6,-0.563964816962901
65.7,-0.246582019537776
65.8,-0.319824203558954
65.9,0.0219726552065652
66,0.290527329950899
66.1,-0.270996080878166
66.2,-0.783691369026441
66.3,-0.295410142218566
66.4,-0.246582019537772
66.5,0.119628900568139
66.6,-0.29541014221856
66.7,-0.295410142218564
66.8,-0.295410142218559
66.9,-0.832519491707231
67,-0.515136694282109
67.1,-0.637207000984083
67.2,-0.73486324634565
67.3,0.412597636652872
67.4,0.705566372737603
67.5,-0.344238264899351
67.6,-0.759277307686054
67.7,-0.78369136902645
67.8,-0.22216795819738
67.9,-0.222167958197382
68,-0.100097651495409
68.1,-0.466308571601324
68.2,-0.637207000984081
68.3,-0.588378878303293
68.4,-0.0268554674742262
68.5,-0.0756835901550133
68.6,-0.24658201953777
68.7,0.119628900568142
68.8,0.290527329950903
68.9,0.168457023248928
69,-0.34423826489935
69.1,-0.734863246345658
69.2,-0.466308571601319
69.3,-0.417480448920533
69.4,0.119628900568139
69.5,0.168457023248929
69.6,-0.197753896856986
69.7,-0.075683590155009
69.8,-0.441894510260929
69.9,-0.270996080878166
70,-0.319824203558959
70.1,-0.295410142218564
70.2,-0.783691369026447
70.3,-0.686035123664871
70.4,-0.759277307686054
70.5,-0.368652326239746
70.6,-0.930175737068814
70.7,-0.954589798409206
70.8,-0.222167958197376
70.9,-0.417480448920536
71,-0.466308571601319
71.1,-0.124511712835803
71.2,-0.222167958197382
71.3,-0.612792939643688
71.4,-0.905761675728419
71.5,-1.17431635047275
71.6,-0.173339835516589
71.7,-0.539550755622504
71.8,-1.4184569638767
71.9,-0.930175737068811
72,-0.588378878303288
72.1,-0.222167958197376
72.2,-0.832519491707234
72.3,-0.783691369026445
72.4,-0.588378878303293
72.5,-0.832519491707232
72.6,-1.02783198243038
72.7,-0.954589798409206
72.8,-1.05224604377079
72.9,-0.979003859749602
73,-1.29638665717472
73.1,-1.14990228913236
73.2,-0.441894510260924
73.3,-0.539550755622503
73.4,-0.759277307686054
73.5,-0.441894510260926
73.6,-0.173339835516592
73.7,-0.61279293964369
73.8,-0.612792939643687
73.9,-1.10107416645157
74,-0.979003859749604
74.1,-0.905761675728419
74.2,-1.34521477985551
74.3,-1.29638665717473
74.4,-1.02783198243039
74.5,-1.54052727057867
74.6,-1.56494133191906
74.7,-0.368652326239743
74.8,0.119628900568144
74.9,-0.270996080878169
75,0.0708007778873537
75.1,-0.344238264899349
75.2,0.314941391291295
75.3,-0.368652326239743
75.4,-1.49169914789788
75.5,-1.05224604377078
75.6,-0.881347614388024
75.7,-1.44287102521709
75.8,-1.27197259583433
75.9,-0.734863246345658
76,-1.05224604377079
76.1,-1.51611320923827
76.2,-1.85791006800379
76.3,-0.759277307686055
76.4,-0.832519491707232
76.5,-1.10107416645157
76.6,-1.29638665717473
76.7,-1.00341792109
76.8,-0.588378878303291
76.9,-0.881347614388022
77,-1.17431635047276
77.1,-0.808105430366842
77.2,-1.00341792109
77.3,-1.00341792109
77.4,-0.734863246345658
77.5,-0.832519491707238
77.6,-0.734863246345657
77.7,-1.02783198243039
77.8,-0.783691369026448
77.9,-0.344238264899351
78,-0.78369136902644
78.1,-1.10107416645157
78.2,-0.17333983551659
78.3,-0.270996080878167
78.4,-1.17431635047275
78.5,-0.905761675728418
78.6,-0.73486324634566
78.7,-1.56494133191906
78.8,-1.51611320923827
78.9,-0.808105430366842
79,-0.881347614388025
79.1,-1.3940429025363
79.2,-0.979003859749602
79.3,-0.5639648169629
79.4,-0.441894510260924
79.5,-0.832519491707234
79.6,-0.637207000984081
79.7,-0.856933553047631
79.8,-0.905761675728419
79.9,-1.19873041181315
80,-1.32080071851512
80.1,-1.14990228913236
80.2,-0.490722632941716
80.3,-0.808105430366841
80.4,-1.54052727057867
80.5,-0.466308571601321
80.6,-0.124511712835803
80.7,-0.539550755622503
80.8,0.0463867165469594
80.9,-0.588378878303293
81,-0.905761675728418
81.1,-1.17431635047275
81.2,-0.710449185005267
81.3,-0.710449185005263
81.4,-1.00341792108999
81.5,-1.02783198243039
81.6,-0.979003859749601
81.7,-0.686035123664871
81.8,-0.29541014221856
81.9,-0.832519491707234
82,-0.710449185005264
82.1,-1.05224604377078
82.2,-1.24755853449393
82.3,-0.34423826489935
82.4,-0.808105430366842
82.5,-0.832519491707238
82.6,0.168457023248929
82.7,0.192871084589325
82.8,-0.148925774176195
82.9,-0.100097651495406
83,-0.319824203558954
83.1,-0.51513669428211
83.2,-0.246582019537776
83.3,-0.34423826489935
83.4,-0.222167958197375
83.5,0.339355452631689
83.6,0.119628900568142
83.7,-0.686035123664868
83.8,-0.979003859749599
83.9,-0.588378878303293
84,-0.393066387580137
84.1,-0.124511712835803
84.2,-0.270996080878169
84.3,-0.588378878303291
84.4,-0.63720700098408
84.5,-0.173339835516589
84.6,0.119628900568141
84.7,-0.344238264899349
84.8,-0.197753896856985
84.9,-0.783691369026444
85,-1.34521477985552
85.1,-0.490722632941714
85.2,-0.100097651495408
85.3,-0.515136694282111
85.4,-0.563964816962898
85.5,-0.148925774176197
85.6,-0.466308571601321
85.7,-0.490722632941716
85.8,-0.515136694282109
85.9,-0.00244140613382768
86,-0.0268554674742219
86.1,-0.466308571601323
86.2,-1.19873041181315
86.3,-0.441894510260929
86.4,-0.295410142218563
86.5,-0.0268554674742276
86.6,0.241699207270112
86.7,0.192871084589322
86.8,-0.51513669428211
86.9,-0.783691369026448
87,-0.881347614388022
87.1,-0.612792939643687
87.2,-0.490722632941717
87.3,-0.490722632941717
87.4,-0.24658201953777
87.5,-0.490722632941717
87.6,-0.41748044892053
87.7,-0.051269528814619
87.8,-0.319824203558954
87.9,-0.246582019537773
88,-0.00244140613382768
88.1,-0.856933553047631
88.2,-0.197753896856986
88.3,-0.148925774176196
88.4,-0.344238264899347
88.5,-0.856933553047631
88.6,-0.0756835901550147
88.7,-0.686035123664868
88.8,-0.808105430366842
88.9,-0.686035123664871
89,-0.417480448920533
89.1,-0.686035123664873
89.2,-1.12548822779197
89.3,-0.222167958197375
89.4,-0.856933553047631
89.5,-0.832519491707234
89.6,-0.466308571601319
89.7,-0.270996080878166
89.8,-1.34521477985551
89.9,-0.417480448920533
90,0.168457023248929
90.1,-0.100097651495408
90.2,-0.0268554674742234
90.3,-0.881347614388022
90.4,-0.393066387580139
90.5,-0.0512695288146176
90.6,-0.319824203558956
90.7,-0.100097651495406
90.8,-0.0512695288146148
90.9,-0.246582019537773
91,-0.466308571601323
91.1,-0.563964816962897
91.2,-0.441894510260927
91.3,0.0708007778873537
91.4,-0.588378878303295
91.5,-0.0512695288146205
91.6,-0.100097651495405
91.7,-0.637207000984083
91.8,-0.197753896856985
91.9,0.144042961908534
92,-0.0268554674742276
92.1,-0.173339835516592
92.2,-0.197753896856985
92.3,-0.539550755622506
92.4,-0.270996080878169
92.5,-0.832519491707235
92.6,-0.222167958197375
92.7,-0.270996080878169
92.8,-0.490722632941716
92.9,-0.490722632941713
93,-0.588378878303291
93.1,-0.954589798409206
93.2,-0.490722632941717
93.3,0.0219726552065666
93.4,0.0952148392277479
93.5,0.217285145929715
93.6,0.217285145929715
93.7,-0.1245117128358
93.8,0.388183575312478
93.9,0.925292924801151
94,0.583496066035633
94.1,0.559082004695239
94.2,0.0952148392277451
94.3,-0.637207000984084
94.4,0.266113268610509
94.5,0.388183575312475
94.6,0.314941391291293
94.7,0.583496066035632
94.8,0.119628900568139
94.9,-0.344238264899351
95,0.168457023248931
95.1,-0.0512695288146205
95.2,0.485839820674053
95.3,0.705566372737603
95.4,0.388183575312476
95.5,0.461425759333662
95.6,0.55908200469524
95.7,0.217285145929715
95.8,-0.270996080878169
95.9,0.656738250056816
96,0.119628900568141
96.1,-0.100097651495405
96.2,0.290527329950903
96.3,0.168457023248931
96.4,-0.124511712835805
96.5,0.0708007778873522
96.6,0.0952148392277451
96.7,0.168457023248928
96.8,0.192871084589322
96.9,-0.100097651495409
97,-0.637207000984084
97.1,-0.22216795819738
97.2,0.314941391291293
97.3,0.461425759333662
97.4,0.681152311397213
97.5,0.217285145929718
97.6,0.290527329950899
97.7,0.485839820674056
97.8,0.388183575312476
97.9,0.607910127376026
98,0.632324188716419
98.1,0.0952148392277479
98.2,-0.100097651495408
98.3,0.217285145929718
98.4,0.75439449541839
98.5,0.559082004695237
98.6,0.437011697993268
98.7,0.314941391291293
98.8,0.144042961908535
98.9,0.266113268610506
99,0.41259763665287
99.1,-0.368652326239744
99.2,-0.0268554674742262
99.3,0.63232418871642
99.4,0.266113268610505
99.5,0.119628900568141
99.6,0.217285145929716
99.7,0.485839820674055
99.8,0.168457023248931
99.9,-0.10009765149541
100,-1.02783198243039
100.1,0.119628900568139
100.2,-0.466308571601323
100.3,0.144042961908535
100.4,0.33935545263169
100.5,-0.319824203558957
100.6,-1.29638665717473
100.7,-2.34619129481168
100.8,-3.83544903657574
100.9,-5.47119114638216
101,-7.10693325618857
101.1,-8.6938472433142
101.2,-10.0122065556955
101.3,-11.8188470948847
101.4,-13.7963860634566
101.5,-15.6274406639862
101.6,-17.2143546511118
101.7,-19.1186514356626
101.8,-20.3881826253631
101.9,-21.7553700604252
102,-23.0981434341469
102.1,-24.4897449305493
102.2,-26.0522448563345
102.3,-27.3461901073755
102.4,-28.6889634810971
102.5,-29.4946275053302
102.6,-30.1782212228612
102.7,-30.8374008790518
102.8,-31.9848617620504
102.9,-33.2543929517509
103,-34.3530257120686
103.1,-34.7680647548553
103.2,-35.6957990857903
103.3,-36.3793928033214
103.4,-36.7944318461081
103.5,-36.7211896620869
103.6,-37.7954083610642
103.7,-38.5766583239568
103.8,-39.0161114280839
103.9,-39.2114239188071
104,-39.2358379801475
104.1,-39.8706035749977
104.2,-39.7729473296362
104.3,-39.699705145615
104.4,-40.7250957219115
104.5,-40.8715800899539
104.6,-40.8959941512943
104.7,-40.8715800899539
104.8,-41.4819316234638
104.9,-41.3598613167618
105,-41.2622050714002
105.1,-41.7016581755273
105.2,-41.188962887379
105.3,-41.6284159915061
105.4,-42.0922831569736
105.5,-42.116697218314
105.6,-42.1899394023352
105.7,-42.0434550342928
105.8,-42.1899394023352
105.9,-42.5805643837815
106,-42.7514628131643
106.1,-42.6293925064623
106.2,-41.9457987889313
106.3,-41.7504862982081
106.4,-41.7260722368677
106.5,-41.2133769487194
106.6,-40.7495097832519
106.7,-41.2622050714002
106.8,-40.5786113538692
106.9,-40.6030254152096
107,-40.3344707404652
107.1,-39.577634838913
107.2,-39.3090801641687
107.3,-39.7241192069554
107.4,-39.4311504708706
107.5,-39.0893536121051
107.6,-38.7963848760204
107.7,-38.4057598945741
107.8,-38.3569317718933
107.9,-38.5766583239568
108,-37.722166177043
108.1,-37.2094708888948
108.2,-36.5747052940445
108.3,-36.0375959445558
108.4,-35.8422834538327
108.5,-35.6957990857903
108.6,-35.6225569017691
108.7,-35.8178693924923
108.8,-35.0610334909401
108.9,-34.9145491228977
109,-34.4018538347494
109.1,-34.2065413440263
109.2,-33.8647444852607
109.3,-33.449705442474
109.4,-33.4741195038144
109.5,-33.4741195038144
109.6,-33.2055648290701
109.7,-32.7905257862834
109.8,-32.3999008048371
109.9,-32.3754867434967
110,-32.1557601914331
110.1,-31.4721664739021
110.2,-30.6176743269883
110.3,-31.0571274311154
110.4,-30.8618149403922
110.5,-29.7875962414149
110.6,-29.6655259347129
110.7,-29.1528306465646
110.8,-29.2016587692454
110.9,-29.2749009532666
111,-28.615721297076
111.1,-28.7377916037779
111.2,-28.5668931743952
111.3,-28.0786119475873
111.4,-27.7612291501622
111.5,-27.9321275795449
111.6,-27.8100572728429
111.7,-27.5170885367582
111.8,-26.3696276537597
111.9,-26.1254870403557
112,-26.2963854697385
112.1,-26.516112021802
112.2,-26.1499011016961
112.3,-25.710447997569
112.4,-25.7592761202498
112.5,-25.3442370774631
112.6,-24.1723621331242
112.7,-24.1967761944646
112.8,-24.4897449305493
112.9,-24.8559558506552
113,-24.1479480717838
113.1,-22.8540028207429
113.2,-22.9760731274449
113.3,-23.2446278021892
113.4,-22.9516590661045
113.5,-22.6831043913601
113.6,-22.1459950418715
113.7,-22.2192372258927
113.8,-21.5844716310424
113.9,-21.3403310176385
114,-20.9497060361921
114.1,-20.754393545469
114.2,-20.9497060361921
114.3,-20.4858388707247
114.4,-20.4370107480439
114.5,-20.1196279506187
114.6,-19.6801748464916
114.7,-20.1440420119591
114.8,-19.6313467238109
114.9,-19.3383779877261
115,-18.8500967609182
115.1,-18.898924883599
115.2,-18.8012686382374
115.3,-18.5082999021527
115.4,-18.5082999021527
115.5,-18.7280264542163
115.6,-18.2885733500892
115.7,-18.6547842701951
115.8,-18.8012686382374
115.9,-17.8735343073025
116,-17.6049796325581
116.1,-17.4829093258562
116.2,-16.9946280990483
116.3,-16.4086906268788
116.4,-16.8237296696655
116.5,-17.2143546511118
116.6,-17.3852530804946
116.7,-16.9702140377079
116.8,-16.604003117602
116.9,-16.4086906268788
117,-15.9448234614113
117.1,-15.432128173263
117.2,-15.2368156825399
117.3,-15.7006828480074
117.4,-16.0180656454325
117.5,-16.0180656454325
117.6,-15.6030266026458
117.7,-15.1879875598591
117.8,-14.9682610077955
117.9,-14.8950188237744
118,-14.9194328851148
118.1,-14.8950188237744
118.2,-14.4555657196473
118.3,-14.5532219650088
118.4,-14.4555657196473
118.5,-14.4067375969665
118.6,-14.3579094742857
118.7,-13.9916985541798
118.8,-14.0405266768606
118.9,-14.1870110449029
119,-14.3579094742857
119.1,-14.1381829222221
119.2,-13.5034173273719
119.3,-13.4790032660315
119.4,-13.4545892046911
119.5,-13.7475579407758
119.6,-13.698729818095
119.7,-12.9174798552024
119.8,-13.0395501619044
119.9,-12.9418939165428
120,-13.3081048366487
120.1,-13.2592767139679
120.2,-12.8442376711812
120.3,-12.3559564443733
120.4,-12.9174798552024
120.5,-12.9418939165428
120.6,-12.7465814258197
120.7,-12.0141595856078
120.8,-11.6723627268423
120.9,-12.087401769629
121,-12.5512689350965
121.1,-12.087401769629
121.2,-11.9409174015866
121.3,-11.7700189722039
121.4,-11.5502924201403
121.5,-11.4282221134384
121.6,-11.403808052098
121.7,-11.403808052098
121.8,-11.5991205428211
121.9,-11.9409174015866
122,-11.7456049108635
122.1,-11.1108393160132
122.2,-10.7446283959073
122.3,-10.9155268252901
122.4,-11.6723627268423
122.5,-10.5737299665246
122.6,-10.0854487397167
122.7,-10.5249018438438
122.8,-10.9155268252901
122.9,-10.3295893531206
123,-10.7934565185881
123.1,-10.1831049850782
123.2,-10.3051752917802
123.3,-10.2075190464186
123.4,-9.76806594229155
123.5,-9.69482375827036
123.6,-10.1098628010571
123.7,-10.1831049850782
123.8,-10.4516596598226
123.9,-10.1831049850782
124,-9.89013624899352
124.1,-9.74365188095116
124.2,-9.93896437167431
124.3,-9.40185502218563
124.4,-9.67040969692997
124.5,-9.64599563558958
124.6,-9.30419877682406
124.7,-8.79150348867578
124.8,-9.15771440878169
124.9,-9.5727534515684
125,-9.64599563558958
125.1,-9.42626908352603
125.2,-8.47412069125065
125.3,-8.59619099795263
125.4,-9.25537065414327
125.5,-9.03564410207972
125.6,-8.93798785671814
125.7,-9.35302689950485
125.8,-9.06005816342012
125.9,-8.44970662991026
126,-8.37646444588908
126.1,-9.1088862861009
126.2,-8.81591755001617
126.3,-8.88915973403735
126.4,-8.96240191805854
126.5,-8.59619099795262
126.6,-8.91357379537775
126.7,-9.35302689950485
126.8,-9.548339390228
126.9,-8.98681597939893
127,-8.62060505929302
127.1,-8.18115195516592
127.2,-8.59619099795263
127.3,-9.27978471548366
127.4,-8.88915973403736
127.5,-8.30322226186789
127.6,-8.6938472433142
127.7,-8.7182613046546
127.8,-9.1088862861009
127.9,-9.27978471548366
128,-9.1088862861009
128.1,-8.37646444588908
128.2,-8.57177693661223
128.3,-8.91357379537775
128.4,-9.42626908352603
128.5,-9.9877924943551
128.6,-9.64599563558958
128.7,-8.93798785671814
128.8,-9.06005816342012
128.9,-8.93798785671814
129,-8.84033161135657
129.1,-9.37744096084524
129.2,-9.47509720620682
129.3,-9.42626908352603
129.4,-8.93798785671814
129.5,-8.88915973403736
129.6,-9.45068314486642
129.7,-8.91357379537775
129.8,-9.32861283816445
129.9,-9.03564410207972
130,-9.15771440878169
130.1,-8.98681597939893
130.2,-9.03564410207972
130.3,-8.52294881393144
130.4,-8.81591755001617
130.5,-9.03564410207972
130.6,-9.1333003474413
130.7,-8.91357379537775
130.8,-8.79150348867578
130.9,-8.62060505929302
131,-8.49853475259105
131.1,-8.81591755001617
131.2,-8.18115195516592
131.3,-8.35205038454868
131.4,-8.6938472433142
131.5,-8.84033161135657
131.6,-8.44970662991026
131.7,-8.81591755001617
131.8,-8.7182613046546
131.9,-8.20556601650632
132,-8.01025352578316
132.1,-8.22998007784671
132.2,-8.40087850722947
132.3,-8.03466758712356
132.4,-7.98583946444277
132.5,-8.05908164846395
132.6,-8.10790977114474
132.7,-7.8637691577408
132.8,-8.15673789382553
132.9,-7.91259728042159
133,-7.96142540310237
133.1,-8.47412069125065
133.2,-8.22998007784671
133.3,-8.44970662991026
133.4,-8.86474567269696
133.5,-8.59619099795263
133.6,-7.96142540310237
133.7,-7.74169885103883
133.8,-7.93701134176198
133.9,-8.03466758712356
134,-8.2788082005275
134.1,-8.7182613046546
134.2,-8.32763632320829
134.3,-8.22998007784671
134.4,-7.98583946444277
134.5,-7.88818321908119
134.6,-7.8637691577408
134.7,-7.93701134176198
134.8,-8.32763632320829
134.9,-7.8637691577408
135,-7.8637691577408
135.1,-8.05908164846395
135.2,-8.25439413918711
135.3,-8.54736287527184
135.4,-8.05908164846395
135.5,-7.52197229897528
135.6,-6.9848629494866
135.7,-7.64404260567725
135.8,-7.76611291237922
135.9,-7.93701134176198
136,-7.61962854433686
136.1,-8.03466758712356
136.2,-8.18115195516592
136.3,-7.57080042165607
136.4,-7.54638636031567
136.5,-7.81494103506001
136.6,-7.69287072835804
136.7,-7.64404260567725
136.8,-7.37548793093291
136.9,-7.30224574691173
137,-7.25341762423094
137.1,-7.57080042165606
137.2,-8.13232383248513
137.3,-7.44873011495409
137.4,-6.96044888814621
137.5,-7.35107386959252
137.6,-7.49755823763488
137.7,-7.88818321908119
137.8,-7.13134731752897
137.9,-6.91162076546542
138,-7.76611291237922
138.1,-7.71728478969843
138.2,-7.22900356289054
138.3,-7.32665980825212
138.4,-7.25341762423094
138.5,-7.18017544020976
138.6,-7.30224574691172
138.7,-6.9848629494866
138.8,-6.93603482680581
138.9,-6.91162076546542
139,-7.009277010827
139.1,-6.93603482680581
139.2,-6.9848629494866
139.3,-7.03369107216739
139.4,-6.78955045876345
139.5,-6.9848629494866
139.6,-7.009277010827
139.7,-6.9848629494866
139.8,-6.86279264278463
139.9,-6.83837858144423
140,-7.15576137886936
140.1,-7.10693325618857
140.2,-7.05810513350779
140.3,-6.91162076546542
140.4,-6.52099578401911
140.5,-6.47216766133832
140.6,-6.76513639742305
140.7,-7.27783168557133
140.8,-7.37548793093291
140.9,-7.8637691577408
141,-7.57080042165606
141.1,-7.13134731752896
141.2,-6.78955045876345
141.3,-6.1547848639132
141.4,-6.69189421340187
141.5,-6.88720670412502
141.6,-7.35107386959252
141.7,-6.69189421340187
141.8,-6.17919892525359
141.9,-6.86279264278463
142,-5.98388643453043
142.1,-6.47216766133832
142.2,-6.81396452010384
142.3,-6.81396452010384
142.4,-6.44775359999793
142.5,-7.08251919484818
142.6,-7.22900356289054
142.7,-6.61865202938068
142.8,-6.91162076546541
142.9,-7.13134731752897
143,-5.98388643453043
143.1,-6.27685517061517
143.2,-6.37451141597674
143.3,-6.5698239066999
143.4,-6.5698239066999
143.5,-6.49658172267872
143.6,-6.66748015206147
143.7,-6.61865202938069
143.8,-6.27685517061517
143.9,-6.03271455721123
144,-6.10595674123241
144.1,-6.64306609072108
144.2,-6.71630827474226
144.3,-6.59423796804029
144.4,-7.10693325618857
144.5,-6.47216766133832
144.6,-6.20361298659398
144.7,-6.78955045876345
144.8,-6.5698239066999
144.9,-6.10595674123241
145,-5.78857394380728
145.1,-6.20361298659398
145.2,-6.10595674123241
145.3,-5.98388643453043
145.4,-6.35009735463635
145.5,-6.44775359999792
145.6,-6.1303708025728
145.7,-6.17919892525359
145.8,-5.91064425050925
145.9,-5.54443333040333
146,-6.5454098453595
146.1,-6.61865202938069
146.2,-5.98388643453043
146.3,-5.6909176984457
146.4,-6.37451141597674
146.5,-6.00830049587083
146.6,-5.59326145308413
146.7,-5.52001926906294
146.8,-5.88623018916886
146.9,-5.78857394380728
147,-5.83740206648807
147.1,-5.52001926906294
147.2,-5.54443333040334
147.3,-5.03173804225506
147.4,-5.64208957576492
147.5,-5.81298800514768
147.6,-5.7153317597861
147.7,-5.7153317597861
147.8,-6.1303708025728
147.9,-6.1303708025728
148,-5.6909176984457
148.1,-5.6909176984457
148.2,-5.05615210359545
148.3,-5.59326145308413
148.4,-6.00830049587083
148.5,-5.59326145308412
148.6,-5.66650363710531
148.7,-5.78857394380728
148.8,-5.12939428761663
148.9,-5.44677708504176
149,-4.88525367421269
149.1,-4.34814432472402
149.2,-5.17822241029742
149.3,-5.275878655659
149.4,-5.20263647163782
149.5,-5.61767551442452
149.6,-5.05615210359545
149.7,-5.08056616493585
149.8,-5.42236302370136
149.9,-6.1547848639132
150,-5.34912083968019
150.1,-4.73876930617033
150.2,-4.73876930617033
150.3,-5.22705053297821
150.4,-5.88623018916886
150.5,-5.81298800514767
150.6,-5.83740206648807
150.7,-5.42236302370136
150.8,-4.71435524482993
150.9,-4.61669899946835
151,-5.49560520772255
151.1,-6.00830049587083
151.2,-5.10498022627624
151.3,-4.51904275410678
151.4,-4.47021463142599
151.5,-5.10498022627624
151.6,-4.95849585823387
151.7,-4.90966773555309
151.8,-4.73876930617033
151.9,-5.64208957576491
152,-5.47119114638215
152.1,-5.275878655659
152.2,-4.81201149019151
152.3,-4.51904275410678
152.4,-4.49462869276638
152.5,-5.25146459431861
152.6,-5.03173804225506
152.7,-5.25146459431861
152.8,-5.37353490102058
152.9,-4.76318336751072
153,-4.34814432472402
153.1,-4.49462869276638
153.2,-4.78759742885111
153.3,-4.98290991957427
153.4,-5.08056616493585
153.5,-4.73876930617033
153.6,-4.76318336751072
153.7,-5.08056616493585
153.8,-4.20165995668166
153.9,-4.32373026338363
154,-4.68994118348954
154.1,-5.32470677833979
154.2,-5.15380834895703
154.3,-5.17822241029742
154.4,-4.61669899946836
154.5,-4.68994118348954
154.6,-5.03173804225506
154.7,-5.15380834895703
154.8,-4.54345681544717
154.9,-4.20165995668165
155,-4.37255838606441
155.1,-5.05615210359545
155.2,-4.8608396128723
155.3,-4.51904275410678
155.4,-4.51904275410678
155.5,-4.54345681544717
155.6,-4.12841777266047
155.7,-4.4458005700856
155.8,-4.4458005700856
155.9,-4.27490214070284
156,-4.8364255515319
156.1,-4.15283183400086
156.2,-3.37158187110824
156.3,-2.85888658295997
156.4,-3.24951156440627
156.5,-4.29931620204323
156.6,-4.29931620204323
156.7,-4.25048807936244
156.8,-4.47021463142599
156.9,-4.8364255515319
157,-4.22607401802205
157.1,-4.66552712214914
157.2,-4.49462869276639
157.3,-4.68994118348954
157.4,-4.71435524482993
157.5,-4.4458005700856
157.6,-4.47021463142599
157.7,-4.20165995668165
157.8,-4.17724589534126
157.9,-4.0063474659585
158,-3.59130842317179
158.1,-3.17626938038509
158.2,-3.66455060719298
158.3,-4.27490214070284
158.4,-3.90869122059692
158.5,-3.44482405512943
158.6,-3.81103497523534
158.7,-3.78662091389495
158.8,-3.10302719636391
158.9,-3.61572248451219
159,-3.29833968708706
159.1,-2.51708972419444
159.2,-2.59033190821562
159.3,-3.32275374842746
159.4,-3.27392562574667
159.5,-3.54248030049101
159.6,-3.9819334046181
159.7,-3.83544903657574
159.8,-3.61572248451219
159.9,-3.51806623915061
160,-3.51806623915061
160.1,-3.24951156440627
160.2,-3.68896466853337
160.3,-2.85888658295997
160.4,-2.76123033759839
160.5,-3.44482405512943
160.6,-3.27392562574666
160.7,-3.24951156440628
160.8,-3.42040999378903
160.9,-3.71337872987377
161,-4.22607401802204
161.1,-3.59130842317179
161.2,-2.2973631721309
161.3,-2.7124022149176
161.4,-3.1518553190447
161.5,-3.22509750306588
161.6,-3.39599593244863
161.7,-3.93310528193731
161.8,-3.32275374842746
161.9,-2.98095688966193
162,-3.05419907368312
162.1,-3.66455060719297
162.2,-4.15283183400087
162.3,-3.78662091389495
162.4,-2.98095688966193
162.5,-2.85888658295996
162.6,-3.39599593244864
162.7,-2.66357409223681
162.8,-3.46923811646982
162.9,-3.29833968708706
163,-3.5668943618314
163.1,-3.66455060719298
163.2,-2.98095688966193
163.3,-3.39599593244864
163.4,-3.42040999378903
163.5,-3.64013654585259
163.6,-3.37158187110825
163.7,-3.07861313502351
163.8,-3.10302719636391
163.9,-3.22509750306588
164,-3.20068344172548
164.1,-2.78564439893878
164.2,-3.15185531904469
164.3,-4.20165995668165
164.4,-3.00537095100233
164.5,-2.51708972419444
164.6,-3.29833968708706
164.7,-3.73779279121416
164.8,-3.02978501234272
164.9,-3.24951156440627
165,-2.85888658295997
165.1,-3.20068344172548
165.2,-2.95654282832154
165.3,-3.00537095100233
165.4,-3.5913084231718
165.5,-3.22509750306588
165.6,-3.1274412577043
165.7,-2.83447252161957
165.8,-3.24951156440627
165.9,-3.32275374842745
166,-3.71337872987376
166.1,-3.78662091389495
166.2,-3.542480300491
166.3,-3.68896466853337
166.4,-4.17724589534126
166.5,-3.81103497523534
166.6,-3.93310528193731
166.7,-3.54248030049101
166.8,-3.27392562574667
166.9,-3.1274412577043
167,-2.19970692676932
167.1,-3.20068344172549
167.2,-3.34716780976785
167.3,-2.95654282832154
167.4,-3.85986309791613
167.5,-3.32275374842746
167.6,-3.1518553190447
167.7,-2.7124022149176
167.8,-2.76123033759839
167.9,-3.22509750306588
168,-3.46923811646982
168.1,-3.10302719636391
168.2,-3.1274412577043
168.3,-3.05419907368312
168.4,-3.5913084231718
168.5,-3.76220685255455
168.6,-2.88330064430036
168.7,-3.00537095100234
168.8,-2.95654282832154
168.9,-3.32275374842746
169,-3.51806623915061
169.1,-2.98095688966194
169.2,-2.76123033759839
169.3,-3.83544903657573
169.4,-3.54248030049101
169.5,-2.76123033759839
169.6,-3.24951156440628
169.7,-3.78662091389494
169.8,-3.44482405512943
169.9,-2.83447252161957
170,-3.29833968708706
170.1,-3.5668943618314
170.2,-2.88330064430036
170.3,-2.83447252161957
170.4,-2.88330064430036
170.5,-3.29833968708706
170.6,-2.95654282832154
170.7,-2.37060535615208
170.8,-2.32177723347129
170.9,-2.44384754017326
171,-1.8579100680038
171.1,-2.37060535615208
171.2,-2.78564439893878
171.3,-2.44384754017326
171.4,-2.10205068140774
171.5,-3.05419907368312
171.6,-3.42040999378903
171.7,-2.90771470564075
171.8,-3.05419907368312
171.9,-2.7124022149176
172,-2.37060535615207
172.1,-2.90771470564075
172.2,-2.56591784687523
172.3,-1.88232412934419
172.4,-2.7124022149176
172.5,-2.54150378553484
172.6,-2.2729491107905
172.7,-2.10205068140773
172.8,-2.95654282832154
172.9,-2.49267566285405
173,-1.97998037470576
173.1,-2.54150378553484
173.2,-2.56591784687523
173.3,-1.8579100680038
173.4,-2.17529286542892
173.5,-2.15087880408853
173.6,-2.63916003089641
173.7,-2.93212876698114
173.8,-2.00439443604616
173.9,-1.90673819068459
174,-2.15087880408853
174.1,-2.51708972419444
174.2,-2.19970692676932
174.3,-1.809081945323
174.4,-2.12646474274813
174.5,-2.12646474274813
174.6,-1.90673819068458
174.7,-2.07763662006734
174.8,-2.37060535615207
174.9,-2.2729491107905
175,-1.78466788398261
175.1,-2.07763662006735
175.2,-2.17529286542892
175.3,-2.17529286542892
175.4,-2.2485350494501
175.5,-2.12646474274813
175.6,-1.90673819068458
175.7,-1.88232412934419
175.8,-1.95556631336537
175.9,-1.56494133191906
176,-2.12646474274813
176.1,-2.10205068140774
176.2,-2.2485350494501
176.3,-2.73681627625799
176.4,-2.2729491107905
176.5,-1.61376945459985
176.6,-1.49169914789788
176.7,-1.93115225202497
176.8,-1.73583976130182
176.9,-1.93115225202498
177,-2.51708972419444
177.1,-1.8579100680038
177.2,-1.73583976130182
177.3,-1.8579100680038
177.4,-2.00439443604616
177.5,-1.90673819068458
177.6,-2.07763662006735
177.7,-2.15087880408853
177.8,-2.59033190821563
177.9,-2.54150378553483
178,-1.68701163862103
178.1,-2.37060535615208
178.2,-2.05322255872695
178.3,-2.37060535615207
178.4,-2.56591784687523
178.5,-2.15087880408853
178.6,-1.95556631336537
178.7,-1.88232412934419
178.8,-1.68701163862103
178.9,-2.07763662006734
179,-2.19970692676932
179.1,-2.00439443604616
179.2,-2.34619129481168
179.3,-2.44384754017326
179.4,-2.71240221491759
179.5,-2.71240221491759
179.6,-1.61376945459985
179.7,-2.05322255872695
179.8,-2.22412098810971
179.9,-2.88330064430036
180,-2.59033190821562
180.1,-2.07763662006735
180.2,-2.34619129481168
180.3,-3.02978501234272
180.4,-2.22412098810971
180.5,-2.2485350494501
180.6,-2.15087880408853
180.7,-2.41943347883287
180.8,-2.46826160151366
180.9,-2.54150378553483
181,-2.78564439893878
181.1,-2.32177723347129
181.2,-1.73583976130182
181.3,-2.07763662006734
181.4,-3.1274412577043
181.5,-3.02978501234272
181.6,-2.85888658295996
181.7,-2.63916003089642
181.8,-2.12646474274813
181.9,-2.2729491107905
182,-2.76123033759838
182.1,-2.83447252161957
182.2,-2.41943347883286
182.3,-2.54150378553484
182.4,-2.32177723347129
182.5,-2.24853504945011
182.6,-3.02978501234272
182.7,-2.12646474274814
182.8,-1.85791006800379
182.9,-2.56591784687523
183,-3.02978501234272
183.1,-2.29736317213089
183.2,-2.12646474274813
183.3,-2.51708972419444
183.4,-2.66357409223681
183.5,-2.44384754017326
183.6,-2.61474596955602
183.7,-2.49267566285404
183.8,-2.78564439893878
183.9,-2.81005846027918
184,-2.78564439893878
184.1,-3.02978501234272
184.2,-2.7124022149176
184.3,-3.15185531904469
184.4,-2.44384754017326
184.5,-2.54150378553483
184.6,-3.22509750306588
184.7,-3.29833968708706
184.8,-2.78564439893878
184.9,-3.05419907368311
185,-2.51708972419444
185.1,-2.54150378553484
185.2,-2.56591784687523
185.3,-2.71240221491759
185.4,-2.56591784687523
185.5,-2.54150378553483
185.6,-2.46826160151365
185.7,-2.44384754017325
185.8,-2.39501941749247
185.9,-2.39501941749247
186,-2.83447252161956
186.1,-3.05419907368311
186.2,-2.61474596955602
186.3,-2.59033190821563
186.4,-2.6879881535772
186.5,-2.32177723347129
186.6,-2.78564439893878
186.7,-3.32275374842746
186.8,-2.44384754017326
186.9,-2.32177723347129
187,-2.07763662006734
187.1,-2.29736317213089
187.2,-2.51708972419444
187.3,-2.83447252161957
187.4,-3.05419907368311
187.5,-3.02978501234273
187.6,-2.41943347883286
187.7,-2.46826160151365
187.8,-3.5668943618314
187.9,-3.07861313502352
188,-2.95654282832154
188.1,-2.61474596955602
188.2,-2.51708972419444
188.3,-3.1030271963639
188.4,-3.1274412577043
188.5,-2.49267566285405
188.6,-2.66357409223681
188.7,-2.90771470564075
188.8,-2.61474596955602
188.9,-2.73681627625799
189,-2.54150378553484
189.1,-2.59033190821562
189.2,-2.56591784687523
189.3,-3.20068344172548
189.4,-3.49365217781021
189.5,-2.85888658295996
189.6,-2.83447252161957
189.7,-3.22509750306588
189.8,-2.34619129481168
189.9,-2.17529286542892
190,-2.73681627625799
190.1,-3.1274412577043
190.2,-3.02978501234272
190.3,-3.07861313502352
190.4,-2.98095688966193
190.5,-2.6879881535772
190.6,-2.41943347883286
190.7,-2.2485350494501
190.8,-2.07763662006734
190.9,-2.37060535615208
191,-2.05322255872695
191.1,-2.41943347883287
191.2,-1.8579100680038
191.3,-2.66357409223681
191.4,-3.1518553190447
191.5,-2.56591784687523
191.6,-2.19970692676931
191.7,-2.98095688966193
191.8,-2.34619129481168
191.9,-2.17529286542892
192,-2.17529286542892
192.1,-1.76025382264222
192.2,-1.8579100680038
192.3,-2.39501941749247
192.4,-2.46826160151366
192.5,-2.39501941749247
192.6,-1.68701163862104
192.7,-1.63818351594025
192.8,-1.76025382264222
192.9,-2.05322255872694
193,-2.10205068140774
193.1,-1.78466788398261
193.2,-1.97998037470577
193.3,-2.10205068140774
193.4,-1.71142569996143
193.5,-1.95556631336538
193.6,-2.02880849738655
193.7,-1.78466788398261
193.8,-1.34521477985552
193.9,-1.93115225202498
194,-1.12548822779196
194.1,-1.78466788398261
194.2,-2.56591784687523
194.3,-2.39501941749247
194.4,-1.80908194532301
194.5,-1.71142569996143
194.6,-1.58935539325946
194.7,-1.61376945459985
194.8,-1.58935539325946
194.9,-1.68701163862104
195,-1.63818351594025
195.1,-1.76025382264222
195.2,-1.49169914789788
195.3,-2.34619129481168
195.4,-2.6879881535772
195.5,-1.8334960066634
195.6,-2.17529286542893
195.7,-1.88232412934419
195.8,-1.61376945459985
195.9,-1.44287102521709
196,-1.80908194532301
196.1,-1.78466788398261
196.2,-1.66259757728064
196.3,-1.97998037470577
196.4,-1.78466788398261
196.5,-2.19970692676932
196.6,-2.34619129481168
196.7,-1.49169914789788
196.8,-1.49169914789788
196.9,-2.12646474274813
197,-1.51611320923828
197.1,-1.34521477985552
197.2,-1.63818351594025
197.3,-1.39404290253631
197.4,-0.856933553047632
197.5,-0.832519491707235
197.6,-1.22314447315355
197.7,-1.56494133191907
197.8,-1.51611320923828
197.9,-1.49169914789788
198,-1.10107416645158
198.1,-1.17431635047276
198.2,-1.73583976130183
198.3,-1.58935539325945
198.4,-1.80908194532301
198.5,-2.02880849738656
198.6,-2.76123033759838
198.7,-2.44384754017326
198.8,-1.22314447315354
198.9,-1.00341792109
199,-1.58935539325946
199.1,-1.68701163862104
199.2,-2.34619129481168
199.3,-2.00439443604616
199.4,-1.8334960066634
199.5,-1.44287102521709
199.6,-1.4184569638767
199.7,-1.56494133191906
199.8,-1.76025382264222
199.9,-1.19873041181315
200,-1.05224604377079
200.1,-1.46728508655749
200.2,-0.905761675728421
200.3,-0.856933553047628
200.4,-1.36962884119591
200.5,-1.49169914789788
200.6,-1.17431635047275
200.7,-1.19873041181315
200.8,-1.56494133191906
200.9,-2.17529286542892
201,-2.32177723347129
201.1,-1.58935539325946
201.2,-1.4428710252171
201.3,-1.07666010511118
201.4,-0.563964816962896
201.5,-1.36962884119591
201.6,-1.66259757728064
201.7,-1.58935539325946
201.8,-2.00439443604616
201.9,-1.76025382264222
202,-1.36962884119591
202.1,-1.05224604377079
202.2,-0.661621062324474
202.3,-1.39404290253631
202.4,-1.8334960066634
202.5,-1.63818351594025
202.6,-1.4184569638767
202.7,-1.78466788398262
202.8,-2.41943347883287
202.9,-2.41943347883286
203,-1.68701163862104
203.1,-1.51611320923828
203.2,-1.10107416645157
203.3,-0.759277307686051
203.4,-1.51611320923828
203.5,-1.46728508655749
203.6,-2.02880849738656
203.7,-1.93115225202498
203.8,-1.36962884119591
203.9,-1.95556631336537
204,-1.54052727057867
204.1,-1.8334960066634
204.2,-1.73583976130183
204.3,-1.76025382264222
204.4,-2.02880849738656
204.5,-1.3940429025363
204.6,-1.46728508655749
204.7,-1.809081945323
204.8,-1.88232412934419
204.9,-1.93115225202498
205,-2.02880849738656
205.1,-1.76025382264222
205.2,-1.66259757728064
205.3,-1.63818351594025
205.4,-1.44287102521709
205.5,-1.809081945323
205.6,-1.61376945459985
205.7,-1.07666010511118
205.8,-1.27197259583433
205.9,-1.68701163862104
206,-1.49169914789788
206.1,-1.85791006800379
206.2,-2.19970692676931
206.3,-2.51708972419444
206.4,-1.68701163862103
206.5,-1.90673819068459
206.6,-1.58935539325946
206.7,-1.71142569996143
206.8,-1.61376945459985
206.9,-1.49169914789788
207,-2.2485350494501
207.1,-1.88232412934419
207.2,-1.29638665717473
207.3,-1.56494133191906
207.4,-1.3940429025363
207.5,-1.02783198243039
207.6,-1.3940429025363
207.7,-1.63818351594025
207.8,-1.54052727057867
207.9,-1.88232412934419
208,-1.71142569996143
208.1,-1.24755853449393
208.2,-1.10107416645157
208.3,-1.90673819068458
208.4,-1.24755853449394
208.5,-1.51611320923827
208.6,-2.24853504945011
208.7,-1.8334960066634
208.8,-1.66259757728064
208.9,-1.49169914789788
209,-1.63818351594025
209.1,-2.00439443604616
209.2,-1.14990228913236
209.3,-1.07666010511117
209.4,-1.27197259583433
209.5,-1.14990228913236
209.6,-1.46728508655749
209.7,-2.05322255872695
209.8,-1.90673819068458
209.9,-1.76025382264222
210,-1.51611320923827
210.1,-1.49169914789788
210.2,-1.809081945323
210.3,-1.66259757728064
210.4,-0.637207000984084
210.5,-0.979003859749604
210.6,-1.00341792109
210.7,-1.36962884119591
210.8,-1.02783198243039
210.9,-1.07666010511118
211,-1.56494133191906
211.1,-1.95556631336537
211.2,-1.51611320923828
211.3,-0.856933553047629
211.4,-1.51611320923828
211.5,-1.3940429025363
211.6,-1.8334960066634
211.7,-1.46728508655749
211.8,-0.612792939643688
211.9,-0.832519491707235
212,-1.4184569638767
212.1,-1.61376945459985
212.2,-0.734863246345652
212.3,-1.49169914789788
212.4,-1.97998037470577
212.5,-1.54052727057867
212.6,-1.61376945459985
212.7,-1.71142569996143
212.8,-1.80908194532301
212.9,-1.80908194532301
213,-1.22314447315354
213.1,-1.12548822779197
213.2,-1.49169914789788
213.3,-1.73583976130182
213.4,-1.58935539325945
213.5,-1.14990228913236
213.6,-1.49169914789788
213.7,-1.44287102521709
213.8,-1.95556631336537
213.9,-1.809081945323
214,-1.56494133191906
214.1,-1.68701163862103
214.2,-1.58935539325946
214.3,-1.22314447315354
214.4,-0.930175737068811
214.5,-1.12548822779196
214.6,-1.02783198243039
214.7,-1.12548822779197
214.8,-1.58935539325946
214.9,-1.24755853449394
215,-1.54052727057867
215.1,-2.63916003089641
215.2,-1.76025382264222
215.3,-1.51611320923827
215.4,-1.58935539325946
215.5,-1.54052727057867
215.6,-1.95556631336537
215.7,-2.37060535615208
215.8,-1.56494133191906
215.9,-1.27197259583433
216,-1.80908194532301
216.1,-1.76025382264222
216.2,-0.856933553047631
216.3,-0.295410142218563
216.4,-1.63818351594024
216.5,-1.88232412934419
216.6,-2.00439443604616
216.7,-2.2485350494501
216.8,-1.93115225202498
216.9,-1.90673819068458
217,-1.61376945459985
217.1,-1.22314447315354
217.2,-2.17529286542892
217.3,-2.00439443604616
217.4,-1.56494133191906
217.5,-1.95556631336537
217.6,-1.71142569996143
217.7,-1.90673819068458
217.8,-1.24755853449394
217.9,-1.51611320923828
218,-1.19873041181315
218.1,-0.710449185005264
218.2,-1.14990228913236
218.3,-1.58935539325946
218.4,-1.02783198243039
218.5,-1.3696288411959
218.6,-1.46728508655748
218.7,-0.856933553047629
218.8,-0.954589798409209
218.9,-1.49169914789788
219,-0.979003859749599
219.1,-0.148925774176199
219.2,-1.19873041181315
219.3,-0.856933553047624
219.4,-0.856933553047628
219.5,-1.68701163862103
219.6,-1.68701163862103
219.7,-1.32080071851512
219.8,-1.17431635047275
219.9,-1.19873041181315
220,-1.27197259583433
220.1,-1.34521477985552
220.2,-0.808105430366838
220.3,-1.76025382264222
220.4,-1.4184569638767
220.5,-0.979003859749599
220.6,-1.14990228913236
220.7,-1.4184569638767
220.8,-0.954589798409206
220.9,-1.34521477985551
221,-1.22314447315354
221.1,-0.686035123664871
221.2,-1.46728508655749
221.3,-1.24755853449393
221.4,-1.07666010511118
221.5,-1.49169914789788
221.6,-1.51611320923827
221.7,-1.49169914789788
221.8,-1.27197259583433
221.9,-1.14990228913236
222,-1.24755853449393
222.1,-1.41845696387669
222.2,-0.954589798409206
222.3,-1.00341792109
222.4,-1.12548822779196
222.5,-1.19873041181315
222.6,-0.466308571601324
222.7,-0.734863246345657
222.8,-0.808105430366841
222.9,-0.441894510260927
223,-0.661621062324474
223.1,-1.24755853449394
223.2,-1.10107416645157
223.3,-0.368652326239746
223.4,-0.319824203558957
223.5,-0.588378878303294
223.6,-0.710449185005265
223.7,-0.80810543036684
223.8,-1.02783198243039
223.9,-1.3940429025363
224,-1.19873041181315
224.1,-1.29638665717472
224.2,-1.29638665717473
224.3,-1.32080071851512
224.4,-0.905761675728419
224.5,-0.734863246345658
224.6,-0.832519491707232
224.7,-0.563964816962896
224.8,-0.710449185005264
224.9,-0.344238264899349
225,-0.637207000984083
225.1,-0.78369136902644
225.2,-0.515136694282109
225.3,-1.00341792109
225.4,-1.8334960066634
225.5,-1.00341792109
225.6,-0.759277307686052
225.7,-1.10107416645157
225.8,-1.54052727057867
225.9,-0.490722632941717
226,-0.270996080878169
226.1,-0.759277307686052
226.2,-0.686035123664867
226.3,-0.734863246345661
226.4,-1.00341792109
226.5,-0.588378878303294
226.6,-0.539550755622506
226.7,-0.0024414061338291
226.8,-0.490722632941717
226.9,-1.34521477985551
227,-1.19873041181315
227.1,-0.51513669428211
227.2,-0.68603512366487
227.3,-1.32080071851512
227.4,-0.637207000984083
227.5,-0.417480448920536
227.6,-0.661621062324471
227.7,-1.19873041181315
227.8,-0.661621062324474
227.9,-0.417480448920533
228,-0.441894510260929
228.1,-0.441894510260924
228.2,0.192871084589322
228.3,-0.344238264899353
228.4,-0.466308571601319
228.5,-0.344238264899353
228.6,-1.00341792108999
228.7,-1.19873041181315
228.8,-1.4184569638767
228.9,-0.612792939643687
229,-0.930175737068815
229.1,-1.17431635047276
229.2,-0.637207000984081
229.3,-0.515136694282111
229.4,-1.14990228913236
229.5,-0.344238264899351
229.6,0.0219726552065637
229.7,0.144042961908538
229.8,0.0708007778873522
229.9,-1.05224604377079
230,-1.54052727057867
230.1,-0.808105430366844
230.2,-0.588378878303293
230.3,-1.19873041181315
230.4,-1.29638665717473
230.5,-0.661621062324478
230.6,-0.783691369026448
230.7,-0.490722632941717
230.8,-0.246582019537772
230.9,-0.515136694282109
231,-1.07666010511118
231.1,-1.14990228913236
231.2,-0.588378878303291
231.3,-0.637207000984083
231.4,-1.05224604377079
231.5,-0.881347614388024
231.6,-0.783691369026444
231.7,-1.00341792109
231.8,-0.832519491707235
231.9,-1.22314447315355
232,-1.46728508655749
232.1,-0.637207000984083
232.2,-0.954589798409208
232.3,-1.46728508655748
232.4,-1.44287102521709
232.5,-0.979003859749602
232.6,-0.979003859749601
232.7,-0.490722632941716
232.8,-0.100097651495409
232.9,-0.661621062324475
233,-0.417480448920534
233.1,-0.539550755622507
233.2,-0.783691369026447
233.3,-1.3940429025363
233.4,-1.29638665717472
233.5,-0.881347614388024
233.6,-1.05224604377079
233.7,-1.07666010511118
233.8,-1.24755853449394
233.9,-1.05224604377079
234,-0.222167958197379
234.1,-0.588378878303294
234.2,-0.222167958197382
234.3,-0.515136694282111
234.4,-0.710449185005261
234.5,-0.71044918500526
234.6,-0.466308571601321
234.7,-0.344238264899349
234.8,-0.466308571601323
234.9,-1.02783198243039
235,-1.61376945459985
235.1,-1.00341792108999
235.2,-1.00341792109
235.3,-1.07666010511117
235.4,-1.29638665717472
235.5,-1.02783198243039
235.6,-1.22314447315354
235.7,-1.17431635047276
235.8,-1.3940429025363
235.9,-0.710449185005265
236,-0.319824203558959
236.1,-0.368652326239747
236.2,-0.661621062324477
236.3,-0.710449185005264
236.4,-0.856933553047628
236.5,-1.19873041181315
236.6,-1.12548822779197
236.7,-1.00341792109
236.8,-0.832519491707235
236.9,-0.930175737068814
237,-1.10107416645157
237.1,-0.63720700098408
237.2,-0.441894510260929
237.3,-1.17431635047275
237.4,-1.14990228913236
237.5,-0.979003859749599
237.6,-0.270996080878169
237.7,-0.368652326239747
237.8,-0.417480448920534
237.9,-0.783691369026448
238,-0.197753896856979
238.1,-0.417480448920534
238.2,-1.07666010511118
238.3,-0.832519491707237
238.4,-1.17431635047275
238.5,-0.563964816962898
238.6,-0.466308571601323
238.7,-1.36962884119591
238.8,-0.856933553047629
238.9,-0.563964816962894
239,-0.783691369026447
239.1,-0.539550755622507
239.2,-0.100097651495409
239.3,-0.34423826489935
239.4,-0.759277307686054
239.5,-0.979003859749599
239.6,-0.63720700098408
239.7,-0.490722632941717
239.8,-0.417480448920534
239.9,-0.344238264899351
240,-0.612792939643688
240.1,-0.710449185005263
240.2,-0.563964816962898
240.3,-0.197753896856985
240.4,-0.73486324634566
240.5,-0.661621062324477
240.6,-0.490722632941717
240.7,-0.539550755622504
240.8,-0.44189451026093
240.9,-0.27099608087817
241,-0.686035123664868
241.1,-0.417480448920533
241.2,0.217285145929721
241.3,0.144042961908534
241.4,-0.148925774176196
241.5,-0.905761675728421
241.6,-0.832519491707238
241.7,-0.148925774176195
241.8,0.0219726552065637
241.9,-0.270996080878169
242,-0.881347614388025
242.1,-0.100097651495408
242.2,-0.441894510260927
242.3,-0.0024414061338291
242.4,-0.0268554674742234
242.5,-0.124511712835805
242.6,-0.393066387580136
242.7,-0.808105430366844
242.8,-0.39306638758014
242.9,-0.24658201953777
243,-0.51513669428211
243.1,-0.148925774176193
243.2,-0.930175737068814
243.3,-1.12548822779197
243.4,-0.295410142218563
243.5,-0.661621062324475
243.6,-0.539550755622501
243.7,-0.295410142218563
243.8,-0.46630857160132
243.9,-0.466308571601321
244,-0.270996080878172
244.1,-0.734863246345658
244.2,-0.856933553047629
244.3,-0.515136694282106
244.4,-0.930175737068814
244.5,-0.441894510260927
244.6,-0.441894510260927
244.7,-0.930175737068812
244.8,-1.22314447315355
244.9,-0.637207000984084
245,-0.661621062324475
245.1,-1.29638665717472
245.2,-0.979003859749599
245.3,-0.27099608087817
245.4,-0.0512695288146205
245.5,-0.637207000984083
245.6,-0.710449185005264
245.7,-0.222167958197379
245.8,-0.100097651495408
245.9,-0.344238264899349
246,-0.173339835516592
246.1,-0.466308571601324
246.2,-1.17431635047275
246.3,-1.02783198243039
246.4,-0.637207000984081
246.5,-0.661621062324477
246.6,-1.36962884119591
246.7,-0.808105430366844
246.8,-0.466308571601321
246.9,-0.979003859749601
247,-0.612792939643684
247.1,-0.417480448920531
247.2,-0.832519491707237
247.3,-0.979003859749604
247.4,-1.44287102521709
247.5,-1.32080071851512
247.6,-1.19873041181315
247.7,-1.49169914789788
247.8,-0.612792939643687
247.9,-0.637207000984083
248,-1.10107416645157
248.1,-1.27197259583433
248.2,-1.58935539325946
248.3,-1.51611320923827
248.4,-1.36962884119591
248.5,-1.49169914789788
248.6,-1.51611320923827
248.7,-1.66259757728064
248.8,-1.49169914789788
248.9,-1.58935539325946
249,-2.05322255872695
249.1,-1.58935539325946
249.2,-1.10107416645157
249.3,-1.36962884119591
249.4,-0.979003859749602
249.5,-0.27099608087817
249.6,-0.832519491707237
249.7,-0.661621062324475
249.8,-0.515136694282109
249.9,-0.710449185005263
250,-1.12548822779196
250.1,-1.54052727057867
250.2,-0.61279293964369
250.3,-0.393066387580139
250.4,-0.881347614388022
250.5,-0.808105430366838
250.6,-0.710449185005263
250.7,-0.661621062324475
250.8,-0.881347614388022
250.9,-0.930175737068814
251,-1.12548822779197
251.1,-0.832519491707232
251.2,-0.881347614388025
251.3,-1.02783198243039
251.4,-1.4184569638767
251.5,-0.783691369026447
251.6,-0.734863246345658
251.7,-0.58837887830329
251.8,-0.686035123664871
251.9,-1.3940429025363
252,-0.881347614388027
252.1,-0.148925774176197
252.2,-0.637207000984083
252.3,-0.710449185005263
252.4,-1.4184569638767
252.5,-1.12548822779197
252.6,-0.808105430366841
252.7,-0.661621062324475
252.8,-1.24755853449394
252.9,-1.54052727057867
253,-0.832519491707234
253.1,-0.124511712835802
253.2,-0.29541014221856
253.3,-0.686035123664867
253.4,-0.686035123664867
253.5,-0.832519491707237
253.6,-0.832519491707235
253.7,-0.710449185005265
253.8,-0.75927730768605
253.9,-1.24755853449394
254,-1.02783198243039
254.1,-1.02783198243039
254.2,-0.612792939643686
254.3,-0.808105430366837
254.4,-0.808105430366841
254.5,-0.417480448920533
254.6,-0.0756835901550104
254.7,-0.637207000984081
254.8,-0.588378878303294
254.9,-0.515136694282109
255,-0.393066387580139
255.1,-0.563964816962901
255.2,-0.856933553047627
255.3,-0.515136694282109
255.4,-0.61279293964369
255.5,-0.222167958197379
255.6,0.559082004695237
255.7,-0.173339835516589
255.8,-0.661621062324477
255.9,-0.441894510260926
256,-0.637207000984083
256.1,-0.954589798409205
256.2,-1.34521477985552
256.3,-0.881347614388024
256.4,-0.808105430366838
256.5,-0.612792939643686
256.6,0.192871084589324
256.7,-0.344238264899346
256.8,-0.417480448920533
256.9,-0.368652326239743
257,-0.563964816962901
257.1,-0.466308571601319
257.2,-0.441894510260929
257.3,-0.61279293964369
257.4,0.0708007778873551
257.5,-0.539550755622506
257.6,-0.63720700098408
257.7,-0.930175737068814
257.8,-0.637207000984084
257.9,-0.222167958197377
258,0.192871084589322
258.1,0.144042961908536
258.2,0.241699207270111
258.3,0.0219726552065652
258.4,-0.197753896856985
258.5,-0.490722632941717
258.6,-0.197753896856983
258.7,-0.295410142218562
258.8,-0.368652326239743
258.9,0.119628900568144
259,-0.710449185005267
259.1,-0.783691369026447
259.2,-0.808105430366842
259.3,-0.246582019537775
259.4,0.192871084589324
259.5,-0.319824203558957
259.6,-0.515136694282107
259.7,-0.197753896856986
259.8,-0.17333983551659
259.9,-0.295410142218563
260,-0.29541014221856
260.1,-0.563964816962896
260.2,-0.539550755622501
260.3,-0.173339835516592
260.4,-0.197753896856983
260.5,0.217285145929719
260.6,0.144042961908536
260.7,-0.124511712835802
260.8,0.168457023248931
260.9,-0.295410142218562
261,-0.515136694282109
261.1,-0.68603512366487
261.2,-0.295410142218559
261.3,-0.393066387580137
261.4,-0.466308571601317
261.5,-0.344238264899349
261.6,-0.124511712835802
261.7,0.290527329950902
261.8,0.583496066035634
261.9,0.607910127376027
262,0.217285145929719
262.1,-0.0268554674742248
262.2,0.363769513972085
262.3,0.46142575933366
262.4,0.0708007778873494
262.5,0.192871084589324
262.6,-0.270996080878169
262.7,-0.173339835516589
262.8,0.607910127376027
262.9,0.0952148392277508
263,-0.637207000984081
263.1,0.144042961908541
263.2,-0.0268554674742248
263.3,-0.515136694282111
263.4,0.46142575933366
263.5,-0.197753896856985
263.6,-0.100097651495406
263.7,0.119628900568139
263.8,0.0463867165469566
263.9,0.485839820674053
264,0.119628900568141
264.1,-0.222167958197379
264.2,0.0952148392277437
264.3,0.217285145929719
264.4,0.314941391291296
264.5,0.363769513972083
264.6,-0.0512695288146219
264.7,0.0708007778873508
264.8,0.388183575312482
264.9,0.168457023248932
265,-0.124511712835802
265.1,0.144042961908535
265.2,-0.100097651495405
265.3,-0.124511712835802
265.4,0.217285145929716
265.5,0.510253882014453
265.6,-0.075683590155009
265.7,-0.148925774176195
265.8,-0.0268554674742234
265.9,-0.515136694282111
266,-1.00341792109
266.1,-0.344238264899347
266.2,-0.100097651495406
266.3,-0.515136694282111
266.4,-0.734863246345661
266.5,-0.686035123664871
266.6,-0.1245117128358
266.7,-0.0024414061338291
266.8,0.314941391291298
266.9,-0.0024414061338291
267,-0.124511712835802
267.1,-0.0512695288146205
267.2,-0.222167958197379
267.3,-0.148925774176197
267.4,-0.100097651495406
267.5,0.534667943354842
267.6,0.437011697993265
267.7,0.0463867165469594
267.8,0.437011697993263
267.9,0.144042961908536
268,0.217285145929719
268.1,-0.0024414061338291
268.2,-0.197753896856985
268.3,0.192871084589321
268.4,0.583496066035632
268.5,0.339355452631689
268.6,-0.270996080878169
268.7,0.0952148392277437
268.8,0.534667943354843
268.9,0.2905273299509
269,-0.393066387580137
269.1,-0.686035123664871
269.2,-0.0268554674742276
269.3,1.07177729284352
269.4,0.437011697993266
269.5,0.0952148392277508
269.6,0.192871084589325
269.7,-0.0756835901550119
269.8,0.510253882014447
269.9,0.534667943354847
270,0.412597636652873
270.1,0.583496066035632
270.2,0.217285145929719
270.3,0.485839820674055
270.4,0.437011697993265
270.5,-0.00244140613383053
270.6,0.632324188716426
270.7,0.314941391291292
270.8,0.119628900568142
270.9,0.412597636652873
271,0.485839820674052
271.1,0.314941391291296
271.2,0.217285145929719
271.3,0.192871084589324
271.4,-0.17333983551659
271.5,0.266113268610506
271.6,0.314941391291293
271.7,0.0708007778873522
271.8,0.754394495418393
271.9,0.119628900568142
272,0.266113268610506
272.1,0.2905273299509
272.2,-0.515136694282109
272.3,-0.344238264899351
272.4,0.681152311397209
272.5,0.534667943354846
272.6,-0.0512695288146162
272.7,0.192871084589325
272.8,0.583496066035632
272.9,0.656738250056813
273,1.12060541552431
273.1,0.974121047481948
273.2,0.607910127376029
273.3,0.0219726552065637
273.4,-0.246582019537775
273.5,-0.51513669428211
273.6,0.290527329950902
273.7,0.2905273299509
273.8,0.705566372737603
273.9,0.656738250056816
274,0.0952148392277465
274.1,-0.148925774176196
274.2,-0.490722632941717
274.3,-0.441894510260927
274.4,-0.0268554674742234
274.5,0.412597636652872
274.6,0.485839820674059
274.7,0.510253882014455
274.8,0.778808556758788
274.9,0.437011697993265
275,-0.295410142218563
275.1,0.144042961908535
275.2,0.388183575312478
275.3,0.607910127376026
275.4,0.192871084589324
275.5,-0.319824203558957
275.6,0.192871084589326
275.7,-0.344238264899351
275.8,-0.539550755622503
275.9,0.485839820674055
276,0.607910127376029
276.1,0.2905273299509
276.2,0.144042961908534
276.3,0.241699207270111
276.4,0.192871084589321
276.5,0.0708007778873537
276.6,0.119628900568144
276.7,0.119628900568141
276.8,0.485839820674059
276.9,0.461425759333659
277,0.485839820674057
277.1,0.461425759333665
277.2,-0.1245117128358
277.3,0.510253882014452
277.4,0.485839820674056
277.5,-0.00244140613383195
277.6,-0.00244140613383053
277.7,0.119628900568141
277.8,-0.100097651495403
277.9,0.0708007778873494
278,-0.17333983551659
278.1,0.217285145929718
278.2,0.388183575312476
278.3,-0.197753896856982
278.4,0.485839820674056
278.5,0.827636679439574
278.6,-0.466308571601317
278.7,-0.588378878303291
278.8,0.0463867165469594
278.9,-0.0512695288146162
279,-0.100097651495405
279.1,-0.19775389685698
279.2,0.363769513972085
279.3,0.046386716546958
279.4,0.339355452631688
279.5,0.607910127376024
279.6,0.217285145929719
279.7,0.534667943354843
279.8,0.632324188716419
279.9,-0.173339835516593
280,-0.197753896856983
280.1,-0.0756835901550133
280.2,-0.148925774176195
280.3,0.0219726552065637
280.4,0.0219726552065609
280.5,0.38818357531248
280.6,0.559082004695239
280.7,0.412597636652872
280.8,-0.295410142218563
280.9,0.119628900568144
281,0.46142575933366
281.1,0.437011697993269
281.2,0.192871084589325
281.3,-0.197753896856985
281.4,-0.124511712835796
281.5,0.559082004695242
281.6,0.681152311397209
281.7,0.168457023248929
281.8,-0.100097651495408
281.9,0.046386716546958
282,0.0708007778873508
282.1,0.339355452631689
282.2,-0.148925774176199
282.3,0.0463867165469566
282.4,0.119628900568144
282.5,0.0708007778873522
282.6,-0.197753896856985
282.7,-0.637207000984083
282.8,-0.0268554674742234
282.9,0.632324188716423
283,0.58349606603563
283.1,0.168457023248932
283.2,0.607910127376026
283.3,0.241699207270111
283.4,0.314941391291295
283.5,0.241699207270112
283.6,-0.173339835516589
283.7,-0.0756835901550147
283.8,0.168457023248926
283.9,0.119628900568142
284,0.266113268610505
284.1,0.290527329950906
284.2,0.58349606603564
284.3,0.48583982067406
284.4,-0.246582019537773
284.5,0.559082004695242
284.6,0.461425759333662
284.7,-0.295410142218563
284.8,0.412597636652875
284.9,1.41357415160903
285,1.04736323150313
285.1,0.534667943354843
285.2,-0.270996080878167
285.3,0.119628900568142
285.4,0.656738250056814
285.5,1.04736323150312
285.6,0.925292924801153
285.7,0.412597636652875
285.8,0.290527329950903
285.9,0.583496066035632
286,0.437011697993265
286.1,0.461425759333662
286.2,0.485839820674056
286.3,0.266113268610511
286.4,0.192871084589328
286.5,0.168457023248928
286.6,0.51025388201445
286.7,0.144042961908542
286.8,0.388183575312478
286.9,0.412597636652873
287,0.51025388201445
287.1,0.314941391291298
287.2,0.241699207270112
287.3,-0.466308571601319
287.4,-0.661621062324477
287.5,-0.051269528814619
287.6,0.0708007778873565
287.7,-0.246582019537773
287.8,-0.759277307686048
287.9,-0.246582019537775
288,0.485839820674056
288.1,0.0952148392277493
288.2,-0.148925774176197
288.3,0.266113268610506
288.4,0.388183575312476
288.5,0.192871084589325
288.6,-0.441894510260927
288.7,0.119628900568142
288.8,0.021972655206568
288.9,0.144042961908534
289,0.0463867165469594
289.1,0.388183575312476
289.2,0.2905273299509
289.3,-0.17333983551659
289.4,0.0219726552065623
289.5,0.43701169799327
289.6,0.266113268610505
289.7,0.0952148392277437
289.8,-0.417480448920531
289.9,-0.515136694282111
290,0.412597636652872
290.1,-0.0756835901550147
290.2,0.0463867165469608
290.3,-0.417480448920533
290.4,0.0219726552065623
290.5,0.119628900568142
290.6,-0.319824203558953
290.7,0.168457023248928
290.8,0.607910127376029
290.9,0.217285145929718
291,0.168457023248932
291.1,0.217285145929719
291.2,-0.0268554674742276
291.3,0.85205074077997
291.4,0.412597636652873
291.5,0.2905273299509
291.6,-0.173339835516589
291.7,-0.148925774176193
291.8,0.51025388201445
291.9,-0.295410142218562
292,-0.393066387580141
292.1,0.43701169799327
292.2,0.534667943354843
292.3,0.900878863460756
292.4,0.681152311397211
292.5,-0.441894510260929
292.6,-0.466308571601319
292.7,-0.0024414061338291
292.8,0.314941391291295
292.9,-0.173339835516592
293,0.0708007778873508
293.1,-0.148925774176195
293.2,-0.515136694282111
293.3,-0.588378878303295
293.4,0.388183575312478
293.5,0.412597636652876
293.6,0.192871084589325
293.7,0.0463867165469566
293.8,0.437011697993265
293.9,0.412597636652873
294,0.485839820674055
294.1,0.363769513972082
294.2,0.559082004695236
294.3,1.21826166088589
294.4,0.388183575312479
294.5,0.412597636652872
294.6,0.314941391291298
294.7,0.583496066035637
294.8,0.241699207270113
294.9,0.217285145929716
295,0.827636679439577
295.1,1.1694335382051
295.2,0.607910127376024
295.3,0.168457023248929
295.4,-0.22216795819738
295.5,-0.441894510260929
295.6,0.363769513972082
295.7,0.510253882014446
295.8,0.705566372737603
295.9,0.80322261809918
296,0.510253882014447
296.1,-0.270996080878169
296.2,0.412597636652873
296.3,0.290527329950905
296.4,0.559082004695236
296.5,0.632324188716423
296.6,-0.319824203558956
296.7,0.388183575312476
296.8,0.632324188716419
296.9,0.485839820674055
297,0.339355452631689
297.1,0.046386716546958
297.2,0.217285145929718
297.3,0.63232418871642
297.4,0.412597636652872
297.5,-0.1245117128358
297.6,0.046386716546958
297.7,0.144042961908534
297.8,0.388183575312475
297.9,0.583496066035633
298,-0.246582019537773
298.1,0.241699207270111
298.2,0.0952148392277465
298.3,0.729980434077997
298.4,0.778808556758787
298.5,0.339355452631689
298.6,0.0463867165469608
298.7,0.144042961908538
298.8,0.412597636652875
298.9,0.168457023248928
299,0.217285145929716
299.1,0.0219726552065623
299.2,0.437011697993263
299.3,0.729980434077996
299.4,0.0463867165469594
299.5,0.0708007778873508
299.6,0.437011697993266
299.7,0.266113268610505
299.8,0.046386716546958
299.9,-0.197753896856986
300,-0.246582019537775
300.1,0.656738250056817
300.2,0.876464802120361
300.3,0.949706986141548
300.4,0.583496066035632
300.5,0.0952148392277451
300.6,0.339355452631686
300.7,-0.0268554674742262
300.8,-0.34423826489935
300.9,0.339355452631689
301,1.24267572222628
301.1,1.1694335382051
301.2,0.656738250056814
301.3,0.363769513972086
301.4,0.412597636652872
301.5,0.534667943354846
301.6,0.559082004695236
301.7,0.461425759333662
301.8,0.510253882014447
301.9,0.534667943354847
302,0.168457023248928
302.1,0.900878863460758
302.2,0.949706986141543
302.3,1.07177729284352
302.4,0.681152311397207
302.5,0.876464802120361
302.6,1.04736323150313
302.7,0.632324188716423
302.8,0.63232418871642
302.9,0.705566372737601
303,0.68115231139721
303.1,0.656738250056813
303.2,0.925292924801151
303.3,1.24267572222628
303.4,0.974121047481941
303.5,1.04736323150313
303.6,0.900878863460757
303.7,0.827636679439578
303.8,0.754394495418391
303.9,0.583496066035634
304,0.949706986141547
304.1,0.778808556758787
304.2,0.388183575312478
304.3,0.949706986141545
304.4,0.534667943354849
304.5,0.876464802120363
304.6,0.97412104748194
304.7,0.925292924801154
304.8,1.43798821294943
304.9,0.852050740779968
305,0.217285145929721
305.1,0.36376951397208
305.2,0.852050740779967
305.3,0.778808556758784
305.4,0.80322261809918
305.5,0.510253882014452
305.6,0.437011697993265
305.7,1.02294917016273
305.8,0.363769513972083
305.9,-0.34423826489935
306,0.266113268610505
306.1,1.31591790624746
306.2,0.827636679439578
306.3,0.778808556758786
306.4,1.12060541552431
306.5,0.778808556758788
306.6,0.80322261809918
306.7,0.949706986141544
306.8,1.21826166088589
306.9,0.681152311397213
307,0.97412104748194
307.1,1.26708978356667
307.2,0.876464802120364
307.3,1.12060541552431
307.4,0.729980434078001
307.5,0.900878863460756
307.6,1.43798821294943
307.7,0.876464802120363
307.8,1.21826166088588
307.9,2.02392568511889
308,1.70654288769377
308.1,1.53564445831101
308.2,0.949706986141548
308.3,1.02294917016273
308.4,1.1450194768647
308.5,1.26708978356667
308.6,0.461425759333665
308.7,1.04736323150313
308.8,0.656738250056816
308.9,0.949706986141544
309,1.26708978356667
309.1,1.09619135418391
309.2,1.12060541552431
309.3,0.97412104748194
309.4,1.07177729284352
309.5,1.56005851965141
309.6,1.12060541552431
309.7,1.04736323150312
309.8,0.705566372737604
309.9,0.803222618099183
310,1.16943353820509
310.1,1.12060541552431
310.2,1.36474602892825
310.3,0.656738250056816
310.4,0.363769513972083
310.5,1.02294917016273
310.6,1.1694335382051
310.7,0.876464802120364
310.8,1.43798821294943
310.9,1.68212882635337
311,1.38916009026864
311.1,1.21826166088589
311.2,0.778808556758787
311.3,1.41357415160904
311.4,1.24267572222628
311.5,0.974121047481941
311.6,0.900878863460758
311.7,0.681152311397209
311.8,0.876464802120367
311.9,0.75439449541839
312,0.510253882014449
312.1,1.02294917016273
312.2,0.656738250056816
312.3,0.559082004695242
312.4,0.0952148392277465
312.5,0.852050740779971
312.6,1.90185537841692
312.7,1.29150384490707
312.8,0.80322261809918
312.9,0.803222618099181
313,0.949706986141547
313.1,0.97412104748194
313.2,1.46240227428982
313.3,0.900878863460757
313.4,0.485839820674056
313.5,0.607910127376024
313.6,1.51123039697062
313.7,1.41357415160903
313.8,1.09619135418391
313.9,1.48681633563022
314,0.534667943354846
314.1,0.192871084589325
314.2,1.12060541552431
314.3,1.63330070367259
314.4,0.827636679439574
314.5,0.388183575312479
314.6,0.97412104748194
314.7,1.38916009026864
314.8,0.900878863460756
314.9,1.07177729284352
315,1.02294917016273
315.1,1.07177729284352
315.2,1.02294917016273
315.3,0.900878863460757
315.4,0.607910127376026
315.5,0.290527329950903
315.6,0.192871084589325
315.7,0.290527329950899
315.8,0.510253882014447
315.9,0.339355452631689
316,0.729980434077997
316.1,1.29150384490707
316.2,1.16943353820509
316.3,0.607910127376024
316.4,0.314941391291293
316.5,-0.222167958197379
316.6,1.19384759954549
316.7,1.46240227428983
316.8,1.70654288769377
316.9,1.48681633563022
317,0.778808556758787
317.1,0.70556637273761
317.2,0.998535108822338
317.3,0.900878863460757
317.4,1.73095694903416
317.5,1.56005851965141
317.6,0.729980434077994
317.7,0.241699207270112
317.8,1.02294917016273
317.9,0.705566372737604
318,0.852050740779968
318.1,0.998535108822334
318.2,0.681152311397206
318.3,1.07177729284352
318.4,1.31591790624746
318.5,1.1450194768647
318.6,1.12060541552431
318.7,1.09619135418391
318.8,1.36474602892825
318.9,1.07177729284352
319,0.559082004695237
319.1,0.485839820674052
319.2,0.583496066035633
319.3,0.314941391291293
319.4,0.705566372737609
319.5,0.827636679439574
319.6,1.09619135418391
319.7,1.5600585196514
319.8,0.876464802120364
319.9,0.729980434077999
320,1.12060541552431
320.1,1.09619135418391
320.2,0.852050740779966
320.3,1.26708978356668
320.4,0.705566372737603
320.5,0.925292924801151
320.6,0.68115231139721
320.7,0.314941391291299
320.8,0.510253882014452
320.9,0.80322261809918
321,0.705566372737606
321.1,0.534667943354843
321.2,1.34033196758786
321.3,1.04736323150312
321.4,-0.00244140613382768
321.5,0.217285145929718
321.6,0.339355452631689
321.7,0.266113268610509
321.8,0.41259763665287
321.9,0.241699207270111
322,0.876464802120365
322.1,0.876464802120361
322.2,0.705566372737601
322.3,0.266113268610503
322.4,0.485839820674055
322.5,0.656738250056814
322.6,0.0708007778873522
322.7,0.41259763665287
322.8,1.41357415160904
322.9,1.68212882635337
323,0.778808556758788
323.1,0.949706986141548
323.2,0.94970698614155
323.3,0.510253882014449
323.4,1.09619135418391
323.5,1.29150384490707
323.6,1.02294917016273
323.7,1.26708978356667
323.8,0.900878863460761
323.9,0.534667943354843
324,0.97412104748194
324.1,0.778808556758786
324.2,0.266113268610505
324.3,0.437011697993265
324.4,0.339355452631686
324.5,0.485839820674052
324.6,1.38916009026865
324.7,1.46240227428982
324.8,1.12060541552431
324.9,1.07177729284352
325,0.998535108822334
325.1,1.29150384490707
325.2,1.51123039697062
325.3,1.1450194768647
325.4,0.803222618099178
325.5,0.607910127376024
325.6,0.266113268610508
325.7,0.998535108822334
325.8,0.7055663727376
325.9,0.827636679439573
326,0.534667943354846
326.1,0.583496066035636
326.2,1.29150384490707
326.3,0.998535108822333
326.4,0.534667943354847
326.5,0.339355452631689
326.6,0.852050740779967
326.7,1.1450194768647
326.8,1.31591790624746
326.9,1.09619135418391
327,0.94970698614155
327.1,0.339355452631693
327.2,0.827636679439574
327.3,0.559082004695237
327.4,0.925292924801153
327.5,1.07177729284351
327.6,0.876464802120363
327.7,0.876464802120363
327.8,0.559082004695242
327.9,0.388183575312478
328,0.607910127376026
328.1,1.36474602892825
328.2,0.998535108822334
328.3,0.485839820674053
328.4,0.241699207270112
328.5,0.998535108822333
328.6,1.48681633563022
328.7,1.85302725573613
328.8,1.77978507171495
328.9,1.21826166088588
329,1.09619135418391
329.1,1.48681633563022
329.2,1.12060541552431
329.3,1.12060541552431
329.4,1.29150384490707
329.5,1.1450194768647
329.6,0.729980434078
329.7,0.754394495418396
329.8,0.583496066035632
329.9,0.705566372737601
330,1.04736323150312
330.1,1.21826166088588
330.2,1.38916009026864
330.3,1.29150384490707
330.4,1.09619135418392
330.5,1.36474602892825
330.6,1.21826166088589
330.7,0.876464802120365
330.8,0.998535108822335
330.9,1.07177729284352
331,0.63232418871642
331.1,0.437011697993268
331.2,0.925292924801151
331.3,1.04736323150312
331.4,1.34033196758786
331.5,1.43798821294943
331.6,1.38916009026864
331.7,0.876464802120365
331.8,0.63232418871642
331.9,1.36474602892825
332,1.1694335382051
332.1,1.26708978356667
332.2,1.12060541552431
332.3,0.754394495418393
332.4,1.43798821294943
332.5,1.26708978356667
332.6,0.974121047481938
332.7,1.04736323150312
332.8,0.876464802120364
332.9,0.949706986141543
333,1.31591790624746
333.1,1.38916009026864
333.2,0.681152311397209
333.3,0.852050740779971
333.4,0.925292924801151
333.5,0.656738250056812
333.6,0.534667943354846
333.7,0.729980434077997
333.8,1.95068350109771
333.9,1.90185537841692
334,1.5844725809918
334.1,1.29150384490707
334.2,0.949706986141545
334.3,0.681152311397209
334.4,1.02294917016273
334.5,0.827636679439577
334.6,0.827636679439578
334.7,0.729980434077996
334.8,1.1450194768647
334.9,1.29150384490707
335,0.754394495418393
335.1,1.04736323150312
335.2,1.04736323150313
335.3,0.925292924801153
335.4,1.02294917016273
335.5,1.75537101037456
335.6,1.5600585196514
335.7,1.1694335382051
335.8,1.12060541552431
335.9,0.60791012737603
336,0.583496066035634
336.1,0.58349606603563
336.2,0.77880855675879
336.3,1.48681633563022
336.4,0.827636679439577
336.5,1.24267572222628
336.6,0.827636679439574
336.7,0.68115231139721
336.8,1.19384759954549
336.9,1.19384759954549
337,0.876464802120363
337.1,1.63330070367258
337.2,1.77978507171495
337.3,1.04736323150312
337.4,0.974121047481945
337.5,1.48681633563022
337.6,0.290527329950903
337.7,0.412597636652872
337.8,1.21826166088589
337.9,1.36474602892825
338,1.02294917016273
338.1,0.949706986141548
338.2,0.852050740779973
338.3,1.04736323150313
338.4,0.607910127376024
338.5,0.534667943354842
338.6,1.02294917016273
338.7,1.19384759954549
338.8,1.19384759954549
338.9,0.583496066035632
339,0.656738250056816
339.1,0.754394495418391
339.2,1.07177729284352
339.3,1.41357415160904
339.4,0.925292924801153
339.5,0.534667943354844
339.6,0.485839820674055
339.7,1.21826166088588
339.8,0.998535108822334
339.9,1.24267572222628
340,0.607910127376026
340.1,0.803222618099177
340.2,1.48681633563022
340.3,0.974121047481944
340.4,1.31591790624746
340.5,1.09619135418391
340.6,0.534667943354843
340.7,0.803222618099178
340.8,0.534667943354843
340.9,0.0952148392277437
341,0.803222618099178
341.1,0.41259763665287
341.2,0.607910127376024
341.3,1.48681633563022
341.4,1.16943353820509
341.5,1.24267572222628
341.6,1.02294917016273
341.7,1.16943353820509
341.8,1.02294917016273
341.9,1.12060541552431
342,0.925292924801151
342.1,1.12060541552431
342.2,0.998535108822335
342.3,0.681152311397207
342.4,0.876464802120361
342.5,1.41357415160904
342.6,1.04736323150312
342.7,0.876464802120363
342.8,1.12060541552431
342.9,0.656738250056814
343,0.681152311397209
343.1,0.827636679439576
343.2,0.803222618099183
343.3,0.778808556758783
343.4,1.12060541552431
343.5,0.949706986141547
343.6,1.12060541552431
343.7,1.41357415160904
343.8,0.974121047481941
343.9,0.632324188716419
344,1.04736323150312
344.1,0.852050740779973
344.2,0.510253882014456
344.3,0.827636679439576
344.4,1.07177729284352
344.5,1.24267572222627
344.6,0.656738250056814
344.7,0.241699207270112
344.8,0.754394495418391
344.9,1.1450194768647
345,0.485839820674053
345.1,0.827636679439573
345.2,0.97412104748194
345.3,1.02294917016273
345.4,0.46142575933366
345.5,0.241699207270111
345.6,0.119628900568142
345.7,0.55908200469524
345.8,0.876464802120363
345.9,0.632324188716419
346,0.485839820674053
346.1,0.925292924801151
346.2,0.778808556758788
346.3,0.705566372737603
346.4,1.02294917016273
346.5,1.63330070367259
346.6,1.02294917016273
346.7,1.04736323150313
346.8,1.43798821294943
346.9,1.5600585196514
347,0.998535108822333
347.1,0.656738250056814
347.2,0.656738250056814
347.3,1.21826166088588
347.4,0.75439449541839
347.5,0.974121047481937
347.6,1.26708978356667
347.7,0.876464802120361
347.8,0.559082004695236
347.9,0.900878863460757
348,0.607910127376023
348.1,0.925292924801151
348.2,1.21826166088588
348.3,1.43798821294943
348.4,0.949706986141544
348.5,0.949706986141547
348.6,0.949706986141544
348.7,0.754394495418394
348.8,1.07177729284352
348.9,1.09619135418391
349,1.51123039697061
349.1,1.6088866423322
349.2,1.36474602892825
349.3,1.70654288769377
349.4,1.43798821294943
349.5,0.974121047481941
349.6,1.1206054155243
349.7,1.31591790624746
349.8,0.876464802120363
349.9,0.583496066035632
350,0.876464802120364
350.1,1.48681633563022
350.2,0.803222618099183
350.3,1.34033196758785
350.4,0.925292924801151
350.5,0.729980434077994
350.6,0.974121047481941
350.7,1.43798821294943
350.8,1.41357415160904
350.9,1.53564445831101
351,1.68212882635337
351.1,1.26708978356667
351.2,1.02294917016273
351.3,1.73095694903416
351.4,1.34033196758785
351.5,0.974121047481941
351.6,0.632324188716421
351.7,1.09619135418391
351.8,1.1206054155243
351.9,1.85302725573614
352,1.29150384490707
352.1,0.583496066035633
352.2,1.02294917016273
352.3,1.21826166088588
352.4,1.48681633563022
352.5,1.09619135418391
352.6,0.876464802120364
352.7,0.729980434078
352.8,0.729980434078001
352.9,0.92529292480115
353,1.68212882635337
353.1,2.31689442120363
353.2,1.87744131707653
353.3,1.70654288769377
353.4,1.16943353820509
353.5,1.43798821294943
353.6,1.82861319439574
353.7,1.53564445831101
353.8,1.09619135418391
353.9,0.998535108822334
354,0.827636679439574
354.1,1.09619135418391
354.2,0.925292924801148
354.3,1.21826166088589
354.4,1.43798821294943
354.5,0.949706986141551
354.6,1.07177729284352
354.7,0.85205074077997
354.8,1.63330070367259
354.9,1.85302725573614
355,1.1450194768647
355.1,0.778808556758784
355.2,0.998535108822337
355.3,0.925292924801154
355.4,1.21826166088588
355.5,0.998535108822335
355.6,1.36474602892825
355.7,1.41357415160904
355.8,0.827636679439577
355.9,1.09619135418391
356,1.46240227428983
356.1,0.754394495418396
356.2,1.04736323150312
356.3,0.632324188716421
356.4,0.559082004695237
356.5,1.04736323150312
356.6,1.85302725573614
356.7,1.65771476501298
356.8,0.68115231139721
356.9,0.85205074077997
357,0.900878863460761
357.1,1.46240227428983
357.2,1.5600585196514
357.3,1.5600585196514
357.4,1.19384759954549
357.5,0.803222618099183
357.6,0.705566372737604
357.7,1.48681633563022
357.8,1.48681633563022
357.9,1.1450194768647
358,1.29150384490707
358.1,1.68212882635337
358.2,0.681152311397207
358.3,1.07177729284352
358.4,1.16943353820509
358.5,0.363769513972085
358.6,1.04736323150312
358.7,0.217285145929722
358.8,0.656738250056814
358.9,1.07177729284352
359,1.26708978356667
359.1,1.29150384490707
359.2,1.12060541552431
359.3,0.632324188716424
359.4,0.778808556758786
359.5,0.852050740779968
359.6,0.827636679439574
359.7,0.754394495418389
359.8,0.998535108822333
359.9,0.827636679439573
360,0.754394495418389
360.1,1.38916009026865
360.2,0.778808556758784
360.3,0.827636679439571
360.4,1.1694335382051
360.5,0.778808556758784
360.6,0.778808556758784
360.7,0.729980434078
360.8,1.07177729284352
360.9,0.97412104748194
361,0.82763667943958
361.1,0.559082004695239
361.2,1.43798821294943
361.3,1.29150384490707
361.4,0.900878863460757
361.5,0.729980434078
361.6,0.290527329950902
361.7,0.217285145929721
361.8,0.0952148392277479
361.9,0.852050740779967
362,0.827636679439581
362.1,0.0463867165469566
362.2,-0.00244140613383053
362.3,1.12060541552431
362.4,1.31591790624746
362.5,0.559082004695237
362.6,0.559082004695239
362.7,0.900878863460758
362.8,0.607910127376024
362.9,0.852050740779967
363,0.437011697993268
363.1,0.363769513972082
363.2,1.1450194768647
363.3,0.51025388201445
363.4,-0.00244140613382768
363.5,0.632324188716417
363.6,0.681152311397209
363.7,0.778808556758786
363.8,0.949706986141547
363.9,1.12060541552431
364,0.583496066035636
364.1,0.607910127376027
364.2,1.56005851965141
364.3,1.51123039697062
364.4,0.998535108822338
364.5,0.363769513972085
364.6,0.900878863460763
364.7,0.656738250056814
364.8,0.754394495418393
364.9,1.38916009026864
365,1.5844725809918
365.1,1.75537101037456
365.2,0.925292924801151
365.3,0.559082004695236
365.4,1.12060541552431
365.5,1.43798821294943
365.6,0.681152311397209
365.7,0.729980434077996
365.8,1.07177729284352
365.9,0.852050740779974
366,1.02294917016273
366.1,1.43798821294943
366.2,0.974121047481948
366.3,0.974121047481941
366.4,1.12060541552431
366.5,1.04736323150313
366.6,1.07177729284352
366.7,1.09619135418391
366.8,0.998535108822335
366.9,1.29150384490707
367,1.09619135418392
367.1,0.656738250056813
367.2,0.778808556758786
367.3,0.803222618099186
367.4,0.437011697993265
367.5,1.26708978356667
367.6,0.998535108822338
367.7,1.21826166088589
367.8,0.949706986141547
367.9,0.0952148392277479
368,0.461425759333659
368.1,1.63330070367259
368.2,2.04833974645929
368.3,0.974121047481943
368.4,0.754394495418394
368.5,1.02294917016273
368.6,0.754394495418391
368.7,0.63232418871642
368.8,0.68115231139721
368.9,0.778808556758786
369,0.827636679439574
369.1,0.388183575312478
369.2,0.119628900568142
369.3,0.437011697993269
369.4,0.559082004695236
369.5,1.02294917016273
369.6,0.827636679439576
369.7,0.583496066035633
369.8,0.437011697993269
369.9,0.38818357531248
370,0.583496066035632
370.1,0.0463867165469594
370.2,0.192871084589321
370.3,0.363769513972083
370.4,0.168457023248932
370.5,0.97412104748194
370.6,0.876464802120365
370.7,0.46142575933366
370.8,0.803222618099181
370.9,0.803222618099183
371,0.290527329950902
371.1,1.19384759954549
371.2,1.38916009026864
371.3,0.803222618099181
371.4,0.363769513972082
371.5,0.607910127376026
371.6,1.1450194768647
371.7,1.1450194768647
371.8,0.778808556758784
371.9,0.729980434077997
372,0.534667943354842
372.1,0.534667943354846
372.2,0.412597636652872
372.3,0.461425759333663
372.4,0.607910127376024
372.5,0.90087886346076
372.6,1.77978507171495
372.7,0.754394495418393
372.8,0.607910127376026
372.9,1.04736323150312
373,0.876464802120364
373.1,0.925292924801154
373.2,1.07177729284352
373.3,1.34033196758785
373.4,1.16943353820509
373.5,1.63330070367258
373.6,1.09619135418391
373.7,-0.0512695288146219
373.8,0.192871084589322
373.9,0.266113268610508
374,0.803222618099178
374.1,1.07177729284352
374.2,0.559082004695236
374.3,0.559082004695236
374.4,0.949706986141547
374.5,0.705566372737603
374.6,0.534667943354844
374.7,1.26708978356667
374.8,1.80419913305535
374.9,1.16943353820509
375,1.38916009026864
375.1,1.1450194768647
375.2,1.04736323150312
375.3,1.38916009026865
375.4,0.949706986141547
375.5,0.803222618099178
375.6,1.5844725809918
375.7,1.31591790624746
375.8,1.1450194768647
375.9,0.949706986141545
376,1.19384759954549
376.1,0.949706986141544
376.2,1.09619135418392
376.3,1.16943353820509
376.4,1.16943353820509
376.5,0.925292924801151
376.6,0.876464802120367
376.7,0.754394495418399
376.8,0.75439449541839
376.9,0.900878863460756
377,0.827636679439574
377.1,0.974121047481937
377.2,0.852050740779967
377.3,1.48681633563022
377.4,1.04736323150312
377.5,-0.00244140613383053
377.6,-0.17333983551659
377.7,0.461425759333662
377.8,1.1450194768647
377.9,1.07177729284352
378,0.583496066035633
378.1,0.75439449541839
378.2,0.510253882014447
378.3,0.437011697993265
378.4,0.461425759333662
378.5,1.24267572222628
378.6,1.1450194768647
378.7,0.144042961908536
378.8,0.217285145929718
378.9,0.583496066035633
379,0.461425759333662
379.1,0.51025388201445
379.2,0.949706986141545
379.3,0.485839820674056
379.4,0.754394495418396
379.5,0.949706986141548
379.6,0.949706986141547
379.7,0.437011697993263
379.8,0.461425759333663
379.9,0.63232418871642
380,0.632324188716423
380.1,0.46142575933366
380.2,-0.100097651495409
380.3,0.46142575933366
380.4,0.949706986141544
380.5,0.827636679439576
380.6,0.583496066035634
380.7,0.217285145929716
380.8,0.168457023248929
380.9,-0.17333983551659
381,0.38818357531248
381.1,0.534667943354846
381.2,0.388183575312478
381.3,0.583496066035637
381.4,1.02294917016273
381.5,0.949706986141545
381.6,0.778808556758788
381.7,0.729980434077996
381.8,1.04736323150312
381.9,0.559082004695237
382,0.144042961908534
382.1,0.998535108822335
382.2,0.925292924801154
382.3,0.241699207270115
382.4,0.363769513972085
382.5,0.510253882014453
382.6,0.705566372737601
382.7,0.998535108822338
382.8,0.900878863460757
382.9,0.119628900568139
383,0.144042961908544
383.1,0.974121047481938
383.2,1.75537101037456
383.3,1.70654288769377
383.4,1.31591790624746
383.5,0.949706986141544
383.6,0.412597636652872
383.7,-0.173339835516593
383.8,0.217285145929721
383.9,0.754394495418393
384,1.70654288769377
384.1,0.632324188716421
384.2,0.339355452631688
384.3,0.583496066035632
384.4,0.363769513972082
384.5,0.681152311397209
384.6,1.63330070367258
384.7,0.92529292480115
384.8,0.632324188716417
384.9,0.852050740779974
385,1.09619135418392
385.1,1.36474602892825
385.2,1.09619135418391
385.3,0.60791012737603
385.4,0.534667943354844
385.5,0.58349606603563
385.6,0.559082004695237
385.7,0.168457023248932
385.8,0.119628900568144
385.9,0.778808556758788
386,0.461425759333663
386.1,0.46142575933366
386.2,1.16943353820509
386.3,0.949706986141547
386.4,0.900878863460758
386.5,0.900878863460758
386.6,0.534667943354842
386.7,0.192871084589321
386.8,0.437011697993266
386.9,0.510253882014449
387,0.80322261809918
387.1,0.437011697993265
387.2,0.53466794335484
387.3,1.26708978356667
387.4,0.632324188716421
387.5,0.754394495418393
387.6,0.412597636652873
387.7,0.559082004695239
387.8,0.485839820674055
387.9,0.339355452631688
388,0.0952148392277479
388.1,0.0708007778873537
388.2,0.339355452631688
388.3,-0.0512695288146205
388.4,-0.173339835516586
388.5,0.632324188716426
388.6,0.559082004695239
388.7,0.144042961908536
388.8,0.290527329950902
388.9,0.241699207270113
389,0.485839820674059
389.1,0.900878863460757
389.2,0.0463867165469594
389.3,0.144042961908535
389.4,0.192871084589324
389.5,0.119628900568141
389.6,0.705566372737603
389.7,0.974121047481941
389.8,0.77880855675879
389.9,0.852050740779967
390,0.974121047481943
390.1,0.705566372737609
390.2,0.607910127376024
390.3,0.900878863460761
390.4,1.43798821294943
390.5,0.681152311397213
390.6,0.583496066035633
390.7,1.02294917016273
390.8,0.998535108822337
390.9,0.90087886346076
391,0.949706986141545
391.1,0.998535108822333
391.2,1.63330070367259
391.3,1.24267572222628
391.4,1.04736323150312
391.5,0.900878863460757
391.6,0.925292924801153
391.7,0.900878863460763
391.8,0.656738250056817
391.9,0.705566372737604
392,0.925292924801151
392.1,0.827636679439577
392.2,0.876464802120365
392.3,0.461425759333665
392.4,0.266113268610508
392.5,1.02294917016273
392.6,0.75439449541839
392.7,0.437011697993268
392.8,0.412597636652875
392.9,0.437011697993265
393,0.437011697993266
393.1,1.02294917016273
393.2,0.656738250056814
393.3,0.217285145929719
393.4,0.412597636652873
393.5,1.1450194768647
393.6,0.900878863460761
393.7,0.363769513972082
393.8,0.632324188716419
393.9,1.07177729284352
394,0.876464802120364
394.1,0.607910127376029
394.2,1.04736323150312
394.3,1.1694335382051
394.4,1.29150384490707
394.5,1.19384759954549
394.6,0.63232418871642
394.7,0.729980434077996
394.8,0.925292924801151
394.9,1.07177729284352
395,1.5600585196514
395.1,1.1206054155243
395.2,0.754394495418393
395.3,1.70654288769377
395.4,1.21826166088588
395.5,1.19384759954549
395.6,1.38916009026864
395.7,1.34033196758786
395.8,0.803222618099181
395.9,0.778808556758784
396,0.266113268610508
396.1,1.09619135418391
396.2,1.43798821294943
396.3,0.852050740779967
396.4,1.12060541552431
396.5,1.53564445831101
396.6,1.48681633563022
396.7,0.778808556758784
396.8,1.16943353820509
396.9,1.26708978356667
397,1.29150384490707
397.1,1.19384759954549
397.2,1.29150384490707
397.3,0.827636679439574
397.4,1.04736323150312
397.5,0.852050740779968
397.6,1.38916009026864
397.7,1.92626943975732
397.8,0.681152311397206
397.9,0.58349606603563
398,1.29150384490707
398.1,1.1450194768647
398.2,1.16943353820509
398.3,1.43798821294943
398.4,1.43798821294943
398.5,0.681152311397207
398.6,0.998535108822333
398.7,1.43798821294943
398.8,1.68212882635337
398.9,1.12060541552431
399,1.29150384490707
399.1,1.12060541552431
399.2,0.949706986141548
399.3,0.974121047481941
399.4,0.925292924801148
399.5,1.24267572222628
399.6,0.583496066035636
399.7,0.41259763665287
399.8,0.290527329950903
399.9,0.705566372737603
400,0.803222618099181
400.1,1.38916009026864
400.2,1.46240227428982
400.3,0.900878863460754
400.4,0.705566372737603
400.5,0.510253882014445
400.6,1.19384759954549
400.7,1.1694335382051
400.8,1.5844725809918
400.9,0.998535108822334
401,0.7055663727376
401.1,1.02294917016273
401.2,0.998535108822334
401.3,0.974121047481943
401.4,0.241699207270111
401.5,0.0219726552065637
401.6,0.974121047481941
401.7,1.5600585196514
401.8,1.12060541552431
401.9,0.949706986141545
402,0.607910127376029
402.1,0.534667943354843
402.2,0.632324188716417
402.3,1.04736323150313
402.4,1.34033196758786
402.5,1.65771476501298
402.6,0.900878863460758
402.7,0.388183575312476
402.8,0.900878863460756
402.9,0.437011697993269
403,0.827636679439574
403.1,0.949706986141545
403.2,0.876464802120361
403.3,0.876464802120363
403.4,1.1694335382051
403.5,1.26708978356667
403.6,0.7055663727376
403.7,0.852050740779973
403.8,0.656738250056813
403.9,1.07177729284352
404,0.974121047481938
404.1,1.02294917016273
404.2,1.24267572222628
404.3,1.21826166088589
404.4,1.1450194768647
404.5,1.02294917016273
404.6,0.510253882014452
404.7,0.876464802120361
404.8,1.1694335382051
404.9,1.09619135418391
405,1.09619135418391
405.1,1.46240227428983
405.2,1.43798821294943
405.3,0.144042961908535
405.4,0.510253882014449
405.5,1.5600585196514
405.6,1.5844725809918
405.7,1.34033196758785
405.8,1.29150384490707
405.9,0.876464802120361
406,0.852050740779966
406.1,1.09619135418391
406.2,0.729980434077999
406.3,1.1450194768647
406.4,1.43798821294943
406.5,0.92529292480115
406.6,1.16943353820509
406.7,1.56005851965141
406.8,1.1450194768647
406.9,0.974121047481941
407,0.900878863460758
407.1,1.04736323150313
407.2,1.36474602892825
407.3,1.31591790624746
407.4,1.51123039697061
407.5,1.5600585196514
407.6,1.31591790624746
407.7,0.583496066035632
407.8,1.1450194768647
407.9,0.827636679439574
408,1.48681633563022
408.1,1.26708978356667
408.2,1.1450194768647
408.3,1.43798821294944
408.4,1.82861319439574
408.5,1.82861319439574
408.6,1.21826166088588
408.7,2.07275380779968
408.8,1.1206054155243
408.9,1.21826166088589
409,1.65771476501298
409.1,0.852050740779966
409.2,0.681152311397207
409.3,1.77978507171495
409.4,1.82861319439574
409.5,1.26708978356667
409.6,1.73095694903417
409.7,1.80419913305535
409.8,1.87744131707653
409.9,1.68212882635337
410,1.90185537841693
410.1,1.75537101037456
410.2,1.34033196758785
410.3,1.97509756243811
410.4,1.82861319439574
410.5,2.07275380779968
410.6,2.14599599182087
410.7,1.75537101037456
410.8,1.21826166088588
410.9,1.09619135418391
411,0.485839820674053
411.1,1.21826166088588
411.2,1.80419913305535
411.3,2.07275380779969
411.4,1.38916009026865
411.5,1.09619135418391
411.6,1.1450194768647
411.7,1.70654288769377
411.8,2.14599599182087
411.9,2.29248035986323
412,1.85302725573614
412.1,1.5600585196514
412.2,1.63330070367259
412.3,1.60888664233219
412.4,1.21826166088588
412.5,1.97509756243811
412.6,1.73095694903416
412.7,0.92529292480115
412.8,1.07177729284352
412.9,2.02392568511889
413,2.07275380779969
413.1,1.77978507171495
413.2,1.38916009026864
413.3,2.0239256851189
413.4,1.9995116237785
413.5,1.56005851965141
413.6,1.51123039697061
413.7,1.26708978356667
413.8,1.19384759954549
413.9,1.02294917016273
414,1.04736323150312
414.1,1.53564445831101
414.2,1.36474602892825
414.3,1.02294917016273
414.4,1.80419913305534
414.5,2.14599599182087
414.6,1.92626943975732
414.7,1.5600585196514
414.8,1.80419913305535
414.9,1.90185537841692
415,1.68212882635337
415.1,1.46240227428982
415.2,2.04833974645929
415.3,2.07275380779969
415.4,2.24365223718244
415.5,1.65771476501298
415.6,2.09716786914008
415.7,1.82861319439574
415.8,1.19384759954549
415.9,1.43798821294943
416,1.77978507171495
416.1,1.48681633563022
416.2,1.65771476501298
416.3,1.92626943975732
416.4,1.41357415160904
416.5,1.12060541552431
416.6,0.583496066035632
416.7,1.41357415160904
416.8,2.14599599182087
416.9,1.77978507171495
417,1.21826166088589
417.1,1.02294917016273
417.2,0.94970698614155
417.3,1.5600585196514
417.4,2.17041005316126
417.5,1.92626943975731
417.6,1.90185537841692
417.7,1.53564445831101
417.8,1.87744131707653
417.9,2.34130848254402
418,2.07275380779968
418.1,2.21923817584205
418.2,1.92626943975732
418.3,2.21923817584205
418.4,1.80419913305535
418.5,1.1450194768647
418.6,1.46240227428982
418.7,2.39013660522481
418.8,2.21923817584205
418.9,1.53564445831101
419,1.34033196758785
419.1,1.29150384490707
419.2,1.5600585196514
419.3,1.68212882635337
419.4,1.70654288769377
419.5,1.70654288769377
419.6,1.36474602892825
419.7,1.26708978356667
419.8,1.1450194768647
419.9,1.70654288769377
420,1.5600585196514
420.1,0.949706986141545
420.2,0.998535108822335
420.3,1.48681633563022
420.4,1.68212882635337
420.5,1.36474602892825
420.6,1.65771476501298
420.7,2.12158193048047
420.8,0.998535108822334
420.9,1.16943353820509
421,1.36474602892825
421.1,1.31591790624746
421.2,1.12060541552431
421.3,1.75537101037456
421.4,1.5844725809918
421.5,0.900878863460758
421.6,1.07177729284352
421.7,1.41357415160904
421.8,1.90185537841692
421.9,1.41357415160904
422,0.80322261809918
422.1,1.51123039697061
422.2,1.73095694903417
422.3,1.43798821294943
422.4,1.46240227428982
422.5,1.63330070367259
422.6,1.12060541552431
422.7,1.21826166088589
422.8,0.998535108822334
422.9,1.26708978356667
423,0.900878863460756
423.1,1.34033196758785
423.2,1.04736323150312
423.3,1.07177729284352
423.4,1.48681633563022
423.5,1.36474602892825
423.6,0.75439449541839
423.7,1.02294917016273
423.8,0.94970698614155
423.9,1.48681633563022
424,1.24267572222628
424.1,1.02294917016273
424.2,1.29150384490707
424.3,1.29150384490707
424.4,1.26708978356667
424.5,1.46240227428983
424.6,1.46240227428982
424.7,1.65771476501298
424.8,1.51123039697061
424.9,1.1206054155243
425,1.82861319439574
425.1,1.77978507171496
425.2,1.1206054155243
425.3,2.07275380779968
425.4,2.21923817584205
425.5,1.87744131707653
425.6,1.24267572222628
425.7,1.12060541552431
425.8,1.34033196758785
425.9,1.9750975624381
426,1.82861319439574
426.1,1.70654288769377
426.2,0.949706986141544
426.3,1.82861319439575
426.4,1.97509756243811
426.5,1.56005851965141
426.6,1.07177729284352
426.7,1.24267572222628
426.8,1.04736323150312
426.9,1.87744131707653
427,2.82958970935191
427.1,2.19482411450166
427.2,1.5844725809918
427.3,1.82861319439574
427.4,2.24365223718244
427.5,1.92626943975731
427.6,0.97412104748194
427.7,0.974121047481938
427.8,1.87744131707653
427.9,1.90185537841692
428,1.77978507171495
428.1,1.5600585196514
428.2,1.97509756243811
428.3,1.60888664233219
428.4,1.07177729284352
428.5,1.43798821294943
428.6,1.87744131707653
428.7,1.36474602892824
428.8,0.949706986141545
428.9,1.16943353820509
429,0.900878863460757
429.1,1.26708978356667
429.2,1.26708978356667
429.3,1.26708978356667
429.4,1.63330070367259
429.5,2.04833974645929
429.6,1.65771476501298
429.7,1.34033196758786
429.8,1.43798821294943
429.9,2.17041005316126
430,2.53662097326717
430.1,1.65771476501298
430.2,1.09619135418391
430.3,1.07177729284352
430.4,1.56005851965141
430.5,1.82861319439574
430.6,1.80419913305534
430.7,1.70654288769377
430.8,1.90185537841692
430.9,2.12158193048047
431,1.77978507171495
431.1,1.53564445831101
431.2,1.85302725573614
431.3,2.41455066656521
431.4,1.80419913305535
431.5,1.29150384490707
431.6,1.34033196758785
431.7,1.60888664233219
431.8,1.38916009026864
431.9,1.29150384490707
432,1.29150384490707
432.1,1.65771476501298
432.2,1.63330070367259
432.3,1.51123039697061
432.4,2.0239256851189
432.5,2.19482411450166
432.6,1.9995116237785
432.7,1.70654288769377
432.8,1.46240227428983
432.9,1.29150384490707
433,1.26708978356668
433.1,1.41357415160904
433.2,1.92626943975732
433.3,1.46240227428983
433.4,1.75537101037455
433.5,1.51123039697061
433.6,1.5600585196514
433.7,1.65771476501298
433.8,1.41357415160904
433.9,1.60888664233219
434,1.46240227428982
434.1,1.90185537841692
434.2,1.46240227428983
434.3,1.1450194768647
434.4,1.31591790624746
434.5,1.07177729284352
434.6,1.48681633563022
434.7,1.5844725809918
434.8,1.26708978356667
434.9,1.38916009026864
435,1.21826166088588
435.1,1.36474602892825
435.2,1.80419913305534
435.3,2.04833974645929
435.4,1.65771476501298
435.5,1.87744131707653
435.6,1.5844725809918
435.7,1.70654288769377
435.8,1.38916009026865
435.9,1.1450194768647
436,1.1450194768647
436.1,1.09619135418391
436.2,1.48681633563022
436.3,1.34033196758785
436.4,0.85205074077997
436.5,0.852050740779967
436.6,1.63330070367258
436.7,1.75537101037456
436.8,1.04736323150312
436.9,1.68212882635337
437,1.9750975624381
437.1,1.29150384490706
437.2,1.73095694903416
437.3,1.95068350109771
437.4,1.75537101037456
437.5,1.29150384490706
437.6,1.77978507171495
437.7,1.34033196758785
437.8,1.26708978356667
437.9,1.31591790624746
438,1.46240227428982
438.1,1.04736323150312
438.2,1.16943353820509
438.3,1.09619135418391
438.4,0.778808556758784
438.5,1.9995116237785
438.6,1.95068350109771
438.7,1.07177729284352
438.8,0.998535108822335
438.9,0.778808556758786
439,1.12060541552431
439.1,1.75537101037456
439.2,1.87744131707653
439.3,1.95068350109771
439.4,1.09619135418391
439.5,1.19384759954549
439.6,1.5844725809918
439.7,1.38916009026864
439.8,2.09716786914008
439.9,2.12158193048047
440,1.41357415160904
440.1,1.90185537841692
440.2,1.73095694903416
440.3,1.41357415160904
440.4,1.75537101037456
440.5,1.75537101037456
440.6,1.95068350109771
440.7,2.07275380779968
440.8,1.60888664233219
440.9,1.65771476501298
441,1.41357415160903
441.1,1.5600585196514
441.2,1.04736323150312
441.3,0.827636679439574
441.4,0.607910127376027
441.5,0.729980434077996
441.6,1.29150384490707
441.7,1.9995116237785
441.8,1.60888664233219
441.9,1.77978507171495
442,2.56103503460757
442.1,1.77978507171495
442.2,1.04736323150312
442.3,0.900878863460756
442.4,0.852050740779966
442.5,1.36474602892825
442.6,1.95068350109771
442.7,1.51123039697061
442.8,1.16943353820509
442.9,0.998535108822333
443,1.02294917016273
443.1,1.24267572222628
443.2,1.58447258099179
443.3,1.5844725809918
443.4,1.60888664233219
443.5,1.02294917016273
443.6,1.36474602892825
443.7,1.26708978356667
443.8,1.29150384490706
443.9,1.82861319439574
444,1.95068350109771
444.1,1.5844725809918
444.2,1.68212882635337
444.3,1.02294917016273
444.4,0.974121047481941
444.5,1.99951162377851
444.6,1.75537101037456
444.7,1.26708978356667
444.8,1.95068350109771
444.9,2.26806629852284
445,1.5844725809918
445.1,1.41357415160904
445.2,1.53564445831101
445.3,2.04833974645928
445.4,1.92626943975731
445.5,1.48681633563022
445.6,1.82861319439574
445.7,1.77978507171495
445.8,1.92626943975732
445.9,1.48681633563022
446,1.29150384490707
446.1,1.31591790624746
446.2,1.75537101037456
446.3,2.17041005316126
446.4,1.58447258099179
446.5,1.26708978356667
446.6,1.43798821294943
446.7,1.80419913305535
446.8,1.53564445831101
446.9,1.26708978356667
447,1.16943353820509
447.1,1.56005851965141
447.2,1.70654288769377
447.3,1.65771476501298
447.4,0.998535108822335
447.5,1.04736323150312
447.6,1.26708978356667
447.7,1.34033196758786
447.8,1.16943353820509
447.9,1.16943353820509
448,1.82861319439574
448.1,1.75537101037456
448.2,1.21826166088588
448.3,1.92626943975732
448.4,1.95068350109771
448.5,1.56005851965141
448.6,1.68212882635338
448.7,2.21923817584205
448.8,0.949706986141548
448.9,1.38916009026864
449,1.85302725573613
449.1,2.07275380779968
449.2,1.95068350109771
449.3,1.82861319439574
449.4,2.31689442120363
449.5,2.07275380779969
449.6,1.07177729284352
449.7,1.34033196758786
449.8,1.70654288769377
449.9,1.1450194768647
450,1.60888664233219
450.1,1.1450194768647
450.2,1.5600585196514
450.3,1.97509756243811
450.4,1.92626943975732
450.5,1.95068350109772
450.6,1.87744131707653
450.7,1.53564445831101
450.8,1.48681633563022
450.9,1.29150384490707
451,1.04736323150312
451.1,1.1450194768647
451.2,1.36474602892825
451.3,2.14599599182087
451.4,1.85302725573614
451.5,1.73095694903416
451.6,1.5600585196514
451.7,1.87744131707653
451.8,1.95068350109771
451.9,1.97509756243811
452,1.58447258099179
452.1,1.9750975624381
452.2,2.19482411450166
452.3,1.04736323150312
452.4,1.07177729284352
452.5,1.51123039697061
452.6,1.1450194768647
452.7,1.31591790624746
452.8,1.85302725573613
452.9,1.53564445831101
453,0.949706986141547
453.1,1.04736323150312
453.2,0.754394495418394
453.3,1.09619135418391
453.4,1.34033196758786
453.5,1.41357415160904
453.6,1.02294917016273
453.7,0.778808556758786
453.8,0.754394495418393
453.9,1.29150384490706
454,1.09619135418392
454.1,1.19384759954549
454.2,1.65771476501298
454.3,1.26708978356667
454.4,1.1694335382051
454.5,0.852050740779967
454.6,1.41357415160904
454.7,1.58447258099179
454.8,1.19384759954549
454.9,0.900878863460756
455,1.68212882635337
455.1,1.43798821294943
455.2,0.363769513972085
455.3,0.266113268610505
455.4,1.41357415160903
455.5,2.46337878924599
455.6,1.41357415160904
455.7,1.68212882635337
455.8,1.5600585196514
455.9,1.85302725573614
456,1.68212882635337
456.1,1.87744131707653
456.2,1.73095694903416
456.3,1.21826166088589
456.4,0.803222618099177
456.5,0.949706986141545
456.6,1.63330070367259
456.7,0.998535108822333
456.8,1.1450194768647
456.9,1.97509756243811
457,1.19384759954549
457.1,1.24267572222627
457.2,1.53564445831101
457.3,1.12060541552431
457.4,1.36474602892825
457.5,1.07177729284352
457.6,1.31591790624746
457.7,1.53564445831101
457.8,1.29150384490706
457.9,1.43798821294943
458,1.04736323150312
458.1,0.974121047481941
458.2,0.900878863460758
458.3,0.94970698614155
458.4,1.65771476501298
458.5,1.07177729284351
458.6,1.21826166088588
458.7,1.53564445831101
458.8,0.461425759333657
458.9,0.852050740779967
459,0.559082004695237
459.1,0.778808556758784
459.2,1.29150384490707
459.3,1.07177729284352
459.4,1.09619135418392
459.5,1.1450194768647
459.6,1.1450194768647
459.7,0.974121047481941
459.8,1.07177729284352
459.9,1.43798821294943
460,1.04736323150312
460.1,1.02294917016273
460.2,1.02294917016273
460.3,0.778808556758786
460.4,1.04736323150313
460.5,0.949706986141545
460.6,0.729980434077996
460.7,0.900878863460757
460.8,1.46240227428983
460.9,1.70654288769377
461,1.02294917016273
461.1,0.68115231139721
461.2,0.852050740779971
461.3,0.53466794335484
461.4,0.705566372737603
461.5,0.168457023248931
461.6,0.510253882014452
461.7,0.876464802120367
461.8,0.46142575933366
461.9,0.75439449541839
462,0.607910127376029
462.1,0.217285145929716
462.2,0.412597636652875
462.3,0.0708007778873522
462.4,0.827636679439574
462.5,0.46142575933366
462.6,0.925292924801153
462.7,0.949706986141545
462.8,0.0219726552065623
462.9,0.339355452631689
463,1.21826166088588
463.1,1.63330070367258
463.2,0.729980434077996
463.3,0.729980434077996
463.4,0.632324188716421
463.5,0.656738250056814
463.6,0.729980434077997
463.7,0.876464802120361
463.8,1.1450194768647
463.9,1.1450194768647
464,0.803222618099183
464.1,0.754394495418393
464.2,0.559082004695239
464.3,1.26708978356667
464.4,1.43798821294943
464.5,1.12060541552431
464.6,1.04736323150312
464.7,0.681152311397207
464.8,0.754394495418393
464.9,0.583496066035633
465,0.607910127376027
465.1,0.705566372737601
465.2,1.24267572222628
465.3,1.51123039697062
465.4,1.26708978356667
465.5,1.41357415160904
465.6,0.485839820674053
465.7,0.559082004695239
465.8,0.38818357531248
465.9,0.314941391291295
466,0.632324188716423
466.1,0.778808556758786
466.2,0.485839820674056
466.3,0.876464802120364
466.4,0.656738250056814
466.5,0.339355452631689
466.6,0.68115231139721
466.7,0.681152311397207
466.8,0.58349606603563
466.9,0.534667943354843
467,0.63232418871642
467.1,0.75439449541839
467.2,0.632324188716419
467.3,0.729980434078
467.4,1.07177729284352
467.5,1.19384759954549
467.6,0.681152311397209
467.7,0.41259763665287
467.8,0.900878863460756
467.9,1.26708978356667
468,1.02294917016273
468.1,1.1694335382051
468.2,1.07177729284352
468.3,1.1694335382051
468.4,0.876464802120363
468.5,0.754394495418396
468.6,0.53466794335484
468.7,0.168457023248928
468.8,1.09619135418391
468.9,1.46240227428982
469,1.02294917016273
469.1,1.19384759954549
469.2,1.5600585196514
469.3,0.998535108822334
469.4,0.754394495418391
469.5,0.949706986141544
469.6,1.24267572222628
469.7,1.43798821294943
469.8,1.1694335382051
469.9,0.339355452631688
470,0.925292924801151
470.1,1.60888664233219
470.2,0.876464802120364
470.3,0.485839820674053
470.4,1.24267572222628
470.5,0.85205074077997
470.6,1.31591790624746
470.7,1.34033196758785
470.8,1.24267572222627
470.9,1.77978507171495
471,1.02294917016273
471.1,0.388183575312476
471.2,0.85205074077997
471.3,1.19384759954549
471.4,1.26708978356667
471.5,0.900878863460757
471.6,1.29150384490707
471.7,1.26708978356667
471.8,1.73095694903416
471.9,0.778808556758783
472,1.02294917016273
472.1,1.73095694903416
472.2,1.77978507171495
472.3,1.82861319439574
472.4,1.90185537841692
472.5,1.34033196758785
472.6,1.21826166088588
472.7,0.705566372737603
472.8,1.48681633563022
472.9,1.02294917016273
473,0.705566372737603
473.1,1.5844725809918
473.2,1.36474602892825
473.3,1.21826166088588
473.4,1.51123039697061
473.5,1.19384759954549
473.6,0.949706986141543
473.7,1.36474602892825
473.8,0.583496066035632
473.9,0.0708007778873537
474,-0.0024414061338291
474.1,0.607910127376029
474.2,0.632324188716417
474.3,0.119628900568141
474.4,0.485839820674055
474.5,1.09619135418391
474.6,1.38916009026864
474.7,1.02294917016273
474.8,0.754394495418391
474.9,1.24267572222627
475,1.02294917016273
475.1,1.36474602892825
475.2,1.36474602892825
475.3,1.19384759954549
475.4,1.24267572222627
475.5,1.80419913305535
475.6,1.65771476501298
475.7,1.43798821294943
475.8,1.26708978356668
475.9,1.31591790624746
476,1.31591790624746
476.1,1.82861319439574
476.2,1.70654288769377
476.3,1.80419913305535
476.4,1.29150384490706
476.5,0.75439449541839
476.6,1.1694335382051
476.7,1.02294917016273
476.8,0.852050740779967
476.9,1.16943353820509
477,0.900878863460754
477.1,0.949706986141548
477.2,0.827636679439577
477.3,0.681152311397209
477.4,0.998535108822337
477.5,1.12060541552431
477.6,1.24267572222628
477.7,1.53564445831101
477.8,2.12158193048047
477.9,1.19384759954549
478,0.241699207270112
478.1,0.607910127376024
478.2,0.656738250056816
478.3,0.388183575312476
478.4,0.485839820674057
478.5,0.729980434077994
478.6,1.41357415160904
478.7,1.5600585196514
478.8,1.21826166088588
478.9,1.02294917016273
479,0.632324188716419
479.1,0.925292924801153
479.2,1.04736323150312
479.3,1.02294917016273
479.4,1.19384759954549
479.5,0.314941391291295
479.6,0.0463867165469566
479.7,0.437011697993263
479.8,-0.100097651495406
479.9,0.681152311397206
480,0.900878863460757
480.1,1.04736323150312
480.2,0.876464802120365
480.3,0.998535108822333
480.4,1.19384759954549
480.5,0.632324188716417
480.6,1.09619135418391
480.7,1.09619135418391
480.8,0.559082004695237
480.9,0.583496066035627
481,0.803222618099184
481.1,1.09619135418391
481.2,0.754394495418393
481.3,1.07177729284352
481.4,1.34033196758786
481.5,0.607910127376026
481.6,0.998535108822335
481.7,0.949706986141548
481.8,0.87646480212036
481.9,0.583496066035634
482,0.437011697993268
482.1,0.437011697993265
482.2,0.656738250056813
482.3,0.827636679439574
482.4,0.998535108822333
482.5,0.290527329950905
482.6,0.266113268610503
482.7,1.75537101037456
482.8,1.60888664233219
482.9,0.900878863460756
483,1.75537101037456
483.1,1.31591790624746
483.2,1.38916009026864
483.3,1.31591790624746
483.4,1.16943353820509
483.5,0.632324188716417
483.6,0.974121047481943
483.7,1.48681633563022
483.8,1.77978507171496
483.9,1.51123039697061
484,0.339355452631689
484.1,0.363769513972083
484.2,0.998535108822337
484.3,0.925292924801153
484.4,0.705566372737606
484.5,0.852050740779968
484.6,1.04736323150313
484.7,1.21826166088589
484.8,1.43798821294943
484.9,1.82861319439575
485,1.77978507171495
485.1,0.974121047481943
485.2,0.583496066035632
485.3,0.754394495418391
485.4,0.97412104748194
485.5,0.852050740779967
485.6,1.31591790624746
485.7,0.778808556758788
485.8,1.1450194768647
485.9,1.31591790624746
486,1.16943353820509
486.1,1.02294917016273
486.2,0.656738250056814
486.3,0.754394495418391
486.4,1.48681633563022
486.5,1.5844725809918
486.6,1.1450194768647
486.7,0.363769513972085
486.8,0.607910127376027
486.9,1.36474602892825
487,0.925292924801153
487.1,0.534667943354844
487.2,0.63232418871642
487.3,0.876464802120363
487.4,0.998535108822333
487.5,1.02294917016273
487.6,0.925292924801151
487.7,1.19384759954549
487.8,1.31591790624746
487.9,0.876464802120364
488,0.876464802120361
488.1,0.827636679439574
488.2,1.34033196758785
488.3,0.974121047481941
488.4,1.09619135418392
488.5,0.998535108822334
488.6,0.778808556758786
488.7,0.827636679439573
488.8,1.04736323150312
488.9,1.19384759954549
489,0.900878863460758
489.1,0.63232418871642
489.2,0.63232418871642
489.3,1.02294917016273
489.4,1.41357415160904
489.5,1.51123039697061
489.6,1.09619135418391
489.7,1.21826166088589
489.8,1.31591790624746
489.9,1.04736323150312
490,0.681152311397209
490.1,0.510253882014452
490.2,1.1694335382051
490.3,0.437011697993263
490.4,0.632324188716419
490.5,0.852050740779968
490.6,1.02294917016273
490.7,1.26708978356668
490.8,2.09716786914008
490.9,1.63330070367259
491,1.46240227428982
491.1,1.38916009026864
491.2,1.43798821294944
491.3,0.461425759333659
491.4,0.485839820674053
491.5,0.827636679439573
491.6,1.07177729284352
491.7,1.60888664233219
491.8,1.31591790624746
491.9,1.48681633563022
492,0.949706986141547
492.1,0.778808556758786
492.2,1.36474602892825
492.3,1.38916009026865
492.4,0.852050740779966
492.5,0.656738250056813
492.6,0.437011697993265
492.7,0.949706986141547
492.8,1.09619135418391
492.9,0.705566372737603
493,0.754394495418389
493.1,0.729980434078
493.2,0.876464802120364
493.3,1.36474602892825
493.4,1.24267572222628
493.5,1.41357415160904
493.6,1.26708978356667
493.7,1.38916009026864
493.8,1.09619135418391
493.9,0.90087886346076
494,0.729980434077996
494.1,0.754394495418391
494.2,0.681152311397211
494.3,0.144042961908536
494.4,0.0708007778873522
494.5,1.02294917016273
494.6,0.778808556758783
494.7,0.0708007778873551
494.8,0.144042961908536
494.9,0.510253882014447
495,0.778808556758784
495.1,0.900878863460757
495.2,0.85205074077997
495.3,0.949706986141547
495.4,0.876464802120363
495.5,0.412597636652872
495.6,1.1450194768647
495.7,0.925292924801154
495.8,0.461425759333666
495.9,0.144042961908535
496,0.437011697993268
496.1,0.290527329950899
496.2,0.583496066035629
496.3,0.656738250056817
496.4,0.974121047481943
496.5,1.19384759954549
496.6,0.681152311397207
496.7,-0.051269528814619
496.8,0.729980434077999
496.9,0.925292924801154
497,0.534667943354843
497.1,0.998535108822331
497.2,0.68115231139721
497.3,0.388183575312476
497.4,1.02294917016273
497.5,1.09619135418391
497.6,0.974121047481941
497.7,0.778808556758783
497.8,0.754394495418391
497.9,0.754394495418387
498,1.19384759954549
498.1,1.36474602892825
498.2,1.5600585196514
498.3,0.241699207270116
498.4,1.07177729284352
498.5,1.07177729284352
498.6,0.0952148392277437
498.7,0.168457023248928
498.8,0.266113268610506
498.9,0.68115231139721
499,0.97412104748194
499.1,0.632324188716419
499.2,0.656738250056812
499.3,0.363769513972085
499.4,0.656738250056813
499.5,0.559082004695237
499.6,0.58349606603563
499.7,0.363769513972083
499.8,0.217285145929719
499.9,0.0219726552065609
500,0.363769513972082
500.1,0.705566372737603
500.2,0.827636679439576
500.3,0.534667943354842
500.4,0.363769513972082
500.5,1.02294917016273
500.6,0.217285145929719
500.7,0.192871084589324
500.8,0.0952148392277465
500.9,0.461425759333657
501,0.632324188716419
501.1,0.632324188716419
501.2,1.26708978356667
501.3,0.949706986141545
501.4,0.925292924801154
501.5,0.583496066035633
501.6,0.290527329950902
501.7,0.80322261809918
501.8,0.388183575312479
501.9,0.266113268610506
502,0.290527329950902
502.1,-0.0512695288146176
502.2,0.388183575312478
502.3,0.656738250056813
502.4,0.656738250056813
502.5,0.729980434077997
502.6,0.75439449541839
502.7,0.705566372737601
502.8,0.75439449541839
502.9,0.168457023248928
503,0.900878863460756
503.1,0.314941391291293
503.2,0.0952148392277451
503.3,0.0219726552065637
503.4,0.314941391291295
503.5,0.192871084589328
503.6,0.339355452631688
503.7,0.607910127376024
503.8,0.632324188716419
503.9,0.2905273299509
504,0.168457023248932
504.1,0.510253882014446
504.2,0.852050740779968
504.3,1.1450194768647
504.4,0.363769513972082
504.5,0.461425759333662
504.6,1.21826166088588
504.7,0.876464802120363
504.8,0.656738250056813
504.9,1.29150384490707
505,0.80322261809918
505.1,0.754394495418394
505.2,1.21826166088588
505.3,1.04736323150312
505.4,0.58349606603563
505.5,0.729980434077996
505.6,0.705566372737604
505.7,0.607910127376024
505.8,1.02294917016273
505.9,0.314941391291296
506,0.656738250056814
506.1,1.09619135418391
506.2,1.04736323150312
506.3,0.705566372737601
506.4,0.559082004695239
506.5,0.485839820674052
506.6,0.119628900568139
506.7,0.754394495418389
506.8,0.534667943354843
506.9,0.388183575312478
507,0.461425759333659
507.1,0.852050740779968
507.2,0.778808556758784
507.3,0.388183575312475
507.4,0.656738250056812
507.5,0.63232418871642
507.6,0.241699207270111
507.7,1.19384759954549
507.8,0.80322261809918
507.9,0.119628900568142
508,0.266113268610503
508.1,0.388183575312478
508.2,0.217285145929719
508.3,0.534667943354844
508.4,0.0463867165469551
508.5,-0.417480448920536
508.6,-0.075683590155009
508.7,0.314941391291296
508.8,0.119628900568142
508.9,-0.368652326239746
509,-0.441894510260929
509.1,-0.75927730768605
509.2,-0.319824203558956
509.3,-0.124511712835802
509.4,0.534667943354843
509.5,0.510253882014449
509.6,0.583496066035632
509.7,0.119628900568141
509.8,0.559082004695237
509.9,0.38818357531248
510,0.388183575312476
510.1,0.33935545263169
510.2,-0.148925774176197
510.3,-0.31982420355896
510.4,0.38818357531248
510.5,0.607910127376027
510.6,0.119628900568141
510.7,0.510253882014447
510.8,-0.22216795819738
510.9,-0.686035123664871
511,-0.319824203558957
511.1,-0.344238264899353
511.2,-0.173339835516593
511.3,0.583496066035629
511.4,0.0952148392277479
511.5,-0.344238264899346
511.6,0.363769513972086
511.7,0.119628900568141
511.8,-0.368652326239743
511.9,0.192871084589324
512,-0.0512695288146219
512.1,0.0952148392277451
512.2,0.510253882014447
512.3,0.559082004695237
512.4,0.314941391291296
512.5,0.485839820674055
512.6,-0.0512695288146205
512.7,0.314941391291295
512.8,0.80322261809918
512.9,-0.0024414061338291
513,0.363769513972086
513.1,0.607910127376024
513.2,0.192871084589322
513.3,0.0952148392277437
513.4,0.192871084589322
513.5,0.534667943354842
513.6,0.0708007778873494
513.7,0.168457023248928
513.8,0.559082004695236
513.9,0.388183575312478
514,-0.466308571601321
514.1,-0.295410142218562
514.2,0.583496066035629
514.3,0.681152311397209
514.4,0.998535108822337
514.5,1.29150384490707
514.6,0.803222618099178
514.7,0.97412104748194
514.8,0.925292924801151
514.9,0.534667943354843
515,0.217285145929718
515.1,0.388183575312476
515.2,0.437011697993266
515.3,0.217285145929718
515.4,0.192871084589324
515.5,0.583496066035632
515.6,1.21826166088588
515.7,0.534667943354843
515.8,0.681152311397209
515.9,1.16943353820509
516,0.363769513972083
516.1,0.363769513972082
516.2,0.339355452631688
516.3,0.363769513972086
516.4,-0.0512695288146219
516.5,0.0463867165469551
516.6,0.0708007778873508
516.7,-0.124511712835798
516.8,0.290527329950898
516.9,0.485839820674053
517,0.0219726552065666
517.1,-0.417480448920534
517.2,-0.1245117128358
517.3,0.363769513972083
517.4,-0.148925774176197
517.5,-0.0512695288146205
517.6,-0.148925774176197
517.7,0.0219726552065623
517.8,0.363769513972083
517.9,0.314941391291293
518,-0.197753896856986
518.1,-0.0268554674742276
518.2,0.437011697993263
518.3,0.583496066035632
518.4,0.583496066035633
518.5,0.925292924801154
518.6,0.314941391291293
518.7,-0.417480448920533
518.8,-0.441894510260929
518.9,-0.100097651495409
519,0.119628900568142
519.1,0.437011697993269
519.2,0.58349606603563
519.3,0.534667943354843
519.4,0.314941391291296
519.5,0.241699207270116
519.6,0.485839820674053
519.7,0.144042961908534
519.8,-0.0756835901550133
519.9,0.363769513972086
520,0.876464802120364
520.1,0.46142575933366
520.2,0.60791012737603
520.3,0.510253882014447
520.4,0.119628900568139
520.5,-0.0756835901550147
520.6,0.0219726552065623
520.7,0.559082004695236
520.8,0.534667943354846
520.9,0.583496066035633
521,0.33935545263169
521.1,0.0463867165469594
521.2,0.998535108822334
521.3,0.510253882014447
521.4,0.192871084589325
521.5,0.046386716546958
521.6,0.217285145929716
521.7,0.412597636652876
521.8,0.0952148392277437
521.9,-0.246582019537777
522,-0.0268554674742248
522.1,-0.100097651495405
522.2,-0.100097651495408
522.3,0.534667943354843
522.4,0.46142575933366
522.5,0.7055663727376
522.6,0.632324188716419
522.7,0.0952148392277451
522.8,0.363769513972086
522.9,0.119628900568141
523,-0.563964816962903
523.1,-0.417480448920529
523.2,-0.17333983551659
523.3,0.68115231139721
523.4,1.16943353820509
523.5,0.803222618099181
523.6,0.412597636652872
523.7,0.998535108822335
523.8,0.705566372737603
523.9,0.0952148392277465
524,0.412597636652873
524.1,0.363769513972082
524.2,-0.368652326239744
524.3,0.217285145929716
524.4,0.681152311397207
524.5,0.217285145929718
524.6,0.0463867165469566
524.7,0.58349606603563
524.8,0.437011697993265
524.9,0.412597636652873
525,1.51123039697062
525.1,0.778808556758784
525.2,0.75439449541839
525.3,0.607910127376026
525.4,0.583496066035634
525.5,-0.148925774176197
525.6,-0.22216795819738
525.7,-0.173339835516587
525.8,-0.0268554674742262
525.9,0.217285145929719
526,-0.0756835901550161
526.1,-0.22216795819738
526.2,0.119628900568142
526.3,0.559082004695239
526.4,0.656738250056814
526.5,0.266113268610506
526.6,-0.00244140613383195
526.7,0.314941391291295
526.8,0.461425759333662
526.9,-0.0756835901550119
527,0.217285145929718
527.1,0.119628900568141
527.2,0.0219726552065623
527.3,0.314941391291296
527.4,0.241699207270109
527.5,0.339355452631689
527.6,-0.00244140613383337
527.7,0.2905273299509
527.8,0.266113268610505
527.9,-0.588378878303294
528,0.0952148392277493
528.1,-0.0756835901550133
528.2,-0.22216795819738
528.3,0.0952148392277479
528.4,0.241699207270111
528.5,-0.344238264899351
528.6,-0.0024414061338291
528.7,-0.0512695288146205
528.8,0.681152311397206
528.9,0.41259763665287
529,-0.295410142218562
529.1,-0.1245117128358
529.2,-0.905761675728422
529.3,-0.417480448920534
529.4,-0.0268554674742219
529.5,-0.00244140613383337
529.6,-0.124511712835803
529.7,0.412597636652876
529.8,-0.148925774176197
529.9,-0.319824203558957
530,-0.173339835516589
530.1,-0.612792939643684
530.2,-0.930175737068812
530.3,0.144042961908534
530.4,0.192871084589325
530.5,-0.393066387580141
530.6,-0.270996080878167
530.7,0.192871084589322
530.8,-0.270996080878165
530.9,-0.637207000984083
531,-0.17333983551659
531.1,0.241699207270115
531.2,0.2905273299509
531.3,-0.0268554674742262
531.4,-0.14892577417619
531.5,0.388183575312478
531.6,0.241699207270111
531.7,-0.148925774176196
531.8,0.681152311397211
531.9,0.217285145929716
532,0.0952148392277451
532.1,0.119628900568144
532.2,-0.34423826489935
532.3,-0.124511712835803
532.4,-0.148925774176197
532.5,-0.051269528814619
532.6,0.363769513972088
532.7,0.266113268610508
532.8,0.0463867165469566
532.9,0.412597636652869
533,0.510253882014447
533.1,0.705566372737601
533.2,0.412597636652875
533.3,-0.173339835516592
533.4,-0.197753896856986
533.5,0.266113268610508
533.6,0.192871084589324
533.7,0.0952148392277536
533.8,-0.173339835516592
533.9,-0.100097651495408
534,0.0952148392277465
534.1,-0.246582019537775
534.2,-0.1489257741762
534.3,0.339355452631689
534.4,0.729980434077997
534.5,0.607910127376026
534.6,0.63232418871642
534.7,0.437011697993268
534.8,0.729980434077996
534.9,0.827636679439574
535,0.632324188716421
535.1,0.119628900568142
535.2,-0.270996080878165
535.3,0.0952148392277465
535.4,0.388183575312479
535.5,0.144042961908536
535.6,0.168457023248928
535.7,0.632324188716417
535.8,-0.466308571601323
535.9,0.0463867165469594
536,0.241699207270111
536.1,-0.270996080878169
536.2,-0.173339835516593
536.3,0.192871084589324
536.4,0.339355452631686
536.5,-0.17333983551659
536.6,0.241699207270112
536.7,0.510253882014449
536.8,0.534667943354847
536.9,0.412597636652876
537,-0.100097651495403
537.1,-0.051269528814619
537.2,0.0708007778873565
537.3,-0.0756835901550147
537.4,0.290527329950899
537.5,0.217285145929715
537.6,-0.270996080878165
537.7,0.46142575933366
537.8,0.754394495418393
537.9,0.217285145929716
538,-0.0512695288146176
538.1,0.900878863460757
538.2,0.632324188716421
538.3,0.314941391291295
538.4,0.949706986141545
538.5,0.461425759333665
538.6,0.412597636652869
538.7,0.38818357531248
538.8,0.388183575312476
538.9,0.437011697993265
539,0.0952148392277451
539.1,0.266113268610511
539.2,0.852050740779971
539.3,0.461425759333657
539.4,0.0952148392277479
539.5,0.949706986141543
539.6,0.998535108822334
539.7,-0.246582019537773
539.8,0.0463867165469566
539.9,-0.1245117128358
540,0.0708007778873537
540.1,0.168457023248929
540.2,0.144042961908536
540.3,0.68115231139721
540.4,0.58349606603563
540.5,-0.0756835901550104
540.6,0.0952148392277451
540.7,0.217285145929721
540.8,0.58349606603563
540.9,0.632324188716421
541,0.681152311397207
541.1,0.632324188716421
541.2,0.92529292480115
541.3,0.998535108822334
541.4,1.09619135418391
541.5,0.876464802120361
541.6,0.778808556758786
541.7,0.949706986141547
541.8,0.754394495418391
541.9,0.876464802120367
542,0.876464802120367
542.1,0.852050740779971
542.2,0.461425759333662
542.3,0.437011697993266
542.4,-0.0756835901550147
542.5,-0.0268554674742234
542.6,0.0219726552065666
542.7,0.754394495418391
542.8,1.1206054155243
542.9,1.19384759954549
543,0.827636679439573
543.1,0.632324188716419
543.2,0.55908200469524
543.3,0.803222618099181
543.4,0.583496066035634
543.5,0.534667943354846
543.6,0.144042961908535
543.7,1.12060541552431
543.8,1.07177729284352
543.9,0.705566372737604
544,0.290527329950898
544.1,0.314941391291299
544.2,0.437011697993266
544.3,0.437011697993263
544.4,0.632324188716419
544.5,0.534667943354843
544.6,0.388183575312479
544.7,0.290527329950898
544.8,0.363769513972082
544.9,0.607910127376026
545,1.16943353820509
545.1,1.1206054155243
545.2,0.461425759333659
545.3,0.58349606603563
545.4,0.363769513972083
545.5,0.827636679439574
545.6,1.21826166088589
545.7,0.778808556758788
545.8,0.900878863460756
545.9,0.876464802120364
546,0.339355452631686
546.1,0.949706986141545
546.2,1.02294917016273
546.3,0.241699207270116
546.4,0.705566372737609
546.5,0.827636679439573
546.6,0.53466794335484
546.7,1.02294917016273
546.8,0.2905273299509
546.9,0.412597636652869
547,0.217285145929719
547.1,-0.00244140613383195
547.2,0.412597636652875
547.3,0.534667943354844
547.4,0.461425759333662
547.5,0.485839820674053
547.6,0.559082004695239
547.7,0.559082004695237
547.8,0.437011697993269
547.9,0.266113268610506
548,-0.441894510260929
548.1,0.46142575933366
548.2,1.07177729284352
548.3,0.63232418871642
548.4,0.510253882014449
548.5,0.656738250056816
548.6,0.656738250056817
548.7,1.1450194768647
548.8,0.656738250056817
548.9,0.461425759333666
549,0.119628900568142
549.1,-0.124511712835802
549.2,0.705566372737603
549.3,0.949706986141548
549.4,0.607910127376026
549.5,0.681152311397207
549.6,1.85302725573614
549.7,1.51123039697061
549.8,0.705566372737604
549.9,0.583496066035632
550,1.02294917016273
550.1,1.1450194768647
550.2,1.31591790624746
550.3,0.900878863460764
550.4,0.778808556758786
550.5,0.852050740779973
550.6,0.144042961908538
550.7,0.900878863460757
550.8,1.77978507171495
550.9,1.29150384490707
551,1.07177729284352
551.1,1.65771476501298
551.2,1.48681633563022
551.3,1.16943353820509
551.4,0.63232418871642
551.5,0.510253882014446
551.6,0.51025388201445
551.7,0.97412104748194
551.8,1.46240227428983
551.9,1.02294917016273
552,0.998535108822334
552.1,0.729980434078
552.2,0.266113268610506
552.3,-0.124511712835805
552.4,0.168457023248931
552.5,0.510253882014449
552.6,1.43798821294943
552.7,0.974121047481941
552.8,0.681152311397209
552.9,1.04736323150312
553,1.02294917016273
553.1,0.803222618099181
553.2,1.12060541552431
553.3,0.925292924801151
553.4,0.949706986141547
553.5,0.998535108822335
553.6,0.363769513972083
553.7,0.583496066035634
553.8,0.852050740779973
553.9,0.388183575312479
554,0.461425759333663
554.1,0.754394495418393
554.2,0.852050740779968
554.3,0.38818357531248
554.4,0.388183575312475
554.5,1.26708978356667
554.6,1.26708978356667
554.7,0.656738250056814
554.8,0.63232418871642
554.9,1.04736323150313
555,0.900878863460758
555.1,1.24267572222628
555.2,1.16943353820509
555.3,1.31591790624746
555.4,0.7055663727376
555.5,0.998535108822333
555.6,1.97509756243811
555.7,1.51123039697061
555.8,1.36474602892825
555.9,1.1450194768647
556,1.07177729284352
556.1,1.02294917016273
556.2,1.16943353820509
556.3,1.04736323150313
556.4,0.656738250056813
556.5,0.876464802120361
556.6,1.73095694903417
556.7,1.75537101037456
556.8,1.26708978356668
556.9,1.09619135418391
557,0.705566372737603
557.1,1.09619135418391
557.2,0.94970698614155
557.3,1.21826166088588
557.4,1.6088866423322
557.5,1.07177729284352
557.6,0.97412104748194
557.7,1.26708978356667
557.8,0.852050740779967
557.9,0.0952148392277479
558,1.19384759954549
558.1,0.705566372737603
558.2,0.241699207270115
558.3,1.02294917016273
558.4,0.705566372737601
558.5,0.705566372737603
558.6,1.36474602892825
558.7,1.1450194768647
558.8,0.900878863460756
558.9,0.998535108822335
559,0.58349606603563
559.1,0.607910127376027
559.2,0.632324188716421
559.3,0.607910127376026
559.4,0.51025388201445
559.5,0.559082004695237
559.6,0.583496066035629
559.7,1.26708978356667
559.8,1.19384759954549
559.9,0.900878863460754
560,0.729980434077996
560.1,1.24267572222628
560.2,1.26708978356668
560.3,0.144042961908538
560.4,0.559082004695236
560.5,1.36474602892825
560.6,0.583496066035633
560.7,0.656738250056814
560.8,1.16943353820509
560.9,1.51123039697061
561,1.04736323150312
561.1,1.12060541552431
561.2,0.876464802120364
561.3,0.876464802120364
561.4,0.656738250056816
561.5,0.266113268610511
561.6,1.07177729284352
561.7,1.41357415160903
561.8,1.1694335382051
561.9,1.29150384490707
562,1.19384759954549
562.1,0.94970698614155
562.2,1.21826166088588
562.3,0.778808556758788
562.4,0.656738250056819
562.5,0.583496066035634
562.6,0.485839820674056
562.7,0.827636679439576
562.8,0.949706986141547
562.9,0.63232418871642
563,0.461425759333665
563.1,1.19384759954549
563.2,0.925292924801151
563.3,0.925292924801153
563.4,0.97412104748194
563.5,0.314941391291296
563.6,0.778808556758786
563.7,1.16943353820509
563.8,0.705566372737601
563.9,0.607910127376029
564,0.974121047481944
564.1,0.852050740779966
564.2,0.852050740779967
564.3,0.729980434077996
564.4,0.949706986141545
564.5,1.07177729284352
564.6,0.656738250056816
564.7,0.388183575312478
564.8,1.46240227428983
564.9,1.68212882635337
565,1.07177729284352
565.1,1.63330070367259
565.2,1.29150384490707
565.3,0.778808556758786
565.4,1.02294917016273
565.5,1.04736323150312
565.6,0.41259763665287
565.7,0.437011697993266
565.8,0.974121047481943
565.9,0.510253882014449
566,0.85205074077997
566.1,1.02294917016273
566.2,0.363769513972082
566.3,0.778808556758784
566.4,1.07177729284352
566.5,1.21826166088588
566.6,1.29150384490707
566.7,0.510253882014449
566.8,1.5844725809918
566.9,1.51123039697061
567,1.31591790624746
567.1,1.29150384490707
567.2,0.534667943354842
567.3,0.705566372737603
567.4,1.26708978356667
567.5,1.09619135418391
567.6,1.38916009026864
567.7,1.19384759954549
567.8,1.04736323150312
567.9,0.632324188716419
568,1.5600585196514
568.1,1.34033196758785
568.2,1.1450194768647
568.3,1.02294917016273
568.4,1.1450194768647
568.5,1.1450194768647
568.6,0.998535108822333
568.7,1.1450194768647
568.8,1.75537101037456
568.9,1.36474602892825
569,0.974121047481937
569.1,0.632324188716421
569.2,-0.051269528814619
569.3,1.04736323150312
569.4,1.5600585196514
569.5,1.12060541552431
569.6,0.559082004695239
569.7,0.729980434077996
569.8,0.41259763665287
569.9,0.461425759333659
570,0.998535108822337
570.1,1.70654288769377
570.2,1.36474602892825
570.3,0.510253882014447
570.4,0.876464802120363
570.5,1.24267572222627
570.6,1.12060541552431
570.7,1.04736323150312
570.8,0.949706986141545
570.9,0.583496066035634
571,1.24267572222628
571.1,1.12060541552431
571.2,0.363769513972082
571.3,0.607910127376029
571.4,1.07177729284352
571.5,1.09619135418391
571.6,1.12060541552431
571.7,2.02392568511889
571.8,1.56005851965141
571.9,1.12060541552431
572,1.1694335382051
572.1,0.729980434077999
572.2,1.1450194768647
572.3,1.1450194768647
572.4,1.26708978356667
572.5,0.900878863460758
572.6,0.949706986141543
572.7,0.876464802120363
572.8,1.68212882635337
572.9,1.65771476501299
573,1.07177729284352
573.1,0.974121047481938
573.2,0.632324188716419
573.3,0.852050740779968
573.4,0.97412104748194
573.5,0.998535108822335
573.6,0.63232418871642
573.7,0.388183575312476
573.8,0.559082004695236
573.9,0.876464802120367
574,0.656738250056814
574.1,0.998535108822335
574.2,0.55908200469524
574.3,1.21826166088588
574.4,1.26708978356667
574.5,0.412597636652876
574.6,0.949706986141547
574.7,1.19384759954549
574.8,0.80322261809918
574.9,1.34033196758786
575,1.1450194768647
575.1,0.949706986141543
575.2,1.24267572222628
575.3,1.21826166088588
575.4,1.21826166088588
575.5,0.778808556758786
575.6,0.778808556758786
575.7,0.827636679439574
575.8,0.314941391291298
575.9,0.485839820674055
576,1.07177729284351
576.1,1.26708978356667
576.2,1.36474602892825
576.3,0.876464802120363
576.4,1.02294917016273
576.5,1.07177729284352
576.6,0.925292924801153
576.7,0.998535108822334
576.8,1.5844725809918
576.9,1.21826166088588
577,0.949706986141545
577.1,1.26708978356667
577.2,1.12060541552431
577.3,1.04736323150312
577.4,1.5844725809918
577.5,0.87646480212036
577.6,0.656738250056814
577.7,1.09619135418391
577.8,1.48681633563022
577.9,0.97412104748194
578,0.998535108822335
578.1,0.632324188716417
578.2,1.07177729284352
578.3,0.900878863460757
578.4,0.925292924801154
578.5,0.729980434078001
578.6,0.778808556758786
578.7,1.04736323150313
578.8,1.36474602892825
578.9,1.1450194768647
579,0.632324188716417
579.1,1.04736323150312
579.2,0.63232418871642
579.3,0.144042961908535
579.4,0.339355452631688
579.5,0.900878863460757
579.6,0.607910127376029
579.7,0.85205074077997
579.8,0.949706986141544
579.9,1.07177729284352
580,1.1450194768647
580.1,0.65673825005682
580.2,0.388183575312479
580.3,1.09619135418391
580.4,0.656738250056816
580.5,0.119628900568141
580.6,0.437011697993265
580.7,1.09619135418391
580.8,0.754394495418393
580.9,0.119628900568139
581,0.388183575312476
581.1,1.1694335382051
581.2,1.1450194768647
581.3,0.705566372737603
581.4,0.827636679439576
581.5,0.852050740779971
581.6,1.04736323150313
581.7,1.34033196758785
581.8,0.974121047481941
581.9,0.217285145929719
582,-0.441894510260931
582.1,-0.393066387580139
582.2,0.607910127376026
582.3,0.217285145929721
582.4,0.485839820674056
582.5,0.803222618099181
582.6,0.900878863460761
582.7,0.534667943354846
582.8,0.217285145929716
582.9,0.729980434077996
583,0.803222618099178
583.1,0.58349606603563
583.2,0.510253882014446
583.3,0.705566372737607
583.4,1.29150384490706
583.5,0.827636679439573
583.6,-0.0756835901550147
583.7,0.388183575312478
583.8,0.778808556758786
583.9,1.12060541552431
584,1.09619135418391
584.1,0.314941391291296
584.2,-0.0268554674742262
584.3,0.754394495418391
584.4,0.681152311397207
584.5,0.388183575312478
584.6,0.461425759333659
584.7,0.339355452631688
584.8,0.437011697993268
584.9,1.04736323150312
585,0.681152311397209
585.1,0.266113268610506
585.2,0.41259763665287
585.3,0.583496066035632
585.4,0.46142575933366
585.5,0.656738250056816
585.6,0.876464802120358
585.7,0.437011697993262
585.8,0.925292924801151
585.9,1.21826166088589
586,0.461425759333663
586.1,0.0463867165469608
586.2,0.0219726552065637
586.3,0.729980434077996
586.4,1.04736323150312
586.5,0.607910127376032
586.6,0.388183575312476
586.7,0.534667943354843
586.8,1.21826166088588
586.9,1.19384759954549
587,-0.0756835901550119
587.1,-0.124511712835803
587.2,0.510253882014449
587.3,1.04736323150312
587.4,1.09619135418391
587.5,0.681152311397207
587.6,0.144042961908532
587.7,0.485839820674056
587.8,1.1450194768647
587.9,0.168457023248928
588,0.0219726552065623
588.1,0.510253882014449
588.2,0.0952148392277465
588.3,0.925292924801151
588.4,0.998535108822334
588.5,0.559082004695236
588.6,-0.0756835901550104
588.7,-0.222167958197377
588.8,-0.100097651495408
588.9,0.827636679439574
589,0.803222618099184
589.1,0.559082004695236
589.2,0.192871084589329
589.3,0.705566372737606
589.4,1.53564445831101
589.5,0.681152311397209
589.6,-0.270996080878165
589.7,0.0708007778873522
589.8,0.827636679439573
589.9,0.607910127376023
590,0.266113268610503
590.1,0.949706986141547
590.2,0.974121047481943
590.3,0.290527329950902
590.4,0.754394495418391
590.5,0.778808556758787
590.6,0.461425759333659
590.7,0.144042961908536
590.8,0.36376951397208
590.9,0.607910127376026
591,0.266113268610508
591.1,0.314941391291293
591.2,0.412597636652875
591.3,0.290527329950899
591.4,0.412597636652872
591.5,0.583496066035632
591.6,1.24267572222628
591.7,1.60888664233219
591.8,1.26708978356667
591.9,0.2905273299509
592,0.0708007778873522
592.1,0.632324188716426
592.2,0.168457023248932
592.3,-0.148925774176199
592.4,-0.173339835516587
592.5,0.559082004695239
592.6,0.681152311397209
592.7,0.534667943354842
592.8,0.437011697993266
592.9,0.75439449541839
593,0.80322261809918
593.1,0.266113268610505
593.2,0.290527329950903
593.3,0.363769513972085
593.4,0.607910127376029
593.5,0.729980434078
593.6,0.53466794335484
593.7,0.827636679439573
593.8,1.1206054155243
593.9,0.876464802120361
594,0.900878863460756
594.1,0.949706986141544
594.2,-0.0756835901550161
594.3,-0.124511712835803
594.4,0.241699207270112
594.5,0.607910127376026
594.6,0.92529292480115
594.7,0.754394495418391
594.8,0.632324188716421
594.9,0.99853510882234
595,0.632324188716419
595.1,-0.0756835901550147
595.2,0.754394495418393
595.3,0.681152311397206
595.4,0.46142575933366
595.5,1.1450194768647
595.6,1.02294917016273
595.7,0.925292924801151
595.8,0.168457023248929
595.9,0.168457023248934
596,0.241699207270111
596.1,0.461425759333659
596.2,0.266113268610505
596.3,-0.563964816962894
596.4,0.046386716546958
596.5,0.559082004695235
596.6,0.803222618099178
596.7,0.900878863460758
596.8,0.632324188716417
596.9,0.412597636652869
597,0.461425759333662
597.1,0.241699207270112
597.2,0.437011697993265
597.3,1.24267572222628
597.4,1.04736323150313
597.5,0.485839820674053
597.6,0.82763667943958
597.7,1.07177729284352
597.8,0.534667943354842
597.9,0.510253882014449
598,-0.173339835516589
598.1,0.217285145929719
598.2,1.24267572222628
598.3,0.949706986141545
598.4,0.974121047481938
598.5,1.02294917016273
598.6,0.656738250056814
598.7,0.485839820674056
598.8,0.656738250056814
598.9,0.241699207270113
599,-0.100097651495406
599.1,0.363769513972082
599.2,-0.173339835516593
599.3,0.339355452631686
599.4,0.778808556758786
599.5,-0.197753896856986
599.6,-0.222167958197377
599.7,0.266113268610509
599.8,0.144042961908542
599.9,0.021972655206568
600,0.363769513972083
600.1,1.46240227428982
600.2,0.510253882014447
600.3,-0.173339835516593
600.4,-0.0756835901550104
600.5,-0.100097651495409
600.6,0.437011697993263
600.7,0.510253882014449
600.8,-0.100097651495403
600.9,-0.00244140613383195
601,-0.24658201953777
601.1,-0.00244140613383053
601.2,0.0463867165469566
601.3,0.461425759333662
601.4,0.681152311397207
601.5,0.241699207270109
601.6,0.266113268610505
601.7,0.0952148392277451
601.8,0.53466794335484
601.9,0.705566372737601
602,-0.5639648169629
602.1,0.241699207270111
602.2,0.876464802120363
602.3,0.60791012737603
602.4,0.583496066035629
602.5,0.339355452631688
602.6,0.144042961908536
602.7,0.33935545263169
602.8,0.437011697993269
602.9,0.510253882014446
603,0.681152311397209
603.1,-0.197753896856982
603.2,0.290527329950898
603.3,0.241699207270109
603.4,0.681152311397211
603.5,1.24267572222628
603.6,0.412597636652872
603.7,-0.100097651495409
603.8,0.41259763665287
603.9,1.48681633563022
604,0.510253882014449
604.1,-0.344238264899349
604.2,-0.344238264899351
604.3,-0.295410142218562
604.4,-0.00244140613383195
604.5,0.75439449541839
604.6,-0.222167958197377
604.7,-0.148925774176193
604.8,0.559082004695239
604.9,-0.270996080878166
605,0.0463867165469608
605.1,0.681152311397209
605.2,0.388183575312476
605.3,0.363769513972082
605.4,1.26708978356667
605.5,0.510253882014446
605.6,-0.100097651495405
605.7,-0.515136694282113
605.8,0.412597636652872
605.9,0.656738250056813
606,0.0463867165469566
606.1,1.1450194768647
606.2,0.607910127376029
606.3,0.314941391291295
606.4,0.412597636652873
606.5,0.485839820674055
606.6,0.363769513972079
606.7,0.437011697993263
606.8,0.461425759333659
606.9,0.827636679439576
607,0.144042961908538
607.1,0.92529292480115
607.2,0.754394495418389
607.3,-0.124511712835802
607.4,-0.197753896856987
607.5,0.0708007778873494
607.6,-0.124511712835802
607.7,0.534667943354843
607.8,0.632324188716423
607.9,0.0952148392277493
608,-0.0268554674742262
608.1,-0.0756835901550104
608.2,-0.00244140613383053
608.3,0.168457023248925
608.4,-0.173339835516589
608.5,-0.515136694282104
608.6,-0.270996080878167
608.7,0.461425759333659
608.8,-0.0512695288146205
608.9,-0.78369136902645
609,-0.00244140613382768
609.1,-0.124511712835802
609.2,-0.39306638758014
609.3,-0.588378878303294
609.4,-0.881347614388024
609.5,-0.905761675728419
609.6,-0.368652326239744
609.7,0.0708007778873537
609.8,-0.661621062324478
609.9,-0.954589798409208
610,-0.783691369026451
610.1,-0.246582019537772
610.2,0.192871084589325
610.3,0.0952148392277465
610.4,-0.612792939643687
610.5,-0.979003859749602
610.6,-0.979003859749599
610.7,-0.808105430366844
610.8,-0.51513669428211
610.9,-0.368652326239744
611,-0.319824203558957
611.1,0.0708007778873522
611.2,-0.441894510260927
611.3,-1.36962884119591
611.4,-1.17431635047276
611.5,-0.612792939643686
611.6,-0.441894510260929
611.7,-0.49072263294171
611.8,-0.490722632941718
611.9,-0.637207000984075
612,-0.954589798409208
612.1,-0.759277307686052
612.2,-0.563964816962898
612.3,-0.31982420355896
612.4,-0.539550755622503
612.5,-1.07666010511118
612.6,-0.808105430366842
612.7,0.0219726552065623
612.8,-0.51513669428211
612.9,-0.00244140613382768
613,-0.319824203558954
613.1,-0.515136694282113
613.2,-0.661621062324475
613.3,-0.44189451026092
613.4,-0.222167958197382
613.5,-0.44189451026093
613.6,-1.02783198243039
613.7,-0.612792939643683
613.8,-0.0756835901550147
613.9,-0.417480448920533
614,-0.270996080878167
614.1,-0.881347614388018
614.2,-0.441894510260929
614.3,-0.905761675728419
614.4,0.0952148392277465
614.5,-0.344238264899351
614.6,-0.930175737068812
614.7,-0.295410142218563
614.8,-0.441894510260927
614.9,-1.12548822779196
615,-0.979003859749601
615.1,-0.710449185005265
615.2,-0.393066387580139
615.3,-0.051269528814619
615.4,-0.393066387580139
615.5,-0.515136694282113
615.6,-0.417480448920534
615.7,-0.881347614388024
615.8,-0.148925774176196
615.9,-0.246582019537775
616,-0.539550755622504
616.1,-0.661621062324475
616.2,-0.539550755622504
616.3,-0.80810543036684
616.4,-0.686035123664871
616.5,-0.197753896856983
616.6,-0.441894510260929
616.7,-0.173339835516589
616.8,-0.368652326239746
616.9,-0.881347614388025
617,-0.466308571601323
617.1,-0.39306638758014
617.2,-0.808105430366842
617.3,-1.02783198243039
617.4,-0.295410142218559
617.5,-0.759277307686054
617.6,-0.051269528814619
617.7,-0.441894510260926
617.8,-0.441894510260926
617.9,-0.368652326239744
618,-0.0512695288146176
618.1,-0.197753896856986
618.2,-0.490722632941714
618.3,-0.783691369026445
618.4,-0.710449185005265
618.5,-0.368652326239746
618.6,-0.0268554674742248
618.7,-0.51513669428211
618.8,-0.905761675728419
618.9,-0.270996080878166
619,-0.0268554674742234
619.1,0.388183575312478
619.2,-0.41748044892053
619.3,-0.881347614388025
619.4,-0.783691369026447
619.5,-0.368652326239746
619.6,-0.197753896856979
619.7,-0.36865232623974
619.8,-0.637207000984083
619.9,-0.783691369026448
620,-0.246582019537775
620.1,0.0463867165469608
620.2,-0.466308571601323
620.3,-0.222167958197377
620.4,0.0708007778873522
620.5,-0.29541014221856
620.6,-0.612792939643687
620.7,-0.173339835516583
620.8,-0.417480448920531
620.9,-0.979003859749601
621,-0.148925774176197
621.1,0.363769513972085
621.2,-0.0756835901550133
621.3,-0.368652326239742
621.4,-1.14990228913236
621.5,-0.832519491707237
621.6,-0.441894510260927
621.7,-0.344238264899349
621.8,-1.14990228913236
621.9,-0.637207000984081
622,-0.1245117128358
622.1,-0.0268554674742248
622.2,-0.344238264899351
622.3,-0.197753896856985
622.4,-0.930175737068814
622.5,-0.490722632941713
622.6,-0.0268554674742191
622.7,-0.612792939643683
622.8,-0.783691369026447
622.9,-0.319824203558959
623,-0.00244140613383053
623.1,-0.319824203558953
623.2,-0.80810543036684
623.3,-0.832519491707237
623.4,-0.686035123664867
623.5,0.241699207270111
623.6,-0.124511712835805
623.7,-0.588378878303293
623.8,-0.0756835901550133
623.9,-0.00244140613383337
624,-0.490722632941717
624.1,-0.19775389685698
624.2,0.0463867165469637
624.3,-0.222167958197379
624.4,-0.5639648169629
624.5,-0.441894510260927
624.6,0.0708007778873522
624.7,-0.319824203558956
624.8,-0.515136694282111
624.9,-0.124511712835802
625,0.217285145929716
625.1,0.290527329950903
625.2,-0.0756835901550104
625.3,0.290527329950899
625.4,0.168457023248931
625.5,0.119628900568142
625.6,-0.00244140613383053
625.7,-0.344238264899347
625.8,-0.39306638758014
625.9,0.290527329950902
626,0.998535108822335
626.1,-0.0268554674742262
626.2,-0.29541014221856
626.3,-0.344238264899347
626.4,-0.393066387580137
626.5,-0.0512695288146205
626.6,-0.0268554674742234
626.7,0.0952148392277451
626.8,0.192871084589322
626.9,-0.686035123664871
627,-0.759277307686054
627.1,-0.441894510260927
627.2,-0.29541014221856
627.3,0.266113268610508
627.4,0.754394495418393
627.5,0.65673825005682
627.6,0.144042961908534
627.7,0.0219726552065637
627.8,-0.173339835516587
627.9,-0.368652326239746
628,-0.0024414061338291
628.1,-0.905761675728418
628.2,-0.905761675728419
628.3,-0.393066387580136
628.4,0.144042961908538
628.5,-0.00244140613383053
628.6,-0.783691369026448
628.7,-0.881347614388025
628.8,-0.710449185005265
628.9,0.290527329950903
629,0.681152311397209
629.1,0.192871084589329
629.2,-0.441894510260929
629.3,-0.563964816962898
629.4,0.314941391291298
629.5,0.0952148392277493
629.6,-0.00244140613383053
629.7,0.0463867165469608
629.8,0.0219726552065652
629.9,0.534667943354846
630,0.46142575933366
630.1,-0.24658201953777
630.2,-0.51513669428211
630.3,-0.222167958197379
630.4,-0.124511712835798
630.5,0.559082004695236
630.6,0.0219726552065652
630.7,0.0708007778873537
630.8,-0.0268554674742262
630.9,0.0952148392277465
631,-0.00244140613383053
631.1,-0.222167958197379
631.2,-0.808105430366842
631.3,-0.661621062324473
631.4,-0.148925774176195
631.5,-0.295410142218564
631.6,-0.00244140613383195
631.7,-0.0756835901550119
631.8,-0.0512695288146205
631.9,-0.222167958197377
632,-0.612792939643686
632.1,-0.29541014221856
632.2,-0.0268554674742219
632.3,-0.881347614388027
632.4,0.0708007778873508
632.5,0.192871084589322
632.6,-0.222167958197375
632.7,-0.00244140613382626
632.8,-0.0268554674742248
632.9,-0.612792939643687
633,-0.00244140613383053
633.1,-0.246582019537776
633.2,-0.295410142218564
633.3,-0.148925774176197
633.4,-0.0512695288146134
633.5,0.119628900568141
633.6,-0.051269528814619
633.7,-0.246582019537775
633.8,0.168457023248929
633.9,-0.39306638758014
634,-0.612792939643686
634.1,-0.563964816962898
634.2,-0.490722632941716
634.3,-0.0512695288146162
634.4,0.0952148392277479
634.5,0.534667943354844
634.6,0.314941391291295
634.7,0.485839820674057
634.8,0.705566372737603
634.9,0.241699207270112
635,0.0708007778873565
635.1,0.217285145929716
635.2,-0.100097651495408
635.3,-0.00244140613383053
635.4,-0.197753896856986
635.5,-0.173339835516592
635.6,0.656738250056814
635.7,0.510253882014449
635.8,-0.612792939643687
635.9,-0.368652326239746
636,0.241699207270111
636.1,0.681152311397209
636.2,0.437011697993268
636.3,0.290527329950899
636.4,0.0463867165469594
636.5,-0.148925774176195
636.6,-0.368652326239744
636.7,0.2905273299509
636.8,0.51025388201445
636.9,0.0708007778873522
637,-0.466308571601319
637.1,0.33935545263169
637.2,1.24267572222628
637.3,1.09619135418391
637.4,0.876464802120365
637.5,0.266113268610509
637.6,0.461425759333659
637.7,0.803222618099181
637.8,0.876464802120361
637.9,0.119628900568139
638,0.217285145929719
638.1,0.681152311397211
638.2,0.534667943354844
638.3,0.0219726552065652
638.4,0.363769513972082
638.5,0.388183575312479
638.6,0.192871084589326
638.7,0.827636679439571
638.8,1.02294917016273
638.9,0.754394495418393
639,0.485839820674053
639.1,0.729980434077997
639.2,0.656738250056817
639.3,0.119628900568139
639.4,0.412597636652869
639.5,-0.100097651495406
639.6,-0.0756835901550147
639.7,0.46142575933366
639.8,1.04736323150312
639.9,0.192871084589324
640,0.0708007778873593
640.1,0.144042961908532
640.2,-0.222167958197383
640.3,-0.246582019537775
640.4,0.388183575312476
640.5,0.241699207270111
640.6,0.2905273299509
640.7,0.485839820674056
640.8,0.437011697993266
640.9,0.437011697993269
641,0.949706986141547
641.1,0.949706986141545
641.2,0.241699207270111
641.3,-0.22216795819738
641.4,0.632324188716424
641.5,0.85205074077997
641.6,0.75439449541839
641.7,1.1694335382051
641.8,1.36474602892825
641.9,0.876464802120363
642,0.754394495418391
642.1,0.827636679439574
642.2,0.607910127376023
642.3,0.632324188716419
642.4,0.58349606603563
642.5,0.437011697993265
642.6,0.559082004695237
642.7,0.144042961908535
642.8,0.2905273299509
642.9,0.949706986141547
643,1.1206054155243
643.1,0.754394495418394
643.2,0.314941391291292
643.3,-0.173339835516589
643.4,0.388183575312476
643.5,0.534667943354846
643.6,0.583496066035636
643.7,0.510253882014455
643.8,0.998535108822335
643.9,0.705566372737604
644,0.192871084589324
644.1,0.168457023248926
644.2,0.339355452631689
644.3,0.681152311397209
644.4,0.339355452631692
644.5,0.437011697993263
644.6,1.16943353820509
644.7,0.803222618099178
644.8,0.77880855675879
644.9,0.803222618099178
645,0.437011697993268
645.1,0.266113268610505
645.2,0.241699207270112
645.3,0.729980434077994
645.4,0.729980434077996
645.5,0.217285145929718
645.6,0.388183575312479
645.7,0.803222618099181
645.8,0.754394495418393
645.9,0.290527329950898
646,0.485839820674055
646.1,0.729980434077996
646.2,0.949706986141547
646.3,0.485839820674053
646.4,0.046386716546958
646.5,1.02294917016273
646.6,0.461425759333659
646.7,0.290527329950899
646.8,0.583496066035633
646.9,0.314941391291293
647,0.363769513972083
647.1,0.681152311397207
647.2,0.534667943354844
647.3,0.607910127376024
647.4,0.144042961908534
647.5,0.266113268610509
647.6,0.656738250056814
647.7,0.803222618099178
647.8,0.559082004695237
647.9,0.0219726552065652
648,0.656738250056813
648.1,0.998535108822335
648.2,0.681152311397207
648.3,0.314941391291293
648.4,0.534667943354842
648.5,0.534667943354843
648.6,0.363769513972083
648.7,0.80322261809918
648.8,-0.270996080878167
648.9,0.314941391291295
649,-0.0756835901550133
649.1,-0.1245117128358
649.2,0.241699207270111
649.3,0.607910127376026
649.4,0.974121047481938
649.5,0.363769513972082
649.6,0.0952148392277479
649.7,0.388183575312479
649.8,0.412597636652869
649.9,0.0708007778873522
650,-0.124511712835803
650.1,0.217285145929719
650.2,0.485839820674053
650.3,0.437011697993266
650.4,0.41259763665287
650.5,0.168457023248929
650.6,0.339355452631688
650.7,0.217285145929719
650.8,0.0708007778873508
650.9,0.827636679439578
651,0.412597636652872
651.1,-0.270996080878165
651.2,-0.368652326239744
651.3,0.0952148392277465
651.4,0.534667943354843
651.5,0.632324188716423
651.6,0.290527329950903
651.7,0.0708007778873537
651.8,0.266113268610505
651.9,0.0708007778873522
652,-0.661621062324478
652.1,-0.710449185005264
652.2,0.168457023248928
652.3,0.363769513972083
652.4,0.461425759333663
652.5,-0.368652326239744
652.6,-0.0268554674742262
652.7,0.266113268610506
652.8,0.876464802120364
652.9,0.778808556758783
653,0.363769513972088
653.1,0.510253882014449
653.2,0.656738250056817
653.3,0.314941391291298
653.4,0.0952148392277451
653.5,0.681152311397211
653.6,0.852050740779966
653.7,0.266113268610505
653.8,0.192871084589322
653.9,-0.417480448920533
654,-0.00244140613383195
654.1,0.656738250056814
654.2,0.217285145929716
654.3,0.803222618099181
654.4,-0.124511712835803
654.5,-0.46630857160132
654.6,0.41259763665287
654.7,0.0708007778873494
654.8,-0.759277307686055
654.9,-0.19775389685698
655,-0.17333983551659
655.1,-0.222167958197379
655.2,-0.27099608087817
655.3,-0.563964816962898
655.4,-0.344238264899351
655.5,0.363769513972088
655.6,0.0952148392277451
655.7,0.168457023248929
655.8,-0.34423826489935
655.9,-0.0268554674742262
656,0.290527329950903
656.1,0.266113268610509
656.2,-0.17333983551659
656.3,0.168457023248929
656.4,0.0708007778873522
656.5,-0.539550755622504
656.6,-0.661621062324473
656.7,-0.00244140613383195
656.8,-0.173339835516593
656.9,-0.0756835901550161
657,0.559082004695236
657.1,-0.100097651495409
657.2,0.144042961908535
657.3,0.60791012737603
657.4,0.314941391291296
657.5,0.510253882014449
657.6,1.07177729284352
657.7,0.192871084589325
657.8,0.144042961908534
657.9,0.729980434078
658,0.290527329950903
658.1,0.0219726552065637
658.2,-0.319824203558953
658.3,0.339355452631686
658.4,0.290527329950899
658.5,-0.0756835901550161
658.6,-0.00244140613383195
658.7,-0.173339835516592
658.8,-0.10009765149541
658.9,-0.148925774176199
659,-0.00244140613383053
659.1,-0.00244140613383195
659.2,0.705566372737601
659.3,0.33935545263169
659.4,-0.124511712835803
659.5,-0.0024414061338291
659.6,-0.124511712835805
659.7,-0.0512695288146205
659.8,0.339355452631688
659.9,0.2905273299509
660,-0.00244140613383195
660.1,-0.124511712835802
660.2,0.0952148392277479
660.3,0.778808556758788
660.4,0.0708007778873537
660.5,-0.173339835516589
660.6,-0.00244140613383195
660.7,-0.17333983551659
660.8,0.412597636652876
660.9,-0.100097651495409
661,-0.29541014221856
661.1,-0.222167958197379
661.2,0.461425759333659
661.3,0.266113268610506
661.4,-0.100097651495408
661.5,-0.490722632941713
661.6,-0.0756835901550104
661.7,0.241699207270115
661.8,-0.222167958197382
661.9,0.168457023248934
662,0.974121047481941
662.1,0.266113268610509
662.2,0.168457023248929
662.3,0.729980434078004
662.4,0.607910127376023
662.5,0.168457023248929
662.6,0.363769513972085
662.7,0.510253882014449
662.8,0.0708007778873508
662.9,0.290527329950896
663,0.485839820674056
663.1,0.925292924801154
663.2,0.0708007778873522
663.3,-0.0268554674742248
663.4,0.607910127376024
663.5,0.583496066035633
663.6,-0.246582019537772
663.7,-0.417480448920531
663.8,0.168457023248929
663.9,0.949706986141544
664,0.583496066035633
664.1,0.217285145929718
664.2,0.46142575933366
664.3,0.778808556758784
664.4,0.437011697993269
664.5,-0.36865232623974
664.6,-0.319824203558956
664.7,0.60791012737603
664.8,0.192871084589324
664.9,0.0463867165469566
665,0.144042961908535
665.1,0.266113268610505
665.2,0.607910127376029
665.3,0.534667943354844
665.4,-0.246582019537773
665.5,-0.00244140613382626
665.6,0.217285145929722
665.7,-0.539550755622507
665.8,-0.441894510260926
665.9,0.144042961908536
666,0.241699207270112
666.1,0.437011697993265
666.2,0.314941391291295
666.3,-0.759277307686055
666.4,0.0952148392277465
666.5,1.34033196758786
666.6,0.363769513972085
666.7,0.192871084589324
666.8,0.510253882014447
666.9,0.144042961908538
667,0.119628900568139
667.1,0.339355452631688
667.2,0.144042961908532
667.3,-0.0268554674742234
667.4,0.144042961908532
667.5,0.266113268610505
667.6,0.97412104748194
667.7,0.388183575312478
667.8,-0.22216795819738
667.9,-0.0756835901550147
668,-0.441894510260929
668.1,0.412597636652872
668.2,0.437011697993266
668.3,-0.00244140613383053
668.4,-0.100097651495408
668.5,0.388183575312478
668.6,0.290527329950903
668.7,-0.197753896856983
668.8,0.43701169799327
668.9,0.68115231139721
669,0.41259763665287
669.1,-0.00244140613382768
669.2,0.168457023248929
669.3,-0.246582019537772
669.4,-0.319824203558956
669.5,-0.466308571601321
669.6,0.217285145929725
669.7,0.339355452631688
669.8,0.119628900568141
669.9,-0.148925774176196
670,-0.44189451026093
670.1,0.0708007778873494
670.2,0.0219726552065637
670.3,0.412597636652872
670.4,0.2905273299509
670.5,0.0952148392277465
670.6,0.461425759333662
670.7,0.388183575312479
670.8,0.046386716546958
670.9,0.339355452631688
671,0.0952148392277479
671.1,0.217285145929716
671.2,0.559082004695243
671.3,0.0708007778873522
671.4,-0.197753896856987
671.5,0.290527329950899
671.6,0.705566372737601
671.7,0.75439449541839
671.8,0.803222618099183
671.9,0.607910127376027
672,0.168457023248931
672.1,0.705566372737601
672.2,0.900878863460756
672.3,0.656738250056813
672.4,0.53466794335484
672.5,0.192871084589324
672.6,0.559082004695242
672.7,1.19384759954549
672.8,0.75439449541839
672.9,0.63232418871642
673,0.339355452631692
673.1,-0.148925774176195
673.2,-0.0268554674742248
673.3,-0.124511712835802
673.4,0.33935545263169
673.5,0.290527329950899
673.6,0.461425759333662
673.7,0.754394495418393
673.8,0.559082004695237
673.9,0.583496066035633
674,0.754394495418393
674.1,0.290527329950899
674.2,0.437011697993266
674.3,0.827636679439574
674.4,0.485839820674053
674.5,0.559082004695236
674.6,0.339355452631688
674.7,-0.051269528814619
674.8,1.02294917016273
674.9,1.07177729284352
675,0.437011697993265
675.1,0.0463867165469594
675.2,0.534667943354843
675.3,0.485839820674057
675.4,0.998535108822335
675.5,1.09619135418391
675.6,1.26708978356667
675.7,0.681152311397211
675.8,0.144042961908536
675.9,0.46142575933366
676,1.09619135418391
676.1,0.632324188716419
676.2,0.0219726552065637
676.3,0.0708007778873494
676.4,0.583496066035634
676.5,0.852050740779971
676.6,1.04736323150312
676.7,0.485839820674056
676.8,-0.0756835901550147
676.9,-0.148925774176192
677,0.144042961908535
677.1,0.949706986141545
677.2,0.559082004695235
677.3,0.437011697993266
677.4,0.168457023248929
677.5,0.119628900568138
677.6,0.68115231139721
677.7,0.46142575933366
677.8,0.119628900568141
677.9,0.63232418871642
678,0.827636679439573
678.1,0.876464802120361
678.2,0.681152311397207
678.3,0.217285145929718
678.4,0.92529292480115
678.5,0.949706986141545
678.6,0.510253882014449
678.7,0.949706986141544
678.8,0.63232418871642
678.9,0.217285145929719
679,0.583496066035633
679.1,0.534667943354843
679.2,0.388183575312478
679.3,0.778808556758788
679.4,0.339355452631688
679.5,0.0463867165469594
679.6,0.144042961908535
679.7,0.949706986141547
679.8,0.778808556758783
679.9,0.36376951397208
680,0.681152311397207
680.1,1.63330070367258
680.2,1.12060541552431
680.3,0.241699207270111
680.4,0.388183575312476
680.5,0.998535108822334
680.6,1.21826166088588
680.7,1.53564445831101
680.8,0.925292924801154
680.9,0.51025388201445
681,0.656738250056813
681.1,0.925292924801155
681.2,0.607910127376027
681.3,0.63232418871642
681.4,0.852050740779967
681.5,0.85205074077997
681.6,0.998535108822334
681.7,-0.00244140613383195
681.8,0.0463867165469566
681.9,0.705566372737603
682,1.34033196758786
682.1,0.778808556758784
682.2,1.02294917016273
682.3,0.534667943354842
682.4,0.168457023248929
682.5,0.68115231139721
682.6,0.754394495418393
682.7,0.949706986141548
682.8,0.949706986141544
682.9,0.778808556758784
683,0.412597636652875
683.1,0.388183575312478
683.2,0.729980434077997
683.3,0.80322261809918
683.4,0.314941391291296
683.5,0.46142575933366
683.6,0.754394495418393
683.7,0.900878863460758
683.8,0.998535108822337
683.9,0.314941391291298
684,0.33935545263169
684.1,0.729980434077996
684.2,0.778808556758783
684.3,0.900878863460758
684.4,1.31591790624746
684.5,1.1450194768647
684.6,0.583496066035632
684.7,0.534667943354843
684.8,0.80322261809918
684.9,0.510253882014447
685,0.339355452631689
685.1,0.119628900568144
685.2,0.314941391291293
685.3,0.559082004695236
685.4,0.729980434077999
685.5,0.729980434078001
685.6,0.461425759333665
685.7,0.290527329950902
685.8,-0.0268554674742262
685.9,0.559082004695236
686,0.876464802120364
686.1,0.266113268610506
686.2,0.559082004695237
686.3,0.583496066035633
686.4,0.192871084589322
686.5,-0.417480448920529
686.6,0.339355452631692
686.7,0.900878863460756
686.8,0.827636679439573
686.9,0.437011697993266
687,0.192871084589322
687.1,-0.00244140613383195
687.2,-0.197753896856985
687.3,0.388183575312476
687.4,0.778808556758787
687.5,1.09619135418392
687.6,0.607910127376026
687.7,0.412597636652872
687.8,0.0952148392277493
687.9,0.144042961908536
688,1.1450194768647
688.1,0.852050740779968
688.2,0.778808556758787
688.3,0.607910127376026
688.4,0.705566372737609
688.5,0.90087886346076
688.6,0.754394495418391
688.7,0.412597636652872
688.8,0.876464802120361
688.9,1.02294917016273
689,1.02294917016273
689.1,1.09619135418391
689.2,1.1450194768647
689.3,0.754394495418394
689.4,0.63232418871642
689.5,0.925292924801153
689.6,0.90087886346076
689.7,0.68115231139721
689.8,0.241699207270111
689.9,0.705566372737601
690,1.53564445831101
690.1,0.729980434077999
690.2,0.583496066035634
690.3,0.534667943354843
690.4,0.168457023248931
690.5,0.314941391291296
690.6,0.803222618099178
690.7,0.900878863460761
690.8,1.02294917016273
690.9,0.534667943354849
691,0.46142575933366
691.1,0.412597636652873
691.2,0.754394495418394
691.3,0.729980434078004
691.4,1.1450194768647
691.5,0.92529292480116
691.6,0.90087886346076
691.7,0.583496066035633
691.8,0.43701169799327
691.9,0.729980434077999
692,0.656738250056817
692.1,0.754394495418391
692.2,0.144042961908534
692.3,-0.222167958197377
692.4,0.705566372737604
692.5,1.04736323150312
692.6,1.09619135418391
692.7,1.09619135418391
692.8,0.534667943354844
692.9,0.632324188716421
693,0.0708007778873537
693.1,0.192871084589322
693.2,0.827636679439574
693.3,0.583496066035634
693.4,0.97412104748194
693.5,1.1694335382051
693.6,0.656738250056816
693.7,0.192871084589325
693.8,0.266113268610506
693.9,0.388183575312478
694,0.607910127376027
694.1,0.241699207270116
694.2,0.681152311397209
694.3,0.559082004695239
694.4,0.314941391291295
694.5,0.119628900568139
694.6,0.68115231139721
694.7,0.754394495418391
694.8,0.77880855675879
694.9,0.559082004695236
695,0.41259763665287
695.1,-0.197753896856985
695.2,0.217285145929719
695.3,0.583496066035632
695.4,0.827636679439576
695.5,0.38818357531248
695.6,-0.10009765149541
695.7,0.949706986141545
695.8,1.43798821294943
695.9,0.803222618099181
696,0.510253882014447
696.1,0.754394495418393
696.2,1.07177729284352
696.3,1.31591790624746
696.4,0.314941391291295
696.5,0.217285145929715
696.6,0.803222618099181
696.7,1.53564445831101
696.8,0.729980434077999
696.9,0.510253882014452
697,0.534667943354844
697.1,0.632324188716426
697.2,0.0708007778873537
697.3,0.168457023248932
697.4,0.3149413912913
697.5,0.534667943354844
697.6,0.46142575933366
697.7,0.510253882014449
697.8,0.119628900568138
697.9,0.339355452631686
698,0.607910127376027
698.1,0.33935545263169
698.2,0.266113268610506
698.3,0.412597636652873
698.4,0.241699207270112
698.5,0.534667943354844
698.6,0.77880855675879
698.7,0.388183575312475
698.8,0.998535108822333
698.9,1.29150384490707
699,0.729980434077996
699.1,0.583496066035632
699.2,0.876464802120363
699.3,1.02294917016273
699.4,0.827636679439573
699.5,0.412597636652873
699.6,0.510253882014449
699.7,0.803222618099178
699.8,1.1206054155243
699.9,0.583496066035629
700,0.217285145929716
700.1,0.949706986141547
700.2,0.729980434077999
700.3,1.04736323150312
700.4,1.31591790624746
700.5,1.31591790624746
700.6,1.38916009026864
700.7,0.852050740779967
700.8,1.1450194768647
700.9,1.5600585196514
701,1.02294917016273
701.1,0.827636679439577
701.2,0.656738250056816
701.3,0.461425759333663
701.4,1.1694335382051
701.5,1.85302725573613
701.6,1.38916009026864
701.7,0.729980434077997
701.8,0.55908200469524
701.9,0.241699207270112
702,1.1450194768647
702.1,0.97412104748194
702.2,1.04736323150312
702.3,1.34033196758785
702.4,0.729980434078001
702.5,0.2905273299509
702.6,0.827636679439573
702.7,1.21826166088589
702.8,0.729980434077997
702.9,0.632324188716421
703,1.1450194768647
703.1,0.729980434077997
703.2,0.607910127376026
703.3,0.437011697993265
703.4,0.80322261809918
703.5,0.827636679439577
703.6,0.266113268610503
703.7,0.266113268610506
703.8,1.1450194768647
703.9,1.02294917016273
704,0.632324188716421
704.1,0.656738250056817
704.2,0.632324188716421
704.3,0.607910127376023
704.4,0.729980434077996
704.5,0.33935545263169
704.6,0.241699207270112
704.7,0.559082004695237
704.8,0.461425759333659
704.9,1.09619135418391
705,0.339355452631689
705.1,0.0708007778873508
705.2,0.314941391291295
705.3,1.09619135418391
705.4,0.729980434077997
705.5,0.974121047481941
705.6,0.461425759333665
705.7,0.534667943354847
705.8,1.04736323150312
705.9,0.852050740779971
706,1.5600585196514
706.1,1.26708978356667
706.2,0.485839820674053
706.3,0.339355452631692
706.4,0.607910127376023
706.5,0.77880855675879
706.6,0.388183575312476
706.7,0.876464802120365
706.8,1.07177729284352
706.9,0.998535108822334
707,0.339355452631692
707.1,0.119628900568141
707.2,0.192871084589322
707.3,1.02294917016273
707.4,1.36474602892825
707.5,0.827636679439576
707.6,0.534667943354844
707.7,0.827636679439578
707.8,1.1450194768647
707.9,0.97412104748194
708,0.754394495418391
708.1,0.705566372737604
708.2,0.510253882014447
708.3,0.485839820674055
708.4,0.632324188716421
708.5,0.705566372737603
708.6,0.51025388201445
708.7,0.900878863460756
708.8,1.1450194768647
708.9,0.998535108822334
709,0.852050740779971
709.1,0.290527329950902
709.2,0.583496066035632
709.3,0.778808556758786
709.4,0.437011697993263
709.5,0.827636679439574
709.6,0.77880855675879
709.7,0.656738250056816
709.8,1.12060541552431
709.9,1.09619135418391
710,0.583496066035632
710.1,0.0219726552065652
710.2,0.290527329950906
710.3,0.656738250056813
710.4,0.2905273299509
710.5,0.656738250056814
710.6,0.827636679439574
710.7,0.925292924801151
710.8,0.51025388201445
710.9,0.314941391291296
711,0.437011697993266
711.1,0.144042961908535
711.2,0.0952148392277479
711.3,0.583496066035634
711.4,0.949706986141545
711.5,0.510253882014455
711.6,0.437011697993268
711.7,0.778808556758786
711.8,0.900878863460758
711.9,0.729980434077996
712,0.485839820674053
712.1,0.97412104748194
712.2,0.412597636652872
712.3,0.363769513972082
712.4,0.119628900568144
712.5,0.217285145929716
712.6,0.705566372737607
712.7,0.705566372737604
712.8,0.729980434077999
712.9,0.510253882014449
713,0.559082004695237
713.1,0.144042961908535
713.2,0.0952148392277508
713.3,0.217285145929719
713.4,-0.0024414061338291
713.5,0.583496066035633
713.6,0.0219726552065623
713.7,-0.710449185005267
713.8,-0.417480448920534
713.9,0.241699207270115
714,0.192871084589322
714.1,0.119628900568139
714.2,-0.19775389685698
714.3,0.144042961908535
714.4,0.290527329950905
714.5,0.0708007778873522
714.6,-0.661621062324473
714.7,-0.124511712835805
714.8,0.290527329950905
714.9,-0.588378878303294
715,-0.34423826489935
715.1,0.534667943354846
715.2,-0.246582019537776
715.3,0.241699207270115
715.4,-0.46630857160132
715.5,-0.173339835516587
715.6,0.339355452631689
715.7,0.241699207270113
715.8,0.119628900568141
715.9,0.705566372737606
716,1.09619135418391
716.1,0.607910127376027
716.2,-0.0756835901550133
716.3,-0.00244140613383337
716.4,0.0708007778873593
716.5,0.168457023248928
716.6,-0.00244140613382768
716.7,-0.246582019537769
716.8,0.0463867165469594
716.9,0.510253882014449
717,0.168457023248931
717.1,0.192871084589325
717.2,-0.148925774176193
717.3,0.119628900568142
717.4,-0.148925774176196
717.5,-0.466308571601316
717.6,-0.124511712835802
717.7,-0.0756835901550119
717.8,0.900878863460757
717.9,0.266113268610508
718,-0.173339835516592
718.1,-0.124511712835798
718.2,0.119628900568142
718.3,0.852050740779968
718.4,0.607910127376026
718.5,-0.0756835901550119
718.6,0.241699207270113
718.7,0.827636679439583
718.8,-0.173339835516589
718.9,0.412597636652873
719,0.656738250056816
719.1,0.656738250056813
719.2,0.461425759333663
719.3,0.314941391291298
719.4,0.485839820674056
719.5,0.510253882014452
719.6,0.681152311397207
719.7,1.07177729284352
719.8,0.485839820674059
719.9,0.827636679439573
720,0.63232418871642
720.1,-0.0268554674742248
720.2,0.266113268610506
720.3,0.900878863460758
720.4,0.85205074077997
720.5,0.632324188716421
720.6,0.583496066035639
720.7,0.77880855675879
720.8,0.681152311397213
720.9,1.1450194768647
721,0.85205074077997
721.1,0.559082004695239
721.2,1.07177729284352
721.3,1.1694335382051
721.4,0.827636679439574
721.5,0.583496066035636
721.6,0.339355452631689
721.7,0.656738250056816
721.8,0.656738250056814
721.9,0.437011697993266
722,0.314941391291298
722.1,0.754394495418391
722.2,0.803222618099181
722.3,0.90087886346076
722.4,0.607910127376027
722.5,0.461425759333659
722.6,0.534667943354843
722.7,0.607910127376024
722.8,0.583496066035634
722.9,1.1694335382051
723,1.68212882635338
723.1,1.26708978356667
723.2,1.29150384490707
723.3,0.827636679439573
723.4,0.876464802120367
723.5,1.48681633563022
723.6,0.876464802120361
723.7,0.75439449541839
723.8,0.681152311397206
723.9,0.754394495418391
724,0.144042961908534
724.1,0.0219726552065637
724.2,0.77880855675879
724.3,0.314941391291295
724.4,0.2905273299509
724.5,0.656738250056816
724.6,0.388183575312478
724.7,0.266113268610503
724.8,1.04736323150312
724.9,0.974121047481943
725,1.04736323150312
725.1,1.24267572222628
725.2,1.1206054155243
725.3,0.0952148392277451
725.4,0.0952148392277479
725.5,0.437011697993266
725.6,0.168457023248928
725.7,0.485839820674055
725.8,0.510253882014449
725.9,0.632324188716421
726,0.559082004695239
726.1,0.534667943354842
726.2,0.144042961908534
726.3,-0.00244140613382768
726.4,0.778808556758787
726.5,1.1206054155243
726.6,0.60791012737603
726.7,0.119628900568142
726.8,0.119628900568139
726.9,0.144042961908534
727,-0.197753896856985
727.1,0.485839820674053
727.2,0.925292924801153
727.3,0.852050740779967
727.4,0.656738250056814
727.5,0.412597636652872
727.6,0.437011697993268
727.7,0.925292924801151
727.8,1.12060541552431
727.9,1.51123039697062
728,0.754394495418391
728.1,0.729980434077997
728.2,1.02294917016273
728.3,1.16943353820509
728.4,0.803222618099181
728.5,1.09619135418391
728.6,1.04736323150312
728.7,0.705566372737604
728.8,0.510253882014452
728.9,1.19384759954549
729,1.29150384490707
729.1,1.26708978356668
729.2,0.876464802120364
729.3,0.290527329950898
729.4,0.290527329950903
729.5,1.1206054155243
729.6,0.754394495418393
729.7,0.388183575312476
729.8,1.02294917016273
729.9,0.705566372737603
730,0.900878863460756
730.1,0.949706986141544
730.2,1.04736323150312
730.3,0.412597636652872
730.4,-0.17333983551659
730.5,0.363769513972082
730.6,0.729980434077999
730.7,0.876464802120361
730.8,0.534667943354842
730.9,1.02294917016273
731,1.26708978356667
731.1,0.925292924801148
731.2,0.485839820674055
731.3,0.900878863460756
731.4,0.827636679439571
731.5,1.09619135418391
731.6,0.290527329950899
731.7,0.168457023248931
731.8,0.485839820674052
731.9,0.949706986141547
732,0.2905273299509
732.1,0.58349606603563
732.2,1.19384759954549
732.3,0.900878863460757
732.4,0.92529292480115
732.5,0.41259763665287
732.6,0.607910127376026
732.7,0.729980434077997
732.8,0.388183575312478
732.9,0.388183575312482
733,0.217285145929716
733.1,0.559082004695239
733.2,1.07177729284352
733.3,0.485839820674059
733.4,0.510253882014445
733.5,0.900878863460757
733.6,0.681152311397207
733.7,0.510253882014449
733.8,1.41357415160904
733.9,0.681152311397209
734,0.852050740779968
734.1,0.314941391291293
734.2,-0.00244140613383053
734.3,0.266113268610511
734.4,0.656738250056819
734.5,0.729980434078
734.6,0.559082004695242
734.7,0.900878863460758
734.8,1.21826166088589
734.9,0.68115231139721
735,0.388183575312478
735.1,1.60888664233219
735.2,1.34033196758785
735.3,0.48583982067405
735.4,0.363769513972082
735.5,0.876464802120363
735.6,0.656738250056812
735.7,-0.00244140613383053
735.8,-0.197753896856983
735.9,0.412597636652876
736,1.26708978356667
736.1,1.24267572222628
736.2,0.119628900568138
736.3,0.778808556758784
736.4,0.510253882014447
736.5,0.290527329950902
736.6,0.168457023248929
736.7,0.900878863460757
736.8,0.583496066035632
736.9,0.046386716546958
737,-0.197753896856986
737.1,0.583496066035632
737.2,0.80322261809918
737.3,0.266113268610506
737.4,0.778808556758786
737.5,0.485839820674053
737.6,1.02294917016272
737.7,0.925292924801153
737.8,0.583496066035633
737.9,0.534667943354849
738,0.852050740779973
738.1,0.900878863460756
738.2,0.266113268610508
738.3,-0.270996080878169
738.4,0.144042961908535
738.5,0.876464802120364
738.6,1.1450194768647
738.7,0.485839820674055
738.8,0.80322261809918
738.9,0.85205074077997
739,0.58349606603563
739.1,1.41357415160904
739.2,1.1450194768647
739.3,0.339355452631689
739.4,0.729980434078
739.5,0.949706986141544
739.6,0.63232418871642
739.7,1.19384759954549
739.8,0.705566372737603
739.9,-0.0512695288146205
740,0.388183575312475
740.1,1.24267572222627
740.2,0.827636679439574
740.3,0.998535108822333
740.4,0.852050740779971
740.5,0.559082004695237
740.6,0.949706986141547
740.7,0.461425759333657
740.8,0.363769513972083
740.9,0.485839820674056
741,0.632324188716421
741.1,0.485839820674056
741.2,0.510253882014447
741.3,1.1450194768647
741.4,1.19384759954549
741.5,1.02294917016273
741.6,1.07177729284352
741.7,0.437011697993266
741.8,0.0219726552065666
741.9,1.12060541552431
742,0.900878863460756
742.1,1.04736323150312
742.2,1.04736323150313
742.3,0.38818357531248
742.4,0.241699207270111
742.5,0.949706986141548
742.6,0.80322261809918
742.7,0.461425759333663
742.8,0.705566372737606
742.9,0.290527329950898
743,0.41259763665287
743.1,0.852050740779968
743.2,0.314941391291295
743.3,-0.0756835901550175
743.4,0.144042961908534
743.5,0.2905273299509
743.6,0.388183575312476
743.7,0.192871084589322
743.8,-0.710449185005264
743.9,0.119628900568141
744,0.437011697993265
744.1,0.0708007778873508
744.2,0.534667943354842
744.3,0.168457023248931
744.4,0.0708007778873494
744.5,0.363769513972085
744.6,0.290527329950899
744.7,0.339355452631686
744.8,1.21826166088588
744.9,1.24267572222627
745,0.827636679439574
745.1,0.33935545263169
745.2,0.485839820674059
745.3,0.852050740779968
745.4,0.80322261809918
745.5,0.51025388201445
745.6,-0.295410142218563
745.7,0.192871084589324
745.8,1.02294917016273
745.9,0.559082004695239
746,0.192871084589322
746.1,0.534667943354842
746.2,0.388183575312476
746.3,0.7055663727376
746.4,0.778808556758784
746.5,-0.124511712835805
746.6,0.290527329950902
746.7,0.778808556758784
746.8,-0.0268554674742248
746.9,-0.661621062324477
747,0.119628900568142
747.1,0.339355452631692
747.2,0.0708007778873537
747.3,0.0463867165469551
747.4,0.461425759333659
747.5,0.266113268610505
747.6,0.192871084589326
747.7,0.461425759333659
747.8,0.437011697993266
747.9,-0.588378878303295
748,-0.319824203558956
748.1,0.339355452631686
748.2,-0.539550755622504
748.3,-0.44189451026093
748.4,-0.10009765149541
748.5,-0.295410142218562
748.6,0.217285145929715
748.7,-0.124511712835802
748.8,-0.563964816962896
748.9,0.0708007778873537
749,0.681152311397207
749.1,0.339355452631689
749.2,0.949706986141545
749.3,0.583496066035632
749.4,-0.246582019537775
749.5,0.363769513972085
749.6,-0.00244140613383053
749.7,0.559082004695237
749.8,0.437011697993265
749.9,0.85205074077997
750,0.94970698614155
750.1,-0.197753896856985
750.2,-0.0756835901550147
750.3,0.144042961908534
750.4,0.266113268610509
750.5,0.583496066035634
750.6,0.241699207270111
750.7,0.36376951397208
750.8,0.144042961908535
750.9,0.63232418871642
751,1.02294917016273
751.1,0.876464802120367
751.2,0.2905273299509
751.3,0.168457023248929
751.4,0.388183575312478
751.5,0.852050740779967
751.6,0.87646480212036
751.7,0.388183575312478
751.8,0.192871084589325
751.9,-0.00244140613383337
752,0.0708007778873508
752.1,0.85205074077997
752.2,0.510253882014452
752.3,0.778808556758786
752.4,1.12060541552431
752.5,0.754394495418393
752.6,-0.00244140613383195
752.7,-0.0756835901550147
752.8,1.1694335382051
752.9,0.827636679439576
753,0.168457023248932
753.1,0.314941391291296
753.2,0.510253882014449
753.3,-0.344238264899349
753.4,-0.51513669428211
753.5,0.485839820674053
753.6,0.363769513972082
753.7,-0.148925774176196
753.8,-0.246582019537775
753.9,-0.515136694282109
754,0.192871084589324
754.1,0.900878863460761
754.2,0.729980434077996
754.3,0.0952148392277479
754.4,0.485839820674053
754.5,0.437011697993269
754.6,0.803222618099177
754.7,0.119628900568141
754.8,-0.124511712835805
754.9,0.437011697993268
755,0.534667943354847
755.1,0.510253882014447
755.2,-0.0756835901550133
755.3,-0.295410142218563
755.4,-0.466308571601321
755.5,-0.0512695288146205
755.6,0.363769513972085
755.7,0.583496066035629
755.8,0.266113268610506
755.9,0.192871084589321
756,0.559082004695236
756.1,0.266113268610506
756.2,0.168457023248928
756.3,-0.197753896856985
756.4,-0.222167958197379
756.5,0.0708007778873508
756.6,0.314941391291293
756.7,0.144042961908534
756.8,0.363769513972083
756.9,0.339355452631688
757,-0.344238264899351
757.1,-0.417480448920531
757.2,0.266113268610505
757.3,0.729980434077996
757.4,0.217285145929718
757.5,-0.22216795819738
757.6,0.119628900568138
757.7,0.852050740779973
757.8,0.778808556758787
757.9,0.778808556758788
758,0.314941391291298
758.1,0.437011697993268
758.2,0.827636679439576
758.3,1.09619135418391
758.4,0.705566372737601
758.5,0.656738250056814
758.6,0.705566372737603
758.7,1.02294917016273
758.8,0.876464802120365
758.9,-0.100097651495406
759,0.559082004695237
759.1,0.2905273299509
759.2,0.363769513972083
759.3,0.168457023248929
759.4,0.388183575312476
759.5,0.290527329950899
759.6,0.241699207270115
759.7,0.876464802120363
759.8,0.754394495418391
759.9,0.241699207270111
760,-0.246582019537775
760.1,0.583496066035634
760.2,0.925292924801154
760.3,0.363769513972083
760.4,0.68115231139721
760.5,0.290527329950903
760.6,0.534667943354842
760.7,0.656738250056816
760.8,0.144042961908538
760.9,0.363769513972083
761,0.314941391291296
761.1,0.021972655206568
761.2,-0.17333983551659
761.3,-0.490722632941717
761.4,0.510253882014447
761.5,0.778808556758786
761.6,0.290527329950899
761.7,0.656738250056814
761.8,1.04736323150313
761.9,0.803222618099184
762,0.119628900568139
762.1,0.729980434077997
762.2,0.754394495418394
762.3,0.339355452631688
762.4,0.217285145929719
762.5,-0.197753896856982
762.6,0.168457023248931
762.7,0.63232418871642
762.8,0.412597636652873
762.9,0.485839820674053
763,0.729980434077999
763.1,0.0219726552065666
763.2,-0.173339835516589
763.3,0.705566372737609
763.4,0.534667943354846
763.5,0.51025388201445
763.6,0.241699207270112
763.7,-0.0756835901550147
763.8,-0.22216795819738
763.9,0.51025388201445
764,0.729980434077999
764.1,1.29150384490707
764.2,1.21826166088588
764.3,0.314941391291298
764.4,-0.246582019537775
764.5,0.0463867165469566
764.6,-0.100097651495406
764.7,0.266113268610506
764.8,0.510253882014452
764.9,-0.344238264899351
765,-0.368652326239746
765.1,0.485839820674053
765.2,0.705566372737604
765.3,0.559082004695242
765.4,0.144042961908538
765.5,0.0952148392277437
765.6,0.168457023248929
765.7,-0.0268554674742248
765.8,-0.686035123664873
765.9,0.681152311397209
766,1.09619135418392
766.1,0.2905273299509
766.2,-0.148925774176199
766.3,0.461425759333659
766.4,0.632324188716421
766.5,-0.100097651495409
766.6,0.363769513972082
766.7,-0.0268554674742248
766.8,-0.27099608087817
766.9,0.046386716546958
767,0.485839820674056
767.1,0.437011697993269
767.2,0.51025388201445
767.3,-0.197753896856987
767.4,-0.466308571601324
767.5,-0.00244140613382626
767.6,0.144042961908538
767.7,-0.0756835901550147
767.8,0.0219726552065623
767.9,-0.148925774176195
768,-0.270996080878169
768.1,0.144042961908541
768.2,0.217285145929719
768.3,0.290527329950899
768.4,0.534667943354844
768.5,-0.17333983551659
768.6,-0.270996080878169
768.7,0.266113268610506
768.8,0.0219726552065652
768.9,-0.124511712835802
769,-0.148925774176196
769.1,-0.490722632941716
769.2,0.0708007778873522
769.3,0.437011697993272
769.4,-0.0268554674742248
769.5,-0.148925774176197
769.6,-0.51513669428211
769.7,-0.173339835516592
769.8,0.168457023248931
769.9,0.168457023248928
770,-0.417480448920536
770.1,-0.61279293964369
770.2,0.0708007778873522
770.3,0.0708007778873522
770.4,0.290527329950899
770.5,-0.222167958197376
770.6,-0.75927730768605
770.7,-0.734863246345655
770.8,0.388183575312476
770.9,0.290527329950899
771,-0.686035123664873
771.1,0.461425759333662
771.2,0.119628900568138
771.3,-0.197753896856986
771.4,-0.0268554674742248
771.5,-0.222167958197377
771.6,-0.124511712835802
771.7,0.656738250056819
771.8,-0.051269528814619
771.9,-0.490722632941716
772,-0.0756835901550147
772.1,-0.393066387580134
772.2,-0.734863246345655
772.3,-0.295410142218562
772.4,0.192871084589321
772.5,-0.344238264899346
772.6,-0.344238264899353
772.7,0.0708007778873522
772.8,-0.124511712835803
772.9,-0.905761675728419
773,-0.856933553047628
773.1,-0.783691369026447
773.2,-0.417480448920533
773.3,-0.0024414061338291
773.4,-0.954589798409211
773.5,-1.51611320923828
773.6,-0.759277307686054
773.7,-0.588378878303291
773.8,-0.612792939643688
773.9,-0.612792939643688
774,-0.441894510260929
774.1,-0.295410142218557
774.2,0.363769513972082
774.3,-0.246582019537776
774.4,-0.490722632941717
774.5,-0.441894510260929
774.6,-0.905761675728415
774.7,-1.27197259583433
774.8,-0.954589798409208
774.9,0.192871084589326
775,0.461425759333659
775.1,-0.466308571601321
775.2,-0.368652326239743
775.3,-0.734863246345661
775.4,-0.759277307686052
775.5,-0.295410142218563
775.6,-0.954589798409208
775.7,-0.856933553047629
775.8,-0.173339835516592
775.9,-0.22216795819738
776,-0.710449185005264
776.1,-0.515136694282111
776.2,-0.734863246345658
776.3,-0.588378878303294
776.4,-0.222167958197379
776.5,-0.466308571601321
776.6,-0.173339835516592
776.7,-0.24658201953777
776.8,-0.100097651495406
776.9,0.241699207270111
777,-0.344238264899347
777.1,0.510253882014452
777.2,0.925292924801148
777.3,0.266113268610503
777.4,-0.173339835516589
777.5,-0.417480448920534
777.6,-0.124511712835803
777.7,-0.197753896856986
777.8,0.363769513972082
777.9,0.437011697993265
778,-0.173339835516593
778.1,-0.368652326239744
778.2,-0.222167958197379
778.3,-0.222167958197382
778.4,-0.393066387580139
778.5,-0.515136694282111
778.6,-0.39306638758014
778.7,-0.466308571601323
778.8,-0.319824203558956
778.9,0.0708007778873565
779,-0.344238264899349
779.1,-0.246582019537773
779.2,0.046386716546958
779.3,-0.637207000984084
779.4,0.144042961908532
779.5,0.168457023248929
779.6,-0.270996080878167
779.7,0.119628900568139
779.8,0.144042961908535
779.9,0.0463867165469594
780,-0.124511712835803
780.1,-0.46630857160132
780.2,0.0708007778873522
780.3,0.0952148392277465
780.4,-0.246582019537772
780.5,0.2905273299509
780.6,-0.41748044892053
780.7,0.217285145929718
780.8,-0.124511712835802
780.9,-0.856933553047631
781,-0.393066387580141
781.1,-0.246582019537775
781.2,0.168457023248934
781.3,-0.222167958197376
781.4,-0.490722632941717
781.5,-0.295410142218562
781.6,-0.00244140613383053
781.7,0.266113268610506
781.8,0.41259763665287
781.9,0.0952148392277479
782,-0.124511712835798
782.1,-0.148925774176196
782.2,-0.124511712835798
782.3,-0.0756835901550104
782.4,0.0952148392277508
782.5,-0.905761675728415
782.6,-0.515136694282107
782.7,0.168457023248929
782.8,0.412597636652869
782.9,0.314941391291296
783,-0.222167958197379
783.1,-0.100097651495408
783.2,-0.0268554674742234
783.3,0.388183575312476
783.4,-0.148925774176197
783.5,-0.0268554674742276
783.6,0.0219726552065623
783.7,-0.173339835516589
783.8,0.0219726552065652
783.9,0.607910127376026
784,0.607910127376029
784.1,0.0219726552065623
784.2,-0.270996080878169
784.3,-0.222167958197379
784.4,-0.515136694282109
784.5,-0.344238264899349
784.6,-0.17333983551659
784.7,-0.0756835901550147
784.8,-0.393066387580139
784.9,0.217285145929716
785,0.998535108822337
785.1,0.217285145929718
785.2,0.0463867165469566
785.3,0.168457023248926
785.4,0.144042961908532
785.5,0.510253882014452
785.6,1.04736323150312
785.7,0.339355452631689
785.8,0.119628900568141
785.9,0.729980434077997
786,0.583496066035633
786.1,0.217285145929721
786.2,-0.22216795819738
786.3,0.681152311397207
786.4,0.754394495418391
786.5,0.314941391291296
786.6,0.339355452631693
786.7,0.754394495418391
786.8,0.314941391291293
786.9,0.0708007778873508
787,0.144042961908535
787.1,0.461425759333659
787.2,0.241699207270111
787.3,-0.246582019537775
787.4,0.119628900568141
787.5,1.21826166088588
787.6,0.998535108822333
787.7,0.461425759333662
787.8,-0.00244140613383053
787.9,-0.17333983551659
788,-0.490722632941716
788.1,1.09619135418391
788.2,1.53564445831101
788.3,-0.0756835901550104
788.4,-0.51513669428211
788.5,-0.100097651495406
788.6,0.0219726552065609
788.7,0.168457023248929
788.8,-0.36865232623974
788.9,-0.0268554674742234
789,0.778808556758784
789.1,0.778808556758784
789.2,-0.051269528814619
789.3,-0.0512695288146176
789.4,0.632324188716419
789.5,0.729980434077994
789.6,0.729980434077996
789.7,1.09619135418391
789.8,0.729980434077996
789.9,0.437011697993266
790,0.339355452631688
790.1,-0.270996080878169
790.2,-0.0756835901550147
790.3,0.510253882014449
790.4,0.290527329950899
790.5,0.53466794335484
790.6,0.485839820674056
790.7,0.0219726552065637
790.8,0.0708007778873494
790.9,0.388183575312476
791,0.461425759333662
791.1,0.0952148392277479
791.2,0.168457023248928
791.3,0.559082004695239
791.4,0.656738250056813
791.5,0.314941391291295
791.6,0.461425759333663
791.7,-0.0268554674742248
791.8,-0.270996080878169
791.9,-0.051269528814619
792,0.803222618099181
792.1,0.314941391291293
792.2,0.0952148392277437
792.3,-0.515136694282111
792.4,0.0708007778873522
792.5,0.144042961908534
792.6,-0.00244140613383195
792.7,0.412597636652872
792.8,0.241699207270113
792.9,0.0708007778873537
793,0.63232418871642
793.1,0.656738250056814
793.2,0.0219726552065637
793.3,0.0219726552065623
793.4,-0.0268554674742262
793.5,0.534667943354847
793.6,-0.124511712835802
793.7,-0.295410142218562
793.8,0.437011697993263
793.9,0.168457023248928
794,-0.00244140613382768
794.1,0.119628900568141
794.2,-0.368652326239742
794.3,0.266113268610509
794.4,0.607910127376023
794.5,0.241699207270112
794.6,-0.0268554674742248
794.7,0.0708007778873537
794.8,0.363769513972083
794.9,0.412597636652876
795,0.144042961908532
795.1,0.241699207270111
795.2,-0.368652326239746
795.3,-0.490722632941709
795.4,0.0219726552065623
795.5,-0.100097651495409
795.6,-0.808105430366841
795.7,0.0708007778873508
795.8,-0.124511712835803
795.9,-1.05224604377079
796,-0.759277307686058
796.1,-0.588378878303295
796.2,0.217285145929721
796.3,0.241699207270111
796.4,-0.295410142218563
796.5,-0.441894510260927
796.6,-0.148925774176196
796.7,0.144042961908534
796.8,0.119628900568144
796.9,-0.1245117128358
797,0.168457023248929
797.1,0.46142575933366
797.2,0.461425759333663
797.3,0.144042961908536
797.4,0.754394495418397
797.5,-0.0268554674742262
797.6,0.437011697993265
797.7,0.583496066035634
797.8,0.534667943354843
797.9,0.461425759333659
798,0.900878863460758
798.1,0.58349606603563
798.2,0.97412104748194
798.3,0.974121047481941
798.4,0.168457023248931
798.5,-0.148925774176197
798.6,0.41259763665287
798.7,0.412597636652873
798.8,0.51025388201445
798.9,0.949706986141545
799,0.656738250056816
799.1,0.583496066035632
799.2,0.681152311397209
799.3,0.290527329950902
799.4,0.0952148392277479
799.5,0.51025388201445
799.6,0.314941391291299
799.7,0.68115231139721
799.8,0.974121047481945
799.9,0.827636679439576
800,0.705566372737603
800.1,-0.563964816962901
800.2,-0.319824203558957
800.3,0.168457023248931
800.4,0.754394495418391
800.5,0.656738250056814
800.6,0.192871084589324
800.7,-0.0268554674742262
800.8,-0.295410142218562
800.9,-0.051269528814619
801,0.559082004695237
801.1,0.534667943354843
801.2,0.778808556758786
801.3,0.7055663727376
801.4,0.632324188716424
801.5,0.681152311397206
801.6,0.778808556758787
801.7,0.754394495418397
801.8,0.607910127376026
801.9,0.485839820674055
802,0.510253882014449
802.1,0.754394495418394
802.2,1.1450194768647
802.3,1.07177729284352
802.4,1.31591790624746
802.5,0.681152311397214
802.6,0.82763667943958
802.7,0.80322261809918
802.8,0.290527329950899
802.9,0.38818357531248
803,0.119628900568139
803.1,0.266113268610503
803.2,0.534667943354844
803.3,0.876464802120361
803.4,0.974121047481941
803.5,1.04736323150312
803.6,1.02294917016273
803.7,0.80322261809918
803.8,0.290527329950903
803.9,0.192871084589324
804,1.09619135418392
804.1,1.31591790624746
804.2,1.1694335382051
804.3,0.46142575933366
804.4,1.1450194768647
804.5,1.80419913305534
804.6,1.48681633563022
804.7,1.46240227428983
804.8,1.09619135418391
804.9,0.949706986141544
805,1.77978507171495
805.1,1.82861319439574
805.2,1.07177729284352
805.3,0.803222618099178
805.4,0.852050740779967
805.5,0.607910127376029
805.6,1.38916009026865
805.7,1.5844725809918
805.8,0.998535108822337
805.9,0.827636679439574
806,0.900878863460757
806.1,0.0463867165469622
806.2,0.803222618099178
806.3,1.31591790624746
806.4,0.852050740779968
806.5,0.876464802120364
806.6,1.70654288769377
806.7,0.876464802120365
806.8,0.485839820674056
806.9,0.876464802120365
807,0.656738250056816
807.1,0.803222618099178
807.2,0.388183575312478
807.3,0.119628900568141
807.4,0.80322261809918
807.5,1.51123039697061
807.6,1.29150384490707
807.7,0.75439449541839
807.8,0.974121047481935
807.9,1.09619135418391
808,1.1938475995455
808.1,1.36474602892824
808.2,1.26708978356667
808.3,1.21826166088589
808.4,1.38916009026864
808.5,1.41357415160904
808.6,0.217285145929721
808.7,-0.0268554674742219
808.8,0.534667943354847
808.9,0.998535108822334
809,1.04736323150312
809.1,1.41357415160904
809.2,1.04736323150312
809.3,0.949706986141547
809.4,0.656738250056817
809.5,1.02294917016273
809.6,1.04736323150312
809.7,0.900878863460757
809.8,0.705566372737604
809.9,1.09619135418391
810,1.63330070367259
810.1,1.80419913305535
810.2,1.65771476501298
810.3,1.1450194768647
810.4,0.827636679439573
810.5,0.949706986141543
810.6,0.876464802120361
810.7,0.974121047481941
810.8,1.34033196758785
810.9,0.729980434077994
811,0.925292924801151
811.1,1.1450194768647
811.2,1.12060541552431
811.3,1.09619135418391
811.4,0.900878863460757
811.5,1.53564445831101
811.6,2.09716786914008
811.7,1.63330070367259
811.8,0.876464802120364
811.9,0.656738250056816
812,0.656738250056814
812.1,0.559082004695237
812.2,0.119628900568139
812.3,0.559082004695235
812.4,1.12060541552431
812.5,0.339355452631689
812.6,0.53466794335484
812.7,0.998535108822334
812.8,0.461425759333662
812.9,0.803222618099177
813,0.949706986141547
813.1,0.559082004695239
813.2,1.09619135418391
813.3,0.900878863460758
813.4,0.949706986141547
813.5,0.900878863460757
813.6,1.48681633563022
813.7,1.24267572222628
813.8,0.778808556758783
813.9,0.559082004695236
814,0.63232418871642
814.1,0.607910127376029
814.2,0.607910127376026
814.3,0.729980434077996
814.4,1.34033196758786
814.5,1.51123039697061
814.6,1.43798821294943
814.7,0.754394495418394
814.8,0.144042961908532
814.9,1.36474602892825
815,1.60888664233219
815.1,1.1694335382051
815.2,1.29150384490706
815.3,1.09619135418391
815.4,0.485839820674056
815.5,0.681152311397214
815.6,1.34033196758785
815.7,1.21826166088588
815.8,0.510253882014449
815.9,0.632324188716419
816,1.60888664233219
816.1,0.998535108822337
816.2,0.53466794335484
816.3,1.07177729284352
816.4,0.778808556758787
816.5,0.485839820674053
816.6,0.729980434078001
816.7,0.559082004695237
816.8,0.241699207270112
816.9,1.02294917016273
817,1.04736323150312
817.1,1.1450194768647
817.2,0.583496066035633
817.3,0.510253882014453
817.4,0.656738250056814
817.5,0.363769513972085
817.6,0.705566372737603
817.7,0.607910127376024
817.8,0.949706986141545
817.9,0.461425759333667
818,1.24267572222628
818.1,1.07177729284352
818.2,0.681152311397213
818.3,0.534667943354843
818.4,0.998535108822341
818.5,1.1450194768647
818.6,0.559082004695237
818.7,0.583496066035632
818.8,0.68115231139721
818.9,0.754394495418391
819,0.94970698614155
819.1,1.21826166088588
819.2,0.607910127376024
819.3,0.51025388201445
819.4,0.583496066035632
819.5,0.510253882014449
819.6,0.632324188716421
819.7,1.09619135418391
819.8,1.34033196758785
819.9,0.217285145929716
820,-0.148925774176196
820.1,0.534667943354844
820.2,0.632324188716421
820.3,0.0952148392277508
820.4,0.119628900568142
820.5,0.656738250056816
820.6,0.559082004695237
820.7,0.974121047481941
820.8,0.827636679439577
820.9,0.656738250056813
821,0.437011697993266
821.1,0.461425759333665
821.2,0.485839820674057
821.3,0.0952148392277451
821.4,0.534667943354843
821.5,0.217285145929719
821.6,0.0708007778873565
821.7,0.266113268610509
821.8,0.119628900568145
821.9,-0.270996080878166
822,0.412597636652872
822.1,0.119628900568141
822.2,0.119628900568146
822.3,0.705566372737603
822.4,0.90087886346076
822.5,0.534667943354843
822.6,-0.27099608087816
822.7,0.314941391291298
822.8,0.58349606603563
822.9,0.632324188716426
823,0.192871084589324
823.1,0.217285145929719
823.2,0.437011697993269
823.3,-0.319824203558957
823.4,0.192871084589325
823.5,0.607910127376027
823.6,0.363769513972088
823.7,0.363769513972085
823.8,0.559082004695237
823.9,0.55908200469524
824,1.21826166088588
824.1,0.998535108822338
824.2,-0.124511712835796
824.3,0.266113268610503
824.4,0.607910127376027
824.5,1.04736323150313
824.6,1.31591790624746
824.7,0.437011697993266
824.8,-0.246582019537775
824.9,0.2905273299509
825,0.827636679439577
825.1,0.60791012737603
825.2,0.437011697993265
825.3,0.168457023248931
825.4,-0.417480448920533
825.5,0.0952148392277451
825.6,0.778808556758787
825.7,0.388183575312476
825.8,-0.368652326239744
825.9,-0.515136694282106
826,-0.00244140613383195
826.1,0.0708007778873508
826.2,0.607910127376026
826.3,0.437011697993268
826.4,0.0219726552065708
826.5,-0.197753896856982
826.6,-0.0268554674742205
826.7,0.168457023248932
826.8,-0.0512695288146148
826.9,0.0708007778873537
827,-0.344238264899349
827.1,-0.588378878303293
827.2,0.0708007778873522
827.3,0.583496066035633
827.4,0.55908200469524
827.5,0.168457023248929
827.6,-0.17333983551659
827.7,-0.100097651495408
827.8,0.412597636652873
827.9,0.144042961908538
828,0.0952148392277479
828.1,0.36376951397208
828.2,1.31591790624746
828.3,1.09619135418391
828.4,-0.100097651495406
828.5,0.217285145929718
828.6,0.119628900568138
828.7,0.388183575312479
828.8,0.461425759333663
828.9,0.534667943354842
829,0.290527329950899
829.1,0.0952148392277451
829.2,0.534667943354843
829.3,0.192871084589324
829.4,-0.124511712835802
829.5,-0.759277307686052
829.6,-0.0512695288146176
829.7,0.510253882014453
829.8,0.754394495418391
829.9,0.559082004695237
830,0.192871084589322
830.1,0.754394495418391
830.2,0.705566372737604
830.3,0.33935545263169
830.4,0.461425759333659
830.5,0.583496066035633
830.6,-0.00244140613383053
830.7,0.412597636652872
830.8,0.144042961908535
830.9,0.241699207270112
831,0.46142575933366
831.1,0.461425759333662
831.2,-0.075683590155009
831.3,0.217285145929721
831.4,0.583496066035634
831.5,0.0708007778873551
831.6,0.0708007778873508
831.7,-0.051269528814619
831.8,0.168457023248931
831.9,0.388183575312476
832,1.07177729284352
832.1,0.876464802120363
832.2,0.0708007778873508
832.3,0.681152311397211
832.4,0.510253882014447
832.5,0.314941391291296
832.6,0.632324188716421
832.7,0.339355452631692
832.8,-0.344238264899347
832.9,0.314941391291295
833,0.144042961908534
833.1,0.339355452631689
833.2,0.0952148392277479
833.3,0.485839820674062
833.4,0.900878863460758
833.5,0.705566372737603
833.6,0.485839820674055
833.7,0.534667943354844
833.8,0.876464802120364
833.9,0.705566372737601
834,0.388183575312476
834.1,0.485839820674057
834.2,0.900878863460761
834.3,0.705566372737604
834.4,0.461425759333663
834.5,0.63232418871642
834.6,0.168457023248931
834.7,0.119628900568145
834.8,-0.34423826489935
834.9,-0.0268554674742234
835,0.534667943354842
835.1,0.729980434078001
835.2,0.92529292480115
835.3,0.266113268610506
835.4,0.144042961908536
835.5,0.363769513972085
835.6,0.144042961908536
835.7,0.0708007778873522
835.8,0.168457023248931
835.9,0.217285145929721
836,0.241699207270111
836.1,-0.710449185005263
836.2,0.168457023248931
836.3,0.290527329950899
836.4,0.168457023248931
836.5,-0.246582019537775
836.6,-0.124511712835803
836.7,-0.17333983551659
836.8,-0.197753896856986
836.9,0.0463867165469594
837,0.754394495418393
837.1,0.217285145929718
837.2,0.437011697993266
837.3,-0.0756835901550147
837.4,-0.270996080878169
837.5,0.63232418871642
837.6,0.363769513972083
837.7,0.144042961908536
837.8,0.607910127376027
837.9,0.168457023248931
838,0.241699207270112
838.1,0.485839820674055
838.2,-0.319824203558957
838.3,0.510253882014447
838.4,0.925292924801151
838.5,0.412597636652875
838.6,0.33935545263169
838.7,0.0219726552065609
838.8,-0.124511712835802
838.9,0.559082004695236
839,0.437011697993263
839.1,0.119628900568145
839.2,0.583496066035633
839.3,0.388183575312476
839.4,0.241699207270113
839.5,0.778808556758787
839.6,0.2905273299509
839.7,0.2905273299509
839.8,0.314941391291293
839.9,0.461425759333663
840,0.583496066035632
840.1,0.82763667943958
840.2,0.388183575312479
840.3,0.144042961908534
840.4,-0.27099608087817
840.5,-0.295410142218562
840.6,-0.197753896856985
840.7,0.168457023248929
840.8,0.68115231139721
840.9,0.51025388201445
841,0.119628900568142
841.1,0.339355452631688
841.2,0.974121047481941
841.3,0.974121047481943
841.4,1.24267572222628
841.5,0.90087886346076
841.6,0.681152311397209
841.7,0.778808556758784
841.8,0.778808556758788
841.9,0.705566372737601
842,0.388183575312478
842.1,0.607910127376027
842.2,0.241699207270112
842.3,0.803222618099184
842.4,0.803222618099181
842.5,0.534667943354843
842.6,-0.0512695288146219
842.7,-0.148925774176196
842.8,0.119628900568142
842.9,0.437011697993268
843,0.388183575312476
843.1,0.363769513972086
843.2,0.363769513972085
843.3,0.583496066035633
843.4,0.754394495418391
843.5,1.12060541552431
843.6,1.21826166088588
843.7,0.876464802120364
843.8,0.534667943354843
843.9,0.192871084589322
844,0.241699207270112
844.1,0.656738250056814
844.2,0.485839820674056
844.3,0.46142575933366
844.4,0.461425759333663
844.5,-0.00244140613383053
844.6,0.583496066035632
844.7,0.583496066035632
844.8,0.75439449541839
844.9,0.87646480212037
845,0.0219726552065623
845.1,0.437011697993265
845.2,0.437011697993266
845.3,0.949706986141544
845.4,0.827636679439574
845.5,1.29150384490707
845.6,0.510253882014453
845.7,0.510253882014447
845.8,0.0463867165469566
845.9,0.290527329950903
846,-0.270996080878166
846.1,-0.368652326239743
846.2,0.437011697993266
846.3,0.632324188716421
846.4,-0.0268554674742248
846.5,0.949706986141545
846.6,0.485839820674055
846.7,0.0463867165469622
846.8,0.046386716546958
846.9,-0.441894510260924
847,0.534667943354843
847.1,0.925292924801154
847.2,0.388183575312475
847.3,0.363769513972082
847.4,0.0463867165469594
847.5,0.241699207270111
847.6,0.85205074077997
847.7,0.754394495418394
847.8,0.241699207270111
847.9,0.38818357531248
848,0.998535108822337
848.1,0.510253882014449
848.2,0.803222618099181
848.3,-0.00244140613382626
848.4,-0.661621062324478
848.5,0.510253882014453
848.6,0.559082004695242
848.7,0.388183575312479
848.8,0.290527329950902
848.9,0.388183575312479
849,0.412597636652873
849.1,-0.173339835516587
849.2,0.656738250056813
849.3,1.34033196758785
849.4,0.827636679439571
849.5,0.827636679439573
849.6,0.314941391291293
849.7,-0.10009765149541
849.8,0.217285145929715
849.9,0.876464802120361
850,0.681152311397209
850.1,0.754394495418393
850.2,1.07177729284352
850.3,0.656738250056816
850.4,0.705566372737607
850.5,0.510253882014447
850.6,-0.00244140613383195
850.7,-0.148925774176195
850.8,0.339355452631689
850.9,0.729980434077996
851,0.607910127376023
851.1,0.314941391291293
851.2,0.339355452631689
851.3,0.607910127376027
851.4,0.0952148392277465
851.5,0.36376951397208
851.6,0.534667943354843
851.7,0.827636679439577
851.8,0.974121047481943
851.9,0.339355452631688
852,0.437011697993268
852.1,0.217285145929719
852.2,-0.368652326239744
852.3,0.412597636652872
852.4,0.412597636652869
852.5,0.144042961908536
852.6,0.144042961908534
852.7,-0.270996080878167
852.8,0.437011697993268
852.9,0.949706986141548
853,0.607910127376026
853.1,-0.344238264899349
853.2,-0.1245117128358
853.3,0.314941391291293
853.4,0.485839820674055
853.5,0.437011697993266
853.6,0.217285145929718
853.7,-0.246582019537775
853.8,-0.10009765149541
853.9,0.0708007778873522
854,0.485839820674055
854.1,0.778808556758784
854.2,-0.00244140613383053
854.3,0.119628900568142
854.4,0.363769513972085
854.5,0.192871084589324
854.6,0.53466794335484
854.7,0.632324188716421
854.8,0.363769513972082
854.9,-0.173339835516592
855,-0.100097651495409
855.1,0.217285145929716
855.2,0.58349606603563
855.3,0.0952148392277451
855.4,-0.417480448920533
855.5,-0.0756835901550147
855.6,-0.393066387580139
855.7,-0.710449185005264
855.8,-0.197753896856986
855.9,0.241699207270113
856,-0.393066387580139
856.1,0.0219726552065609
856.2,0.55908200469524
856.3,0.485839820674056
856.4,-0.661621062324473
856.5,-0.563964816962898
856.6,0.241699207270111
856.7,0.192871084589321
856.8,0.192871084589322
856.9,-0.0268554674742248
857,-0.0268554674742248
857.1,-0.0268554674742248
857.2,-0.124511712835796
857.3,0.63232418871642
857.4,0.0219726552065637
857.5,-0.539550755622503
857.6,-0.270996080878169
857.7,0.0708007778873537
857.8,0.144042961908536
857.9,-0.393066387580137
858,0.241699207270115
858.1,0.63232418871642
858.2,0.119628900568141
858.3,0.2905273299509
858.4,-0.197753896856983
858.5,-0.759277307686051
858.6,-0.466308571601321
858.7,0.63232418871642
858.8,0.681152311397214
858.9,0.314941391291293
859,0.119628900568142
859.1,0.461425759333659
859.2,0.290527329950903
859.3,0.0708007778873551
859.4,-0.0268554674742248
859.5,-0.197753896856985
859.6,0.0952148392277522
859.7,-0.393066387580139
859.8,-0.344238264899349
859.9,0.0219726552065623
860,-0.246582019537775
860.1,-0.515136694282109
860.2,-0.808105430366842
860.3,-0.0756835901550104
860.4,0.778808556758784
860.5,-0.0756835901550104
860.6,-0.490722632941716
860.7,-0.759277307686048
860.8,-0.148925774176199
860.9,0.607910127376026
861,0.41259763665287
861.1,0.437011697993266
861.2,0.046386716546958
861.3,0.0219726552065637
861.4,0.510253882014449
861.5,-0.0024414061338291
861.6,0.0219726552065623
861.7,-0.0024414061338291
861.8,0.0708007778873522
861.9,-0.148925774176197
862,-0.539550755622504
862.1,0.559082004695239
862.2,-0.051269528814619
862.3,-0.344238264899351
862.4,0.266113268610508
862.5,0.363769513972082
862.6,-0.00244140613383337
862.7,0.36376951397208
862.8,-0.100097651495409
862.9,0.388183575312476
863,0.266113268610509
863.1,0.314941391291296
863.2,0.046386716546958
863.3,0.900878863460754
863.4,0.778808556758787
863.5,0.241699207270111
863.6,0.485839820674053
863.7,0.192871084589331
863.8,-0.0024414061338291
863.9,-0.490722632941713
864,-0.0756835901550133
864.1,0.729980434077996
864.2,0.729980434077999
864.3,0.363769513972083
864.4,0.754394495418393
864.5,1.07177729284352
864.6,0.705566372737603
864.7,1.09619135418391
864.8,0.656738250056819
864.9,0.0952148392277451
865,0.7055663727376
865.1,0.90087886346076
865.2,0.534667943354843
865.3,0.510253882014447
865.4,0.900878863460756
865.5,0.729980434077997
865.6,0.0952148392277479
865.7,0.144042961908534
865.8,0.314941391291295
865.9,0.241699207270112
866,0.412597636652873
866.1,0.144042961908535
866.2,0.388183575312475
866.3,0.412597636652872
866.4,0.827636679439577
866.5,0.510253882014449
866.6,0.63232418871642
866.7,0.681152311397207
866.8,0.485839820674055
866.9,0.0708007778873508
867,0.510253882014447
867.1,0.144042961908534
867.2,0.0952148392277451
867.3,0.168457023248928
867.4,-0.197753896856983
867.5,0.437011697993266
867.6,0.241699207270112
867.7,0.0463867165469594
867.8,0.729980434077997
867.9,0.217285145929723
868,-0.00244140613383195
868.1,-0.417480448920533
868.2,-0.173339835516589
868.3,0.339355452631686
868.4,0.607910127376026
868.5,0.705566372737606
868.6,0.266113268610511
868.7,0.583496066035632
868.8,0.705566372737603
868.9,0.461425759333663
869,-0.00244140613383053
869.1,0.681152311397207
869.2,0.0952148392277451
869.3,-0.246582019537773
869.4,-0.759277307686054
869.5,0.046386716546958
869.6,0.827636679439574
869.7,0.827636679439573
869.8,0.583496066035629
869.9,0.949706986141545
870,0.75439449541839
870.1,0.314941391291293
870.2,0.339355452631689
870.3,0.144042961908538
870.4,0.46142575933366
870.5,0.266113268610505
870.6,0.75439449541839
870.7,0.900878863460757
870.8,0.876464802120361
870.9,0.534667943354843
871,0.363769513972082
871.1,0.0219726552065666
871.2,0.144042961908535
871.3,0.900878863460756
871.4,0.68115231139721
871.5,0.217285145929718
871.6,0.388183575312479
871.7,1.04736323150313
871.8,0.266113268610505
871.9,-0.0268554674742234
872,-0.148925774176195
872.1,0.0708007778873522
872.2,-0.197753896856983
872.3,-0.100097651495409
872.4,0.119628900568138
872.5,-0.637207000984084
872.6,-0.17333983551659
872.7,0.0219726552065637
872.8,-0.515136694282109
872.9,0.217285145929718
873,-0.0268554674742248
873.1,-0.100097651495403
873.2,-0.148925774176196
873.3,-0.0756835901550147
873.4,0.0708007778873508
873.5,0.314941391291293
873.6,0.36376951397208
873.7,-0.393066387580139
873.8,-0.51513669428211
873.9,-0.246582019537773
874,-1.02783198243039
874.1,-0.295410142218559
874.2,0.290527329950902
874.3,0.510253882014449
874.4,-0.0756835901550104
874.5,0.0463867165469594
874.6,0.412597636652873
874.7,-0.00244140613383195
874.8,0.046386716546958
874.9,-0.1245117128358
875,-0.344238264899351
875.1,0.192871084589325
875.2,0.363769513972088
875.3,0.144042961908534
875.4,-0.246582019537772
875.5,-0.73486324634566
875.6,-1.22314447315354
875.7,-0.344238264899349
875.8,0.0952148392277508
875.9,-0.393066387580137
876,-0.222167958197377
876.1,-0.441894510260927
876.2,0.290527329950898
876.3,0.803222618099183
876.4,0.314941391291296
876.5,0.217285145929718
876.6,0.51025388201445
876.7,0.0463867165469594
876.8,0.607910127376029
876.9,0.192871084589324
877,0.314941391291298
877.1,0.363769513972083
877.2,0.0708007778873508
877.3,-0.173339835516592
877.4,-0.124511712835803
877.5,-0.148925774176195
877.6,0.0952148392277465
877.7,0.119628900568141
877.8,0.0219726552065666
877.9,0.314941391291295
878,0.607910127376029
878.1,0.363769513972086
878.2,-0.222167958197377
878.3,0.046386716546958
878.4,-0.148925774176199
878.5,-0.344238264899351
878.6,0.461425759333662
878.7,1.56005851965141
878.8,0.363769513972085
878.9,0.705566372737604
879,0.241699207270109
879.1,-0.0756835901550133
879.2,0.55908200469524
879.3,1.02294917016273
879.4,0.900878863460757
879.5,0.437011697993266
879.6,0.168457023248929
879.7,0.290527329950902
879.8,0.217285145929722
879.9,0.0219726552065652
880,0.144042961908534
880.1,0.2905273299509
880.2,0.241699207270112
880.3,-0.00244140613382626
880.4,-0.0756835901550147
880.5,0.58349606603563
880.6,0.55908200469524
880.7,0.217285145929718
880.8,-0.588378878303286
880.9,-0.0268554674742276
881,-0.466308571601324
881.1,-0.466308571601323
881.2,0.0463867165469566
881.3,0.412597636652873
881.4,-0.173339835516589
881.5,-0.588378878303293
881.6,-0.441894510260927
881.7,-0.0268554674742248
881.8,-0.417480448920533
881.9,-0.490722632941716
882,-0.930175737068812
882.1,-0.417480448920534
882.2,-0.319824203558957
882.3,-0.173339835516587
882.4,-0.51513669428211
882.5,-0.856933553047628
882.6,-0.295410142218563
882.7,-0.490722632941718
882.8,-0.31982420355895
882.9,-0.734863246345657
883,-0.246582019537773
883.1,-0.222167958197375
883.2,-0.368652326239742
883.3,-0.39306638758014
883.4,-0.246582019537775
883.5,-0.808105430366841
883.6,-0.539550755622504
883.7,-0.759277307686051
883.8,-0.710449185005263
883.9,-0.051269528814619
884,-0.41748044892053
884.1,-0.100097651495403
884.2,-0.417480448920529
884.3,-0.588378878303294
884.4,-0.197753896856983
884.5,-0.832519491707238
884.6,0.168457023248932
884.7,0.192871084589329
884.8,-0.0024414061338291
884.9,-0.00244140613383337
885,-0.148925774176195
885.1,-0.222167958197376
885.2,-0.148925774176197
885.3,-0.490722632941713
885.4,-0.661621062324475
885.5,-0.441894510260927
885.6,-0.197753896856982
885.7,-0.39306638758014
885.8,-0.173339835516592
885.9,-0.197753896856983
886,0.144042961908535
886.1,0.437011697993269
886.2,0.0219726552065637
886.3,0.192871084589325
886.4,-0.0268554674742234
886.5,0.266113268610512
886.6,0.510253882014452
886.7,0.290527329950905
886.8,-0.539550755622504
886.9,-0.637207000984078
887,0.168457023248931
887.1,0.55908200469524
887.2,0.266113268610508
887.3,-0.393066387580136
887.4,0.38818357531248
887.5,0.461425759333662
887.6,-0.124511712835796
887.7,0.0219726552065623
887.8,0.0708007778873565
887.9,0.266113268610509
888,-0.0268554674742248
888.1,-0.46630857160132
888.2,0.290527329950902
888.3,0.778808556758786
888.4,0.656738250056817
888.5,-0.661621062324477
888.6,-0.222167958197376
888.7,-0.466308571601319
888.8,0.192871084589326
888.9,0.46142575933366
889,-0.36865232623974
889.1,-0.0024414061338291
889.2,0.119628900568138
889.3,0.168457023248931
889.4,0.0708007778873522
889.5,-0.270996080878165
889.6,-0.51513669428211
889.7,-1.02783198243039
889.8,-0.80810543036684
889.9,-0.710449185005261
890,-0.319824203558957
890.1,-0.612792939643688
890.2,-0.905761675728419
890.3,-0.588378878303293
890.4,-0.930175737068812
890.5,-0.417480448920533
890.6,0.266113268610508
890.7,-0.222167958197379
890.8,-0.661621062324474
890.9,-0.148925774176195
891,0.192871084589324
891.1,-0.563964816962897
891.2,-0.881347614388022
891.3,-0.41748044892053
891.4,0.0219726552065652
891.5,0.217285145929718
891.6,0.2905273299509
891.7,-0.246582019537773
891.8,-0.588378878303294
891.9,-0.344238264899349
892,0.119628900568141
892.1,0.119628900568141
892.2,-0.0268554674742248
892.3,-0.197753896856986
892.4,0.876464802120364
892.5,0.705566372737604
892.6,0.363769513972086
892.7,0.412597636652873
892.8,0.705566372737606
892.9,0.0952148392277479
893,0.510253882014449
893.1,0.0463867165469566
893.2,-0.100097651495406
893.3,0.0463867165469594
893.4,0.852050740779971
893.5,0.0219726552065666
893.6,-0.124511712835802
893.7,-0.319824203558957
893.8,0.583496066035633
893.9,0.510253882014452
894,0.192871084589324
894.1,0.485839820674056
894.2,1.24267572222628
894.3,0.412597636652872
894.4,-0.295410142218562
894.5,0.0463867165469594
894.6,-0.588378878303293
894.7,0.0708007778873522
894.8,0.778808556758787
894.9,0.0952148392277493
895,-0.686035123664868
895.1,0.412597636652873
895.2,0.339355452631692
895.3,-0.466308571601321
895.4,0.192871084589325
895.5,0.681152311397213
895.6,0.192871084589325
895.7,0.168457023248931
895.8,0.85205074077997
895.9,0.388183575312482
896,0.412597636652872
896.1,0.90087886346076
896.2,-0.0268554674742205
896.3,-0.270996080878167
896.4,-0.29541014221856
896.5,-0.100097651495406
896.6,-0.34423826489935
896.7,0.0952148392277493
896.8,0.339355452631689
896.9,-0.00244140613383053
897,0.0463867165469608
897.1,0.266113268610509
897.2,0.0708007778873508
897.3,0.656738250056819
897.4,1.1694335382051
897.5,0.607910127376029
897.6,0.0463867165469594
897.7,0.485839820674055
897.8,0.046386716546958
897.9,-0.051269528814619
898,0.485839820674055
898.1,0.0952148392277465
898.2,0.510253882014447
898.3,0.412597636652876
898.4,0.534667943354843
898.5,0.0952148392277465
898.6,0.607910127376027
898.7,0.0708007778873522
898.8,0.217285145929721
898.9,0.632324188716423
899,0.998535108822337
899.1,0.339355452631692
899.2,-0.344238264899347
899.3,0.290527329950903
899.4,0.437011697993266
899.5,-0.197753896856986
899.6,-0.295410142218562
899.7,0.144042961908535
899.8,0.241699207270113
899.9,0.41259763665287
900,0.437011697993266
900.1,0.144042961908535
900.2,0.144042961908536
900.3,0.168457023248931
900.4,-0.393066387580139
900.5,-0.0268554674742248
900.6,0.559082004695237
900.7,0.388183575312476
900.8,0.437011697993266
900.9,0.266113268610511
901,0.437011697993266
901.1,0.656738250056814
901.2,0.388183575312476
901.3,1.07177729284352
901.4,1.07177729284352
901.5,0.461425759333663
901.6,0.46142575933366
901.7,0.778808556758788
901.8,0.33935545263169
901.9,-0.100097651495406
902,0.58349606603563
902.1,0.437011697993265
902.2,0.485839820674057
902.3,0.681152311397211
902.4,0.266113268610506
902.5,0.559082004695239
902.6,0.290527329950902
902.7,-0.246582019537772
902.8,-0.417480448920533
902.9,-0.0268554674742177
903,0.75439449541839
903.1,0.876464802120365
903.2,1.02294917016273
903.3,0.876464802120364
903.4,0.412597636652875
903.5,0.144042961908536
903.6,0.852050740779974
903.7,0.0952148392277493
903.8,0.754394495418394
903.9,1.14501947686471
904,0.827636679439577
904.1,0.998535108822337
904.2,0.729980434077997
904.3,0.43701169799327
904.4,0.55908200469524
904.5,0.949706986141551
904.6,0.607910127376032
904.7,0.46142575933366
904.8,0.632324188716423
904.9,-0.222167958197379
905,0.217285145929718
905.1,0.754394495418393
905.2,1.1450194768647
905.3,0.949706986141547
905.4,-0.100097651495403
905.5,0.168457023248929
905.6,1.02294917016273
905.7,1.1694335382051
905.8,0.900878863460758
905.9,-0.00244140613383195
906,0.217285145929719
906.1,0.363769513972083
906.2,0.0952148392277493
906.3,-0.051269528814619
906.4,0.192871084589324
906.5,0.729980434077999
906.6,0.314941391291296
906.7,0.241699207270113
906.8,0.412597636652875
906.9,0.266113268610506
907,-0.148925774176195
907.1,-0.1245117128358
907.2,0.0952148392277479
907.3,0.388183575312479
907.4,-0.051269528814619
907.5,-0.856933553047631
907.6,-0.222167958197379
907.7,0.192871084589324
907.8,0.290527329950903
907.9,1.12060541552431
908,0.77880855675879
908.1,-0.319824203558954
908.2,0.0708007778873537
908.3,0.705566372737603
908.4,0.583496066035632
908.5,0.363769513972083
908.6,0.510253882014449
908.7,0.68115231139721
908.8,0.290527329950908
908.9,0.266113268610511
909,-0.319824203558954
909.1,0.0463867165469594
909.2,0.559082004695236
909.3,0.85205074077997
909.4,0.51025388201445
909.5,0.119628900568144
909.6,0.266113268610508
909.7,0.681152311397209
909.8,0.144042961908536
909.9,0.266113268610508
910,0.0463867165469622
910.1,0.119628900568141
910.2,0.803222618099181
910.3,0.290527329950902
910.4,0.583496066035637
910.5,0.534667943354849
910.6,0.217285145929719
910.7,-0.270996080878167
910.8,-0.197753896856982
910.9,0.363769513972086
911,0.754394495418393
911.1,0.583496066035633
911.2,0.339355452631689
911.3,0.85205074077997
911.4,0.314941391291295
911.5,0.119628900568142
911.6,0.46142575933366
911.7,0.656738250056816
911.8,0.241699207270115
911.9,-0.0512695288146162
912,-0.0024414061338291
912.1,0.119628900568148
912.2,0.510253882014447
912.3,-0.222167958197377
912.4,-0.197753896856979
912.5,0.534667943354843
912.6,-0.197753896856985
912.7,-0.588378878303293
912.8,0.217285145929715
912.9,0.729980434077997
913,0.656738250056816
913.1,0.510253882014449
913.2,0.0463867165469566
913.3,-0.00244140613383053
913.4,0.0219726552065652
913.5,0.38818357531248
913.6,0.046386716546958
913.7,0.607910127376027
913.8,0.632324188716421
913.9,-0.612792939643688
914,-0.1245117128358
914.1,0.192871084589326
914.2,0.0219726552065652
914.3,0.144042961908534
914.4,0.534667943354844
914.5,0.63232418871642
914.6,0.290527329950903
914.7,0.632324188716424
914.8,0.0708007778873537
914.9,0.0463867165469608
915,0.510253882014453
915.1,-0.0268554674742262
915.2,-0.00244140613383053
915.3,0.485839820674055
915.4,0.119628900568138
915.5,0.705566372737603
915.6,0.607910127376024
915.7,0.583496066035632
915.8,1.1206054155243
915.9,0.119628900568144
916,0.339355452631689
916.1,0.583496066035632
916.2,0.119628900568141
916.3,0.266113268610506
916.4,0.266113268610508
916.5,0.168457023248928
916.6,0.290527329950903
916.7,0.33935545263169
916.8,0.461425759333663
916.9,-0.00244140613383195
917,0.63232418871642
917.1,0.314941391291299
917.2,0.021972655206568
917.3,-0.124511712835803
917.4,-0.0268554674742262
917.5,0.0708007778873537
917.6,0.144042961908536
917.7,-0.148925774176197
917.8,0.119628900568142
917.9,-0.41748044892053
918,0.0219726552065666
918.1,0.437011697993268
918.2,0.388183575312478
918.3,0.217285145929716
918.4,-0.0268554674742234
918.5,-0.100097651495408
918.6,-0.100097651495408
918.7,-0.100097651495406
918.8,0.241699207270115
918.9,0.559082004695237
919,0.314941391291293
919.1,0.241699207270111
919.2,0.0219726552065666
919.3,0.241699207270111
919.4,0.119628900568138
919.5,0.0708007778873508
919.6,0.0708007778873565
919.7,0.485839820674057
919.8,-0.0756835901550147
919.9,0.534667943354843
920,0.729980434078001
920.1,0.559082004695239
920.2,0.0219726552065652
920.3,0.314941391291296
920.4,0.0708007778873508
920.5,0.217285145929718
920.6,0.192871084589325
920.7,0.485839820674056
920.8,0.33935545263169
920.9,0.900878863460757
921,1.34033196758786
921.1,0.363769513972082
921.2,-0.1245117128358
921.3,-0.0756835901550147
921.4,0.119628900568142
921.5,0.046386716546958
921.6,0.339355452631692
921.7,0.827636679439576
921.8,0.632324188716419
921.9,0.632324188716421
922,0.583496066035636
922.1,0.510253882014452
922.2,0.168457023248928
922.3,0.290527329950906
922.4,0.168457023248929
922.5,0.0708007778873494
922.6,-0.0756835901550119
922.7,-0.344238264899351
922.8,0.0952148392277479
922.9,1.21826166088588
923,0.534667943354844
923.1,0.534667943354844
923.2,0.656738250056814
923.3,0.363769513972083
923.4,1.1694335382051
923.5,0.41259763665287
923.6,0.510253882014452
923.7,0.559082004695242
923.8,-0.295410142218557
923.9,-0.441894510260927
924,0.314941391291293
924.1,0.168457023248928
924.2,0.144042961908541
924.3,0.192871084589326
924.4,0.827636679439571
924.5,0.729980434078
924.6,0.632324188716421
924.7,0.510253882014452
924.8,-0.222167958197377
924.9,0.192871084589324
925,0.705566372737604
925.1,0.144042961908539
925.2,0.388183575312479
925.3,1.12060541552431
925.4,0.559082004695236
925.5,-0.27099608087817
925.6,-0.197753896856985
925.7,-0.124511712835802
925.8,0.192871084589321
925.9,0.607910127376024
926,0.53466794335484
926.1,0.437011697993263
926.2,0.437011697993268
926.3,0.314941391291296
926.4,0.290527329950905
926.5,0.119628900568145
926.6,0.144042961908534
926.7,0.53466794335484
926.8,0.119628900568142
926.9,-0.100097651495405
927,0.241699207270115
927.1,0.729980434077999
927.2,0.0708007778873494
927.3,0.656738250056814
927.4,0.705566372737603
927.5,-0.0268554674742234
927.6,0.241699207270111
927.7,-0.124511712835805
927.8,-0.27099608087817
927.9,-0.270996080878169
928,0.0952148392277465
928.1,-0.173339835516589
928.2,0.241699207270111
928.3,0.876464802120367
928.4,0.437011697993269
928.5,0.168457023248929
928.6,0.485839820674055
928.7,0.314941391291293
928.8,0.217285145929718
928.9,0.0952148392277493
929,-0.148925774176196
929.1,0.485839820674056
929.2,0.925292924801151
929.3,0.217285145929723
929.4,-0.441894510260924
929.5,-0.319824203558954
929.6,0.021972655206568
929.7,-0.124511712835805
929.8,0.68115231139721
929.9,0.46142575933366
930,-0.563964816962901
930.1,-0.490722632941717
930.2,0.0952148392277451
930.3,-0.100097651495408
930.4,0.314941391291295
930.5,0.729980434078001
930.6,0.583496066035632
930.7,0.583496066035633
930.8,0.41259763665287
930.9,0.656738250056812
931,0.192871084589324
931.1,-0.0268554674742219
931.2,0.144042961908534
931.3,0.144042961908536
931.4,-0.588378878303291
931.5,0.290527329950902
931.6,0.412597636652873
931.7,0.339355452631688
931.8,0.559082004695239
931.9,-0.0268554674742248
932,0.729980434077997
932.1,0.876464802120361
932.2,0.388183575312476
932.3,0.412597636652872
932.4,0.0952148392277465
932.5,0.534667943354846
932.6,0.437011697993265
932.7,0.192871084589324
932.8,0.266113268610511
932.9,0.363769513972083
933,0.363769513972082
933.1,0.803222618099178
933.2,0.852050740779968
933.3,-0.0268554674742248
933.4,0.63232418871642
933.5,0.705566372737603
933.6,0.583496066035633
933.7,0.949706986141547
933.8,0.949706986141547
933.9,0.363769513972086
934,-0.148925774176196
934.1,0.314941391291295
934.2,0.583496066035629
934.3,0.314941391291295
934.4,-0.124511712835805
934.5,0.510253882014449
934.6,0.339355452631689
934.7,0.266113268610511
934.8,0.485839820674056
934.9,0.363769513972083
935,0.998535108822334
935.1,1.1450194768647
935.2,0.876464802120364
935.3,0.144042961908534
935.4,0.241699207270115
935.5,0.729980434078
935.6,0.827636679439574
935.7,0.144042961908534
935.8,0.583496066035633
935.9,0.876464802120364
936,0.217285145929716
936.1,0.705566372737604
936.2,1.19384759954549
936.3,0.607910127376027
936.4,0.266113268610508
936.5,0.0952148392277465
936.6,0.632324188716421
936.7,0.876464802120367
936.8,0.461425759333665
936.9,0.729980434077996
937,1.24267572222628
937.1,0.510253882014453
937.2,0.290527329950903
937.3,0.266113268610505
937.4,0.876464802120361
937.5,0.754394495418391
937.6,-0.197753896856985
937.7,0.583496066035636
937.8,0.412597636652878
937.9,0.144042961908535
938,1.43798821294943
938.1,1.38916009026865
938.2,0.63232418871642
938.3,0.656738250056813
938.4,-0.00244140613383053
938.5,0.827636679439577
938.6,1.24267572222628
938.7,1.34033196758786
938.8,1.1450194768647
938.9,0.607910127376024
939,0.0952148392277451
939.1,0.0219726552065623
939.2,0.534667943354843
939.3,0.437011697993265
939.4,0.0463867165469566
939.5,1.02294917016273
939.6,0.583496066035634
939.7,0.534667943354843
939.8,0.729980434077994
939.9,1.5600585196514
940,1.12060541552431
940.1,0.266113268610508
940.2,0.339355452631689
940.3,0.485839820674053
940.4,0.925292924801153
940.5,1.38916009026865
940.6,1.43798821294943
940.7,0.534667943354843
940.8,0.290527329950899
940.9,0.58349606603563
941,0.314941391291295
941.1,0.314941391291292
941.2,0.92529292480115
941.3,1.36474602892825
941.4,0.900878863460761
941.5,0.80322261809918
941.6,1.36474602892824
941.7,0.583496066035629
941.8,0.217285145929718
941.9,0.998535108822333
942,1.5600585196514
942.1,0.827636679439573
942.2,0.681152311397209
942.3,0.363769513972085
942.4,-0.222167958197379
942.5,0.339355452631693
942.6,-0.173339835516586
942.7,0.119628900568139
942.8,0.778808556758783
942.9,0.729980434077999
943,0.0952148392277493
943.1,0.363769513972083
943.2,0.85205074077997
943.3,0.266113268610506
943.4,-0.00244140613383053
943.5,0.559082004695236
943.6,0.0952148392277465
943.7,-0.100097651495409
943.8,0.485839820674056
943.9,1.09619135418392
944,1.02294917016273
944.1,0.729980434077997
944.2,0.510253882014446
944.3,1.12060541552431
944.4,0.33935545263169
944.5,0.681152311397209
944.6,1.48681633563022
944.7,0.998535108822337
944.8,0.754394495418391
944.9,0.217285145929719
945,0.266113268610511
945.1,0.900878863460757
945.2,0.266113268610506
945.3,0.241699207270113
945.4,0.437011697993266
945.5,0.998535108822333
945.6,0.46142575933366
945.7,0.827636679439573
945.8,0.852050740779968
945.9,0.41259763665287
946,0.241699207270115
946.1,1.24267572222628
946.2,0.583496066035632
946.3,-0.197753896856985
946.4,-0.0268554674742234
946.5,0.192871084589326
946.6,0.485839820674055
946.7,0.534667943354842
946.8,0.412597636652869
946.9,0.900878863460757
947,0.778808556758787
947.1,0.388183575312478
947.2,0.607910127376024
947.3,0.778808556758784
947.4,0.217285145929719
947.5,-0.124511712835802
947.6,0.192871084589321
947.7,0.51025388201445
947.8,0.705566372737601
947.9,0.388183575312476
948,0.363769513972082
948.1,0.0708007778873494
948.2,0.85205074077997
948.3,0.705566372737607
948.4,0.339355452631689
948.5,0.75439449541839
948.6,0.97412104748194
948.7,-0.22216795819738
948.8,0.241699207270115
948.9,0.729980434078
949,0.241699207270113
949.1,0.48583982067406
949.2,0.314941391291295
949.3,0.729980434077999
949.4,0.119628900568139
949.5,-0.832519491707234
949.6,-0.783691369026447
949.7,0.168457023248931
949.8,0.485839820674053
949.9,0.241699207270111
950,0.607910127376024
950.1,0.778808556758786
950.2,0.33935545263169
950.3,0.0708007778873522
950.4,-0.905761675728419
950.5,0.0219726552065637
950.6,1.19384759954549
950.7,0.485839820674053
950.8,-0.222167958197379
950.9,-0.100097651495408
951,0.33935545263169
951.1,0.2905273299509
951.2,0.192871084589324
951.3,-0.051269528814619
951.4,-0.0512695288146205
951.5,0.0463867165469566
951.6,0.0952148392277465
951.7,0.485839820674053
951.8,0.46142575933366
951.9,-0.124511712835802
952,-0.148925774176197
952.1,0.241699207270109
952.2,0.90087886346076
952.3,0.778808556758786
952.4,0.97412104748194
952.5,0.363769513972082
952.6,-0.148925774176197
952.7,-0.10009765149541
952.8,0.41259763665287
952.9,-0.100097651495408
953,-0.417480448920529
953.1,0.583496066035633
953.2,-0.00244140613383053
953.3,-0.100097651495409
953.4,0.0708007778873537
953.5,-0.246582019537766
953.6,-0.00244140613382768
953.7,-0.246582019537772
953.8,0.290527329950902
953.9,0.168457023248926
954,0.339355452631688
954.1,0.437011697993265
954.2,0.0952148392277437
954.3,-0.0512695288146205
954.4,0.363769513972082
954.5,0.852050740779968
954.6,0.363769513972083
954.7,0.388183575312482
954.8,0.2905273299509
954.9,-0.1245117128358
955,0.168457023248929
955.1,0.90087886346076
955.2,0.339355452631689
955.3,0.437011697993266
955.4,0.53466794335484
955.5,0.0952148392277493
955.6,-0.417480448920536
955.7,0.0708007778873551
955.8,0.60791012737603
955.9,0.461425759333659
956,0.119628900568141
956.1,0.144042961908535
956.2,0.144042961908536
956.3,0.437011697993266
956.4,0.363769513972086
956.5,0.0708007778873522
956.6,-0.0756835901550147
956.7,0.583496066035632
956.8,0.0219726552065609
956.9,-0.197753896856983
957,0.0952148392277451
957.1,0.0952148392277451
957.2,0.339355452631692
957.3,0.412597636652869
957.4,0.0952148392277493
957.5,0.192871084589326
957.6,-0.295410142218564
957.7,0.632324188716426
957.8,0.339355452631689
957.9,-0.417480448920533
958,0.046386716546958
958.1,-0.0268554674742234
958.2,-0.148925774176197
958.3,-0.173339835516592
958.4,0.046386716546958
958.5,0.192871084589326
958.6,-0.17333983551659
958.7,0.412597636652873
958.8,0.241699207270111
958.9,0.217285145929719
959,-0.0756835901550147
959.1,0.144042961908535
959.2,0.363769513972086
959.3,-0.490722632941718
959.4,-0.441894510260926
959.5,0.0708007778873508
959.6,0.2905273299509
959.7,-0.0756835901550119
959.8,0.412597636652873
959.9,0.485839820674053
960,-0.00244140613383053
960.1,-0.0756835901550076
960.2,0.217285145929718
960.3,0.144042961908535
960.4,0.241699207270112
960.5,-0.612792939643688
960.6,-0.661621062324475
960.7,-0.344238264899349
960.8,0.119628900568139
960.9,0.217285145929723
961,1.19384759954549
961.1,0.925292924801151
961.2,-0.197753896856986
961.3,-0.295410142218562
961.4,-0.22216795819738
961.5,0.0952148392277465
961.6,0.0463867165469566
961.7,-0.319824203558954
961.8,-0.466308571601319
961.9,-0.051269528814619
962,-0.466308571601323
962.1,-0.1245117128358
962.2,-0.00244140613383195
962.3,-0.612792939643688
962.4,-0.490722632941716
962.5,-0.100097651495406
962.6,0.217285145929719
962.7,0.0952148392277451
962.8,-0.124511712835802
962.9,-0.00244140613383195
963,0.144042961908534
963.1,-0.27099608087817
963.2,-0.295410142218562
963.3,-0.661621062324477
963.4,-0.51513669428211
963.5,-0.539550755622504
963.6,-0.661621062324477
963.7,-0.393066387580136
963.8,-0.22216795819738
963.9,-0.24658201953777
964,-0.295410142218562
964.1,0.339355452631693
964.2,-0.246582019537775
964.3,-0.539550755622504
964.4,-0.0268554674742262
964.5,-0.00244140613383337
964.6,0.266113268610511
964.7,-0.10009765149541
964.8,-0.393066387580141
964.9,-0.466308571601324
965,-0.319824203558957
965.1,-0.539550755622504
965.2,-0.368652326239743
965.3,0.168457023248926
965.4,-0.197753896856987
965.5,-0.17333983551659
965.6,-0.539550755622507
965.7,-0.148925774176196
965.8,-0.270996080878169
965.9,0.339355452631688
966,0.217285145929718
966.1,0.485839820674055
966.2,-0.71044918500526
966.3,0.0219726552065652
966.4,0.192871084589324
966.5,-0.270996080878167
966.6,-0.539550755622504
966.7,-0.10009765149541
966.8,-0.734863246345657
966.9,-0.5639648169629
967,-0.100097651495408
967.1,-0.246582019537772
967.2,-0.051269528814619
967.3,-0.246582019537767
967.4,-0.124511712835798
967.5,0.0219726552065652
967.6,-0.124511712835803
967.7,0.63232418871642
967.8,1.16943353820509
967.9,0.876464802120363
968,-0.588378878303293
968.1,-0.661621062324475
968.2,-0.0756835901550147
968.3,-0.344238264899349
968.4,0.241699207270115
968.5,0.510253882014449
968.6,-0.197753896856983
968.7,-0.246582019537775
968.8,-0.00244140613383195
968.9,0.0708007778873522
969,-0.100097651495408
969.1,0.168457023248931
969.2,0.168457023248928
969.3,-0.124511712835803
969.4,0.583496066035633
969.5,0.412597636652875
969.6,0.266113268610505
969.7,-0.075683590155009
969.8,0.168457023248928
969.9,0.388183575312478
970,0.412597636652873
970.1,0.119628900568141
970.2,-0.197753896856986
970.3,-0.051269528814619
970.4,-0.124511712835803
970.5,-0.148925774176192
970.6,0.437011697993265
970.7,-0.0268554674742262
970.8,-0.319824203558953
970.9,-0.270996080878165
971,-0.246582019537775
971.1,-0.51513669428211
971.2,-0.197753896856986
971.3,0.192871084589322
971.4,0.63232418871642
971.5,0.705566372737603
971.6,0.681152311397209
971.7,0.388183575312479
971.8,-0.100097651495405
971.9,-0.5639648169629
972,-0.295410142218559
972.1,-0.197753896856987
972.2,-0.417480448920534
972.3,-0.0756835901550119
972.4,0.437011697993268
972.5,1.04736323150312
972.6,0.339355452631688
972.7,0.681152311397209
972.8,0.681152311397207
972.9,0.119628900568142
973,-0.466308571601321
973.1,0.290527329950905
973.2,0.144042961908536
973.3,-0.34423826489935
973.4,0.241699207270112
973.5,0.778808556758787
973.6,0.119628900568141
973.7,-0.368652326239742
973.8,-0.393066387580139
973.9,-0.222167958197373
974,0.0952148392277465
974.1,0.339355452631689
974.2,-0.319824203558956
974.3,-0.0268554674742276
974.4,0.437011697993265
974.5,0.510253882014453
974.6,0.656738250056813
974.7,0.119628900568141
974.8,0.168457023248928
974.9,0.58349606603563
975,-0.051269528814619
975.1,-0.246582019537775
975.2,-0.124511712835803
975.3,-0.00244140613383053
975.4,0.290527329950899
975.5,0.559082004695235
975.6,0.974121047481938
975.7,0.656738250056816
975.8,-0.197753896856987
975.9,0.0952148392277465
976,0.58349606603563
976.1,-0.100097651495409
976.2,-0.246582019537775
976.3,-0.173339835516592
976.4,0.339355452631692
976.5,0.607910127376024
976.6,0.33935545263169
976.7,-0.124511712835796
976.8,-0.88134761438802
976.9,-0.466308571601321
977,0.412597636652872
977.1,0.77880855675879
977.2,0.363769513972089
977.3,0.144042961908536
977.4,0.437011697993265
977.5,0.241699207270112
977.6,0.192871084589325
977.7,0.144042961908536
977.8,-0.222167958197379
977.9,-0.39306638758014
978,-0.344238264899346
978.1,-0.0756835901550119
978.2,0.485839820674053
978.3,1.02294917016273
978.4,0.656738250056816
978.5,0.339355452631688
978.6,0.0463867165469594
978.7,0.363769513972085
978.8,1.5844725809918
978.9,1.26708978356667
979,0.656738250056814
979.1,0.827636679439576
979.2,0.510253882014447
979.3,0.510253882014452
979.4,0.729980434077999
979.5,0.583496066035632
979.6,0.0463867165469566
979.7,0.339355452631686
979.8,0.412597636652872
979.9,-0.344238264899351
980,-0.197753896856986
980.1,0.241699207270112
980.2,0.949706986141544
980.3,0.729980434078
980.4,0.485839820674056
980.5,0.681152311397211
980.6,0.97412104748194
980.7,0.58349606603563
980.8,0.314941391291295
980.9,0.559082004695236
981,1.04736323150312
981.1,0.705566372737601
981.2,0.38818357531248
981.3,0.412597636652869
981.4,1.16943353820509
981.5,1.07177729284352
981.6,0.729980434077996
981.7,0.2905273299509
981.8,0.388183575312475
981.9,0.144042961908532
982,0.41259763665287
982.1,-0.29541014221856
982.2,-0.0512695288146205
982.3,0.144042961908535
982.4,0.437011697993266
982.5,0.656738250056817
982.6,0.705566372737601
982.7,0.827636679439577
982.8,0.0219726552065623
982.9,0.46142575933366
983,0.437011697993269
983.1,0.192871084589322
983.2,0.729980434078
983.3,0.705566372737604
983.4,0.314941391291295
983.5,0.241699207270112
983.6,1.24267572222628
983.7,1.1450194768647
983.8,0.80322261809918
983.9,0.290527329950898
984,0.266113268610508
984.1,0.949706986141545
984.2,0.632324188716419
984.3,1.07177729284352
984.4,0.339355452631689
984.5,-0.0268554674742276
984.6,0.217285145929721
984.7,1.09619135418391
984.8,1.09619135418391
984.9,0.705566372737606
985,0.119628900568141
985.1,0.41259763665287
985.2,1.58447258099179
985.3,1.1450194768647
985.4,0.656738250056814
985.5,0.852050740779968
985.6,0.803222618099183
985.7,0.705566372737603
985.8,0.583496066035634
985.9,0.388183575312479
986,1.34033196758786
986.1,0.46142575933366
986.2,0.0708007778873551
986.3,0.534667943354843
986.4,0.949706986141544
986.5,0.241699207270111
986.6,0.119628900568139
986.7,0.852050740779968
986.8,0.51025388201445
986.9,0.192871084589322
987,0.046386716546958
987.1,0.534667943354844
987.2,0.827636679439574
987.3,0.119628900568141
987.4,-0.246582019537773
987.5,0.314941391291293
987.6,0.0952148392277451
987.7,0.485839820674057
987.8,0.485839820674053
987.9,-0.0512695288146205
988,0.241699207270112
988.1,0.168457023248931
988.2,-0.270996080878169
988.3,-0.270996080878166
988.4,0.119628900568139
988.5,0.119628900568139
988.6,0.266113268610505
988.7,-0.00244140613383053
988.8,-0.00244140613383053
988.9,0.729980434077994
989,0.485839820674052
989.1,0.485839820674059
989.2,0.51025388201445
989.3,0.314941391291295
989.4,0.461425759333657
989.5,0.729980434078003
989.6,0.046386716546958
989.7,-0.24658201953777
989.8,0.217285145929719
989.9,-0.270996080878167
990,-0.0756835901550133
990.1,0.266113268610512
990.2,-0.051269528814619
990.3,0.363769513972086
990.4,0.290527329950898
990.5,-0.539550755622508
990.6,-0.51513669428211
990.7,0.363769513972085
990.8,-0.00244140613383337
990.9,-0.0512695288146205
991,0.388183575312479
991.1,-0.344238264899351
991.2,-0.124511712835802
991.3,0.2905273299509
991.4,0.144042961908536
991.5,0.729980434077999
991.6,0.168457023248929
991.7,-0.270996080878169
991.8,-0.393066387580139
991.9,-0.515136694282111
992,-0.124511712835798
992.1,-0.0512695288146205
992.2,-0.00244140613383053
992.3,0.168457023248929
992.4,0.412597636652873
992.5,0.241699207270112
992.6,-0.661621062324475
992.7,-0.197753896856985
992.8,0.168457023248931
992.9,-0.173339835516592
993,-0.100097651495408
993.1,-0.46630857160132
993.2,0.168457023248928
993.3,-0.173339835516593
993.4,0.412597636652872
993.5,0.0463867165469594
993.6,-0.930175737068814
993.7,-0.393066387580139
993.8,-0.173339835516589
993.9,0.0463867165469566
994,0.314941391291293
994.1,-0.173339835516592
994.2,0.0463867165469594
994.3,0.217285145929715
994.4,-0.22216795819738
994.5,-0.710449185005267
994.6,-0.637207000984077
994.7,-0.612792939643684
994.8,-0.612792939643688
994.9,-0.539550755622507
995,0.0463867165469566
995.1,0.144042961908535
995.2,0.363769513972082
995.3,0.0463867165469566
995.4,0.314941391291293
995.5,0.314941391291293
995.6,-0.051269528814619
995.7,-0.930175737068811
995.8,-0.734863246345658
995.9,-0.00244140613383195
996,-0.17333983551659
996.1,-0.417480448920531
996.2,-0.710449185005264
996.3,-0.466308571601317
996.4,-0.539550755622501
996.5,-0.881347614388025
996.6,-0.441894510260927
996.7,-0.393066387580139
996.8,-0.368652326239747
996.9,-0.466308571601323
997,-0.17333983551659
997.1,-0.612792939643688
997.2,-0.881347614388028
997.3,-0.270996080878169
997.4,-0.588378878303291
997.5,-0.612792939643684
997.6,-0.124511712835802
997.7,-0.393066387580141
997.8,-0.466308571601323
997.9,-0.661621062324477
998,0.217285145929716
998.1,-0.222167958197377
998.2,0.2905273299509
998.3,0.534667943354842
998.4,-0.417480448920533
998.5,-0.612792939643688
998.6,-0.0756835901550147
998.7,0.0708007778873494
998.8,0.0952148392277465
998.9,-0.27099608087817
999,-0.270996080878166
999.1,-0.075683590155009
999.2,0.217285145929715
999.3,-0.588378878303294
999.4,-1.07666010511118
999.5,-0.783691369026448
999.6,-0.930175737068815
999.7,-0.490722632941717
999.8,0.241699207270111
999.9,0.827636679439573
1000,0.0708007778873508
1000.1,-0.588378878303288
1000.2,-0.539550755622503
1000.3,-0.466308571601323
1000.4,0.241699207270113
1000.5,0.314941391291292
1000.6,-0.710449185005263
1000.7,-0.686035123664868
1000.8,-0.808105430366841
1000.9,-0.319824203558956
1001,-0.295410142218559
1001.1,-0.124511712835803
1001.2,-0.148925774176197
1001.3,-0.5639648169629
1001.4,-0.515136694282111
1001.5,0.0463867165469566
1001.6,0.144042961908534
1001.7,-0.344238264899351
1001.8,-0.124511712835803
1001.9,-0.441894510260927
1002,-0.270996080878165
1002.1,-0.612792939643687
1002.2,-0.759277307686054
1002.3,-0.417480448920534
1002.4,0.0219726552065637
1002.5,-0.0756835901550133
1002.6,-0.246582019537775
1002.7,-0.319824203558957
1002.8,-0.295410142218563
1002.9,-0.319824203558954
1003,-0.41748044892053
1003.1,-0.246582019537776
1003.2,-0.344238264899351
1003.3,-0.710449185005264
1003.4,-0.197753896856986
1003.5,0.0219726552065637
1003.6,-0.490722632941716
1003.7,-0.612792939643687
1003.8,-0.539550755622506
1003.9,-0.881347614388024
1004,-0.734863246345661
1004.1,-0.417480448920529
1004.2,-0.19775389685698
1004.3,-0.197753896856982
1004.4,0.412597636652872
1004.5,-0.051269528814619
1004.6,-0.173339835516593
1004.7,-0.417480448920534
1004.8,-0.417480448920531
1004.9,0.192871084589324
1005,0.0219726552065623
1005.1,-0.41748044892053
1005.2,-0.441894510260926
1005.3,-0.270996080878167
1005.4,-0.197753896856987
1005.5,0.0952148392277465
1005.6,-0.295410142218563
1005.7,-0.417480448920534
1005.8,-0.637207000984083
1005.9,-0.148925774176193
1006,-0.197753896856986
1006.1,-0.539550755622506
1006.2,-0.417480448920534
1006.3,-0.34423826489935
1006.4,-0.173339835516593
1006.5,0.192871084589322
1006.6,0.0708007778873508
1006.7,-0.39306638758014
1006.8,-0.563964816962897
1006.9,-0.124511712835802
1007,-0.393066387580141
1007.1,-0.222167958197382
1007.2,0.119628900568144
1007.3,-0.36865232623975
1007.4,-0.368652326239742
1007.5,-0.563964816962898
1007.6,-0.68603512366487
1007.7,-0.612792939643686
1007.8,0.192871084589325
1007.9,0.0463867165469608
1008,0.314941391291292
1008.1,-0.295410142218567
1008.2,-0.124511712835803
1008.3,0.144042961908532
1008.4,0.144042961908534
1008.5,0.266113268610506
1008.6,0.388183575312476
1008.7,-0.417480448920534
1008.8,-0.539550755622504
1008.9,-0.637207000984084
1009,0.0219726552065637
1009.1,0.314941391291293
1009.2,-0.148925774176199
1009.3,0.266113268610508
1009.4,-0.1245117128358
1009.5,-0.368652326239743
1009.6,-0.319824203558956
1009.7,0.119628900568139
1009.8,0.0708007778873508
1009.9,0.290527329950899
1010,0.43701169799327
1010.1,-0.39306638758014
1010.2,-0.51513669428211
1010.3,-0.246582019537772
1010.4,0.168457023248935
1010.5,0.461425759333659
1010.6,0.705566372737601
1010.7,0.168457023248926
1010.8,0.583496066035633
1010.9,0.534667943354843
1011,0.510253882014446
1011.1,0.119628900568139
1011.2,-0.319824203558957
1011.3,0.314941391291298
1011.4,0.583496066035632
1011.5,0.314941391291296
1011.6,0.363769513972083
1011.7,0.314941391291293
1011.8,0.266113268610505
1011.9,0.0219726552065623
1012,-0.490722632941716
1012.1,-0.563964816962897
1012.2,0.192871084589326
1012.3,0.0708007778873494
1012.4,-0.1245117128358
1012.5,0.534667943354844
1012.6,-0.0756835901550147
1012.7,-0.515136694282107
1012.8,-0.246582019537777
1012.9,-0.441894510260927
1013,-0.441894510260927
1013.1,-0.0756835901550147
1013.2,-0.393066387580139
1013.3,-0.197753896856986
1013.4,-0.124511712835803
1013.5,-0.393066387580139
1013.6,-0.124511712835802
1013.7,0.144042961908534
1013.8,-0.417480448920533
1013.9,-0.0756835901550147
1014,0.36376951397208
1014.1,0.36376951397208
1014.2,-0.46630857160132
1014.3,-0.124511712835802
1014.4,0.0219726552065623
1014.5,0.217285145929716
1014.6,0.534667943354844
1014.7,-0.295410142218559
1014.8,0.046386716546958
1014.9,0.241699207270111
1015,-0.246582019537775
1015.1,-0.734863246345661
1015.2,-0.58837887830329
1015.3,-0.58837887830329
1015.4,0.119628900568142
1015.5,0.388183575312478
1015.6,0.241699207270112
1015.7,-0.00244140613383195
1015.8,-0.100097651495409
1015.9,-0.759277307686052
1016,-0.270996080878169
1016.1,-0.490722632941714
1016.2,-0.686035123664873
1016.3,-0.319824203558959
1016.4,-0.246582019537775
1016.5,-0.246582019537775
1016.6,-0.39306638758014
1016.7,0.0952148392277465
1016.8,-0.24658201953777
1016.9,0.046386716546958
1017,-0.100097651495408
1017.1,0.217285145929715
1017.2,0.388183575312475
1017.3,0.241699207270115
1017.4,-0.759277307686054
1017.5,-0.0512695288146176
1017.6,-0.0512695288146162
1017.7,-0.441894510260926
1017.8,-0.197753896856987
1017.9,-0.295410142218562
1018,-0.173339835516589
1018.1,-0.539550755622507
1018.2,-0.368652326239746
1018.3,-0.00244140613383053
1018.4,0.168457023248929
1018.5,0.339355452631689
1018.6,-0.197753896856986
1018.7,0.144042961908534
1018.8,-0.00244140613383053
1018.9,-0.344238264899351
1019,-0.270996080878169
1019.1,-0.270996080878167
1019.2,-0.148925774176197
1019.3,-1.05224604377078
1019.4,-0.563964816962898
1019.5,0.0952148392277437
1019.6,-0.29541014221856
1019.7,-0.00244140613383337
1019.8,0.266113268610508
1019.9,-0.22216795819738
1020,-0.661621062324478
1020.1,-0.19775389685698
1020.2,-0.441894510260929
1020.3,-0.393066387580137
1020.4,-0.319824203558953
1020.5,-0.100097651495412
1020.6,-0.319824203558953
1020.7,-0.124511712835803
1020.8,0.485839820674053
1020.9,-0.0268554674742234
1021,-0.246582019537773
1021.1,-0.295410142218562
1021.2,-0.808105430366841
1021.3,-0.563964816962896
1021.4,-0.10009765149541
1021.5,-0.46630857160132
1021.6,-0.270996080878167
1021.7,0.485839820674056
1021.8,-0.17333983551659
1021.9,0.0219726552065637
1022,0.314941391291295
1022.1,-0.197753896856987
1022.2,-0.29541014221856
1022.3,0.363769513972085
1022.4,-0.124511712835805
1022.5,-0.319824203558957
1022.6,-0.173339835516592
1022.7,-0.441894510260927
1022.8,-0.83251949170724
1022.9,0.0952148392277451
1023,0.681152311397209
1023.1,0.192871084589324
1023.2,-0.808105430366838
1023.3,-0.00244140613383053
1023.4,0.437011697993263
1023.5,0.0708007778873508
1023.6,-0.00244140613383195
1023.7,0.0708007778873537
1023.8,0.241699207270112
1023.9,-0.368652326239742
1024,-0.881347614388027
1024.1,-0.490722632941716
1024.2,-0.100097651495408
1024.3,0.119628900568139
1024.4,-1.10107416645157
1024.5,-1.05224604377078
1024.6,-0.954589798409206
1024.7,0.0708007778873522
1024.8,-0.051269528814619
1024.9,-0.0512695288146205
1025,-0.5639648169629
1025.1,-0.295410142218564
1025.2,-0.0024414061338291
1025.3,-0.490722632941717
1025.4,-0.246582019537775
1025.5,-0.246582019537772
1025.6,-0.51513669428211
1025.7,-0.68603512366487
1025.8,-1.36962884119591
1025.9,-1.19873041181315
1026,-0.710449185005265
1026.1,-0.734863246345658
1026.2,-0.00244140613383479
1026.3,-0.270996080878169
1026.4,-0.197753896856987
1026.5,-0.539550755622506
1026.6,-0.881347614388024
1026.7,-0.393066387580139
1026.8,-0.63720700098408
1026.9,-0.68603512366487
1027,-0.637207000984083
1027.1,-0.417480448920534
1027.2,0.38818357531248
1027.3,0.0952148392277465
1027.4,-0.393066387580137
1027.5,-0.173339835516592
1027.6,-0.173339835516592
1027.7,0.0219726552065637
1027.8,-0.661621062324477
1027.9,-0.808105430366838
1028,-0.173339835516589
1028.1,-0.100097651495408
1028.2,-0.563964816962901
1028.3,-0.344238264899353
1028.4,-0.832519491707237
1028.5,-0.954589798409208
1028.6,-0.441894510260927
1028.7,-0.319824203558953
1028.8,-0.41748044892053
1028.9,-0.734863246345662
1029,-0.319824203558956
1029.1,0.241699207270112
1029.2,-0.368652326239742
1029.3,-0.441894510260927
1029.4,-0.319824203558959
1029.5,0.119628900568139
1029.6,-0.0756835901550147
1029.7,-0.881347614388024
1029.8,-0.39306638758014
1029.9,-0.344238264899351
1030,0.168457023248931
1030.1,-0.0756835901550133
1030.2,-0.881347614388024
1030.3,-0.148925774176199
1030.4,-0.270996080878169
1030.5,-0.246582019537775
1030.6,-0.393066387580134
1030.7,-0.319824203558957
1030.8,-0.515136694282111
1030.9,-0.0268554674742248
1031,0.632324188716424
1031.1,0.607910127376024
1031.2,-0.270996080878169
1031.3,0.168457023248931
1031.4,0.0219726552065609
1031.5,-0.417480448920534
1031.6,-0.319824203558954
1031.7,-0.197753896856986
1031.8,-0.466308571601323
1031.9,-0.0512695288146205
1032,-0.100097651495409
1032.1,-0.515136694282111
1032.2,-0.417480448920533
1032.3,-0.197753896856985
1032.4,-0.124511712835802
1032.5,0.363769513972086
1032.6,0.192871084589322
1032.7,-0.124511712835803
1032.8,-0.319824203558953
1032.9,-0.612792939643686
1033,-0.319824203558956
1033.1,0.534667943354843
1033.2,0.41259763665287
1033.3,0.314941391291292
1033.4,0.559082004695237
1033.5,-0.00244140613383337
1033.6,-0.539550755622506
1033.7,-0.783691369026447
1033.8,0.046386716546958
1033.9,0.998535108822342
1034,0.41259763665287
1034.1,-0.124511712835802
1034.2,0.241699207270112
1034.3,0.144042961908535
1034.4,0.168457023248928
1034.5,0.534667943354844
1034.6,0.388183575312479
1034.7,-0.124511712835798
1034.8,0.192871084589322
1034.9,0.168457023248929
1035,0.314941391291296
1035.1,0.46142575933366
1035.2,0.534667943354843
1035.3,0.363769513972085
1035.4,0.412597636652873
1035.5,0.437011697993268
1035.6,-0.100097651495405
1035.7,0.0463867165469594
1035.8,0.0952148392277479
1035.9,0.33935545263169
1036,0.632324188716421
1036.1,0.388183575312478
1036.2,0.119628900568141
1036.3,0.339355452631692
1036.4,0.778808556758787
1036.5,0.63232418871642
1036.6,0.0219726552065623
1036.7,0.46142575933366
1036.8,0.339355452631692
1036.9,0.144042961908534
1037,-0.148925774176196
1037.1,-0.197753896856983
1037.2,0.461425759333657
1037.3,0.559082004695239
1037.4,0.363769513972083
1037.5,0.192871084589324
1037.6,0.0708007778873551
1037.7,0.632324188716419
1037.8,0.900878863460756
1037.9,0.437011697993269
1038,0.607910127376026
1038.1,0.363769513972083
1038.2,0.388183575312475
1038.3,0.900878863460758
1038.4,0.729980434077996
1038.5,-0.124511712835803
1038.6,0.412597636652876
1038.7,0.852050740779967
1038.8,0.0219726552065623
1038.9,0.339355452631688
1039,0.632324188716417
1039.1,0.754394495418391
1039.2,-0.051269528814619
1039.3,0.144042961908532
1039.4,0.510253882014447
1039.5,0.681152311397211
1039.6,1.04736323150312
1039.7,0.681152311397209
1039.8,0.290527329950899
1039.9,0.192871084589321
1040,0.461425759333659
1040.1,0.485839820674055
1040.2,0.363769513972083
1040.3,0.0952148392277451
1040.4,0.119628900568141
1040.5,-0.0512695288146162
1040.6,-0.270996080878167
1040.7,0.021972655206568
1040.8,0.85205074077997
1040.9,0.827636679439576
1041,0.0708007778873537
1041.1,0.168457023248928
1041.2,0.681152311397207
1041.3,0.705566372737603
1041.4,0.607910127376029
1041.5,0.168457023248932
1041.6,0.58349606603563
1041.7,1.04736323150312
1041.8,0.949706986141544
1041.9,0.485839820674053
1042,0.241699207270116
1042.1,-0.466308571601323
1042.2,0.339355452631689
1042.3,1.09619135418391
1042.4,0.583496066035634
1042.5,0.168457023248929
1042.6,0.168457023248929
1042.7,0.583496066035634
1042.8,0.97412104748194
1042.9,0.998535108822334
1043,0.925292924801154
1043.1,0.607910127376026
1043.2,0.705566372737604
1043.3,0.485839820674055
1043.4,0.876464802120361
1043.5,0.534667943354842
1043.6,0.2905273299509
1043.7,0.534667943354842
1043.8,0.80322261809918
1043.9,1.02294917016273
1044,1.43798821294943
1044.1,0.925292924801153
1044.2,0.705566372737601
1044.3,0.75439449541839
1044.4,0.314941391291293
1044.5,-0.100097651495409
1044.6,0.388183575312483
1044.7,1.21826166088588
1044.8,1.1694335382051
1044.9,0.778808556758784
1045,0.681152311397209
1045.1,0.656738250056817
1045.2,0.534667943354844
1045.3,0.754394495418396
1045.4,0.778808556758787
1045.5,0.705566372737606
1045.6,0.729980434077997
1045.7,0.192871084589322
1045.8,0.339355452631689
1045.9,0.241699207270111
1046,0.241699207270112
1046.1,0.339355452631689
1046.2,0.656738250056816
1046.3,0.0219726552065623
1046.4,0.583496066035632
1046.5,0.534667943354843
1046.6,1.07177729284352
1046.7,0.998535108822333
1046.8,0.314941391291293
1046.9,-0.0512695288146176
1047,0.485839820674059
1047.1,0.754394495418391
1047.2,0.43701169799327
1047.3,0.119628900568145
1047.4,0.583496066035632
1047.5,0.485839820674055
1047.6,-0.0512695288146205
1047.7,-0.00244140613383195
1047.8,0.314941391291296
1047.9,0.827636679439573
1048,0.0708007778873565
1048.1,-0.19775389685698
1048.2,0.485839820674055
1048.3,0.656738250056817
1048.4,0.0708007778873508
1048.5,0.339355452631692
1048.6,0.192871084589321
1048.7,0.388183575312476
1048.8,0.803222618099178
1048.9,0.0219726552065666
1049,-0.0756835901550104
1049.1,0.339355452631689
1049.2,0.388183575312475
1049.3,-0.0024414061338291
1049.4,0.75439449541839
1049.5,0.607910127376026
1049.6,-0.22216795819738
1049.7,-0.295410142218559
1049.8,0.0219726552065623
1049.9,-0.490722632941718
1050,-0.466308571601323
1050.1,-0.173339835516595
1050.2,-0.0756835901550161
1050.3,0.168457023248929
1050.4,0.266113268610505
1050.5,0.119628900568139
1050.6,0.119628900568141
1050.7,-0.124511712835803
1050.8,0.290527329950902
1050.9,-0.0756835901550147
1051,0.046386716546958
1051.1,0.412597636652872
1051.2,-0.148925774176197
1051.3,0.0219726552065637
1051.4,0.559082004695239
1051.5,0.266113268610505
1051.6,-0.270996080878165
1051.7,-0.0268554674742248
1051.8,-0.319824203558956
1051.9,0.363769513972082
1052,0.583496066035632
1052.1,-0.197753896856982
1052.2,-0.295410142218562
1052.3,-0.00244140613383195
1052.4,0.192871084589325
1052.5,0.168457023248929
1052.6,-0.0268554674742262
1052.7,-0.124511712835802
1052.8,-0.222167958197379
1052.9,-0.19775389685698
1053,0.729980434077997
1053.1,0.461425759333662
1053.2,-0.0268554674742262
1053.3,0.388183575312478
1053.4,0.363769513972085
1053.5,0.363769513972085
1053.6,-0.295410142218563
1053.7,-0.368652326239746
1053.8,0.241699207270111
1053.9,0.437011697993266
1054,0.876464802120363
1054.1,1.12060541552431
1054.2,0.974121047481938
1054.3,0.388183575312478
1054.4,-0.0268554674742276
1054.5,-0.0268554674742219
1054.6,0.0463867165469537
1054.7,-0.148925774176197
1054.8,0.46142575933366
1054.9,0.827636679439576
1055,0.412597636652872
1055.1,0.388183575312478
1055.2,-0.270996080878169
1055.3,-0.100097651495408
1055.4,0.314941391291295
1055.5,0.510253882014449
1055.6,0.339355452631692
1055.7,0.534667943354842
1055.8,0.900878863460757
1055.9,1.12060541552431
1056,0.461425759333657
1056.1,0.632324188716423
1056.2,1.02294917016273
1056.3,0.656738250056814
1056.4,0.705566372737603
1056.5,1.12060541552431
1056.6,1.02294917016273
1056.7,1.46240227428983
1056.8,1.07177729284352
1056.9,0.192871084589324
1057,-0.0756835901550133
1057.1,-0.417480448920531
1057.2,0.485839820674053
1057.3,0.754394495418393
1057.4,0.241699207270111
1057.5,-0.173339835516586
1057.6,-0.1245117128358
1057.7,0.729980434077996
1057.8,0.192871084589324
1057.9,0.7055663727376
1058,0.412597636652873
1058.1,0.534667943354844
1058.2,0.583496066035632
1058.3,0.144042961908535
1058.4,0.192871084589324
1058.5,0.77880855675879
1058.6,0.510253882014447
1058.7,0.63232418871642
1058.8,0.363769513972088
1058.9,0.168457023248931
1059,-0.246582019537773
1059.1,0.290527329950905
1059.2,0.583496066035633
1059.3,0.534667943354843
1059.4,0.241699207270111
1059.5,0.290527329950898
1059.6,0.168457023248929
1059.7,0.241699207270111
1059.8,0.754394495418391
1059.9,0.0952148392277451
1060,0.168457023248929
1060.1,0.339355452631692
1060.2,1.07177729284352
1060.3,1.29150384490707
1060.4,0.998535108822337
1060.5,0.363769513972085
1060.6,0.119628900568138
1060.7,0.192871084589322
1060.8,0.290527329950898
1060.9,0.266113268610506
1061,-0.0024414061338291
1061.1,0.38818357531248
1061.2,0.241699207270112
1061.3,0.217285145929718
1061.4,-0.68603512366487
1061.5,-0.051269528814619
1061.6,0.290527329950905
1061.7,-0.14892577417619
1061.8,-0.173339835516592
1061.9,-0.0756835901550133
1062,0.583496066035632
1062.1,0.998535108822333
1062.2,0.559082004695237
1062.3,0.192871084589324
1062.4,0.266113268610508
1062.5,-0.466308571601321
1062.6,-0.0512695288146205
1062.7,0.0708007778873522
1062.8,-0.051269528814619
1062.9,0.60791012737603
1063,0.119628900568142
1063.1,0.0219726552065652
1063.2,0.754394495418397
1063.3,0.241699207270112
1063.4,0.046386716546958
1063.5,0.192871084589324
1063.6,-0.515136694282111
1063.7,-0.197753896856982
1063.8,0.314941391291295
1063.9,0.41259763665287
1064,0.632324188716423
1064.1,0.58349606603563
1064.2,0.58349606603563
1064.3,0.266113268610506
1064.4,0.412597636652876
1064.5,0.266113268610506
1064.6,0.241699207270112
1064.7,0.510253882014455
1064.8,0.168457023248928
1064.9,-0.197753896856985
1065,0.119628900568139
1065.1,-0.100097651495406
1065.2,0.119628900568141
1065.3,0.192871084589325
1065.4,0.217285145929721
1065.5,0.168457023248929
1065.6,0.046386716546958
1065.7,0.144042961908535
1065.8,0.778808556758786
1065.9,0.85205074077997
1066,0.0708007778873537
1066.1,-0.295410142218559
1066.2,-0.0756835901550119
1066.3,0.412597636652873
1066.4,0.583496066035634
1066.5,0.559082004695237
1066.6,0.534667943354844
1066.7,0.656738250056816
1066.8,0.656738250056813
1066.9,-0.00244140613382768
1067,0.0463867165469594
1067.1,0.144042961908536
1067.2,0.144042961908538
1067.3,-0.100097651495405
1067.4,0.0708007778873551
1067.5,0.656738250056817
1067.6,0.681152311397207
1067.7,0.241699207270109
1067.8,0.412597636652873
1067.9,-0.222167958197376
1068,-0.612792939643687
1068.1,0.339355452631688
1068.2,0.729980434078001
1068.3,0.144042961908541
1068.4,-0.148925774176196
1068.5,0.55908200469524
1068.6,0.803222618099183
1068.7,0.314941391291298
1068.8,0.0708007778873579
1068.9,-0.0756835901550133
1069,0.168457023248928
1069.1,0.314941391291296
1069.2,-0.295410142218562
1069.3,-0.539550755622498
1069.4,0.0219726552065637
1069.5,0.534667943354844
1069.6,0.607910127376026
1069.7,-0.588378878303293
1069.8,-0.588378878303293
1069.9,-0.0268554674742219
1070,0.754394495418389
1070.1,0.461425759333659
1070.2,0.168457023248931
1070.3,0.314941391291292
1070.4,0.144042961908534
1070.5,-0.173339835516592
1070.6,0.168457023248926
1070.7,0.0463867165469566
1070.8,-0.197753896856986
1070.9,-0.124511712835802
1071,0.534667943354842
1071.1,0.656738250056817
1071.2,0.534667943354844
1071.3,0.461425759333662
1071.4,0.144042961908538
1071.5,0.0463867165469566
1071.6,0.852050740779967
1071.7,0.437011697993266
1071.8,0.534667943354843
1071.9,0.510253882014449
1072,0.192871084589326
1072.1,0.583496066035634
1072.2,1.19384759954549
1072.3,1.02294917016273
1072.4,0.607910127376024
1072.5,0.559082004695237
1072.6,0.192871084589322
1072.7,0.314941391291295
1072.8,0.217285145929719
1072.9,-0.0268554674742262
1073,-0.0756835901550133
1073.1,0.119628900568142
1073.2,0.80322261809918
1073.3,1.07177729284352
1073.4,0.559082004695236
1073.5,0.168457023248928
1073.6,0.388183575312476
1073.7,0.412597636652873
1073.8,0.266113268610511
1073.9,0.192871084589325
1074,0.119628900568142
1074.1,0.485839820674055
1074.2,0.168457023248931
1074.3,0.412597636652876
1074.4,0.363769513972086
1074.5,0.412597636652872
1074.6,0.754394495418391
1074.7,0.388183575312479
1074.8,0.583496066035634
1074.9,0.534667943354846
1075,0.266113268610506
1075.1,0.266113268610505
1075.2,0.485839820674059
1075.3,0.607910127376027
1075.4,0.705566372737601
1075.5,0.974121047481945
1075.6,2.04833974645929
1075.7,1.68212882635337
1075.8,1.16943353820509
1075.9,0.217285145929716
1076,-0.00244140613383053
1076.1,0.681152311397209
1076.2,0.510253882014449
1076.3,0.192871084589322
1076.4,0.485839820674059
1076.5,0.119628900568141
1076.6,0.754394495418393
1076.7,0.99853510882234
1076.8,0.94970698614155
1076.9,1.1694335382051
1077,0.681152311397209
1077.1,0.80322261809918
1077.2,0.290527329950899
1077.3,0.363769513972085
1077.4,0.60791012737603
1077.5,0.656738250056819
1077.6,0.852050740779968
1077.7,0.852050740779967
1077.8,0.77880855675879
1077.9,1.04736323150312
1078,1.34033196758786
1078.1,0.75439449541839
1078.2,0.729980434078001
1078.3,0.534667943354844
1078.4,0.461425759333663
1078.5,0.607910127376026
1078.6,0.705566372737604
1078.7,0.607910127376027
1078.8,0.534667943354843
1078.9,0.388183575312478
1079,0.33935545263169
1079.1,-0.222167958197382
1079.2,-0.368652326239743
1079.3,0.388183575312476
1079.4,0.339355452631689
1079.5,0.583496066035632
1079.6,0.656738250056817
1079.7,0.583496066035632
1079.8,0.607910127376029
1079.9,0.0219726552065652
1080,0.339355452631688
1080.1,-0.22216795819738
1080.2,-0.0268554674742191
1080.3,0.241699207270116
1080.4,0.607910127376026
1080.5,0.339355452631688
1080.6,0.754394495418391
1080.7,0.607910127376026
1080.8,0.144042961908536
1080.9,0.705566372737601
1081,0.33935545263169
1081.1,0.119628900568139
1081.2,1.12060541552431
1081.3,1.21826166088588
1081.4,0.510253882014449
1081.5,0.437011697993265
1081.6,0.437011697993268
1081.7,0.144042961908536
1081.8,0.241699207270111
1081.9,0.852050740779971
1082,0.534667943354843
1082.1,0.388183575312478
1082.2,0.0463867165469622
1082.3,0.0219726552065666
1082.4,0.485839820674056
1082.5,0.510253882014449
1082.6,0.461425759333657
1082.7,0.192871084589322
1082.8,0.485839820674053
1082.9,-0.0756835901550133
1083,0.241699207270112
1083.1,0.607910127376029
1083.2,0.900878863460757
1083.3,1.07177729284352
1083.4,0.510253882014447
1083.5,-0.100097651495408
1083.6,-0.0512695288146162
1083.7,0.266113268610506
1083.8,0.534667943354844
1083.9,0.729980434078
1084,0.803222618099181
1084.1,0.217285145929718
1084.2,-0.124511712835802
1084.3,-0.148925774176197
1084.4,0.168457023248928
1084.5,0.80322261809918
1084.6,0.510253882014447
1084.7,0.217285145929719
1084.8,0.363769513972082
1084.9,0.778808556758786
1085,1.16943353820509
1085.1,1.21826166088588
1085.2,0.974121047481938
1085.3,0.217285145929718
1085.4,0.217285145929715
1085.5,0.607910127376026
1085.6,0.314941391291293
1085.7,0.63232418871642
1085.8,0.949706986141547
1085.9,0.607910127376029
1086,0.852050740779973
1086.1,0.754394495418391
1086.2,0.77880855675879
1086.3,0.192871084589324
1086.4,0.241699207270119
1086.5,1.1694335382051
1086.6,1.26708978356667
1086.7,0.705566372737603
1086.8,1.12060541552431
1086.9,0.852050740779968
1087,0.559082004695236
1087.1,0.754394495418391
1087.2,0.412597636652872
1087.3,-0.124511712835803
1087.4,0.266113268610511
1087.5,0.0952148392277479
1087.6,0.681152311397211
1087.7,0.876464802120364
1087.8,0.68115231139721
1087.9,0.437011697993266
1088,0.0463867165469566
1088.1,-0.44189451026093
1088.2,0.0463867165469566
1088.3,0.632324188716421
1088.4,0.705566372737601
1088.5,0.681152311397209
1088.6,0.290527329950902
1088.7,-0.490722632941718
1088.8,0.36376951397208
1088.9,0.705566372737603
1089,0.705566372737603
1089.1,0.192871084589322
1089.2,0.192871084589322
1089.3,0.266113268610508
1089.4,0.412597636652869
1089.5,-0.0512695288146205
1089.6,-0.270996080878167
1089.7,-0.563964816962893
1089.8,-0.246582019537775
1089.9,-0.100097651495408
1090,0.412597636652873
1090.1,-0.00244140613383195
1090.2,0.119628900568139
1090.3,0.339355452631689
1090.4,-0.295410142218562
1090.5,-0.0268554674742219
1090.6,0.38818357531248
1090.7,0.0463867165469551
1090.8,-0.68603512366487
1090.9,0.0708007778873522
1091,-0.0512695288146134
1091.1,0.217285145929716
1091.2,-0.0268554674742219
1091.3,-0.222167958197377
1091.4,-0.197753896856983
1091.5,0.0708007778873494
1091.6,0.33935545263169
1091.7,0.021972655206568
1091.8,-0.73486324634566
1091.9,0.314941391291298
1092,0.0463867165469566
1092.1,-0.612792939643684
1092.2,0.266113268610505
1092.3,0.217285145929716
1092.4,-0.0756835901550175
1092.5,0.241699207270111
1092.6,-0.319824203558954
1092.7,0.314941391291296
1092.8,0.485839820674057
1092.9,-0.417480448920531
1093,-0.417480448920536
1093.1,0.388183575312478
1093.2,0.705566372737604
1093.3,0.485839820674053
1093.4,-0.0512695288146205
1093.5,0.339355452631688
1093.6,0.0219726552065637
1093.7,0.192871084589322
1093.8,0.119628900568139
1093.9,0.046386716546958
1094,0.119628900568139
1094.1,0.290527329950902
1094.2,0.0463867165469608
1094.3,-0.0756835901550104
1094.4,0.0463867165469637
1094.5,0.266113268610505
1094.6,-0.100097651495409
1094.7,0.266113268610506
1094.8,0.705566372737603
1094.9,0.266113268610505
1095,0.363769513972082
1095.1,0.559082004695239
1095.2,0.63232418871642
1095.3,0.266113268610505
1095.4,0.510253882014447
1095.5,0.412597636652873
1095.6,0.192871084589329
1095.7,0.485839820674056
1095.8,0.0952148392277465
1095.9,0.363769513972088
1096,0.437011697993265
1096.1,0.68115231139721
1096.2,-0.17333983551659
1096.3,-0.197753896856986
1096.4,0.119628900568139
1096.5,-0.246582019537775
1096.6,-0.222167958197379
1096.7,0.534667943354846
1096.8,-0.100097651495409
1096.9,0.217285145929716
1097,0.388183575312479
1097.1,0.754394495418391
1097.2,0.55908200469524
1097.3,0.339355452631689
1097.4,0.119628900568139
1097.5,0.0463867165469594
1097.6,0.363769513972085
1097.7,0.0708007778873508
1097.8,0.0463867165469566
1097.9,0.192871084589322
1098,0.339355452631689
1098.1,0.0219726552065637
1098.2,0.290527329950906
1098.3,0.437011697993268
1098.4,0.36376951397208
1098.5,0.363769513972082
1098.6,0.119628900568142
1098.7,-0.0268554674742262
1098.8,-0.466308571601323
1098.9,0.266113268610506
1099,-0.246582019537772
1099.1,-0.295410142218563
1099.2,0.2905273299509
1099.3,-0.24658201953777
1099.4,-0.246582019537773
1099.5,0.119628900568141
1099.6,-0.466308571601323
1099.7,0.266113268610506
1099.8,0.144042961908538
1099.9,0.559082004695237
1100,0.119628900568141
1100.1,-0.319824203558954
1100.2,-0.563964816962897
1100.3,-0.612792939643688
1100.4,-0.0756835901550076
1100.5,-0.441894510260929
1100.6,0.2905273299509
1100.7,0.412597636652872
1100.8,-0.539550755622504
1100.9,-0.368652326239744
1101,0.53466794335484
1101.1,-0.0756835901550147
1101.2,-0.22216795819738
1101.3,-0.0756835901550133
1101.4,-0.41748044892053
1101.5,-0.148925774176199
1101.6,0.681152311397209
1101.7,-0.197753896856986
1101.8,0.192871084589322
1101.9,0.46142575933366
1102,0.363769513972086
1102.1,0.583496066035634
1102.2,0.534667943354844
1102.3,-0.0756835901550133
1102.4,0.46142575933366
1102.5,0.41259763665287
1102.6,0.754394495418391
1102.7,0.0708007778873508
1102.8,-0.686035123664868
1102.9,-0.246582019537772
1103,0.168457023248928
1103.1,0.0219726552065666
1103.2,-0.0268554674742262
1103.3,-0.051269528814619
1103.4,-0.173339835516592
1103.5,-0.148925774176196
1103.6,0.534667943354842
1103.7,0.314941391291296
1103.8,0.583496066035634
1103.9,0.925292924801154
1104,0.144042961908536
1104.1,0.266113268610506
1104.2,0.363769513972082
1104.3,-0.515136694282111
1104.4,0.607910127376029
1104.5,1.02294917016273
1104.6,0.778808556758787
1104.7,0.363769513972083
1104.8,0.0952148392277451
1104.9,0.168457023248928
1105,0.827636679439574
1105.1,0.41259763665287
1105.2,0.339355452631688
1105.3,0.534667943354842
1105.4,0.583496066035634
1105.5,0.656738250056819
1105.6,1.02294917016273
1105.7,0.412597636652869
1105.8,-0.124511712835798
1105.9,-0.246582019537773
1106,0.681152311397207
1106.1,0.876464802120364
1106.2,0.363769513972083
1106.3,0.437011697993266
1106.4,0.0219726552065694
1106.5,0.0952148392277451
1106.6,0.632324188716424
1106.7,0.437011697993268
1106.8,0.119628900568139
1106.9,0.266113268610503
1107,0.510253882014446
1107.1,0.388183575312476
1107.2,0.485839820674055
1107.3,0.192871084589322
1107.4,0.607910127376026
1107.5,1.04736323150312
1107.6,0.534667943354843
1107.7,-0.00244140613383195
1107.8,0.266113268610508
1107.9,0.583496066035627
1108,0.632324188716423
1108.1,0.314941391291292
1108.2,0.656738250056813
1108.3,0.339355452631689
1108.4,0.144042961908534
1108.5,-0.270996080878166
1108.6,-0.319824203558954
1108.7,0.168457023248931
1108.8,-0.0512695288146148
1108.9,0.168457023248926
1109,0.217285145929719
1109.1,0.217285145929716
1109.2,0.363769513972083
1109.3,0.437011697993265
1109.4,-0.319824203558957
1109.5,-0.197753896856985
1109.6,0.559082004695237
1109.7,0.241699207270111
1109.8,0.437011697993268
1109.9,-0.00244140613383053
1110,-0.344238264899349
1110.1,0.339355452631686
1110.2,0.217285145929716
1110.3,-0.759277307686051
1110.4,-0.612792939643683
1110.5,0.241699207270111
1110.6,1.04736323150312
1110.7,0.144042961908535
1110.8,-0.00244140613383053
1110.9,-0.197753896856982
1111,-0.51513669428211
1111.1,0.437011697993268
1111.2,0.046386716546958
1111.3,-0.0268554674742234
1111.4,0.217285145929716
1111.5,0.144042961908536
1111.6,0.412597636652873
1111.7,0.583496066035632
1111.8,-0.0512695288146176
1111.9,0.241699207270112
1112,0.217285145929719
1112.1,0.266113268610505
1112.2,1.24267572222628
1112.3,1.38916009026864
1112.4,0.119628900568142
1112.5,0.0219726552065637
1112.6,0.485839820674053
1112.7,0.437011697993266
1112.8,0.63232418871642
1112.9,0.583496066035633
1113,-0.0024414061338291
1113.1,0.119628900568141
1113.2,0.607910127376029
1113.3,0.51025388201445
1113.4,0.485839820674057
1113.5,0.339355452631688
1113.6,0.119628900568142
1113.7,0.144042961908534
1113.8,0.217285145929719
1113.9,0.656738250056812
1114,0.754394495418389
1114.1,0.778808556758784
1114.2,0.827636679439573
1114.3,0.778808556758787
1114.4,0.461425759333659
1114.5,0.705566372737603
1114.6,0.80322261809918
1114.7,-0.197753896856985
1114.8,-0.0512695288146176
1114.9,0.412597636652873
1115,0.144042961908541
1115.1,0.68115231139721
1115.2,0.339355452631688
1115.3,-0.0512695288146233
1115.4,-0.00244140613383337
1115.5,0.363769513972083
1115.6,0.681152311397211
1115.7,1.1450194768647
1115.8,1.24267572222627
1115.9,0.803222618099177
1116,0.705566372737603
1116.1,0.949706986141548
1116.2,0.412597636652873
1116.3,0.754394495418394
1116.4,1.53564445831101
1116.5,0.656738250056814
1116.6,0.144042961908535
1116.7,-0.197753896856983
1116.8,-0.0268554674742262
1116.9,0.681152311397207
1117,0.85205074077997
1117.1,1.02294917016273
1117.2,0.876464802120363
1117.3,0.437011697993268
1117.4,0.412597636652873
1117.5,0.949706986141545
1117.6,0.974121047481941
1117.7,0.803222618099177
1117.8,0.681152311397206
1117.9,0.607910127376024
1118,0.485839820674057
1118.1,0.900878863460758
1118.2,0.705566372737601
1118.3,0.485839820674052
1118.4,0.144042961908534
1118.5,-0.00244140613383195
1118.6,0.461425759333662
1118.7,0.705566372737603
1118.8,0.559082004695239
1118.9,0.559082004695239
1119,0.68115231139721
1119.1,0.949706986141547
1119.2,0.53466794335484
1119.3,0.314941391291296
1119.4,0.119628900568138
1119.5,0.58349606603563
1119.6,0.314941391291293
1119.7,0.485839820674057
1119.8,0.778808556758783
1119.9,0.168457023248929
1120,0.705566372737603
1120.1,0.192871084589322
1120.2,0.241699207270109
1120.3,0.144042961908536
1120.4,1.1450194768647
1120.5,1.09619135418391
1120.6,0.900878863460757
1120.7,0.461425759333659
1120.8,-0.466308571601323
1120.9,0.363769513972085
1121,0.900878863460756
1121.1,0.461425759333659
1121.2,0.168457023248929
1121.3,0.0463867165469566
1121.4,0.388183575312479
1121.5,1.04736323150313
1121.6,0.754394495418396
1121.7,0.168457023248928
1121.8,-0.222167958197382
1121.9,-0.34423826489935
1122,0.60791012737603
1122.1,0.87646480212036
1122.2,0.87646480212037
1122.3,0.217285145929715
1122.4,-0.295410142218564
1122.5,0.290527329950903
1122.6,0.412597636652872
1122.7,-0.0512695288146205
1122.8,0.119628900568141
1122.9,-0.100097651495409
1123,0.0463867165469608
1123.1,0.192871084589322
1123.2,0.314941391291298
1123.3,0.38818357531248
1123.4,0.485839820674056
1123.5,0.41259763665287
1123.6,-0.0756835901550119
1123.7,0.0952148392277465
1123.8,0.63232418871642
1123.9,0.461425759333659
1124,0.583496066035633
1124.1,0.339355452631688
1124.2,0.168457023248928
1124.3,0.510253882014447
1124.4,0.485839820674053
1124.5,0.705566372737601
1124.6,0.607910127376026
1124.7,0.339355452631689
1124.8,0.632324188716427
1124.9,0.97412104748194
1125,0.534667943354844
1125.1,-0.0024414061338291
1125.2,-0.173339835516592
1125.3,-0.124511712835803
1125.4,0.290527329950902
1125.5,0.363769513972086
1125.6,0.192871084589322
1125.7,0.0708007778873537
1125.8,0.41259763665287
1125.9,0.168457023248932
1126,0.583496066035633
1126.1,0.144042961908532
1126.2,0.412597636652873
1126.3,0.290527329950899
1126.4,0.41259763665287
1126.5,0.363769513972085
1126.6,0.192871084589326
1126.7,0.339355452631692
1126.8,0.559082004695236
1126.9,0.217285145929721
1127,0.290527329950899
1127.1,0.290527329950903
1127.2,0.412597636652872
1127.3,-0.173339835516595
1127.4,0.0708007778873537
1127.5,1.1206054155243
1127.6,0.681152311397206
1127.7,0.168457023248929
1127.8,0.437011697993269
1127.9,0.510253882014449
1128,0.217285145929716
1128.1,0.388183575312476
1128.2,0.754394495418394
1128.3,0.461425759333659
1128.4,0.363769513972083
1128.5,0.388183575312476
1128.6,-0.0756835901550147
1128.7,0.241699207270111
1128.8,0.314941391291295
1128.9,0.778808556758784
1129,0.168457023248928
1129.1,0.192871084589321
1129.2,0.0463867165469551
1129.3,0.388183575312479
1129.4,0.241699207270113
1129.5,0.0952148392277465
1129.6,0.607910127376024
1129.7,0.68115231139721
1129.8,0.0219726552065652
1129.9,-0.148925774176196
1130,0.412597636652872
1130.1,0.168457023248928
1130.2,0.144042961908534
1130.3,0.168457023248931
1130.4,0.485839820674056
1130.5,0.2905273299509
1130.6,0.0952148392277465
1130.7,0.046386716546958
1130.8,0.144042961908534
1130.9,0.388183575312478
1131,1.04736323150312
1131.1,0.583496066035629
1131.2,0.33935545263169
1131.3,0.0463867165469566
1131.4,0.437011697993269
1131.5,0.437011697993263
1131.6,0.437011697993265
1131.7,0.119628900568138
1131.8,-0.222167958197377
1131.9,0.412597636652869
1132,0.729980434077996
1132.1,-0.173339835516585
1132.2,0.290527329950899
1132.3,0.656738250056813
1132.4,0.33935545263169
1132.5,0.0952148392277465
1132.6,-0.100097651495408
1132.7,-0.515136694282106
1132.8,-0.124511712835805
1132.9,0.778808556758783
1133,0.510253882014447
1133.1,-0.441894510260926
1133.2,0.534667943354844
1133.3,0.729980434077999
1133.4,0.290527329950902
1133.5,0.534667943354842
1133.6,0.314941391291295
1133.7,0.363769513972083
1133.8,0.900878863460756
1133.9,0.852050740779967
1134,0.217285145929722
1134.1,-0.124511712835803
1134.2,-0.100097651495405
1134.3,0.461425759333662
1134.4,0.705566372737603
1134.5,0.559082004695237
1134.6,-0.00244140613383053
1134.7,0.681152311397206
1134.8,0.241699207270109
1134.9,0.0219726552065666
1135,0.33935545263169
1135.1,0.705566372737604
1135.2,0.0463867165469622
1135.3,-0.0268554674742248
1135.4,0.241699207270111
1135.5,0.510253882014449
1135.6,0.778808556758786
1135.7,0.534667943354842
1135.8,0.827636679439577
1135.9,0.632324188716427
1136,-0.100097651495408
1136.1,0.363769513972085
1136.2,0.412597636652873
1136.3,0.827636679439574
1136.4,0.58349606603563
1136.5,0.681152311397209
1136.6,1.26708978356667
1136.7,0.559082004695239
1136.8,-0.197753896856986
1136.9,0.461425759333659
1137,0.949706986141545
1137.1,0.461425759333659
1137.2,1.04736323150312
1137.3,1.31591790624746
1137.4,1.02294917016273
1137.5,0.632324188716421
1137.6,0.583496066035632
1137.7,0.559082004695242
1137.8,0.607910127376026
1137.9,0.949706986141548
1138,0.583496066035632
1138.1,0.681152311397209
1138.2,0.92529292480115
1138.3,1.04736323150313
1138.4,0.339355452631688
1138.5,0.46142575933366
1138.6,0.998535108822333
1138.7,1.16943353820509
1138.8,0.77880855675879
1138.9,0.63232418871642
1139,0.656738250056813
1139.1,1.12060541552431
1139.2,0.46142575933366
1139.3,0.0952148392277508
1139.4,0.729980434077994
1139.5,0.607910127376029
1139.6,0.0708007778873551
1139.7,-0.1245117128358
1139.8,-0.124511712835803
1139.9,0.314941391291295
1140,0.827636679439577
1140.1,0.412597636652872
1140.2,0.583496066035634
1140.3,1.1694335382051
1140.4,0.0708007778873579
1140.5,-0.148925774176197
1140.6,0.363769513972088
1140.7,-0.0268554674742276
1140.8,0.2905273299509
1140.9,0.314941391291292
1141,-0.466308571601316
1141.1,0.0463867165469594
1141.2,0.144042961908534
1141.3,-0.10009765149541
1141.4,0.705566372737601
1141.5,0.827636679439576
1141.6,0.36376951397209
1141.7,0.241699207270115
1141.8,0.632324188716424
1141.9,0.217285145929718
1142,0.0952148392277451
1142.1,0.0463867165469608
1142.2,0.0708007778873494
1142.3,0.339355452631689
1142.4,-0.124511712835803
1142.5,-0.0024414061338291
1142.6,0.485839820674053
1142.7,0.0463867165469594
1142.8,-0.173339835516586
1142.9,0.412597636652872
1143,-0.759277307686054
1143.1,-0.17333983551659
1143.2,0.33935545263169
1143.3,0.339355452631692
1143.4,-0.417480448920534
1143.5,-0.148925774176197
1143.6,0.0708007778873522
1143.7,-0.539550755622506
1143.8,-0.393066387580143
1143.9,0.192871084589325
1144,0.339355452631692
1144.1,0.632324188716423
1144.2,0.314941391291295
1144.3,-0.0512695288146176
1144.4,0.363769513972086
1144.5,0.412597636652876
1144.6,0.412597636652872
1144.7,-0.49072263294171
1144.8,-0.588378878303293
1144.9,0.314941391291296
1145,0.827636679439576
1145.1,0.192871084589328
1145.2,0.266113268610508
1145.3,0.48583982067406
1145.4,0.485839820674052
1145.5,0.41259763665287
1145.6,0.778808556758786
1145.7,0.583496066035632
1145.8,-0.41748044892053
1145.9,-0.490722632941714
1146,-0.295410142218562
1146.1,0.266113268610506
1146.2,0.437011697993269
1146.3,0.168457023248931
1146.4,-0.51513669428211
1146.5,0.192871084589326
1146.6,0.63232418871642
1146.7,0.363769513972085
1146.8,0.583496066035634
1146.9,0.437011697993266
1147,-0.393066387580134
1147.1,-0.270996080878166
1147.2,0.314941391291293
1147.3,0.437011697993263
1147.4,-0.124511712835803
1147.5,0.0463867165469566
1147.6,0.63232418871642
1147.7,0.876464802120364
1147.8,0.900878863460757
1147.9,0.144042961908536
1148,0.485839820674055
1148.1,0.778808556758786
1148.2,0.656738250056813
1148.3,0.827636679439576
1148.4,0.0708007778873508
1148.5,0.388183575312478
1148.6,0.314941391291296
1148.7,0.192871084589325
1148.8,-0.1245117128358
1148.9,-0.295410142218559
1149,0.681152311397209
1149.1,0.80322261809918
1149.2,0.388183575312476
1149.3,0.82763667943958
1149.4,0.314941391291293
1149.5,0.437011697993265
1149.6,-0.00244140613383195
1149.7,0.144042961908535
1149.8,0.607910127376026
1149.9,0.559082004695236
1150,0.119628900568142
1150.1,-0.19775389685698
1150.2,0.363769513972086
1150.3,0.998535108822334
1150.4,0.363769513972088
1150.5,0.656738250056817
1150.6,0.754394495418394
1150.7,0.241699207270112
1150.8,-0.0268554674742248
1150.9,0.046386716546958
1151,0.363769513972082
1151.1,0.437011697993269
1151.2,-0.0756835901550104
1151.3,-0.0512695288146162
1151.4,0.314941391291293
1151.5,0.949706986141551
1151.6,0.949706986141547
1151.7,0.534667943354843
1151.8,-0.0512695288146176
1151.9,-0.0268554674742234
1152,0.485839820674053
1152.1,0.290527329950902
1152.2,0.168457023248935
1152.3,0.217285145929721
1152.4,0.339355452631692
1152.5,0.168457023248926
1152.6,-0.0756835901550104
1152.7,0.241699207270115
1152.8,0.412597636652873
1152.9,1.21826166088589
1153,0.705566372737606
1153.1,0.876464802120365
1153.2,0.51025388201445
1153.3,0.363769513972085
1153.4,0.290527329950899
1153.5,-0.0756835901550147
1153.6,0.681152311397211
1153.7,0.729980434077999
1153.8,0.534667943354843
1153.9,-0.31982420355895
1154,0.60791012737603
1154.1,1.26708978356667
1154.2,0.778808556758788
1154.3,0.559082004695239
1154.4,0.754394495418391
1154.5,0.412597636652876
1154.6,1.07177729284352
1154.7,1.09619135418391
1154.8,0.0952148392277465
1154.9,0.363769513972085
1155,0.217285145929716
1155.1,0.412597636652873
1155.2,1.09619135418392
1155.3,1.26708978356667
1155.4,0.729980434078
1155.5,0.534667943354846
1155.6,0.90087886346076
1155.7,0.754394495418393
1155.8,0.974121047481941
1155.9,1.12060541552431
1156,0.754394495418394
1156.1,0.266113268610506
1156.2,0.510253882014447
1156.3,0.754394495418393
1156.4,1.19384759954549
1156.5,1.21826166088589
1156.6,0.290527329950902
1156.7,0.241699207270113
1156.8,0.63232418871642
1156.9,0.0952148392277522
1157,-0.100097651495408
1157.1,0.485839820674056
1157.2,0.803222618099184
1157.3,0.63232418871642
1157.4,0.38818357531248
1157.5,0.485839820674057
1157.6,0.998535108822338
1157.7,0.852050740779968
1157.8,0.534667943354849
1157.9,0.852050740779971
1158,0.339355452631692
1158.1,0.60791012737603
1158.2,1.02294917016273
1158.3,0.900878863460757
1158.4,0.534667943354843
1158.5,0.192871084589324
1158.6,-0.197753896856982
1158.7,0.144042961908536
1158.8,0.97412104748194
1158.9,1.12060541552431
1159,0.681152311397209
1159.1,0.803222618099178
1159.2,0.314941391291295
1159.3,0.217285145929719
1159.4,0.534667943354844
1159.5,0.46142575933366
1159.6,0.437011697993268
1159.7,0.0708007778873508
1159.8,0.314941391291295
1159.9,0.60791012737603
1160,0.827636679439574
1160.1,0.681152311397209
1160.2,0.314941391291295
1160.3,0.437011697993266
1160.4,0.681152311397207
1160.5,1.07177729284352
1160.6,0.827636679439576
1160.7,0.485839820674055
1160.8,0.876464802120367
1160.9,1.04736323150312
1161,1.09619135418391
1161.1,0.632324188716421
1161.2,0.461425759333662
1161.3,0.607910127376027
1161.4,0.900878863460757
1161.5,0.876464802120364
1161.6,0.754394495418393
1161.7,0.0708007778873522
1161.8,0.46142575933366
1161.9,0.998535108822334
1162,0.412597636652873
1162.1,0.485839820674055
1162.2,0.0708007778873508
1162.3,-0.0756835901550147
1162.4,0.461425759333662
1162.5,0.485839820674055
1162.6,-0.00244140613383195
1162.7,0.46142575933366
1162.8,1.24267572222628
1162.9,0.461425759333662
1163,0.632324188716423
1163.1,0.583496066035632
1163.2,0.363769513972085
1163.3,0.998535108822334
1163.4,1.07177729284352
1163.5,0.583496066035633
1163.6,0.559082004695239
1163.7,0.33935545263169
1163.8,0.534667943354843
1163.9,0.314941391291295
1164,0.852050740779968
1164.1,1.99951162377851
1164.2,1.16943353820509
1164.3,0.266113268610506
1164.4,0.583496066035633
1164.5,1.29150384490707
1164.6,1.5844725809918
1164.7,0.85205074077997
1164.8,0.705566372737603
1164.9,0.583496066035632
1165,0.949706986141547
1165.1,1.51123039697061
1165.2,0.778808556758786
1165.3,0.974121047481938
1165.4,1.26708978356667
1165.5,1.21826166088589
1165.6,0.583496066035633
1165.7,0.534667943354843
1165.8,1.02294917016273
1165.9,0.65673825005681
1166,0.363769513972082
1166.1,0.412597636652875
1166.2,0.729980434077996
1166.3,0.0463867165469551
1166.4,0.681152311397207
1166.5,0.290527329950899
1166.6,0.412597636652872
1166.7,0.38818357531248
1166.8,0.729980434077996
1166.9,0.63232418871642
1167,0.192871084589325
1167.1,0.437011697993265
1167.2,0.363769513972082
1167.3,0.900878863460757
1167.4,0.80322261809918
1167.5,-0.0756835901550119
1167.6,-0.222167958197379
1167.7,0.290527329950899
1167.8,0.681152311397207
1167.9,0.510253882014449
1168,0.974121047481935
1168.1,1.26708978356667
1168.2,0.900878863460758
1168.3,0.949706986141548
1168.4,1.29150384490707
1168.5,0.900878863460763
1168.6,0.729980434077999
1168.7,0.63232418871642
1168.8,0.803222618099184
1168.9,1.1694335382051
1169,0.119628900568142
1169.1,0.485839820674055
1169.2,1.24267572222628
1169.3,0.900878863460763
1169.4,0.412597636652872
1169.5,0.290527329950899
1169.6,0.388183575312478
1169.7,0.510253882014447
1169.8,0.681152311397209
1169.9,0.632324188716419
1170,0.729980434077996
1170.1,0.803222618099178
1170.2,0.461425759333663
1170.3,0.363769513972083
1170.4,0.485839820674053
1170.5,0.583496066035632
1170.6,0.192871084589326
1170.7,0.0463867165469566
1170.8,0.656738250056813
1170.9,0.607910127376027
1171,1.04736323150313
1171.1,1.38916009026864
1171.2,1.04736323150313
1171.3,1.21826166088588
1171.4,0.97412104748194
1171.5,0.437011697993266
1171.6,0.437011697993266
1171.7,0.97412104748194
1171.8,1.19384759954549
1171.9,0.510253882014449
1172,0.803222618099181
1172.1,1.02294917016273
1172.2,1.12060541552431
1172.3,1.46240227428983
1172.4,1.1694335382051
1172.5,0.607910127376024
1172.6,1.1450194768647
1172.7,1.1450194768647
1172.8,0.168457023248929
1172.9,0.363769513972083
1173,1.04736323150313
1173.1,0.729980434077997
1173.2,0.949706986141547
1173.3,0.754394495418393
1173.4,0.51025388201445
1173.5,1.53564445831101
1173.6,1.65771476501299
1173.7,0.485839820674056
1173.8,0.510253882014447
1173.9,0.876464802120367
1174,0.827636679439577
1174.1,0.2905273299509
1174.2,0.168457023248934
1174.3,0.437011697993268
1174.4,1.1450194768647
1174.5,0.729980434078
1174.6,0.0708007778873522
1174.7,0.412597636652873
1174.8,0.412597636652878
1174.9,0.705566372737606
1175,0.827636679439576
1175.1,0.925292924801148
1175.2,0.339355452631689
1175.3,0.290527329950906
1175.4,0.168457023248929
1175.5,0.583496066035633
1175.6,0.363769513972082
1175.7,0.803222618099178
1175.8,1.19384759954549
1175.9,0.925292924801153
1176,0.363769513972083
1176.1,-0.100097651495405
1176.2,0.58349606603564
1176.3,0.900878863460758
1176.4,0.90087886346076
1176.5,0.607910127376027
1176.6,0.485839820674053
1176.7,0.217285145929719
1176.8,0.388183575312476
1176.9,0.192871084589328
1177,0.339355452631695
1177.1,1.04736323150312
1177.2,0.852050740779971
1177.3,0.656738250056813
1177.4,0.559082004695237
1177.5,0.559082004695237
1177.6,1.26708978356667
1177.7,1.24267572222628
1177.8,1.41357415160904
1177.9,1.5600585196514
1178,1.02294917016273
1178.1,0.900878863460758
1178.2,1.12060541552431
1178.3,0.949706986141553
1178.4,0.998535108822334
1178.5,1.5600585196514
1178.6,1.80419913305535
1178.7,0.754394495418396
1178.8,0.46142575933366
1178.9,1.1694335382051
1179,1.04736323150312
1179.1,1.04736323150313
1179.2,1.12060541552431
1179.3,0.77880855675879
1179.4,0.998535108822334
1179.5,0.998535108822338
1179.6,0.778808556758787
1179.7,1.24267572222628
1179.8,0.876464802120363
1179.9,0.852050740779973
1180,0.852050740779967
1180.1,1.07177729284352
1180.2,0.681152311397211
1180.3,0.998535108822334
1180.4,1.04736323150312
1180.5,0.97412104748194
1180.6,0.485839820674056
1180.7,0.754394495418394
1180.8,1.53564445831101
1180.9,1.48681633563022
1181,1.21826166088588
1181.1,0.949706986141547
1181.2,1.24267572222628
1181.3,1.09619135418392
1181.4,1.31591790624746
1181.5,0.852050740779968
1181.6,1.46240227428983
1181.7,1.56005851965141
1181.8,0.876464802120364
1181.9,0.754394495418393
1182,1.12060541552431
1182.1,1.21826166088588
1182.2,0.925292924801155
1182.3,0.656738250056817
1182.4,0.729980434077997
1182.5,0.827636679439577
1182.6,1.09619135418391
1182.7,0.876464802120365
1182.8,0.876464802120363
1182.9,0.632324188716419
1183,0.461425759333666
1183.1,0.534667943354843
1183.2,0.925292924801153
1183.3,0.412597636652873
1183.4,0.412597636652873
1183.5,0.705566372737603
1183.6,0.705566372737606
1183.7,0.754394495418396
1183.8,0.85205074077997
1183.9,0.827636679439576
1184,0.51025388201445
1184.1,1.19384759954549
1184.2,1.21826166088588
1184.3,0.876464802120364
1184.4,0.705566372737604
1184.5,1.26708978356667
1184.6,0.827636679439577
1184.7,0.681152311397209
1184.8,1.09619135418391
1184.9,0.705566372737603
1185,0.925292924801153
1185.1,1.12060541552431
1185.2,1.43798821294943
1185.3,1.07177729284352
1185.4,0.754394495418391
1185.5,0.437011697993268
1185.6,-0.197753896856986
1185.7,-0.00244140613383053
1185.8,0.803222618099177
1185.9,1.09619135418391
1186,0.119628900568141
1186.1,0.63232418871642
1186.2,1.65771476501298
1186.3,0.778808556758786
1186.4,0.583496066035632
1186.5,0.974121047481944
1186.6,0.65673825005682
1186.7,0.290527329950902
1186.8,0.607910127376026
1186.9,0.705566372737609
1187,0.607910127376026
1187.1,0.437011697993272
1187.2,0.461425759333659
1187.3,0.2905273299509
1187.4,0.656738250056814
1187.5,0.607910127376027
1187.6,0.363769513972083
1187.7,0.0708007778873565
1187.8,0.144042961908535
1187.9,0.754394495418391
1188,1.07177729284352
1188.1,-0.0756835901550133
1188.2,-0.00244140613382768
1188.3,0.339355452631693
1188.4,0.656738250056814
1188.5,0.51025388201445
1188.6,0.534667943354843
1188.7,1.07177729284352
1188.8,0.607910127376027
1188.9,0.876464802120364
1189,0.998535108822337
1189.1,0.85205074077997
1189.2,0.461425759333663
1189.3,0.461425759333663
1189.4,0.60791012737603
1189.5,0.876464802120365
1189.6,1.12060541552431
1189.7,1.51123039697062
1189.8,1.1450194768647
1189.9,1.04736323150313
1190,1.12060541552431
1190.1,1.07177729284352
1190.2,0.900878863460758
1190.3,1.07177729284352
1190.4,1.04736323150312
1190.5,0.705566372737604
1190.6,0.583496066035636
1190.7,0.412597636652872
1190.8,0.534667943354846
1190.9,0.754394495418391
1191,0.559082004695236
1191.1,0.925292924801153
1191.2,1.53564445831101
1191.3,0.80322261809918
1191.4,0.0708007778873508
1191.5,0.412597636652873
1191.6,0.754394495418394
1191.7,1.04736323150313
1191.8,1.31591790624746
1191.9,1.5844725809918
1192,0.681152311397213
1192.1,0.437011697993266
1192.2,0.485839820674057
1192.3,0.925292924801151
1192.4,1.43798821294944
1192.5,0.656738250056819
1192.6,0.97412104748194
1192.7,0.852050740779968
1192.8,0.75439449541839
1192.9,1.60888664233219
1193,1.48681633563022
1193.1,1.09619135418392
1193.2,1.26708978356667
1193.3,1.09619135418391
1193.4,0.559082004695236
1193.5,1.34033196758786
1193.6,0.705566372737604
1193.7,0.53466794335484
1193.8,0.681152311397207
1193.9,0.314941391291292
1194,0.314941391291295
1194.1,0.754394495418391
1194.2,1.02294917016273
1194.3,0.827636679439574
1194.4,0.388183575312483
1194.5,0.119628900568141
1194.6,0.559082004695236
1194.7,0.681152311397209
1194.8,0.485839820674055
1194.9,0.266113268610505
1195,0.583496066035637
1195.1,1.07177729284352
1195.2,1.04736323150312
1195.3,1.04736323150312
1195.4,0.925292924801154
1195.5,1.07177729284352
1195.6,1.09619135418391
1195.7,0.534667943354844
1195.8,0.0219726552065609
1195.9,0.339355452631689
1196,0.339355452631688
1196.1,0.437011697993268
1196.2,0.314941391291295
1196.3,0.705566372737603
1196.4,0.998535108822334
1196.5,0.827636679439574
1196.6,0.437011697993269
1196.7,0.217285145929719
1196.8,0.412597636652876
1196.9,1.41357415160904
1197,1.29150384490707
1197.1,0.729980434077997
1197.2,0.388183575312478
1197.3,0.0708007778873551
1197.4,0.217285145929715
1197.5,0.754394495418394
1197.6,0.97412104748194
1197.7,0.681152311397211
1197.8,0.192871084589322
1197.9,0.388183575312482
1198,0.437011697993268
1198.1,0.778808556758783
1198.2,0.241699207270115
1198.3,0.632324188716424
1198.4,0.729980434077996
1198.5,0.388183575312476
1198.6,0.2905273299509
1198.7,0.241699207270111
1198.8,0.241699207270112
1198.9,0.65673825005682
1199,0.705566372737601
1199.1,0.778808556758791
1199.2,0.876464802120363
1199.3,1.09619135418392
1199.4,0.363769513972088
1199.5,0.168457023248929
1199.6,1.29150384490706
1199.7,1.5600585196514
1199.8,0.63232418871642
1199.9,0.51025388201445
1200,0.656738250056814
1200.1,0.0952148392277465
1200.2,0.998535108822334
1200.3,1.1450194768647
1200.4,1.09619135418391
1200.5,1.51123039697062
1200.6,1.12060541552431
1200.7,0.607910127376024
1200.8,1.04736323150312
1200.9,0.705566372737603
1201,0.241699207270112
1201.1,0.729980434078
1201.2,0.998535108822335
1201.3,0.80322261809918
1201.4,1.6088866423322
1201.5,1.46240227428982
1201.6,1.41357415160903
1201.7,1.51123039697061
1201.8,0.559082004695237
1201.9,0.314941391291298
1202,0.461425759333662
1202.1,0.803222618099178
1202.2,0.754394495418391
1202.3,0.656738250056814
1202.4,0.510253882014452
1202.5,0.827636679439573
1202.6,0.852050740779967
1202.7,0.607910127376026
1202.8,0.534667943354843
1202.9,0.974121047481944
1203,1.09619135418391
1203.1,0.510253882014447
1203.2,0.363769513972085
1203.3,0.534667943354844
1203.4,0.192871084589322
1203.5,0.217285145929718
1203.6,0.290527329950902
1203.7,0.58349606603563
1203.8,1.65771476501298
1203.9,1.41357415160904
1204,0.314941391291293
1204.1,0.437011697993265
1204.2,0.583496066035632
1204.3,0.754394495418394
1204.4,0.217285145929716
1204.5,-0.0756835901550119
1204.6,-0.124511712835802
1204.7,0.559082004695235
1204.8,0.290527329950898
1204.9,0.144042961908536
1205,0.192871084589322
1205.1,0.46142575933366
1205.2,1.04736323150312
1205.3,0.803222618099178
1205.4,0.75439449541839
1205.5,0.949706986141544
1205.6,0.0952148392277451
1205.7,0.437011697993263
1205.8,0.388183575312476
1205.9,0.339355452631688
1206,0.144042961908534
1206.1,0.0463867165469566
1206.2,0.168457023248931
1206.3,0.144042961908535
1206.4,0.339355452631688
1206.5,0.632324188716423
1206.6,0.266113268610505
1206.7,0.2905273299509
1206.8,0.461425759333663
1206.9,0.119628900568142
1207,0.266113268610505
1207.1,0.217285145929716
1207.2,0.0463867165469566
1207.3,0.0463867165469566
1207.4,0.192871084589321
1207.5,0.339355452631689
1207.6,0.0952148392277451
1207.7,0.339355452631692
1207.8,0.412597636652873
1207.9,0.583496066035633
1208,1.07177729284351
1208.1,0.46142575933366
1208.2,0.314941391291293
1208.3,0.998535108822331
1208.4,0.80322261809918
1208.5,0.266113268610505
1208.6,0.0219726552065623
1208.7,0.437011697993265
1208.8,-0.00244140613383195
1208.9,0.729980434077994
1209,1.09619135418391
1209.1,0.559082004695237
1209.2,0.485839820674055
1209.3,0.778808556758784
1209.4,0.559082004695236
1209.5,0.900878863460756
1209.6,0.852050740779967
1209.7,1.26708978356667
1209.8,1.02294917016273
1209.9,0.55908200469524
1210,0.0952148392277451
1210.1,0.876464802120367
1210.2,0.363769513972086
1210.3,0.388183575312478
1210.4,0.803222618099183
1210.5,0.949706986141545
1210.6,0.754394495418391
1210.7,0.192871084589325
1210.8,0.168457023248928
1210.9,0.119628900568141
1211,0.437011697993265
1211.1,0.168457023248928
1211.2,0.485839820674056
1211.3,0.97412104748194
1211.4,0.656738250056813
1211.5,0.217285145929715
1211.6,0.0952148392277437
1211.7,0.534667943354842
1211.8,0.144042961908536
1211.9,-0.197753896856987
1212,0.559082004695235
1212.1,0.876464802120364
1212.2,0.437011697993263
1212.3,0.51025388201445
1212.4,0.754394495418397
1212.5,0.559082004695236
1212.6,-0.319824203558956
1212.7,-0.0512695288146205
1212.8,0.632324188716421
1212.9,0.583496066035633
1213,0.803222618099178
1213.1,0.534667943354843
1213.2,0.217285145929718
1213.3,0.0708007778873508
1213.4,-0.148925774176197
1213.5,-0.0756835901550161
1213.6,0.534667943354843
1213.7,0.388183575312475
1213.8,-0.222167958197377
1213.9,0.437011697993266
1214,1.04736323150313
1214.1,0.827636679439574
1214.2,0.461425759333667
1214.3,0.217285145929715
1214.4,0.827636679439573
1214.5,0.656738250056812
1214.6,0.314941391291296
1214.7,0.437011697993265
1214.8,0.705566372737601
1214.9,0.2905273299509
1215,0.144042961908532
1215.1,0.314941391291292
1215.2,-0.0756835901550133
1215.3,0.656738250056816
1215.4,0.534667943354844
1215.5,0.803222618099181
1215.6,0.461425759333665
1215.7,0.241699207270113
1215.8,1.36474602892825
1215.9,0.510253882014447
1216,-0.124511712835803
1216.1,0.046386716546958
1216.2,0.119628900568139
1216.3,-0.319824203558957
1216.4,0.900878863460757
1216.5,1.19384759954549
1216.6,0.339355452631693
1216.7,0.388183575312478
1216.8,1.21826166088588
1216.9,0.949706986141545
1217,0.729980434077997
1217.1,0.168457023248931
1217.2,0.0708007778873508
1217.3,0.607910127376024
1217.4,0.92529292480115
1217.5,0.534667943354842
1217.6,0.754394495418389
1217.7,0.75439449541839
1217.8,0.583496066035633
1217.9,0.437011697993263
1218,0.803222618099181
1218.1,0.607910127376023
1218.2,0.0708007778873551
1218.3,1.09619135418391
1218.4,1.19384759954549
1218.5,1.43798821294943
1218.6,1.5844725809918
1218.7,0.607910127376026
1218.8,0.168457023248929
1218.9,0.778808556758787
1219,0.900878863460756
1219.1,0.705566372737601
1219.2,0.80322261809918
1219.3,0.583496066035632
1219.4,0.144042961908534
1219.5,0.559082004695236
1219.6,0.51025388201445
1219.7,0.681152311397211
1219.8,0.583496066035627
1219.9,0.388183575312479
1220,0.632324188716419
1220.1,1.21826166088588
1220.2,1.31591790624746
1220.3,0.607910127376026
1220.4,0.437011697993266
1220.5,0.656738250056816
1220.6,0.7055663727376
1220.7,0.217285145929716
1220.8,0.0463867165469566
1220.9,0.510253882014449
1221,0.607910127376023
1221.1,0.998535108822334
1221.2,0.705566372737603
1221.3,0.363769513972082
1221.4,0.632324188716419
1221.5,0.510253882014447
1221.6,0.63232418871642
1221.7,0.607910127376029
1221.8,0.63232418871642
1221.9,0.192871084589326
1222,0.681152311397207
1222.1,0.53466794335484
1222.2,0.0219726552065623
1222.3,0.607910127376026
1222.4,0.485839820674059
1222.5,1.04736323150312
1222.6,1.24267572222628
1222.7,0.998535108822335
1222.8,0.900878863460754
1222.9,0.876464802120363
1223,0.0463867165469594
1223.1,0.0463867165469566
1223.2,0.0219726552065652
1223.3,0.803222618099183
1223.4,0.92529292480115
1223.5,1.34033196758785
1223.6,0.876464802120363
1223.7,0.41259763665287
1223.8,0.68115231139721
1223.9,0.705566372737603
1224,0.656738250056812
1224.1,0.559082004695236
1224.2,1.04736323150312
1224.3,0.900878863460757
1224.4,1.34033196758785
1224.5,1.38916009026864
1224.6,1.1450194768647
1224.7,1.09619135418391
1224.8,0.974121047481943
1224.9,0.58349606603563
1225,0.290527329950902
1225.1,1.04736323150312
1225.2,1.92626943975732
1225.3,1.51123039697061
1225.4,0.144042961908541
1225.5,0.241699207270113
1225.6,0.729980434077999
1225.7,0.0708007778873551
1225.8,0.217285145929718
1225.9,0.94970698614155
1226,1.31591790624746
1226.1,0.852050740779967
1226.2,0.437011697993266
1226.3,0.534667943354847
1226.4,1.12060541552431
1226.5,1.04736323150313
1226.6,0.168457023248932
1226.7,-0.0268554674742248
1226.8,0.0463867165469594
1226.9,0.339355452631688
1227,0.38818357531248
1227.1,1.12060541552431
1227.2,1.1450194768647
1227.3,0.998535108822337
1227.4,0.925292924801155
1227.5,0.803222618099178
1227.6,0.656738250056813
1227.7,0.583496066035636
1227.8,0.46142575933366
1227.9,0.949706986141545
1228,0.827636679439576
1228.1,0.363769513972085
1228.2,0.852050740779971
1228.3,1.21826166088588
1228.4,0.778808556758784
1228.5,0.437011697993268
1228.6,0.778808556758784
1228.7,1.02294917016273
1228.8,0.827636679439576
1228.9,0.900878863460757
1229,0.778808556758786
1229.1,0.388183575312479
1229.2,-0.0756835901550133
1229.3,-0.295410142218562
1229.4,0.437011697993268
1229.5,0.583496066035632
1229.6,0.681152311397207
1229.7,0.388183575312478
1229.8,0.656738250056817
1229.9,0.632324188716421
1230,0.266113268610509
1230.1,0.729980434077996
1230.2,1.36474602892825
1230.3,0.534667943354842
1230.4,-0.148925774176195
1230.5,0.363769513972085
1230.6,0.412597636652875
1230.7,0.119628900568139
1230.8,-0.148925774176196
1230.9,0.0463867165469566
1231,0.632324188716417
1231.1,0.33935545263169
1231.2,0.461425759333662
1231.3,0.485839820674059
1231.4,-0.0268554674742262
1231.5,0.0952148392277479
1231.6,0.656738250056814
1231.7,-0.0756835901550161
1231.8,0.0708007778873565
1231.9,-0.100097651495409
1232,-0.0268554674742276
1232.1,0.290527329950903
1232.2,0.412597636652873
1232.3,0.80322261809918
1232.4,0.583496066035632
1232.5,0.241699207270115
1232.6,0.119628900568141
1232.7,0.046386716546958
1232.8,0.388183575312479
1232.9,0.729980434077997
1233,0.63232418871642
1233.1,0.705566372737606
1233.2,0.55908200469524
1233.3,0.729980434077996
1233.4,0.681152311397207
1233.5,-0.0756835901550133
1233.6,0.412597636652873
1233.7,0.998535108822333
1233.8,0.681152311397211
1233.9,0.681152311397209
1234,0.461425759333659
1234.1,0.53466794335484
1234.2,-0.0268554674742234
1234.3,-0.10009765149541
1234.4,-0.148925774176196
1234.5,0.510253882014449
1234.6,0.63232418871642
1234.7,0.485839820674056
1234.8,-0.0268554674742191
1234.9,-0.686035123664867
1235,0.0219726552065637
1235.1,0.803222618099176
1235.2,0.754394495418391
1235.3,0.217285145929716
1235.4,0.583496066035633
1235.5,0.339355452631689
1235.6,0.290527329950899
1235.7,0.437011697993266
1235.8,0.119628900568141
1235.9,0.388183575312479
1236,0.241699207270111
1236.1,-0.0756835901550175
1236.2,0.0952148392277493
1236.3,0.388183575312479
1236.4,-0.148925774176196
1236.5,0.266113268610505
1236.6,0.437011697993263
1236.7,0.241699207270111
1236.8,0.485839820674053
1236.9,-0.026855467474229
1237,-0.246582019537775
1237.1,0.534667943354843
1237.2,1.12060541552431
1237.3,0.85205074077997
1237.4,-0.075683590155009
1237.5,0.607910127376026
1237.6,0.144042961908535
1237.7,-0.270996080878162
1237.8,0.144042961908538
1237.9,0.0708007778873494
1238,-0.0512695288146176
1238.1,0.0708007778873537
1238.2,0.119628900568142
1238.3,0.339355452631696
1238.4,0.0463867165469594
1238.5,-0.124511712835802
1238.6,-0.173339835516589
1238.7,0.144042961908536
1238.8,-1.05224604377079
1238.9,-0.295410142218564
1239,-0.0756835901550133
1239.1,0.192871084589322
1239.2,0.144042961908539
1239.3,-0.295410142218559
1239.4,0.852050740779973
1239.5,0.852050740779968
1239.6,0.559082004695236
1239.7,0.41259763665287
1239.8,-0.197753896856986
1239.9,-0.075683590155009
1240,0.437011697993266
1240.1,0.0708007778873551
1240.2,-0.588378878303294
1240.3,0.754394495418393
1240.4,0.705566372737606
1240.5,-0.00244140613383053
1240.6,-0.222167958197377
1240.7,-0.0512695288146205
1240.8,0.0708007778873508
1240.9,-0.00244140613383195
1241,-0.295410142218563
1241.1,-0.270996080878167
1241.2,0.290527329950902
1241.3,0.33935545263169
1241.4,-0.0512695288146205
1241.5,0.168457023248932
1241.6,0.0952148392277479
1241.7,0.290527329950898
1241.8,0.144042961908535
1241.9,0.266113268610506
1242,-0.173339835516592
1242.1,-0.686035123664871
1242.2,-1.44287102521709
1242.3,-1.12548822779196
1242.4,-0.393066387580134
1242.5,0.388183575312479
1242.6,0.51025388201445
1242.7,-0.270996080878169
1242.8,0.339355452631688
1242.9,0.266113268610506
1243,0.0219726552065609
1243.1,-0.0756835901550119
1243.2,-0.393066387580139
1243.3,0.144042961908534
1243.4,0.68115231139721
1243.5,0.437011697993269
1243.6,0.241699207270113
1243.7,0.0952148392277451
1243.8,-0.441894510260927
1243.9,-0.148925774176196
1244,-0.441894510260931
1244.1,0.314941391291295
1244.2,0.607910127376027
1244.3,-0.1245117128358
1244.4,-0.0024414061338291
1244.5,0.363769513972088
1244.6,0.290527329950902
1244.7,0.021972655206568
1244.8,-0.270996080878169
1244.9,0.46142575933366
1245,0.241699207270113
1245.1,-0.29541014221856
1245.2,0.0708007778873537
1245.3,0.168457023248928
1245.4,0.119628900568141
1245.5,0.119628900568141
1245.6,0.681152311397209
1245.7,0.534667943354846
1245.8,-0.24658201953777
1245.9,-0.0756835901550147
1246,0.168457023248928
1246.1,0.363769513972083
1246.2,0.437011697993268
1246.3,0.412597636652872
1246.4,0.632324188716419
1246.5,0.656738250056816
1246.6,0.2905273299509
1246.7,0.46142575933366
1246.8,0.534667943354849
1246.9,0.217285145929715
1247,0.0219726552065666
1247.1,0.461425759333657
1247.2,0.168457023248929
1247.3,-0.295410142218559
1247.4,0.681152311397211
1247.5,0.63232418871642
1247.6,0.559082004695239
1247.7,0.534667943354842
1247.8,0.485839820674056
1247.9,0.241699207270115
1248,0.80322261809918
1248.1,0.363769513972085
1248.2,0.168457023248929
1248.3,0.144042961908539
1248.4,0.266113268610508
1248.5,-0.00244140613383053
1248.6,0.534667943354844
1248.7,-0.246582019537773
1248.8,0.0952148392277451
1248.9,0.217285145929719
1249,-0.954589798409205
1249.1,-1.07666010511118
1249.2,-0.515136694282111
1249.3,-1.14990228913236
1249.4,-0.490722632941714
1249.5,0.217285145929721
1249.6,0.241699207270112
1249.7,-0.148925774176199
1249.8,-0.759277307686054
1249.9,-0.686035123664868
1250,0.0463867165469566
1250.1,0.119628900568142
1250.2,-0.124511712835799
1250.3,-0.417480448920536
1250.4,-0.148925774176195
1250.5,-0.441894510260926
1250.6,-0.368652326239747
1250.7,0.144042961908536
1250.8,0.290527329950899
1250.9,-0.100097651495405
1251,-0.24658201953777
1251.1,0.168457023248934
1251.2,1.19384759954549
1251.3,0.803222618099183
1251.4,-0.319824203558954
1251.5,-0.344238264899351
1251.6,0.388183575312479
1251.7,0.632324188716421
1251.8,-0.0268554674742234
1251.9,-0.441894510260926
1252,-0.00244140613383053
1252.1,0.217285145929716
1252.2,0.63232418871642
1252.3,0.82763667943958
1252.4,0.46142575933366
1252.5,1.04736323150313
1252.6,0.65673825005682
1252.7,0.583496066035632
1252.8,0.046386716546958
1252.9,0.510253882014449
1253,0.827636679439577
1253.1,0.437011697993268
1253.2,0.388183575312486
1253.3,0.363769513972082
1253.4,-0.0512695288146219
1253.5,0.144042961908535
1253.6,0.534667943354843
1253.7,0.656738250056814
1253.8,0.168457023248935
1253.9,-0.0756835901550147
1254,0.192871084589324
1254.1,0.485839820674055
1254.2,0.485839820674053
1254.3,0.144042961908534
1254.4,0.534667943354843
1254.5,0.290527329950899
1254.6,-0.051269528814619
1254.7,0.339355452631688
1254.8,-0.0756835901550133
1254.9,0.144042961908535
1255,0.949706986141545
1255.1,1.31591790624746
1255.2,1.1450194768647
1255.3,0.803222618099181
1255.4,0.607910127376026
1255.5,0.534667943354846
1255.6,-0.0512695288146205
1255.7,0.583496066035633
1255.8,0.998535108822334
1255.9,0.485839820674055
1256,0.705566372737601
1256.1,0.583496066035629
1256.2,0.021972655206568
1256.3,0.388183575312475
1256.4,0.485839820674057
1256.5,1.26708978356667
1256.6,1.21826166088588
1256.7,0.241699207270118
1256.8,0.485839820674055
1256.9,0.803222618099178
1257,0.217285145929722
1257.1,0.583496066035633
1257.2,0.534667943354843
1257.3,0.437011697993266
1257.4,0.168457023248928
1257.5,0.827636679439573
1257.6,1.24267572222628
1257.7,0.778808556758786
1257.8,0.192871084589324
1257.9,0.412597636652872
1258,0.77880855675879
1258.1,0.2905273299509
1258.2,-0.17333983551659
1258.3,0.241699207270113
1258.4,0.46142575933366
1258.5,0.60791012737603
1258.6,1.04736323150313
1258.7,0.778808556758786
1258.8,0.241699207270112
1258.9,0.510253882014449
1259,0.412597636652869
1259.1,0.36376951397208
1259.2,0.778808556758784
1259.3,0.363769513972082
1259.4,-0.051269528814619
1259.5,0.412597636652873
1259.6,0.998535108822333
1259.7,1.29150384490707
1259.8,0.803222618099178
1259.9,0.583496066035637
1260,0.559082004695239
1260.1,0.656738250056812
1260.2,0.925292924801153
1260.3,0.778808556758788
1260.4,0.0463867165469551
1260.5,-0.0756835901550147
1260.6,0.705566372737606
1260.7,0.876464802120363
1260.8,0.900878863460756
1260.9,0.192871084589321
1261,0.0219726552065652
1261.1,0.632324188716421
1261.2,0.559082004695236
1261.3,0.705566372737603
1261.4,0.68115231139721
1261.5,0.461425759333662
1261.6,1.04736323150313
1261.7,0.852050740779967
1261.8,0.119628900568142
1261.9,0.534667943354843
1262,0.485839820674056
1262.1,0.339355452631689
1262.2,0.339355452631689
1262.3,0.754394495418393
1262.4,0.803222618099181
1262.5,0.339355452631689
1262.6,0.3149413912913
1262.7,0.168457023248931
1262.8,0.583496066035633
1262.9,0.534667943354843
1263,0.290527329950902
1263.1,0.7055663727376
1263.2,0.632324188716421
1263.3,0.559082004695237
1263.4,0.046386716546958
1263.5,0.729980434077999
1263.6,0.656738250056816
1263.7,0.437011697993268
1263.8,0.900878863460756
1263.9,0.754394495418393
1264,0.705566372737604
1264.1,1.24267572222628
1264.2,0.87646480212036
1264.3,0.75439449541839
1264.4,0.705566372737609
1264.5,1.26708978356667
1264.6,0.63232418871642
1264.7,0.41259763665287
1264.8,1.48681633563022
1264.9,1.38916009026864
1265,0.583496066035634
1265.1,0.803222618099181
1265.2,0.607910127376027
1265.3,-0.00244140613382768
1265.4,0.314941391291296
1265.5,0.363769513972082
1265.6,0.729980434077997
1265.7,0.998535108822335
1265.8,0.998535108822335
1265.9,0.754394495418393
1266,0.949706986141548
1266.1,0.363769513972083
1266.2,-0.148925774176193
1266.3,0.144042961908534
1266.4,1.19384759954549
1266.5,0.705566372737606
1266.6,0.656738250056814
1266.7,0.949706986141553
1266.8,0.632324188716423
1266.9,1.26708978356667
1267,0.461425759333672
1267.1,0.607910127376032
1267.2,0.7055663727376
1267.3,0.949706986141544
1267.4,0.51025388201445
1267.5,1.29150384490707
1267.6,1.07177729284352
1267.7,0.705566372737601
1267.8,0.583496066035632
1267.9,0.58349606603563
1268,0.681152311397209
1268.1,0.900878863460758
1268.2,0.778808556758786
1268.3,0.80322261809918
1268.4,0.90087886346076
1268.5,0.705566372737609
1268.6,0.900878863460758
1268.7,0.681152311397211
1268.8,0.583496066035633
1268.9,0.705566372737604
1269,0.314941391291298
1269.1,0.778808556758788
1269.2,0.803222618099178
1269.3,0.534667943354843
1269.4,0.437011697993269
1269.5,0.168457023248932
1269.6,0.485839820674057
1269.7,0.729980434077999
1269.8,0.437011697993266
1269.9,0.876464802120365
1270,0.681152311397211
1270.1,0.607910127376027
1270.2,0.656738250056819
1270.3,0.729980434077996
1270.4,0.461425759333662
1270.5,0.949706986141551
1270.6,1.07177729284352
1270.7,0.314941391291295
1270.8,1.5844725809918
1270.9,2.4145506665652
1271,1.41357415160904
1271.1,0.852050740779974
1271.2,-0.0024414061338291
1271.3,0.0952148392277479
1271.4,0.754394495418396
1271.5,1.21826166088589
1271.6,1.04736323150312
1271.7,0.656738250056823
1271.8,1.36474602892825
1271.9,1.1694335382051
1272,0.412597636652873
1272.1,0.681152311397207
1272.2,0.53466794335485
1272.3,0.998535108822335
1272.4,0.90087886346076
1272.5,0.510253882014452
1272.6,-0.051269528814619
1272.7,0.266113268610506
1272.8,0.534667943354844
1272.9,0.412597636652873
1273,0.241699207270115
1273.1,0.925292924801151
1273.2,0.363769513972082
1273.3,0.314941391291293
1273.4,0.803222618099183
1273.5,0.705566372737603
1273.6,0.80322261809918
1273.7,0.388183575312478
1273.8,0.192871084589325
1273.9,0.656738250056816
1274,0.388183575312478
1274.1,1.26708978356667
1274.2,1.29150384490707
1274.3,0.607910127376027
1274.4,0.534667943354846
1274.5,0.803222618099181
1274.6,0.827636679439574
1274.7,0.998535108822334
1274.8,1.09619135418391
1274.9,1.41357415160904
1275,0.754394495418389
1275.1,0.38818357531248
1275.2,-0.051269528814619
1275.3,0.461425759333659
1275.4,1.36474602892825
1275.5,1.31591790624746
1275.6,0.2905273299509
1275.7,0.290527329950899
1275.8,0.314941391291295
1275.9,0.583496066035632
1276,1.09619135418391
1276.1,0.778808556758786
1276.2,0.681152311397209
1276.3,0.803222618099184
1276.4,0.217285145929721
1276.5,0.510253882014449
1276.6,0.437011697993263
1276.7,0.510253882014449
1276.8,0.534667943354844
1276.9,0.705566372737604
1277,0.852050740779968
1277.1,0.778808556758786
1277.2,0.0708007778873537
1277.3,0.266113268610505
1277.4,0.412597636652875
1277.5,0.632324188716421
1277.6,0.192871084589325
1277.7,0.656738250056814
1277.8,0.729980434077997
1277.9,0.485839820674055
1278,1.09619135418391
1278.1,1.04736323150312
1278.2,0.70556637273761
1278.3,0.583496066035634
1278.4,0.412597636652875
1278.5,0.119628900568142
1278.6,0.705566372737607
1278.7,1.02294917016273
1278.8,0.583496066035632
1278.9,-0.075683590155009
1279,0.729980434077999
1279.1,0.68115231139721
1279.2,0.754394495418393
1279.3,0.852050740779967
1279.4,0.0952148392277437
1279.5,0.583496066035632
1279.6,0.754394495418394
1279.7,0.63232418871642
1279.8,0.534667943354846
1279.9,0.681152311397211
1280,0.754394495418391
1280.1,0.046386716546958
1280.2,0.461425759333665
1280.3,0.534667943354842
1280.4,0.681152311397211
1280.5,1.21826166088588
1280.6,0.681152311397213
1280.7,1.1206054155243
1280.8,0.705566372737606
1280.9,-0.075683590155009
1281,-0.00244140613383195
1281.1,0.729980434077997
1281.2,0.314941391291295
1281.3,0.168457023248928
1281.4,0.681152311397209
1281.5,0.314941391291296
1281.6,0.241699207270112
1281.7,0.168457023248938
1281.8,0.33935545263169
1281.9,0.656738250056814
1282,0.388183575312479
1282.1,0.63232418871642
1282.2,1.07177729284352
1282.3,0.656738250056822
1282.4,0.485839820674055
1282.5,0.363769513972082
1282.6,0.68115231139721
1282.7,0.437011697993268
1282.8,0.607910127376026
1282.9,0.241699207270115
1283,-0.100097651495408
1283.1,-0.100097651495408
1283.2,0.168457023248931
1283.3,0.80322261809918
1283.4,0.729980434077997
1283.5,-0.197753896856987
1283.6,-0.319824203558954
1283.7,0.144042961908536
1283.8,0.632324188716423
1283.9,0.510253882014449
1284,0.437011697993266
1284.1,-0.0024414061338291
1284.2,-0.368652326239743
1284.3,-0.051269528814619
1284.4,0.388183575312478
1284.5,-0.0268554674742248
1284.6,-0.29541014221856
1284.7,0.0708007778873537
1284.8,0.217285145929718
1284.9,0.0708007778873522
1285,0.0952148392277479
1285.1,-0.148925774176199
1285.2,0.0219726552065694
1285.3,0.0708007778873522
1285.4,0.0463867165469608
1285.5,-0.319824203558957
1285.6,0.0952148392277465
1285.7,0.607910127376027
1285.8,-0.197753896856983
1285.9,0.339355452631689
1286,0.217285145929719
1286.1,-0.466308571601319
1286.2,-0.41748044892053
1286.3,-0.246582019537772
1286.4,-0.148925774176195
1286.5,0.510253882014452
1286.6,0.607910127376029
1286.7,0.33935545263169
1286.8,-0.197753896856983
1286.9,-0.319824203558954
1287,0.266113268610511
1287.1,0.192871084589321
1287.2,-0.295410142218559
1287.3,-0.0512695288146219
1287.4,-0.173339835516587
1287.5,-0.466308571601321
1287.6,-0.197753896856982
1287.7,-0.515136694282107
1287.8,0.412597636652873
1287.9,0.33935545263169
1288,-0.197753896856986
1288.1,-0.0512695288146162
1288.2,-0.441894510260929
1288.3,-0.686035123664868
1288.4,-0.124511712835803
1288.5,-0.0756835901550119
1288.6,0.168457023248929
1288.7,-0.100097651495406
1288.8,-0.515136694282106
1288.9,-0.197753896856985
1289,0.266113268610506
1289.1,0.241699207270115
1289.2,-0.0756835901550133
1289.3,-0.490722632941716
1289.4,0.144042961908536
1289.5,0.217285145929718
1289.6,-0.222167958197382
1289.7,0.0708007778873522
1289.8,0.0708007778873551
1289.9,0.266113268610509
1290,0.217285145929718
1290.1,-0.270996080878167
1290.2,0.046386716546958
1290.3,0.241699207270115
1290.4,-0.0268554674742248
1290.5,-0.100097651495406
1290.6,0.046386716546958
1290.7,-0.0268554674742248
1290.8,0.510253882014452
1290.9,0.144042961908538
1291,-0.100097651495408
1291.1,-0.197753896856986
1291.2,-0.29541014221856
1291.3,-0.0756835901550133
1291.4,0.0708007778873494
1291.5,0.0708007778873537
1291.6,-0.466308571601319
1291.7,0.168457023248934
1291.8,0.144042961908534
1291.9,-0.905761675728418
1292,-0.417480448920533
1292.1,-0.270996080878166
1292.2,-0.661621062324477
1292.3,-0.246582019537775
1292.4,-0.124511712835803
1292.5,-0.63720700098408
1292.6,-0.295410142218563
1292.7,-0.368652326239743
1292.8,0.0952148392277479
1292.9,0.388183575312478
1293,-0.466308571601319
1293.1,-0.319824203558953
1293.2,0.46142575933366
1293.3,0.803222618099181
1293.4,-0.539550755622503
1293.5,-0.856933553047629
1293.6,0.144042961908534
1293.7,-0.00244140613383195
1293.8,-0.246582019537773
1293.9,-0.0024414061338291
1294,0.144042961908532
1294.1,-0.222167958197382
1294.2,0.217285145929715
1294.3,0.0708007778873522
1294.4,-0.417480448920533
1294.5,-0.0268554674742262
1294.6,-0.29541014221856
1294.7,-0.490722632941714
1294.8,0.168457023248928
1294.9,0.437011697993269
1295,-0.490722632941713
1295.1,-0.368652326239747
1295.2,-0.124511712835796
1295.3,0.68115231139721
1295.4,0.241699207270116
1295.5,-0.490722632941718
1295.6,-0.979003859749599
1295.7,0.0463867165469622
1295.8,-0.368652326239743
1295.9,-0.490722632941717
1296,-0.441894510260927
1296.1,-0.246582019537776
1296.2,0.144042961908535
1296.3,0.510253882014449
1296.4,-0.417480448920533
1296.5,-0.417480448920534
1296.6,-0.051269528814619
1296.7,-0.100097651495406
1296.8,-0.0756835901550133
1296.9,-0.197753896856986
1297,0.168457023248929
1297.1,-0.539550755622504
1297.2,-0.686035123664871
1297.3,-0.344238264899351
1297.4,-0.1245117128358
1297.5,0.803222618099181
1297.6,0.827636679439574
1297.7,0.510253882014452
1297.8,-0.075683590155009
1297.9,-0.0512695288146219
1298,0.119628900568145
1298.1,0.437011697993268
1298.2,0.388183575312478
1298.3,1.16943353820509
1298.4,0.827636679439576
1298.5,0.388183575312476
1298.6,0.266113268610505
1298.7,-0.051269528814619
1298.8,-0.148925774176195
1298.9,0.632324188716419
1299,0.656738250056814
1299.1,0.0708007778873537
1299.2,-0.124511712835803
1299.3,-0.0268554674742191
1299.4,0.41259763665288
1299.5,0.607910127376029
1299.6,-0.0756835901550104
1299.7,-0.0512695288146162
1299.8,-0.417480448920531
1299.9,-0.148925774176192
1300,0.192871084589328
1300.1,0.168457023248936
1300.2,-0.148925774176196
1300.3,0.0463867165469566
1300.4,0.412597636652873
1300.5,0.290527329950902
1300.6,0.0463867165469594
1300.7,-0.051269528814619
1300.8,0.192871084589322
1300.9,-0.222167958197376
1301,0.363769513972083
1301.1,0.217285145929716
1301.2,0.217285145929716
1301.3,0.754394495418389
1301.4,0.80322261809918
1301.5,-0.0268554674742262
1301.6,-0.051269528814619
1301.7,0.217285145929722
1301.8,-0.148925774176193
1301.9,0.0952148392277479
1302,0.70556637273761
1302.1,0.827636679439574
1302.2,0.119628900568142
1302.3,0.0463867165469608
1302.4,0.827636679439576
1302.5,0.607910127376026
1302.6,0.729980434077996
1302.7,0.241699207270111
1302.8,0.729980434077997
1302.9,0.534667943354843
1303,0.534667943354847
1303.1,0.0952148392277493
1303.2,1.02294917016273
1303.3,0.754394495418393
1303.4,0.314941391291293
1303.5,0.314941391291293
1303.6,0.583496066035632
1303.7,0.681152311397209
1303.8,0.241699207270112
1303.9,0.51025388201445
1304,1.07177729284352
1304.1,1.26708978356667
1304.2,0.974121047481941
1304.3,-0.0268554674742248
1304.4,-0.270996080878169
1304.5,0.0952148392277451
1304.6,0.388183575312478
1304.7,0.46142575933366
1304.8,0.632324188716417
1304.9,0.63232418871642
1305,0.339355452631688
1305.1,0.437011697993265
1305.2,0.974121047481941
1305.3,0.778808556758783
1305.4,1.12060541552431
1305.5,1.1694335382051
1305.6,0.876464802120364
1305.7,0.925292924801153
1305.8,0.46142575933366
1305.9,1.07177729284352
1306,1.04736323150312
1306.1,1.36474602892825
1306.2,0.681152311397209
1306.3,0.437011697993268
1306.4,0.192871084589324
1306.5,0.729980434077997
1306.6,1.1694335382051
1306.7,0.607910127376026
1306.8,0.144042961908532
1306.9,0.437011697993269
1307,0.437011697993268
1307.1,0.3149413912913
1307.2,0.656738250056814
1307.3,0.60791012737603
1307.4,0.168457023248931
1307.5,0.998535108822335
1307.6,1.26708978356667
1307.7,0.998535108822334
1307.8,0.705566372737601
1307.9,0.754394495418397
1308,0.925292924801153
1308.1,0.85205074077997
1308.2,0.778808556758786
1308.3,0.363769513972085
1308.4,0.705566372737603
1308.5,0.705566372737607
1308.6,1.21826166088589
1308.7,0.607910127376024
1308.8,0.583496066035636
1308.9,0.168457023248931
1309,0.412597636652873
1309.1,0.534667943354843
1309.2,1.09619135418391
1309.3,0.876464802120361
1309.4,0.632324188716419
1309.5,0.754394495418394
1309.6,0.705566372737604
1309.7,0.900878863460756
1309.8,0.803222618099181
1309.9,0.388183575312483
1310,1.04736323150312
1310.1,0.900878863460756
1310.2,0.412597636652872
1310.3,0.461425759333657
1310.4,0.241699207270109
1310.5,0.705566372737603
1310.6,0.900878863460757
1310.7,0.729980434077994
1310.8,0.607910127376024
1310.9,0.681152311397209
1311,0.41259763665287
1311.1,0.412597636652872
1311.2,1.53564445831101
1311.3,1.1450194768647
1311.4,0.51025388201445
1311.5,1.1206054155243
1311.6,1.75537101037456
1311.7,1.29150384490707
1311.8,0.852050740779971
1311.9,0.80322261809918
1312,0.192871084589329
1312.1,0.827636679439576
1312.2,0.876464802120364
1312.3,1.04736323150313
1312.4,1.24267572222628
1312.5,1.04736323150312
1312.6,1.19384759954549
1312.7,1.6088866423322
1312.8,1.1450194768647
1312.9,0.388183575312478
1313,0.803222618099187
1313.1,0.90087886346076
1313.2,0.974121047481937
1313.3,0.998535108822333
1313.4,0.925292924801151
1313.5,0.949706986141547
1313.6,1.34033196758786
1313.7,0.58349606603563
1313.8,0.827636679439574
1313.9,0.827636679439574
1314,0.607910127376026
1314.1,0.63232418871642
1314.2,1.53564445831101
1314.3,0.412597636652875
1314.4,0.144042961908534
1314.5,1.29150384490707
1314.6,1.70654288769377
1314.7,1.43798821294943
1314.8,1.02294917016273
1314.9,0.241699207270119
1315,0.68115231139721
1315.1,1.29150384490707
1315.2,0.0708007778873522
1315.3,0.217285145929716
1315.4,0.583496066035637
1315.5,0.705566372737603
1315.6,0.559082004695237
1315.7,0.705566372737603
1315.8,0.485839820674055
1315.9,0.363769513972083
1316,-0.31982420355896
1316.1,0.68115231139721
1316.2,0.852050740779968
1316.3,0.632324188716419
1316.4,0.754394495418394
1316.5,0.192871084589322
1316.6,0.241699207270113
1316.7,0.998535108822335
1316.8,0.729980434077996
1316.9,-0.148925774176197
1317,-0.417480448920531
1317.1,0.0952148392277465
1317.2,0.363769513972085
1317.3,0.510253882014447
1317.4,-0.441894510260929
1317.5,-0.295410142218566
1317.6,0.827636679439574
1317.7,0.36376951397208
1317.8,0.192871084589325
1317.9,0.266113268610505
1318,0.461425759333662
1318.1,-0.100097651495405
1318.2,-0.441894510260926
1318.3,-0.0756835901550147
1318.4,0.0219726552065623
1318.5,0.485839820674052
1318.6,0.339355452631689
1318.7,0.852050740779967
1318.8,1.31591790624746
1318.9,0.632324188716423
1319,0.461425759333662
1319.1,0.729980434077996
1319.2,1.1694335382051
1319.3,1.04736323150312
1319.4,0.192871084589325
1319.5,-0.22216795819738
1319.6,-0.319824203558956
1319.7,-0.0756835901550147
1319.8,-0.222167958197377
1319.9,-0.0512695288146205
1320,-0.246582019537773
1320.1,-0.295410142218564
1320.2,-0.319824203558957
1320.3,0.510253882014449
1320.4,0.559082004695236
1320.5,0.266113268610505
1320.6,0.046386716546958
1320.7,0.339355452631689
1320.8,0.583496066035632
1320.9,0.144042961908536
1321,-0.246582019537775
1321.1,-0.197753896856983
1321.2,-0.612792939643687
1321.3,0.0463867165469551
1321.4,0.0463867165469608
1321.5,0.339355452631688
1321.6,0.46142575933366
1321.7,0.266113268610509
1321.8,0.461425759333659
1321.9,0.97412104748194
1322,1.12060541552431
1322.1,0.314941391291296
1322.2,0.290527329950902
1322.3,0.046386716546958
1322.4,0.241699207270112
1322.5,0.217285145929719
1322.6,0.168457023248928
1322.7,0.217285145929718
1322.8,0.559082004695236
1322.9,0.192871084589326
1323,0.192871084589322
1323.1,0.41259763665287
1323.2,-0.0756835901550161
1323.3,0.0952148392277508
1323.4,-0.051269528814619
1323.5,0.0463867165469594
1323.6,0.97412104748194
1323.7,0.998535108822333
1323.8,0.534667943354844
1323.9,0.583496066035636
1324,0.119628900568138
1324.1,0.925292924801151
1324.2,0.510253882014446
1324.3,0.339355452631689
1324.4,-0.0268554674742262
1324.5,0.681152311397207
1324.6,1.38916009026864
1324.7,1.1450194768647
1324.8,0.363769513972083
1324.9,0.80322261809918
1325,0.803222618099183
1325.1,0.876464802120363
1325.2,1.29150384490707
1325.3,0.925292924801151
1325.4,0.41259763665287
1325.5,0.876464802120363
1325.6,0.192871084589322
1325.7,0.290527329950899
1325.8,0.314941391291293
1325.9,0.119628900568142
1326,0.437011697993266
1326.1,0.803222618099183
1326.2,0.7055663727376
1326.3,0.852050740779971
1326.4,1.1694335382051
1326.5,0.876464802120363
1326.6,1.1694335382051
1326.7,1.48681633563022
1326.8,0.80322261809918
1326.9,0.119628900568141
1327,0.827636679439576
1327.1,0.925292924801153
1327.2,0.876464802120364
1327.3,0.485839820674056
1327.4,0.656738250056816
1327.5,1.07177729284352
1327.6,0.998535108822331
1327.7,0.607910127376027
1327.8,0.290527329950903
1327.9,0.974121047481938
1328,0.949706986141547
1328.1,0.656738250056814
1328.2,1.43798821294943
1328.3,1.36474602892825
1328.4,0.607910127376026
1328.5,0.87646480212036
1328.6,1.1450194768647
1328.7,1.21826166088588
1328.8,1.12060541552431
1328.9,0.92529292480115
1329,0.949706986141547
1329.1,1.1206054155243
1329.2,0.681152311397207
1329.3,0.803222618099178
1329.4,0.998535108822334
1329.5,0.852050740779968
1329.6,0.58349606603563
1329.7,0.607910127376029
1329.8,1.02294917016273
1329.9,1.1694335382051
1330,0.192871084589322
1330.1,0.0463867165469566
1330.2,1.02294917016273
1330.3,0.656738250056816
1330.4,0.144042961908534
1330.5,0.0952148392277451
1330.6,0.632324188716419
1330.7,0.852050740779968
1330.8,1.21826166088588
1330.9,1.21826166088589
1331,1.12060541552431
1331.1,1.07177729284352
1331.2,0.363769513972085
1331.3,0.0219726552065623
1331.4,0.266113268610506
1331.5,0.266113268610503
1331.6,-0.197753896856986
1331.7,0.168457023248926
1331.8,0.363769513972085
1331.9,0.339355452631686
1332,0.363769513972083
1332.1,0.876464802120361
1332.2,0.778808556758786
1332.3,0.729980434077997
1332.4,0.925292924801151
1332.5,0.485839820674055
1332.6,0.363769513972083
1332.7,0.949706986141545
1332.8,0.876464802120365
1332.9,0.2905273299509
1333,0.876464802120371
1333.1,0.314941391291295
1333.2,0.0952148392277465
1333.3,0.510253882014452
1333.4,0.656738250056814
1333.5,0.0952148392277451
1333.6,0.217285145929716
1333.7,0.510253882014453
1333.8,0.48583982067405
1333.9,0.119628900568139
1334,0.388183575312479
1334.1,0.437011697993266
1334.2,-0.124511712835802
1334.3,-0.0756835901550161
1334.4,0.607910127376024
1334.5,0.314941391291293
1334.6,0.876464802120364
1334.7,1.26708978356667
1334.8,-0.0512695288146205
1334.9,0.0219726552065637
1335,0.852050740779968
1335.1,0.266113268610505
1335.2,-0.295410142218564
1335.3,-0.124511712835803
1335.4,0.168457023248928
1335.5,0.485839820674055
1335.6,-0.051269528814619
1335.7,-0.319824203558954
1335.8,0.485839820674053
1335.9,0.827636679439576
1336,-0.0756835901550133
1336.1,-0.0512695288146233
1336.2,0.339355452631689
1336.3,0.046386716546958
1336.4,0.241699207270112
1336.5,0.58349606603563
1336.6,0.0463867165469594
1336.7,-0.197753896856985
1336.8,0.388183575312483
1336.9,0.192871084589322
1337,0.339355452631689
1337.1,0.949706986141547
1337.2,1.36474602892825
1337.3,0.0952148392277493
1337.4,0.144042961908535
1337.5,0.41259763665287
1337.6,0.778808556758787
1337.7,0.53466794335484
1337.8,-0.051269528814619
1337.9,0.217285145929718
1338,0.339355452631689
1338.1,0.388183575312479
1338.2,0.534667943354844
1338.3,0.217285145929716
1338.4,0.0463867165469594
1338.5,0.192871084589324
1338.6,0.827636679439578
1338.7,0.119628900568139
1338.8,0.046386716546958
1338.9,0.729980434077999
1339,0.827636679439574
1339.1,0.119628900568142
1339.2,0.0708007778873522
1339.3,0.33935545263169
1339.4,0.363769513972086
1339.5,0.192871084589322
1339.6,0.778808556758787
1339.7,0.754394495418391
1339.8,0.339355452631689
1339.9,0.290527329950905
1340,0.144042961908535
1340.1,0.461425759333659
1340.2,0.437011697993268
1340.3,0.485839820674056
1340.4,0.266113268610508
1340.5,0.559082004695236
1340.6,0.168457023248932
1340.7,0.534667943354846
1340.8,0.705566372737603
1340.9,0.559082004695237
1341,0.314941391291296
1341.1,0.583496066035632
1341.2,0.144042961908535
1341.3,0.778808556758784
1341.4,0.388183575312478
1341.5,-0.00244140613383195
1341.6,-0.0512695288146205
1341.7,-0.124511712835803
1341.8,-0.246582019537772
1341.9,-0.270996080878169
1342,-0.197753896856983
1342.1,-0.100097651495405
1342.2,0.0219726552065623
1342.3,0.266113268610505
1342.4,0.656738250056816
1342.5,0.168457023248931
1342.6,-0.588378878303291
1342.7,-0.63720700098408
1342.8,0.168457023248929
1342.9,0.559082004695242
1343,0.729980434077994
1343.1,0.314941391291296
1343.2,0.0708007778873522
1343.3,0.168457023248928
1343.4,-0.197753896856983
1343.5,0.2905273299509
1343.6,0.55908200469524
1343.7,0.534667943354847
1343.8,1.07177729284352
1343.9,1.19384759954549
1344,0.339355452631686
1344.1,0.266113268610505
1344.2,0.046386716546958
1344.3,-0.0268554674742248
1344.4,-0.0268554674742248
1344.5,0.168457023248929
1344.6,0.559082004695237
1344.7,0.510253882014453
1344.8,0.217285145929719
1344.9,-0.124511712835802
1345,-0.759277307686048
1345.1,-0.0756835901550119
1345.2,-0.00244140613383195
1345.3,-0.270996080878167
1345.4,0.192871084589328
1345.5,0.485839820674057
1345.6,0.168457023248932
1345.7,-0.0512695288146205
1345.8,0.119628900568142
1345.9,-0.80810543036684
1346,-0.319824203558956
1346.1,-0.31982420355895
1346.2,-0.368652326239746
1346.3,0.144042961908539
1346.4,0.656738250056816
1346.5,0.046386716546958
1346.6,-0.515136694282113
1346.7,-0.563964816962901
1346.8,0.168457023248926
1346.9,0.607910127376026
1347,-0.466308571601319
1347.1,-0.954589798409206
1347.2,0.314941391291292
1347.3,0.388183575312478
1347.4,0.266113268610506
1347.5,-0.0512695288146205
1347.6,0.046386716546958
1347.7,-0.368652326239747
1347.8,0.0952148392277451
1347.9,-0.22216795819738
1348,-0.270996080878167
1348.1,-0.5395507556225
1348.2,-0.539550755622506
1348.3,-0.0756835901550147
1348.4,0.339355452631689
1348.5,-0.0756835901550104
1348.6,-0.173339835516589
1348.7,0.119628900568139
1348.8,-0.0024414061338291
1348.9,-0.197753896856985
1349,0.559082004695239
1349.1,0.0952148392277479
1349.2,-0.612792939643688
1349.3,-0.17333983551659
1349.4,0.339355452631689
1349.5,0.266113268610505
1349.6,0.0708007778873508
1349.7,0.119628900568142
1349.8,-0.270996080878162
1349.9,-0.246582019537772
1350,-0.661621062324477
1350.1,-0.0512695288146205
1350.2,0.339355452631688
1350.3,0.2905273299509
1350.4,0.119628900568139
1350.5,-0.0512695288146176
1350.6,0.0219726552065609
1350.7,-0.124511712835799
1350.8,-0.0268554674742262
1350.9,-0.0268554674742276
1351,-0.270996080878167
1351.1,-0.979003859749601
1351.2,-0.39306638758014
1351.3,-0.100097651495409
1351.4,-0.441894510260926
1351.5,-0.222167958197375
1351.6,-0.612792939643687
1351.7,0.119628900568141
1351.8,0.290527329950902
1351.9,-0.173339835516586
1352,-0.100097651495409
1352.1,0.339355452631688
1352.2,0.290527329950899
1352.3,-0.222167958197377
1352.4,-0.539550755622504
1352.5,-0.441894510260924
1352.6,-0.5639648169629
1352.7,-0.661621062324475
1352.8,-0.148925774176195
1352.9,-0.368652326239746
1353,-0.661621062324477
1353.1,-0.539550755622501
1353.2,0.0463867165469622
1353.3,-0.51513669428211
1353.4,-0.368652326239747
1353.5,-0.393066387580139
1353.6,-0.17333983551659
1353.7,-0.39306638758014
1353.8,-0.5639648169629
1353.9,-0.759277307686058
1354,-0.368652326239747
1354.1,0.168457023248928
1354.2,0.412597636652873
1354.3,-0.490722632941709
1354.4,-0.832519491707234
1354.5,-0.417480448920534
1354.6,0.0952148392277465
1354.7,0.266113268610509
1354.8,-0.881347614388021
1354.9,-1.44287102521709
1355,-0.759277307686052
1355.1,-0.466308571601319
1355.2,0.241699207270111
1355.3,-0.197753896856986
1355.4,-1.00341792109
1355.5,-0.686035123664868
1355.6,-0.319824203558957
1355.7,0.0219726552065666
1355.8,0.168457023248932
1355.9,-0.75927730768605
1356,-0.466308571601323
1356.1,0.583496066035634
1356.2,0.241699207270113
1356.3,-0.490722632941717
1356.4,-0.539550755622506
1356.5,0.144042961908539
1356.6,0.388183575312479
1356.7,0.192871084589325
1356.8,-0.246582019537773
1356.9,-0.808105430366841
1357,-0.710449185005264
1357.1,-0.368652326239746
1357.2,-0.49072263294171
1357.3,-0.417480448920536
1357.4,-0.0268554674742262
1357.5,-0.295410142218563
1357.6,-0.148925774176197
1357.7,0.339355452631692
1357.8,0.0952148392277465
1357.9,-0.0268554674742262
1358,-0.148925774176197
1358.1,0.388183575312478
1358.2,0.192871084589324
1358.3,-0.222167958197379
1358.4,-0.148925774176199
1358.5,-0.0756835901550133
1358.6,-0.515136694282109
1358.7,-1.02783198243039
1358.8,-0.29541014221856
1358.9,-0.0268554674742248
1359,0.0708007778873508
1359.1,0.192871084589324
1359.2,0.266113268610509
1359.3,-0.197753896856986
1359.4,-0.441894510260926
1359.5,-0.39306638758014
1359.6,-0.124511712835802
1359.7,-0.00244140613383053
1359.8,-0.46630857160132
1359.9,-0.954589798409201
1360,0.119628900568142
1360.1,0.363769513972082
1360.2,-0.539550755622506
1360.3,-0.270996080878166
1360.4,-0.222167958197379
1360.5,-0.563964816962901
1360.6,-0.539550755622507
1360.7,-0.75927730768605
1360.8,0.0219726552065666
1360.9,0.778808556758788
1361,0.192871084589322
1361.1,-0.783691369026447
1361.2,-0.490722632941717
1361.3,0.119628900568139
1361.4,-0.319824203558956
1361.5,-0.148925774176197
1361.6,0.290527329950905
1361.7,0.0952148392277451
1361.8,0.412597636652873
1361.9,-0.051269528814619
1362,-0.173339835516592
1362.1,-0.173339835516593
1362.2,-0.344238264899347
1362.3,-0.0756835901550147
1362.4,0.119628900568139
1362.5,-0.0512695288146176
1362.6,-0.0756835901550133
1362.7,-0.124511712835802
1362.8,-0.0756835901550147
1362.9,-0.100097651495409
1363,-0.270996080878169
1363.1,-0.124511712835805
1363.2,-0.319824203558959
1363.3,-0.588378878303293
1363.4,0.217285145929719
1363.5,0.0219726552065652
1363.6,0.33935545263169
1363.7,0.0708007778873522
1363.8,0.0708007778873608
1363.9,-0.246582019537767
1364,-0.344238264899351
1364.1,0.119628900568139
1364.2,-0.270996080878165
1364.3,0.119628900568139
1364.4,0.559082004695243
1364.5,0.729980434077999
1364.6,0.656738250056817
1364.7,-0.0512695288146162
1364.8,-0.637207000984084
1364.9,-0.246582019537773
1365,0.778808556758788
1365.1,0.363769513972082
1365.2,0.119628900568141
1365.3,0.0952148392277493
1365.4,0.314941391291295
1365.5,0.583496066035632
1365.6,0.583496066035633
1365.7,-0.222167958197379
1365.8,0.217285145929719
1365.9,0.119628900568138
1366,-0.319824203558959
1366.1,-0.46630857160132
1366.2,0.36376951397208
1366.3,0.0952148392277451
1366.4,-0.39306638758014
1366.5,-0.515136694282111
1366.6,0.485839820674053
1366.7,0.705566372737604
1366.8,0.534667943354846
1366.9,0.314941391291295
1367,-0.0268554674742248
1367.1,-0.124511712835802
1367.2,0.0463867165469594
1367.3,0.437011697993268
1367.4,0.46142575933366
1367.5,0.41259763665287
1367.6,0.559082004695239
1367.7,0.0708007778873551
1367.8,0.0463867165469608
1367.9,0.534667943354842
1368,0.0219726552065652
1368.1,0.412597636652878
1368.2,0.46142575933366
1368.3,0.412597636652873
1368.4,0.534667943354847
1368.5,0.705566372737603
1368.6,-0.100097651495402
1368.7,0.0708007778873522
1368.8,0.168457023248928
1368.9,-0.0756835901550133
1369,-0.00244140613383195
1369.1,0.852050740779968
1369.2,1.19384759954549
1369.3,0.827636679439577
1369.4,0.461425759333657
1369.5,0.412597636652872
1369.6,0.363769513972089
1369.7,0.583496066035633
1369.8,0.729980434078001
1369.9,-0.441894510260926
1370,-0.368652326239746
1370.1,0.168457023248929
1370.2,0.144042961908536
1370.3,0.0708007778873551
1370.4,-0.100097651495405
1370.5,0.461425759333663
1370.6,0.388183575312479
1370.7,0.583496066035633
1370.8,0.46142575933366
1370.9,-0.222167958197379
1371,-0.17333983551659
1371.1,0.0952148392277465
1371.2,-0.783691369026447
1371.3,-0.5639648169629
1371.4,0.0463867165469551
1371.5,0.656738250056814
1371.6,-0.100097651495406
1371.7,0.266113268610509
1371.8,0.0708007778873551
1371.9,0.241699207270113
1372,0.85205074077997
1372.1,0.46142575933366
1372.2,-0.173339835516589
1372.3,0.119628900568144
1372.4,-0.0512695288146176
1372.5,0.583496066035633
1372.6,0.705566372737601
1372.7,0.217285145929715
1372.8,-0.490722632941717
1372.9,0.192871084589325
1373,-0.0756835901550119
1373.1,-0.100097651495406
1373.2,0.461425759333663
1373.3,0.583496066035632
1373.4,-0.100097651495405
1373.5,0.2905273299509
1373.6,0.217285145929718
1373.7,-0.295410142218564
1373.8,0.217285145929716
1373.9,0.510253882014447
1374,-0.39306638758014
1374.1,0.0952148392277465
1374.2,0.388183575312479
1374.3,-0.344238264899351
1374.4,-0.368652326239744
1374.5,0.534667943354842
1374.6,0.632324188716424
1374.7,-0.100097651495406
1374.8,-0.0268554674742248
1374.9,0.339355452631689
1375,0.0463867165469622
1375.1,0.0708007778873508
1375.2,0.119628900568141
1375.3,0.119628900568141
1375.4,-0.00244140613382768
1375.5,-0.0268554674742262
1375.6,0.217285145929719
1375.7,-0.0268554674742262
1375.8,0.168457023248928
1375.9,-0.295410142218563
1376,0.217285145929718
1376.1,0.559082004695235
1376.2,0.339355452631692
1376.3,-0.17333983551659
1376.4,-0.0512695288146205
1376.5,-0.124511712835799
1376.6,0.607910127376026
1376.7,0.388183575312478
1376.8,-0.44189451026093
1376.9,-0.710449185005263
1377,-0.00244140613383053
1377.1,0.681152311397209
1377.2,0.388183575312478
1377.3,0.339355452631693
1377.4,0.0952148392277451
1377.5,0.241699207270113
1377.6,0.510253882014446
1377.7,-0.417480448920536
1377.8,0.144042961908535
1377.9,0.388183575312483
1378,0.119628900568142
1378.1,0.119628900568142
1378.2,0.168457023248935
1378.3,0.2905273299509
1378.4,0.0463867165469551
1378.5,-0.197753896856983
1378.6,-0.759277307686051
1378.7,-0.222167958197377
1378.8,0.339355452631689
1378.9,0.217285145929721
1379,0.192871084589321
1379.1,0.168457023248929
1379.2,0.363769513972088
1379.3,0.119628900568142
1379.4,-0.22216795819738
1379.5,-0.881347614388021
1379.6,-0.661621062324473
1379.7,-0.270996080878167
1379.8,0.80322261809918
1379.9,0.705566372737603
1380,0.65673825005682
1380.1,0.0219726552065623
1380.2,0.314941391291298
1380.3,0.388183575312479
1380.4,0.192871084589328
1380.5,0.314941391291292
1380.6,0.314941391291292
1380.7,-0.19775389685698
1380.8,0.241699207270112
1380.9,0.290527329950903
1381,0.827636679439574
1381.1,0.778808556758786
1381.2,0.729980434078
1381.3,0.192871084589322
1381.4,0.266113268610508
1381.5,0.803222618099183
1381.6,0.705566372737601
1381.7,0.241699207270112
1381.8,0.485839820674056
1381.9,0.534667943354843
1382,0.437011697993268
1382.1,0.290527329950902
1382.2,0.900878863460754
1382.3,1.24267572222628
1382.4,0.754394495418393
1382.5,0.607910127376026
1382.6,0.314941391291292
1382.7,0.290527329950899
1382.8,-0.124511712835803
1382.9,0.266113268610506
1383,0.192871084589321
1383.1,-0.27099608087817
1383.2,0.0708007778873537
1383.3,0.705566372737607
1383.4,0.729980434077999
1383.5,0.168457023248928
1383.6,0.729980434077999
1383.7,0.778808556758784
1383.8,-0.051269528814619
1383.9,0.144042961908535
1384,1.1450194768647
1384.1,1.29150384490707
1384.2,0.827636679439577
1384.3,0.388183575312479
1384.4,0.241699207270112
1384.5,0.119628900568146
1384.6,0.583496066035633
1384.7,0.192871084589322
1384.8,0.681152311397209
1384.9,0.900878863460757
1385,1.21826166088588
1385.1,0.656738250056813
1385.2,1.07177729284352
1385.3,1.38916009026864
1385.4,0.754394495418391
1385.5,0.0463867165469566
1385.6,0.241699207270111
1385.7,0.583496066035633
1385.8,0.485839820674056
1385.9,0.461425759333657
1386,0.900878863460758
1386.1,1.02294917016273
1386.2,1.21826166088588
1386.3,1.04736323150313
1386.4,1.1694335382051
1386.5,0.974121047481941
1386.6,1.53564445831101
1386.7,0.876464802120364
1386.8,0.46142575933366
1386.9,1.16943353820509
1387,1.12060541552431
1387.1,0.827636679439577
1387.2,0.681152311397209
1387.3,0.75439449541839
1387.4,1.1450194768647
1387.5,1.36474602892825
1387.6,1.43798821294943
1387.7,1.68212882635337
1387.8,1.19384759954549
1387.9,0.656738250056814
1388,0.729980434078003
1388.1,0.778808556758786
1388.2,0.363769513972083
1388.3,0.559082004695242
1388.4,0.461425759333659
1388.5,0.461425759333659
1388.6,0.900878863460757
1388.7,0.998535108822335
1388.8,0.314941391291293
1388.9,0.485839820674056
1389,0.974121047481941
1389.1,0.388183575312479
1389.2,0.0219726552065652
1389.3,0.607910127376029
1389.4,0.168457023248929
1389.5,0.241699207270111
1389.6,0.75439449541839
1389.7,0.925292924801154
1389.8,0.852050740779968
1389.9,0.778808556758786
1390,0.339355452631689
1390.1,0.0952148392277465
1390.2,0.2905273299509
1390.3,0.559082004695237
1390.4,0.729980434077999
1390.5,1.29150384490707
1390.6,0.80322261809918
1390.7,0.485839820674056
1390.8,-0.124511712835802
1390.9,0.217285145929716
1391,0.266113268610508
1391.1,0.314941391291295
1391.2,0.339355452631689
1391.3,1.31591790624746
1391.4,0.900878863460761
1391.5,0.461425759333663
1391.6,0.485839820674056
1391.7,0.974121047481944
1391.8,0.607910127376026
1391.9,0.437011697993263
1392,0.510253882014453
1392.1,0.583496066035632
1392.2,0.925292924801153
1392.3,1.07177729284353
1392.4,0.534667943354842
1392.5,0.632324188716424
1392.6,0.656738250056817
1392.7,0.559082004695242
1392.8,0.974121047481941
1392.9,0.461425759333659
1393,0.144042961908535
1393.1,0.681152311397207
1393.2,0.900878863460756
1393.3,0.437011697993265
1393.4,0.80322261809918
1393.5,0.559082004695237
1393.6,0.314941391291296
1393.7,0.705566372737606
1393.8,0.852050740779973
1393.9,0.852050740779967
1394,0.852050740779968
1394.1,0.412597636652869
1394.2,0.534667943354844
1394.3,0.656738250056812
1394.4,0.729980434077997
1394.5,0.705566372737603
1394.6,1.07177729284352
1394.7,0.63232418871642
1394.8,0.559082004695239
1394.9,0.241699207270112
1395,-0.197753896856987
1395.1,0.0708007778873537
1395.2,0.437011697993266
1395.3,0.0708007778873508
1395.4,0.607910127376027
1395.5,1.1694335382051
1395.6,1.02294917016273
1395.7,0.949706986141545
1395.8,0.656738250056817
1395.9,0.266113268610508
1396,0.485839820674055
1396.1,-0.0756835901550133
1396.2,-0.0756835901550161
1396.3,0.119628900568142
1396.4,0.998535108822334
1396.5,0.90087886346076
1396.6,0.876464802120365
1396.7,0.729980434078003
1396.8,0.412597636652873
1396.9,0.339355452631689
1397,0.485839820674056
1397.1,0.339355452631689
1397.2,0.510253882014447
1397.3,1.26708978356667
1397.4,0.729980434077999
1397.5,0.241699207270116
1397.6,0.314941391291296
1397.7,0.412597636652869
1397.8,1.07177729284352
1397.9,0.974121047481945
1398,0.705566372737601
1398.1,0.0219726552065637
1398.2,0.363769513972085
1398.3,0.778808556758791
1398.4,0.729980434077997
1398.5,0.241699207270115
1398.6,-0.222167958197377
1398.7,0.876464802120364
1398.8,0.925292924801155
1398.9,0.363769513972085
1399,0.41259763665287
1399.1,0.803222618099181
1399.2,0.534667943354844
1399.3,0.607910127376026
1399.4,0.900878863460758
1399.5,0.510253882014452
1399.6,0.363769513972083
1399.7,0.485839820674055
1399.8,0.510253882014449
1399.9,0.217285145929715
1400,0.75439449541839
1400.1,0.729980434078
1400.2,0.266113268610503
1400.3,-0.00244140613382626
1400.4,0.192871084589322
1400.5,0.290527329950903
1400.6,0.632324188716421
1400.7,0.949706986141547
1400.8,0.485839820674057
1400.9,0.485839820674056
1401,0.607910127376026
1401.1,0.388183575312476
1401.2,0.925292924801151
1401.3,0.46142575933366
1401.4,0.168457023248932
1401.5,0.290527329950902
1401.6,0.266113268610509
1401.7,0.485839820674053
1401.8,-0.100097651495408
1401.9,1.02294917016273
1402,0.92529292480115
1402.1,0.339355452631688
1402.2,0.0708007778873522
1402.3,0.241699207270111
1402.4,0.388183575312476
1402.5,0.998535108822338
1402.6,0.754394495418391
1402.7,1.1694335382051
1402.8,0.314941391291293
1402.9,-0.00244140613383053
1403,-0.17333983551659
1403.1,0.485839820674053
1403.2,0.485839820674059
1403.3,0.290527329950906
1403.4,0.681152311397209
1403.5,0.974121047481941
1403.6,0.949706986141545
1403.7,0.778808556758787
1403.8,0.534667943354844
1403.9,0.388183575312478
1404,0.388183575312476
1404.1,0.192871084589326
1404.2,0.144042961908535
1404.3,0.485839820674057
1404.4,0.314941391291293
1404.5,0.852050740779968
1404.6,1.31591790624746
1404.7,0.632324188716421
1404.8,0.412597636652872
1404.9,0.192871084589324
1405,0.656738250056813
1405.1,1.29150384490707
1405.2,0.803222618099177
1405.3,0.266113268610508
1405.4,1.1206054155243
1405.5,0.876464802120361
1405.6,0.705566372737603
1405.7,0.607910127376024
1405.8,0.68115231139721
1405.9,0.852050740779966
1406,0.80322261809918
1406.1,0.607910127376026
1406.2,0.534667943354843
1406.3,0.778808556758783
1406.4,1.09619135418391
1406.5,1.29150384490707
1406.6,0.852050740779971
1406.7,1.34033196758785
1406.8,1.43798821294943
1406.9,0.827636679439581
1407,0.729980434077999
1407.1,0.437011697993265
1407.2,0.461425759333662
1407.3,0.583496066035633
1407.4,0.314941391291298
1407.5,0.80322261809918
1407.6,0.729980434077997
1407.7,0.974121047481938
1407.8,0.77880855675879
1407.9,0.607910127376027
1408,0.7055663727376
1408.1,0.314941391291293
1408.2,0.778808556758788
1408.3,0.583496066035632
1408.4,0.510253882014447
1408.5,0.925292924801153
1408.6,1.19384759954549
1408.7,0.681152311397213
1408.8,1.48681633563022
1408.9,0.998535108822334
1409,0.266113268610508
1409.1,0.656738250056813
1409.2,0.77880855675879
1409.3,1.26708978356667
1409.4,0.607910127376024
1409.5,0.241699207270113
1409.6,-0.148925774176197
1409.7,-0.0756835901550161
1409.8,0.510253882014447
1409.9,0.998535108822335
1410,0.949706986141545
1410.1,0.85205074077997
1410.2,0.754394495418391
1410.3,0.705566372737603
1410.4,0.705566372737604
1410.5,0.607910127376024
1410.6,0.58349606603563
1410.7,0.0463867165469594
1410.8,0.852050740779968
1410.9,1.12060541552431
1411,1.19384759954549
1411.1,-0.100097651495408
1411.2,-0.686035123664868
1411.3,-0.100097651495408
1411.4,0.314941391291295
1411.5,0.607910127376024
1411.6,0.314941391291299
1411.7,0.705566372737604
1411.8,0.559082004695236
1411.9,0.363769513972082
1412,0.119628900568139
1412.1,0.241699207270113
1412.2,0.119628900568141
1412.3,0.266113268610506
1412.4,0.192871084589329
1412.5,0.290527329950903
1412.6,0.510253882014447
1412.7,0.607910127376024
1412.8,-0.00244140613383053
1412.9,-0.0512695288146176
1413,0.0463867165469566
1413.1,0.632324188716423
1413.2,0.339355452631692
1413.3,0.705566372737603
1413.4,0.803222618099177
1413.5,0.266113268610511
1413.6,0.0219726552065637
1413.7,0.290527329950898
1413.8,0.437011697993268
1413.9,0.363769513972082
1414,0.290527329950899
1414.1,0.241699207270112
1414.2,-0.295410142218562
1414.3,0.363769513972085
1414.4,0.241699207270116
1414.5,-0.246582019537775
1414.6,0.0952148392277465
1414.7,0.290527329950905
1414.8,0.388183575312479
1414.9,0.119628900568142
1415,-0.10009765149541
1415.1,0.046386716546958
1415.2,0.437011697993265
1415.3,-0.222167958197377
1415.4,-0.881347614388025
1415.5,-0.319824203558957
1415.6,0.2905273299509
1415.7,0.510253882014447
1415.8,0.119628900568141
1415.9,0.412597636652873
1416,0.314941391291299
1416.1,0.0219726552065609
1416.2,0.119628900568139
1416.3,0.266113268610508
1416.4,0.55908200469524
1416.5,0.0708007778873508
1416.6,-0.539550755622503
1416.7,-0.00244140613383053
1416.8,0.559082004695237
1416.9,0.68115231139721
1417,-0.319824203558954
1417.1,-0.490722632941717
1417.2,-0.197753896856983
1417.3,-0.173339835516589
1417.4,-0.319824203558954
1417.5,0.144042961908535
1417.6,0.0463867165469566
1417.7,0.0219726552065666
1417.8,0.217285145929719
1417.9,-0.00244140613383195
1418,0.0708007778873508
1418.1,0.0463867165469594
1418.2,0.290527329950899
1418.3,-0.124511712835799
1418.4,0.0219726552065694
1418.5,-0.0268554674742248
1418.6,0.290527329950903
1418.7,0.241699207270113
1418.8,-0.539550755622504
1418.9,-0.344238264899347
1419,-0.393066387580139
1419.1,0.0708007778873508
1419.2,0.119628900568144
1419.3,-0.0756835901550119
1419.4,-0.051269528814619
1419.5,0.0952148392277451
1419.6,-0.393066387580136
1419.7,-0.759277307686054
1419.8,-0.100097651495409
1419.9,0.729980434077999
1420,0.0219726552065623
1420.1,0.0463867165469566
1420.2,0.681152311397207
1420.3,0.266113268610509
1420.4,-0.783691369026447
1420.5,-0.173339835516593
1420.6,-0.051269528814619
1420.7,0.58349606603563
1420.8,0.485839820674056
1420.9,-0.27099608087817
1421,-0.759277307686052
1421.1,0.0708007778873551
1421.2,0.485839820674053
1421.3,0.168457023248929
1421.4,-0.173339835516592
1421.5,-0.0756835901550133
1421.6,0.241699207270112
1421.7,0.119628900568139
1421.8,-0.17333983551659
1421.9,-0.197753896856986
1422,-0.0512695288146176
1422.1,-0.24658201953777
1422.2,-0.417480448920529
1422.3,-0.00244140613383195
1422.4,-0.0268554674742262
1422.5,-0.710449185005265
1422.6,-0.441894510260924
1422.7,0.0463867165469622
1422.8,-0.100097651495408
1422.9,-0.612792939643687
1423,-1.02783198243039
1423.1,-0.563964816962898
1423.2,-0.393066387580139
1423.3,0.51025388201445
1423.4,-0.124511712835803
1423.5,-0.783691369026445
1423.6,-0.222167958197379
1423.7,-0.856933553047627
1423.8,-0.515136694282113
1423.9,-0.124511712835805
1424,-0.124511712835798
1424.1,0.217285145929719
1424.2,-0.51513669428211
1424.3,-0.173339835516592
1424.4,-0.173339835516587
1424.5,-0.734863246345655
1424.6,0.0708007778873522
1424.7,0.314941391291295
1424.8,0.119628900568142
1424.9,-0.490722632941713
1425,-0.661621062324477
1425.1,-0.710449185005264
1425.2,-0.197753896856983
1425.3,-0.173339835516592
1425.4,0.241699207270116
1425.5,-0.00244140613383195
1425.6,-0.0756835901550119
1425.7,-0.051269528814619
1425.8,-1.07666010511118
1425.9,-0.783691369026444
1426,-0.0756835901550104
1426.1,0.144042961908535
1426.2,-0.563964816962898
1426.3,-0.832519491707235
1426.4,-0.661621062324474
1426.5,-0.63720700098408
1426.6,-0.1245117128358
1426.7,0.0463867165469594
1426.8,-0.686035123664871
1426.9,0.0708007778873537
1427,-0.344238264899349
1427.1,-0.661621062324477
1427.2,-0.00244140613383053
1427.3,-0.466308571601321
1427.4,-0.17333983551659
1427.5,0.144042961908539
1427.6,0.510253882014449
1427.7,-0.124511712835799
1427.8,-0.344238264899351
1427.9,-0.246582019537773
1428,-0.856933553047629
1428.1,-1.02783198243039
1428.2,-0.661621062324477
1428.3,-0.0756835901550119
1428.4,0.0463867165469566
1428.5,0.266113268610509
1428.6,0.876464802120367
1428.7,-0.515136694282107
1428.8,-0.515136694282113
1428.9,0.290527329950902
1429,0.119628900568145
1429.1,-0.368652326239744
1429.2,-0.393066387580139
1429.3,-0.441894510260929
1429.4,-0.319824203558957
1429.5,-0.368652326239747
1429.6,-0.441894510260923
1429.7,0.144042961908535
1429.8,-0.515136694282109
1429.9,-0.295410142218557
1430,0.241699207270115
1430.1,0.144042961908538
1430.2,0.632324188716421
1430.3,0.119628900568141
1430.4,-0.34423826489935
1430.5,-0.00244140613383195
1430.6,0.388183575312478
1430.7,0.192871084589325
1430.8,-0.29541014221856
1430.9,0.314941391291296
1431,-0.270996080878166
1431.1,0.119628900568141
1431.2,0.510253882014447
1431.3,0.68115231139721
1431.4,-0.197753896856986
1431.5,-0.441894510260929
1431.6,0.0463867165469594
1431.7,-0.124511712835802
1431.8,-0.051269528814619
1431.9,-0.00244140613383195
1432,0.461425759333663
1432.1,0.632324188716423
1432.2,0.534667943354847
1432.3,0.607910127376024
1432.4,1.12060541552431
1432.5,0.0463867165469551
1432.6,-0.295410142218562
1432.7,-0.441894510260927
1432.8,-0.0512695288146176
1432.9,0.705566372737603
1433,0.266113268610506
1433.1,-0.222167958197377
1433.2,0.363769513972083
1433.3,-0.31982420355895
1433.4,-1.07666010511118
1433.5,-0.490722632941714
1433.6,-0.148925774176193
1433.7,0.632324188716421
1433.8,0.656738250056817
1433.9,0.2905273299509
1434,0.192871084589329
1434.1,0.266113268610508
1434.2,0.0463867165469608
1434.3,0.266113268610505
1434.4,0.48583982067406
1434.5,0.241699207270112
1434.6,0.559082004695237
1434.7,0.241699207270112
1434.8,0.168457023248932
1434.9,0.534667943354843
1435,0.461425759333662
1435.1,0.998535108822334
1435.2,0.461425759333663
1435.3,0.510253882014449
1435.4,0.510253882014449
1435.5,0.266113268610508
1435.6,0.681152311397209
1435.7,0.192871084589322
1435.8,-0.148925774176195
1435.9,0.2905273299509
1436,-0.148925774176196
1436.1,-0.0512695288146176
1436.2,0.144042961908536
1436.3,0.241699207270112
1436.4,0.2905273299509
1436.5,-0.17333983551659
1436.6,-0.222167958197379
1436.7,0.217285145929723
1436.8,0.217285145929721
1436.9,0.0708007778873565
1437,-0.0268554674742248
1437.1,0.241699207270112
1437.2,0.168457023248931
1437.3,0.0219726552065652
1437.4,0.314941391291299
1437.5,0.510253882014449
1437.6,-0.124511712835802
1437.7,0.290527329950898
1437.8,0.925292924801151
1437.9,0.144042961908536
1438,0.144042961908534
1438.1,0.681152311397207
1438.2,0.217285145929718
1438.3,-0.124511712835803
1438.4,0.0952148392277465
1438.5,-0.441894510260929
1438.6,-0.00244140613383053
1438.7,-0.34423826489935
1438.8,0.0219726552065666
1438.9,-0.0268554674742262
1439,-0.197753896856986
1439.1,-0.00244140613382626
1439.2,0.339355452631689
1439.3,-0.00244140613383195
1439.4,-0.197753896856985
1439.5,0.217285145929718
1439.6,0.144042961908539
1439.7,-0.344238264899349
1439.8,-0.393066387580139
1439.9,-0.417480448920527
1440,-0.466308571601321
1440.1,-0.319824203558956
1440.2,-0.222167958197379
1440.3,-0.73486324634566
1440.4,-0.0756835901550161
1440.5,-0.441894510260926
1440.6,-0.979003859749602
1440.7,-0.197753896856983
1440.8,0.0219726552065623
1440.9,0.0708007778873551
1441,0.168457023248929
1441.1,-0.393066387580137
1441.2,-0.197753896856986
1441.3,0.705566372737604
1441.4,0.583496066035632
1441.5,0.0952148392277479
1441.6,-0.368652326239744
1441.7,-0.22216795819738
1441.8,-0.344238264899351
1441.9,0.3149413912913
1442,0.559082004695237
1442.1,0.2905273299509
1442.2,0.485839820674056
1442.3,0.217285145929719
1442.4,-0.41748044892053
1442.5,0.437011697993273
1442.6,0.97412104748194
1442.7,0.314941391291295
1442.8,0.217285145929718
1442.9,0.217285145929716
1443,0.241699207270111
1443.1,0.778808556758788
1443.2,0.900878863460757
1443.3,-0.539550755622506
1443.4,-0.563964816962898
1443.5,-0.222167958197373
1443.6,0.144042961908534
1443.7,0.0219726552065623
1443.8,-0.51513669428211
1443.9,0.0219726552065623
1444,0.0708007778873522
1444.1,0.0708007778873551
1444.2,-0.124511712835803
1444.3,-0.197753896856985
1444.4,-0.0512695288146205
1444.5,-0.344238264899353
1444.6,-0.661621062324474
1444.7,-0.368652326239744
1444.8,-0.270996080878167
1444.9,-0.246582019537775
1445,-0.319824203558957
1445.1,-0.5639648169629
1445.2,-0.197753896856985
1445.3,-0.173339835516587
1445.4,-0.612792939643688
1445.5,-0.368652326239744
1445.6,-0.393066387580141
1445.7,-0.68603512366487
1445.8,-0.319824203558954
1445.9,-0.00244140613383053
1446,-0.954589798409208
1446.1,-0.832519491707234
1446.2,-0.270996080878169
1446.3,-0.1245117128358
1446.4,-0.39306638758014
1446.5,-0.319824203558959
1446.6,-0.61279293964369
1446.7,-1.05224604377079
1446.8,-0.808105430366844
1446.9,-0.856933553047631
1447,-1.05224604377079
1447.1,-0.881347614388024
1447.2,-0.344238264899351
1447.3,-0.197753896856985
1447.4,-0.80810543036684
1447.5,-1.44287102521709
1447.6,-1.29638665717473
1447.7,-0.686035123664868
1447.8,-0.905761675728418
1447.9,-0.51513669428211
1448,-0.44189451026093
1448.1,-0.832519491707235
1448.2,-1.29638665717473
1448.3,-1.02783198243039
1448.4,-1.02783198243039
1448.5,-1.07666010511118
1448.6,-1.76025382264222
1448.7,-1.32080071851512
1448.8,-0.954589798409209
1448.9,-1.49169914789788
1449,-1.4184569638767
1449.1,-1.02783198243039
1449.2,-1.58935539325946
1449.3,-1.22314447315354
1449.4,-1.00341792109
1449.5,-0.808105430366841
1449.6,-0.661621062324477
1449.7,-1.12548822779196
1449.8,-1.10107416645157
1449.9,-1.05224604377079
1450,-1.63818351594025
1450.1,-1.29638665717473
1450.2,-0.759277307686051
1450.3,-0.588378878303293
1450.4,-0.34423826489935
1450.5,-0.319824203558956
1450.6,-1.32080071851512
1450.7,-0.905761675728419
1450.8,-1.22314447315354
1450.9,-1.4184569638767
1451,-1.05224604377078
1451.1,-1.12548822779197
1451.2,-0.930175737068817
1451.3,-0.612792939643688
1451.4,-0.173339835516592
1451.5,-0.490722632941713
1451.6,-0.466308571601317
1451.7,-0.539550755622501
1451.8,-0.856933553047631
1451.9,-0.930175737068817
1452,-0.539550755622503
1452.1,-0.441894510260929
1452.2,-1.19873041181315
1452.3,-1.14990228913236
1452.4,-0.490722632941716
1452.5,-1.05224604377078
1452.6,-1.05224604377078
1452.7,-0.563964816962898
1452.8,-0.881347614388022
1452.9,-0.539550755622506
1453,-0.197753896856986
1453.1,-0.246582019537773
1453.2,-0.368652326239746
1453.3,-0.759277307686051
1453.4,-1.27197259583433
1453.5,-1.34521477985552
1453.6,-0.734863246345658
1453.7,-0.0024414061338291
1453.8,-0.515136694282109
1453.9,-0.661621062324474
1454,-0.441894510260929
1454.1,-0.441894510260929
1454.2,-0.783691369026441
1454.3,-0.710449185005264
1454.4,-0.710449185005265
1454.5,-0.63720700098408
1454.6,-0.759277307686052
1454.7,-0.734863246345655
1454.8,-0.344238264899346
1454.9,-0.39306638758014
1455,-0.34423826489935
1455.1,-0.417480448920527
1455.2,-0.563964816962901
1455.3,-0.5639648169629
1455.4,-0.148925774176195
1455.5,-0.24658201953777
1455.6,-0.515136694282104
1455.7,-0.515136694282111
1455.8,-0.783691369026441
1455.9,-0.930175737068811
1456,-0.466308571601321
1456.1,-0.686035123664873
1456.2,-1.05224604377078
1456.3,-0.954589798409205
1456.4,-0.319824203558957
1456.5,-0.686035123664868
1456.6,-0.930175737068812
1456.7,-0.783691369026448
1456.8,-0.588378878303293
1456.9,-0.612792939643688
1457,-0.5639648169629
1457.1,-0.734863246345657
1457.2,-0.51513669428211
1457.3,-0.441894510260923
1457.4,-0.881347614388021
1457.5,-0.466308571601321
1457.6,-0.515136694282111
1457.7,-0.808105430366841
1457.8,-0.686035123664871
1457.9,-0.515136694282111
1458,-0.563964816962898
1458.1,-0.539550755622507
1458.2,-0.368652326239746
1458.3,-0.734863246345662
1458.4,-0.734863246345658
1458.5,-1.24755853449394
1458.6,-1.14990228913236
1458.7,-1.27197259583433
1458.8,-1.44287102521709
1458.9,-1.90673819068458
1459,-1.88232412934419
1459.1,-1.27197259583433
1459.2,-0.954589798409205
1459.3,-0.856933553047631
1459.4,-0.979003859749604
1459.5,-0.710449185005267
1459.6,-0.515136694282111
1459.7,-0.246582019537775
1459.8,-0.222167958197377
1459.9,-0.734863246345658
1460,-1.24755853449394
1460.1,-0.686035123664871
1460.2,-0.295410142218564
1460.3,-0.954589798409209
1460.4,-1.68701163862103
1460.5,-1.12548822779196
1460.6,-0.881347614388027
1460.7,-1.34521477985552
1460.8,-0.856933553047628
1460.9,-0.73486324634566
1461,-0.441894510260931
1461.1,-0.344238264899349
1461.2,-1.29638665717473
1461.3,-1.44287102521709
1461.4,-0.979003859749602
1461.5,-0.00244140613383195
1461.6,-0.808105430366841
1461.7,-1.68701163862103
1461.8,-1.19873041181315
1461.9,-0.905761675728418
1462,-0.808105430366842
1462.1,-0.905761675728422
1462.2,-0.930175737068814
1462.3,-0.612792939643683
1462.4,-0.832519491707237
1462.5,-0.124511712835802
1462.6,-0.588378878303294
1462.7,-1.27197259583434
1462.8,-0.44189451026093
1462.9,-0.173339835516589
1463,-0.539550755622506
1463.1,-0.759277307686052
1463.2,-0.686035123664865
1463.3,-0.588378878303293
1463.4,-0.710449185005267
1463.5,-0.563964816962903
1463.6,-0.22216795819738
1463.7,-0.148925774176199
1463.8,-0.759277307686054
1463.9,-0.832519491707235
1464,-0.368652326239746
1464.1,-0.637207000984083
1464.2,-0.710449185005268
1464.3,-1.22314447315355
1464.4,-0.73486324634566
1464.5,-0.881347614388025
1464.6,-1.71142569996143
1464.7,-0.856933553047632
1464.8,-0.979003859749602
1464.9,-1.10107416645158
1465,-0.905761675728418
1465.1,-1.22314447315355
1465.2,-0.881347614388024
1465.3,-0.930175737068814
1465.4,-1.22314447315355
1465.5,-1.27197259583433
1465.6,-1.44287102521709
1465.7,-1.46728508655749
1465.8,-1.22314447315354
1465.9,-0.856933553047631
1466,-1.02783198243039
1466.1,-1.32080071851512
1466.2,-1.32080071851512
1466.3,-1.19873041181315
1466.4,-0.734863246345662
1466.5,0.192871084589322
1466.6,-0.27099608087817
1466.7,-0.856933553047629
1466.8,-0.710449185005264
1466.9,-0.295410142218559
1467,-0.344238264899349
1467.1,-0.441894510260927
1467.2,-1.02783198243039
1467.3,-1.02783198243039
1467.4,-0.783691369026445
1467.5,-0.856933553047629
1467.6,-0.734863246345658
1467.7,-0.368652326239743
1467.8,-1.10107416645157
1467.9,-0.930175737068812
1468,-0.490722632941718
1468.1,-0.759277307686055
1468.2,-0.637207000984081
1468.3,-0.612792939643687
1468.4,-0.881347614388025
1468.5,-0.637207000984081
1468.6,-0.5395507556225
1468.7,-0.734863246345658
1468.8,-0.539550755622503
1468.9,-0.393066387580141
1469,-0.563964816962897
1469.1,-0.344238264899349
1469.2,-0.905761675728419
1469.3,-0.515136694282109
1469.4,-0.51513669428211
1469.5,-0.88134761438802
1469.6,-0.124511712835803
1469.7,-0.100097651495409
1469.8,-0.808105430366844
1469.9,-1.44287102521709
1470,-0.73486324634566
1470.1,-0.515136694282113
1470.2,-0.954589798409204
1470.3,-0.563964816962898
1470.4,-0.515136694282109
1470.5,-0.710449185005263
1470.6,0.0952148392277493
1470.7,-0.319824203558956
1470.8,-0.588378878303293
1470.9,-0.686035123664871
1471,-1.27197259583433
1471.1,-1.32080071851512
1471.2,-0.612792939643688
1471.3,-0.490722632941714
1471.4,-0.881347614388027
1471.5,0.119628900568141
1471.6,0.046386716546958
1471.7,-0.124511712835803
1471.8,-0.246582019537773
1471.9,-0.148925774176195
1472,0.0219726552065623
1472.1,0.0219726552065637
1472.2,-0.1489257741762
1472.3,-0.197753896856986
1472.4,-1.07666010511118
1472.5,-0.734863246345661
1472.6,-0.0756835901550133
1472.7,0.0952148392277493
1472.8,-0.295410142218563
1472.9,-0.319824203558959
1473,0.241699207270112
1473.1,0.192871084589324
1473.2,-0.222167958197377
1473.3,-0.417480448920534
1473.4,-0.51513669428211
1473.5,-0.344238264899347
1473.6,0.0952148392277465
1473.7,-0.539550755622508
1473.8,0.0708007778873508
1473.9,-0.83251949170724
1474,-0.783691369026452
1474.1,-0.466308571601323
1474.2,-0.490722632941714
1474.3,0.290527329950898
1474.4,0.314941391291296
1474.5,-0.734863246345655
1474.6,-0.661621062324477
1474.7,-0.73486324634566
1474.8,-0.197753896856985
1474.9,0.437011697993263
1475,0.0219726552065652
1475.1,-0.368652326239743
1475.2,-0.661621062324478
1475.3,-0.539550755622503
1475.4,-0.393066387580141
1475.5,0.559082004695237
1475.6,0.144042961908532
1475.7,-0.368652326239746
1475.8,-0.588378878303294
1475.9,-0.466308571601323
1476,0.0463867165469594
1476.1,0.046386716546958
1476.2,-0.466308571601319
1476.3,-0.539550755622507
1476.4,-0.368652326239746
1476.5,-0.197753896856985
1476.6,-0.124511712835803
1476.7,0.0708007778873508
1476.8,-0.319824203558954
1476.9,-0.710449185005268
1477,-0.222167958197376
1477.1,-0.417480448920534
1477.2,-0.661621062324474
1477.3,-0.246582019537775
1477.4,0.217285145929718
1477.5,-0.173339835516587
1477.6,0.119628900568139
1477.7,0.437011697993269
1477.8,-0.246582019537775
1477.9,-0.246582019537773
1478,0.119628900568139
1478.1,-0.0756835901550147
1478.2,-0.856933553047632
1478.3,-0.0756835901550175
1478.4,-0.100097651495408
1478.5,0.192871084589322
1478.6,0.461425759333659
1478.7,0.437011697993266
1478.8,0.046386716546958
1478.9,-0.588378878303295
1479,0.485839820674055
1479.1,0.461425759333659
1479.2,0.144042961908534
1479.3,-0.246582019537776
1479.4,-0.197753896856982
1479.5,-0.0756835901550119
1479.6,0.0952148392277465
1479.7,0.119628900568141
1479.8,-0.637207000984081
1479.9,-0.539550755622504
1480,-0.197753896856983
1480.1,0.0708007778873494
1480.2,0.144042961908536
1480.3,-0.173339835516589
1480.4,-0.100097651495408
1480.5,0.827636679439577
1480.6,1.02294917016273
1480.7,-0.319824203558953
1480.8,-0.319824203558957
1480.9,-0.124511712835803
1481,-0.00244140613383195
1481.1,0.0463867165469566
1481.2,0.144042961908535
1481.3,0.461425759333657
1481.4,0.437011697993263
1481.5,0.559082004695239
1481.6,0.144042961908534
1481.7,-0.100097651495409
1481.8,1.1450194768647
1481.9,0.925292924801151
1482,0.192871084589322
1482.1,0.363769513972082
1482.2,-0.246582019537773
1482.3,0.388183575312476
1482.4,0.852050740779971
1482.5,0.192871084589325
1482.6,0.021972655206568
1482.7,-0.17333983551659
1482.8,0.168457023248928
1482.9,-0.441894510260926
1483,-0.34423826489935
1483.1,0.656738250056813
1483.2,0.510253882014447
1483.3,0.339355452631689
1483.4,-0.0268554674742248
1483.5,0.266113268610505
1483.6,0.144042961908534
1483.7,0.0952148392277465
1483.8,0.290527329950899
1483.9,0.461425759333659
1484,-0.00244140613383337
1484.1,0.0708007778873522
1484.2,0.58349606603563
1484.3,0.778808556758787
1484.4,0.363769513972085
1484.5,-0.0268554674742234
1484.6,0.0952148392277437
1484.7,-0.197753896856985
1484.8,-0.173339835516586
1484.9,0.925292924801153
1485,0.144042961908534
1485.1,-0.0268554674742248
1485.2,0.241699207270113
1485.3,0.388183575312475
1485.4,-0.197753896856985
1485.5,0.0219726552065595
1485.6,0.92529292480115
1485.7,0.41259763665287
1485.8,0.290527329950903
1485.9,0.363769513972082
1486,0.0219726552065623
1486.1,-0.00244140613383053
1486.2,-0.0268554674742248
1486.3,0.241699207270111
1486.4,-0.441894510260929
1486.5,-0.197753896856986
1486.6,0.339355452631688
1486.7,0.534667943354842
1486.8,0.217285145929722
1486.9,-0.246582019537775
1487,0.266113268610505
1487.1,0.729980434077996
1487.2,0.852050740779968
1487.3,1.02294917016273
1487.4,0.2905273299509
1487.5,-0.051269528814619
1487.6,0.412597636652875
1487.7,0.168457023248931
1487.8,0.168457023248928
1487.9,0.144042961908536
1488,0.266113268610506
1488.1,0.339355452631689
1488.2,0.852050740779971
1488.3,0.534667943354843
1488.4,-0.173339835516592
1488.5,0.339355452631692
1488.6,0.0708007778873522
1488.7,-0.368652326239744
1488.8,0.681152311397209
1488.9,0.852050740779967
1489,0.559082004695237
1489.1,-0.17333983551659
1489.2,-0.124511712835802
1489.3,-0.344238264899349
1489.4,-0.173339835516589
1489.5,0.192871084589325
1489.6,0.68115231139721
1489.7,0.607910127376024
1489.8,0.534667943354849
1489.9,0.119628900568139
1490,0.021972655206568
1490.1,-0.0268554674742248
1490.2,-0.29541014221856
1490.3,-0.319824203558956
1490.4,0.0708007778873522
1490.5,0.0219726552065652
1490.6,-0.246582019537775
1490.7,-0.148925774176193
1490.8,-0.100097651495402
1490.9,0.705566372737603
1491,0.363769513972082
1491.1,-0.17333983551659
1491.2,-0.31982420355895
1491.3,-0.22216795819738
1491.4,-0.246582019537775
1491.5,0.778808556758784
1491.6,0.900878863460756
1491.7,0.412597636652879
1491.8,0.0708007778873508
1491.9,0.266113268610509
1492,-0.441894510260929
1492.1,-0.490722632941716
1492.2,-0.0268554674742248
1492.3,-0.100097651495406
1492.4,-0.0268554674742248
1492.5,-0.100097651495408
1492.6,-0.319824203558957
1492.7,-0.270996080878166
1492.8,0.266113268610508
1492.9,-0.124511712835802
1493,0.0952148392277479
1493.1,0.461425759333662
1493.2,0.363769513972085
1493.3,-0.100097651495403
1493.4,0.0708007778873537
1493.5,0.339355452631689
1493.6,0.43701169799327
1493.7,0.461425759333662
1493.8,-0.246582019537773
1493.9,0.266113268610508
1494,0.266113268610509
1494.1,0.192871084589326
1494.2,0.0463867165469594
1494.3,0.388183575312478
1494.4,-0.0756835901550161
1494.5,-0.417480448920534
1494.6,0.0219726552065652
1494.7,0.827636679439573
1494.8,0.607910127376027
1494.9,-0.222167958197379
1495,-0.100097651495408
1495.1,-0.270996080878165
1495.2,-0.393066387580139
1495.3,-0.34423826489935
1495.4,0.559082004695236
1495.5,0.192871084589326
1495.6,0.168457023248931
1495.7,-0.148925774176195
1495.8,-0.0268554674742234
1495.9,-0.148925774176196
1496,-0.51513669428211
1496.1,0.827636679439574
1496.2,-0.222167958197376
1496.3,-0.661621062324478
1496.4,-0.490722632941716
1496.5,-0.173339835516592
1496.6,0.241699207270113
1496.7,-0.100097651495408
1496.8,0.0952148392277479
1496.9,0.266113268610506
1497,0.144042961908539
1497.1,0.0708007778873551
1497.2,0.168457023248931
1497.3,0.925292924801153
1497.4,0.290527329950905
1497.5,0.0219726552065694
1497.6,0.41259763665287
1497.7,0.485839820674055
1497.8,0.144042961908539
1497.9,-0.0268554674742248
1498,-0.246582019537773
1498.1,0.0952148392277465
1498.2,0.559082004695237
1498.3,0.534667943354842
1498.4,0.41259763665287
1498.5,-0.173339835516589
1498.6,0.559082004695237
1498.7,0.705566372737609
1498.8,-0.417480448920534
1498.9,0.119628900568144
1499,0.314941391291293
1499.1,0.168457023248928
1499.2,0.0708007778873537
1499.3,0.290527329950899
1499.4,-0.00244140613382768
1499.5,-0.270996080878166
1499.6,0.217285145929719
1499.7,-0.246582019537775
1499.8,0.510253882014453
1499.9,0.974121047481938
1500,0.461425759333659
1500.1,0.0952148392277451
1500.2,0.2905273299509
1500.3,0.681152311397211
1500.4,0.168457023248928
1500.5,0.144042961908532
1500.6,0.0952148392277479
1500.7,-0.319824203558953
1500.8,0.168457023248931
1500.9,-0.051269528814619
1501,-0.100097651495408
1501.1,-0.0512695288146205
1501.2,-0.295410142218563
1501.3,-0.246582019537773
1501.4,-0.0756835901550147
1501.5,-0.368652326239744
1501.6,0.192871084589328
1501.7,0.192871084589326
1501.8,0.144042961908538
1501.9,0.607910127376026
1502,0.192871084589325
1502.1,-0.563964816962897
1502.2,-0.319824203558954
1502.3,0.485839820674053
1502.4,0.85205074077997
1502.5,0.461425759333662
1502.6,0.314941391291298
1502.7,0.363769513972086
1502.8,0.0952148392277465
1502.9,0.0952148392277479
1503,0.314941391291295
1503.1,0.58349606603563
1503.2,0.607910127376024
1503.3,0.827636679439573
1503.4,0.949706986141547
1503.5,0.559082004695243
1503.6,0.266113268610508
1503.7,0.583496066035632
1503.8,0.583496066035634
1503.9,0.388183575312483
1504,-0.100097651495409
1504.1,-0.222167958197375
1504.2,0.0708007778873522
1504.3,-0.100097651495406
1504.4,-0.148925774176197
1504.5,0.119628900568139
1504.6,-0.148925774176196
1504.7,-0.368652326239744
1504.8,0.217285145929719
1504.9,0.2905273299509
1505,0.33935545263169
1505.1,0.900878863460758
1505.2,0.388183575312479
1505.3,0.0952148392277465
1505.4,0.266113268610508
1505.5,-0.246582019537773
1505.6,0.510253882014452
1505.7,0.33935545263169
1505.8,0.0463867165469566
1505.9,-0.0756835901550119
1506,0.314941391291295
1506.1,-0.39306638758014
1506.2,-0.61279293964369
1506.3,-0.173339835516592
1506.4,0.607910127376027
1506.5,0.388183575312478
1506.6,0.217285145929718
1506.7,0.0952148392277479
1506.8,0.241699207270111
1506.9,0.266113268610505
1507,-0.368652326239744
1507.1,0.0219726552065637
1507.2,0.119628900568144
1507.3,-0.0268554674742262
1507.4,0.607910127376026
1507.5,0.437011697993265
1507.6,0.461425759333663
1507.7,0.778808556758786
1507.8,0.534667943354844
1507.9,0.412597636652872
1508,0.241699207270116
1508.1,0.388183575312478
1508.2,-0.0756835901550119
1508.3,0.0952148392277479
1508.4,-0.17333983551659
1508.5,-0.34423826489935
1508.6,-0.051269528814619
1508.7,0.68115231139721
1508.8,0.705566372737604
1508.9,0.510253882014447
1509,0.607910127376029
1509.1,0.339355452631689
1509.2,-0.222167958197376
1509.3,0.168457023248929
1509.4,0.0952148392277479
1509.5,0.290527329950899
1509.6,-0.270996080878165
1509.7,-0.319824203558954
1509.8,0.192871084589326
1509.9,-0.100097651495406
1510,-0.368652326239747
1510.1,-0.100097651495408
1510.2,-0.246582019537775
1510.3,-0.393066387580137
1510.4,-0.417480448920531
1510.5,-0.22216795819738
1510.6,0.241699207270112
1510.7,0.412597636652873
1510.8,0.534667943354844
1510.9,0.192871084589322
1511,0.0219726552065637
1511.1,-0.344238264899344
1511.2,-0.246582019537765
1511.3,0.51025388201445
1511.4,0.192871084589324
1511.5,-0.344238264899351
1511.6,0.485839820674056
1511.7,0.2905273299509
1511.8,-0.0756835901550147
1511.9,-0.515136694282106
1512,-0.490722632941713
1512.1,-0.124511712835802
1512.2,0.290527329950899
1512.3,0.388183575312476
1512.4,-0.124511712835802
1512.5,-0.490722632941713
1512.6,0.144042961908534
1512.7,0.0219726552065623
1512.8,0.266113268610506
1512.9,0.217285145929716
1513,0.0952148392277493
1513.1,0.583496066035634
1513.2,0.534667943354847
1513.3,0.217285145929716
1513.4,-0.00244140613383195
1513.5,0.0952148392277508
1513.6,-0.173339835516592
1513.7,-0.539550755622503
1513.8,-0.588378878303293
1513.9,-0.417480448920534
1514,-0.27099608087817
1514.1,-0.124511712835802
1514.2,-0.100097651495406
1514.3,-0.124511712835802
1514.4,-0.44189451026093
1514.5,0.485839820674055
1514.6,0.168457023248932
1514.7,-0.734863246345661
1514.8,-0.490722632941718
1514.9,0.339355452631689
1515,0.0708007778873522
1515.1,-0.637207000984083
1515.2,-0.588378878303293
1515.3,-0.490722632941713
1515.4,-0.588378878303294
1515.5,-0.222167958197377
1515.6,-0.270996080878166
1515.7,-0.441894510260924
1515.8,-0.783691369026445
1515.9,-0.515136694282111
1516,-0.661621062324474
1516.1,-0.173339835516589
1516.2,-0.588378878303293
1516.3,-0.417480448920533
1516.4,-0.319824203558957
1516.5,-0.124511712835803
1516.6,-0.246582019537772
1516.7,-0.222167958197376
1516.8,-0.1245117128358
1516.9,-0.319824203558957
1517,-0.588378878303293
1517.1,-0.759277307686051
1517.2,-0.686035123664873
1517.3,-0.783691369026448
1517.4,-0.51513669428211
1517.5,-0.710449185005264
1517.6,-0.759277307686054
1517.7,-0.39306638758014
1517.8,-0.856933553047631
1517.9,-0.979003859749601
1518,-0.710449185005264
1518.1,-0.881347614388025
1518.2,-0.783691369026448
1518.3,-0.612792939643678
1518.4,-1.10107416645157
1518.5,-0.686035123664867
1518.6,-0.539550755622503
1518.7,-1.27197259583433
1518.8,-0.905761675728419
1518.9,-0.954589798409206
1519,-0.661621062324475
1519.1,-0.661621062324477
1519.2,-0.539550755622503
1519.3,-0.881347614388024
1519.4,-1.44287102521709
1519.5,-1.56494133191907
1519.6,-1.12548822779197
1519.7,-1.02783198243039
1519.8,-1.19873041181315
1519.9,-0.44189451026093
1520,-0.734863246345655
1520.1,-1.22314447315354
1520.2,-1.17431635047276
1520.3,-1.19873041181314
1520.4,-1.14990228913236
1520.5,-1.24755853449393
1520.6,-0.197753896856983
1520.7,-0.368652326239744
1520.8,-0.637207000984081
1520.9,-1.12548822779197
1521,-1.56494133191906
1521.1,-1.44287102521709
1521.2,-1.4184569638767
1521.3,-1.36962884119591
1521.4,-1.05224604377079
1521.5,-0.490722632941713
1521.6,-0.441894510260926
1521.7,-0.954589798409208
1521.8,-1.44287102521709
1521.9,-1.17431635047275
1522,-1.12548822779197
1522.1,-1.22314447315355
1522.2,-1.32080071851512
1522.3,-1.19873041181315
1522.4,-1.29638665717473
1522.5,-1.4184569638767
1522.6,-1.29638665717473
1522.7,-1.07666010511118
1522.8,-1.05224604377079
1522.9,-1.46728508655749
1523,-1.58935539325946
1523.1,-1.68701163862104
1523.2,-1.51611320923828
1523.3,-1.19873041181315
1523.4,-1.24755853449394
1523.5,-0.734863246345661
1523.6,-1.24755853449394
1523.7,-2.17529286542892
1523.8,-1.95556631336537
1523.9,-1.46728508655749
1524,-1.27197259583434
1524.1,-1.22314447315354
1524.2,-1.02783198243039
1524.3,-0.71044918500526
1524.4,-1.54052727057867
1524.5,-1.05224604377079
1524.6,-0.979003859749602
1524.7,-1.3940429025363
1524.8,-1.54052727057867
1524.9,-1.29638665717473
1525,-0.78369136902645
1525.1,-0.441894510260929
1525.2,-0.930175737068812
1525.3,-0.783691369026444
1525.4,-0.808105430366841
1525.5,-0.808105430366841
1525.6,-1.19873041181315
1525.7,-1.14990228913236
1525.8,-1.07666010511118
1525.9,-1.17431635047276
1526,-1.85791006800379
1526.1,-1.66259757728064
1526.2,-2.02880849738656
1526.3,-1.34521477985551
1526.4,-1.44287102521709
1526.5,-1.85791006800379
1526.6,-1.71142569996143
1526.7,-1.10107416645158
1526.8,-0.734863246345658
1526.9,-1.56494133191906
1527,-1.90673819068459
1527.1,-1.44287102521709
1527.2,-1.29638665717473
1527.3,-1.66259757728064
1527.4,-2.12646474274813
1527.5,-2.15087880408853
1527.6,-1.76025382264222
1527.7,-1.97998037470577
1527.8,-2.10205068140774
1527.9,-2.39501941749247
1528,-2.78564439893878
1528.1,-2.12646474274813
1528.2,-1.61376945459986
1528.3,-1.76025382264222
1528.4,-2.32177723347129
1528.5,-1.88232412934419
1528.6,-0.905761675728422
1528.7,-1.61376945459985
1528.8,-2.12646474274813
1528.9,-2.44384754017326
1529,-2.44384754017326
1529.1,-2.2485350494501
1529.2,-1.93115225202498
1529.3,-1.73583976130182
1529.4,-1.32080071851512
1529.5,-1.78466788398262
1529.6,-1.63818351594025
1529.7,-1.71142569996143
1529.8,-2.02880849738656
1529.9,-1.88232412934419
1530,-1.66259757728064
1530.1,-1.90673819068458
1530.2,-1.68701163862103
1530.3,-1.76025382264222
1530.4,-1.73583976130183
1530.5,-1.8334960066634
1530.6,-1.32080071851512
1530.7,-1.29638665717473
1530.8,-1.61376945459985
1530.9,-2.12646474274813
1531,-1.809081945323
1531.1,-1.4428710252171
1531.2,-1.02783198243039
1531.3,-1.41845696387669
1531.4,-1.88232412934419
1531.5,-1.34521477985552
1531.6,-1.63818351594025
1531.7,-1.44287102521709
1531.8,-0.856933553047631
1531.9,-1.49169914789788
1532,-1.32080071851512
1532.1,-1.32080071851512
1532.2,-1.93115225202498
1532.3,-2.02880849738656
1532.4,-1.24755853449394
1532.5,-0.954589798409206
1532.6,-1.80908194532301
1532.7,-2.12646474274813
1532.8,-1.24755853449394
1532.9,-1.29638665717473
1533,-1.17431635047276
1533.1,-1.12548822779196
1533.2,-1.27197259583434
1533.3,-1.56494133191907
1533.4,-0.930175737068812
1533.5,-0.856933553047631
1533.6,-1.4428710252171
1533.7,-1.63818351594025
1533.8,-1.8334960066634
1533.9,-1.54052727057867
1534,-0.637207000984077
1534.1,-0.661621062324474
1534.2,-0.661621062324477
1534.3,-1.05224604377079
1534.4,-0.905761675728415
1534.5,-0.734863246345657
1534.6,-0.832519491707231
1534.7,-0.905761675728419
1534.8,-0.80810543036684
1534.9,-0.368652326239747
1535,-0.58837887830329
1535.1,-0.0268554674742191
1535.2,-0.393066387580137
1535.3,-1.07666010511118
1535.4,-1.29638665717473
1535.5,-1.22314447315354
1535.6,-0.930175737068811
1535.7,-1.32080071851512
1535.8,-1.34521477985552
1535.9,-0.612792939643687
1536,-0.637207000984081
1536.1,-0.466308571601317
1536.2,-0.100097651495406
1536.3,-0.759277307686051
1536.4,-0.979003859749602
1536.5,-0.759277307686055
1536.6,-0.344238264899344
1536.7,-0.393066387580137
1536.8,-0.612792939643688
1536.9,-0.58837887830329
1537,-0.686035123664871
1537.1,-0.734863246345657
1537.2,-0.710449185005265
1537.3,-0.319824203558957
1537.4,-0.466308571601321
1537.5,-0.710449185005261
1537.6,-0.856933553047631
1537.7,-0.222167958197377
1537.8,0.241699207270113
1537.9,-0.222167958197379
1538,0.119628900568144
1538.1,-0.1245117128358
1538.2,-0.51513669428211
1538.3,0.0952148392277451
1538.4,-0.51513669428211
1538.5,-0.783691369026447
1538.6,-0.563964816962897
1538.7,-1.02783198243039
1538.8,0.119628900568144
1538.9,0.266113268610506
1539,-0.0268554674742248
1539.1,0.266113268610508
1539.2,-0.0756835901550119
1539.3,-0.270996080878172
1539.4,-0.441894510260924
1539.5,0.0463867165469594
1539.6,-0.368652326239744
1539.7,-0.832519491707234
1539.8,-0.466308571601323
1539.9,-0.612792939643688
1540,-0.44189451026093
1540.1,-0.22216795819738
1540.2,0.290527329950899
1540.3,0.046386716546958
1540.4,-0.124511712835803
1540.5,-0.783691369026448
1540.6,-0.905761675728418
1540.7,0.266113268610508
1540.8,-0.29541014221856
1540.9,-0.563964816962898
1541,0.0952148392277493
1541.1,-0.0512695288146176
1541.2,-0.124511712835803
1541.3,-0.0268554674742219
1541.4,0.0219726552065637
1541.5,-0.58837887830329
1541.6,-0.539550755622506
1541.7,-0.808105430366842
1541.8,-1.10107416645158
1541.9,-1.07666010511118
1542,-0.78369136902645
1542.1,-0.588378878303295
1542.2,-0.783691369026445
1542.3,-0.856933553047632
1542.4,-0.710449185005264
1542.5,-0.808105430366837
1542.6,-0.270996080878166
1542.7,-0.441894510260929
1542.8,-0.393066387580139
1542.9,-0.173339835516589
1543,-0.31982420355896
1543.1,-0.0756835901550147
1543.2,-0.51513669428211
1543.3,-0.930175737068815
1543.4,-0.563964816962901
1543.5,-0.27099608087817
1543.6,-0.808105430366842
1543.7,-1.34521477985551
1543.8,-0.5395507556225
1543.9,-0.393066387580141
1544,-0.710449185005261
1544.1,-0.270996080878169
1544.2,-0.393066387580143
1544.3,-0.246582019537776
1544.4,-0.441894510260926
1544.5,-0.710449185005265
1544.6,-1.44287102521709
1544.7,-0.905761675728422
1544.8,-0.222167958197377
1544.9,-0.539550755622504
1545,-0.197753896856983
1545.1,-0.563964816962901
1545.2,-0.881347614388024
1545.3,-0.881347614388025
1545.4,-0.319824203558957
1545.5,-0.148925774176195
1545.6,-0.5639648169629
1545.7,-0.856933553047631
1545.8,0.0708007778873551
1545.9,-0.100097651495406
1546,-0.905761675728421
1546.1,-0.881347614388027
1546.2,-1.07666010511118
1546.3,-0.73486324634566
1546.4,-0.637207000984084
1546.5,-0.686035123664861
1546.6,-0.441894510260923
1546.7,-0.319824203558957
1546.8,-0.5639648169629
1546.9,-0.173339835516593
1547,-0.295410142218563
1547.1,-0.368652326239739
1547.2,0.217285145929716
1547.3,0.290527329950898
1547.4,-0.490722632941717
1547.5,-0.441894510260927
1547.6,-0.490722632941713
1547.7,-0.173339835516592
1547.8,-0.0756835901550104
1547.9,-0.417480448920533
1548,-0.344238264899349
1548.1,-0.173339835516586
1548.2,-0.148925774176195
1548.3,0.510253882014449
1548.4,0.339355452631689
1548.5,0.632324188716419
1548.6,0.0952148392277493
1548.7,-0.515136694282111
1548.8,-0.270996080878169
1548.9,-0.0024414061338291
1549,0.241699207270111
1549.1,-0.344238264899349
1549.2,-0.661621062324475
1549.3,-0.0268554674742262
1549.4,0.510253882014453
1549.5,0.144042961908534
1549.6,0.412597636652873
1549.7,-0.319824203558954
1549.8,-0.856933553047629
1549.9,0.0708007778873522
1550,-0.368652326239744
1550.1,-0.173339835516589
1550.2,0.388183575312479
1550.3,0.192871084589322
1550.4,-0.466308571601323
1550.5,-0.46630857160132
1550.6,-0.710449185005265
1550.7,-0.222167958197375
1550.8,0.266113268610508
1550.9,-0.246582019537775
1551,-0.19775389685698
1551.1,0.0952148392277465
1551.2,-0.0268554674742276
1551.3,-0.270996080878169
1551.4,-0.44189451026093
1551.5,-0.393066387580139
1551.6,-0.808105430366841
1551.7,-0.46630857160132
1551.8,0.0708007778873537
1551.9,0.290527329950902
1552,0.339355452631692
1552.1,-0.539550755622503
1552.2,-0.5639648169629
1552.3,-0.148925774176196
1552.4,0.437011697993266
1552.5,0.046386716546958
1552.6,-0.0756835901550161
1552.7,-0.637207000984078
1552.8,-0.637207000984081
1552.9,0.0219726552065637
1553,-0.124511712835802
1553.1,-0.197753896856985
1553.2,-0.100097651495405
1553.3,-0.295410142218562
1553.4,-0.124511712835803
1553.5,0.437011697993266
1553.6,0.0708007778873522
1553.7,-0.344238264899351
1553.8,-0.19775389685698
1553.9,-0.466308571601323
1554,0.266113268610506
1554.1,-0.100097651495408
1554.2,-0.270996080878166
1554.3,-0.222167958197379
1554.4,-0.197753896856985
1554.5,0.3149413912913
1554.6,0.0708007778873537
1554.7,-0.441894510260926
1554.8,-0.100097651495408
1554.9,-0.295410142218562
1555,-0.00244140613383053
1555.1,0.0219726552065652
1555.2,0.0708007778873551
1555.3,0.437011697993263
1555.4,0.0708007778873537
1555.5,-0.246582019537773
1555.6,-0.0268554674742205
1555.7,-0.270996080878169
1555.8,-0.832519491707235
1555.9,-0.22216795819738
1556,0.0952148392277465
1556.1,-0.930175737068814
1556.2,-0.78369136902645
1556.3,0.241699207270112
1556.4,0.705566372737607
1556.5,0.51025388201445
1556.6,-0.00244140613382768
1556.7,-0.00244140613383053
1556.8,-0.222167958197377
1556.9,-0.393066387580139
1557,-0.979003859749602
1557.1,-0.368652326239747
1557.2,-0.17333983551659
1557.3,0.0463867165469566
1557.4,0.144042961908535
1557.5,-0.51513669428211
1557.6,-0.515136694282107
1557.7,-0.148925774176196
1557.8,-0.0268554674742248
1557.9,0.0463867165469566
1558,0.0219726552065623
1558.1,-0.100097651495408
1558.2,0.485839820674053
1558.3,-0.246582019537775
1558.4,-0.34423826489935
1558.5,-0.51513669428211
1558.6,0.510253882014449
1558.7,0.754394495418391
1558.8,0.51025388201445
1558.9,-0.319824203558954
1559,-0.905761675728421
1559.1,-0.637207000984084
1559.2,0.266113268610506
1559.3,-0.393066387580133
1559.4,-0.17333983551659
1559.5,-0.39306638758014
1559.6,-0.39306638758014
1559.7,-0.0756835901550147
1559.8,0.0708007778873508
1559.9,-0.0024414061338291
1560,-0.197753896856986
1560.1,-0.515136694282111
1560.2,-0.222167958197379
1560.3,-0.319824203558957
1560.4,-0.0512695288146162
1560.5,0.314941391291293
1560.6,0.583496066035633
1560.7,-0.17333983551659
1560.8,-0.148925774176197
1560.9,-0.197753896856983
1561,-0.441894510260926
1561.1,0.0219726552065623
1561.2,-0.051269528814619
1561.3,-0.393066387580139
1561.4,-0.612792939643686
1561.5,-0.661621062324477
1561.6,0.119628900568142
1561.7,-0.0268554674742234
1561.8,-0.319824203558956
1561.9,-0.368652326239746
1562,-0.0756835901550119
1562.1,-0.197753896856983
1562.2,-0.295410142218562
1562.3,-0.222167958197382
1562.4,0.0952148392277437
1562.5,0.0463867165469566
1562.6,-0.270996080878166
1562.7,-0.319824203558957
1562.8,-0.10009765149541
1562.9,-0.10009765149541
1563,-0.466308571601323
1563.1,-0.539550755622507
1563.2,0.0708007778873522
1563.3,-0.466308571601323
1563.4,-0.783691369026441
1563.5,-0.686035123664871
1563.6,-0.979003859749598
1563.7,-0.319824203558956
1563.8,-0.49072263294172
1563.9,-0.197753896856987
1564,-0.197753896856985
1564.1,-0.686035123664868
1564.2,-0.441894510260926
1564.3,-0.100097651495405
1564.4,-0.0756835901550133
1564.5,-0.661621062324475
1564.6,-0.783691369026441
1564.7,-0.10009765149541
1564.8,0.290527329950902
1564.9,-0.0756835901550147
1565,-0.026855467474229
1565.1,-0.124511712835806
1565.2,-0.0756835901550161
1565.3,-0.00244140613383053
1565.4,-0.295410142218562
1565.5,-0.0512695288146205
1565.6,-0.0268554674742262
1565.7,-0.539550755622501
1565.8,-0.612792939643687
1565.9,-0.27099608087817
1566,-0.148925774176196
1566.1,0.168457023248929
1566.2,0.119628900568139
1566.3,0.0952148392277479
1566.4,0.217285145929722
1566.5,0.388183575312478
1566.6,0.607910127376024
1566.7,0.241699207270111
1566.8,-0.661621062324475
1566.9,0.0952148392277451
1567,0.0219726552065623
1567.1,0.0708007778873522
1567.2,-0.100097651495408
1567.3,-0.197753896856982
1567.4,-0.539550755622504
1567.5,-0.1245117128358
1567.6,0.217285145929721
1567.7,-0.417480448920529
1567.8,-0.270996080878165
1567.9,-0.295410142218562
1568,-0.173339835516592
1568.1,-0.51513669428211
1568.2,-0.197753896856985
1568.3,-0.197753896856987
1568.4,-0.344238264899349
1568.5,-0.246582019537773
1568.6,-0.44189451026093
1568.7,-0.637207000984083
1568.8,-0.563964816962898
1568.9,-0.270996080878167
1569,0.33935545263169
1569.1,-0.0268554674742248
1569.2,-0.270996080878167
1569.3,0.2905273299509
1569.4,-0.246582019537773
1569.5,-0.710449185005265
1569.6,-0.637207000984084
1569.7,0.241699207270111
1569.8,-0.124511712835802
1569.9,-0.34423826489935
1570,-0.319824203558957
1570.1,-0.319824203558953
1570.2,-0.124511712835805
1570.3,-0.417480448920537
1570.4,-0.41748044892053
1570.5,-0.63720700098408
1570.6,-0.0268554674742276
1570.7,0.241699207270108
1570.8,-0.222167958197379
1570.9,-0.0756835901550147
1571,-0.051269528814619
1571.1,0.632324188716417
1571.2,0.583496066035629
1571.3,0.461425759333659
1571.4,0.0952148392277465
1571.5,-0.0024414061338291
1571.6,0.461425759333662
1571.7,0.217285145929716
1571.8,-0.344238264899346
1571.9,-0.905761675728418
1572,-0.905761675728418
1572.1,-0.148925774176197
1572.2,0.0952148392277508
1572.3,-0.466308571601321
1572.4,-0.00244140613383053
1572.5,-0.222167958197376
1572.6,-0.368652326239746
1572.7,0.412597636652873
1572.8,0.0708007778873537
1572.9,-0.515136694282107
1573,-0.61279293964369
1573.1,0.0463867165469551
1573.2,-0.319824203558957
1573.3,-0.344238264899353
1573.4,-0.148925774176197
1573.5,-0.0756835901550147
1573.6,0.583496066035633
1573.7,0.583496066035633
1573.8,-0.0756835901550133
1573.9,-0.661621062324477
1574,-0.588378878303293
1574.1,-0.270996080878167
1574.2,-0.368652326239743
1574.3,-0.490722632941718
1574.4,-0.295410142218562
1574.5,-0.22216795819738
1574.6,-0.0512695288146205
1574.7,-0.051269528814619
1574.8,-0.783691369026447
1574.9,-0.5639648169629
1575,0.266113268610508
1575.1,0.217285145929716
1575.2,0.290527329950902
1575.3,0.168457023248929
1575.4,-0.197753896856982
1575.5,-0.832519491707234
1575.6,0.0219726552065623
1575.7,0.046386716546958
1575.8,0.046386716546958
1575.9,0.485839820674056
1576,0.217285145929719
1576.1,-0.490722632941716
1576.2,-0.148925774176197
1576.3,-0.686035123664871
1576.4,-0.539550755622503
1576.5,-0.490722632941717
1576.6,-0.319824203558954
1576.7,-0.344238264899351
1576.8,-0.197753896856979
1576.9,0.41259763665287
1577,0.144042961908535
1577.1,-0.710449185005265
1577.2,-0.612792939643687
1577.3,-0.710449185005267
1577.4,-0.661621062324475
1577.5,-0.417480448920536
1577.6,-0.197753896856985
1577.7,-0.344238264899351
1577.8,-0.905761675728421
1577.9,-0.637207000984084
1578,-0.466308571601321
1578.1,-0.393066387580137
1578.2,-0.368652326239747
1578.3,-0.563964816962901
1578.4,-0.710449185005265
1578.5,-0.246582019537775
1578.6,0.217285145929721
1578.7,-0.124511712835802
1578.8,-0.100097651495406
1578.9,-0.368652326239744
1579,-0.417480448920533
1579.1,0.0952148392277479
1579.2,0.168457023248931
1579.3,-0.00244140613382768
1579.4,-0.246582019537775
1579.5,0.0219726552065609
1579.6,0.0219726552065637
1579.7,-0.00244140613383195
1579.8,-0.637207000984081
1579.9,-0.710449185005264
1580,-0.00244140613383337
1580.1,-0.783691369026447
1580.2,-0.22216795819738
1580.3,0.0219726552065637
1580.4,0.217285145929719
1580.5,0.241699207270116
1580.6,0.58349606603563
1580.7,0.168457023248929
1580.8,0.192871084589324
1580.9,-0.0512695288146205
1581,0.168457023248926
1581.1,0.656738250056813
1581.2,0.192871084589324
1581.3,-0.124511712835803
1581.4,-0.5639648169629
1581.5,-0.368652326239744
1581.6,-0.588378878303295
1581.7,-0.270996080878169
1581.8,0.0219726552065652
1581.9,-0.417480448920534
1582,0.0952148392277451
1582.1,0.363769513972082
1582.2,-0.222167958197382
1582.3,0.144042961908534
1582.4,-0.148925774176197
1582.5,-0.344238264899349
1582.6,-0.0268554674742262
1582.7,-0.27099608087817
1582.8,-0.563964816962894
1582.9,-0.295410142218563
1583,-0.148925774176197
1583.1,-0.124511712835803
1583.2,-0.344238264899351
1583.3,-0.661621062324471
1583.4,-0.588378878303294
1583.5,0.0219726552065652
1583.6,-0.588378878303291
1583.7,-1.34521477985551
1583.8,-1.3940429025363
1583.9,-0.661621062324475
1584,-0.441894510260926
1584.1,-0.63720700098408
1584.2,-1.17431635047275
1584.3,-1.00341792109
1584.4,-0.73486324634566
1584.5,-1.10107416645157
1584.6,-1.07666010511118
1584.7,-0.808105430366841
1584.8,-0.393066387580141
1584.9,-0.466308571601319
1585,-0.417480448920533
1585.1,-0.0268554674742234
1585.2,-0.100097651495408
1585.3,-0.295410142218562
1585.4,-0.710449185005265
1585.5,-0.246582019537772
1585.6,-0.515136694282107
1585.7,-0.710449185005263
1585.8,-0.832519491707237
1585.9,-0.0024414061338291
1586,0.217285145929716
1586.1,-0.295410142218564
1586.2,-0.905761675728419
1586.3,-0.222167958197379
1586.4,-0.27099608087817
1586.5,-0.295410142218562
1586.6,-0.29541014221856
1586.7,-0.441894510260929
1586.8,-0.68603512366487
1586.9,-0.100097651495405
1587,0.0463867165469566
1587.1,-0.539550755622501
1587.2,-0.808105430366842
1587.3,-0.637207000984081
1587.4,-0.295410142218563
1587.5,-0.0268554674742234
1587.6,-0.124511712835799
1587.7,-0.148925774176197
1587.8,-0.148925774176197
1587.9,-0.417480448920534
1588,-0.686035123664867
1588.1,0.217285145929715
1588.2,0.241699207270112
1588.3,-0.124511712835802
1588.4,-0.0268554674742248
1588.5,0.2905273299509
1588.6,0.0463867165469594
1588.7,-0.5639648169629
1588.8,-0.417480448920531
1588.9,-0.51513669428211
1589,-0.490722632941716
1589.1,-0.295410142218563
1589.2,-0.270996080878169
1589.3,-0.246582019537776
1589.4,0.217285145929718
1589.5,-0.100097651495409
1589.6,-0.808105430366842
1589.7,-0.881347614388022
1589.8,-0.393066387580136
1589.9,-0.344238264899347
1590,-0.686035123664868
1590.1,-0.22216795819738
1590.2,0.168457023248928
1590.3,-0.417480448920534
1590.4,-0.563964816962898
1590.5,-0.710449185005265
1590.6,-1.24755853449394
1590.7,-1.27197259583434
1590.8,-0.393066387580139
1590.9,-0.295410142218563
1591,-0.0512695288146176
1591.1,-0.124511712835803
1591.2,-0.539550755622506
1591.3,-1.10107416645157
1591.4,0.144042961908535
1591.5,-0.197753896856982
1591.6,-0.661621062324475
1591.7,-0.393066387580137
1591.8,-0.148925774176197
1591.9,-0.51513669428211
1592,-0.954589798409204
1592.1,-0.5639648169629
1592.2,-0.319824203558956
1592.3,0.290527329950898
1592.4,0.754394495418393
1592.5,0.0952148392277479
1592.6,-0.490722632941717
1592.7,-0.490722632941716
1592.8,-0.00244140613383195
1592.9,-0.0268554674742262
1593,-0.295410142218559
1593.1,-0.051269528814619
1593.2,0.314941391291293
1593.3,-0.295410142218562
1593.4,-0.100097651495409
1593.5,-0.222167958197379
1593.6,-0.515136694282113
1593.7,-0.710449185005263
1593.8,-0.661621062324477
1593.9,-0.954589798409209
1594,-0.368652326239744
1594.1,-0.686035123664868
1594.2,-0.490722632941716
1594.3,-1.10107416645157
1594.4,-0.75927730768605
1594.5,-0.417480448920536
1594.6,-0.612792939643683
1594.7,-0.856933553047627
1594.8,-0.759277307686054
1594.9,-0.979003859749601
1595,-1.19873041181315
1595.1,-0.686035123664873
1595.2,-0.173339835516592
1595.3,-0.368652326239743
1595.4,-0.5639648169629
1595.5,-0.441894510260924
1595.6,-0.270996080878165
1595.7,-1.00341792109
1595.8,-0.588378878303295
1595.9,-0.0268554674742276
1596,-0.563964816962901
1596.1,-0.856933553047629
1596.2,-1.05224604377078
1596.3,-0.0268554674742262
1596.4,0.0219726552065609
1596.5,-0.588378878303293
1596.6,-0.197753896856986
1596.7,-0.100097651495409
1596.8,-0.515136694282111
1596.9,-0.319824203558954
1597,-0.319824203558954
1597.1,-0.856933553047632
1597.2,-0.466308571601321
1597.3,0.144042961908535
1597.4,-0.295410142218564
1597.5,-0.34423826489935
1597.6,-0.00244140613383195
1597.7,-0.319824203558952
1597.8,0.119628900568139
1597.9,-0.466308571601321
1598,-0.808105430366841
1598.1,-0.39306638758014
1598.2,0.168457023248929
1598.3,-0.197753896856986
1598.4,0.0708007778873522
1598.5,0.51025388201445
1598.6,0.0219726552065666
1598.7,-0.246582019537773
1598.8,-0.100097651495406
1598.9,0.192871084589324
1599,0.266113268610506
1599.1,0.314941391291296
1599.2,0.0463867165469594
1599.3,-0.661621062324474
1599.4,-0.710449185005264
1599.5,-0.68603512366487
1599.6,-0.270996080878167
1599.7,0.217285145929716
1599.8,-0.515136694282109
1599.9,-0.270996080878167
1600,0.144042961908536
1600.1,0.534667943354842
1600.2,0.339355452631689
1600.3,0.144042961908536
1600.4,-0.417480448920534
1600.5,-0.46630857160132
1600.6,-0.417480448920534
1600.7,-0.222167958197379
1600.8,-0.0268554674742248
1600.9,-0.0268554674742262
1601,-0.539550755622504
1601.1,-0.490722632941717
1601.2,-0.295410142218559
1601.3,-0.00244140613382768
1601.4,-0.00244140613383053
1601.5,0.241699207270112
1601.6,-0.51513669428211
1601.7,0.192871084589326
1601.8,0.607910127376024
1601.9,0.510253882014447
1602,0.0708007778873537
1602.1,0.119628900568139
1602.2,0.33935545263169
1602.3,0.290527329950902
1602.4,-0.197753896856985
1602.5,-0.295410142218564
1602.6,-0.0756835901550133
1602.7,0.437011697993266
1602.8,0.681152311397216
1602.9,0.168457023248929
1603,-0.17333983551659
1603.1,0.192871084589322
1603.2,0.119628900568144
1603.3,-0.246582019537773
1603.4,-0.222167958197373
1603.5,-0.0756835901550133
1603.6,-0.270996080878167
1603.7,0.168457023248929
1603.8,0.0219726552065652
1603.9,0.363769513972085
1604,-0.44189451026093
1604.1,-0.466308571601321
1604.2,0.217285145929721
1604.3,0.0219726552065637
1604.4,0.0708007778873522
1604.5,0.705566372737606
1604.6,0.217285145929718
1604.7,0.0952148392277479
1604.8,0.0952148392277451
1604.9,-0.10009765149541
1605,0.0708007778873508
1605.1,1.04736323150312
1605.2,0.119628900568136
1605.3,0.41259763665287
1605.4,-0.222167958197379
1605.5,-0.222167958197379
1605.6,0.485839820674057
1605.7,-0.295410142218564
1605.8,-0.0024414061338291
1605.9,0.632324188716421
1606,0.388183575312475
1606.1,0.241699207270112
1606.2,-0.148925774176197
1606.3,-0.246582019537775
1606.4,0.412597636652869
1606.5,0.656738250056816
1606.6,0.119628900568144
1606.7,-0.319824203558957
1606.8,0.607910127376024
1606.9,0.559082004695236
1607,-0.00244140613383053
1607.1,-0.197753896856983
1607.2,-0.0756835901550119
1607.3,0.51025388201445
1607.4,0.974121047481938
1607.5,0.339355452631688
1607.6,0.0219726552065652
1607.7,0.583496066035634
1607.8,0.754394495418393
1607.9,0.607910127376027
1608,0.192871084589322
1608.1,0.241699207270111
1608.2,0.339355452631688
1608.3,0.290527329950903
1608.4,0.656738250056813
1608.5,0.461425759333659
1608.6,0.729980434077999
1608.7,1.07177729284352
1608.8,0.510253882014447
1608.9,-0.197753896856987
1609,0.607910127376029
1609.1,1.09619135418391
1609.2,0.87646480212036
1609.3,0.607910127376026
1609.4,0.559082004695237
1609.5,-0.0268554674742262
1609.6,0.681152311397209
1609.7,0.876464802120361
1609.8,0.363769513972083
1609.9,0.217285145929719
1610,0.314941391291295
1610.1,0.510253882014446
1610.2,0.363769513972085
1610.3,0.729980434077999
1610.4,1.1694335382051
1610.5,0.583496066035632
1610.6,0.388183575312478
1610.7,0.168457023248929
1610.8,-0.270996080878165
1610.9,-0.124511712835802
1611,1.21826166088588
1611.1,1.09619135418391
1611.2,0.144042961908536
1611.3,0.192871084589325
1611.4,-0.295410142218562
1611.5,0.119628900568146
1611.6,0.461425759333662
1611.7,0.437011697993263
1611.8,-0.124511712835803
1611.9,0.290527329950899
1612,0.363769513972083
1612.1,-0.0268554674742234
1612.2,0.729980434077999
1612.3,0.852050740779968
1612.4,-0.00244140613382768
1612.5,0.241699207270113
1612.6,1.1694335382051
1612.7,0.33935545263169
1612.8,0.266113268610506
1612.9,0.7055663727376
1613,0.80322261809918
1613.1,0.949706986141544
1613.2,0.827636679439573
1613.3,0.217285145929714
1613.4,0.41259763665287
1613.5,0.241699207270111
1613.6,0.266113268610503
1613.7,0.290527329950903
1613.8,0.461425759333662
1613.9,0.339355452631686
1614,0.461425759333659
1614.1,0.46142575933366
1614.2,0.241699207270111
1614.3,0.119628900568139
1614.4,-0.295410142218562
1614.5,-0.197753896856983
1614.6,0.168457023248925
1614.7,0.510253882014449
1614.8,0.876464802120365
1614.9,0.53466794335484
1615,0.656738250056813
1615.1,0.949706986141548
1615.2,0.632324188716417
1615.3,0.38818357531248
1615.4,0.339355452631689
1615.5,0.485839820674052
1615.6,-0.197753896856985
1615.7,-0.100097651495408
1615.8,-0.319824203558956
1615.9,-0.17333983551659
1616,0.656738250056814
1616.1,0.510253882014446
1616.2,0.33935545263169
1616.3,0.36376951397208
1616.4,0.583496066035632
1616.5,0.583496066035632
1616.6,0.559082004695242
1616.7,0.0952148392277451
1616.8,-0.173339835516592
1616.9,-0.295410142218562
1617,-0.441894510260929
1617.1,0.36376951397209
1617.2,0.900878863460754
1617.3,0.119628900568141
1617.4,0.119628900568141
1617.5,0.388183575312479
1617.6,0.852050740779974
1617.7,0.778808556758784
1617.8,0.339355452631692
1617.9,-0.00244140613383337
1618,0.0952148392277479
1618.1,0.607910127376026
1618.2,0.192871084589322
1618.3,0.583496066035633
1618.4,0.461425759333659
1618.5,-0.417480448920534
1618.6,-0.563964816962898
1618.7,0.046386716546958
1618.8,0.241699207270112
1618.9,-0.100097651495406
1619,-0.490722632941714
1619.1,-0.612792939643688
1619.2,0.41259763665287
1619.3,0.314941391291296
1619.4,0.656738250056816
1619.5,1.34033196758786
1619.6,0.314941391291293
1619.7,-0.17333983551659
1619.8,0.0219726552065609
1619.9,1.1450194768647
1620,1.29150384490707
1620.1,0.729980434078004
1620.2,0.485839820674055
1620.3,0.217285145929719
1620.4,0.412597636652873
1620.5,0.876464802120361
1620.6,0.607910127376024
1620.7,0.363769513972082
1620.8,0.388183575312476
1620.9,0.510253882014447
1621,0.754394495418393
1621.1,0.656738250056816
1621.2,1.21826166088588
1621.3,1.24267572222627
1621.4,1.21826166088588
1621.5,0.607910127376029
1621.6,0.97412104748194
1621.7,1.04736323150312
1621.8,1.1694335382051
1621.9,0.803222618099181
1622,0.266113268610505
1622.1,0.290527329950903
1622.2,1.04736323150312
1622.3,0.803222618099178
1622.4,0.461425759333663
1622.5,0.437011697993268
1622.6,1.09619135418391
1622.7,1.31591790624746
1622.8,0.925292924801153
1622.9,0.949706986141547
1623,0.974121047481941
1623.1,0.607910127376029
1623.2,0.729980434078
1623.3,0.51025388201445
1623.4,0.461425759333659
1623.5,1.04736323150312
1623.6,0.852050740779967
1623.7,0.75439449541839
1623.8,1.1450194768647
1623.9,0.729980434077997
1624,1.02294917016273
1624.1,1.34033196758785
1624.2,1.5844725809918
1624.3,1.07177729284352
1624.4,0.949706986141547
1624.5,1.31591790624746
1624.6,1.34033196758785
1624.7,0.41259763665287
1624.8,0.900878863460756
1624.9,1.34033196758785
1625,0.461425759333662
1625.1,0.534667943354842
1625.2,0.949706986141545
1625.3,1.12060541552431
1625.4,1.63330070367258
1625.5,1.07177729284351
1625.6,0.949706986141545
1625.7,1.46240227428983
1625.8,1.09619135418391
1625.9,1.1450194768647
1626,1.70654288769377
1626.1,1.90185537841692
1626.2,1.29150384490706
1626.3,0.852050740779971
1626.4,0.900878863460757
1626.5,1.21826166088588
1626.6,1.21826166088588
1626.7,0.559082004695239
1626.8,0.92529292480115
1626.9,0.607910127376027
1627,0.681152311397206
1627.1,0.949706986141548
1627.2,0.80322261809918
1627.3,0.729980434077999
1627.4,0.803222618099178
1627.5,0.583496066035634
1627.6,-0.100097651495409
1627.7,0.46142575933366
1627.8,0.46142575933366
1627.9,0.485839820674053
1628,0.754394495418389
1628.1,0.681152311397207
1628.2,1.56005851965141
1628.3,0.681152311397214
1628.4,0.437011697993266
1628.5,0.705566372737604
1628.6,0.607910127376024
1628.7,0.876464802120364
1628.8,1.29150384490707
1628.9,0.729980434077997
1629,0.437011697993265
1629.1,1.36474602892825
1629.2,1.29150384490707
1629.3,1.07177729284352
1629.4,0.876464802120361
1629.5,0.974121047481937
1629.6,0.87646480212036
1629.7,0.41259763665287
1629.8,0.583496066035632
1629.9,1.34033196758786
1630,0.754394495418393
1630.1,1.41357415160903
1630.2,1.41357415160903
1630.3,0.0463867165469594
1630.4,0.583496066035636
1630.5,0.925292924801151
1630.6,0.266113268610506
1630.7,0.510253882014447
1630.8,0.852050740779973
1630.9,1.5844725809918
1631,1.68212882635337
1631.1,1.24267572222627
1631.2,1.26708978356667
1631.3,1.34033196758786
1631.4,1.34033196758785
1631.5,1.16943353820509
1631.6,1.48681633563022
1631.7,1.07177729284352
1631.8,1.38916009026864
1631.9,0.876464802120364
1632,0.314941391291295
1632.1,0.681152311397213
1632.2,1.19384759954549
1632.3,1.26708978356667
1632.4,1.07177729284352
1632.5,1.80419913305535
1632.6,1.92626943975732
1632.7,0.803222618099184
1632.8,0.705566372737604
1632.9,1.36474602892825
1633,0.705566372737601
1633.1,1.53564445831101
1633.2,1.21826166088589
1633.3,0.974121047481938
1633.4,1.43798821294943
1633.5,1.85302725573613
1633.6,1.5600585196514
1633.7,0.97412104748194
1633.8,1.60888664233219
1633.9,1.5600585196514
1634,0.90087886346076
1634.1,1.19384759954549
1634.2,1.5844725809918
1634.3,1.26708978356667
1634.4,1.90185537841692
1634.5,1.73095694903416
1634.6,1.51123039697062
1634.7,1.02294917016273
1634.8,0.485839820674053
1634.9,1.53564445831101
1635,1.48681633563022
1635.1,0.559082004695235
1635.2,0.68115231139721
1635.3,0.437011697993265
1635.4,0.290527329950898
1635.5,0.852050740779967
1635.6,1.1206054155243
1635.7,1.36474602892825
1635.8,1.90185537841692
1635.9,2.07275380779968
1636,1.77978507171495
1636.1,1.21826166088588
1636.2,0.266113268610505
1636.3,1.04736323150312
1636.4,1.26708978356667
1636.5,0.900878863460757
1636.6,1.46240227428983
1636.7,1.48681633563022
1636.8,1.1694335382051
1636.9,0.705566372737606
1637,0.974121047481943
1637.1,0.949706986141544
1637.2,0.63232418871642
1637.3,0.876464802120364
1637.4,1.60888664233219
1637.5,1.26708978356667
1637.6,1.48681633563022
1637.7,0.949706986141543
1637.8,0.656738250056814
1637.9,0.998535108822337
1638,1.21826166088588
1638.1,1.53564445831101
1638.2,1.02294917016273
1638.3,0.974121047481944
1638.4,0.949706986141551
1638.5,1.09619135418391
1638.6,0.97412104748194
1638.7,1.29150384490707
1638.8,1.07177729284352
1638.9,-0.0756835901550147
1639,0.632324188716419
1639.1,0.949706986141547
1639.2,0.998535108822333
1639.3,0.827636679439576
1639.4,1.1694335382051
1639.5,0.656738250056817
1639.6,0.510253882014447
1639.7,0.461425759333662
1639.8,0.534667943354843
1639.9,0.46142575933366
1640,0.729980434078
1640.1,0.778808556758787
1640.2,0.607910127376026
1640.3,0.559082004695242
1640.4,0.852050740779968
1640.5,1.1450194768647
1640.6,0.85205074077997
1640.7,0.437011697993265
1640.8,1.04736323150312
1640.9,0.949706986141545
1641,0.144042961908535
1641.1,-0.0512695288146176
1641.2,0.534667943354843
1641.3,0.0708007778873494
1641.4,0.510253882014452
1641.5,0.754394495418391
1641.6,0.290527329950903
1641.7,0.41259763665287
1641.8,0.168457023248934
1641.9,0.0952148392277465
1642,0.485839820674055
1642.1,0.33935545263169
1642.2,0.607910127376029
1642.3,0.998535108822334
1642.4,1.12060541552431
1642.5,0.876464802120365
1642.6,0.217285145929716
1642.7,0.38818357531248
1642.8,1.09619135418391
1642.9,0.485839820674057
1643,0.778808556758786
1643.1,0.754394495418391
1643.2,0.998535108822333
1643.3,0.827636679439577
1643.4,0.778808556758788
1643.5,0.41259763665287
1643.6,0.168457023248934
1643.7,0.119628900568139
1643.8,0.144042961908534
1643.9,0.485839820674055
1644,0.314941391291296
1644.1,0.485839820674055
1644.2,-0.270996080878169
1644.3,-0.100097651495409
1644.4,0.0219726552065623
1644.5,0.119628900568141
1644.6,0.266113268610506
1644.7,0.314941391291296
1644.8,0.046386716546958
1644.9,0.339355452631688
1645,0.559082004695239
1645.1,0.412597636652876
1645.2,-0.270996080878165
1645.3,-0.148925774176195
1645.4,0.314941391291295
1645.5,-0.295410142218562
1645.6,-0.0268554674742248
1645.7,-0.417480448920533
1645.8,-0.539550755622503
1645.9,0.314941391291299
1646,-0.00244140613383053
1646.1,-0.222167958197377
1646.2,-0.417480448920533
1646.3,0.0952148392277465
1646.4,0.388183575312476
1646.5,0.192871084589324
1646.6,0.168457023248932
1646.7,0.119628900568141
1646.8,0.241699207270115
1646.9,0.290527329950899
1647,0.192871084589325
1647.1,0.0463867165469551
1647.2,0.0952148392277465
1647.3,0.119628900568141
1647.4,0.266113268610506
1647.5,0.339355452631689
1647.6,-0.29541014221856
1647.7,0.046386716546958
1647.8,-0.0512695288146176
1647.9,-0.173339835516585
1648,-0.173339835516587
1648.1,-0.612792939643686
1648.2,-0.637207000984081
1648.3,-1.00341792109
1648.4,-0.588378878303294
1648.5,-0.124511712835803
1648.6,-0.783691369026445
1648.7,-0.881347614388024
1648.8,-0.051269528814619
1648.9,-0.515136694282107
1649,0.388183575312479
1649.1,-0.051269528814619
1649.2,-0.441894510260927
1649.3,-0.246582019537772
1649.4,-0.100097651495408
1649.5,-0.637207000984083
1649.6,-0.29541014221856
1649.7,0.266113268610506
1649.8,0.290527329950903
1649.9,0.144042961908536
1650,0.0708007778873494
1650.1,-0.14892577417619
1650.2,-0.100097651495406
1650.3,-0.0024414061338291
1650.4,-0.173339835516589
1650.5,-0.100097651495408
1650.6,0.266113268610509
1650.7,0.192871084589324
1650.8,-0.0756835901550133
1650.9,-0.612792939643684
1651,-0.734863246345658
1651.1,-0.100097651495406
1651.2,-0.173339835516593
1651.3,-0.80810543036684
1651.4,-0.80810543036684
1651.5,-0.466308571601323
1651.6,0.632324188716421
1651.7,0.2905273299509
1651.8,0.0952148392277451
1651.9,-0.319824203558954
1652,-0.51513669428211
1652.1,-0.148925774176193
1652.2,0.266113268610505
1652.3,-0.24658201953777
1652.4,-0.246582019537772
1652.5,0.314941391291296
1652.6,0.485839820674056
1652.7,-0.0268554674742248
1652.8,0.192871084589325
1652.9,0.461425759333659
1653,-0.197753896856977
1653.1,-0.0512695288146205
1653.2,0.0952148392277479
1653.3,0.217285145929718
1653.4,-0.31982420355895
1653.5,-0.0268554674742248
1653.6,-0.0512695288146205
1653.7,-0.00244140613383053
1653.8,-0.00244140613383053
1653.9,-0.539550755622507
1654,-0.319824203558954
1654.1,0.314941391291295
1654.2,0.2905273299509
1654.3,-0.0268554674742234
1654.4,0.192871084589326
1654.5,-0.00244140613382768
1654.6,0.68115231139721
1654.7,0.363769513972085
1654.8,-0.173339835516589
1654.9,0.314941391291295
1655,0.0219726552065652
1655.1,0.68115231139721
1655.2,0.2905273299509
1655.3,-0.00244140613383053
1655.4,0.266113268610506
1655.5,0.607910127376026
1655.6,0.290527329950902
1655.7,0.119628900568149
1655.8,-0.0512695288146176
1655.9,-0.246582019537772
1656,0.412597636652873
1656.1,0.461425759333663
1656.2,-0.148925774176195
1656.3,0.290527329950899
1656.4,0.729980434077997
1656.5,0.217285145929721
1656.6,-0.661621062324477
1656.7,-0.5639648169629
1656.8,-0.270996080878166
1656.9,0.0219726552065623
1657,0.0952148392277479
1657.1,0.168457023248931
1657.2,0.144042961908536
1657.3,0.266113268610505
1657.4,0.363769513972085
1657.5,0.241699207270111
1657.6,-0.148925774176195
1657.7,0.266113268610511
1657.8,0.119628900568142
1657.9,-0.612792939643686
1658,0.0463867165469566
1658.1,0.485839820674053
1658.2,-0.270996080878166
1658.3,-0.393066387580136
1658.4,-0.148925774176193
1658.5,0.192871084589326
1658.6,0.363769513972082
1658.7,0.168457023248929
1658.8,0.412597636652872
1658.9,-0.319824203558953
1659,0.0708007778873579
1659.1,0.290527329950902
1659.2,0.754394495418391
1659.3,0.0708007778873508
1659.4,-0.490722632941718
1659.5,-0.124511712835802
1659.6,-0.100097651495408
1659.7,0.217285145929721
1659.8,0.0708007778873537
1659.9,-0.41748044892053
1660,0.217285145929721
1660.1,0.461425759333666
1660.2,-0.124511712835802
1660.3,-0.41748044892053
1660.4,0.607910127376027
1660.5,0.729980434077999
1660.6,0.119628900568142
1660.7,-0.197753896856983
1660.8,-0.17333983551659
1660.9,-0.0268554674742219
1661,-0.270996080878165
1661.1,0.266113268610508
1661.2,1.02294917016273
1661.3,0.583496066035632
1661.4,0.363769513972083
1661.5,1.04736323150313
1661.6,0.144042961908538
1661.7,0.33935545263169
1661.8,0.363769513972082
1661.9,0.290527329950902
1662,0.144042961908534
1662.1,0.241699207270113
1662.2,0.461425759333662
1662.3,-0.100097651495403
1662.4,0.046386716546958
1662.5,-0.393066387580139
1662.6,0.412597636652873
1662.7,0.974121047481941
1662.8,0.388183575312478
1662.9,0.119628900568141
1663,0.437011697993266
1663.1,0.290527329950906
1663.2,0.534667943354846
1663.3,0.388183575312479
1663.4,0.192871084589324
1663.5,0.046386716546958
1663.6,0.241699207270113
1663.7,0.0219726552065652
1663.8,0.314941391291299
1663.9,0.144042961908538
1664,0.046386716546958
1664.1,0.0952148392277479
1664.2,0.705566372737603
1664.3,0.339355452631689
1664.4,-0.148925774176196
1664.5,0.241699207270113
1664.6,0.559082004695237
1664.7,0.827636679439576
1664.8,0.461425759333663
1664.9,0.217285145929721
1665,-0.393066387580139
1665.1,0.0219726552065637
1665.2,0.632324188716423
1665.3,0.827636679439576
1665.4,0.412597636652873
1665.5,-0.051269528814619
1665.6,0.583496066035632
1665.7,1.19384759954549
1665.8,-0.124511712835802
1665.9,-0.588378878303291
1666,0.314941391291296
1666.1,0.754394495418394
1666.2,0.266113268610508
1666.3,0.0952148392277479
1666.4,0.314941391291298
1666.5,0.681152311397211
1666.6,1.29150384490707
1666.7,1.21826166088588
1666.8,0.510253882014455
1666.9,0.0219726552065637
1667,-0.1245117128358
1667.1,0.53466794335485
1667.2,0.656738250056816
1667.3,0.510253882014447
1667.4,0.217285145929722
1667.5,0.681152311397216
1667.6,0.437011697993266
1667.7,0.632324188716419
1667.8,0.290527329950902
1667.9,0.2905273299509
1668,0.144042961908538
1668.1,-0.0756835901550104
1668.2,-0.173339835516592
1668.3,0.607910127376027
1668.4,0.949706986141544
1668.5,-0.197753896856983
1668.6,0.314941391291293
1668.7,0.241699207270112
1668.8,-0.0268554674742248
1668.9,-0.197753896856985
1669,-0.246582019537773
1669.1,0.168457023248931
1669.2,0.412597636652873
1669.3,0.534667943354847
1669.4,-0.00244140613382768
1669.5,0.119628900568142
1669.6,-0.00244140613382768
1669.7,-0.881347614388024
1669.8,-0.00244140613382768
1669.9,0.754394495418391
1670,0.607910127376027
1670.1,0.607910127376027
1670.2,0.119628900568138
1670.3,0.192871084589322
1670.4,0.217285145929721
1670.5,0.119628900568144
1670.6,-0.00244140613382768
1670.7,0.339355452631688
1670.8,0.485839820674055
1670.9,0.412597636652872
1671,0.437011697993265
1671.1,-0.393066387580137
1671.2,-0.417480448920531
1671.3,0.0463867165469594
1671.4,-0.0512695288146176
1671.5,0.266113268610506
1671.6,0.2905273299509
1671.7,-0.197753896856985
1671.8,0.656738250056816
1671.9,0.510253882014449
1672,-0.34423826489935
1672.1,-0.295410142218557
1672.2,-0.0268554674742248
1672.3,-0.0756835901550161
1672.4,0.0952148392277451
1672.5,0.192871084589326
1672.6,-0.0756835901550133
1672.7,-0.417480448920533
1672.8,0.0219726552065637
1672.9,0.876464802120365
1673,0.583496066035633
1673.1,0.144042961908536
1673.2,0.0952148392277479
1673.3,0.241699207270111
1673.4,0.97412104748194
1673.5,0.314941391291299
1673.6,-0.270996080878169
1673.7,0.339355452631695
1673.8,0.363769513972082
1673.9,0.290527329950902
1674,0.241699207270112
1674.1,-0.270996080878169
1674.2,0.0708007778873551
1674.3,-0.270996080878167
1674.4,-0.148925774176193
1674.5,0.0952148392277522
1674.6,-0.1245117128358
1674.7,0.266113268610506
1674.8,1.24267572222628
1674.9,1.07177729284352
1675,0.412597636652876
1675.1,0.339355452631693
1675.2,-0.0268554674742276
1675.3,0.168457023248929
1675.4,0.388183575312482
1675.5,-0.344238264899351
1675.6,-0.344238264899351
1675.7,0.0463867165469537
1675.8,-0.31982420355896
1675.9,-0.295410142218563
1676,-0.246582019537776
1676.1,0.217285145929719
1676.2,0.461425759333665
1676.3,-0.270996080878167
1676.4,0.046386716546958
1676.5,0.412597636652873
1676.6,0.559082004695237
1676.7,0.241699207270111
1676.8,-0.0756835901550175
1676.9,0.0708007778873537
1677,-0.148925774176196
1677.1,0.412597636652875
1677.2,0.632324188716426
1677.3,0.412597636652872
1677.4,-0.0024414061338291
1677.5,0.0952148392277479
1677.6,0.33935545263169
1677.7,-0.00244140613383053
1677.8,-0.490722632941714
1677.9,-0.637207000984078
1678,-0.0512695288146205
1678.1,-0.0512695288146205
1678.2,-0.393066387580139
1678.3,-0.441894510260931
1678.4,-0.295410142218564
1678.5,-0.710449185005263
1678.6,-0.417480448920533
1678.7,0.314941391291298
1678.8,0.0952148392277465
1678.9,-0.051269528814619
1679,0.0219726552065609
1679.1,-0.0512695288146205
1679.2,0.290527329950898
1679.3,0.021972655206568
1679.4,-0.637207000984077
1679.5,-0.0268554674742191
1679.6,0.339355452631692
1679.7,-0.661621062324475
1679.8,-0.148925774176193
1679.9,0.485839820674055
1680,-0.197753896856982
1680.1,-0.295410142218559
1680.2,-0.246582019537776
1680.3,-0.51513669428211
1680.4,-0.148925774176195
1680.5,-0.124511712835798
1680.6,-0.637207000984081
1680.7,-0.197753896856983
1680.8,0.363769513972083
1680.9,-0.0756835901550133
1681,0.266113268610506
1681.1,0.58349606603563
1681.2,-0.0756835901550119
1681.3,-0.856933553047632
1681.4,-0.34423826489935
1681.5,-0.0756835901550133
1681.6,-0.319824203558956
1681.7,-0.344238264899353
1681.8,-0.0756835901550133
1681.9,-0.832519491707235
1682,-0.393066387580134
1682.1,-0.197753896856985
1682.2,0.144042961908534
1682.3,0.705566372737601
1682.4,0.168457023248928
1682.5,-0.0268554674742248
1682.6,0.412597636652868
1682.7,-0.1245117128358
1682.8,-0.637207000984081
1682.9,-0.5395507556225
1683,0.0708007778873565
1683.1,0.314941391291295
1683.2,0.144042961908536
1683.3,0.314941391291293
1683.4,0.363769513972085
1683.5,0.339355452631688
1683.6,-0.246582019537775
1683.7,-0.0268554674742248
1683.8,1.02294917016273
1683.9,0.729980434078
1684,0.290527329950902
1684.1,0.729980434078004
1684.2,0.33935545263169
1684.3,0.656738250056819
1684.4,0.388183575312478
1684.5,-0.124511712835802
1684.6,-0.368652326239746
1684.7,-0.295410142218564
1684.8,0.217285145929719
1684.9,0.339355452631688
1685,0.0463867165469551
1685.1,0.192871084589325
1685.2,0.241699207270112
1685.3,-0.246582019537775
1685.4,-0.637207000984081
1685.5,-0.68603512366487
1685.6,0.0952148392277465
1685.7,-0.0512695288146162
1685.8,0.33935545263169
1685.9,-0.51513669428211
1686,-0.441894510260927
1686.1,-0.222167958197379
1686.2,0.144042961908536
1686.3,0.363769513972082
1686.4,0.534667943354842
1686.5,0.144042961908532
1686.6,-0.783691369026448
1686.7,0.0952148392277465
1686.8,-0.00244140613382626
1686.9,-0.856933553047632
1687,-0.148925774176199
1687.1,-0.295410142218563
1687.2,-0.661621062324475
1687.3,-0.637207000984084
1687.4,-0.417480448920533
1687.5,-0.197753896856987
1687.6,-0.100097651495406
1687.7,-0.246582019537772
1687.8,-0.759277307686052
1687.9,-0.734863246345651
1688,0.046386716546958
1688.1,0.412597636652875
1688.2,-0.0756835901550133
1688.3,0.388183575312483
1688.4,-0.222167958197379
1688.5,-0.0512695288146205
1688.6,-0.0756835901550147
1688.7,-0.295410142218563
1688.8,-0.246582019537779
1688.9,-0.441894510260926
1689,-0.808105430366837
1689.1,-0.612792939643684
1689.2,0.119628900568142
1689.3,0.0463867165469566
1689.4,0.46142575933366
1689.5,0.119628900568141
1689.6,-0.368652326239743
1689.7,-0.515136694282111
1689.8,-0.100097651495408
1689.9,-0.466308571601321
1690,-0.368652326239743
1690.1,-0.466308571601317
1690.2,-0.710449185005264
1690.3,-0.441894510260931
1690.4,-0.393066387580137
1690.5,-0.808105430366841
1690.6,-1.10107416645157
1690.7,-0.34423826489935
1690.8,-0.905761675728415
1690.9,-1.02783198243038
1691,-0.295410142218559
1691.1,-0.5639648169629
1691.2,-0.612792939643687
1691.3,-0.783691369026444
1691.4,-1.05224604377079
1691.5,-0.490722632941714
1691.6,-0.759277307686051
1691.7,-0.5639648169629
1691.8,-0.808105430366838
1691.9,-0.856933553047627
1692,-0.905761675728414
1692.1,-1.02783198243039
1692.2,-0.490722632941713
1692.3,-0.539550755622501
1692.4,-1.12548822779196
1692.5,-0.881347614388025
1692.6,-1.00341792108999
1692.7,-0.588378878303293
1692.8,-0.417480448920533
1692.9,-0.466308571601319
1693,-0.197753896856985
1693.1,-0.881347614388022
1693.2,-0.466308571601317
1693.3,-0.0268554674742276
1693.4,-0.905761675728421
1693.5,-0.441894510260927
1693.6,-0.270996080878165
1693.7,-0.197753896856979
1693.8,-0.5639648169629
1693.9,-0.539550755622503
1694,-0.22216795819738
1694.1,-0.319824203558952
1694.2,0.0219726552065637
1694.3,0.0463867165469594
1694.4,-0.393066387580136
1694.5,-1.19873041181315
1694.6,-1.27197259583433
1694.7,-0.490722632941714
1694.8,-0.24658201953777
1694.9,-0.710449185005265
1695,-0.441894510260926
1695.1,-0.29541014221856
1695.2,-0.710449185005265
1695.3,-0.563964816962897
1695.4,-0.539550755622506
1695.5,-0.58837887830329
1695.6,-0.173339835516592
1695.7,0.0708007778873551
1695.8,-0.588378878303291
1695.9,-0.759277307686052
1696,-0.270996080878166
1696.1,-0.588378878303294
1696.2,-0.417480448920534
1696.3,-0.0756835901550104
1696.4,0.266113268610503
1696.5,-0.61279293964369
1696.6,-0.295410142218564
1696.7,0.0708007778873522
1696.8,-0.0512695288146176
1696.9,-0.417480448920534
1697,-0.5639648169629
1697.1,-0.0512695288146162
1697.2,-0.39306638758014
1697.3,-0.34423826489935
1697.4,-0.441894510260924
1697.5,-0.148925774176196
1697.6,0.2905273299509
1697.7,0.217285145929719
1697.8,0.314941391291293
1697.9,0.0219726552065623
1698,0.241699207270113
1698.1,-0.34423826489935
1698.2,-0.808105430366837
1698.3,-0.17333983551659
1698.4,0.388183575312476
1698.5,0.046386716546958
1698.6,-0.17333983551659
1698.7,-0.34423826489935
1698.8,-0.29541014221856
1698.9,-0.0268554674742262
1699,-0.10009765149541
1699.1,-0.295410142218562
1699.2,0.388183575312482
1699.3,-0.246582019537772
1699.4,0.192871084589325
1699.5,0.119628900568139
1699.6,-0.148925774176197
1699.7,0.217285145929719
1699.8,0.0952148392277479
1699.9,-0.100097651495406
1700,0.241699207270111
1700.1,0.217285145929716
1700.2,0.534667943354846
1700.3,0.583496066035636
1700.4,-0.270996080878167
1700.5,0.51025388201445
1700.6,0.241699207270111
1700.7,-0.270996080878169
1700.8,-0.612792939643684
1700.9,-0.148925774176196
1701,-0.344238264899349
1701.1,-0.466308571601323
1701.2,-0.197753896856986
1701.3,0.0219726552065637
1701.4,0.412597636652872
1701.5,0.38818357531248
1701.6,-0.246582019537775
1701.7,-0.00244140613382768
1701.8,0.534667943354843
1701.9,0.0708007778873537
1702,-0.197753896856986
1702.1,0.534667943354843
1702.2,0.705566372737604
1702.3,0.559082004695236
1702.4,0.314941391291296
1702.5,0.144042961908534
1702.6,0.412597636652878
1702.7,0.144042961908534
1702.8,-0.490722632941717
1702.9,-0.588378878303291
1703,-0.00244140613383195
1703.1,0.192871084589326
1703.2,-0.197753896856986
1703.3,0.119628900568144
1703.4,0.314941391291295
1703.5,0.290527329950902
1703.6,-0.100097651495405
1703.7,-0.148925774176195
1703.8,-0.710449185005264
1703.9,-0.246582019537776
1704,0.290527329950906
1704.1,0.314941391291295
1704.2,-0.173339835516592
1704.3,-0.197753896856986
1704.4,0.168457023248931
1704.5,-0.148925774176189
1704.6,-0.270996080878169
1704.7,-0.34423826489935
1704.8,-0.0512695288146162
1704.9,0.607910127376024
1705,0.314941391291293
1705.1,-0.00244140613383337
1705.2,0.192871084589324
1705.3,0.192871084589322
1705.4,0.241699207270112
1705.5,0.266113268610505
1705.6,0.0952148392277437
1705.7,0.559082004695236
1705.8,0.388183575312475
1705.9,0.656738250056814
1706,0.77880855675879
1706.1,-0.1245117128358
1706.2,0.0708007778873522
1706.3,0.485839820674055
1706.4,0.412597636652876
1706.5,0.632324188716421
1706.6,0.852050740779968
1706.7,-0.0756835901550104
1706.8,0.0463867165469594
1706.9,0.412597636652875
1707,0.363769513972082
1707.1,0.339355452631689
1707.2,-0.0756835901550147
1707.3,0.339355452631689
1707.4,0.437011697993265
1707.5,0.63232418871642
1707.6,0.314941391291292
1707.7,0.241699207270112
1707.8,0.266113268610505
1707.9,0.485839820674053
1708,0.461425759333659
1708.1,0.534667943354842
1708.2,0.241699207270115
1708.3,0.241699207270112
1708.4,0.38818357531248
1708.5,0.388183575312478
1708.6,0.388183575312476
1708.7,0.363769513972086
1708.8,-0.0268554674742234
1708.9,-0.197753896856985
1709,0.705566372737603
1709.1,0.949706986141544
1709.2,0.607910127376023
1709.3,0.632324188716423
1709.4,0.363769513972086
1709.5,0.192871084589325
1709.6,0.534667943354843
1709.7,-0.197753896856985
1709.8,0.949706986141547
1709.9,1.21826166088588
1710,0.0952148392277451
1710.1,0.119628900568141
1710.2,0.41259763665287
1710.3,0.119628900568138
1710.4,-0.466308571601321
1710.5,-0.0756835901550133
1710.6,0.290527329950899
1710.7,0.144042961908535
1710.8,-0.710449185005268
1710.9,-0.710449185005265
1711,0.754394495418391
1711.1,0.900878863460756
1711.2,0.119628900568142
1711.3,0.437011697993266
1711.4,0.485839820674052
1711.5,0.339355452631692
1711.6,0.217285145929718
1711.7,-0.368652326239739
1711.8,-0.0512695288146219
1711.9,-0.0512695288146176
1712,0.192871084589324
1712.1,0.461425759333657
1712.2,0.852050740779968
1712.3,1.19384759954549
1712.4,0.0708007778873522
1712.5,0.0708007778873522
1712.6,0.168457023248928
1712.7,0.168457023248931
1712.8,0.119628900568141
1712.9,-0.00244140613382768
1713,0.192871084589325
1713.1,0.314941391291298
1713.2,0.485839820674053
1713.3,0.48583982067405
1713.4,0.290527329950902
1713.5,0.241699207270112
1713.6,0.363769513972082
1713.7,0.461425759333656
1713.8,-0.393066387580137
1713.9,-0.83251949170724
1714,-0.49072263294172
1714.1,0.778808556758787
1714.2,0.51025388201445
1714.3,0.607910127376024
1714.4,0.41259763665287
1714.5,0.559082004695237
1714.6,0.485839820674057
1714.7,0.51025388201445
1714.8,0.290527329950902
1714.9,0.510253882014447
1715,0.559082004695236
1715.1,0.534667943354844
1715.2,0.437011697993268
1715.3,0.485839820674053
1715.4,-0.27099608087817
1715.5,-0.173339835516592
1715.6,0.119628900568141
1715.7,0.41259763665287
1715.8,0.0219726552065637
1715.9,0.339355452631689
1716,0.33935545263169
1716.1,0.632324188716423
1716.2,0.754394495418393
1716.3,0.144042961908531
1716.4,-0.148925774176199
1716.5,0.656738250056819
1716.6,0.485839820674055
1716.7,-0.0268554674742262
1716.8,0.827636679439573
1716.9,1.07177729284352
1717,0.681152311397211
1717.1,0.485839820674053
1717.2,0.534667943354843
1717.3,0.192871084589324
1717.4,0.314941391291295
1717.5,0.632324188716423
1717.6,0.7055663727376
1717.7,1.02294917016273
1717.8,0.339355452631689
1717.9,-0.124511712835803
1718,0.80322261809918
1718.1,0.534667943354846
1718.2,0.217285145929715
1718.3,0.119628900568141
1718.4,0.485839820674053
1718.5,1.43798821294943
1718.6,0.729980434078003
1718.7,0.192871084589322
1718.8,0.0708007778873508
1718.9,0.632324188716423
1719,0.290527329950899
1719.1,0.314941391291293
1719.2,0.437011697993266
1719.3,0.681152311397207
1719.4,0.168457023248928
1719.5,-0.563964816962898
1719.6,-0.173339835516589
1719.7,0.7055663727376
1719.8,0.876464802120363
1719.9,0.607910127376029
1720,-0.051269528814619
1720.1,0.461425759333662
1720.2,0.656738250056814
1720.3,0.046386716546958
1720.4,0.485839820674056
1720.5,0.339355452631689
1720.6,-0.393066387580141
1720.7,-0.490722632941718
1720.8,0.0219726552065623
1720.9,0.144042961908532
1721,-0.0512695288146205
1721.1,0.632324188716423
1721.2,0.217285145929716
1721.3,-0.734863246345657
1721.4,-0.46630857160132
1721.5,0.339355452631688
1721.6,0.778808556758787
1721.7,0.583496066035633
1721.8,-0.173339835516592
1721.9,-0.197753896856985
1722,-0.148925774176197
1722.1,-0.0268554674742248
1722.2,-0.759277307686054
1722.3,-0.222167958197379
1722.4,0.632324188716417
1722.5,-0.173339835516589
1722.6,0.0219726552065609
1722.7,0.607910127376027
1722.8,-0.222167958197372
1722.9,-0.295410142218562
1723,-0.44189451026093
1723.1,-0.466308571601324
1723.2,-0.100097651495405
1723.3,0.290527329950899
1723.4,0.119628900568142
1723.5,-0.100097651495408
1723.6,-0.10009765149541
1723.7,0.0463867165469594
1723.8,-0.197753896856983
1723.9,-0.197753896856985
1724,-0.612792939643686
1724.1,-0.417480448920531
1724.2,-0.246582019537773
1724.3,-0.270996080878169
1724.4,-0.222167958197382
1724.5,0.510253882014447
1724.6,-0.148925774176197
1724.7,-0.00244140613383053
1724.8,0.168457023248928
1724.9,-0.124511712835802
1725,-0.0756835901550161
1725.1,0.437011697993265
1725.2,0.241699207270113
1725.3,-0.0512695288146162
1725.4,0.314941391291293
1725.5,0.0708007778873508
1725.6,-0.661621062324477
1725.7,-0.856933553047631
1725.8,-0.29541014221856
1725.9,-0.539550755622506
1726,-0.515136694282111
1726.1,-0.0512695288146233
1726.2,-0.124511712835802
1726.3,0.046386716546958
1726.4,0.0219726552065637
1726.5,-0.319824203558954
1726.6,-0.173339835516589
1726.7,-0.0268554674742248
1726.8,-0.49072263294172
1726.9,-0.246582019537773
1727,-0.197753896856982
1727.1,-0.393066387580137
1727.2,-0.27099608087817
1727.3,0.461425759333659
1727.4,0.0708007778873522
1727.5,-0.588378878303293
1727.6,-0.759277307686054
1727.7,-0.246582019537772
1727.8,0.314941391291292
1727.9,-0.148925774176196
1728,-0.246582019537775
1728.1,-0.246582019537779
1728.2,-0.783691369026448
1728.3,-0.979003859749595
1728.4,-0.68603512366487
1728.5,-0.563964816962901
1728.6,-0.39306638758014
1728.7,-0.246582019537773
1728.8,0.437011697993266
1728.9,0.461425759333663
1729,-0.00244140613383195
1729.1,-0.417480448920529
1729.2,-0.710449185005263
1729.3,-0.588378878303297
1729.4,-0.612792939643691
1729.5,-0.34423826489935
1729.6,-0.881347614388025
1729.7,-1.46728508655749
1729.8,-0.270996080878165
1729.9,0.0219726552065623
1730,-0.319824203558953
1730.1,-0.368652326239742
1730.2,-0.661621062324478
1730.3,-0.466308571601323
1730.4,-0.100097651495409
1730.5,-0.270996080878169
1730.6,-0.319824203558956
1730.7,-0.0268554674742262
1730.8,0.144042961908535
1730.9,0.339355452631689
1731,-0.246582019537776
1731.1,-1.05224604377079
1731.2,-0.270996080878169
1731.3,-0.0268554674742276
1731.4,-0.515136694282114
1731.5,-0.637207000984085
1731.6,-0.148925774176199
1731.7,-0.0756835901550133
1731.8,-0.734863246345658
1731.9,-0.10009765149541
1732,-0.0512695288146205
1732.1,-0.710449185005265
1732.2,-0.148925774176197
1732.3,0.046386716546958
1732.4,-0.173339835516587
1732.5,0.119628900568142
1732.6,0.168457023248931
1732.7,0.583496066035633
1732.8,0.290527329950899
1732.9,0.0463867165469551
1733,0.119628900568141
1733.1,0.0219726552065623
1733.2,-0.0756835901550104
1733.3,0.0463867165469566
1733.4,-0.173339835516589
1733.5,-0.515136694282114
1733.6,0.314941391291295
1733.7,-0.100097651495403
1733.8,-0.124511712835803
1733.9,-0.00244140613383195
1734,0.363769513972083
1734.1,-0.17333983551659
1734.2,0.36376951397208
1734.3,0.437011697993265
1734.4,0.363769513972082
1734.5,0.0463867165469594
1734.6,-0.0268554674742262
1734.7,0.119628900568142
1734.8,-0.466308571601321
1734.9,-0.588378878303291
1735,0.33935545263169
1735.1,0.290527329950899
1735.2,0.119628900568139
1735.3,0.0708007778873522
1735.4,-0.222167958197373
1735.5,-0.539550755622504
1735.6,-0.417480448920534
1735.7,0.2905273299509
1735.8,-0.173339835516592
1735.9,-0.588378878303297
1736,-0.00244140613382626
1736.1,0.60791012737603
1736.2,0.241699207270111
1736.3,-0.319824203558959
1736.4,-0.417480448920533
1736.5,-0.295410142218564
1736.6,-0.100097651495403
1736.7,0.266113268610505
1736.8,0.33935545263169
1736.9,-0.051269528814619
1737,-0.417480448920536
1737.1,-0.46630857160132
1737.2,0.339355452631689
1737.3,0.339355452631692
1737.4,0.0708007778873522
1737.5,0.266113268610506
1737.6,0.144042961908536
1737.7,-0.100097651495406
1737.8,0.388183575312482
1737.9,1.09619135418391
1738,0.168457023248929
1738.1,0.241699207270111
1738.2,-0.00244140613383053
1738.3,-0.270996080878169
1738.4,0.339355452631692
1738.5,0.705566372737603
1738.6,-0.588378878303293
1738.7,-0.368652326239744
1738.8,-0.124511712835802
1738.9,0.485839820674055
1739,0.925292924801153
1739.1,0.168457023248932
1739.2,-0.295410142218562
1739.3,-0.515136694282109
1739.4,0.43701169799327
1739.5,0.803222618099183
1739.6,0.0952148392277465
1739.7,-0.0268554674742262
1739.8,0.217285145929718
1739.9,-0.051269528814619
1740,0.119628900568141
1740.1,0.217285145929716
1740.2,-0.344238264899351
1740.3,-0.197753896856987
1740.4,0.412597636652872
1740.5,0.461425759333663
1740.6,0.485839820674053
1740.7,0.729980434078004
1740.8,-0.29541014221856
1740.9,0.0708007778873522
1741,0.461425759333663
1741.1,0.461425759333662
1741.2,0.949706986141545
1741.3,0.485839820674059
1741.4,0.0463867165469594
1741.5,-0.0268554674742248
1741.6,0.217285145929719
1741.7,0.0708007778873551
1741.8,0.0219726552065623
1741.9,0.97412104748194
1742,0.77880855675879
1742.1,0.729980434077996
1742.2,0.827636679439574
1742.3,-0.27099608087817
1742.4,-0.148925774176195
1742.5,0.2905273299509
1742.6,-0.197753896856985
1742.7,-0.00244140613382626
1742.8,-0.295410142218563
1742.9,-0.368652326239746
1743,0.046386716546958
1743.1,0.192871084589325
1743.2,0.632324188716419
1743.3,0.339355452631692
1743.4,0.0219726552065652
1743.5,0.192871084589322
1743.6,0.827636679439573
1743.7,0.876464802120365
1743.8,0.290527329950905
1743.9,0.217285145929719
1744,0.314941391291295
1744.1,-0.148925774176199
1744.2,0.192871084589324
1744.3,0.021972655206568
1744.4,0.0219726552065637
1744.5,0.729980434077997
1744.6,0.314941391291293
1744.7,-0.368652326239746
1744.8,-0.173339835516593
1744.9,0.217285145929716
1745,0.339355452631686
1745.1,-0.490722632941714
1745.2,0.363769513972082
1745.3,0.681152311397207
1745.4,0.0463867165469594
1745.5,0.119628900568141
1745.6,0.63232418871642
1745.7,0.75439449541839
1745.8,-0.246582019537775
1745.9,-0.222167958197379
1746,0.144042961908536
1746.1,0.0952148392277451
1746.2,0.607910127376029
1746.3,0.388183575312476
1746.4,-0.270996080878163
1746.5,-0.0756835901550133
1746.6,0.290527329950902
1746.7,1.09619135418391
1746.8,0.607910127376026
1746.9,-0.0268554674742205
1747,0.68115231139721
1747.1,0.827636679439577
1747.2,-0.173339835516592
1747.3,-0.710449185005267
1747.4,0.144042961908534
1747.5,0.607910127376027
1747.6,0.0952148392277451
1747.7,-0.197753896856982
1747.8,-0.197753896856986
1747.9,-0.759277307686055
1748,-0.0024414061338291
1748.1,0.437011697993266
1748.2,0.68115231139721
1748.3,0.388183575312475
1748.4,-0.00244140613383053
1748.5,0.144042961908535
1748.6,-0.100097651495406
1748.7,-0.222167958197382
1748.8,0.168457023248928
1748.9,-0.00244140613383053
1749,0.119628900568139
1749.1,-0.539550755622506
1749.2,0.0952148392277465
1749.3,0.339355452631689
1749.4,-0.17333983551659
1749.5,0.046386716546958
1749.6,0.363769513972085
1749.7,0.363769513972085
1749.8,-0.197753896856986
1749.9,0.0219726552065609
1750,0.0952148392277422
1750.1,0.217285145929722
1750.2,0.388183575312479
1750.3,0.632324188716421
1750.4,0.607910127376027
1750.5,-0.00244140613383053
1750.6,0.144042961908532
1750.7,-0.319824203558956
1750.8,-0.0512695288146205
1750.9,0.168457023248932
1751,0.363769513972088
1751.1,0.510253882014453
1751.2,1.16943353820509
1751.3,0.656738250056814
1751.4,0.363769513972085
1751.5,0.41259763665287
1751.6,0.339355452631693
1751.7,0.363769513972082
1751.8,0.192871084589329
1751.9,0.192871084589326
1752,0.0219726552065637
1752.1,0.144042961908536
1752.2,-0.22216795819738
1752.3,-0.00244140613382484
1752.4,0.51025388201445
1752.5,0.2905273299509
1752.6,-0.0512695288146205
1752.7,-0.0512695288146205
1752.8,-0.100097651495409
1752.9,-0.466308571601323
1753,-0.856933553047629
1753.1,-0.0512695288146176
1753.2,0.729980434078003
1753.3,0.217285145929718
1753.4,0.119628900568138
1753.5,0.33935545263169
1753.6,0.38818357531248
1753.7,0.0708007778873537
1753.8,-0.148925774176193
1753.9,0.437011697993266
1754,0.559082004695239
1754.1,-0.00244140613382626
1754.2,0.412597636652872
1754.3,0.754394495418397
1754.4,0.339355452631692
1754.5,0.534667943354843
1754.6,0.388183575312476
1754.7,0.144042961908534
1754.8,0.876464802120363
1754.9,0.119628900568145
1755,-0.197753896856983
1755.1,0.241699207270111
1755.2,-0.148925774176196
1755.3,0.94970698614155
1755.4,1.19384759954549
1755.5,0.778808556758787
1755.6,0.485839820674053
1755.7,0.41259763665287
1755.8,0.290527329950899
1755.9,-0.124511712835802
1756,-0.0268554674742248
1756.1,0.241699207270113
1756.2,0.705566372737601
1756.3,0.534667943354843
1756.4,-0.00244140613383053
1756.5,0.0708007778873494
1756.6,-0.100097651495409
1756.7,-0.466308571601323
1756.8,0.0952148392277479
1756.9,-0.148925774176195
1757,-0.441894510260929
1757.1,0.388183575312478
1757.2,0.534667943354843
1757.3,0.168457023248934
1757.4,-0.0756835901550119
1757.5,0.0463867165469608
1757.6,-0.0268554674742262
1757.7,0.510253882014449
1757.8,0.949706986141548
1757.9,0.48583982067406
1758,-0.0512695288146176
1758.1,0.0952148392277465
1758.2,0.778808556758793
1758.3,0.119628900568142
1758.4,-0.00244140613383195
1758.5,0.559082004695239
1758.6,0.729980434077997
1758.7,0.2905273299509
1758.8,0.0463867165469594
1758.9,0.388183575312478
1759,0.632324188716423
1759.1,0.461425759333659
1759.2,0.290527329950902
1759.3,-0.295410142218562
1759.4,0.583496066035632
1759.5,0.314941391291292
1759.6,0.485839820674053
1759.7,0.92529292480115
1759.8,0.290527329950899
1759.9,0.2905273299509
1760,0.583496066035632
1760.1,0.729980434077997
1760.2,0.778808556758786
1760.3,0.729980434077994
1760.4,1.04736323150312
1760.5,0.461425759333659
1760.6,0.949706986141545
1760.7,0.803222618099178
1760.8,0.607910127376027
1760.9,0.168457023248928
1761,0.144042961908535
1761.1,0.949706986141548
1761.2,1.16943353820509
1761.3,0.363769513972089
1761.4,0.85205074077997
1761.5,1.36474602892825
1761.6,0.656738250056813
1761.7,0.0952148392277479
1761.8,0.0708007778873494
1761.9,0.0952148392277451
1762,-0.319824203558956
1762.1,0.119628900568141
1762.2,0.485839820674056
1762.3,0.705566372737601
1762.4,-0.0268554674742248
1762.5,0.461425759333662
1762.6,1.1450194768647
1762.7,1.09619135418391
1762.8,0.461425759333662
1762.9,-0.100097651495409
1763,0.119628900568142
1763.1,0.412597636652875
1763.2,-0.148925774176199
1763.3,-0.246582019537773
1763.4,0.339355452631689
1763.5,0.412597636652869
1763.6,0.852050740779973
1763.7,0.75439449541839
1763.8,0.656738250056814
1763.9,0.2905273299509
1764,-0.051269528814619
1764.1,0.510253882014447
1764.2,0.827636679439574
1764.3,0.900878863460757
1764.4,0.656738250056816
1764.5,0.290527329950899
1764.6,0.266113268610508
1764.7,0.559082004695235
1764.8,0.583496066035633
1764.9,0.900878863460757
1765,0.998535108822337
1765.1,0.681152311397211
1765.2,0.363769513972086
1765.3,0.241699207270118
1765.4,0.0463867165469594
1765.5,0.314941391291295
1765.6,0.510253882014449
1765.7,1.1206054155243
1765.8,0.510253882014447
1765.9,0.485839820674053
1766,0.534667943354844
1766.1,0.168457023248929
1766.2,0.60791012737603
1766.3,0.607910127376026
1766.4,-0.0512695288146176
1766.5,-0.0268554674742234
1766.6,0.388183575312476
1766.7,0.437011697993266
1766.8,0.168457023248929
1766.9,0.412597636652873
1767,0.437011697993268
1767.1,0.437011697993266
1767.2,0.217285145929718
1767.3,-0.0268554674742191
1767.4,-0.00244140613383053
1767.5,0.485839820674056
1767.6,0.681152311397209
1767.7,-0.197753896856986
1767.8,0.388183575312479
1767.9,0.485839820674056
1768,0.41259763665287
1768.1,0.729980434078
1768.2,0.192871084589325
1768.3,0.217285145929719
1768.4,0.461425759333665
1768.5,0.33935545263169
1768.6,0.168457023248928
1768.7,0.583496066035632
1768.8,0.534667943354846
1768.9,0.339355452631688
1769,0.314941391291293
1769.1,0.900878863460756
1769.2,0.900878863460758
1769.3,1.09619135418391
1769.4,0.461425759333659
1769.5,-0.00244140613383337
1769.6,0.266113268610508
1769.7,0.656738250056816
1769.8,0.68115231139721
1769.9,0.974121047481941
1770,0.559082004695239
1770.1,0.607910127376027
1770.2,0.51025388201445
1770.3,0.485839820674056
1770.4,0.314941391291295
1770.5,-0.173339835516589
1770.6,-0.344238264899353
1770.7,0.266113268610503
1770.8,0.0219726552065609
1770.9,-0.417480448920534
1771,0.583496066035632
1771.1,0.876464802120363
1771.2,1.04736323150313
1771.3,1.24267572222628
1771.4,1.07177729284352
1771.5,1.04736323150312
1771.6,0.754394495418391
1771.7,1.09619135418391
1771.8,0.339355452631689
1771.9,0.51025388201445
1772,0.729980434077999
1772.1,0.803222618099181
1772.2,0.388183575312485
1772.3,0.949706986141547
1772.4,1.24267572222628
1772.5,0.632324188716421
1772.6,0.534667943354842
1772.7,0.97412104748194
1772.8,-0.051269528814619
1772.9,0.412597636652878
1773,0.3149413912913
1773.1,0.168457023248928
1773.2,0.778808556758786
1773.3,0.852050740779967
1773.4,0.900878863460758
1773.5,0.461425759333662
1773.6,0.778808556758786
1773.7,1.1450194768647
1773.8,1.24267572222627
1773.9,0.656738250056812
1774,0.705566372737601
1774.1,0.437011697993265
1774.2,0.437011697993272
1774.3,0.998535108822335
1774.4,0.90087886346076
1774.5,1.1206054155243
1774.6,0.85205074077997
1774.7,1.51123039697062
1774.8,1.34033196758785
1774.9,0.85205074077997
1775,0.510253882014456
1775.1,0.754394495418396
1775.2,1.41357415160904
1775.3,0.974121047481941
1775.4,0.55908200469524
1775.5,0.656738250056813
1775.6,0.900878863460757
1775.7,1.09619135418391
1775.8,1.5844725809918
1775.9,1.70654288769377
1776,1.38916009026864
1776.1,0.754394495418393
1776.2,1.24267572222628
1776.3,1.43798821294943
1776.4,0.803222618099181
1776.5,0.852050740779973
1776.6,0.681152311397211
1776.7,0.778808556758787
1776.8,1.24267572222628
1776.9,0.949706986141548
1777,0.974121047481941
1777.1,1.12060541552431
1777.2,1.26708978356667
1777.3,1.38916009026864
1777.4,1.24267572222628
1777.5,0.55908200469524
1777.6,-0.0756835901550133
1777.7,0.290527329950902
1777.8,0.876464802120363
1777.9,1.12060541552431
1778,1.31591790624746
1778.1,1.6088866423322
1778.2,1.63330070367259
1778.3,1.26708978356667
1778.4,0.778808556758784
1778.5,1.36474602892825
1778.6,1.1450194768647
1778.7,1.07177729284352
1778.8,1.38916009026864
1778.9,0.998535108822334
1779,0.827636679439578
1779.1,1.02294917016273
1779.2,1.04736323150312
1779.3,0.85205074077997
1779.4,1.46240227428983
1779.5,1.48681633563022
1779.6,1.02294917016273
1779.7,1.21826166088588
1779.8,0.876464802120364
1779.9,0.632324188716424
1780,1.19384759954549
1780.1,1.04736323150312
1780.2,0.925292924801153
1780.3,1.31591790624746
1780.4,0.754394495418391
1780.5,0.949706986141545
1780.6,1.26708978356667
1780.7,0.974121047481941
1780.8,0.974121047481944
1780.9,0.656738250056813
1781,0.485839820674055
1781.1,0.559082004695239
1781.2,0.583496066035633
1781.3,0.778808556758784
1781.4,0.876464802120363
1781.5,1.19384759954549
1781.6,1.04736323150312
1781.7,1.26708978356667
1781.8,0.58349606603563
1781.9,0.2905273299509
1782,0.607910127376032
1782.1,0.43701169799327
1782.2,0.119628900568142
1782.3,0.998535108822335
1782.4,1.1694335382051
1782.5,0.97412104748194
1782.6,1.1694335382051
1782.7,1.24267572222628
1782.8,1.07177729284352
1782.9,0.803222618099186
1783,0.949706986141547
1783.1,1.36474602892825
1783.2,0.63232418871642
1783.3,0.729980434077999
1783.4,1.24267572222628
1783.5,2.31689442120363
1783.6,2.07275380779968
1783.7,1.12060541552431
1783.8,1.1694335382051
1783.9,0.85205074077997
1784,0.607910127376024
1784.1,1.09619135418391
1784.2,1.48681633563022
1784.3,1.29150384490707
1784.4,0.90087886346076
1784.5,1.21826166088588
1784.6,1.04736323150312
1784.7,1.75537101037456
1784.8,1.34033196758786
1784.9,0.949706986141548
1785,1.26708978356667
1785.1,1.60888664233219
1785.2,1.34033196758786
1785.3,0.90087886346076
1785.4,0.778808556758786
1785.5,0.63232418871642
1785.6,1.09619135418391
1785.7,1.12060541552431
1785.8,0.607910127376027
1785.9,0.192871084589328
1786,0.778808556758787
1786.1,0.852050740779974
1786.2,0.46142575933366
1786.3,0.192871084589325
1786.4,0.144042961908539
1786.5,0.241699207270113
1786.6,0.290527329950902
1786.7,0.51025388201445
1786.8,0.58349606603563
1786.9,0.51025388201445
1787,0.51025388201445
1787.1,0.681152311397211
1787.2,0.534667943354846
1787.3,0.363769513972082
1787.4,1.04736323150312
1787.5,1.46240227428983
1787.6,0.778808556758788
1787.7,0.510253882014449
1787.8,0.827636679439574
1787.9,1.1450194768647
1788,1.04736323150313
1788.1,0.656738250056816
1788.2,0.63232418871642
1788.3,0.534667943354843
1788.4,1.02294917016273
1788.5,0.754394495418391
1788.6,0.437011697993266
1788.7,0.705566372737603
1788.8,1.34033196758786
1788.9,1.1450194768647
1789,0.314941391291295
1789.1,0.461425759333662
1789.2,0.559082004695239
1789.3,0.339355452631688
1789.4,0.803222618099181
1789.5,0.314941391291295
1789.6,0.119628900568142
1789.7,0.583496066035636
1789.8,0.681152311397207
1789.9,0.339355452631689
1790,-0.270996080878167
1790.1,-0.124511712835802
1790.2,0.43701169799327
1790.3,0.485839820674059
1790.4,0.607910127376029
1790.5,0.607910127376026
1790.6,0.656738250056819
1790.7,0.363769513972083
1790.8,0.314941391291299
1790.9,-0.319824203558957
1791,0.119628900568141
1791.1,0.0952148392277493
1791.2,0.729980434077999
1791.3,0.974121047481941
1791.4,0.583496066035632
1791.5,0.119628900568139
1791.6,0.217285145929721
1791.7,0.144042961908536
1791.8,0.144042961908536
1791.9,-0.0756835901550133
1792,0.0708007778873522
1792.1,0.192871084589326
1792.2,0.925292924801157
1792.3,0.803222618099184
1792.4,0.2905273299509
1792.5,0.485839820674057
1792.6,0.729980434077997
1792.7,0.632324188716417
1792.8,0.0463867165469566
1792.9,0.827636679439578
1793,0.827636679439576
1793.1,0.510253882014453
1793.2,0.485839820674055
1793.3,0.827636679439574
1793.4,0.510253882014447
1793.5,0.803222618099178
1793.6,0.998535108822335
1793.7,0.729980434077999
1793.8,0.754394495418396
1793.9,0.412597636652872
1794,0.949706986141547
1794.1,0.314941391291299
1794.2,0.559082004695239
1794.3,0.144042961908534
1794.4,0.77880855675879
1794.5,1.1694335382051
1794.6,0.754394495418394
1794.7,0.266113268610505
1794.8,0.534667943354844
1794.9,0.485839820674056
1795,-0.0512695288146162
1795.1,0.583496066035632
1795.2,1.1450194768647
1795.3,0.290527329950902
1795.4,0.241699207270113
1795.5,0.437011697993263
1795.6,0.656738250056816
1795.7,0.656738250056813
1795.8,0.144042961908536
1795.9,-0.295410142218562
1796,0.144042961908539
1796.1,0.046386716546958
1796.2,0.168457023248929
1796.3,-0.0024414061338291
1796.4,0.705566372737604
1796.5,0.607910127376026
1796.6,-0.368652326239744
1796.7,-0.270996080878167
1796.8,-0.295410142218562
1796.9,0.0952148392277479
1797,0.290527329950903
1797.1,0.63232418871642
1797.2,0.705566372737603
1797.3,0.656738250056814
1797.4,0.632324188716423
1797.5,0.0952148392277465
1797.6,0.119628900568141
1797.7,0.119628900568142
1797.8,0.681152311397211
1797.9,0.534667943354842
1798,-0.41748044892053
1798.1,0.168457023248929
1798.2,0.583496066035633
1798.3,-0.0756835901550119
1798.4,0.241699207270113
1798.5,0.534667943354843
1798.6,0.241699207270113
1798.7,-0.319824203558953
1798.8,-0.490722632941713
1798.9,0.168457023248929
1799,0.217285145929721
1799.1,0.510253882014452
1799.2,0.0708007778873551
1799.3,-0.344238264899346
1799.4,0.437011697993268
1799.5,0.485839820674055
1799.6,-0.0756835901550133
1799.7,0.241699207270112
1799.8,-0.00244140613383195
1799.9,-0.563964816962894
1800,0.290527329950902
1800.1,0.90087886346076
1800.2,1.07177729284352
1800.3,1.1694335382051
1800.4,0.437011697993266
1800.5,0.632324188716421
1800.6,0.339355452631689
1800.7,0.2905273299509
1800.8,0.51025388201445
1800.9,0.803222618099183
1801,0.314941391291302
1801.1,-0.29541014221856
1801.2,0.168457023248932
1801.3,0.437011697993266
1801.4,0.0708007778873537
1801.5,0.217285145929719
1801.6,0.46142575933366
1801.7,0.412597636652873
1801.8,0.80322261809918
1801.9,1.29150384490707
1802,0.778808556758787
1802.1,0.510253882014455
1802.2,0.192871084589322
1802.3,-0.368652326239742
1802.4,0.583496066035633
1802.5,0.77880855675879
1802.6,0.168457023248929
1802.7,0.363769513972085
1802.8,0.681152311397209
1802.9,0.266113268610508
1803,0.534667943354847
1803.1,1.24267572222628
1803.2,1.26708978356667
1803.3,0.217285145929721
1803.4,0.266113268610506
1803.5,0.607910127376026
1803.6,0.656738250056816
1803.7,0.607910127376026
1803.8,0.92529292480115
1803.9,0.778808556758786
1804,0.144042961908542
1804.1,0.0463867165469594
1804.2,0.388183575312476
1804.3,0.754394495418391
1804.4,0.778808556758786
1804.5,0.388183575312476
1804.6,0.46142575933366
1804.7,0.144042961908534
1804.8,-0.270996080878166
1804.9,0.192871084589324
1805,0.559082004695244
1805.1,-0.124511712835802
1805.2,-0.0512695288146205
1805.3,0.33935545263169
1805.4,0.827636679439578
1805.5,0.412597636652876
1805.6,0.0219726552065623
1805.7,0.485839820674055
1805.8,0.900878863460758
1805.9,0.388183575312476
1806,0.754394495418391
1806.1,0.876464802120363
1806.2,0.534667943354844
1806.3,0.852050740779967
1806.4,0.412597636652873
1806.5,-0.1245117128358
1806.6,0.168457023248931
1806.7,0.266113268610511
1806.8,-0.368652326239744
1806.9,0.0463867165469594
1807,0.144042961908535
1807.1,-0.124511712835803
1807.2,0.485839820674053
1807.3,0.437011697993265
1807.4,0.80322261809918
1807.5,0.82763667943958
1807.6,-0.100097651495409
1807.7,-0.0512695288146205
1807.8,0.99853510882234
1807.9,0.876464802120364
1808,0.852050740779967
1808.1,1.12060541552431
1808.2,0.363769513972083
1808.3,0.217285145929722
1808.4,0.485839820674059
1808.5,0.437011697993266
1808.6,0.144042961908534
1808.7,0.705566372737604
1808.8,0.314941391291298
1808.9,-0.246582019537773
1809,-0.246582019537772
1809.1,-0.0756835901550147
1809.2,-0.197753896856986
1809.3,-0.148925774176196
1809.4,-0.197753896856985
1809.5,0.119628900568141
1809.6,-0.100097651495409
1809.7,-1.17431635047275
1809.8,-0.173339835516587
1809.9,0.241699207270116
1810,-0.319824203558954
1810.1,-0.197753896856985
1810.2,0.168457023248929
1810.3,0.510253882014449
1810.4,0.217285145929715
1810.5,0.168457023248928
1810.6,-0.441894510260927
1810.7,-0.124511712835802
1810.8,-0.00244140613382768
1810.9,-0.637207000984083
1811,-0.905761675728418
1811.1,-0.246582019537772
1811.2,-0.466308571601321
1811.3,-0.173339835516586
1811.4,0.0219726552065637
1811.5,-0.637207000984081
1811.6,-0.368652326239746
1811.7,-0.563964816962894
1811.8,-0.319824203558954
1811.9,-0.808105430366844
1812,-1.02783198243039
1812.1,-0.393066387580139
1812.2,0.192871084589322
1812.3,-0.148925774176196
1812.4,-0.515136694282111
1812.5,-0.734863246345657
1812.6,-0.588378878303295
1812.7,-0.319824203558956
1812.8,-0.637207000984081
1812.9,-0.466308571601321
1813,-0.148925774176196
1813.1,0.168457023248928
1813.2,-0.515136694282111
1813.3,-1.4184569638767
1813.4,-0.73486324634566
1813.5,-0.466308571601323
1813.6,-0.979003859749602
1813.7,-0.246582019537772
1813.8,-0.17333983551659
1813.9,-0.270996080878167
1814,-0.466308571601321
1814.1,-0.0756835901550133
1814.2,-0.881347614388022
1814.3,-1.27197259583434
1814.4,-0.856933553047631
1814.5,-0.17333983551659
1814.6,-0.0756835901550133
1814.7,0.192871084589324
1814.8,-0.319824203558957
1814.9,-0.441894510260927
1815,-0.368652326239744
1815.1,0.144042961908535
1815.2,-0.00244140613383195
1815.3,-0.539550755622501
1815.4,-0.124511712835802
1815.5,-0.612792939643688
1815.6,-0.905761675728418
1815.7,-0.808105430366842
1815.8,-0.759277307686052
1815.9,-0.41748044892053
1816,-0.710449185005267
1816.1,-0.368652326239739
1816.2,-0.246582019537775
1816.3,-0.686035123664873
1816.4,0.0219726552065623
1816.5,-0.197753896856986
1816.6,0.0952148392277479
1816.7,0.510253882014449
1816.8,-0.515136694282111
1816.9,-0.10009765149541
1817,-0.197753896856983
1817.1,0.144042961908535
1817.2,0.0708007778873537
1817.3,-0.173339835516592
1817.4,0.241699207270111
1817.5,-0.00244140613383195
1817.6,0.534667943354844
1817.7,-0.22216795819738
1817.8,-1.07666010511118
1817.9,-0.075683590155009
1818,-0.466308571601324
1818.1,-0.661621062324473
1818.2,-0.832519491707237
1818.3,-0.148925774176196
1818.4,-0.17333983551659
1818.5,-0.954589798409211
1818.6,0.0219726552065652
1818.7,0.0952148392277465
1818.8,-0.148925774176199
1818.9,-0.0756835901550147
1819,-0.29541014221856
1819.1,-0.539550755622504
1819.2,0.0708007778873537
1819.3,0.168457023248929
1819.4,-0.124511712835802
1819.5,-0.17333983551659
1819.6,-0.051269528814619
1819.7,-0.0756835901550147
1819.8,-0.515136694282113
1819.9,0.192871084589325
1820,0.119628900568139
1820.1,-0.34423826489935
1820.2,-0.124511712835798
1820.3,-0.17333983551659
1820.4,-0.173339835516593
1820.5,-0.173339835516593
1820.6,-0.222167958197379
1820.7,0.412597636652873
1820.8,0.51025388201445
1820.9,0.144042961908535
1821,-0.17333983551659
1821.1,-0.710449185005263
1821.2,-0.0268554674742205
1821.3,1.07177729284352
1821.4,0.681152311397209
1821.5,-0.051269528814619
1821.6,-0.148925774176199
1821.7,-0.0268554674742248
1821.8,0.559082004695237
1821.9,0.778808556758784
1822,0.559082004695237
1822.1,1.26708978356667
1822.2,1.16943353820509
1822.3,0.217285145929716
1822.4,0.0952148392277465
1822.5,0.241699207270119
1822.6,0.461425759333663
1822.7,0.363769513972085
1822.8,0.559082004695237
1822.9,0.583496066035633
1823,0.119628900568141
1823.1,-0.0512695288146176
1823.2,0.388183575312475
1823.3,0.900878863460757
1823.4,0.925292924801151
1823.5,0.412597636652873
1823.6,0.729980434077997
1823.7,0.607910127376026
1823.8,0.363769513972083
1823.9,0.314941391291296
1824,0.0952148392277493
1824.1,0.534667943354843
1824.2,0.998535108822331
1824.3,0.925292924801154
1824.4,0.0708007778873522
1824.5,1.07177729284352
1824.6,0.949706986141547
1824.7,0.192871084589321
1824.8,0.559082004695237
1824.9,1.09619135418391
1825,0.754394495418391
1825.1,0.827636679439576
1825.2,1.46240227428982
1825.3,0.681152311397209
1825.4,-0.0024414061338291
1825.5,0.925292924801153
1825.6,0.729980434077999
1825.7,0.314941391291299
1825.8,0.681152311397206
1825.9,0.778808556758784
1826,0.33935545263169
1826.1,0.363769513972083
1826.2,-0.0756835901550133
1826.3,-0.246582019537775
1826.4,0.485839820674053
1826.5,0.632324188716419
1826.6,0.778808556758786
1826.7,1.1450194768647
1826.8,-0.1245117128358
1826.9,0.363769513972083
1827,1.1206054155243
1827.1,1.07177729284352
1827.2,0.559082004695236
1827.3,0.0463867165469566
1827.4,-0.0512695288146176
1827.5,0.0708007778873522
1827.6,0.412597636652872
1827.7,0.241699207270111
1827.8,0.778808556758784
1827.9,0.900878863460758
1828,0.656738250056816
1828.1,0.144042961908539
1828.2,1.04736323150312
1828.3,0.314941391291293
1828.4,0.0708007778873508
1828.5,0.266113268610505
1828.6,0.925292924801155
1828.7,0.803222618099184
1828.8,0.119628900568141
1828.9,0.534667943354842
1829,0.46142575933366
1829.1,0.656738250056816
1829.2,0.314941391291295
1829.3,0.461425759333662
1829.4,0.803222618099178
1829.5,0.510253882014446
1829.6,0.803222618099184
1829.7,0.607910127376023
1829.8,0.266113268610505
1829.9,0.998535108822335
1830,0.485839820674055
1830.1,-0.173339835516593
1830.2,0.119628900568141
1830.3,0.681152311397207
1830.4,1.04736323150312
1830.5,0.534667943354842
1830.6,0.510253882014449
1830.7,0.290527329950903
1830.8,0.681152311397213
1830.9,0.314941391291298
1831,0.339355452631688
1831.1,0.876464802120364
1831.2,0.339355452631688
1831.3,0.0708007778873508
1831.4,0.437011697993268
1831.5,-0.148925774176195
1831.6,-0.0756835901550147
1831.7,0.412597636652872
1831.8,-0.0268554674742248
1831.9,-0.148925774176195
1832,0.607910127376029
1832.1,0.437011697993269
1832.2,1.02294917016273
1832.3,0.266113268610503
1832.4,-0.0756835901550104
1832.5,0.510253882014453
1832.6,-0.173339835516592
1832.7,-0.661621062324478
1832.8,-0.490722632941717
1832.9,-0.051269528814619
1833,-0.637207000984078
1833.1,-0.0756835901550133
1833.2,0.192871084589322
1833.3,-0.368652326239746
1833.4,-0.856933553047629
1833.5,-0.368652326239746
1833.6,-0.661621062324474
1833.7,0.0952148392277451
1833.8,0.925292924801151
1833.9,-0.00244140613383053
1834,-0.441894510260927
1834.1,0.363769513972086
1834.2,0.119628900568141
1834.3,-0.441894510260927
1834.4,0.217285145929716
1834.5,-0.0512695288146205
1834.6,0.241699207270111
1834.7,0.046386716546958
1834.8,-0.051269528814619
1834.9,0.363769513972082
1835,0.852050740779971
1835.1,0.144042961908534
1835.2,-0.148925774176196
1835.3,-0.466308571601323
1835.4,-0.563964816962897
1835.5,-0.295410142218559
1835.6,-0.246582019537775
1835.7,0.388183575312478
1835.8,0.754394495418393
1835.9,0.0952148392277451
1836,0.510253882014447
1836.1,0.0219726552065623
1836.2,0.363769513972086
1836.3,0.510253882014452
1836.4,0.33935545263169
1836.5,-0.148925774176196
1836.6,-0.344238264899349
1836.7,-0.0512695288146205
1836.8,0.119628900568139
1836.9,0.0708007778873551
1837,-0.148925774176196
1837.1,-0.0756835901550161
1837.2,-0.00244140613383195
1837.3,-0.0756835901550147
1837.4,-0.417480448920534
1837.5,-0.100097651495408
1837.6,0.0952148392277493
1837.7,0.0219726552065623
1837.8,0.192871084589321
1837.9,-0.344238264899353
1838,-0.100097651495409
1838.1,-0.393066387580134
1838.2,-0.100097651495409
1838.3,-0.173339835516592
1838.4,-0.197753896856985
1838.5,0.388183575312478
1838.6,0.168457023248931
1838.7,0.290527329950903
1838.8,-0.124511712835802
1838.9,-0.0756835901550147
1839,0.266113268610506
1839.1,0.388183575312478
1839.2,0.461425759333663
1839.3,-0.00244140613382768
1839.4,0.119628900568141
1839.5,-0.270996080878169
1839.6,-0.00244140613383337
1839.7,-0.637207000984084
1839.8,-0.856933553047629
1839.9,0.266113268610506
1840,0.876464802120365
1840.1,0.0952148392277451
1840.2,0.412597636652872
1840.3,0.388183575312476
1840.4,0.437011697993268
1840.5,0.314941391291295
1840.6,0.388183575312476
1840.7,0.0952148392277465
1840.8,0.41259763665287
1840.9,-0.0268554674742248
1841,-0.759277307686051
1841.1,-0.1245117128358
1841.2,0.900878863460758
1841.3,0.412597636652879
1841.4,-0.100097651495406
1841.5,0.0463867165469637
1841.6,-0.686035123664871
1841.7,-0.319824203558956
1841.8,0.144042961908535
1841.9,0.534667943354842
1842,0.48583982067406
1842.1,0.607910127376029
1842.2,0.510253882014453
1842.3,0.266113268610506
1842.4,0.607910127376026
1842.5,0.290527329950899
1842.6,0.0952148392277465
1842.7,0.266113268610509
1842.8,0.168457023248932
1842.9,-0.930175737068809
1843,-0.124511712835802
1843.1,-0.100097651495405
1843.2,0.388183575312476
1843.3,0.510253882014452
1843.4,-0.0268554674742234
1843.5,0.217285145929716
1843.6,0.388183575312479
1843.7,0.314941391291293
1843.8,0.632324188716419
1843.9,0.705566372737604
1844,0.92529292480115
1844.1,0.7055663727376
1844.2,0.144042961908539
1844.3,0.168457023248929
1844.4,0.485839820674056
1844.5,0.778808556758783
1844.6,0.607910127376029
1844.7,0.412597636652872
1844.8,-0.00244140613383053
1844.9,0.485839820674056
1845,0.314941391291295
1845.1,-0.100097651495403
1845.2,0.119628900568139
1845.3,-0.0756835901550119
1845.4,0.241699207270113
1845.5,0.827636679439577
1845.6,0.729980434077997
1845.7,0.363769513972082
1845.8,0.290527329950899
1845.9,0.192871084589325
1846,0.437011697993265
1846.1,0.925292924801154
1846.2,0.729980434077999
1846.3,-0.00244140613383053
1846.4,-0.0512695288146219
1846.5,0.534667943354842
1846.6,-0.0512695288146205
1846.7,0.0219726552065694
1846.8,0.63232418871642
1846.9,0.97412104748194
1847,0.63232418871642
1847.1,0.68115231139721
1847.2,0.388183575312479
1847.3,0.192871084589321
1847.4,0.266113268610503
1847.5,1.12060541552431
1847.6,0.729980434077997
1847.7,0.363769513972085
1847.8,-0.100097651495406
1847.9,0.607910127376023
1848,0.607910127376029
1848.1,0.68115231139721
1848.2,0.705566372737601
1848.3,0.656738250056813
1848.4,0.485839820674053
1848.5,0.241699207270112
1848.6,0.0219726552065623
1848.7,-0.0512695288146176
1848.8,0.217285145929718
1848.9,0.681152311397207
1849,-0.0512695288146205
1849.1,-0.148925774176197
1849.2,0.339355452631692
1849.3,-0.0756835901550076
1849.4,-0.34423826489935
1849.5,0.534667943354842
1849.6,0.949706986141545
1849.7,0.290527329950898
1849.8,0.485839820674053
1849.9,0.0463867165469566
1850,0.0219726552065637
1850.1,0.266113268610506
1850.2,0.485839820674056
1850.3,0.607910127376027
1850.4,0.559082004695236
1850.5,-0.319824203558956
1850.6,-0.197753896856985
1850.7,0.266113268610508
1850.8,0.754394495418391
1850.9,0.412597636652873
1851,0.41259763665287
1851.1,-0.0268554674742248
1851.2,-0.319824203558957
1851.3,0.68115231139721
1851.4,0.36376951397208
1851.5,0.0952148392277465
1851.6,0.729980434077997
1851.7,0.266113268610506
1851.8,0.827636679439577
1851.9,1.16943353820509
1852,0.925292924801151
1852.1,1.09619135418391
1852.2,0.754394495418391
1852.3,0.900878863460756
1852.4,0.827636679439571
1852.5,0.290527329950899
1852.6,0.266113268610508
1852.7,0.412597636652873
1852.8,0.681152311397206
1852.9,0.607910127376026
1853,-0.051269528814619
1853.1,0.510253882014449
1853.2,0.119628900568138
1853.3,-0.270996080878167
1853.4,-0.100097651495408
1853.5,0.363769513972085
1853.6,0.583496066035632
1853.7,0.0708007778873537
1853.8,0.559082004695237
1853.9,1.26708978356667
1854,0.437011697993265
1854.1,0.583496066035632
1854.2,0.827636679439573
1854.3,0.754394495418393
1854.4,0.607910127376023
1854.5,0.900878863460757
1854.6,1.07177729284352
1854.7,0.80322261809918
1854.8,0.266113268610506
1854.9,-0.417480448920534
1855,0.0463867165469551
1855.1,0.0219726552065637
1855.2,0.388183575312479
1855.3,0.949706986141545
1855.4,0.827636679439573
1855.5,0.363769513972083
1855.6,-0.124511712835803
1855.7,-0.29541014221856
1855.8,0.58349606603563
1855.9,0.681152311397209
1856,0.754394495418391
1856.1,0.656738250056813
1856.2,1.12060541552431
1856.3,0.729980434077996
1856.4,0.241699207270113
1856.5,-0.319824203558956
1856.6,-0.197753896856986
1856.7,-0.0512695288146219
1856.8,0.0463867165469566
1856.9,-0.17333983551659
1857,-0.00244140613383053
1857.1,-0.197753896856985
1857.2,0.119628900568138
1857.3,0.656738250056814
1857.4,0.144042961908535
1857.5,0.266113268610505
1857.6,0.266113268610505
1857.7,-0.51513669428211
1857.8,0.119628900568141
1857.9,0.46142575933366
1858,0.144042961908534
1858.1,-0.344238264899347
1858.2,-0.41748044892053
1858.3,0.0708007778873508
1858.4,-0.197753896856982
1858.5,-0.0756835901550133
1858.6,0.266113268610506
1858.7,0.217285145929721
1858.8,0.876464802120367
1858.9,0.388183575312478
1859,-0.393066387580137
1859.1,-0.441894510260929
1859.2,0.314941391291298
1859.3,-0.00244140613383479
1859.4,-1.00341792109
1859.5,-1.00341792109
1859.6,-0.466308571601323
1859.7,0.339355452631689
1859.8,0.363769513972082
1859.9,0.412597636652873
1860,0.144042961908535
1860.1,-0.295410142218563
1860.2,-0.0756835901550147
1860.3,0.217285145929721
1860.4,0.339355452631689
1860.5,0.241699207270112
1860.6,0.510253882014447
1860.7,0.778808556758784
1860.8,0.534667943354842
1860.9,0.314941391291298
1861,0.217285145929716
1861.1,0.510253882014447
1861.2,0.314941391291295
1861.3,0.339355452631689
1861.4,0.607910127376024
1861.5,0.266113268610508
1861.6,0.266113268610506
1861.7,-0.00244140613383053
1861.8,-0.368652326239744
1861.9,0.876464802120363
1862,0.900878863460757
1862.1,0.217285145929718
1862.2,0.168457023248928
1862.3,0.876464802120361
1862.4,0.681152311397207
1862.5,0.314941391291298
1862.6,-0.783691369026447
1862.7,-0.197753896856986
1862.8,0.290527329950899
1862.9,0.583496066035633
1863,0.192871084589321
1863.1,-0.0756835901550147
1863.2,0.0952148392277479
1863.3,0.729980434077997
1863.4,-0.0512695288146205
1863.5,0.217285145929721
1863.6,0.681152311397209
1863.7,0.876464802120361
1863.8,1.02294917016273
1863.9,0.241699207270108
1864,0.534667943354843
1864.1,0.632324188716419
1864.2,0.632324188716419
1864.3,0.266113268610503
1864.4,0.412597636652869
1864.5,0.363769513972085
1864.6,0.0463867165469594
1864.7,-0.295410142218562
1864.8,-0.80810543036684
1864.9,-0.124511712835803
1865,0.485839820674059
1865.1,0.0219726552065623
1865.2,0.144042961908535
1865.3,0.363769513972083
1865.4,0.559082004695239
1865.5,0.388183575312476
1865.6,0.0708007778873537
1865.7,0.217285145929718
1865.8,0.827636679439577
1865.9,0.192871084589325
1866,0.0219726552065637
1866.1,0.0219726552065637
1866.2,0.168457023248931
1866.3,0.0463867165469551
1866.4,-0.29541014221856
1866.5,0.729980434078
1866.6,0.33935545263169
1866.7,-0.0268554674742276
1866.8,0.168457023248932
1866.9,-0.197753896856987
1867,-0.393066387580139
1867.1,-0.295410142218562
1867.2,0.168457023248934
1867.3,0.437011697993269
1867.4,0.485839820674056
1867.5,-0.441894510260927
1867.6,-0.36865232623974
1867.7,0.144042961908535
1867.8,0.192871084589324
1867.9,-0.832519491707238
1868,-0.759277307686051
1868.1,0.0952148392277479
1868.2,-0.0756835901550175
1868.3,-0.051269528814619
1868.4,-0.441894510260929
1868.5,-0.344238264899353
1868.6,-0.368652326239746
1868.7,-0.173339835516595
1868.8,0.0219726552065652
1868.9,0.0463867165469594
1869,-0.393066387580143
1869.1,-0.197753896856987
1869.2,-0.759277307686051
1869.3,-0.856933553047629
1869.4,-0.661621062324474
1869.5,-0.710449185005265
1869.6,-0.539550755622501
1869.7,-0.00244140613383195
1869.8,-0.417480448920534
1869.9,-0.881347614388024
1870,0.0219726552065637
1870.1,0.119628900568141
1870.2,-0.00244140613383195
1870.3,-0.270996080878166
1870.4,0.119628900568139
1870.5,-0.393066387580139
1870.6,-0.808105430366841
1870.7,-0.661621062324475
1870.8,-0.441894510260927
1870.9,-0.979003859749598
1871,-0.612792939643686
1871.1,-0.0024414061338291
1871.2,-0.490722632941717
1871.3,-0.441894510260926
1871.4,-0.173339835516592
1871.5,-0.100097651495409
1871.6,0.217285145929722
1871.7,-0.22216795819738
1871.8,-0.368652326239743
1871.9,0.0952148392277479
1872,-0.441894510260926
1872.1,-0.905761675728421
1872.2,-0.1245117128358
1872.3,-0.0756835901550133
1872.4,-0.588378878303293
1872.5,0.485839820674055
1872.6,0.412597636652873
1872.7,-0.222167958197382
1872.8,-0.490722632941717
1872.9,-0.856933553047627
1873,-0.905761675728418
1873.1,-0.39306638758014
1873.2,-0.1245117128358
1873.3,-0.246582019537772
1873.4,-0.954589798409205
1873.5,-0.539550755622506
1873.6,-0.368652326239747
1873.7,-0.222167958197382
1873.8,-0.441894510260927
1873.9,-0.588378878303291
1874,-0.563964816962903
1874.1,-0.368652326239746
1874.2,-1.07666010511118
1874.3,0.168457023248928
1874.4,-0.27099608087817
1874.5,0.0463867165469594
1874.6,-0.270996080878166
1874.7,-0.734863246345655
1874.8,-0.930175737068812
1874.9,-0.41748044892053
1875,0.0708007778873494
1875.1,0.119628900568144
1875.2,-0.051269528814619
1875.3,0.0219726552065623
1875.4,-0.710449185005264
1875.5,-0.222167958197379
1875.6,0.583496066035634
1875.7,-0.0756835901550147
1875.8,0.607910127376029
1875.9,0.217285145929718
1876,-0.539550755622507
1876.1,-0.295410142218562
1876.2,-0.124511712835802
1876.3,0.266113268610506
1876.4,0.58349606603563
1876.5,-0.0756835901550104
1876.6,-0.0756835901550119
1876.7,0.0708007778873508
1876.8,-0.319824203558959
1876.9,-0.0268554674742262
1877,-0.417480448920536
1877.1,-0.588378878303295
1877.2,0.0952148392277451
1877.3,0.119628900568139
1877.4,-0.0756835901550133
1877.5,-0.0268554674742305
1877.6,-0.0756835901550119
1877.7,0.192871084589324
1877.8,0.241699207270113
1877.9,-0.270996080878172
1878,-0.563964816962897
1878.1,0.437011697993266
1878.2,0.534667943354842
1878.3,-0.00244140613383195
1878.4,-0.100097651495408
1878.5,-0.295410142218557
1878.6,-0.515136694282109
1878.7,-0.0756835901550133
1878.8,0.241699207270109
1878.9,0.46142575933366
1879,-0.100097651495409
1879.1,-0.051269528814619
1879.2,0.0219726552065637
1879.3,-0.539550755622504
1879.4,-0.148925774176195
1879.5,-0.344238264899353
1879.6,-0.124511712835802
1879.7,-0.24658201953777
1879.8,-0.539550755622506
1879.9,-0.270996080878169
1880,0.388183575312482
1880.1,0.266113268610505
1880.2,-0.441894510260924
1880.3,-0.368652326239744
1880.4,-0.710449185005267
1880.5,-0.34423826489935
1880.6,-0.319824203558959
1880.7,-0.466308571601323
1880.8,0.656738250056813
1880.9,1.19384759954549
1881,0.534667943354843
1881.1,0.119628900568139
1881.2,-0.148925774176193
1881.3,0.192871084589324
1881.4,0.0219726552065637
1881.5,0.0952148392277479
1881.6,0.63232418871642
1881.7,0.168457023248926
1881.8,-0.148925774176196
1881.9,-0.0268554674742234
1882,-0.295410142218563
1882.1,-0.0512695288146219
1882.2,0.0463867165469551
1882.3,0.852050740779966
1882.4,0.412597636652872
1882.5,-0.295410142218562
1882.6,0.461425759333666
1882.7,0.729980434077996
1882.8,0.0463867165469566
1882.9,-0.0512695288146162
1883,0.217285145929719
1883.1,-0.295410142218562
1883.2,0.144042961908535
1883.3,0.900878863460756
1883.4,0.0708007778873508
1883.5,0.0708007778873537
1883.6,0.192871084589326
1883.7,0.46142575933366
1883.8,0.0952148392277465
1883.9,-0.148925774176197
1884,0.412597636652869
1884.1,0.144042961908532
1884.2,0.559082004695237
1884.3,0.437011697993268
1884.4,0.119628900568141
1884.5,-0.124511712835799
1884.6,0.412597636652869
1884.7,0.485839820674055
1884.8,0.827636679439573
1884.9,0.388183575312478
1885,-0.0268554674742234
1885.1,0.119628900568141
1885.2,0.0219726552065609
1885.3,1.16943353820509
1885.4,0.705566372737603
1885.5,-0.808105430366842
1885.6,-0.417480448920533
1885.7,0.485839820674056
1885.8,0.607910127376024
1885.9,0.0952148392277465
1886,0.412597636652875
1886.1,0.485839820674055
1886.2,0.339355452631689
1886.3,-0.368652326239744
1886.4,-0.00244140613383053
1886.5,0.144042961908538
1886.6,0.168457023248928
1886.7,0.192871084589324
1886.8,0.339355452631689
1886.9,0.43701169799327
1887,0.314941391291298
1887.1,0.632324188716423
1887.2,0.778808556758784
1887.3,0.559082004695239
1887.4,0.339355452631688
1887.5,0.314941391291295
1887.6,0.876464802120361
1887.7,0.510253882014446
1887.8,0.363769513972085
1887.9,0.168457023248928
1888,0.144042961908532
1888.1,0.192871084589322
1888.2,0.803222618099181
1888.3,0.510253882014449
1888.4,0.0952148392277465
1888.5,-0.515136694282113
1888.6,-0.00244140613382768
1888.7,0.656738250056816
1888.8,0.144042961908534
1888.9,0.363769513972082
1889,0.266113268610505
1889.1,0.192871084589321
1889.2,0.412597636652876
1889.3,0.0708007778873508
1889.4,0.241699207270113
1889.5,-0.368652326239744
1889.6,0.168457023248928
1889.7,0.144042961908532
1889.8,0.266113268610505
1889.9,0.681152311397209
1890,-0.10009765149541
1890.1,0.0463867165469566
1890.2,-0.124511712835802
1890.3,0.119628900568141
1890.4,0.412597636652872
1890.5,0.144042961908535
1890.6,0.998535108822335
1890.7,0.876464802120363
1890.8,0.0708007778873537
1890.9,0.314941391291296
1891,0.97412104748194
1891.1,0.583496066035632
1891.2,0.192871084589322
1891.3,0.412597636652869
1891.4,0.241699207270112
1891.5,0.144042961908536
1891.6,0.0463867165469608
1891.7,0.241699207270111
1891.8,0.0952148392277465
1891.9,-0.00244140613383195
1892,-0.222167958197377
1892.1,0.53466794335485
1892.2,0.583496066035632
1892.3,0.0219726552065623
1892.4,-0.295410142218563
1892.5,-0.148925774176192
1892.6,-0.197753896856986
1892.7,-0.368652326239747
1892.8,-0.124511712835799
1892.9,-0.100097651495403
1893,-0.0756835901550147
1893.1,0.388183575312479
1893.2,-0.246582019537776
1893.3,-0.881347614388021
1893.4,0.119628900568144
1893.5,0.290527329950903
1893.6,0.534667943354846
1893.7,-0.00244140613383195
1893.8,-0.0512695288146205
1893.9,0.144042961908536
1894,0.656738250056816
1894.1,0.63232418871642
1894.2,0.607910127376023
1894.3,-0.246582019537775
1894.4,0.363769513972086
1894.5,0.217285145929719
1894.6,-0.197753896856979
1894.7,0.0219726552065652
1894.8,0.41259763665287
1894.9,0.437011697993263
1895,0.339355452631688
1895.1,-0.466308571601323
1895.2,-0.832519491707235
1895.3,0.0219726552065623
1895.4,0.0952148392277508
1895.5,-0.319824203558956
1895.6,-0.319824203558957
1895.7,0.0708007778873551
1895.8,0.2905273299509
1895.9,0.241699207270115
1896,-0.197753896856983
1896.1,0.266113268610505
1896.2,0.290527329950898
1896.3,-0.148925774176196
1896.4,-0.222167958197377
1896.5,0.314941391291302
1896.6,0.510253882014449
1896.7,1.21826166088588
1896.8,0.900878863460758
1896.9,0.290527329950899
1897,-0.490722632941717
1897.1,-0.393066387580141
1897.2,-0.270996080878167
1897.3,-0.197753896856985
1897.4,-0.00244140613382626
1897.5,-0.0268554674742248
1897.6,0.168457023248932
1897.7,0.168457023248928
1897.8,0.412597636652869
1897.9,-0.124511712835802
1898,0.314941391291293
1898.1,0.827636679439577
1898.2,0.607910127376032
1898.3,0.0463867165469566
1898.4,0.559082004695239
1898.5,0.510253882014455
1898.6,0.266113268610511
1898.7,0.778808556758786
1898.8,0.559082004695242
1898.9,-0.344238264899351
1899,-0.588378878303295
1899.1,0.0952148392277451
1899.2,1.07177729284352
1899.3,1.36474602892825
1899.4,1.09619135418391
1899.5,0.168457023248931
1899.6,-0.466308571601323
1899.7,0.144042961908535
1899.8,0.534667943354842
1899.9,0.534667943354844
1900,0.217285145929719
1900.1,-0.0268554674742205
1900.2,0.217285145929718
1900.3,1.41357415160904
1900.4,1.75537101037456
1900.5,0.75439449541839
1900.6,0.0952148392277437
1900.7,0.168457023248931
1900.8,0.217285145929721
1900.9,0.0952148392277465
1901,0.852050740779968
1901.1,-0.0512695288146176
1901.2,-0.515136694282113
1901.3,0.217285145929721
1901.4,0.559082004695239
1901.5,0.681152311397209
1901.6,0.461425759333662
1901.7,0.388183575312478
1901.8,0.412597636652873
1901.9,0.729980434077999
1902,0.681152311397209
1902.1,0.51025388201445
1902.2,0.144042961908532
1902.3,0.119628900568138
1902.4,0.656738250056816
1902.5,0.534667943354846
1902.6,0.0708007778873508
1902.7,0.363769513972085
1902.8,0.534667943354843
1902.9,-0.270996080878166
1903,0.363769513972088
1903.1,0.80322261809918
1903.2,0.583496066035633
1903.3,0.754394495418394
1903.4,0.632324188716421
1903.5,-0.0268554674742248
1903.6,-0.051269528814619
1903.7,0.266113268610505
1903.8,-0.686035123664871
1903.9,-0.393066387580133
1904,0.290527329950903
1904.1,0.0219726552065652
1904.2,0.290527329950898
1904.3,0.192871084589324
1904.4,0.168457023248928
1904.5,0.681152311397211
1904.6,0.0219726552065637
1904.7,-0.197753896856979
1904.8,-0.173339835516595
1904.9,-0.0268554674742248
1905,0.681152311397207
1905.1,0.852050740779968
1905.2,0.363769513972088
1905.3,-0.051269528814619
1905.4,0.681152311397209
1905.5,-0.00244140613383195
1905.6,0.0219726552065652
1905.7,0.0708007778873494
1905.8,-0.466308571601321
1905.9,-0.222167958197377
1906,-0.173339835516589
1906.1,-0.148925774176196
1906.2,-0.246582019537773
1906.3,0.144042961908534
1906.4,-0.588378878303293
1906.5,-0.637207000984083
1906.6,-0.197753896856985
1906.7,-0.148925774176195
1906.8,-0.051269528814619
1906.9,-0.00244140613383053
1907,-0.661621062324473
1907.1,-0.34423826489935
1907.2,0.241699207270113
1907.3,0.0463867165469608
1907.4,0.412597636652875
1907.5,0.241699207270111
1907.6,-0.100097651495408
1907.7,-0.368652326239742
1907.8,0.0463867165469622
1907.9,0.607910127376026
1908,0.168457023248929
1908.1,0.144042961908534
1908.2,0.485839820674057
1908.3,-0.612792939643688
1908.4,0.0708007778873494
1908.5,-0.0512695288146162
1908.6,0.314941391291293
1908.7,0.192871084589325
1908.8,-0.0268554674742205
1908.9,0.0708007778873522
1909,-0.173339835516595
1909.1,0.461425759333659
1909.2,-0.0756835901550104
1909.3,0.241699207270116
1909.4,0.607910127376033
1909.5,0.168457023248929
1909.6,-0.29541014221856
1909.7,-0.417480448920529
1909.8,-0.0024414061338291
1909.9,0.681152311397214
1910,0.168457023248929
1910.1,0.0708007778873551
1910.2,-0.466308571601321
1910.3,-0.46630857160132
1910.4,-0.00244140613383195
1910.5,-0.0756835901550133
1910.6,-0.0024414061338291
1910.7,0.168457023248932
1910.8,0.632324188716419
1910.9,-0.100097651495406
1911,-0.319824203558954
1911.1,0.437011697993268
1911.2,-0.0268554674742191
1911.3,-0.39306638758014
1911.4,-0.344238264899353
1911.5,-0.0024414061338291
1911.6,-0.100097651495406
1911.7,0.314941391291296
1911.8,-0.270996080878162
1911.9,-0.759277307686055
1912,-0.856933553047634
1912.1,-0.466308571601326
1912.2,-0.222167958197376
1912.3,-0.51513669428211
1912.4,-0.710449185005264
1912.5,0.314941391291293
1912.6,0.0219726552065623
1912.7,-0.441894510260929
1912.8,-0.319824203558954
1912.9,-0.319824203558956
1913,-0.563964816962898
1913.1,-0.759277307686055
1913.2,-0.319824203558956
1913.3,0.0708007778873522
1913.4,-0.075683590155009
1913.5,-0.051269528814619
1913.6,-0.539550755622506
1913.7,-0.417480448920531
1913.8,0.0463867165469566
1913.9,0.559082004695239
1914,0.0219726552065637
1914.1,-1.07666010511118
1914.2,-0.124511712835802
1914.3,0.314941391291295
1914.4,-0.197753896856987
1914.5,-0.0756835901550133
1914.6,0.681152311397211
1914.7,0.217285145929719
1914.8,-0.490722632941717
1914.9,-0.612792939643687
1915,-0.637207000984081
1915.1,-0.124511712835803
1915.2,-0.368652326239747
1915.3,-0.368652326239743
1915.4,-0.417480448920529
1915.5,0.314941391291296
1915.6,-0.197753896856985
1915.7,-0.319824203558957
1915.8,0.339355452631693
1915.9,-0.24658201953777
1916,-0.0756835901550076
1916.1,-0.0512695288146148
1916.2,-0.295410142218562
1916.3,-0.10009765149541
1916.4,0.0708007778873579
1916.5,-0.0268554674742219
1916.6,0.0708007778873551
1916.7,-0.466308571601317
1916.8,-0.539550755622507
1916.9,0.0708007778873537
1917,0.168457023248929
1917.1,0.290527329950905
1917.2,0.33935545263169
1917.3,0.0708007778873522
1917.4,0.485839820674062
1917.5,-0.0756835901550119
1917.6,-0.5639648169629
1917.7,-0.0268554674742262
1917.8,0.241699207270121
1917.9,0.168457023248929
1918,-0.17333983551659
1918.1,-0.173339835516587
1918.2,0.168457023248931
1918.3,0.0219726552065652
1918.4,-0.295410142218566
1918.5,0.241699207270112
1918.6,0.559082004695239
1918.7,0.534667943354842
1918.8,0.290527329950903
1918.9,0.144042961908536
1919,-0.222167958197379
1919.1,0.168457023248926
1919.2,0.119628900568138
1919.3,-0.148925774176195
1919.4,0.144042961908539
1919.5,0.192871084589325
1919.6,-0.197753896856987
1919.7,-0.441894510260926
1919.8,-0.515136694282111
1919.9,0.0952148392277451
1920,0.485839820674056
1920.1,0.241699207270112
1920.2,0.339355452631686
1920.3,0.070800777887348
1920.4,0.0708007778873494
1920.5,0.31494139129129
1920.6,0.192871084589328
1920.7,0.0219726552065652
1920.8,-0.783691369026448
1920.9,-0.539550755622504
1921,-0.319824203558959
1921.1,-0.197753896856979
1921.2,0.241699207270115
1921.3,0.607910127376027
1921.4,-0.148925774176196
1921.5,-0.270996080878166
1921.6,0.0463867165469608
1921.7,0.705566372737606
1921.8,0.632324188716426
1921.9,-0.0024414061338291
1922,-0.417480448920536
1922.1,-0.100097651495409
1922.2,0.314941391291293
1922.3,-0.270996080878167
1922.4,0.339355452631689
1922.5,0.46142575933366
1922.6,0.192871084589324
1922.7,0.363769513972083
1922.8,0.363769513972085
1922.9,0.0952148392277437
1923,0.0952148392277479
1923.1,-0.148925774176196
1923.2,0.0219726552065652
1923.3,-0.100097651495409
1923.4,0.656738250056814
1923.5,0.266113268610509
1923.6,-0.295410142218562
1923.7,-0.24658201953777
1923.8,0.0952148392277437
1923.9,-0.197753896856983
1924,-0.441894510260923
1924.1,-0.637207000984081
1924.2,-0.197753896856986
1924.3,0.217285145929721
1924.4,-0.173339835516592
1924.5,-0.148925774176192
1924.6,0.314941391291296
1924.7,0.559082004695236
1924.8,0.192871084589326
1924.9,0.437011697993266
1925,0.339355452631692
1925.1,-0.197753896856983
1925.2,-0.0268554674742234
1925.3,0.949706986141545
1925.4,0.290527329950903
1925.5,-0.29541014221856
1925.6,-0.246582019537773
1925.7,-0.0756835901550147
1925.8,0.241699207270112
1925.9,0.0952148392277493
1926,0.0708007778873551
1926.1,-0.100097651495406
1926.2,-0.417480448920531
1926.3,-0.197753896856983
1926.4,0.33935545263169
1926.5,0.437011697993269
1926.6,0.949706986141547
1926.7,0.705566372737603
1926.8,0.266113268610509
1926.9,-0.148925774176197
1927,-0.124511712835799
1927.1,0.266113268610509
1927.2,0.241699207270113
1927.3,-0.246582019537775
1927.4,-0.124511712835796
1927.5,-0.34423826489935
1927.6,-0.563964816962897
1927.7,-0.319824203558954
1927.8,0.217285145929718
1927.9,0.754394495418396
1928,0.510253882014449
1928.1,-0.29541014221856
1928.2,0.266113268610505
1928.3,0.632324188716419
1928.4,0.534667943354843
1928.5,0.412597636652875
1928.6,0.803222618099183
1928.7,0.119628900568139
1928.8,0.241699207270111
1928.9,0.559082004695237
1929,0.241699207270112
1929.1,0.437011697993266
1929.2,-0.246582019537772
1929.3,0.290527329950899
1929.4,0.705566372737604
1929.5,0.485839820674055
1929.6,0.192871084589324
1929.7,0.217285145929719
1929.8,0.534667943354843
1929.9,0.534667943354843
1930,0.217285145929718
1930.1,0.0708007778873565
1930.2,0.144042961908536
1930.3,0.217285145929718
1930.4,0.119628900568145
1930.5,-0.0756835901550133
1930.6,0.144042961908536
1930.7,-0.148925774176193
1930.8,0.0463867165469566
1930.9,0.0952148392277465
1931,0.583496066035634
1931.1,-0.124511712835795
1931.2,-0.368652326239743
1931.3,-0.100097651495406
1931.4,-0.34423826489935
1931.5,-0.393066387580136
1931.6,0.583496066035632
1931.7,1.19384759954549
1931.8,0.510253882014452
1931.9,0.266113268610508
1932,-0.00244140613382768
1932.1,-0.661621062324475
1932.2,-0.490722632941714
1932.3,-0.197753896856983
1932.4,0.119628900568141
1932.5,-0.0268554674742248
1932.6,0.0952148392277465
1932.7,0.0463867165469608
1932.8,-0.100097651495409
1932.9,-0.29541014221856
1933,-0.319824203558953
1933.1,-0.319824203558956
1933.2,-0.148925774176199
1933.3,-0.270996080878166
1933.4,0.021972655206568
1933.5,-0.466308571601321
1933.6,-0.466308571601321
1933.7,-0.22216795819738
1933.8,0.0952148392277465
1933.9,0.290527329950903
1934,0.168457023248931
1934.1,0.0463867165469566
1934.2,0.363769513972083
1934.3,-0.0756835901550104
1934.4,0.510253882014449
1934.5,0.168457023248931
1934.6,-0.661621062324473
1934.7,-0.41748044892053
1934.8,0.0219726552065637
1934.9,0.0952148392277465
1935,-0.0756835901550133
1935.1,-0.270996080878167
1935.2,-0.0512695288146219
1935.3,-0.319824203558956
1935.4,-0.319824203558953
1935.5,0.119628900568142
1935.6,-0.173339835516589
1935.7,0.144042961908535
1935.8,-0.0756835901550119
1935.9,-0.246582019537769
1936,-0.148925774176196
1936.1,-0.0024414061338291
1936.2,-0.0756835901550119
1936.3,0.0708007778873508
1936.4,0.0708007778873522
1936.5,-0.222167958197376
1936.6,0.485839820674057
1936.7,0.778808556758786
1936.8,0.046386716546958
1936.9,0.0219726552065595
1937,0.363769513972083
1937.1,0.119628900568139
1937.2,-0.00244140613383053
1937.3,0.168457023248932
1937.4,-0.319824203558959
1937.5,-0.490722632941716
1937.6,-0.686035123664868
1937.7,-0.490722632941714
1937.8,-0.0756835901550119
1937.9,0.0708007778873508
1938,0.2905273299509
1938.1,0.0708007778873565
1938.2,-0.441894510260927
1938.3,-0.734863246345658
1938.4,-0.0756835901550119
1938.5,0.559082004695239
1938.6,-0.295410142218563
1938.7,-0.417480448920536
1938.8,-0.148925774176195
1938.9,0.192871084589326
1939,0.266113268610508
1939.1,-0.393066387580136
1939.2,0.0952148392277437
1939.3,-0.0756835901550133
1939.4,0.144042961908534
1939.5,0.119628900568142
1939.6,-0.319824203558953
1939.7,-0.148925774176193
1939.8,0.119628900568141
1939.9,0.2905273299509
1940,0.68115231139721
1940.1,0.485839820674055
1940.2,-0.734863246345654
1940.3,-0.148925774176196
1940.4,0.632324188716421
1940.5,0.168457023248929
1940.6,-0.00244140613383195
1940.7,0.314941391291295
1940.8,0.0708007778873522
1940.9,0.0219726552065666
1941,0.241699207270116
1941.1,0.241699207270115
1941.2,0.168457023248926
1941.3,0.559082004695236
1941.4,0.314941391291298
1941.5,0.192871084589321
1941.6,0.729980434077996
1941.7,0.583496066035634
1941.8,0.510253882014455
1941.9,0.241699207270112
1942,-0.124511712835802
1942.1,0.119628900568141
1942.2,0.0952148392277479
1942.3,-0.00244140613383053
1942.4,-0.197753896856983
1942.5,0.241699207270116
1942.6,-0.00244140613383053
1942.7,0.0708007778873508
1942.8,0.266113268610509
1942.9,0.0708007778873551
1943,-0.0512695288146219
1943.1,-0.0756835901550133
1943.2,0.339355452631692
1943.3,0.559082004695242
1943.4,0.0708007778873508
1943.5,0.314941391291293
1943.6,0.58349606603563
1943.7,0.998535108822335
1943.8,0.144042961908536
1943.9,0.339355452631688
1944,0.241699207270109
1944.1,0.437011697993265
1944.2,0.241699207270112
1944.3,0.656738250056813
1944.4,0.363769513972085
1944.5,-0.0512695288146176
1944.6,0.485839820674056
1944.7,0.92529292480115
1944.8,0.852050740779967
1944.9,0.144042961908534
1945,0.0463867165469566
1945.1,0.168457023248928
1945.2,0.314941391291293
1945.3,0.217285145929721
1945.4,0.241699207270111
1945.5,0.0219726552065637
1945.6,0.607910127376029
1945.7,0.75439449541839
1945.8,0.729980434077996
1945.9,1.04736323150313
1946,0.656738250056816
1946.1,1.21826166088589
1946.2,0.900878863460754
1946.3,0.363769513972082
1946.4,-0.148925774176196
1946.5,0.0708007778873508
1946.6,0.534667943354842
1946.7,1.02294917016273
1946.8,1.21826166088589
1946.9,0.412597636652872
1947,0.339355452631692
1947.1,0.437011697993265
1947.2,0.632324188716419
1947.3,0.900878863460757
1947.4,0.266113268610506
1947.5,0.754394495418391
1947.6,0.632324188716419
1947.7,0.339355452631689
1947.8,0.144042961908535
1947.9,-0.124511712835802
1948,0.60791012737603
1948.1,0.827636679439574
1948.2,0.0708007778873494
1948.3,0.363769513972082
1948.4,0.852050740779971
1948.5,0.77880855675879
1948.6,0.974121047481938
1948.7,0.827636679439574
1948.8,0.876464802120363
1948.9,0.656738250056813
1949,0.0463867165469551
1949.1,0.0219726552065623
1949.2,0.510253882014449
1949.3,0.55908200469524
1949.4,0.729980434077997
1949.5,0.363769513972083
1949.6,0.339355452631689
1949.7,0.241699207270112
1949.8,0.583496066035632
1949.9,0.119628900568141
1950,0.266113268610509
1950.1,0.705566372737603
1950.2,1.31591790624746
1950.3,0.827636679439573
1950.4,0.681152311397213
1950.5,0.75439449541839
1950.6,0.290527329950902
1950.7,0.38818357531248
1950.8,0.632324188716423
1950.9,0.852050740779967
1951,0.705566372737607
1951.1,0.266113268610506
1951.2,0.705566372737607
1951.3,1.21826166088588
1951.4,0.876464802120363
1951.5,0.583496066035633
1951.6,0.852050740779973
1951.7,1.12060541552431
1951.8,0.363769513972083
1951.9,1.07177729284352
1952,1.09619135418391
1952.1,0.241699207270112
1952.2,-0.0756835901550147
1952.3,0.534667943354847
1952.4,0.363769513972086
1952.5,-0.124511712835803
1952.6,0.437011697993266
1952.7,0.754394495418393
1952.8,-0.222167958197377
1952.9,0.51025388201445
1953,0.778808556758783
1953.1,0.36376951397208
1953.2,0.314941391291296
1953.3,0.485839820674059
1953.4,0.0219726552065623
1953.5,-0.490722632941716
1953.6,0.168457023248931
1953.7,0.46142575933366
1953.8,0.461425759333659
1953.9,0.217285145929719
1954,0.290527329950899
1954.1,-0.563964816962896
1954.2,-0.270996080878166
1954.3,0.852050740779968
1954.4,1.34033196758786
1954.5,1.19384759954549
1954.6,0.949706986141547
1954.7,0.778808556758786
1954.8,-0.295410142218559
1954.9,0.632324188716424
1955,1.12060541552431
1955.1,0.192871084589319
1955.2,0.900878863460758
1955.3,0.461425759333662
1955.4,-0.0756835901550147
1955.5,0.192871084589324
1955.6,0.510253882014453
1955.7,0.729980434078
1955.8,0.559082004695236
1955.9,0.0708007778873522
1956,-0.100097651495406
1956.1,0.0219726552065637
1956.2,0.656738250056814
1956.3,0.388183575312479
1956.4,-0.368652326239743
1956.5,0.363769513972083
1956.6,0.974121047481944
1956.7,0.852050740779966
1956.8,0.559082004695237
1956.9,0.85205074077997
1957,0.485839820674055
1957.1,0.046386716546958
1957.2,-0.00244140613383053
1957.3,0.632324188716417
1957.4,1.31591790624746
1957.5,0.388183575312475
1957.6,0.705566372737603
1957.7,0.778808556758786
1957.8,1.34033196758786
1957.9,0.632324188716423
1958,0.0219726552065623
1958.1,0.559082004695242
1958.2,0.290527329950902
1958.3,0.0219726552065666
1958.4,0.852050740779971
1958.5,0.949706986141547
1958.6,0.534667943354844
1958.7,0.388183575312478
1958.8,-0.148925774176197
1958.9,0.388183575312482
1959,0.729980434077996
1959.1,0.80322261809918
1959.2,-0.100097651495408
1959.3,-0.734863246345657
1959.4,0.0219726552065637
1959.5,0.314941391291295
1959.6,0.119628900568141
1959.7,-0.124511712835802
1959.8,-0.0756835901550147
1959.9,0.65673825005682
1960,1.09619135418391
1960.1,1.19384759954549
1960.2,0.900878863460758
1960.3,0.485839820674056
1960.4,0.681152311397213
1960.5,0.168457023248928
1960.6,0.437011697993266
1960.7,0.485839820674053
1960.8,0.754394495418393
1960.9,0.681152311397207
1961,0.778808556758788
1961.1,0.607910127376026
1961.2,0.363769513972086
1961.3,0.68115231139721
1961.4,1.29150384490707
1961.5,0.876464802120364
1961.6,0.0952148392277465
1961.7,0.217285145929721
1961.8,0.461425759333662
1961.9,0.144042961908536
1962,0.827636679439577
1962.1,1.29150384490707
1962.2,-0.222167958197379
1962.3,-0.417480448920531
1962.4,0.485839820674059
1962.5,0.607910127376029
1962.6,0.75439449541839
1962.7,0.510253882014447
1962.8,0.266113268610505
1962.9,-0.222167958197379
1963,-0.148925774176195
1963.1,0.192871084589321
1963.2,0.729980434078
1963.3,0.998535108822338
1963.4,0.144042961908535
1963.5,-0.00244140613382626
1963.6,0.339355452631686
1963.7,0.705566372737604
1963.8,1.04736323150313
1963.9,0.778808556758786
1964,0.63232418871642
1964.1,0.388183575312479
1964.2,0.168457023248929
1964.3,-0.368652326239744
1964.4,-0.246582019537772
1964.5,0.290527329950903
1964.6,0.583496066035632
1964.7,0.90087886346076
1964.8,0.803222618099184
1964.9,0.290527329950899
1965,0.217285145929722
1965.1,0.705566372737603
1965.2,0.38818357531248
1965.3,0.485839820674056
1965.4,0.363769513972085
1965.5,0.534667943354842
1965.6,0.827636679439576
1965.7,0.607910127376027
1965.8,-0.00244140613382768
1965.9,-0.393066387580139
1966,0.0219726552065637
1966.1,-0.0756835901550147
1966.2,0.168457023248931
1966.3,0.729980434077999
1966.4,0.559082004695242
1966.5,0.68115231139721
1966.6,0.656738250056817
1966.7,0.290527329950898
1966.8,0.314941391291293
1966.9,-0.148925774176192
1967,0.0708007778873537
1967.1,0.632324188716427
1967.2,0.705566372737604
1967.3,0.339355452631692
1967.4,0.266113268610505
1967.5,0.656738250056814
1967.6,0.705566372737607
1967.7,0.827636679439577
1967.8,0.852050740779968
1967.9,0.998535108822337
1968,0.925292924801154
1968.1,0.559082004695237
1968.2,0.827636679439576
1968.3,0.632324188716421
1968.4,0.974121047481941
1968.5,0.485839820674059
1968.6,0.266113268610509
1968.7,0.266113268610506
1968.8,0.266113268610508
1968.9,0.412597636652875
1969,0.168457023248931
1969.1,0.876464802120363
1969.2,0.363769513972083
1969.3,0.33935545263169
1969.4,1.04736323150313
1969.5,1.24267572222628
1969.6,0.63232418871642
1969.7,0.803222618099181
1969.8,0.656738250056813
1969.9,0.729980434078001
1970,0.77880855675879
1970.1,0.754394495418393
1970.2,0.58349606603563
1970.3,0.705566372737604
1970.4,1.04736323150313
1970.5,0.97412104748194
1970.6,0.51025388201445
1970.7,0.0463867165469594
1970.8,0.241699207270109
1970.9,-0.0512695288146176
1971,0.656738250056816
1971.1,0.68115231139721
1971.2,0.412597636652875
1971.3,0.412597636652873
1971.4,0.778808556758788
1971.5,0.607910127376027
1971.6,0.705566372737603
1971.7,0.314941391291293
1971.8,-0.222167958197375
1971.9,0.0219726552065623
1972,0.778808556758787
1972.1,0.48583982067406
1972.2,0.55908200469524
1972.3,0.656738250056814
1972.4,0.803222618099183
1972.5,0.68115231139721
1972.6,0.656738250056817
1972.7,0.241699207270112
1972.8,0.803222618099181
1972.9,1.26708978356667
1973,0.998535108822337
1973.1,1.31591790624746
1973.2,0.656738250056819
1973.3,-0.051269528814619
1973.4,-0.246582019537775
1973.5,0.63232418871642
1973.6,0.998535108822335
1973.7,0.217285145929716
1973.8,0.412597636652878
1973.9,0.974121047481941
1974,0.485839820674063
1974.1,0.241699207270113
1974.2,0.2905273299509
1974.3,0.388183575312478
1974.4,0.119628900568144
1974.5,0.0708007778873494
1974.6,1.02294917016273
1974.7,0.534667943354842
1974.8,0.437011697993268
1974.9,0.339355452631692
1975,0.192871084589326
1975.1,0.559082004695239
1975.2,0.388183575312478
1975.3,0.0952148392277451
1975.4,0.632324188716421
1975.5,0.0463867165469566
1975.6,0.168457023248928
1975.7,0.510253882014453
1975.8,0.534667943354843
1975.9,0.437011697993268
1976,0.0708007778873537
1976.1,0.192871084589322
1976.2,0.607910127376026
1976.3,-0.148925774176196
1976.4,0.192871084589325
1976.5,-0.393066387580139
1976.6,0.241699207270116
1976.7,0.437011697993265
1976.8,0.412597636652875
1976.9,0.485839820674055
1977,0.412597636652872
1977.1,0.314941391291296
1977.2,0.144042961908534
1977.3,0.0952148392277493
1977.4,-0.295410142218563
1977.5,0.144042961908536
1977.6,-0.0756835901550147
1977.7,0.217285145929716
1977.8,0.754394495418393
1977.9,0.2905273299509
1978,-0.270996080878166
1978.1,0.656738250056817
1978.2,0.803222618099186
1978.3,0.388183575312478
1978.4,0.266113268610508
1978.5,0.876464802120364
1978.6,0.290527329950902
1978.7,0.412597636652872
1978.8,0.974121047481943
1978.9,0.510253882014446
1979,0.388183575312482
1979.1,0.339355452631686
1979.2,-0.051269528814619
1979.3,0.0219726552065637
1979.4,-0.270996080878169
1979.5,0.241699207270113
1979.6,0.437011697993263
1979.7,0.437011697993265
1979.8,0.559082004695237
1979.9,0.729980434078003
1980,0.656738250056819
1980.1,0.144042961908535
1980.2,0.705566372737606
1980.3,0.656738250056816
1980.4,0.192871084589324
1980.5,-0.00244140613382768
1980.6,0.339355452631686
1980.7,0.559082004695239
1980.8,0.852050740779967
1980.9,0.119628900568136
1981,-0.319824203558956
1981.1,0.729980434078
1981.2,0.632324188716424
1981.3,0.192871084589322
1981.4,0.412597636652875
1981.5,0.119628900568139
1981.6,-0.344238264899349
1981.7,-0.490722632941714
1981.8,0.0708007778873537
1981.9,-0.173339835516589
1982,-0.148925774176195
1982.1,0.534667943354842
1982.2,0.58349606603563
1982.3,0.2905273299509
1982.4,-0.710449185005264
1982.5,0.119628900568139
1982.6,0.314941391291293
1982.7,0.168457023248931
1982.8,0.46142575933366
1982.9,0.266113268610506
1983,0.314941391291298
1983.1,0.85205074077997
1983.2,0.339355452631688
1983.3,0.0952148392277451
1983.4,0.241699207270113
1983.5,0.485839820674055
1983.6,0.144042961908539
1983.7,0.51025388201445
1983.8,0.949706986141547
1983.9,0.510253882014449
1984,0.241699207270115
1984.1,-0.0756835901550147
1984.2,-0.17333983551659
1984.3,0.339355452631689
1984.4,0.217285145929716
1984.5,-0.124511712835803
1984.6,0.754394495418391
1984.7,1.07177729284352
1984.8,0.510253882014447
1984.9,-0.710449185005261
1985,-0.68603512366487
1985.1,0.388183575312479
1985.2,0.583496066035633
1985.3,0.607910127376024
1985.4,0.119628900568139
1985.5,0.925292924801151
1985.6,0.729980434077999
1985.7,-0.197753896856983
1985.8,0.0219726552065637
1985.9,0.021972655206568
1986,0.437011697993266
1986.1,1.31591790624746
1986.2,0.80322261809918
1986.3,0.534667943354843
1986.4,0.632324188716423
1986.5,0.534667943354844
1986.6,0.2905273299509
1986.7,0.461425759333662
1986.8,0.827636679439576
1986.9,0.192871084589324
1987,-0.270996080878167
1987.1,0.0219726552065637
1987.2,0.0708007778873522
1987.3,-0.0268554674742262
1987.4,0.998535108822335
1987.5,0.827636679439574
1987.6,0.46142575933366
1987.7,0.388183575312478
1987.8,0.314941391291295
1987.9,0.339355452631692
1988,0.510253882014449
1988.1,0.290527329950899
1988.2,0.192871084589325
1988.3,0.0463867165469594
1988.4,0.241699207270109
1988.5,0.38818357531248
1988.6,0.314941391291299
1988.7,0.0219726552065652
1988.8,0.0708007778873537
1988.9,-0.368652326239744
1989,0.241699207270111
1989.1,0.0952148392277479
1989.2,0.0708007778873537
1989.3,0.339355452631689
1989.4,0.827636679439573
1989.5,0.925292924801153
1989.6,0.0219726552065623
1989.7,0.119628900568139
1989.8,0.363769513972079
1989.9,0.0463867165469608
1990,0.0708007778873522
1990.1,0.388183575312476
1990.2,0.559082004695237
1990.3,-0.295410142218564
1990.4,0.388183575312478
1990.5,0.412597636652872
1990.6,0.607910127376023
1990.7,0.998535108822334
1990.8,0.778808556758787
1990.9,0.803222618099183
1991,0.656738250056814
1991.1,0.729980434078001
1991.2,0.485839820674056
1991.3,0.0952148392277479
1991.4,0.925292924801148
1991.5,0.974121047481941
1991.6,-0.00244140613383053
1991.7,0.437011697993268
1991.8,0.534667943354846
1991.9,0.241699207270113
1992,0.583496066035636
1992.1,0.41259763665287
1992.2,0.144042961908538
1992.3,0.705566372737606
1992.4,0.314941391291295
1992.5,-0.466308571601323
1992.6,0.485839820674056
1992.7,0.729980434078
1992.8,0.339355452631688
1992.9,0.55908200469524
1993,0.656738250056816
1993.1,0.339355452631689
1993.2,0.241699207270111
1993.3,0.168457023248928
1993.4,0.461425759333666
1993.5,0.46142575933366
1993.6,0.778808556758786
1993.7,1.09619135418391
1993.8,1.04736323150312
1993.9,0.729980434077997
1994,0.290527329950902
1994.1,0.559082004695237
1994.2,1.26708978356667
1994.3,0.827636679439577
1994.4,0.534667943354843
1994.5,0.559082004695239
1994.6,0.80322261809918
1994.7,0.876464802120365
1994.8,0.705566372737601
1994.9,0.754394495418393
1995,0.729980434077996
1995.1,0.144042961908539
1995.2,-0.0024414061338291
1995.3,0.388183575312478
1995.4,0.705566372737606
1995.5,0.705566372737603
1995.6,0.754394495418391
1995.7,0.827636679439574
1995.8,0.559082004695236
1995.9,0.607910127376026
1996,0.876464802120364
1996.1,0.412597636652872
1996.2,-0.0024414061338291
1996.3,0.925292924801154
1996.4,1.02294917016273
1996.5,0.0708007778873508
1996.6,0.607910127376023
1996.7,0.900878863460758
1996.8,0.583496066035633
1996.9,0.461425759333662
1997,0.705566372737606
1997.1,0.80322261809918
1997.2,0.412597636652873
1997.3,0.827636679439574
1997.4,0.607910127376027
1997.5,0.803222618099181
1997.6,1.1450194768647
1997.7,0.900878863460758
1997.8,0.534667943354843
1997.9,-0.10009765149541
1998,0.705566372737603
1998.1,0.925292924801151
1998.2,0.925292924801151
1998.3,0.559082004695239
1998.4,-0.0268554674742248
1998.5,0.0708007778873579
1998.6,0.705566372737603
1998.7,0.55908200469524
1998.8,0.534667943354844
1998.9,0.046386716546958
1999,0.363769513972082
1999.1,0.681152311397209
1999.2,1.1450194768647
1999.3,0.97412104748194
1999.4,0.63232418871642
1999.5,0.803222618099181
1999.6,0.925292924801151
1999.7,1.19384759954549
1999.8,0.0708007778873494
1999.9,0.632324188716421
2000,0.412597636652873
2000.1,-0.00244140613383053
2000.2,0.656738250056817
2000.3,1.29150384490707
2000.4,0.827636679439576
2000.5,0.559082004695239
2000.6,0.729980434077999
2000.7,0.827636679439574
2000.8,1.12060541552431
2000.9,0.998535108822338
2001,0.729980434077997
2001.1,0.0708007778873522
2001.2,0.559082004695239
2001.3,0.314941391291295
2001.4,0.412597636652872
2001.5,0.241699207270112
2001.6,-0.1245117128358
2001.7,0.461425759333659
2001.8,0.144042961908535
2001.9,-0.197753896856983
2002,0.412597636652872
2002.1,0.900878863460757
2002.2,0.998535108822337
2002.3,0.998535108822335
2002.4,1.95068350109771
2002.5,1.04736323150312
2002.6,0.168457023248929
2002.7,0.559082004695237
2002.8,1.24267572222628
2002.9,0.363769513972083
2003,-0.466308571601326
2003.1,0.046386716546958
2003.2,0.485839820674053
2003.3,1.38916009026864
2003.4,0.925292924801151
2003.5,0.388183575312479
2003.6,0.363769513972083
2003.7,0.559082004695242
2003.8,0.510253882014449
2003.9,1.19384759954549
2004,0.876464802120364
2004.1,0.461425759333657
2004.2,0.339355452631686
2004.3,0.998535108822338
2004.4,0.925292924801151
2004.5,0.778808556758788
2004.6,0.217285145929718
2004.7,-0.270996080878167
2004.8,0.0952148392277493
2004.9,0.119628900568142
2005,0.656738250056819
2005.1,0.681152311397209
2005.2,0.949706986141547
2005.3,0.681152311397209
2005.4,0.803222618099181
2005.5,0.656738250056814
2005.6,0.144042961908532
2005.7,-0.124511712835802
2005.8,0.241699207270113
2005.9,1.07177729284352
2006,0.119628900568142
2006.1,-0.173339835516589
2006.2,1.09619135418391
2006.3,0.852050740779971
2006.4,0.314941391291293
2006.5,0.729980434078001
2006.6,0.998535108822334
2006.7,0.925292924801155
2006.8,0.754394495418391
2006.9,0.0219726552065609
2007,-0.0512695288146205
2007.1,0.803222618099184
2007.2,0.388183575312476
2007.3,0.363769513972085
2007.4,0.241699207270111
2007.5,0.534667943354847
2007.6,0.656738250056817
2007.7,0.51025388201445
2007.8,0.46142575933366
2007.9,1.1450194768647
2008,1.82861319439574
2008.1,1.02294917016273
2008.2,1.07177729284352
2008.3,1.16943353820509
2008.4,0.656738250056817
2008.5,0.876464802120364
2008.6,0.827636679439574
2008.7,0.0463867165469637
2008.8,0.729980434077997
2008.9,0.80322261809918
2009,0.388183575312478
2009.1,0.632324188716423
2009.2,1.07177729284352
2009.3,0.510253882014453
2009.4,0.729980434078003
2009.5,0.534667943354844
2009.6,0.485839820674056
2009.7,0.778808556758787
2009.8,1.09619135418391
2009.9,0.827636679439574
2010,0.363769513972083
2010.1,0.803222618099177
2010.2,0.63232418871642
2010.3,0.778808556758788
2010.4,1.26708978356667
2010.5,1.12060541552431
2010.6,1.07177729284352
2010.7,0.339355452631688
2010.8,0.754394495418391
2010.9,1.34033196758785
2011,0.97412104748194
2011.1,0.363769513972085
2011.2,0.0952148392277437
2011.3,0.437011697993265
2011.4,0.876464802120361
2011.5,1.31591790624746
2011.6,1.04736323150312
2011.7,0.852050740779971
2011.8,0.607910127376029
2011.9,0.778808556758787
2012,1.02294917016273
2012.1,0.290527329950902
2012.2,0.68115231139721
2012.3,0.778808556758788
2012.4,0.534667943354842
2012.5,0.705566372737603
2012.6,-0.148925774176196
2012.7,0.534667943354846
2012.8,0.607910127376029
2012.9,0.192871084589326
2013,0.437011697993265
2013.1,0.729980434078001
2013.2,0.266113268610506
2013.3,0.485839820674055
2013.4,0.290527329950903
2013.5,0.241699207270115
2013.6,0.778808556758784
2013.7,1.26708978356667
2013.8,0.168457023248929
2013.9,0.0463867165469608
2014,0.778808556758784
2014.1,1.43798821294943
2014.2,1.92626943975732
2014.3,1.02294917016273
2014.4,1.36474602892825
2014.5,1.1450194768647
2014.6,0.900878863460756
2014.7,1.02294917016273
2014.8,0.876464802120364
2014.9,1.1450194768647
2015,0.900878863460761
2015.1,0.437011697993266
2015.2,0.144042961908534
2015.3,0.510253882014452
2015.4,0.80322261809918
2015.5,1.04736323150312
2015.6,0.852050740779967
2015.7,0.656738250056814
2015.8,0.876464802120364
2015.9,0.485839820674053
2016,0.266113268610503
2016.1,0.85205074077997
2016.2,1.21826166088588
2016.3,0.778808556758788
2016.4,0.876464802120367
2016.5,1.48681633563022
2016.6,1.38916009026864
2016.7,1.1694335382051
2016.8,0.852050740779971
2016.9,1.19384759954549
2017,1.07177729284351
2017.1,1.1694335382051
2017.2,1.36474602892825
2017.3,0.656738250056816
2017.4,0.290527329950898
2017.5,0.900878863460757
2017.6,1.12060541552431
2017.7,0.852050740779967
2017.8,1.1450194768647
2017.9,1.19384759954549
2018,0.583496066035634
2018.1,0.97412104748194
2018.2,0.681152311397213
2018.3,0.827636679439576
2018.4,1.38916009026864
2018.5,0.632324188716423
2018.6,0.583496066035632
2018.7,0.388183575312476
2018.8,0.266113268610511
2018.9,1.1694335382051
2019,1.09619135418391
2019.1,0.778808556758787
2019.2,1.09619135418391
2019.3,1.38916009026864
2019.4,1.29150384490707
2019.5,0.949706986141548
2019.6,0.754394495418393
2019.7,0.58349606603563
2019.8,0.339355452631695
2019.9,0.705566372737607
2020,0.559082004695239
2020.1,1.09619135418391
2020.2,1.70654288769377
2020.3,1.9995116237785
2020.4,0.949706986141547
2020.5,0.729980434078
2020.6,1.41357415160904
2020.7,1.26708978356668
2020.8,1.26708978356667
2020.9,0.705566372737604
2021,0.559082004695237
2021.1,0.510253882014449
2021.2,1.68212882635338
2021.3,1.87744131707653
2021.4,1.51123039697061
2021.5,0.97412104748194
2021.6,0.80322261809918
2021.7,1.02294917016273
2021.8,0.754394495418394
2021.9,0.949706986141547
2022,1.36474602892825
2022.1,0.68115231139721
2022.2,0.36376951397208
2022.3,1.07177729284352
2022.4,1.36474602892825
2022.5,0.85205074077997
2022.6,0.461425759333659
2022.7,0.92529292480115
2022.8,1.19384759954549
2022.9,1.21826166088588
2023,1.1938475995455
2023.1,0.656738250056814
2023.2,0.681152311397209
2023.3,1.04736323150312
2023.4,1.5844725809918
2023.5,1.1450194768647
2023.6,0.827636679439577
2023.7,0.266113268610505
2023.8,1.04736323150312
2023.9,1.29150384490707
2024,0.534667943354846
2024.1,0.998535108822335
2024.2,0.803222618099183
2024.3,0.803222618099183
2024.4,1.5600585196514
2024.5,1.26708978356667
2024.6,0.90087886346076
2024.7,0.90087886346076
2024.8,1.19384759954549
2024.9,1.19384759954549
2025,1.19384759954549
2025.1,1.48681633563022
2025.2,1.1450194768647
2025.3,1.04736323150313
2025.4,0.705566372737601
2025.5,0.876464802120364
2025.6,1.07177729284352
2025.7,1.24267572222628
2025.8,0.949706986141547
2025.9,0.290527329950902
2026,0.510253882014447
2026.1,1.56005851965141
2026.2,1.31591790624746
2026.3,1.51123039697062
2026.4,1.36474602892825
2026.5,0.0463867165469594
2026.6,0.3149413912913
2026.7,0.314941391291295
2026.8,0.144042961908538
2026.9,0.925292924801153
2027,0.974121047481943
2027.1,0.681152311397209
2027.2,0.485839820674056
2027.3,0.998535108822338
2027.4,0.63232418871642
2027.5,0.437011697993268
2027.6,0.534667943354844
2027.7,0.656738250056816
2027.8,0.485839820674059
2027.9,0.559082004695237
2028,0.754394495418393
2028.1,0.876464802120364
2028.2,0.412597636652876
2028.3,0.900878863460758
2028.4,1.02294917016273
2028.5,1.21826166088589
2028.6,1.41357415160904
2028.7,1.04736323150313
2028.8,0.583496066035632
2028.9,0.388183575312482
2029,0.241699207270115
2029.1,0.485839820674055
2029.2,1.02294917016273
2029.3,1.19384759954549
2029.4,1.02294917016273
2029.5,0.803222618099183
2029.6,0.998535108822335
2029.7,1.07177729284352
2029.8,0.729980434077999
2029.9,1.09619135418391
2030,0.412597636652875
2030.1,0.754394495418396
2030.2,1.1694335382051
2030.3,0.510253882014452
2030.4,0.583496066035633
2030.5,0.974121047481943
2030.6,1.1450194768647
2030.7,1.46240227428983
2030.8,1.09619135418391
2030.9,1.07177729284352
2031,0.85205074077997
2031.1,0.534667943354844
2031.2,1.1694335382051
2031.3,1.19384759954549
2031.4,1.07177729284352
2031.5,1.21826166088589
2031.6,1.21826166088588
2031.7,1.26708978356668
2031.8,1.41357415160904
2031.9,0.949706986141547
2032,0.876464802120364
2032.1,1.26708978356667
2032.2,1.1694335382051
2032.3,0.55908200469524
2032.4,0.827636679439574
2032.5,0.75439449541839
2032.6,1.04736323150312
2032.7,1.29150384490707
2032.8,1.95068350109771
2032.9,1.1450194768647
2033,0.217285145929716
2033.1,0.729980434077996
2033.2,1.09619135418392
2033.3,1.73095694903417
2033.4,1.48681633563022
2033.5,1.41357415160904
2033.6,1.21826166088588
2033.7,0.778808556758786
2033.8,0.852050740779968
2033.9,1.1206054155243
2034,0.85205074077997
2034.1,1.43798821294943
2034.2,1.19384759954549
2034.3,1.02294917016273
2034.4,1.90185537841693
2034.5,1.5844725809918
2034.6,1.24267572222628
2034.7,1.34033196758785
2034.8,1.24267572222628
2034.9,1.04736323150312
2035,0.97412104748194
2035.1,1.24267572222628
2035.2,1.34033196758785
2035.3,2.65869127996915
2035.4,2.17041005316126
2035.5,1.31591790624746
2035.6,1.04736323150313
2035.7,1.09619135418391
2035.8,0.925292924801154
2035.9,0.90087886346076
2036,0.900878863460758
2036.1,1.04736323150312
2036.2,1.04736323150312
2036.3,0.632324188716419
2036.4,0.876464802120361
2036.5,0.705566372737604
2036.6,0.363769513972082
2036.7,1.41357415160904
2036.8,1.29150384490707
2036.9,1.34033196758785
2037,1.16943353820509
2037.1,0.876464802120365
2037.2,0.632324188716423
2037.3,0.925292924801154
2037.4,1.04736323150312
2037.5,1.19384759954549
2037.6,1.1450194768647
2037.7,1.02294917016273
2037.8,0.339355452631686
2037.9,0.827636679439573
2038,0.974121047481941
2038.1,1.51123039697061
2038.2,1.48681633563022
2038.3,1.1450194768647
2038.4,1.46240227428983
2038.5,1.07177729284352
2038.6,0.266113268610506
2038.7,0.119628900568146
2038.8,0.998535108822335
2038.9,1.19384759954549
2039,1.12060541552431
2039.1,1.1694335382051
2039.2,1.1694335382051
2039.3,1.31591790624746
2039.4,1.38916009026864
2039.5,0.75439449541839
2039.6,0.607910127376026
2039.7,0.314941391291293
2039.8,1.31591790624746
2039.9,1.09619135418391
2040,0.314941391291295
2040.1,0.534667943354846
2040.2,0.681152311397211
2040.3,0.559082004695236
2040.4,1.48681633563022
2040.5,1.12060541552431
2040.6,0.51025388201445
2040.7,0.852050740779967
2040.8,1.46240227428983
2040.9,1.1450194768647
2041,0.58349606603563
2041.1,0.485839820674053
2041.2,0.168457023248929
2041.3,0.607910127376027
2041.4,0.705566372737603
2041.5,0.998535108822335
2041.6,1.19384759954549
2041.7,0.852050740779971
2041.8,0.729980434077997
2041.9,1.26708978356667
2042,1.04736323150312
2042.1,0.437011697993268
2042.2,0.63232418871642
2042.3,0.412597636652873
2042.4,1.1694335382051
2042.5,1.19384759954549
2042.6,1.09619135418391
2042.7,0.534667943354843
2042.8,0.63232418871642
2042.9,0.412597636652873
2043,0.949706986141547
2043.1,0.754394495418389
2043.2,0.852050740779968
2043.3,0.94970698614155
2043.4,1.60888664233219
2043.5,1.48681633563022
2043.6,1.1206054155243
2043.7,1.65771476501298
2043.8,1.60888664233219
2043.9,1.48681633563022
2044,1.26708978356667
2044.1,1.04736323150312
2044.2,1.41357415160904
2044.3,1.51123039697062
2044.4,0.778808556758786
2044.5,0.974121047481938
2044.6,1.53564445831101
2044.7,1.85302725573614
2044.8,1.51123039697061
2044.9,0.998535108822334
2045,1.02294917016273
2045.1,0.974121047481944
2045.2,1.04736323150312
2045.3,1.24267572222628
2045.4,1.43798821294943
2045.5,1.60888664233219
2045.6,1.02294917016273
2045.7,0.998535108822335
2045.8,0.852050740779968
2045.9,0.510253882014453
2046,1.19384759954549
2046.1,0.827636679439577
2046.2,0.681152311397213
2046.3,0.80322261809918
2046.4,0.876464802120363
2046.5,0.461425759333659
2046.6,0.681152311397209
2046.7,1.04736323150312
2046.8,0.778808556758787
2046.9,1.02294917016273
2047,0.876464802120363
2047.1,1.1450194768647
2047.2,1.41357415160904
2047.3,1.46240227428983
2047.4,1.9995116237785
2047.5,1.04736323150312
2047.6,0.827636679439574
2047.7,1.24267572222628
2047.8,0.827636679439576
2047.9,0.998535108822335
2048,1.36474602892825
2048.1,1.12060541552431
2048.2,1.41357415160904
2048.3,1.19384759954549
2048.4,1.60888664233219
2048.5,1.80419913305535
2048.6,1.36474602892825
2048.7,1.60888664233219
2048.8,1.1694335382051
2048.9,0.583496066035636
2049,0.876464802120363
2049.1,1.5844725809918
2049.2,1.82861319439574
2049.3,1.26708978356667
2049.4,1.31591790624746
2049.5,0.974121047481941
2049.6,1.26708978356668
2049.7,1.1450194768647
2049.8,1.34033196758786
2049.9,1.41357415160904
2050,1.41357415160904
2050.1,0.85205074077997
2050.2,1.31591790624746
2050.3,1.24267572222628
2050.4,0.949706986141547
2050.5,1.38916009026864
2050.6,0.925292924801155
2050.7,1.04736323150312
2050.8,1.41357415160904
2050.9,1.46240227428983
2051,1.09619135418392
2051.1,0.632324188716421
2051.2,0.241699207270116
2051.3,0.63232418871642
2051.4,1.24267572222628
2051.5,0.998535108822334
2051.6,1.07177729284352
2051.7,1.34033196758785
2051.8,1.31591790624746
2051.9,0.998535108822338
2052,0.705566372737601
2052.1,0.266113268610506
2052.2,1.04736323150313
2052.3,1.21826166088588
2052.4,0.827636679439577
2052.5,0.949706986141545
2052.6,1.09619135418391
2052.7,1.16943353820509
2052.8,1.02294917016273
2052.9,0.754394495418394
2053,0.290527329950906
2053.1,0.876464802120365
2053.2,1.14501947686471
2053.3,1.51123039697061
2053.4,1.09619135418391
2053.5,1.60888664233219
2053.6,1.77978507171495
2053.7,0.925292924801153
2053.8,0.754394495418391
2053.9,0.681152311397209
2054,0.412597636652873
2054.1,0.925292924801153
2054.2,1.5600585196514
2054.3,0.85205074077997
2054.4,0.510253882014449
2054.5,1.34033196758786
2054.6,1.51123039697062
2054.7,0.681152311397213
2054.8,0.290527329950899
2054.9,0.485839820674056
2055,1.34033196758786
2055.1,1.65771476501298
2055.2,1.07177729284352
2055.3,0.949706986141547
2055.4,1.04736323150313
2055.5,1.07177729284352
2055.6,0.632324188716424
2055.7,0.827636679439573
2055.8,1.19384759954549
2055.9,0.607910127376029
2056,0.412597636652872
2056.1,0.607910127376027
2056.2,0.607910127376032
2056.3,0.607910127376026
2056.4,0.656738250056816
2056.5,0.485839820674055
2056.6,0.534667943354843
2056.7,0.949706986141545
2056.8,0.729980434077999
2056.9,0.681152311397209
2057,1.07177729284352
2057.1,0.876464802120364
2057.2,0.827636679439576
2057.3,1.1694335382051
2057.4,1.07177729284352
2057.5,0.363769513972086
2057.6,0.559082004695237
2057.7,0.607910127376029
2057.8,1.29150384490707
2057.9,1.51123039697061
2058,1.5844725809918
2058.1,0.339355452631689
2058.2,0.241699207270116
2058.3,0.705566372737606
2058.4,0.63232418871642
2058.5,0.437011697993269
2058.6,0.632324188716419
2058.7,0.82763667943958
2058.8,1.43798821294943
2058.9,1.41357415160904
2059,1.41357415160904
2059.1,1.97509756243811
2059.2,1.51123039697061
2059.3,1.16943353820509
2059.4,1.46240227428982
2059.5,0.876464802120363
2059.6,1.38916009026864
2059.7,0.998535108822334
2059.8,0.534667943354843
2059.9,1.12060541552431
2060,1.43798821294943
2060.1,0.290527329950903
2060.2,0.412597636652873
2060.3,0.85205074077997
2060.4,0.75439449541839
2060.5,0.485839820674056
2060.6,0.51025388201445
2060.7,1.34033196758785
2060.8,1.73095694903416
2060.9,1.46240227428983
2061,1.19384759954549
2061.1,0.827636679439574
2061.2,0.534667943354843
2061.3,0.607910127376026
2061.4,0.656738250056814
2061.5,1.41357415160904
2061.6,1.41357415160904
2061.7,1.04736323150313
2061.8,0.729980434077997
2061.9,0.339355452631695
2062,0.77880855675879
2062.1,0.63232418871642
2062.2,0.437011697993266
2062.3,1.04736323150313
2062.4,0.705566372737606
2062.5,0.33935545263169
2062.6,0.412597636652872
2062.7,0.705566372737603
2062.8,0.998535108822335
2062.9,0.852050740779968
2063,0.778808556758787
2063.1,0.559082004695236
2063.2,0.852050740779968
2063.3,1.75537101037456
2063.4,0.85205074077997
2063.5,0.339355452631689
2063.6,0.77880855675879
2063.7,1.53564445831101
2063.8,1.24267572222628
2063.9,1.09619135418391
2064,1.48681633563022
2064.1,1.02294917016273
2064.2,0.681152311397209
2064.3,1.07177729284352
2064.4,1.41357415160904
2064.5,1.5844725809918
2064.6,1.73095694903416
2064.7,1.09619135418391
2064.8,1.09619135418391
2064.9,1.46240227428983
2065,1.41357415160904
2065.1,0.705566372737604
2065.2,0.827636679439576
2065.3,1.26708978356667
2065.4,1.07177729284352
2065.5,0.900878863460763
2065.6,0.705566372737603
2065.7,1.04736323150312
2065.8,1.43798821294943
2065.9,0.974121047481945
2066,1.36474602892825
2066.1,1.43798821294943
2066.2,1.34033196758785
2066.3,1.1450194768647
2066.4,0.998535108822335
2066.5,1.24267572222628
2066.6,1.77978507171495
2066.7,1.5600585196514
2066.8,1.09619135418391
2066.9,0.85205074077997
2067,0.363769513972082
2067.1,1.24267572222628
2067.2,1.85302725573614
2067.3,1.535644458311
2067.4,1.21826166088588
2067.5,0.852050740779967
2067.6,1.36474602892825
2067.7,1.21826166088589
2067.8,0.949706986141547
2067.9,1.1206054155243
2068,1.48681633563022
2068.1,1.21826166088589
2068.2,0.974121047481938
2068.3,1.04736323150313
2068.4,1.51123039697061
2068.5,0.900878863460757
2068.6,1.5600585196514
2068.7,1.77978507171495
2068.8,0.754394495418396
2068.9,0.583496066035637
2069,0.75439449541839
2069.1,1.07177729284352
2069.2,1.09619135418391
2069.3,1.31591790624746
2069.4,1.46240227428983
2069.5,1.26708978356668
2069.6,0.41259763665287
2069.7,0.656738250056813
2069.8,1.43798821294943
2069.9,1.48681633563022
2070,1.95068350109771
2070.1,2.17041005316126
2070.2,1.26708978356667
2070.3,0.485839820674053
2070.4,1.1694335382051
2070.5,0.974121047481941
2070.6,0.852050740779971
2070.7,0.656738250056814
2070.8,0.754394495418391
2070.9,1.29150384490707
2071,0.778808556758788
2071.1,0.949706986141547
2071.2,1.70654288769377
2071.3,1.07177729284352
2071.4,1.07177729284352
2071.5,0.998535108822334
2071.6,1.31591790624746
2071.7,1.63330070367259
2071.8,1.02294917016273
2071.9,1.19384759954549
2072,1.46240227428983
2072.1,0.803222618099181
2072.2,0.925292924801151
2072.3,0.656738250056819
2072.4,0.485839820674057
2072.5,0.827636679439574
2072.6,1.21826166088588
2072.7,1.24267572222628
2072.8,1.48681633563022
2072.9,2.4145506665652
2073,2.04833974645929
2073.1,0.998535108822337
2073.2,0.656738250056812
2073.3,0.681152311397207
2073.4,1.07177729284352
2073.5,1.16943353820509
2073.6,1.07177729284352
2073.7,1.07177729284352
2073.8,1.02294917016273
2073.9,0.803222618099178
2074,1.51123039697061
2074.1,1.60888664233219
2074.2,1.24267572222628
2074.3,1.46240227428982
2074.4,1.07177729284352
2074.5,0.900878863460758
2074.6,1.43798821294943
2074.7,1.1450194768647
2074.8,1.02294917016273
2074.9,1.58447258099179
2075,1.21826166088589
2075.1,0.974121047481941
2075.2,1.1450194768647
2075.3,1.16943353820509
2075.4,0.559082004695239
2075.5,0.63232418871642
2075.6,0.583496066035633
2075.7,1.24267572222628
2075.8,1.63330070367258
2075.9,0.778808556758784
2076,1.34033196758785
2076.1,1.38916009026865
2076.2,0.852050740779968
2076.3,0.46142575933366
2076.4,0.77880855675879
2076.5,0.925292924801155
2076.6,0.68115231139721
2076.7,1.04736323150312
2076.8,1.1450194768647
2076.9,1.29150384490707
2077,1.04736323150312
2077.1,0.998535108822337
2077.2,1.1694335382051
2077.3,1.56005851965141
2077.4,1.53564445831101
2077.5,1.87744131707653
2077.6,1.21826166088588
2077.7,0.65673825005682
2077.8,1.12060541552431
2077.9,1.31591790624746
2078,0.656738250056817
2078.1,1.24267572222628
2078.2,1.41357415160904
2078.3,1.29150384490707
2078.4,1.1694335382051
2078.5,1.36474602892825
2078.6,1.34033196758786
2078.7,1.04736323150313
2078.8,0.974121047481944
2078.9,0.925292924801148
2079,0.632324188716419
2079.1,0.754394495418396
2079.2,0.925292924801155
2079.3,1.34033196758785
2079.4,0.656738250056814
2079.5,0.754394495418394
2079.6,0.974121047481938
2079.7,1.19384759954549
2079.8,1.34033196758785
2079.9,1.07177729284352
2080,1.41357415160904
2080.1,1.04736323150313
2080.2,0.949706986141545
2080.3,0.827636679439574
2080.4,0.82763667943958
2080.5,0.803222618099183
2080.6,1.1450194768647
2080.7,0.998535108822333
2080.8,1.34033196758786
2080.9,1.38916009026865
2081,1.43798821294944
2081.1,1.51123039697062
2081.2,1.09619135418391
2081.3,0.974121047481938
2081.4,1.36474602892825
2081.5,1.53564445831101
2081.6,1.46240227428982
2081.7,1.38916009026864
2081.8,0.778808556758788
2081.9,0.754394495418393
2082,1.04736323150312
2082.1,0.876464802120363
2082.2,1.04736323150312
2082.3,1.65771476501298
2082.4,1.51123039697061
2082.5,1.04736323150313
2082.6,1.09619135418392
2082.7,0.998535108822335
2082.8,1.07177729284352
2082.9,1.68212882635338
2083,0.876464802120361
2083.1,0.998535108822333
2083.2,1.85302725573613
2083.3,1.31591790624746
2083.4,0.63232418871642
2083.5,0.974121047481941
2083.6,0.827636679439576
2083.7,0.461425759333665
2083.8,0.778808556758784
2083.9,0.607910127376024
2084,0.290527329950902
2084.1,1.26708978356667
2084.2,1.1450194768647
2084.3,0.656738250056814
2084.4,0.974121047481944
2084.5,0.778808556758786
2084.6,0.0952148392277465
2084.7,0.85205074077997
2084.8,0.82763667943958
2084.9,0.46142575933366
2085,0.90087886346076
2085.1,0.803222618099184
2085.2,0.876464802120363
2085.3,0.92529292480115
2085.4,0.656738250056813
2085.5,0.485839820674053
2085.6,0.36376951397208
2085.7,0.559082004695237
2085.8,0.876464802120363
2085.9,1.12060541552431
2086,0.559082004695239
2086.1,0.925292924801151
2086.2,0.925292924801153
2086.3,0.803222618099181
2086.4,1.07177729284352
2086.5,1.09619135418391
2086.6,0.803222618099181
2086.7,0.437011697993265
2086.8,0.632324188716419
2086.9,0.510253882014449
2087,0.510253882014449
2087.1,0.998535108822334
2087.2,-0.197753896856986
2087.3,-0.368652326239744
2087.4,0.51025388201445
2087.5,0.63232418871642
2087.6,0.583496066035633
2087.7,0.583496066035633
2087.8,0.705566372737603
2087.9,0.998535108822337
2088,0.949706986141545
2088.1,0.46142575933366
2088.2,0.0463867165469594
2088.3,0.461425759333662
2088.4,0.388183575312478
2088.5,0.534667943354846
2088.6,0.900878863460754
2088.7,0.656738250056814
2088.8,0.2905273299509
2088.9,0.266113268610505
2089,0.803222618099183
2089.1,0.217285145929723
2089.2,0.168457023248932
2089.3,-0.417480448920533
2089.4,0.144042961908539
2089.5,0.388183575312478
2089.6,0.974121047481944
2089.7,0.925292924801151
2089.8,0.998535108822337
2089.9,0.192871084589322
2090,0.217285145929718
2090.1,0.217285145929719
2090.2,0.461425759333666
2090.3,0.656738250056814
2090.4,0.778808556758787
2090.5,0.75439449541839
2090.6,0.559082004695242
2090.7,0.388183575312476
2090.8,0.876464802120367
2090.9,1.1450194768647
2091,0.388183575312479
2091.1,0.607910127376032
2091.2,0.314941391291293
2091.3,0.33935545263169
2091.4,0.534667943354844
2091.5,0.949706986141547
2091.6,0.925292924801154
2091.7,0.80322261809918
2091.8,0.754394495418393
2091.9,0.729980434077999
2092,0.266113268610505
2092.1,0.803222618099186
2092.2,0.607910127376026
2092.3,0.559082004695237
2092.4,0.90087886346076
2092.5,1.12060541552431
2092.6,0.705566372737601
2092.7,0.363769513972083
2092.8,0.38818357531248
2092.9,1.07177729284352
2093,0.827636679439576
2093.1,0.241699207270109
2093.2,-0.197753896856986
2093.3,0.0708007778873508
2093.4,0.85205074077997
2093.5,0.998535108822335
2093.6,0.534667943354843
2093.7,0.144042961908532
2093.8,0.0708007778873522
2093.9,0.656738250056814
2094,0.778808556758788
2094.1,0.363769513972085
2094.2,0.363769513972079
2094.3,0.363769513972085
2094.4,-0.0268554674742262
2094.5,-0.00244140613383195
2094.6,0.754394495418393
2094.7,0.388183575312479
2094.8,-0.100097651495399
2094.9,0.363769513972083
2095,0.0708007778873522
2095.1,0.0952148392277465
2095.2,0.0219726552065637
2095.3,-0.0512695288146162
2095.4,-0.0512695288146162
2095.5,-0.00244140613382768
2095.6,0.0463867165469594
2095.7,0.534667943354843
2095.8,0.729980434077999
2095.9,0.217285145929723
2096,-0.490722632941717
2096.1,0.485839820674055
2096.2,0.51025388201445
2096.3,-0.319824203558957
2096.4,0.510253882014449
2096.5,0.85205074077997
2096.6,0.266113268610506
2096.7,0.412597636652869
2096.8,0.607910127376024
2096.9,0.412597636652876
2097,0.241699207270113
2097.1,0.168457023248934
2097.2,-0.0756835901550133
2097.3,0.168457023248929
2097.4,0.217285145929715
2097.5,0.144042961908535
2097.6,0.339355452631689
2097.7,0.681152311397211
2097.8,0.388183575312479
2097.9,-0.00244140613383195
2098,0.80322261809918
2098.1,0.314941391291298
2098.2,-0.344238264899353
2098.3,0.632324188716423
2098.4,0.827636679439576
2098.5,0.314941391291293
2098.6,-0.0024414061338291
2098.7,0.510253882014449
2098.8,0.534667943354843
2098.9,0.0952148392277508
2099,0.33935545263169
2099.1,0.876464802120365
2099.2,0.754394495418391
2099.3,0.607910127376029
2099.4,0.852050740779971
2099.5,0.925292924801151
2099.6,0.192871084589325
2099.7,-0.0268554674742234
2099.8,0.0219726552065609
2099.9,-0.270996080878169
2100,0.388183575312479
2100.1,0.656738250056817
2100.2,0.241699207270109
2100.3,0.388183575312476
2100.4,0.656738250056814
2100.5,0.852050740779973
2100.6,0.583496066035636
2100.7,0.388183575312476
2100.8,0.656738250056813
2100.9,0.192871084589321
2101,0.412597636652872
2101.1,0.437011697993266
2101.2,0.827636679439576
2101.3,0.46142575933366
2101.4,0.681152311397211
2101.5,0.412597636652878
2101.6,0.192871084589326
2101.7,-0.319824203558953
2101.8,-0.295410142218559
2101.9,0.192871084589325
2102,0.656738250056816
2102.1,0.144042961908535
2102.2,0.534667943354842
2102.3,0.852050740779968
2102.4,1.09619135418391
2102.5,0.729980434078001
2102.6,0.510253882014453
2102.7,0.632324188716421
2102.8,0.607910127376026
2102.9,0.217285145929719
2103,0.0952148392277465
2103.1,-0.0268554674742262
2103.2,0.46142575933366
2103.3,0.437011697993266
2103.4,0.217285145929718
2103.5,0.168457023248934
2103.6,0.388183575312479
2103.7,0.168457023248934
2103.8,0.681152311397214
2103.9,0.803222618099184
2104,0.388183575312478
2104.1,0.55908200469524
2104.2,0.461425759333662
2104.3,0.241699207270112
2104.4,0.925292924801151
2104.5,0.974121047481941
2104.6,0.0463867165469566
2104.7,0.51025388201445
2104.8,0.94970698614155
2104.9,1.31591790624746
2105,0.632324188716419
2105.1,0.168457023248931
2105.2,0.827636679439576
2105.3,0.876464802120365
2105.4,0.559082004695239
2105.5,0.681152311397211
2105.6,1.24267572222628
2105.7,0.681152311397209
2105.8,0.55908200469524
2105.9,0.656738250056816
2106,0.534667943354846
2106.1,0.339355452631689
2106.2,0.705566372737606
2106.3,1.29150384490707
2106.4,0.388183575312479
2106.5,0.314941391291298
2106.6,0.51025388201445
2106.7,0.0219726552065623
2106.8,-0.10009765149541
2106.9,0.559082004695237
2107,0.63232418871642
2107.1,0.485839820674056
2107.2,0.144042961908538
2107.3,0.705566372737604
2107.4,0.99853510882234
2107.5,0.363769513972085
2107.6,0.97412104748194
2107.7,1.38916009026864
2107.8,0.632324188716424
2107.9,0.876464802120365
2108,0.607910127376027
2108.1,0.363769513972085
2108.2,0.266113268610509
2108.3,0.021972655206568
2108.4,0.510253882014452
2108.5,1.1450194768647
2108.6,0.998535108822333
2108.7,0.583496066035634
2108.8,0.412597636652872
2108.9,0.33935545263169
2109,1.04736323150312
2109.1,0.729980434077999
2109.2,0.485839820674055
2109.3,0.705566372737604
2109.4,0.974121047481943
2109.5,0.412597636652875
2109.6,0.339355452631689
2109.7,0.82763667943958
2109.8,0.827636679439571
2109.9,0.778808556758786
2110,0.510253882014452
2110.1,0.998535108822338
2110.2,0.998535108822334
2110.3,0.900878863460758
2110.4,0.998535108822338
2110.5,0.437011697993268
2110.6,0.827636679439574
2110.7,0.534667943354846
2110.8,0.363769513972083
2110.9,0.534667943354847
2111,0.97412104748194
2111.1,0.85205074077997
2111.2,0.241699207270113
2111.3,0.217285145929718
2111.4,0.729980434077999
2111.5,0.949706986141544
2111.6,0.656738250056812
2111.7,0.437011697993265
2111.8,0.363769513972085
2111.9,0.778808556758784
2112,0.144042961908534
2112.1,0.437011697993268
2112.2,0.510253882014449
2112.3,0.388183575312476
2112.4,0.339355452631696
2112.5,0.68115231139721
2112.6,1.29150384490707
2112.7,0.80322261809918
2112.8,0.192871084589326
2112.9,0.046386716546958
2113,0.534667943354842
2113.1,0.55908200469524
2113.2,0.852050740779973
2113.3,0.534667943354842
2113.4,0.168457023248934
2113.5,-0.0024414061338291
2113.6,0.534667943354843
2113.7,1.02294917016273
2113.8,0.754394495418391
2113.9,0.266113268610508
2114,0.461425759333659
2114.1,0.607910127376027
2114.2,0.363769513972083
2114.3,0.534667943354843
2114.4,1.04736323150312
2114.5,0.681152311397209
2114.6,0.412597636652875
2114.7,0.241699207270111
2114.8,0.729980434078003
2114.9,0.705566372737607
2115,0.852050740779971
2115.1,0.51025388201445
2115.2,0.363769513972085
2115.3,0.876464802120363
2115.4,0.925292924801154
2115.5,0.51025388201445
2115.6,0.485839820674055
2115.7,0.412597636652873
2115.8,0.0219726552065637
2115.9,0.485839820674057
2116,0.314941391291298
2116.1,-0.0268554674742248
2116.2,0.485839820674056
2116.3,0.192871084589325
2116.4,0.510253882014452
2116.5,0.217285145929722
2116.6,-0.1245117128358
2116.7,0.510253882014449
2116.8,1.07177729284352
2116.9,0.266113268610509
2117,0.192871084589322
2117.1,0.485839820674056
2117.2,0.461425759333662
2117.3,0.412597636652872
2117.4,0.363769513972085
2117.5,0.046386716546958
2117.6,-0.0512695288146205
2117.7,-0.295410142218563
2117.8,0.314941391291296
2117.9,0.876464802120365
2118,0.803222618099184
2118.1,0.168457023248928
2118.2,-0.344238264899347
2118.3,-0.295410142218559
2118.4,0.485839820674055
2118.5,0.778808556758791
2118.6,0.217285145929722
2118.7,-0.222167958197382
2118.8,-0.563964816962893
2118.9,-0.490722632941716
2119,-0.22216795819738
2119.1,0.0952148392277479
2119.2,0.485839820674055
2119.3,0.388183575312479
2119.4,0.461425759333659
2119.5,0.974121047481941
2119.6,1.38916009026864
2119.7,0.534667943354844
2119.8,0.119628900568142
2119.9,0.656738250056816
2120,0.63232418871642
2120.1,0.192871084589322
2120.2,0.290527329950902
2120.3,0.339355452631692
2120.4,0.43701169799327
2120.5,0.314941391291296
2120.6,0.192871084589324
2120.7,-0.051269528814619
2120.8,0.217285145929719
2120.9,-0.19775389685698
2121,-0.0756835901550133
2121.1,0.144042961908536
2121.2,0.314941391291296
2121.3,0.437011697993268
2121.4,0.241699207270115
2121.5,0.314941391291299
2121.6,0.0219726552065623
2121.7,-0.124511712835802
2121.8,0.266113268610508
2121.9,0.705566372737606
2122,-0.051269528814619
2122.1,-0.368652326239746
2122.2,0.168457023248929
2122.3,0.217285145929718
2122.4,0.729980434077997
2122.5,0.119628900568139
2122.6,-0.466308571601323
2122.7,-0.100097651495409
2122.8,0.168457023248928
2122.9,0.241699207270116
2123,-0.124511712835798
2123.1,-0.39306638758014
2123.2,-0.563964816962898
2123.3,-0.0512695288146219
2123.4,0.314941391291298
2123.5,0.388183575312478
2123.6,0.461425759333665
2123.7,0.656738250056814
2123.8,0.437011697993266
2123.9,0.754394495418394
2124,-0.222167958197379
2124.1,-0.246582019537772
2124.2,-0.344238264899349
2124.3,-0.0268554674742234
2124.4,0.949706986141547
2124.5,1.04736323150313
2124.6,0.510253882014449
2124.7,0.41259763665287
2124.8,-0.148925774176197
2124.9,0.510253882014453
2125,0.583496066035632
2125.1,-0.00244140613383053
2125.2,0.388183575312479
2125.3,0.437011697993268
2125.4,0.681152311397211
2125.5,0.412597636652872
2125.6,0.803222618099181
2125.7,0.656738250056816
2125.8,0.510253882014453
2125.9,0.63232418871642
2126,0.0463867165469594
2126.1,-0.563964816962898
2126.2,-0.344238264899351
2126.3,-0.00244140613383195
2126.4,0.388183575312476
2126.5,0.0219726552065609
2126.6,0.241699207270112
2126.7,-0.100097651495406
2126.8,0.485839820674056
2126.9,0.85205074077997
2127,0.266113268610511
2127.1,0.266113268610505
2127.2,0.33935545263169
2127.3,1.09619135418391
2127.4,0.754394495418393
2127.5,-0.368652326239746
2127.6,0.192871084589326
2127.7,-0.0512695288146205
2127.8,-0.148925774176192
2127.9,-0.0512695288146205
2128,0.144042961908532
2128.1,0.534667943354842
2128.2,0.217285145929718
2128.3,0.559082004695237
2128.4,0.192871084589322
2128.5,-0.295410142218562
2128.6,-0.270996080878167
2128.7,0.290527329950899
2128.8,0.046386716546958
2128.9,0.46142575933366
2129,0.461425759333657
2129.1,0.41259763665287
2129.2,0.266113268610505
2129.3,0.0708007778873508
2129.4,-0.124511712835803
2129.5,0.0219726552065623
2129.6,0.461425759333659
2129.7,-0.27099608087817
2129.8,-0.5639648169629
2129.9,0.119628900568142
2130,0.144042961908534
2130.1,-0.319824203558959
2130.2,-0.0512695288146162
2130.3,0.388183575312475
2130.4,0.241699207270112
2130.5,-0.148925774176193
2130.6,-0.124511712835802
2130.7,0.119628900568139
2130.8,0.0463867165469551
2130.9,0.583496066035632
2131,-0.0756835901550147
2131.1,-0.490722632941717
2131.2,-0.344238264899347
2131.3,0.0952148392277479
2131.4,0.0708007778873522
2131.5,-0.0268554674742248
2131.6,-0.22216795819738
2131.7,-0.10009765149541
2131.8,-0.905761675728419
2131.9,-0.637207000984085
2132,-0.197753896856987
2132.1,-0.36865232623975
2132.2,0.0463867165469566
2132.3,0.510253882014449
2132.4,-0.661621062324477
2132.5,-1.00341792108999
2132.6,-1.00341792109
2132.7,-1.17431635047276
2132.8,-0.808105430366845
2132.9,0.0952148392277437
2133,0.144042961908534
2133.1,-0.148925774176199
2133.2,-0.368652326239744
2133.3,0.314941391291293
2133.4,0.168457023248931
2133.5,-0.0024414061338291
2133.6,-0.588378878303295
2133.7,-1.19873041181315
2133.8,-1.22314447315354
2133.9,-0.100097651495406
2134,0.510253882014449
2134.1,-0.222167958197379
2134.2,0.0463867165469566
2134.3,-0.0756835901550147
2134.4,-0.368652326239746
2134.5,-0.17333983551659
2134.6,-0.0756835901550133
2134.7,-0.368652326239746
2134.8,-0.612792939643684
2134.9,-0.368652326239746
2135,-0.393066387580137
2135.1,-0.222167958197383
2135.2,0.0708007778873494
2135.3,0.266113268610506
2135.4,-0.124511712835805
2135.5,-0.466308571601321
2135.6,-0.393066387580139
2135.7,-0.00244140613383053
2135.8,-0.0512695288146176
2135.9,-0.148925774176197
2136,-0.466308571601323
2136.1,-0.808105430366837
2136.2,-0.0268554674742262
2136.3,-0.100097651495405
2136.4,0.192871084589321
2136.5,0.388183575312478
2136.6,0.412597636652872
2136.7,-0.0756835901550119
2136.8,-0.734863246345657
2136.9,0.144042961908536
2137,-0.295410142218563
2137.1,-0.490722632941718
2137.2,0.217285145929718
2137.3,-0.100097651495408
2137.4,-0.148925774176193
2137.5,0.461425759333662
2137.6,0.0952148392277465
2137.7,-0.246582019537772
2137.8,-0.222167958197379
2137.9,-0.39306638758014
2138,-0.0512695288146205
2138.1,0.632324188716421
2138.2,0.388183575312478
2138.3,-0.246582019537775
2138.4,-0.783691369026447
2138.5,-0.344238264899353
2138.6,0.33935545263169
2138.7,0.38818357531248
2138.8,0.0219726552065666
2138.9,0.266113268610503
2139,-0.0512695288146205
2139.1,0.192871084589322
2139.2,0.0219726552065666
2139.3,-0.173339835516592
2139.4,0.192871084589322
2139.5,0.559082004695239
2139.6,0.461425759333657
2139.7,-0.344238264899346
2139.8,-0.0756835901550119
2139.9,0.0463867165469594
2140,-0.246582019537776
2140.1,-0.0512695288146176
2140.2,-0.222167958197376
2140.3,-0.051269528814619
2140.4,-0.0268554674742262
2140.5,-0.197753896856987
2140.6,-0.0756835901550175
2140.7,0.0219726552065666
2140.8,-0.393066387580141
2140.9,0.876464802120361
2141,1.34033196758785
2141.1,0.852050740779966
2141.2,0.778808556758786
2141.3,0.290527329950905
2141.4,0.241699207270113
2141.5,-0.100097651495409
2141.6,-0.173339835516589
2141.7,0.607910127376024
2141.8,0.778808556758784
2141.9,0.144042961908535
2142,0.363769513972085
2142.1,0.241699207270112
2142.2,-0.319824203558957
2142.3,0.144042961908538
2142.4,-0.270996080878169
2142.5,0.192871084589324
2142.6,0.85205074077997
2142.7,0.437011697993265
2142.8,0.388183575312479
2142.9,0.705566372737603
2143,0.314941391291296
2143.1,0.388183575312476
2143.2,0.168457023248929
2143.3,-0.393066387580137
2143.4,0.192871084589322
2143.5,1.31591790624746
2143.6,1.12060541552431
2143.7,0.0219726552065637
2143.8,-0.173339835516592
2143.9,0.656738250056817
2144,0.632324188716421
2144.1,0.41259763665287
2144.2,0.485839820674055
2144.3,0.876464802120361
2144.4,0.852050740779967
2144.5,0.0952148392277451
2144.6,0.314941391291296
2144.7,0.0952148392277465
2144.8,-0.1245117128358
2144.9,0.461425759333662
2145,0.363769513972083
2145.1,-0.100097651495408
2145.2,0.241699207270111
2145.3,0.217285145929718
2145.4,0.363769513972086
2145.5,0.510253882014447
2145.6,-0.173339835516589
2145.7,-0.148925774176196
2145.8,0.41259763665287
2145.9,0.388183575312476
2146,-0.686035123664873
2146.1,0.925292924801153
2146.2,0.607910127376024
2146.3,-0.173339835516592
2146.4,-0.00244140613383195
2146.5,0.0463867165469594
2146.6,-0.0756835901550147
2146.7,-0.148925774176196
2146.8,-0.319824203558959
2146.9,-0.246582019537773
2147,0.192871084589325
2147.1,0.290527329950899
2147.2,0.0463867165469594
2147.3,0.46142575933366
2147.4,0.0952148392277451
2147.5,-0.173339835516592
2147.6,-0.124511712835798
2147.7,-0.270996080878169
2147.8,-0.417480448920534
2147.9,-0.295410142218563
2148,0.41259763665287
2148.1,0.63232418871642
2148.2,0.266113268610505
2148.3,-0.417480448920534
2148.4,-0.246582019537767
2148.5,-0.051269528814619
2148.6,-0.124511712835805
2148.7,0.0219726552065623
2148.8,0.388183575312478
2148.9,-0.00244140613383053
2149,-0.124511712835802
2149.1,-0.539550755622506
2149.2,0.0708007778873522
2149.3,-0.270996080878169
2149.4,-1.05224604377078
2149.5,-0.73486324634566
2149.6,-0.197753896856983
2149.7,0.119628900568139
2149.8,0.0708007778873508
2149.9,-0.197753896856987
2150,0.534667943354842
2150.1,-0.0512695288146205
2150.2,-0.539550755622506
2150.3,0.0952148392277451
2150.4,0.314941391291295
2150.5,-0.0756835901550147
2150.6,-0.148925774176197
2150.7,-0.197753896856983
2150.8,-0.295410142218564
2150.9,0.461425759333662
2151,0.412597636652872
2151.1,-0.0756835901550147
2151.2,-0.368652326239746
2151.3,0.290527329950903
2151.4,0.241699207270111
2151.5,-0.295410142218562
2151.6,-0.148925774176195
2151.7,0.388183575312478
2151.8,-0.58837887830329
2151.9,0.0219726552065623
2152,0.876464802120361
2152.1,0.778808556758786
2152.2,0.485839820674056
2152.3,0.656738250056814
2152.4,-0.0756835901550119
2152.5,0.607910127376026
2152.6,0.705566372737604
2152.7,-0.34423826489935
2152.8,0.266113268610505
2152.9,0.144042961908535
2153,-0.905761675728419
2153.1,0.144042961908532
2153.2,1.41357415160904
2153.3,0.583496066035633
2153.4,0.0952148392277493
2153.5,0.510253882014447
2153.6,1.02294917016273
2153.7,0.119628900568141
2153.8,0.314941391291292
2153.9,0.754394495418393
2154,0.534667943354847
2154.1,0.168457023248929
2154.2,0.729980434078001
2154.3,0.388183575312479
2154.4,0.0708007778873537
2154.5,0.388183575312476
2154.6,0.485839820674056
2154.7,1.04736323150312
2154.8,0.656738250056816
2154.9,0.266113268610506
2155,-0.100097651495409
2155.1,-0.222167958197382
2155.2,0.485839820674056
2155.3,0.583496066035633
2155.4,0.412597636652872
2155.5,1.09619135418391
2155.6,0.729980434077999
2155.7,1.1450194768647
2155.8,1.07177729284352
2155.9,0.778808556758784
2156,0.729980434077997
2156.1,0.217285145929718
2156.2,0.754394495418396
2156.3,1.12060541552431
2156.4,0.51025388201445
2156.5,0.192871084589322
2156.6,0.607910127376026
2156.7,0.559082004695235
2156.8,0.485839820674056
2156.9,0.583496066035634
2157,0.266113268610509
2157.1,0.388183575312476
2157.2,0.754394495418396
2157.3,0.534667943354846
2157.4,-0.197753896856985
2157.5,-0.00244140613383053
2157.6,0.656738250056816
2157.7,0.2905273299509
2157.8,0.192871084589324
2157.9,0.97412104748194
2158,1.21826166088589
2158.1,0.681152311397211
2158.2,0.485839820674052
2158.3,0.949706986141544
2158.4,0.437011697993266
2158.5,-0.051269528814619
2158.6,0.412597636652872
2158.7,0.144042961908532
2158.8,-0.222167958197382
2158.9,0.241699207270112
2159,0.217285145929716
2159.1,0.0219726552065609
2159.2,0.925292924801153
2159.3,0.656738250056817
2159.4,0.632324188716417
2159.5,0.046386716546958
2159.6,-0.100097651495405
2159.7,0.217285145929715
2159.8,0.632324188716419
2159.9,0.0952148392277465
2160,0.0708007778873508
2160.1,0.363769513972083
2160.2,0.363769513972082
2160.3,0.51025388201445
2160.4,0.38818357531248
2160.5,0.144042961908535
2160.6,0.266113268610506
2160.7,0.192871084589322
2160.8,-0.368652326239747
2160.9,0.144042961908535
2161,0.876464802120365
2161.1,0.388183575312476
2161.2,0.998535108822334
2161.3,0.998535108822334
2161.4,0.583496066035634
2161.5,0.803222618099181
2161.6,0.290527329950902
2161.7,-0.100097651495408
2161.8,0.437011697993266
2161.9,0.559082004695236
2162,0.119628900568138
2162.1,0.314941391291296
2162.2,-0.344238264899351
2162.3,-0.100097651495409
2162.4,0.388183575312476
2162.5,-0.588378878303295
2162.6,-0.100097651495408
2162.7,-0.490722632941718
2162.8,0.0463867165469622
2162.9,1.02294917016273
2163,0.217285145929718
2163.1,-0.759277307686051
2163.2,-0.686035123664873
2163.3,-0.539550755622507
2163.4,-0.441894510260929
2163.5,0.0708007778873508
2163.6,0.339355452631689
2163.7,0.729980434078
2163.8,0.534667943354844
2163.9,0.290527329950902
2164,0.119628900568141
2164.1,0.363769513972085
2164.2,0.0463867165469622
2164.3,-0.295410142218563
2164.4,-0.100097651495408
2164.5,0.241699207270115
2164.6,-0.417480448920531
2164.7,0.534667943354844
2164.8,0.461425759333662
2164.9,-0.588378878303295
2165,-0.783691369026448
2165.1,-0.100097651495406
2165.2,0.168457023248929
2165.3,0.241699207270113
2165.4,0.144042961908534
2165.5,0.60791012737603
2165.6,0.363769513972083
2165.7,-0.563964816962901
2165.8,-0.441894510260927
2165.9,-0.34423826489935
2166,-0.0512695288146176
2166.1,0.217285145929719
2166.2,0.437011697993265
2166.3,0.0219726552065652
2166.4,-0.0268554674742262
2166.5,-0.515136694282107
2166.6,-0.319824203558956
2166.7,0.168457023248928
2166.8,-0.466308571601321
2166.9,-0.515136694282106
2167,-0.246582019537773
2167.1,-0.734863246345657
2167.2,-0.63720700098408
2167.3,-0.783691369026447
2167.4,-1.10107416645157
2167.5,-0.466308571601321
2167.6,-0.661621062324475
2167.7,-0.5639648169629
2167.8,-0.490722632941717
2167.9,-0.588378878303294
2168,-0.539550755622504
2168.1,-0.539550755622507
2168.2,-0.319824203558954
2168.3,-0.222167958197375
2168.4,-0.490722632941713
2168.5,-0.78369136902645
2168.6,-0.344238264899346
2168.7,-0.197753896856982
2168.8,-0.246582019537775
2168.9,-0.686035123664873
2169,-0.124511712835803
2169.1,0.266113268610508
2169.2,-0.148925774176197
2169.3,-0.490722632941716
2169.4,0.046386716546958
2169.5,-0.319824203558953
2169.6,-0.637207000984081
2169.7,-0.124511712835803
2169.8,0.046386716546958
2169.9,-0.417480448920531
2170,-0.612792939643686
2170.1,-0.0512695288146176
2170.2,-0.539550755622501
2170.3,-0.515136694282111
2170.4,0.290527329950902
2170.5,0.144042961908534
2170.6,-0.0756835901550147
2170.7,-0.222167958197377
2170.8,-0.588378878303294
2170.9,-0.881347614388024
2171,-0.124511712835803
2171.1,-0.148925774176197
2171.2,0.168457023248932
2171.3,0.266113268610506
2171.4,0.314941391291295
2171.5,0.119628900568139
2171.6,-0.295410142218563
2171.7,-0.246582019537773
2171.8,0.607910127376029
2171.9,0.681152311397209
2172,0.217285145929719
2172.1,-0.466308571601321
2172.2,-0.515136694282107
2172.3,-0.490722632941716
2172.4,-0.100097651495406
2172.5,0.388183575312479
2172.6,0.119628900568139
2172.7,0.0708007778873494
2172.8,-0.100097651495403
2172.9,0.290527329950905
2173,0.46142575933366
2173.1,0.363769513972082
2173.2,0.363769513972082
2173.3,0.217285145929718
2173.4,-0.0024414061338291
2173.5,-0.00244140613383195
2173.6,-0.637207000984083
2173.7,-1.27197259583433
2173.8,-0.466308571601321
2173.9,-0.0268554674742234
2174,-0.368652326239747
2174.1,-0.515136694282106
2174.2,-0.148925774176197
2174.3,0.0463867165469594
2174.4,0.0708007778873537
2174.5,-0.148925774176197
2174.6,0.46142575933366
2174.7,0.119628900568139
2174.8,-0.588378878303294
2174.9,-0.856933553047627
2175,-0.00244140613383195
2175.1,0.534667943354846
2175.2,-0.173339835516589
2175.3,0.754394495418391
2175.4,0.192871084589324
2175.5,0.144042961908535
2175.6,0.0708007778873522
2175.7,0.388183575312478
2175.8,0.217285145929723
2175.9,-0.100097651495406
2176,-0.612792939643688
2176.1,-0.490722632941716
2176.2,0.0708007778873494
2176.3,0.217285145929718
2176.4,0.144042961908535
2176.5,0.0219726552065609
2176.6,-0.295410142218559
2176.7,-0.100097651495409
2176.8,0.388183575312476
2176.9,-0.246582019537777
2177,-0.0512695288146205
2177.1,0.363769513972085
2177.2,0.314941391291295
2177.3,0.607910127376023
2177.4,0.437011697993269
2177.5,0.290527329950898
2177.6,-0.0268554674742262
2177.7,-0.124511712835802
2177.8,-0.197753896856986
2177.9,0.168457023248928
2178,-0.344238264899347
2178.1,-0.490722632941716
2178.2,-0.197753896856983
2178.3,-0.393066387580139
2178.4,-0.246582019537775
2178.5,-0.368652326239746
2178.6,-0.783691369026448
2178.7,-1.12548822779197
2178.8,-0.930175737068815
2178.9,-0.295410142218563
2179,-0.39306638758014
2179.1,-0.197753896856985
2179.2,-0.319824203558956
2179.3,-0.490722632941717
2179.4,-0.832519491707232
2179.5,-0.661621062324477
2179.6,-0.319824203558956
2179.7,-0.246582019537777
2179.8,-0.466308571601323
2179.9,-1.3940429025363
2180,-1.27197259583433
2180.1,-1.10107416645157
2180.2,-1.07666010511118
2180.3,-0.710449185005265
2180.4,-0.930175737068814
2180.5,-0.710449185005265
2180.6,-0.270996080878169
2180.7,0.339355452631688
2180.8,0.241699207270112
2180.9,-0.0756835901550147
2181,0.363769513972082
2181.1,0.241699207270111
2181.2,-0.51513669428211
2181.3,-0.661621062324473
2181.4,-0.539550755622504
2181.5,-0.832519491707238
2181.6,-1.27197259583433
2181.7,-0.734863246345658
2181.8,0.192871084589325
2181.9,-0.319824203558957
2182,-0.466308571601321
2182.1,-0.51513669428211
2182.2,-0.856933553047631
2182.3,-0.22216795819738
2182.4,-0.0268554674742248
2182.5,-0.319824203558953
2182.6,-0.0512695288146176
2182.7,0.0463867165469551
2182.8,0.046386716546958
2182.9,0.0952148392277451
2183,0.510253882014449
2183.1,0.119628900568142
2183.2,-1.22314447315354
2183.3,-0.759277307686054
2183.4,0.0708007778873522
2183.5,-0.515136694282109
2183.6,-0.393066387580137
2183.7,-0.270996080878167
2183.8,-0.270996080878166
2183.9,-0.0268554674742219
2184,0.144042961908534
2184.1,0.168457023248929
2184.2,0.290527329950899
2184.3,-0.124511712835802
2184.4,-0.39306638758014
2184.5,-0.270996080878169
2184.6,0.43701169799327
2184.7,-0.393066387580141
2184.8,0.33935545263169
2184.9,0.461425759333663
2185,-0.51513669428211
2185.1,-0.197753896856985
2185.2,0.0219726552065637
2185.3,0.388183575312479
2185.4,0.607910127376027
2185.5,0.046386716546958
2185.6,0.314941391291295
2185.7,0.876464802120364
2185.8,0.119628900568142
2185.9,-0.441894510260929
2186,-0.319824203558957
2186.1,-0.197753896856986
2186.2,-0.0756835901550147
2186.3,-0.319824203558954
2186.4,-0.31982420355896
2186.5,-0.051269528814619
2186.6,-0.832519491707235
2186.7,-0.344238264899349
2186.8,0.168457023248931
2186.9,0.339355452631688
2187,0.0952148392277451
2187.1,0.168457023248929
2187.2,-0.319824203558956
2187.3,0.339355452631692
2187.4,0.876464802120364
2187.5,0.0708007778873508
2187.6,0.36376951397208
2187.7,0.803222618099178
2187.8,0.314941391291295
2187.9,0.0952148392277451
2188,0.0463867165469551
2188.1,0.339355452631688
2188.2,-0.173339835516587
2188.3,-0.197753896856986
2188.4,-0.344238264899349
2188.5,0.0952148392277451
2188.6,0.41259763665287
2188.7,-0.148925774176197
2188.8,0.168457023248929
2188.9,0.437011697993266
2189,0.0952148392277451
2189.1,-0.295410142218556
2189.2,-0.00244140613383195
2189.3,0.559082004695237
2189.4,0.510253882014449
2189.5,-0.100097651495405
2189.6,-0.515136694282111
2189.7,0.656738250056817
2189.8,0.534667943354843
2189.9,-0.0756835901550119
2190,-0.417480448920533
2190.1,0.0708007778873494
2190.2,0.388183575312479
2190.3,-0.100097651495408
2190.4,-0.1245117128358
2190.5,-0.466308571601323
2190.6,-0.832519491707237
2190.7,0.0219726552065666
2190.8,0.0952148392277465
2190.9,0.388183575312476
2191,0.534667943354844
2191.1,0.485839820674057
2191.2,-0.612792939643683
2191.3,-0.246582019537773
2191.4,0.0952148392277479
2191.5,0.217285145929716
2191.6,0.607910127376026
2191.7,-0.100097651495405
2191.8,-0.563964816962897
2191.9,-0.197753896856986
2192,0.217285145929722
2192.1,0.388183575312479
2192.2,-0.637207000984078
2192.3,0.046386716546958
2192.4,-0.197753896856982
2192.5,-0.124511712835802
2192.6,0.461425759333659
2192.7,0.510253882014449
2192.8,0.046386716546958
2192.9,-0.148925774176196
2193,-0.0756835901550119
2193.1,0.75439449541839
2193.2,0.388183575312479
2193.3,-0.539550755622507
2193.4,-0.222167958197377
2193.5,-0.173339835516592
2193.6,-0.0756835901550161
2193.7,0.656738250056814
2193.8,-0.0756835901550133
2193.9,-0.368652326239746
2194,0.778808556758784
2194.1,0.632324188716419
2194.2,0.266113268610503
2194.3,-0.466308571601323
2194.4,-0.246582019537775
2194.5,0.241699207270111
2194.6,0.0219726552065623
2194.7,0.217285145929721
2194.8,0.583496066035636
2194.9,0.119628900568138
2195,0.2905273299509
2195.1,0.0708007778873522
2195.2,0.485839820674055
2195.3,0.314941391291293
2195.4,-0.00244140613383195
2195.5,-0.0268554674742262
2195.6,0.0952148392277479
2195.7,-0.197753896856985
2195.8,0.144042961908536
2195.9,0.51025388201445
2196,0.437011697993266
2196.1,0.266113268610505
2196.2,0.314941391291296
2196.3,0.119628900568139
2196.4,-0.344238264899353
2196.5,-0.197753896856983
2196.6,0.168457023248928
2196.7,0.412597636652873
2196.8,-0.0268554674742262
2196.9,0.144042961908536
2197,0.681152311397213
2197.1,0.705566372737604
2197.2,0.241699207270115
2197.3,0.58349606603563
2197.4,0.314941391291293
2197.5,0.144042961908535
2197.6,0.388183575312475
2197.7,0.437011697993268
2197.8,0.046386716546958
2197.9,0.241699207270111
2198,0.63232418871642
2198.1,0.217285145929718
2198.2,-0.124511712835803
2198.3,0.461425759333662
2198.4,0.534667943354843
2198.5,-0.148925774176195
2198.6,0.559082004695236
2198.7,1.07177729284352
2198.8,-0.319824203558956
2198.9,-0.73486324634566
2199,0.681152311397209
2199.1,0.339355452631692
2199.2,-0.637207000984083
2199.3,-0.148925774176197
2199.4,0.85205074077997
2199.5,0.241699207270112
2199.6,-0.246582019537772
2199.7,-0.0512695288146162
2199.8,-0.0268554674742248
2199.9,0.144042961908536
2200,0.266113268610506
2200.1,-0.515136694282109
2200.2,0.168457023248929
2200.3,0.241699207270111
2200.4,0.388183575312478
2200.5,0.681152311397209
2200.6,0.0708007778873494
2200.7,0.241699207270113
2200.8,0.314941391291296
2200.9,-0.222167958197382
2201,-0.295410142218557
2201.1,-0.417480448920534
2201.2,-0.295410142218563
2201.3,-0.0512695288146176
2201.4,-0.222167958197373
2201.5,0.485839820674055
2201.6,0.412597636652872
2201.7,0.314941391291295
2201.8,0.705566372737604
2201.9,0.217285145929716
2202,0.0952148392277465
2202.1,-0.197753896856986
2202.2,-0.46630857160132
2202.3,-0.490722632941714
2202.4,0.778808556758786
2202.5,1.02294917016273
2202.6,-0.0512695288146205
2202.7,-0.124511712835802
2202.8,-0.173339835516585
2202.9,0.046386716546958
2203,0.144042961908535
2203.1,0.583496066035629
2203.2,0.778808556758787
2203.3,1.26708978356667
2203.4,0.778808556758784
2203.5,0.46142575933366
2203.6,0.485839820674057
2203.7,0.412597636652872
2203.8,0.388183575312475
2203.9,0.192871084589324
2204,-0.22216795819738
2204.1,-0.173339835516592
2204.2,0.998535108822333
2204.3,1.09619135418391
2204.4,0.314941391291292
2204.5,0.0708007778873551
2204.6,0.63232418871642
2204.7,0.363769513972083
2204.8,0.144042961908538
2204.9,-0.222167958197379
2205,0.485839820674055
2205.1,0.852050740779967
2205.2,0.0708007778873508
2205.3,0.0708007778873508
2205.4,0.192871084589325
2205.5,0.266113268610506
2205.6,0.144042961908532
2205.7,0.192871084589325
2205.8,0.461425759333659
2205.9,0.607910127376026
2206,0.58349606603563
2206.1,0.241699207270111
2206.2,-0.0268554674742262
2206.3,-0.222167958197377
2206.4,-0.563964816962898
2206.5,-0.0268554674742248
2206.6,0.314941391291295
2206.7,0.290527329950899
2206.8,0.363769513972083
2206.9,0.607910127376027
2207,0.632324188716419
2207.1,0.705566372737604
2207.2,0.241699207270109
2207.3,0.852050740779967
2207.4,0.559082004695237
2207.5,-0.0024414061338291
2207.6,0.607910127376023
2207.7,0.607910127376023
2207.8,-0.441894510260927
2207.9,-0.100097651495403
2208,0.485839820674055
2208.1,-0.0024414061338291
2208.2,0.0219726552065637
2208.3,-0.734863246345658
2208.4,0.119628900568142
2208.5,0.583496066035634
2208.6,0.0463867165469566
2208.7,-0.173339835516592
2208.8,0.0952148392277465
2208.9,0.559082004695237
2209,0.266113268610505
2209.1,0.461425759333662
2209.2,0.021972655206568
2209.3,-0.490722632941714
2209.4,0.559082004695237
2209.5,0.632324188716417
2209.6,-0.368652326239746
2209.7,-0.246582019537773
2209.8,0.0708007778873508
2209.9,0.363769513972083
2210,0.266113268610511
2210.1,-0.0268554674742248
2210.2,0.363769513972083
2210.3,1.02294917016273
2210.4,0.681152311397209
2210.5,-0.22216795819738
2210.6,0.0463867165469594
2210.7,0.656738250056817
2210.8,0.266113268610505
2210.9,-0.417480448920533
2211,-0.148925774176197
2211.1,-0.00244140613383195
2211.2,0.437011697993269
2211.3,0.656738250056816
2211.4,0.119628900568142
2211.5,0.0952148392277451
2211.6,0.266113268610506
2211.7,0.534667943354846
2211.8,0.705566372737603
2211.9,0.632324188716421
2212,0.290527329950902
2212.1,-0.222167958197377
2212.2,-0.1245117128358
2212.3,0.58349606603563
2212.4,0.168457023248925
2212.5,0.827636679439573
2212.6,1.5844725809918
2212.7,0.68115231139721
2212.8,0.949706986141543
2212.9,1.02294917016273
2213,0.534667943354843
2213.1,0.168457023248931
2213.2,0.2905273299509
2213.3,0.461425759333659
2213.4,0.55908200469524
2213.5,0.974121047481938
2213.6,0.437011697993266
2213.7,0.656738250056813
2213.8,0.852050740779967
2213.9,0.583496066035633
2214,0.437011697993268
2214.1,0.900878863460756
2214.2,0.900878863460757
2214.3,1.16943353820509
2214.4,0.65673825005682
2214.5,0.852050740779973
2214.6,1.19384759954549
2214.7,1.36474602892825
2214.8,0.681152311397209
2214.9,0.90087886346076
2215,0.729980434077996
2215.1,0.0708007778873508
2215.2,1.02294917016273
2215.3,0.754394495418389
2215.4,0.90087886346076
2215.5,1.34033196758785
2215.6,1.43798821294943
2215.7,0.925292924801148
2215.8,0.681152311397209
2215.9,0.852050740779968
2216,0.168457023248932
2216.1,0.168457023248929
2216.2,0.827636679439576
2216.3,0.314941391291295
2216.4,-0.0268554674742262
2216.5,1.04736323150312
2216.6,1.34033196758785
2216.7,0.925292924801148
2216.8,1.41357415160904
2216.9,0.656738250056816
2217,0.729980434077996
2217.1,0.681152311397207
2217.2,1.31591790624746
2217.3,0.974121047481938
2217.4,0.485839820674056
2217.5,0.900878863460758
2217.6,1.34033196758785
2217.7,1.04736323150312
2217.8,1.1694335382051
2217.9,0.803222618099181
2218,0.363769513972085
2218.1,0.656738250056812
2218.2,1.09619135418391
2218.3,1.36474602892825
2218.4,0.607910127376024
2218.5,0.754394495418389
2218.6,0.119628900568138
2218.7,0.559082004695235
2218.8,0.754394495418394
2218.9,0.778808556758784
2219,0.168457023248931
2219.1,-0.0268554674742248
2219.2,0.437011697993266
2219.3,0.0219726552065637
2219.4,0.168457023248928
2219.5,0.778808556758784
2219.6,1.14501947686471
2219.7,1.04736323150312
2219.8,0.339355452631692
2219.9,-0.148925774176197
2220,-0.00244140613383195
2220.1,1.29150384490707
2220.2,0.607910127376024
2220.3,0.925292924801153
2220.4,1.24267572222628
2220.5,0.41259763665287
2220.6,0.119628900568139
2220.7,1.1450194768647
2220.8,1.31591790624746
2220.9,0.778808556758783
2221,1.02294917016273
2221.1,0.949706986141545
2221.2,0.314941391291295
2221.3,0.437011697993263
2221.4,0.0219726552065623
2221.5,0.925292924801153
2221.6,1.29150384490707
2221.7,0.63232418871642
2221.8,0.534667943354843
2221.9,0.925292924801154
2222,0.827636679439576
2222.1,0.461425759333659
2222.2,0.0952148392277479
2222.3,0.729980434077999
2222.4,1.38916009026864
2222.5,0.998535108822334
2222.6,0.217285145929718
2222.7,0.241699207270112
2222.8,0.314941391291296
2222.9,0.0708007778873522
2223,0.437011697993266
2223.1,0.461425759333663
2223.2,0.607910127376026
2223.3,0.827636679439574
2223.4,0.778808556758786
2223.5,0.998535108822334
2223.6,1.21826166088588
2223.7,0.241699207270111
2223.8,0.0219726552065623
2223.9,0.388183575312475
2224,0.68115231139721
2224.1,0.583496066035632
2224.2,0.949706986141545
2224.3,1.19384759954549
2224.4,0.632324188716417
2224.5,0.461425759333665
2224.6,0.656738250056817
2224.7,0.485839820674053
2224.8,1.12060541552431
2224.9,0.876464802120367
2225,1.19384759954549
2225.1,0.437011697993268
2225.2,0.168457023248932
2225.3,-0.051269528814619
2225.4,0.168457023248932
2225.5,1.16943353820509
2225.6,1.12060541552431
2225.7,0.998535108822331
2225.8,0.55908200469524
2225.9,0.827636679439577
2226,1.02294917016273
2226.1,1.04736323150313
2226.2,0.925292924801153
2226.3,0.290527329950899
2226.4,0.51025388201445
2226.5,0.46142575933366
2226.6,-0.100097651495409
2226.7,0.925292924801148
2226.8,0.900878863460757
2226.9,0.437011697993266
2227,0.803222618099178
2227.1,0.729980434077999
2227.2,0.729980434077996
2227.3,0.754394495418389
2227.4,0.241699207270111
2227.5,0.559082004695237
2227.6,0.729980434078004
2227.7,0.632324188716423
2227.8,0.266113268610505
2227.9,-0.00244140613383337
2228,0.217285145929718
2228.1,0.388183575312479
2228.2,0.33935545263169
2228.3,0.632324188716421
2228.4,0.827636679439573
2228.5,0.705566372737599
2228.6,1.02294917016273
2228.7,0.681152311397209
2228.8,-0.295410142218564
2228.9,0.339355452631689
2229,0.925292924801158
2229.1,0.485839820674055
2229.2,0.510253882014449
2229.3,0.510253882014449
2229.4,0.0463867165469637
2229.5,-0.344238264899353
2229.6,0.266113268610509
2229.7,-0.0024414061338291
2229.8,0.119628900568142
2229.9,-0.0268554674742248
2230,0.119628900568142
2230.1,0.314941391291293
2230.2,-0.0756835901550161
2230.3,-0.124511712835803
2230.4,0.559082004695236
2230.5,-0.124511712835802
2230.6,-0.246582019537775
2230.7,0.314941391291295
2230.8,0.827636679439576
2230.9,0.681152311397209
2231,0.363769513972085
2231.1,0.0952148392277422
2231.2,0.217285145929718
2231.3,0.437011697993266
2231.4,0.0463867165469608
2231.5,0.168457023248929
2231.6,0.485839820674057
2231.7,0.55908200469524
2231.8,0.437011697993265
2231.9,-0.734863246345658
2232,-0.686035123664868
2232.1,0.388183575312476
2232.2,0.827636679439571
2232.3,0.363769513972082
2232.4,-0.0512695288146148
2232.5,-0.563964816962898
2232.6,0.510253882014452
2232.7,0.656738250056816
2232.8,0.119628900568144
2232.9,0.144042961908535
2233,0.876464802120364
2233.1,0.2905273299509
2233.2,0.0952148392277508
2233.3,-0.124511712835802
2233.4,0.192871084589324
2233.5,-0.0512695288146162
2233.6,0.583496066035634
2233.7,0.583496066035629
2233.8,-0.295410142218563
2233.9,-0.344238264899349
2234,0.266113268610508
2234.1,0.632324188716421
2234.2,0.144042961908532
2234.3,0.192871084589321
2234.4,0.144042961908536
2234.5,0.192871084589321
2234.6,-0.00244140613382768
2234.7,-0.100097651495405
2234.8,-0.270996080878169
2234.9,-0.270996080878166
2235,0.168457023248928
2235.1,1.04736323150313
2235.2,0.241699207270112
2235.3,-0.393066387580139
2235.4,0.510253882014452
2235.5,0.80322261809918
2235.6,0.46142575933366
2235.7,-0.246582019537772
2235.8,0.607910127376029
2235.9,0.0708007778873522
2236,-0.197753896856985
2236.1,0.168457023248929
2236.2,0.363769513972083
2236.3,-0.0756835901550147
2236.4,-0.612792939643688
2236.5,-0.637207000984084
2236.6,-0.490722632941707
2236.7,-0.0756835901550147
2236.8,0.144042961908538
2236.9,-0.612792939643688
2237,-0.368652326239744
2237.1,0.0463867165469608
2237.2,-0.270996080878165
2237.3,-0.0268554674742262
2237.4,0.0219726552065666
2237.5,-0.515136694282111
2237.6,0.0463867165469594
2237.7,0.266113268610506
2237.8,0.217285145929716
2237.9,0.0219726552065637
2238,-0.466308571601321
2238.1,-0.368652326239744
2238.2,-0.197753896856985
2238.3,-0.368652326239743
2238.4,-0.00244140613383053
2238.5,0.461425759333662
2238.6,-0.368652326239747
2238.7,-0.393066387580139
2238.8,-0.466308571601323
2238.9,0.0708007778873508
2239,0.437011697993268
2239.1,0.241699207270109
2239.2,0.485839820674053
2239.3,0.217285145929716
2239.4,-0.393066387580141
2239.5,-0.0512695288146176
2239.6,0.51025388201445
2239.7,0.0463867165469608
2239.8,0.388183575312475
2239.9,0.339355452631692
2240,1.09619135418391
2240.1,0.705566372737604
2240.2,0.827636679439574
2240.3,0.388183575312478
2240.4,-0.0268554674742248
2240.5,-0.10009765149541
2240.6,0.510253882014446
2240.7,0.0708007778873508
2240.8,-0.100097651495408
2240.9,0.0463867165469594
2241,-0.0756835901550133
2241.1,0.217285145929719
2241.2,-0.466308571601323
2241.3,0.314941391291295
2241.4,-0.00244140613383053
2241.5,-0.588378878303295
2241.6,0.0952148392277451
2241.7,-0.173339835516592
2241.8,0.241699207270109
2241.9,0.485839820674052
2242,0.607910127376027
2242.1,0.388183575312475
2242.2,-0.319824203558957
2242.3,0.0219726552065637
2242.4,0.363769513972082
2242.5,0.168457023248929
2242.6,0.632324188716423
2242.7,0.70556637273761
2242.8,1.02294917016273
2242.9,0.778808556758786
2243,0.510253882014449
2243.1,0.632324188716423
2243.2,0.314941391291293
2243.3,-0.661621062324473
2243.4,0.290527329950896
2243.5,0.852050740779968
2243.6,0.290527329950903
2243.7,-0.0512695288146176
2243.8,0.241699207270112
2243.9,0.656738250056814
2244,0.485839820674055
2244.1,-0.148925774176196
2244.2,0.36376951397208
2244.3,0.754394495418394
2244.4,0.559082004695243
2244.5,0.192871084589324
2244.6,0.241699207270111
2244.7,0.656738250056816
2244.8,0.632324188716421
2244.9,0.485839820674056
2245,0.974121047481941
2245.1,0.97412104748194
2245.2,0.510253882014449
2245.3,0.363769513972083
2245.4,0.485839820674056
2245.5,0.192871084589326
2245.6,0.046386716546958
2245.7,-0.197753896856985
2245.8,-0.539550755622503
2245.9,-0.319824203558956
2246,0.510253882014449
2246.1,0.339355452631692
2246.2,0.461425759333657
2246.3,0.33935545263169
2246.4,0.388183575312479
2246.5,-0.17333983551659
2246.6,-0.124511712835805
2246.7,0.0463867165469566
2246.8,0.217285145929716
2246.9,0.2905273299509
2247,-0.246582019537769
2247.1,-1.22314447315354
2247.2,-0.832519491707235
2247.3,-0.612792939643688
2247.4,0.363769513972085
2247.5,0.656738250056814
2247.6,0.290527329950902
2247.7,0.0952148392277465
2247.8,0.388183575312479
2247.9,0.388183575312476
2248,-0.61279293964369
2248.1,-0.14892577417619
2248.2,0.0463867165469594
2248.3,0.144042961908534
2248.4,-0.270996080878167
2248.5,-0.100097651495405
2248.6,-0.148925774176197
2248.7,-0.612792939643688
2248.8,-0.222167958197379
2248.9,0.339355452631689
2249,-0.00244140613383195
2249.1,-0.417480448920537
2249.2,-0.417480448920537
2249.3,-0.319824203558952
2249.4,-0.148925774176195
2249.5,-0.197753896856983
2249.6,0.607910127376027
2249.7,0.510253882014447
2249.8,0.266113268610503
2249.9,-0.0756835901550133
2250,-0.539550755622503
2250.1,0.119628900568141
2250.2,0.485839820674055
2250.3,-0.0268554674742234
2250.4,-0.393066387580139
2250.5,-0.17333983551659
2250.6,0.63232418871642
2250.7,0.388183575312473
2250.8,-0.100097651495409
2250.9,-0.393066387580137
2251,-0.417480448920533
2251.1,-0.173339835516593
2251.2,0.412597636652873
2251.3,0.217285145929718
2251.4,0.290527329950899
2251.5,0.0219726552065623
2251.6,-0.0512695288146205
2251.7,-0.0512695288146176
2251.8,-0.612792939643687
2251.9,-0.759277307686052
2252,-0.783691369026448
2252.1,-0.270996080878166
2252.2,0.437011697993266
2252.3,-0.710449185005264
2252.4,-0.563964816962901
2252.5,-0.100097651495406
2252.6,-0.100097651495409
2252.7,0.583496066035632
2252.8,0.144042961908538
2252.9,0.38818357531248
2253,0.290527329950903
2253.1,0.119628900568141
2253.2,-0.1245117128358
2253.3,0.168457023248932
2253.4,0.388183575312476
2253.5,0.485839820674056
2253.6,-0.1245117128358
2253.7,0.046386716546958
2253.8,0.0708007778873537
2253.9,0.217285145929721
2254,0.925292924801153
2254.1,0.217285145929718
2254.2,-0.270996080878166
2254.3,0.168457023248928
2254.4,0.0952148392277437
2254.5,0.290527329950902
2254.6,0.949706986141548
2254.7,0.90087886346076
2254.8,0.827636679439574
2254.9,0.754394495418391
2255,-0.0268554674742248
2255.1,0.363769513972085
2255.2,0.559082004695237
2255.3,1.02294917016273
2255.4,0.705566372737603
2255.5,-0.319824203558957
2255.6,-0.00244140613383053
2255.7,0.58349606603563
2255.8,0.80322261809918
2255.9,0.119628900568139
2256,-0.270996080878166
2256.1,-0.0756835901550119
2256.2,-0.0024414061338291
2256.3,0.583496066035633
2256.4,0.266113268610505
2256.5,-0.0512695288146205
2256.6,0.144042961908535
2256.7,0.2905273299509
2256.8,0.485839820674056
2256.9,0.0952148392277508
2257,-0.393066387580139
2257.1,-0.73486324634566
2257.2,-0.319824203558957
2257.3,0.266113268610506
2257.4,-0.173339835516589
2257.5,0.0219726552065652
2257.6,-0.100097651495409
2257.7,-0.148925774176197
2257.8,0.461425759333659
2257.9,0.583496066035637
2258,0.363769513972086
2258.1,0.144042961908538
2258.2,-0.100097651495406
2258.3,-0.222167958197377
2258.4,-0.0512695288146176
2258.5,0.266113268610503
2258.6,0.144042961908535
2258.7,0.0952148392277479
2258.8,0.119628900568141
2258.9,0.144042961908535
2259,0.583496066035633
2259.1,0.852050740779967
2259.2,0.192871084589326
2259.3,0.290527329950903
2259.4,-0.173339835516589
2259.5,-0.295410142218559
2259.6,0.607910127376026
2259.7,0.632324188716423
2259.8,-0.222167958197375
2259.9,-0.637207000984084
2260,-0.563964816962896
2260.1,-0.0024414061338291
2260.2,0.437011697993266
2260.3,0.559082004695235
2260.4,0.217285145929716
2260.5,0.681152311397207
2260.6,0.803222618099183
2260.7,0.656738250056814
2260.8,0.168457023248931
2260.9,-0.0756835901550133
2261,-0.0756835901550147
2261.1,0.266113268610512
2261.2,0.168457023248931
2261.3,-0.124511712835802
2261.4,-0.563964816962897
2261.5,-0.344238264899351
2261.6,0.412597636652869
2261.7,0.729980434077994
2261.8,0.339355452631689
2261.9,0.314941391291293
2262,-0.197753896856986
2262.1,-0.0756835901550133
2262.2,0.192871084589319
2262.3,0.168457023248926
2262.4,0.339355452631689
2262.5,0.0952148392277465
2262.6,0.119628900568141
2262.7,1.04736323150312
2262.8,0.0952148392277437
2262.9,-0.00244140613382768
2263,0.119628900568144
2263.1,0.363769513972082
2263.2,-0.148925774176193
2263.3,-0.319824203558956
2263.4,-0.0268554674742248
2263.5,-0.148925774176196
2263.6,0.412597636652869
2263.7,0.534667943354842
2263.8,0.510253882014446
2263.9,0.388183575312478
2264,0.266113268610505
2264.1,0.0952148392277451
2264.2,0.217285145929718
2264.3,0.168457023248928
2264.4,-0.00244140613383053
2264.5,0.144042961908536
2264.6,0.0463867165469566
2264.7,0.0219726552065609
2264.8,0.33935545263169
2264.9,-0.0268554674742219
2265,0.241699207270112
2265.1,0.534667943354844
2265.2,0.583496066035629
2265.3,-0.197753896856982
2265.4,-0.148925774176196
2265.5,0.974121047481944
2265.6,0.168457023248932
2265.7,-0.197753896856986
2265.8,0.778808556758786
2265.9,0.974121047481938
2266,-0.295410142218564
2266.1,0.0952148392277465
2266.2,0.119628900568139
2266.3,0.192871084589325
2266.4,-0.832519491707237
2266.5,-0.637207000984077
2266.6,0.46142575933366
2266.7,0.339355452631688
2266.8,0.168457023248926
2266.9,0.046386716546958
2267,0.412597636652872
2267.1,0.192871084589324
2267.2,0.314941391291293
2267.3,0.217285145929715
2267.4,0.461425759333662
2267.5,0.461425759333657
2267.6,0.534667943354843
2267.7,0.290527329950898
2267.8,0.559082004695237
2267.9,0.168457023248929
2268,-0.51513669428211
2268.1,0.0952148392277451
2268.2,-0.100097651495409
2268.3,-0.173339835516592
2268.4,-0.270996080878169
2268.5,-0.0024414061338291
2268.6,0.607910127376023
2268.7,0.705566372737601
2268.8,-0.246582019537775
2268.9,0.266113268610503
2269,0.461425759333657
2269.1,-0.051269528814619
2269.2,0.314941391291293
2269.3,0.339355452631688
2269.4,0.388183575312478
2269.5,0.0463867165469551
2269.6,0.168457023248931
2269.7,0.437011697993265
2269.8,0.241699207270109
2269.9,0.0708007778873522
2270,-0.0268554674742276
2270.1,0.241699207270112
2270.2,0.144042961908535
2270.3,0.217285145929715
2270.4,0.217285145929718
2270.5,0.754394495418393
2270.6,0.632324188716419
2270.7,0.144042961908534
2270.8,0.363769513972082
2270.9,0.266113268610509
2271,0.217285145929718
2271.1,0.339355452631689
2271.2,-0.0268554674742262
2271.3,-0.270996080878166
2271.4,-0.270996080878169
2271.5,-0.270996080878169
2271.6,-0.783691369026447
2271.7,-0.10009765149541
2271.8,-0.0756835901550147
2271.9,0.51025388201445
2272,0.559082004695236
2272.1,-0.0268554674742262
2272.2,-0.58837887830329
2272.3,-0.466308571601321
2272.4,-0.124511712835802
2272.5,-0.319824203558956
2272.6,-0.63720700098408
2272.7,-0.759277307686054
2272.8,-0.00244140613382626
2272.9,0.754394495418393
2273,0.0952148392277479
2273.1,-0.930175737068814
2273.2,-0.22216795819738
2273.3,0.461425759333663
2273.4,-0.417480448920531
2273.5,-0.979003859749602
2273.6,-0.881347614388021
2273.7,-0.344238264899353
2273.8,0.0708007778873508
2273.9,-0.173339835516592
2274,0.339355452631689
2274.1,0.217285145929716
2274.2,-0.393066387580133
2274.3,0.168457023248926
2274.4,-0.0512695288146205
2274.5,-0.173339835516592
2274.6,-0.588378878303294
2274.7,-0.905761675728419
2274.8,-0.148925774176195
2274.9,-0.783691369026447
2275,-0.979003859749599
2275.1,-0.0024414061338291
2275.2,0.43701169799327
2275.3,-0.0268554674742262
2275.4,0.217285145929722
2275.5,0.314941391291295
2275.6,-0.0756835901550133
2275.7,0.363769513972083
2275.8,1.21826166088588
2275.9,0.290527329950899
2276,-0.197753896856982
2276.1,-0.368652326239746
2276.2,0.0219726552065623
2276.3,0.314941391291293
2276.4,-0.270996080878169
2276.5,-0.368652326239742
2276.6,-0.00244140613383195
2276.7,0.290527329950902
2276.8,0.461425759333662
2276.9,0.144042961908535
2277,0.0952148392277451
2277.1,-0.148925774176196
2277.2,-0.0268554674742276
2277.3,-0.148925774176196
2277.4,0.0219726552065609
2277.5,-0.00244140613383053
2277.6,0.0219726552065652
2277.7,0.0708007778873508
2277.8,0.583496066035633
2277.9,-0.0268554674742276
2278,-0.124511712835802
2278.1,0.266113268610508
2278.2,0.217285145929718
2278.3,-0.197753896856987
2278.4,-0.515136694282113
2278.5,-0.808105430366841
2278.6,-0.270996080878165
2278.7,0.36376951397208
2278.8,0.803222618099178
2278.9,0.241699207270112
2279,0.241699207270112
2279.1,-0.0268554674742234
2279.2,0.0952148392277465
2279.3,-0.10009765149541
2279.4,-0.0268554674742234
2279.5,-0.222167958197379
2279.6,0.217285145929718
2279.7,0.485839820674057
2279.8,0.290527329950899
2279.9,0.2905273299509
2280,0.0463867165469566
2280.1,0.0219726552065609
2280.2,0.729980434077997
2280.3,0.241699207270111
2280.4,0.119628900568138
2280.5,-0.539550755622504
2280.6,-0.539550755622506
2280.7,0.119628900568141
2280.8,0.92529292480115
2280.9,0.144042961908534
2281,-0.539550755622504
2281.1,-0.0268554674742276
2281.2,0.412597636652872
2281.3,0.217285145929715
2281.4,-0.368652326239744
2281.5,0.0708007778873579
2281.6,0.41259763665287
2281.7,-0.319824203558954
2281.8,-0.246582019537773
2281.9,-0.368652326239744
2282,-0.588378878303297
2282.1,-0.100097651495408
2282.2,-0.051269528814619
2282.3,-0.417480448920534
2282.4,-0.979003859749601
2282.5,-0.73486324634566
2282.6,-1.02783198243039
2282.7,-0.881347614388025
2282.8,-0.539550755622501
2282.9,-0.710449185005265
2283,-0.759277307686052
2283.1,-0.222167958197377
2283.2,-0.319824203558957
2283.3,-1.27197259583433
2283.4,-0.588378878303294
2283.5,-0.295410142218562
2283.6,-0.148925774176192
2283.7,-0.0268554674742234
2283.8,-0.246582019537775
2283.9,-0.881347614388022
2284,-0.490722632941716
2284.1,0.266113268610505
2284.2,-0.393066387580141
2284.3,-0.490722632941717
2284.4,-1.12548822779197
2284.5,-1.07666010511117
2284.6,-0.319824203558956
2284.7,-0.490722632941716
2284.8,-0.22216795819738
2284.9,0.0708007778873508
2285,-0.710449185005265
2285.1,-0.0512695288146205
2285.2,-0.539550755622504
2285.3,-0.17333983551659
2285.4,0.681152311397213
2285.5,-0.0756835901550147
2285.6,-0.368652326239746
2285.7,-0.00244140613383337
2285.8,-0.173339835516587
2285.9,-0.515136694282111
2286,-0.222167958197379
2286.1,-0.0268554674742262
2286.2,-0.246582019537773
2286.3,-0.100097651495403
2286.4,-0.00244140613383053
2286.5,0.217285145929719
2286.6,-0.295410142218556
2286.7,-0.808105430366842
2286.8,0.119628900568144
2286.9,0.217285145929722
2287,0.241699207270113
2287.1,-0.490722632941717
2287.2,-0.563964816962897
2287.3,0.534667943354842
2287.4,0.388183575312478
2287.5,0.168457023248932
2287.6,-0.759277307686051
2287.7,-0.588378878303294
2287.8,0.0952148392277508
2287.9,0.388183575312478
2288,0.192871084589324
2288.1,0.217285145929719
2288.2,-0.00244140613383053
2288.3,-0.0268554674742234
2288.4,0.314941391291293
2288.5,-0.0268554674742262
2288.6,0.192871084589324
2288.7,-0.637207000984081
2288.8,-0.808105430366841
2288.9,-0.173339835516593
2289,0.46142575933366
2289.1,0.0463867165469608
2289.2,0.241699207270112
2289.3,0.0952148392277479
2289.4,0.388183575312479
2289.5,0.632324188716419
2289.6,-0.17333983551659
2289.7,0.0708007778873508
2289.8,-0.00244140613383195
2289.9,-0.148925774176197
2290,0.388183575312476
2290.1,0.046386716546958
2290.2,-0.124511712835806
2290.3,0.217285145929721
2290.4,-0.563964816962897
2290.5,-0.466308571601324
2290.6,0.0708007778873522
2290.7,0.241699207270111
2290.8,-0.173339835516587
2290.9,-0.0756835901550133
2291,-0.270996080878167
2291.1,0.266113268610505
2291.2,0.168457023248929
2291.3,0.0219726552065623
2291.4,0.31494139129129
2291.5,0.2905273299509
2291.6,0.0952148392277465
2291.7,0.2905273299509
2291.8,-0.344238264899351
2291.9,-0.759277307686051
2292,-0.832519491707234
2292.1,-0.124511712835803
2292.2,-0.368652326239743
2292.3,-0.759277307686054
2292.4,-0.197753896856985
2292.5,-0.197753896856985
2292.6,-0.5395507556225
2292.7,0.290527329950902
2292.8,-0.051269528814619
2292.9,-0.0756835901550161
2293,-0.246582019537769
2293.1,-0.0756835901550104
2293.2,-0.0756835901550104
2293.3,0.168457023248926
2293.4,-0.393066387580139
2293.5,-0.124511712835803
2293.6,-0.661621062324478
2293.7,-0.148925774176196
2293.8,0.144042961908534
2293.9,-0.246582019537773
2294,-0.173339835516592
2294.1,-0.344238264899351
2294.2,-0.0512695288146176
2294.3,-0.417480448920531
2294.4,-0.0268554674742276
2294.5,0.0219726552065652
2294.6,-0.0268554674742234
2294.7,-0.246582019537777
2294.8,-0.222167958197382
2294.9,-0.148925774176197
2295,-0.734863246345658
2295.1,-0.197753896856987
2295.2,-0.270996080878167
2295.3,0.119628900568136
2295.4,0.314941391291293
2295.5,0.0219726552065623
2295.6,-0.515136694282111
2295.7,-0.319824203558956
2295.8,-0.808105430366841
2295.9,-0.637207000984083
2296,-0.246582019537775
2296.1,0.192871084589324
2296.2,-0.39306638758014
2296.3,-0.515136694282107
2296.4,0.534667943354842
2296.5,0.217285145929719
2296.6,-0.734863246345661
2296.7,-0.148925774176196
2296.8,0.607910127376029
2296.9,-0.00244140613383053
2297,0.119628900568141
2297.1,-0.051269528814619
2297.2,-0.490722632941713
2297.3,-0.17333983551659
2297.4,-0.148925774176197
2297.5,-0.393066387580139
2297.6,0.119628900568138
2297.7,0.217285145929718
2297.8,-0.0512695288146219
2297.9,0.266113268610505
2298,0.0708007778873551
2298.1,-0.148925774176199
2298.2,0.949706986141543
2298.3,0.534667943354844
2298.4,-0.490722632941714
2298.5,-0.466308571601323
2298.6,0.559082004695242
2298.7,0.192871084589322
2298.8,-0.197753896856983
2298.9,0.119628900568141
2299,-0.100097651495409
2299.1,0.412597636652872
2299.2,-0.246582019537777
2299.3,-0.979003859749604
2299.4,-0.368652326239746
2299.5,-0.19775389685698
2299.6,-0.344238264899351
2299.7,-0.36865232623974
2299.8,-0.295410142218557
2299.9,-0.0512695288146148
2300,-0.710449185005264
2300.1,-0.393066387580139
2300.2,0.192871084589324
2300.3,0.217285145929721
2300.4,0.339355452631688
2300.5,0.0708007778873508
2300.6,0.217285145929718
2300.7,0.0708007778873508
2300.8,0.217285145929716
2300.9,-0.539550755622504
2301,0.0708007778873494
2301.1,0.41259763665287
2301.2,-0.0512695288146205
2301.3,0.0219726552065652
2301.4,-0.00244140613383195
2301.5,-0.393066387580136
2301.6,-0.222167958197379
2301.7,0.92529292480115
2301.8,0.314941391291293
2301.9,0.0463867165469594
2302,-0.100097651495408
2302.1,-0.393066387580139
2302.2,-0.515136694282111
2302.3,-0.222167958197382
2302.4,-0.124511712835803
2302.5,0.437011697993266
2302.6,0.827636679439576
2302.7,0.437011697993266
2302.8,0.168457023248926
2302.9,0.0219726552065666
2303,-0.246582019537775
2303.1,0.290527329950902
2303.2,-0.24658201953777
2303.3,-0.0512695288146176
2303.4,0.363769513972085
2303.5,-0.270996080878165
2303.6,0.119628900568141
2303.7,0.876464802120361
2303.8,0.266113268610506
2303.9,0.241699207270111
2304,0.339355452631689
2304.1,0.681152311397209
2304.2,0.705566372737604
2304.3,0.705566372737601
2304.4,0.63232418871642
2304.5,0.607910127376027
2304.6,0.656738250056816
2304.7,0.485839820674053
2304.8,0.266113268610505
2304.9,0.437011697993269
2305,0.168457023248928
2305.1,1.1694335382051
2305.2,1.80419913305535
2305.3,0.827636679439573
2305.4,0.607910127376023
2305.5,0.607910127376026
2305.6,0.437011697993265
2305.7,0.656738250056817
2305.8,0.900878863460756
2305.9,0.144042961908535
2306,0.314941391291295
2306.1,0.974121047481943
2306.2,1.09619135418391
2306.3,0.559082004695236
2306.4,0.388183575312476
2306.5,0.0219726552065623
2306.6,0.119628900568141
2306.7,0.144042961908534
2306.8,0.168457023248931
2306.9,0.0952148392277451
2307,0.363769513972083
2307.1,0.2905273299509
2307.2,0.144042961908535
2307.3,0.314941391291293
2307.4,0.266113268610505
2307.5,0.266113268610505
2307.6,0.876464802120363
2307.7,0.974121047481938
2307.8,1.07177729284352
2307.9,0.241699207270109
2308,-0.197753896856983
2308.1,-0.490722632941717
2308.2,-0.124511712835803
2308.3,0.314941391291295
2308.4,0.339355452631689
2308.5,0.217285145929716
2308.6,0.559082004695242
2308.7,0.339355452631688
2308.8,0.192871084589324
2308.9,0.534667943354843
2309,0.729980434077994
2309.1,0.681152311397211
2309.2,0.266113268610503
2309.3,0.0463867165469608
2309.4,0.583496066035632
2309.5,1.31591790624746
2309.6,0.876464802120363
2309.7,0.144042961908532
2309.8,0.241699207270113
2309.9,0.632324188716417
2310,1.26708978356667
2310.1,0.900878863460756
2310.2,0.705566372737604
2310.3,0.583496066035632
2310.4,0.339355452631688
2310.5,1.16943353820509
2310.6,1.85302725573614
2310.7,1.26708978356667
2310.8,0.705566372737603
2310.9,0.290527329950903
2311,0.80322261809918
2311.1,0.705566372737604
2311.2,0.217285145929716
2311.3,0.778808556758786
2311.4,0.80322261809918
2311.5,0.266113268610505
2311.6,0.63232418871642
2311.7,1.09619135418391
2311.8,0.339355452631689
2311.9,0.0219726552065623
2312,0.437011697993265
2312.1,0.55908200469524
2312.2,0.388183575312478
2312.3,0.827636679439576
2312.4,0.607910127376029
2312.5,-0.100097651495406
2312.6,0.412597636652872
2312.7,1.19384759954549
2312.8,1.19384759954549
2312.9,0.803222618099187
2313,0.876464802120367
2313.1,0.412597636652873
2313.2,1.04736323150312
2313.3,1.16943353820509
2313.4,0.46142575933366
2313.5,0.7055663727376
2313.6,0.363769513972082
2313.7,0.485839820674057
2313.8,1.1450194768647
2313.9,0.46142575933366
2314,0.0708007778873522
2314.1,0.80322261809918
2314.2,0.241699207270112
2314.3,0.656738250056812
2314.4,0.290527329950902
2314.5,-0.075683590155009
2314.6,-0.148925774176195
2314.7,0.778808556758786
2314.8,0.144042961908536
2314.9,-0.173339835516595
2315,-0.222167958197379
2315.1,0.534667943354842
2315.2,0.192871084589325
2315.3,0.192871084589322
2315.4,0.656738250056813
2315.5,0.534667943354839
2315.6,0.534667943354844
2315.7,-0.0756835901550119
2315.8,-0.124511712835802
2315.9,0.681152311397207
2316,1.12060541552431
2316.1,0.705566372737606
2316.2,0.827636679439574
2316.3,0.729980434077999
2316.4,0.437011697993263
2316.5,0.437011697993263
2316.6,0.534667943354842
2316.7,0.314941391291295
2316.8,0.461425759333659
2316.9,0.485839820674056
2317,0.119628900568141
2317.1,0.656738250056816
2317.2,0.437011697993266
2317.3,0.77880855675879
2317.4,0.36376951397208
2317.5,0.144042961908534
2317.6,0.681152311397209
2317.7,1.12060541552431
2317.8,0.559082004695236
2317.9,0.241699207270112
2318,0.388183575312475
2318.1,0.217285145929718
2318.2,0.388183575312475
2318.3,0.461425759333659
2318.4,0.51025388201445
2318.5,0.729980434078
2318.6,0.656738250056813
2318.7,0.803222618099178
2318.8,1.46240227428982
2318.9,1.07177729284352
2319,0.168457023248929
2319.1,-0.197753896856986
2319.2,0.412597636652875
2319.3,0.803222618099183
2319.4,0.534667943354842
2319.5,0.144042961908535
2319.6,0.778808556758784
2319.7,0.949706986141544
2319.8,0.900878863460758
2319.9,0.75439449541839
2320,0.461425759333662
2320.1,0.0219726552065623
2320.2,1.1450194768647
2320.3,1.07177729284352
2320.4,1.29150384490707
2320.5,1.04736323150312
2320.6,0.266113268610506
2320.7,0.437011697993266
2320.8,0.681152311397207
2320.9,0.827636679439574
2321,0.632324188716421
2321.1,0.925292924801153
2321.2,0.949706986141544
2321.3,0.925292924801153
2321.4,0.559082004695236
2321.5,0.778808556758786
2321.6,1.07177729284352
2321.7,0.925292924801151
2321.8,0.217285145929719
2321.9,1.31591790624746
2322,2.14599599182087
2322.1,1.82861319439574
2322.2,1.09619135418392
2322.3,0.803222618099178
2322.4,-0.0756835901550147
2322.5,0.510253882014446
2322.6,0.510253882014447
2322.7,0.583496066035633
2322.8,0.876464802120363
2322.9,0.705566372737601
2323,0.461425759333656
2323.1,1.07177729284352
2323.2,0.754394495418391
2323.3,0.41259763665287
2323.4,0.363769513972082
2323.5,0.827636679439573
2323.6,0.900878863460757
2323.7,0.852050740779971
2323.8,0.388183575312478
2323.9,0.53466794335484
2324,0.681152311397209
2324.1,0.217285145929718
2324.2,0.68115231139721
2324.3,0.852050740779973
2324.4,0.656738250056816
2324.5,1.1694335382051
2324.6,1.34033196758786
2324.7,0.876464802120361
2324.8,0.607910127376024
2324.9,1.34033196758785
2325,1.34033196758786
2325.1,1.48681633563022
2325.2,0.998535108822334
2325.3,0.974121047481943
2325.4,1.07177729284351
2325.5,1.21826166088588
2325.6,1.16943353820509
2325.7,0.363769513972085
2325.8,1.02294917016273
2325.9,0.925292924801151
2326,0.46142575933366
2326.1,0.412597636652872
2326.2,0.705566372737601
2326.3,0.241699207270112
2326.4,0.583496066035632
2326.5,0.705566372737606
2326.6,1.31591790624746
2326.7,1.04736323150312
2326.8,0.0708007778873508
2326.9,0.583496066035632
2327,1.02294917016273
2327.1,0.925292924801153
2327.2,0.729980434077999
2327.3,1.26708978356667
2327.4,1.60888664233219
2327.5,1.07177729284352
2327.6,0.559082004695236
2327.7,0.63232418871642
2327.8,0.68115231139721
2327.9,1.02294917016273
2328,0.632324188716417
2328.1,0.510253882014449
2328.2,0.437011697993269
2328.3,0.90087886346076
2328.4,0.559082004695236
2328.5,1.07177729284352
2328.6,0.485839820674055
2328.7,0.266113268610506
2328.8,0.144042961908534
2328.9,0.217285145929722
2329,0.412597636652875
2329.1,0.803222618099184
2329.2,0.974121047481937
2329.3,0.437011697993269
2329.4,0.778808556758787
2329.5,1.02294917016273
2329.6,1.04736323150312
2329.7,1.07177729284352
2329.8,0.58349606603563
2329.9,0.266113268610503
2330,0.778808556758784
2330.1,0.80322261809918
2330.2,0.852050740779974
2330.3,1.75537101037456
2330.4,1.07177729284352
2330.5,0.607910127376024
2330.6,0.656738250056813
2330.7,1.5600585196514
2330.8,1.60888664233219
2330.9,0.583496066035633
2331,0.7055663727376
2331.1,0.632324188716419
2331.2,0.925292924801148
2331.3,0.75439449541839
2331.4,0.534667943354844
2331.5,0.0463867165469608
2331.6,0.363769513972082
2331.7,0.241699207270109
2331.8,0.461425759333663
2331.9,0.949706986141544
2332,0.559082004695236
2332.1,0.314941391291295
2332.2,0.754394495418389
2332.3,0.632324188716419
2332.4,-0.0512695288146205
2332.5,0.705566372737603
2332.6,0.681152311397207
2332.7,0.656738250056814
2332.8,0.485839820674056
2332.9,0.534667943354846
2333,1.21826166088588
2333.1,0.97412104748194
2333.2,0.437011697993265
2333.3,0.388183575312479
2333.4,0.632324188716419
2333.5,0.803222618099181
2333.6,0.144042961908535
2333.7,0.192871084589324
2333.8,0.75439449541839
2333.9,0.705566372737601
2334,0.0219726552065609
2334.1,-0.22216795819738
2334.2,0.998535108822333
2334.3,1.31591790624746
2334.4,0.729980434077996
2334.5,0.461425759333662
2334.6,-0.34423826489935
2334.7,0.119628900568142
2334.8,0.92529292480115
2334.9,0.65673825005681
2335,0.778808556758784
2335.1,0.461425759333657
2335.2,0.0952148392277451
2335.3,0.705566372737606
2335.4,1.1450194768647
2335.5,0.583496066035636
2335.6,-0.0024414061338291
2335.7,0.559082004695237
2335.8,0.778808556758786
2335.9,0.80322261809918
2336,0.314941391291292
2336.1,0.119628900568138
2336.2,0.63232418871642
2336.3,1.26708978356667
2336.4,0.363769513972086
2336.5,0.266113268610505
2336.6,-0.124511712835803
2336.7,0.119628900568142
2336.8,0.852050740779973
2336.9,1.26708978356667
2337,0.388183575312476
2337.1,0.0952148392277493
2337.2,0.0463867165469566
2337.3,0.510253882014449
2337.4,0.754394495418393
2337.5,0.705566372737601
2337.6,0.192871084589322
2337.7,0.0463867165469551
2337.8,0.852050740779967
2337.9,1.16943353820509
2338,0.705566372737603
2338.1,0.681152311397209
2338.2,0.266113268610505
2338.3,0.363769513972086
2338.4,1.34033196758785
2338.5,0.559082004695235
2338.6,0.852050740779967
2338.7,0.754394495418393
2338.8,0.388183575312476
2338.9,0.437011697993268
2339,0.900878863460754
2339.1,1.5600585196514
2339.2,0.925292924801151
2339.3,0.97412104748194
2339.4,0.681152311397209
2339.5,0.314941391291298
2339.6,0.290527329950902
2339.7,0.974121047481941
2339.8,0.949706986141544
2339.9,0.363769513972083
2340,0.363769513972083
2340.1,0.388183575312479
2340.2,0.974121047481941
2340.3,1.75537101037456
2340.4,1.16943353820509
2340.5,1.1450194768647
2340.6,1.21826166088589
2340.7,0.925292924801151
2340.8,0.75439449541839
2340.9,0.803222618099181
2341,1.24267572222628
2341.1,1.02294917016273
2341.2,0.63232418871642
2341.3,0.534667943354843
2341.4,0.168457023248929
2341.5,0.876464802120363
2341.6,0.876464802120365
2341.7,0.266113268610506
2341.8,0.53466794335484
2341.9,0.925292924801153
2342,0.461425759333659
2342.1,0.412597636652876
2342.2,1.09619135418391
2342.3,1.04736323150312
2342.4,0.632324188716419
2342.5,0.241699207270112
2342.6,0.363769513972086
2342.7,0.681152311397209
2342.8,0.876464802120363
2342.9,1.29150384490706
2343,0.705566372737603
2343.1,0.485839820674053
2343.2,0.827636679439573
2343.3,1.73095694903417
2343.4,0.82763667943957
2343.5,0.876464802120363
2343.6,0.827636679439571
2343.7,0.485839820674052
2343.8,0.583496066035632
2343.9,1.02294917016273
2344,1.04736323150312
2344.1,1.26708978356667
2344.2,0.656738250056814
2344.3,0.0219726552065623
2344.4,-0.17333983551659
2344.5,0.461425759333662
2344.6,1.41357415160904
2344.7,1.41357415160904
2344.8,0.852050740779968
2344.9,0.192871084589322
2345,0.92529292480115
2345.1,0.607910127376026
2345.2,0.412597636652872
2345.3,0.705566372737601
2345.4,0.998535108822331
2345.5,-0.124511712835802
2345.6,-0.0268554674742262
2345.7,0.388183575312479
2345.8,0.266113268610505
2345.9,1.09619135418391
2346,1.38916009026864
2346.1,0.339355452631692
2346.2,0.119628900568139
2346.3,-0.368652326239747
2346.4,-0.0512695288146205
2346.5,0.827636679439576
2346.6,0.559082004695235
2346.7,0.119628900568144
2346.8,0.412597636652872
2346.9,0.290527329950902
2347,0.192871084589324
2347.1,0.33935545263169
2347.2,0.461425759333659
2347.3,0.363769513972083
2347.4,0.705566372737606
2347.5,0.38818357531248
2347.6,0.485839820674052
2347.7,1.21826166088589
2347.8,0.632324188716419
2347.9,0.51025388201445
2348,0.852050740779966
2348.1,0.705566372737601
2348.2,0.339355452631686
2348.3,1.24267572222628
2348.4,1.19384759954549
2348.5,0.778808556758783
2348.6,0.729980434077994
2348.7,0.778808556758783
2348.8,0.778808556758787
2348.9,1.16943353820509
2349,1.02294917016273
2349.1,0.92529292480115
2349.2,0.85205074077997
2349.3,0.0219726552065652
2349.4,0.144042961908534
2349.5,0.656738250056814
2349.6,0.559082004695237
2349.7,0.754394495418391
2349.8,0.925292924801153
2349.9,0.803222618099178
2350,0.681152311397206
2350.1,1.1206054155243
2350.2,1.41357415160904
2350.3,0.534667943354842
2350.4,0.363769513972082
2350.5,0.92529292480115
2350.6,0.534667943354847
2350.7,0.607910127376026
2350.8,0.363769513972083
2350.9,0.583496066035633
2351,0.192871084589324
2351.1,0.363769513972083
2351.2,0.900878863460756
2351.3,1.36474602892825
2351.4,0.75439449541839
2351.5,0.607910127376027
2351.6,0.974121047481943
2351.7,0.97412104748194
2351.8,0.192871084589324
2351.9,-0.0268554674742248
2352,0.510253882014449
2352.1,0.85205074077997
2352.2,0.900878863460757
2352.3,0.900878863460758
2352.4,1.04736323150312
2352.5,0.827636679439577
2352.6,1.07177729284352
2352.7,0.97412104748194
2352.8,0.778808556758788
2352.9,0.974121047481941
2353,0.754394495418391
2353.1,0.974121047481938
2353.2,0.534667943354842
2353.3,0.412597636652869
2353.4,0.974121047481941
2353.5,1.24267572222628
2353.6,1.04736323150312
2353.7,0.876464802120364
2353.8,1.1206054155243
2353.9,1.19384759954549
2354,1.19384759954549
2354.1,0.583496066035632
2354.2,-0.00244140613383053
2354.3,0.534667943354843
2354.4,0.461425759333663
2354.5,0.192871084589322
2354.6,1.16943353820509
2354.7,1.26708978356667
2354.8,0.754394495418389
2354.9,0.290527329950898
2355,0.388183575312476
2355.1,0.705566372737603
2355.2,0.607910127376026
2355.3,0.974121047481938
2355.4,0.827636679439573
2355.5,1.60888664233219
2355.6,1.34033196758785
2355.7,1.26708978356667
2355.8,0.632324188716421
2355.9,1.1450194768647
2356,1.24267572222628
2356.1,0.41259763665287
2356.2,0.266113268610505
2356.3,0.192871084589322
2356.4,1.02294917016273
2356.5,0.217285145929716
2356.6,0.437011697993266
2356.7,0.534667943354842
2356.8,0.510253882014449
2356.9,0.437011697993268
2357,0.48583982067405
2357.1,0.510253882014449
2357.2,0.192871084589322
2357.3,0.437011697993268
2357.4,0.705566372737601
2357.5,0.949706986141543
2357.6,0.217285145929716
2357.7,0.803222618099178
2357.8,1.31591790624746
2357.9,0.754394495418394
2358,0.388183575312475
2358.1,0.65673825005682
2358.2,-0.0512695288146205
2358.3,-0.441894510260926
2358.4,0.339355452631689
2358.5,0.705566372737604
2358.6,0.998535108822334
2358.7,0.314941391291296
2358.8,0.119628900568141
2358.9,0.43701169799327
2359,0.632324188716419
2359.1,0.778808556758786
2359.2,-0.100097651495408
2359.3,-0.490722632941714
2359.4,0.0708007778873537
2359.5,0.827636679439571
2359.6,0.583496066035632
2359.7,0.339355452631689
2359.8,-0.197753896856985
2359.9,0.363769513972085
2360,0.705566372737603
2360.1,0.656738250056812
2360.2,0.168457023248928
2360.3,-0.100097651495408
2360.4,0.339355452631686
2360.5,0.388183575312479
2360.6,0.51025388201445
2360.7,0.241699207270111
2360.8,-0.0268554674742248
2360.9,-0.100097651495409
2361,0.412597636652878
2361.1,1.02294917016273
2361.2,0.534667943354842
2361.3,0.266113268610503
2361.4,0.46142575933366
2361.5,0.38818357531248
2361.6,0.388183575312476
2361.7,0.339355452631692
2361.8,1.02294917016272
2361.9,0.485839820674053
2362,0.0708007778873522
2362.1,-0.197753896856987
2362.2,0.144042961908532
2362.3,0.339355452631688
2362.4,0.339355452631688
2362.5,0.437011697993265
2362.6,0.7055663727376
2362.7,0.827636679439574
2362.8,0.363769513972082
2362.9,0.534667943354842
2363,0.534667943354843
2363.1,0.0463867165469594
2363.2,0.510253882014449
2363.3,0.266113268610509
2363.4,-0.319824203558956
2363.5,0.754394495418391
2363.6,0.900878863460757
2363.7,-0.148925774176197
2363.8,-0.344238264899349
2363.9,0.217285145929716
2364,0.63232418871642
2364.1,0.290527329950902
2364.2,0.53466794335484
2364.3,0.168457023248928
2364.4,0.3149413912913
2364.5,0.46142575933366
2364.6,0.607910127376023
2364.7,0.75439449541839
2364.8,0.656738250056814
2364.9,0.754394495418394
2365,0.534667943354846
2365.1,-0.1245117128358
2365.2,1.04736323150312
2365.3,0.729980434078
2365.4,0.0952148392277465
2365.5,0.0708007778873522
2365.6,0.046386716546958
2365.7,-0.051269528814619
2365.8,0.339355452631692
2365.9,0.46142575933366
2366,0.510253882014449
2366.1,0.534667943354843
2366.2,0.803222618099183
2366.3,0.485839820674053
2366.4,0.0219726552065652
2366.5,0.314941391291293
2366.6,0.60791012737603
2366.7,0.803222618099178
2366.8,0.754394495418391
2366.9,0.0708007778873522
2367,0.266113268610505
2367.1,0.314941391291293
2367.2,-0.319824203558954
2367.3,0.290527329950899
2367.4,0.339355452631693
2367.5,0.144042961908535
2367.6,-0.0268554674742262
2367.7,0.314941391291293
2367.8,0.412597636652869
2367.9,0.632324188716421
2368,0.461425759333657
2368.1,0.168457023248928
2368.2,0.437011697993265
2368.3,0.559082004695237
2368.4,0.290527329950899
2368.5,0.168457023248928
2368.6,-0.197753896856983
2368.7,0.0219726552065652
2368.8,0.217285145929722
2368.9,-0.0268554674742276
2369,-0.124511712835803
2369.1,-0.490722632941717
2369.2,-0.124511712835803
2369.3,0.144042961908534
2369.4,0.266113268610503
2369.5,0.0708007778873508
2369.6,-0.0268554674742262
2369.7,0.144042961908532
2369.8,-0.344238264899354
2369.9,-0.710449185005264
2370,-0.368652326239744
2370.1,-0.295410142218563
2370.2,0.0463867165469566
2370.3,0.559082004695237
2370.4,0.266113268610503
2370.5,0.0219726552065637
2370.6,-0.246582019537772
2370.7,-0.563964816962897
2370.8,-0.39306638758014
2370.9,-0.148925774176195
2371,-0.00244140613383195
2371.1,0.0219726552065652
2371.2,0.168457023248931
2371.3,0.0708007778873522
2371.4,0.192871084589324
2371.5,0.339355452631692
2371.6,0.168457023248928
2371.7,0.0219726552065609
2371.8,-0.808105430366838
2371.9,-0.295410142218563
2372,-0.00244140613383195
2372.1,0.144042961908536
2372.2,-0.441894510260927
2372.3,0.0952148392277508
2372.4,-0.612792939643687
2372.5,-0.368652326239746
2372.6,-0.0268554674742234
2372.7,0.0463867165469594
2372.8,-0.0756835901550104
2372.9,0.168457023248928
2373,0.119628900568144
2373.1,-0.197753896856982
2373.2,0.583496066035629
2373.3,0.412597636652869
2373.4,-0.34423826489935
2373.5,0.0952148392277479
2373.6,0.388183575312479
2373.7,0.021972655206568
2373.8,-0.100097651495405
2373.9,0.0952148392277465
2374,0.119628900568141
2374.1,0.144042961908531
2374.2,-0.270996080878166
2374.3,-0.0756835901550161
2374.4,0.437011697993265
2374.5,0.705566372737603
2374.6,0.534667943354844
2374.7,-0.0268554674742276
2374.8,0.119628900568139
2374.9,-0.0268554674742248
2375,-0.0024414061338291
2375.1,-0.124511712835802
2375.2,0.144042961908535
2375.3,0.0952148392277493
2375.4,0.119628900568141
2375.5,0.0952148392277451
2375.6,0.144042961908535
2375.7,-0.197753896856986
2375.8,0.168457023248928
2375.9,-0.0268554674742248
2376,-0.393066387580139
2376.1,-0.78369136902645
2376.2,-0.612792939643687
2376.3,-0.759277307686052
2376.4,-0.00244140613383337
2376.5,-0.319824203558953
2376.6,-0.51513669428211
2376.7,-0.100097651495409
2376.8,0.314941391291292
2376.9,0.217285145929719
2377,-0.148925774176197
2377.1,-0.881347614388025
2377.2,-0.832519491707232
2377.3,-0.930175737068814
2377.4,-1.34521477985551
2377.5,-0.515136694282111
2377.6,-0.0512695288146176
2377.7,0.0219726552065652
2377.8,-0.22216795819738
2377.9,-0.637207000984083
2378,-0.1245117128358
2378.1,-0.344238264899349
2378.2,-0.515136694282111
2378.3,-0.34423826489935
2378.4,-1.10107416645157
2378.5,-0.808105430366844
2378.6,-0.905761675728417
2378.7,-0.368652326239747
2378.8,-0.466308571601323
2378.9,-0.856933553047628
2379,-0.0756835901550133
2379.1,-0.0756835901550133
2379.2,-0.808105430366842
2379.3,0.0952148392277465
2379.4,0.705566372737604
2379.5,-0.393066387580137
2379.6,-0.734863246345658
2379.7,-0.344238264899349
2379.8,-0.0268554674742248
2379.9,0.388183575312478
2380,-0.1245117128358
2380.1,0.0463867165469566
2380.2,-0.197753896856986
2380.3,-0.173339835516592
2380.4,-0.686035123664873
2380.5,-0.295410142218562
2380.6,-0.22216795819738
2380.7,-0.930175737068814
2380.8,-0.51513669428211
2380.9,-0.319824203558957
2381,-1.02783198243039
2381.1,-0.441894510260927
2381.2,-0.100097651495408
2381.3,0.144042961908535
2381.4,0.144042961908534
2381.5,0.144042961908535
2381.6,-0.39306638758014
2381.7,-0.51513669428211
2381.8,-0.100097651495406
2381.9,-0.270996080878169
2382,-0.832519491707238
2382.1,-0.588378878303294
2382.2,-0.417480448920531
2382.3,-0.417480448920534
2382.4,-0.0512695288146219
2382.5,-0.368652326239746
2382.6,-0.466308571601317
2382.7,0.510253882014452
2382.8,-0.051269528814619
2382.9,-0.39306638758014
2383,-0.246582019537775
2383.1,-0.783691369026448
2383.2,-0.490722632941714
2383.3,-0.270996080878166
2383.4,0.0708007778873522
2383.5,0.241699207270111
2383.6,-0.100097651495406
2383.7,0.339355452631688
2383.8,-0.00244140613383195
2383.9,-0.832519491707234
2384,-0.979003859749604
2384.1,-0.319824203558957
2384.2,-0.22216795819738
2384.3,-0.441894510260929
2384.4,-0.197753896856985
2384.5,-0.00244140613383195
2384.6,0.339355452631688
2384.7,0.0463867165469566
2384.8,0.241699207270111
2384.9,-0.197753896856985
2385,-0.734863246345661
2385.1,0.046386716546958
2385.2,0.681152311397207
2385.3,-0.637207000984081
2385.4,-0.905761675728419
2385.5,-0.124511712835805
2385.6,0.0952148392277451
2385.7,-0.0756835901550147
2385.8,-0.686035123664873
2385.9,-0.100097651495408
2386,0.0463867165469551
2386.1,0.0219726552065652
2386.2,0.119628900568138
2386.3,-0.31982420355896
2386.4,0.632324188716417
2386.5,0.485839820674055
2386.6,0.217285145929716
2386.7,0.168457023248928
2386.8,-0.51513669428211
2386.9,-1.10107416645158
2387,-0.588378878303287
2387.1,-0.124511712835803
2387.2,-0.22216795819738
2387.3,-0.051269528814619
2387.4,0.461425759333662
2387.5,0.192871084589325
2387.6,0.388183575312478
2387.7,0.192871084589324
2387.8,-0.0756835901550133
2387.9,-0.270996080878167
2388,-0.295410142218562
2388.1,0.217285145929716
2388.2,0.437011697993265
2388.3,0.0708007778873494
2388.4,-0.588378878303294
2388.5,0.144042961908535
2388.6,0.510253882014449
2388.7,0.241699207270112
2388.8,-0.197753896856987
2388.9,-0.222167958197377
2389,-0.368652326239746
2389.1,-0.759277307686055
2389.2,-0.637207000984077
2389.3,-0.0512695288146219
2389.4,-0.246582019537773
2389.5,0.0708007778873522
2389.6,0.119628900568142
2389.7,-0.197753896856989
2389.8,0.217285145929716
2389.9,-0.51513669428211
2390,-0.295410142218559
2390.1,-0.124511712835802
2390.2,-0.417480448920533
2390.3,-0.222167958197382
2390.4,-0.00244140613383195
2390.5,-0.661621062324477
2390.6,-0.832519491707237
2390.7,-0.34423826489935
2390.8,-0.148925774176196
2390.9,-0.124511712835803
2391,0.75439449541839
2391.1,0.656738250056814
2391.2,-0.00244140613383053
2391.3,-0.148925774176197
2391.4,-0.270996080878169
2391.5,-0.539550755622504
2391.6,0.0219726552065652
2391.7,0.314941391291293
2391.8,-0.393066387580143
2391.9,-0.197753896856983
2392,0.437011697993268
2392.1,0.534667943354846
2392.2,0.607910127376024
2392.3,0.241699207270113
2392.4,-0.124511712835802
2392.5,-0.0756835901550147
2392.6,-0.00244140613383195
2392.7,-0.270996080878167
2392.8,-0.295410142218563
2392.9,-0.0512695288146134
2393,0.144042961908535
2393.1,-0.0512695288146219
2393.2,-0.270996080878166
2393.3,-1.12548822779197
2393.4,-0.22216795819738
2393.5,0.192871084589322
2393.6,-0.466308571601321
2393.7,-0.759277307686051
2393.8,-0.710449185005265
2393.9,-0.710449185005263
2394,-0.68603512366487
2394.1,-0.808105430366842
2394.2,0.0708007778873537
2394.3,0.046386716546958
2394.4,-0.173339835516589
2394.5,-0.173339835516592
2394.6,-0.0756835901550119
2394.7,0.0219726552065609
2394.8,-0.222167958197379
2394.9,-0.441894510260929
2395,-0.295410142218559
2395.1,0.0952148392277465
2395.2,0.021972655206568
2395.3,-0.0268554674742262
2395.4,0.0952148392277465
2395.5,-0.34423826489935
2395.6,-0.51513669428211
2395.7,-0.222167958197379
2395.8,-0.0756835901550133
2395.9,-0.173339835516592
2396,-0.124511712835803
2396.1,-0.173339835516592
2396.2,-0.441894510260926
2396.3,0.0952148392277451
2396.4,0.241699207270111
2396.5,-0.490722632941716
2396.6,-0.588378878303294
2396.7,-0.588378878303294
2396.8,-0.148925774176197
2396.9,-0.344238264899349
2397,-0.39306638758014
2397.1,-0.124511712835805
2397.2,0.168457023248928
2397.3,-0.100097651495409
2397.4,-0.0512695288146205
2397.5,0.0952148392277437
2397.6,-0.441894510260929
2397.7,-0.588378878303293
2397.8,-0.100097651495409
2397.9,-0.22216795819738
2398,-0.78369136902645
2398.1,-0.100097651495409
2398.2,0.217285145929718
2398.3,-0.417480448920534
2398.4,-0.173339835516592
2398.5,-0.734863246345655
2398.6,-0.295410142218562
2398.7,0.339355452631686
2398.8,-0.808105430366844
2398.9,-1.17431635047276
2399,-0.197753896856985
2399.1,0.339355452631688
2399.2,0.192871084589322
2399.3,0.0463867165469622
2399.4,-0.393066387580139
2399.5,0.046386716546958
2399.6,0.266113268610503
2399.7,-0.100097651495408
2399.8,-0.759277307686054
2399.9,-0.393066387580139
2400,-0.173339835516587
2400.1,-0.0512695288146219
2400.2,-0.661621062324475
2400.3,-0.246582019537773
2400.4,-0.124511712835802
2400.5,-0.466308571601323
2400.6,-0.588378878303293
2400.7,0.119628900568141
2400.8,0.363769513972083
2400.9,-0.148925774176197
2401,-0.5639648169629
2401.1,-0.44189451026093
2401.2,0.217285145929718
2401.3,0.0952148392277465
2401.4,0.36376951397208
2401.5,0.168457023248929
2401.6,-0.417480448920534
2401.7,-0.197753896856986
2401.8,-0.246582019537773
2401.9,-0.34423826489935
2402,-0.148925774176193
2402.1,0.0708007778873508
2402.2,-0.319824203558954
2402.3,-0.246582019537776
2402.4,-0.490722632941713
2402.5,-0.490722632941717
2402.6,-0.319824203558954
2402.7,-0.930175737068812
2402.8,-0.686035123664867
2402.9,0.217285145929721
2403,-0.10009765149541
2403.1,-0.051269528814619
2403.2,-0.124511712835803
2403.3,-0.466308571601323
2403.4,-0.0268554674742234
2403.5,-0.0756835901550147
2403.6,-0.881347614388025
2403.7,-1.02783198243039
2403.8,-0.393066387580137
2403.9,0.0952148392277451
2404,0.339355452631688
2404.1,-0.466308571601324
2404.2,-0.5639648169629
2404.3,-0.100097651495409
2404.4,-0.441894510260926
2404.5,-0.39306638758014
2404.6,-0.0268554674742234
2404.7,-0.344238264899351
2404.8,-0.29541014221856
2404.9,-0.100097651495408
2405,-0.148925774176197
2405.1,-0.0268554674742262
2405.2,-0.417480448920533
2405.3,-0.441894510260926
2405.4,-0.441894510260924
2405.5,-0.0756835901550133
2405.6,0.217285145929718
2405.7,0.144042961908539
2405.8,-0.17333983551659
2405.9,-0.734863246345655
2406,-0.295410142218562
2406.1,0.0463867165469637
2406.2,-0.19775389685698
2406.3,-0.881347614388024
2406.4,-0.197753896856986
2406.5,-0.148925774176197
2406.6,-0.441894510260926
2406.7,-0.29541014221856
2406.8,-0.44189451026093
2406.9,-0.539550755622504
2407,-0.197753896856986
2407.1,-0.515136694282113
2407.2,-0.344238264899351
2407.3,0.144042961908535
2407.4,0.437011697993269
2407.5,0.583496066035633
2407.6,-0.173339835516589
2407.7,-0.539550755622507
2407.8,-0.0756835901550147
2407.9,0.437011697993265
2408,0.559082004695235
2408.1,-0.100097651495408
2408.2,0.144042961908534
2408.3,-0.173339835516593
2408.4,-0.78369136902645
2408.5,-0.197753896856983
2408.6,0.388183575312476
2408.7,0.119628900568141
2408.8,-0.17333983551659
2408.9,0.217285145929721
2409,-0.368652326239743
2409.1,-0.197753896856986
2409.2,0.119628900568141
2409.3,0.192871084589324
2409.4,-0.0512695288146205
2409.5,0.46142575933366
2409.6,0.266113268610503
2409.7,-0.124511712835805
2409.8,0.0708007778873508
2409.9,-0.197753896856987
2410,0.192871084589322
2410.1,0.461425759333659
2410.2,0.266113268610505
2410.3,0.0463867165469594
2410.4,0.241699207270113
2410.5,0.461425759333665
2410.6,0.778808556758784
2410.7,0.534667943354843
2410.8,-0.100097651495408
2410.9,0.192871084589325
2411,0.2905273299509
2411.1,-0.344238264899351
2411.2,-0.466308571601324
2411.3,0.363769513972085
2411.4,0.0952148392277465
2411.5,-0.10009765149541
2411.6,0.266113268610511
2411.7,0.803222618099183
2411.8,0.632324188716421
2411.9,0.119628900568141
2412,-0.0512695288146176
2412.1,-0.00244140613383195
2412.2,-0.10009765149541
2412.3,0.607910127376026
2412.4,1.24267572222627
2412.5,0.729980434077997
2412.6,0.437011697993265
2412.7,0.144042961908534
2412.8,0.241699207270116
2412.9,0.144042961908535
2413,0.900878863460756
2413.1,0.192871084589325
2413.2,0.0463867165469566
2413.3,0.192871084589324
2413.4,-0.051269528814619
2413.5,0.0463867165469594
2413.6,0.192871084589324
2413.7,-0.295410142218563
2413.8,0.412597636652872
2413.9,0.559082004695236
2414,0.510253882014449
2414.1,0.33935545263169
2414.2,0.607910127376026
2414.3,0.583496066035633
2414.4,0.241699207270111
2414.5,-0.368652326239744
2414.6,-0.124511712835799
2414.7,0.290527329950899
2414.8,0.192871084589322
2414.9,0.485839820674055
2415,0.144042961908536
2415.1,0.0219726552065623
2415.2,0.437011697993265
2415.3,0.339355452631689
2415.4,-0.100097651495408
2415.5,0.41259763665287
2415.6,0.46142575933366
2415.7,0.339355452631688
2415.8,0.559082004695239
2415.9,0.461425759333659
2416,0.144042961908534
2416.1,-0.222167958197372
2416.2,0.681152311397209
2416.3,0.559082004695237
2416.4,0.0463867165469566
2416.5,-0.490722632941717
2416.6,0.339355452631692
2416.7,1.04736323150312
2416.8,0.266113268610511
2416.9,0.0708007778873579
2417,0.339355452631688
2417.1,0.192871084589325
2417.2,0.0463867165469651
2417.3,0.0708007778873537
2417.4,-0.246582019537775
2417.5,0.0219726552065637
2417.6,0.852050740779967
2417.7,0.583496066035634
2417.8,0.0219726552065623
2417.9,0.0219726552065652
2418,-0.00244140613383195
2418.1,-0.29541014221856
2418.2,-0.24658201953777
2418.3,-0.0756835901550119
2418.4,0.0708007778873508
2418.5,0.583496066035633
2418.6,0.266113268610505
2418.7,0.437011697993269
2418.8,0.876464802120363
2418.9,0.827636679439574
2419,0.119628900568141
2419.1,-0.173339835516592
2419.2,0.583496066035633
2419.3,0.36376951397208
2419.4,0.0708007778873537
2419.5,0.38818357531248
2419.6,0.559082004695237
2419.7,0.53466794335484
2419.8,0.729980434078
2419.9,1.02294917016273
2420,1.07177729284352
2420.1,0.85205074077997
2420.2,0.87646480212036
2420.3,0.339355452631689
2420.4,0.144042961908536
2420.5,0.0952148392277479
2420.6,0.0708007778873508
2420.7,0.144042961908536
2420.8,0.314941391291295
2420.9,0.827636679439574
2421,0.778808556758787
2421.1,0.607910127376026
2421.2,1.04736323150312
2421.3,0.974121047481941
2421.4,0.63232418871642
2421.5,0.241699207270111
2421.6,0.412597636652875
2421.7,0.534667943354843
2421.8,1.02294917016273
2421.9,0.559082004695243
2422,0.192871084589324
2422.1,0.363769513972083
2422.2,0.754394495418389
2422.3,0.974121047481941
2422.4,1.09619135418391
2422.5,1.02294917016273
2422.6,0.43701169799327
2422.7,-0.246582019537776
2422.8,0.266113268610506
2422.9,0.77880855675879
2423,0.925292924801155
2423.1,0.998535108822333
2423.2,0.656738250056814
2423.3,0.607910127376026
2423.4,0.192871084589328
2423.5,0.412597636652873
2423.6,0.192871084589324
2423.7,-0.368652326239743
2423.8,0.144042961908538
2423.9,0.461425759333659
2424,0.58349606603563
2424.1,0.33935545263169
2424.2,0.485839820674056
2424.3,0.852050740779973
2424.4,0.754394495418393
2424.5,0.314941391291293
2424.6,0.0219726552065637
2424.7,0.2905273299509
2424.8,0.876464802120364
2424.9,0.754394495418391
2425,0.681152311397209
2425.1,0.58349606603563
2425.2,0.485839820674053
2425.3,0.559082004695239
2425.4,0.852050740779973
2425.5,0.803222618099181
2425.6,0.90087886346076
2425.7,0.7055663727376
2425.8,-0.148925774176195
2425.9,0.0219726552065652
2426,0.266113268610508
2426.1,0.241699207270112
2426.2,0.510253882014447
2426.3,0.754394495418394
2426.4,0.0708007778873537
2426.5,-0.197753896856986
2426.6,0.510253882014447
2426.7,0.803222618099183
2426.8,0.778808556758787
2426.9,0.412597636652873
2427,0.0952148392277479
2427.1,0.559082004695239
2427.2,0.803222618099177
2427.3,0.58349606603563
2427.4,1.24267572222628
2427.5,0.729980434077999
2427.6,0.803222618099181
2427.7,0.656738250056816
2427.8,0.607910127376027
2427.9,0.0708007778873522
2428,-0.0268554674742248
2428.1,0.290527329950903
2428.2,0.266113268610508
2428.3,0.461425759333666
2428.4,0.0708007778873537
2428.5,0.388183575312479
2428.6,0.705566372737603
2428.7,0.363769513972083
2428.8,-0.393066387580136
2428.9,-0.856933553047629
2429,0.217285145929718
2429.1,0.85205074077997
2429.2,0.705566372737603
2429.3,0.241699207270109
2429.4,-0.0756835901550147
2429.5,0.192871084589324
2429.6,0.754394495418391
2429.7,0.803222618099178
2429.8,0.314941391291295
2429.9,0.0952148392277479
2430,-0.173339835516589
2430.1,0.412597636652875
2430.2,0.705566372737601
2430.3,0.266113268610506
2430.4,0.46142575933366
2430.5,0.461425759333659
2430.6,-0.10009765149541
2430.7,0.144042961908535
2430.8,0.754394495418394
2430.9,0.729980434077997
2431,0.241699207270116
2431.1,-0.0268554674742219
2431.2,0.656738250056816
2431.3,0.754394495418391
2431.4,0.192871084589324
2431.5,0.144042961908535
2431.6,0.510253882014446
2431.7,0.729980434077999
2431.8,-0.0268554674742262
2431.9,-0.0756835901550133
2432,-0.173339835516586
2432.1,-0.661621062324475
2432.2,0.0219726552065637
2432.3,0.607910127376024
2432.4,0.192871084589324
2432.5,-0.148925774176197
2432.6,-0.100097651495409
2432.7,-0.00244140613383195
2432.8,0.266113268610505
2432.9,0.290527329950899
2433,0.266113268610505
2433.1,0.168457023248929
2433.2,0.046386716546958
2433.3,0.0708007778873522
2433.4,0.607910127376024
2433.5,0.559082004695239
2433.6,-0.368652326239743
2433.7,0.0708007778873551
2433.8,-0.270996080878166
2433.9,0.0708007778873522
2434,0.75439449541839
2434.1,0.559082004695236
2434.2,-0.051269528814619
2434.3,0.241699207270109
2434.4,-0.051269528814619
2434.5,0.0952148392277451
2434.6,0.217285145929719
2434.7,0.266113268610508
2434.8,0.144042961908538
2434.9,0.363769513972086
2435,0.241699207270111
2435.1,-0.41748044892053
2435.2,0.144042961908534
2435.3,0.168457023248928
2435.4,0.168457023248931
2435.5,0.68115231139721
2435.6,-0.0756835901550147
2435.7,0.58349606603563
2435.8,0.412597636652875
2435.9,0.363769513972082
2436,0.119628900568144
2436.1,0.754394495418393
2436.2,0.534667943354842
2436.3,0.485839820674053
2436.4,0.339355452631689
2436.5,-0.27099608087817
2436.6,-0.515136694282107
2436.7,0.534667943354842
2436.8,0.168457023248929
2436.9,-0.295410142218563
2437,0.144042961908535
2437.1,-0.197753896856985
2437.2,-0.124511712835805
2437.3,0.363769513972083
2437.4,0.241699207270113
2437.5,-0.246582019537766
2437.6,-0.466308571601324
2437.7,-0.734863246345651
2437.8,-0.295410142218557
2437.9,0.2905273299509
2438,-0.490722632941716
2438.1,-0.22216795819738
2438.2,0.485839820674055
2438.3,0.363769513972085
2438.4,-0.490722632941716
2438.5,-0.46630857160132
2438.6,-0.0268554674742262
2438.7,0.168457023248928
2438.8,-0.00244140613382626
2438.9,-0.197753896856983
2439,0.0708007778873508
2439.1,1.29150384490707
2439.2,1.04736323150312
2439.3,0.876464802120365
2439.4,0.363769513972082
2439.5,0.0219726552065637
2439.6,0.339355452631689
2439.7,0.241699207270109
2439.8,0.0219726552065623
2439.9,-0.148925774176196
2440,0.38818357531248
2440.1,0.0463867165469566
2440.2,0.0708007778873565
2440.3,0.363769513972085
2440.4,-0.5639648169629
2440.5,-0.17333983551659
2440.6,-0.22216795819738
2440.7,-0.417480448920531
2440.8,0.144042961908535
2440.9,0.55908200469524
2441,0.217285145929719
2441.1,0.632324188716421
2441.2,0.754394495418391
2441.3,0.0219726552065637
2441.4,-0.710449185005264
2441.5,-0.222167958197379
2441.6,-0.124511712835799
2441.7,0.046386716546958
2441.8,0.119628900568142
2441.9,0.412597636652873
2442,0.192871084589325
2442.1,-0.00244140613383195
2442.2,0.437011697993265
2442.3,0.33935545263169
2442.4,0.705566372737599
2442.5,0.876464802120364
2442.6,-0.34423826489935
2442.7,-0.612792939643691
2442.8,-0.490722632941713
2442.9,-0.148925774176197
2443,0.0463867165469594
2443.1,0.0219726552065623
2443.2,0.192871084589326
2443.3,0.0463867165469608
2443.4,0.290527329950902
2443.5,0.33935545263169
2443.6,0.0463867165469566
2443.7,-0.417480448920531
2443.8,-0.417480448920531
2443.9,-0.368652326239746
2444,0.314941391291296
2444.1,0.046386716546958
2444.2,-0.295410142218564
2444.3,0.168457023248932
2444.4,0.437011697993268
2444.5,-0.0756835901550147
2444.6,0.241699207270113
2444.7,0.217285145929716
2444.8,0.363769513972083
2444.9,0.0952148392277451
2445,0.0708007778873508
2445.1,-0.197753896856983
2445.2,-0.73486324634566
2445.3,-0.710449185005267
2445.4,-0.344238264899346
2445.5,0.314941391291296
2445.6,0.461425759333662
2445.7,0.607910127376026
2445.8,0.534667943354843
2445.9,0.485839820674053
2446,0.339355452631689
2446.1,0.290527329950902
2446.2,-0.246582019537775
2446.3,-0.124511712835803
2446.4,0.119628900568139
2446.5,0.0463867165469622
2446.6,-0.197753896856986
2446.7,-0.734863246345658
2446.8,-0.490722632941717
2446.9,-0.17333983551659
2447,-0.270996080878166
2447.1,-0.197753896856983
2447.2,-0.295410142218556
2447.3,-0.222167958197379
2447.4,-0.0268554674742234
2447.5,-0.63720700098408
2447.6,-0.539550755622506
2447.7,-0.539550755622506
2447.8,-0.10009765149541
2447.9,0.241699207270113
2448,-0.00244140613383195
2448.1,0.0708007778873522
2448.2,0.0463867165469608
2448.3,-0.686035123664873
2448.4,-0.368652326239744
2448.5,-0.881347614388025
2448.6,-0.759277307686054
2448.7,-0.563964816962898
2448.8,-0.417480448920533
2448.9,-0.588378878303294
2449,-1.00341792108999
2449.1,-0.905761675728421
2449.2,-1.17431635047275
2449.3,-1.46728508655748
2449.4,-1.12548822779197
2449.5,-0.393066387580136
2449.6,-0.368652326239746
2449.7,-1.29638665717472
2449.8,-1.34521477985552
2449.9,-1.17431635047276
2450,-1.07666010511118
2450.1,-1.19873041181315
2450.2,-1.05224604377078
2450.3,-0.808105430366841
2450.4,-0.637207000984084
2450.5,-0.783691369026448
2450.6,-0.661621062324475
2450.7,-0.197753896856983
2450.8,-0.686035123664865
2450.9,-0.588378878303294
2451,-0.710449185005261
2451.1,-1.00341792108999
2451.2,-1.10107416645157
2451.3,-1.61376945459985
2451.4,-1.19873041181315
2451.5,-0.661621062324474
2451.6,-0.856933553047631
2451.7,-1.00341792109
2451.8,-1.34521477985552
2451.9,-1.27197259583433
2452,-0.905761675728419
2452.1,-1.02783198243039
2452.2,-0.930175737068815
2452.3,-0.588378878303294
2452.4,-0.588378878303291
2452.5,-0.930175737068812
2452.6,-0.441894510260926
2452.7,0.0708007778873551
2452.8,-0.588378878303294
2452.9,-0.930175737068817
2453,-0.637207000984081
2453.1,-0.539550755622504
2453.2,-0.441894510260929
2453.3,-1.02783198243039
2453.4,-1.10107416645157
2453.5,-0.979003859749602
2453.6,-0.539550755622501
2453.7,-0.661621062324477
2453.8,-0.539550755622506
2453.9,-0.563964816962898
2454,-1.19873041181315
2454.1,-1.05224604377079
2454.2,-0.22216795819738
2454.3,-0.515136694282107
2454.4,-0.0268554674742276
2454.5,0.168457023248932
2454.6,-0.124511712835803
2454.7,-0.490722632941717
2454.8,-0.637207000984081
2454.9,-0.930175737068812
2455,-0.22216795819738
2455.1,-0.539550755622504
2455.2,-0.393066387580136
2455.3,-0.319824203558957
2455.4,-0.783691369026448
2455.5,-0.637207000984084
2455.6,-0.270996080878165
2455.7,-0.100097651495409
2455.8,-0.222167958197377
2455.9,-0.393066387580137
2456,-0.490722632941714
2456.1,-0.417480448920533
2456.2,-0.759277307686054
2456.3,-0.661621062324471
2456.4,-0.612792939643688
2456.5,-0.490722632941714
2456.6,-0.393066387580137
2456.7,-0.490722632941716
2456.8,-0.515136694282114
2456.9,-0.368652326239744
2457,-0.58837887830329
2457.1,-0.295410142218562
2457.2,-0.295410142218562
2457.3,-1.24755853449394
2457.4,-0.930175737068808
2457.5,-0.954589798409206
2457.6,-1.07666010511118
2457.7,-0.24658201953777
2457.8,-0.34423826489935
2457.9,-0.319824203558957
2458,-0.368652326239742
2458.1,-0.686035123664871
2458.2,-0.783691369026448
2458.3,-0.661621062324474
2458.4,-0.832519491707235
2458.5,-0.270996080878169
2458.6,-0.563964816962896
2458.7,-0.393066387580136
2458.8,-0.417480448920536
2458.9,-0.197753896856985
2459,-0.295410142218564
2459.1,-0.344238264899351
2459.2,-0.197753896856983
2459.3,0.0708007778873551
2459.4,-0.295410142218563
2459.5,0.314941391291292
2459.6,0.0708007778873508
2459.7,-0.295410142218562
2459.8,-0.466308571601323
2459.9,-0.759277307686054
2460,-0.954589798409209
2460.1,-0.17333983551659
2460.2,-0.466308571601319
2460.3,-0.197753896856985
2460.4,-0.0512695288146176
2460.5,-0.588378878303294
2460.6,-1.17431635047275
2460.7,-1.32080071851512
2460.8,-0.51513669428211
2460.9,-0.46630857160132
2461,-0.466308571601319
2461.1,-0.417480448920531
2461.2,-0.051269528814619
2461.3,-0.490722632941714
2461.4,-0.612792939643688
2461.5,-0.539550755622504
2461.6,-0.637207000984085
2461.7,-0.588378878303294
2461.8,-0.661621062324477
2461.9,-1.05224604377079
2462,-1.29638665717472
2462.1,-0.979003859749602
2462.2,-0.466308571601319
2462.3,-0.197753896856983
2462.4,-0.734863246345657
2462.5,-0.979003859749601
2462.6,-0.0756835901550147
2462.7,-0.319824203558954
2462.8,-0.319824203558959
2462.9,-0.441894510260929
2463,-0.197753896856983
2463.1,-0.466308571601323
2463.2,-0.612792939643688
2463.3,-0.783691369026448
2463.4,-0.0512695288146205
2463.5,0.266113268610508
2463.6,0.363769513972082
2463.7,-0.490722632941711
2463.8,-0.832519491707237
2463.9,-0.5639648169629
2464,0.0952148392277437
2464.1,0.0952148392277479
2464.2,-0.441894510260929
2464.3,-0.441894510260929
2464.4,-0.197753896856985
2464.5,0.021972655206568
2464.6,-0.0756835901550147
2464.7,-0.661621062324478
2464.8,-0.832519491707237
2464.9,-0.270996080878169
2465,-0.246582019537775
2465.1,-0.39306638758014
2465.2,-0.68603512366487
2465.3,-0.319824203558953
2465.4,0.41259763665287
2465.5,0.0708007778873494
2465.6,-0.441894510260924
2465.7,-0.466308571601321
2465.8,-0.808105430366841
2465.9,-1.00341792108999
2466,-0.686035123664871
2466.1,-0.27099608087817
2466.2,-0.319824203558956
2466.3,-0.0268554674742262
2466.4,0.0952148392277451
2466.5,-0.686035123664868
2466.6,-1.00341792108999
2466.7,-1.44287102521709
2466.8,-1.05224604377078
2466.9,-0.490722632941718
2467,-0.368652326239746
2467.1,-0.832519491707238
2467.2,-0.783691369026448
2467.3,-0.490722632941713
2467.4,-0.954589798409209
2467.5,-0.68603512366487
2467.6,-0.0268554674742234
2467.7,0.144042961908534
2467.8,0.046386716546958
2467.9,-0.0512695288146162
2468,-0.393066387580141
2468.1,0.314941391291298
2468.2,-0.270996080878169
2468.3,-0.68603512366487
2468.4,-0.197753896856987
2468.5,0.241699207270109
2468.6,0.168457023248929
2468.7,-0.0756835901550119
2468.8,-0.734863246345654
2468.9,-0.490722632941716
2469,-0.148925774176195
2469.1,-0.124511712835802
2469.2,-0.344238264899349
2469.3,-0.612792939643686
2469.4,0.0463867165469608
2469.5,-0.173339835516593
2469.6,-0.173339835516583
2469.7,0.0708007778873551
2469.8,-0.222167958197377
2469.9,0.33935545263169
2470,0.144042961908535
2470.1,-0.710449185005263
2470.2,-0.612792939643687
2470.3,-0.34423826489935
2470.4,-0.197753896856985
2470.5,-0.197753896856987
2470.6,-0.0268554674742262
2470.7,-0.441894510260929
2470.8,-0.490722632941717
2470.9,0.119628900568144
2471,0.363769513972082
2471.1,-0.00244140613383053
2471.2,-0.197753896856986
2471.3,0.021972655206568
2471.4,-0.00244140613383053
2471.5,-0.197753896856987
2471.6,-0.222167958197377
2471.7,-0.0268554674742219
2471.8,0.363769513972088
2471.9,-0.0512695288146162
2472,-0.246582019537772
2472.1,-0.27099608087817
2472.2,-0.0756835901550133
2472.3,-0.417480448920533
2472.4,-0.270996080878169
2472.5,0.41259763665287
2472.6,0.217285145929716
2472.7,-0.905761675728418
2472.8,-0.905761675728417
2472.9,0.58349606603563
2473,0.363769513972082
2473.1,-0.393066387580136
2473.2,-0.34423826489935
2473.3,-0.0756835901550147
2473.4,-0.490722632941714
2473.5,-0.148925774176199
2473.6,-0.051269528814619
2473.7,-0.295410142218563
2473.8,-0.00244140613383195
2473.9,-0.0756835901550119
2474,-0.0512695288146176
2474.1,0.0708007778873508
2474.2,-0.417480448920536
2474.3,0.363769513972082
2474.4,0.510253882014449
2474.5,0.168457023248934
2474.6,0.363769513972086
2474.7,-0.124511712835802
2474.8,-0.197753896856985
2474.9,0.144042961908532
2475,0.241699207270113
2475.1,0.144042961908535
2475.2,-0.197753896856985
2475.3,-0.539550755622506
2475.4,-0.783691369026447
2475.5,-0.417480448920534
2475.6,0.144042961908536
2475.7,0.461425759333657
2475.8,-0.393066387580139
2475.9,-0.588378878303295
2476,-0.100097651495409
2476.1,-0.0512695288146176
2476.2,-0.710449185005265
2476.3,-0.783691369026448
2476.4,-0.246582019537776
2476.5,0.412597636652869
2476.6,0.0708007778873508
2476.7,0.0219726552065637
2476.8,0.046386716546958
2476.9,-0.539550755622504
2477,0.0952148392277479
2477.1,0.192871084589324
2477.2,-0.00244140613383337
2477.3,-0.441894510260923
2477.4,-0.905761675728418
2477.5,-0.246582019537775
2477.6,-0.197753896856985
2477.7,-0.246582019537773
2477.8,-0.100097651495409
2477.9,0.314941391291296
2478,0.314941391291292
2478.1,0.43701169799327
2478.2,0.217285145929719
2478.3,0.0463867165469594
2478.4,-0.417480448920533
2478.5,0.0708007778873522
2478.6,0.559082004695237
2478.7,0.119628900568139
2478.8,-0.0024414061338291
2478.9,0.80322261809918
2479,0.607910127376024
2479.1,0.583496066035632
2479.2,0.0219726552065623
2479.3,-0.124511712835799
2479.4,-0.295410142218562
2479.5,-0.637207000984083
2479.6,-0.368652326239746
2479.7,0.144042961908532
2479.8,0.144042961908534
2479.9,-0.0268554674742262
2480,-0.490722632941716
2480.1,0.144042961908535
2480.2,0.534667943354843
2480.3,-0.197753896856985
2480.4,0.33935545263169
2480.5,0.0708007778873537
2480.6,-0.441894510260929
2480.7,0.33935545263169
2480.8,0.998535108822337
2480.9,0.754394495418393
2481,0.0952148392277493
2481.1,-0.22216795819738
2481.2,0.144042961908538
2481.3,-0.0756835901550119
2481.4,-0.466308571601319
2481.5,0.266113268610508
2481.6,0.119628900568141
2481.7,-0.051269528814619
2481.8,0.33935545263169
2481.9,0.559082004695236
2482,0.388183575312479
2482.1,0.43701169799327
2482.2,0.534667943354847
2482.3,0.33935545263169
2482.4,0.0219726552065652
2482.5,-0.686035123664873
2482.6,-0.319824203558952
2482.7,-0.0268554674742262
2482.8,-0.539550755622506
2482.9,0.0219726552065666
2483,-0.0268554674742234
2483.1,-0.368652326239744
2483.2,-0.539550755622501
2483.3,-0.73486324634566
2483.4,-0.148925774176196
2483.5,-0.124511712835803
2483.6,0.0708007778873537
2483.7,-0.759277307686051
2483.8,-0.270996080878162
2483.9,0.363769513972085
2484,0.33935545263169
2484.1,0.046386716546958
2484.2,-0.17333983551659
2484.3,-0.246582019537775
2484.4,-0.22216795819738
2484.5,-0.832519491707237
2484.6,-0.368652326239746
2484.7,0.363769513972083
2484.8,-0.17333983551659
2484.9,-0.588378878303294
2485,-0.734863246345658
2485.1,-0.368652326239743
2485.2,0.388183575312475
2485.3,0.412597636652872
2485.4,-0.00244140613382768
2485.5,-0.148925774176193
2485.6,0.388183575312476
2485.7,0.168457023248932
2485.8,0.217285145929719
2485.9,0.43701169799327
2486,0.510253882014447
2486.1,-0.0756835901550133
2486.2,0.0463867165469594
2486.3,0.290527329950902
2486.4,0.119628900568139
2486.5,0.192871084589324
2486.6,0.290527329950903
2486.7,0.461425759333659
2486.8,0.192871084589322
2486.9,-0.246582019537773
2487,-0.441894510260929
2487.1,0.217285145929722
2487.2,-0.832519491707235
2487.3,-0.637207000984081
2487.4,-0.490722632941714
2487.5,-0.0756835901550104
2487.6,-0.0512695288146105
2487.7,0.583496066035632
2487.8,-0.441894510260926
2487.9,-0.5639648169629
2488,-0.41748044892053
2488.1,-0.34423826489935
2488.2,0.144042961908535
2488.3,-0.295410142218562
2488.4,-0.173339835516587
2488.5,0.607910127376029
2488.6,0.974121047481941
2488.7,0.0952148392277451
2488.8,-0.51513669428211
2488.9,-0.808105430366841
2489,-0.270996080878167
2489.1,-0.100097651495409
2489.2,-0.148925774176195
2489.3,-0.368652326239746
2489.4,-0.930175737068811
2489.5,-0.539550755622506
2489.6,-0.002441406133822
2489.7,-0.417480448920534
2489.8,-0.0268554674742234
2489.9,-0.222167958197375
2490,-0.222167958197377
2490.1,0.0952148392277451
2490.2,0.485839820674053
2490.3,0.192871084589324
2490.4,0.266113268610508
2490.5,-0.197753896856983
2490.6,-0.0756835901550147
2490.7,0.2905273299509
2490.8,-0.68603512366487
2490.9,-0.124511712835803
2491,0.485839820674055
2491.1,-0.295410142218562
2491.2,-0.63720700098408
2491.3,0.0463867165469551
2491.4,-0.222167958197376
2491.5,-0.490722632941716
2491.6,0.0708007778873522
2491.7,0.046386716546958
2491.8,-0.197753896856985
2491.9,-0.759277307686052
2492,-0.441894510260924
2492.1,0.0708007778873522
2492.2,-0.319824203558952
2492.3,0.119628900568141
2492.4,0.0708007778873537
2492.5,0.217285145929719
2492.6,0.412597636652872
2492.7,0.144042961908538
2492.8,0.0219726552065666
2492.9,0.241699207270109
2493,-0.710449185005263
2493.1,-0.661621062324471
2493.2,-0.637207000984077
2493.3,-0.100097651495406
2493.4,0.437011697993268
2493.5,-0.319824203558959
2493.6,-0.441894510260927
2493.7,0.0952148392277493
2493.8,-0.1245117128358
2493.9,0.314941391291295
2494,-0.1245117128358
2494.1,-0.319824203558953
2494.2,0.266113268610508
2494.3,-0.124511712835799
2494.4,0.119628900568142
2494.5,-0.075683590155009
2494.6,0.192871084589324
2494.7,0.217285145929719
2494.8,0.144042961908536
2494.9,0.0219726552065637
2495,0.192871084589329
2495.1,-0.588378878303291
2495.2,-0.222167958197377
2495.3,0.363769513972085
2495.4,0.144042961908536
2495.5,0.168457023248932
2495.6,-0.661621062324474
2495.7,-0.222167958197376
2495.8,0.314941391291296
2495.9,0.461425759333662
2496,0.87646480212037
2496.1,0.314941391291293
2496.2,-0.197753896856982
2496.3,0.339355452631689
2496.4,0.363769513972085
2496.5,-0.173339835516589
2496.6,-0.417480448920533
2496.7,-0.368652326239744
2496.8,0.0463867165469608
2496.9,0.681152311397213
2497,0.46142575933366
2497.1,0.607910127376029
2497.2,0.0708007778873565
2497.3,-0.417480448920534
2497.4,0.534667943354849
2497.5,0.0708007778873537
2497.6,-0.637207000984084
2497.7,0.144042961908535
2497.8,1.07177729284352
2497.9,0.97412104748194
2498,0.168457023248928
2498.1,0.461425759333662
2498.2,0.168457023248928
2498.3,-0.563964816962897
2498.4,-0.00244140613383337
2498.5,-0.246582019537775
2498.6,-0.148925774176197
2498.7,0.388183575312479
2498.8,-0.0756835901550119
2498.9,0.412597636652872
2499,-0.148925774176195
2499.1,-0.393066387580139
2499.2,-0.466308571601321
2499.3,0.046386716546958
2499.4,0.729980434077997
2499.5,0.388183575312479
2499.6,-0.0756835901550147
2499.7,0.046386716546958
2499.8,0.144042961908538
2499.9,-0.368652326239747
2500,-0.0268554674742219
2500.1,0.607910127376026
2500.2,1.12060541552431
2500.3,0.266113268610505
2500.4,-0.24658201953777
2500.5,0.192871084589325
2500.6,0.412597636652869
2500.7,0.583496066035634
2500.8,0.583496066035632
2500.9,0.314941391291293
2501,0.0708007778873522
2501.1,0.2905273299509
2501.2,0.192871084589325
2501.3,0.754394495418391
2501.4,0.314941391291293
2501.5,0.485839820674055
2501.6,0.0463867165469608
2501.7,-0.19775389685698
2501.8,-0.148925774176196
2501.9,0.41259763665287
2502,0.0952148392277451
2502.1,-0.148925774176197
2502.2,0.314941391291292
2502.3,0.290527329950899
2502.4,0.754394495418399
2502.5,0.0219726552065708
2502.6,0.0219726552065637
2502.7,-0.124511712835805
2502.8,0.192871084589326
2502.9,-0.344238264899344
2503,-0.148925774176199
2503.1,-0.441894510260927
2503.2,-0.441894510260927
2503.3,-0.0756835901550133
2503.4,-0.197753896856986
2503.5,0.38818357531248
2503.6,0.168457023248929
2503.7,0.510253882014449
2503.8,0.363769513972082
2503.9,-0.295410142218563
2504,-0.515136694282111
2504.1,0.0219726552065623
2504.2,0.0952148392277465
2504.3,0.0952148392277479
2504.4,-0.0512695288146205
2504.5,-0.148925774176195
2504.6,-0.0512695288146205
2504.7,-0.417480448920533
2504.8,-0.197753896856985
2504.9,0.58349606603563
2505,0.266113268610508
2505.1,0.119628900568142
2505.2,0.900878863460756
2505.3,0.632324188716423
2505.4,0.632324188716423
2505.5,0.290527329950902
2505.6,-0.197753896856986
2505.7,-0.246582019537775
2505.8,0.168457023248929
2505.9,0.437011697993268
2506,0.949706986141547
2506.1,0.510253882014449
2506.2,-0.197753896856985
2506.3,-0.222167958197379
2506.4,0.119628900568139
2506.5,-0.0268554674742219
2506.6,0.656738250056814
2506.7,0.729980434077997
2506.8,-0.441894510260927
2506.9,-0.344238264899349
2507,-0.00244140613383337
2507.1,-0.51513669428211
2507.2,-0.319824203558957
2507.3,0.314941391291293
2507.4,-0.637207000984081
2507.5,-0.319824203558947
2507.6,0.314941391291295
2507.7,0.241699207270115
2507.8,0.41259763665287
2507.9,0.876464802120361
2508,0.0952148392277465
2508.1,0.217285145929719
2508.2,0.754394495418393
2508.3,0.656738250056816
2508.4,0.583496066035633
2508.5,1.02294917016273
2508.6,0.485839820674057
2508.7,-0.246582019537772
2508.8,0.412597636652872
2508.9,0.2905273299509
2509,-1.00341792109
2509.1,-0.637207000984083
2509.2,0.559082004695239
2509.3,0.388183575312482
2509.4,0.0219726552065637
2509.5,-0.734863246345657
2509.6,0.0463867165469566
2509.7,0.729980434077996
2509.8,0.925292924801153
2509.9,0.290527329950899
2510,-0.954589798409206
2510.1,-0.368652326239746
2510.2,-0.295410142218562
2510.3,-0.295410142218563
2510.4,-0.27099608087817
2510.5,0.119628900568141
2510.6,0.437011697993266
2510.7,0.168457023248929
2510.8,-0.197753896856985
2510.9,0.192871084589324
2511,0.607910127376024
2511.1,0.461425759333659
2511.2,-0.197753896856985
2511.3,0.144042961908538
2511.4,-0.124511712835803
2511.5,0.144042961908532
2511.6,-0.490722632941716
2511.7,0.656738250056814
2511.8,0.632324188716417
2511.9,-0.148925774176196
2512,-0.63720700098408
2512.1,-0.34423826489935
2512.2,-0.417480448920533
2512.3,-0.34423826489935
2512.4,0.290527329950898
2512.5,-0.1245117128358
2512.6,-0.148925774176197
2512.7,0.437011697993263
2512.8,0.339355452631692
2512.9,-0.270996080878167
2513,-0.148925774176195
2513.1,0.0463867165469637
2513.2,0.461425759333659
2513.3,0.0219726552065652
2513.4,-0.539550755622504
2513.5,-0.0268554674742248
2513.6,0.852050740779971
2513.7,0.290527329950905
2513.8,-0.856933553047629
2513.9,-1.02783198243039
2514,-0.808105430366842
2514.1,0.0952148392277479
2514.2,-0.0756835901550147
2514.3,-0.490722632941716
2514.4,-0.197753896856986
2514.5,-0.197753896856982
2514.6,-0.34423826489935
2514.7,-0.0512695288146205
2514.8,-0.661621062324477
2514.9,-0.344238264899347
2515,0.241699207270113
2515.1,-0.124511712835802
2515.2,0.241699207270112
2515.3,0.38818357531248
2515.4,-0.100097651495409
2515.5,-0.0512695288146205
2515.6,0.363769513972085
2515.7,-0.612792939643687
2515.8,-0.80810543036684
2515.9,-0.295410142218557
2516,0.266113268610505
2516.1,0.2905273299509
2516.2,0.192871084589325
2516.3,0.046386716546958
2516.4,0.0708007778873537
2516.5,-0.100097651495406
2516.6,0.119628900568142
2516.7,0.144042961908535
2516.8,-0.197753896856979
2516.9,-0.41748044892053
2517,-0.222167958197379
2517.1,-0.148925774176196
2517.2,0.0708007778873522
2517.3,-0.22216795819738
2517.4,0.314941391291293
2517.5,0.119628900568139
2517.6,0.876464802120365
2517.7,0.827636679439574
2517.8,0.0952148392277465
2517.9,0.119628900568141
2518,0.217285145929716
2518.1,-0.222167958197377
2518.2,-0.173339835516592
2518.3,0.388183575312479
2518.4,0.412597636652873
2518.5,0.168457023248928
2518.6,0.437011697993266
2518.7,0.0708007778873522
2518.8,0.266113268610509
2518.9,0.607910127376027
2519,0.681152311397207
2519.1,0.168457023248929
2519.2,-0.246582019537775
2519.3,0.217285145929718
2519.4,0.900878863460756
2519.5,0.43701169799327
2519.6,0.217285145929719
2519.7,0.510253882014449
2519.8,0.144042961908535
2519.9,0.144042961908539
2520,0.192871084589322
2520.1,0.75439449541839
2520.2,0.85205074077997
2520.3,0.510253882014447
2520.4,0.144042961908535
2520.5,-0.124511712835802
2520.6,0.119628900568138
2520.7,0.75439449541839
2520.8,1.1694335382051
2520.9,0.559082004695236
2521,0.803222618099181
2521.1,0.876464802120365
2521.2,0.363769513972086
2521.3,0.363769513972083
2521.4,0.388183575312478
2521.5,0.485839820674055
2521.6,0.827636679439571
2521.7,0.559082004695237
2521.8,0.192871084589322
2521.9,0.58349606603563
2522,0.534667943354844
2522.1,-0.148925774176197
2522.2,0.241699207270115
2522.3,0.192871084589322
2522.4,0.314941391291293
2522.5,0.803222618099181
2522.6,0.681152311397209
2522.7,1.12060541552431
2522.8,0.949706986141544
2522.9,0.583496066035632
2523,0.241699207270112
2523.1,0.437011697993266
2523.2,0.510253882014446
2523.3,0.290527329950899
2523.4,0.290527329950902
2523.5,0.510253882014452
2523.6,0.632324188716423
2523.7,0.900878863460757
2523.8,0.46142575933366
2523.9,0.0952148392277451
2524,0.485839820674057
2524.1,0.85205074077997
2524.2,0.559082004695237
2524.3,0.363769513972089
2524.4,0.559082004695239
2524.5,1.02294917016273
2524.6,0.876464802120363
2524.7,0.681152311397211
2524.8,0.632324188716421
2524.9,-0.0756835901550119
2525,-0.270996080878169
2525.1,0.729980434078
2525.2,0.681152311397216
2525.3,0.217285145929718
2525.4,0.290527329950903
2525.5,0.729980434078
2525.6,0.97412104748194
2525.7,1.19384759954549
2525.8,1.1450194768647
2525.9,0.412597636652873
2526,0.41259763665287
2526.1,0.437011697993268
2526.2,0.656738250056814
2526.3,0.2905273299509
2526.4,1.19384759954549
2526.5,1.02294917016272
2526.6,0.827636679439573
2526.7,0.778808556758788
2526.8,0.656738250056813
2526.9,0.974121047481938
2527,1.1450194768647
2527.1,0.803222618099184
2527.2,1.09619135418391
2527.3,0.998535108822338
2527.4,0.510253882014449
2527.5,0.192871084589321
2527.6,0.949706986141545
2527.7,1.09619135418391
2527.8,0.778808556758787
2527.9,0.217285145929716
2528,0.192871084589322
2528.1,-0.100097651495409
2528.2,0.119628900568138
2528.3,-0.0512695288146205
2528.4,0.681152311397207
2528.5,0.80322261809918
2528.6,0.0952148392277465
2528.7,0.0219726552065609
2528.8,0.266113268610506
2528.9,0.412597636652873
2529,-0.0268554674742219
2529.1,0.046386716546958
2529.2,0.217285145929718
2529.3,0.0952148392277508
2529.4,0.217285145929715
2529.5,0.0708007778873537
2529.6,0.437011697993268
2529.7,0.0952148392277493
2529.8,0.0219726552065652
2529.9,0.217285145929715
2530,0.144042961908534
2530.1,0.705566372737603
2530.2,1.02294917016273
2530.3,0.852050740779967
2530.4,0.192871084589324
2530.5,0.241699207270116
2530.6,0.41259763665287
2530.7,0.778808556758784
2530.8,0.363769513972085
2530.9,0.0952148392277479
2531,0.80322261809918
2531.1,0.754394495418399
2531.2,0.241699207270112
2531.3,0.363769513972083
2531.4,0.290527329950899
2531.5,-0.100097651495408
2531.6,0.241699207270112
2531.7,0.241699207270113
2531.8,0.583496066035632
2531.9,0.241699207270115
2532,0.388183575312478
2532.1,0.949706986141547
2532.2,0.290527329950903
2532.3,0.363769513972083
2532.4,0.510253882014447
2532.5,0.266113268610508
2532.6,0.241699207270113
2532.7,-0.100097651495408
2532.8,0.656738250056817
2532.9,0.876464802120363
2533,0.314941391291298
2533.1,-0.148925774176197
2533.2,-0.222167958197376
2533.3,-0.563964816962901
2533.4,-0.0512695288146162
2533.5,0.144042961908535
2533.6,0.412597636652873
2533.7,-0.0512695288146219
2533.8,-0.295410142218563
2533.9,-0.0268554674742234
2534,0.778808556758786
2534.1,0.290527329950899
2534.2,0.559082004695242
2534.3,0.534667943354843
2534.4,0.53466794335484
2534.5,0.876464802120363
2534.6,0.437011697993269
2534.7,0.119628900568138
2534.8,0.0219726552065637
2534.9,-0.197753896856986
2535,0.217285145929716
2535.1,0.119628900568142
2535.2,-0.0756835901550133
2535.3,0.754394495418391
2535.4,0.852050740779966
2535.5,0.534667943354846
2535.6,0.778808556758787
2535.7,0.559082004695237
2535.8,0.510253882014449
2535.9,0.290527329950902
2536,-0.124511712835803
2536.1,-0.0268554674742262
2536.2,0.0952148392277465
2536.3,0.290527329950902
2536.4,-0.148925774176196
2536.5,-0.22216795819738
2536.6,0.314941391291295
2536.7,0.656738250056819
2536.8,0.314941391291295
2536.9,0.144042961908539
2537,0.388183575312478
2537.1,-0.246582019537775
2537.2,-0.0756835901550133
2537.3,1.36474602892825
2537.4,0.876464802120363
2537.5,0.65673825005682
2537.6,0.85205074077997
2537.7,0.656738250056816
2537.8,0.437011697993266
2537.9,0.46142575933366
2538,0.168457023248928
2538.1,0.437011697993268
2538.2,1.04736323150312
2538.3,0.632324188716424
2538.4,0.2905273299509
2538.5,0.290527329950902
2538.6,-0.100097651495409
2538.7,-0.34423826489935
2538.8,0.241699207270111
2538.9,0.534667943354843
2539,0.241699207270116
2539.1,-0.17333983551659
2539.2,0.168457023248931
2539.3,0.33935545263169
2539.4,0.510253882014447
2539.5,0.705566372737604
2539.6,0.241699207270113
2539.7,-0.0268554674742234
2539.8,0.681152311397209
2539.9,1.19384759954549
2540,0.681152311397207
2540.1,0.583496066035634
2540.2,0.46142575933366
2540.3,-0.124511712835803
2540.4,-0.00244140613383195
2540.5,0.339355452631692
2540.6,0.168457023248926
2540.7,0.852050740779967
2540.8,0.949706986141545
2540.9,-0.173339835516592
2541,-0.197753896856986
2541.1,0.510253882014455
2541.2,0.705566372737601
2541.3,0.241699207270113
2541.4,0.290527329950899
2541.5,0.0708007778873522
2541.6,-0.0756835901550147
2541.7,0.33935545263169
2541.8,0.0952148392277451
2541.9,0.485839820674055
2542,0.461425759333665
2542.1,-0.295410142218557
2542.2,-0.637207000984083
2542.3,-0.344238264899353
2542.4,0.0463867165469566
2542.5,-0.124511712835799
2542.6,-0.710449185005265
2542.7,-0.148925774176196
2542.8,0.559082004695236
2542.9,0.681152311397207
2543,0.266113268610506
2543.1,-0.0756835901550147
2543.2,-0.319824203558954
2543.3,-0.29541014221856
2543.4,0.510253882014452
2543.5,0.510253882014447
2543.6,-0.563964816962896
2543.7,-0.173339835516589
2543.8,0.314941391291295
2543.9,-0.00244140613383195
2544,-0.5639648169629
2544.1,-0.00244140613383195
2544.2,0.241699207270116
2544.3,-0.319824203558956
2544.4,-0.319824203558954
2544.5,-0.441894510260926
2544.6,-0.24658201953777
2544.7,0.656738250056814
2544.8,-0.319824203558959
2544.9,-0.515136694282113
2545,-0.124511712835799
2545.1,-0.51513669428211
2545.2,-0.612792939643688
2545.3,0.461425759333662
2545.4,0.339355452631689
2545.5,-0.417480448920533
2545.6,-0.246582019537775
2545.7,0.0219726552065623
2545.8,0.192871084589324
2545.9,0.314941391291298
2546,0.803222618099186
2546.1,0.290527329950902
2546.2,0.388183575312479
2546.3,0.192871084589321
2546.4,0.0219726552065637
2546.5,-0.100097651495409
2546.6,-0.539550755622503
2546.7,-0.295410142218563
2546.8,0.339355452631689
2546.9,0.0952148392277451
2547,0.217285145929718
2547.1,-0.270996080878169
2547.2,0.119628900568142
2547.3,-0.417480448920534
2547.4,0.339355452631689
2547.5,0.461425759333662
2547.6,0.046386716546958
2547.7,-0.148925774176193
2547.8,0.485839820674053
2547.9,0.437011697993266
2548,-0.148925774176193
2548.1,0.0219726552065623
2548.2,-0.930175737068815
2548.3,-0.441894510260927
2548.4,0.559082004695242
2548.5,0.388183575312479
2548.6,-0.515136694282107
2548.7,-0.00244140613383195
2548.8,0.534667943354847
2548.9,0.314941391291293
2549,0.266113268610506
2549.1,0.363769513972083
2549.2,0.754394495418396
2549.3,0.94970698614155
2549.4,0.119628900568144
2549.5,-0.246582019537775
2549.6,0.314941391291293
2549.7,0.38818357531248
2549.8,0.241699207270111
2549.9,0.168457023248928
2550,0.363769513972085
2550.1,-0.393066387580139
2550.2,-0.368652326239744
2550.3,0.144042961908532
2550.4,-0.319824203558957
2550.5,-0.100097651495405
2550.6,0.925292924801153
2550.7,0.974121047481941
2550.8,0.388183575312478
2550.9,0.217285145929721
2551,-0.00244140613382768
2551.1,-0.100097651495406
2551.2,0.339355452631693
2551.3,0.75439449541839
2551.4,0.0219726552065637
2551.5,0.119628900568141
2551.6,-0.0756835901550161
2551.7,0.266113268610509
2551.8,0.290527329950902
2551.9,-0.759277307686052
2552,-0.319824203558956
2552.1,-0.100097651495403
2552.2,-0.856933553047628
2552.3,-0.930175737068808
2552.4,0.217285145929721
2552.5,-0.197753896856983
2552.6,-0.686035123664871
2552.7,-0.539550755622506
2552.8,-0.246582019537776
2552.9,-0.393066387580134
2553,0.63232418871642
2553.1,0.217285145929719
2553.2,-0.0756835901550119
2553.3,0.437011697993266
2553.4,0.461425759333663
2553.5,0.0952148392277479
2553.6,0.388183575312479
2553.7,-0.124511712835802
2553.8,-0.344238264899349
2553.9,0.168457023248929
2554,-0.00244140613383053
2554.1,-0.319824203558957
2554.2,-0.34423826489935
2554.3,-0.197753896856985
2554.4,-0.710449185005265
2554.5,0.0708007778873508
2554.6,0.2905273299509
2554.7,0.144042961908534
2554.8,0.0708007778873522
2554.9,0.2905273299509
2555,0.290527329950906
2555.1,0.0219726552065652
2555.2,-0.80810543036684
2555.3,0.0952148392277465
2555.4,0.461425759333657
2555.5,-0.148925774176196
2555.6,-0.39306638758014
2555.7,0.437011697993266
2555.8,0.485839820674055
2555.9,-0.27099608087817
2556,-0.661621062324475
2556.1,-0.00244140613383195
2556.2,0.412597636652872
2556.3,0.437011697993265
2556.4,0.168457023248928
2556.5,0.119628900568138
2556.6,0.0952148392277465
2556.7,0.607910127376024
2556.8,-0.490722632941716
2556.9,-0.441894510260929
2557,0.314941391291293
2557.1,-0.148925774176193
2557.2,-0.612792939643687
2557.3,0.48583982067405
2557.4,0.510253882014447
2557.5,0.144042961908534
2557.6,0.266113268610506
2557.7,-0.148925774176196
2557.8,-0.124511712835798
2557.9,0.754394495418393
2558,0.63232418871642
2558.1,-0.0268554674742219
2558.2,-0.368652326239742
2558.3,-0.124511712835802
2558.4,-0.148925774176195
2558.5,0.241699207270109
2558.6,0.681152311397207
2558.7,-0.0756835901550133
2558.8,-0.124511712835803
2558.9,0.0463867165469594
2559,0.144042961908536
2559.1,0.388183575312476
2559.2,0.144042961908536
2559.3,-0.368652326239743
2559.4,-0.295410142218562
2559.5,0.534667943354846
2559.6,0.217285145929719
2559.7,-0.734863246345657
2559.8,-0.563964816962898
2559.9,0.437011697993266
2560,0.900878863460757
2560.1,0.241699207270112
2560.2,-0.417480448920533
2560.3,-0.0268554674742276
2560.4,0.876464802120361
2560.5,0.485839820674057
2560.6,-0.22216795819738
2560.7,0.119628900568144
2560.8,0.339355452631693
2560.9,0.607910127376026
2561,0.339355452631689
2561.1,0.43701169799327
2561.2,-0.0268554674742234
2561.3,0.43701169799327
2561.4,0.97412104748194
2561.5,0.656738250056819
2561.6,0.412597636652875
2561.7,0.241699207270109
2561.8,-0.0512695288146205
2561.9,-0.124511712835802
2562,0.046386716546958
2562.1,-0.148925774176197
2562.2,0.534667943354843
2562.3,1.41357415160904
2562.4,0.119628900568144
2562.5,-0.0268554674742262
2562.6,0.217285145929719
2562.7,0.290527329950903
2562.8,0.656738250056816
2562.9,0.80322261809918
2563,0.0708007778873508
2563.1,0.192871084589324
2563.2,0.534667943354844
2563.3,0.559082004695237
2563.4,0.778808556758787
2563.5,0.534667943354842
2563.6,0.559082004695236
2563.7,0.363769513972083
2563.8,0.046386716546958
2563.9,0.681152311397209
2564,0.0952148392277493
2564.1,0.36376951397208
2564.2,0.461425759333662
2564.3,0.43701169799327
2564.4,0.0219726552065666
2564.5,-0.051269528814619
2564.6,0.119628900568139
2564.7,0.900878863460757
2564.8,0.876464802120364
2564.9,0.583496066035632
2565,0.266113268610506
2565.1,-0.00244140613383337
2565.2,0.461425759333663
2565.3,0.998535108822335
2565.4,0.681152311397206
2565.5,0.705566372737603
2565.6,0.266113268610508
2565.7,0.485839820674056
2565.8,0.461425759333659
2565.9,0.339355452631689
2566,1.07177729284352
2566.1,0.705566372737607
2566.2,0.827636679439574
2566.3,1.21826166088589
2566.4,0.363769513972083
2566.5,0.77880855675879
2566.6,1.1694335382051
2566.7,0.900878863460761
2566.8,1.02294917016273
2566.9,0.534667943354842
2567,0.437011697993263
2567.1,0.852050740779968
2567.2,0.314941391291295
2567.3,0.778808556758784
2567.4,0.437011697993266
2567.5,-0.148925774176192
2567.6,0.192871084589322
2567.7,0.461425759333659
2567.8,-0.148925774176199
2567.9,0.217285145929718
2568,0.290527329950903
2568.1,0.266113268610509
2568.2,-0.148925774176197
2568.3,0.339355452631692
2568.4,0.241699207270111
2568.5,0.461425759333657
2568.6,0.94970698614155
2568.7,0.803222618099186
2568.8,0.998535108822334
2568.9,0.241699207270111
2569,0.363769513972086
2569.1,0.168457023248928
2569.2,0.217285145929718
2569.3,1.07177729284352
2569.4,1.04736323150312
2569.5,0.729980434077996
2569.6,0.998535108822335
2569.7,0.998535108822333
2569.8,0.437011697993266
2569.9,-0.148925774176195
2570,0.681152311397209
2570.1,0.998535108822334
2570.2,0.607910127376027
2570.3,0.46142575933366
2570.4,0.2905273299509
2570.5,0.0463867165469608
2570.6,0.437011697993268
2570.7,0.485839820674056
2570.8,0.412597636652873
2570.9,0.559082004695239
2571,0.900878863460757
2571.1,-0.051269528814619
2571.2,0.41259763665287
2571.3,0.510253882014449
2571.4,0.778808556758784
2571.5,0.729980434077996
2571.6,0.046386716546958
2571.7,-0.0512695288146205
2571.8,0.217285145929715
2571.9,0.827636679439571
2572,1.07177729284352
2572.1,0.803222618099178
2572.2,0.168457023248928
2572.3,0.412597636652872
2572.4,0.75439449541839
2572.5,1.21826166088588
2572.6,1.19384759954549
2572.7,0.729980434077999
2572.8,0.290527329950899
2572.9,0.144042961908534
2573,-0.295410142218562
2573.1,0.0219726552065652
2573.2,0.144042961908539
2573.3,-0.0756835901550076
2573.4,0.461425759333662
2573.5,0.729980434078
2573.6,0.266113268610509
2573.7,0.412597636652872
2573.8,-0.148925774176196
2573.9,-0.124511712835802
2574,-0.0512695288146205
2574.1,-0.466308571601321
2574.2,-0.270996080878167
2574.3,0.461425759333659
2574.4,0.46142575933366
2574.5,0.778808556758787
2574.6,0.729980434077997
2574.7,0.68115231139721
2574.8,1.04736323150312
2574.9,0.705566372737603
2575,0.412597636652872
2575.1,0.803222618099178
2575.2,0.925292924801158
2575.3,0.0219726552065623
2575.4,-0.17333983551659
2575.5,0.0952148392277493
2575.6,0.729980434078
2575.7,0.705566372737603
2575.8,0.33935545263169
2575.9,0.0463867165469566
2576,0.607910127376024
2576.1,1.63330070367259
2576.2,0.852050740779967
2576.3,0.266113268610506
2576.4,0.803222618099178
2576.5,0.974121047481944
2576.6,0.461425759333659
2576.7,-0.148925774176196
2576.8,0.217285145929718
2576.9,1.1206054155243
2577,0.681152311397207
2577.1,0.314941391291296
2577.2,0.607910127376027
2577.3,1.12060541552431
2577.4,0.876464802120364
2577.5,0.2905273299509
2577.6,0.339355452631689
2577.7,0.559082004695242
2577.8,-0.295410142218562
2577.9,0.192871084589322
2578,0.192871084589325
2578.1,0.119628900568139
2578.2,0.388183575312479
2578.3,0.729980434077997
2578.4,0.90087886346076
2578.5,0.510253882014449
2578.6,0.876464802120363
2578.7,1.16943353820509
2578.8,0.0463867165469594
2578.9,0.38818357531248
2579,0.681152311397207
2579.1,1.36474602892825
2579.2,0.437011697993265
2579.3,0.192871084589324
2579.4,0.485839820674055
2579.5,1.19384759954549
2579.6,0.827636679439577
2579.7,0.681152311397207
2579.8,1.12060541552431
2579.9,0.998535108822334
2580,1.04736323150312
2580.1,0.583496066035629
2580.2,0.51025388201445
2580.3,0.681152311397214
2580.4,1.19384759954549
2580.5,1.34033196758785
2580.6,0.852050740779967
2580.7,0.778808556758786
2580.8,0.925292924801157
2580.9,0.729980434077999
2581,0.778808556758787
2581.1,1.31591790624746
2581.2,1.12060541552431
2581.3,0.607910127376023
2581.4,0.583496066035629
2581.5,0.412597636652876
2581.6,0.144042961908535
2581.7,0.974121047481941
2581.8,0.998535108822337
2581.9,0.339355452631689
2582,1.19384759954549
2582.1,0.754394495418393
2582.2,0.729980434077999
2582.3,0.559082004695242
2582.4,0.33935545263169
2582.5,0.412597636652872
2582.6,0.314941391291298
2582.7,0.266113268610503
2582.8,0.974121047481944
2582.9,0.729980434078003
2583,0.266113268610505
2583.1,-0.222167958197375
2583.2,0.681152311397209
2583.3,1.43798821294943
2583.4,1.29150384490707
2583.5,0.656738250056813
2583.6,0.656738250056813
2583.7,0.485839820674057
2583.8,0.974121047481943
2583.9,1.12060541552431
2584,0.534667943354843
2584.1,0.314941391291293
2584.2,0.241699207270115
2584.3,1.21826166088589
2584.4,0.705566372737604
2584.5,0.681152311397213
2584.6,1.36474602892825
2584.7,0.852050740779968
2584.8,0.510253882014452
2584.9,0.290527329950899
2585,0.437011697993265
2585.1,0.656738250056816
2585.2,0.510253882014446
2585.3,0.974121047481941
2585.4,0.803222618099178
2585.5,0.510253882014449
2585.6,0.168457023248931
2585.7,0.0463867165469594
2585.8,-0.148925774176195
2585.9,0.192871084589325
2586,0.0463867165469608
2586.1,0.2905273299509
2586.2,0.217285145929716
2586.3,0.949706986141545
2586.4,0.97412104748194
2586.5,0.949706986141548
2586.6,0.925292924801151
2586.7,0.559082004695242
2586.8,0.33935545263169
2586.9,-0.197753896856982
2587,-0.490722632941716
2587.1,0.339355452631688
2587.2,0.510253882014446
2587.3,0.241699207270115
2587.4,0.656738250056813
2587.5,0.168457023248928
2587.6,-0.270996080878167
2587.7,0.778808556758788
2587.8,1.1450194768647
2587.9,0.534667943354842
2588,0.461425759333659
2588.1,-0.00244140613383337
2588.2,0.314941391291296
2588.3,1.12060541552431
2588.4,0.778808556758784
2588.5,0.339355452631685
2588.6,0.778808556758783
2588.7,0.90087886346076
2588.8,0.534667943354843
2588.9,0.046386716546958
2589,0.437011697993265
2589.1,0.339355452631688
2589.2,-0.197753896856986
2589.3,-0.222167958197377
2589.4,0.266113268610505
2589.5,0.388183575312483
2589.6,0.80322261809918
2589.7,-0.0268554674742262
2589.8,-0.173339835516593
2589.9,0.510253882014449
2590,0.754394495418399
2590.1,0.290527329950902
2590.2,-0.197753896856985
2590.3,-0.051269528814619
2590.4,0.46142575933366
2590.5,0.656738250056813
2590.6,0.290527329950902
2590.7,0.607910127376026
2590.8,1.07177729284352
2590.9,0.852050740779968
2591,1.48681633563022
2591.1,0.974121047481944
2591.2,0.827636679439577
2591.3,-0.344238264899351
2591.4,-0.124511712835803
2591.5,0.412597636652875
2591.6,0.925292924801153
2591.7,0.876464802120363
2591.8,0.192871084589324
2591.9,0.192871084589324
2592,0.705566372737604
2592.1,0.729980434077999
2592.2,0.168457023248929
2592.3,0.339355452631693
2592.4,0.754394495418393
2592.5,0.217285145929716
2592.6,0.314941391291296
2592.7,0.656738250056813
2592.8,0.437011697993269
2592.9,1.04736323150312
2593,1.07177729284352
2593.1,1.04736323150312
2593.2,0.632324188716421
2593.3,0.241699207270111
2593.4,0.900878863460757
2593.5,1.36474602892825
2593.6,0.705566372737604
2593.7,0.38818357531248
2593.8,0.876464802120365
2593.9,1.04736323150312
2594,0.559082004695239
2594.1,0.290527329950902
2594.2,0.778808556758787
2594.3,1.19384759954549
2594.4,0.705566372737606
2594.5,0.974121047481943
2594.6,1.19384759954549
2594.7,0.900878863460758
2594.8,1.36474602892825
2594.9,1.1694335382051
2595,0.607910127376026
2595.1,0.60791012737603
2595.2,0.48583982067406
2595.3,0.559082004695236
2595.4,0.925292924801151
2595.5,0.559082004695235
2595.6,-0.00244140613383053
2595.7,0.607910127376026
2595.8,0.729980434077997
2595.9,0.559082004695236
2596,0.827636679439576
2596.1,0.729980434077996
2596.2,0.192871084589322
2596.3,0.290527329950903
2596.4,0.63232418871642
2596.5,0.168457023248929
2596.6,0.217285145929715
2596.7,0.803222618099178
2596.8,0.68115231139721
2596.9,0.33935545263169
2597,-0.00244140613383053
2597.1,0.534667943354842
2597.2,0.0219726552065637
2597.3,0.314941391291295
2597.4,0.388183575312478
2597.5,0.266113268610506
2597.6,0.461425759333662
2597.7,0.485839820674057
2597.8,1.19384759954549
2597.9,1.02294917016272
2598,0.485839820674052
2598.1,0.0219726552065637
2598.2,-0.124511712835799
2598.3,0.33935545263169
2598.4,0.681152311397207
2598.5,0.681152311397213
2598.6,0.97412104748194
2598.7,1.58447258099179
2598.8,1.12060541552431
2598.9,0.559082004695236
2599,0.192871084589324
2599.1,0.290527329950905
2599.2,0.485839820674055
2599.3,0.437011697993268
2599.4,0.534667943354843
2599.5,-0.1245117128358
2599.6,0.363769513972088
2599.7,1.07177729284351
2599.8,0.485839820674057
2599.9,0.241699207270112
2600,0.7055663727376
2600.1,0.290527329950898
2600.2,0.0952148392277493
2600.3,0.705566372737606
2600.4,0.852050740779967
2600.5,0.656738250056816
2600.6,0.827636679439577
2600.7,0.80322261809918
2600.8,0.754394495418397
2600.9,0.729980434077997
2601,0.58349606603563
2601.1,0.290527329950898
2601.2,0.266113268610508
2601.3,1.16943353820509
2601.4,0.559082004695242
2601.5,0.63232418871642
2601.6,0.0708007778873522
2601.7,-0.19775389685698
2601.8,0.461425759333663
2601.9,0.729980434077997
2602,0.803222618099181
2602.1,0.168457023248928
2602.2,0.0952148392277465
2602.3,0.241699207270113
2602.4,-0.00244140613383053
2602.5,0.388183575312476
2602.6,0.0463867165469566
2602.7,-0.00244140613383053
2602.8,-0.0756835901550119
2602.9,-0.441894510260924
2603,0.266113268610505
2603.1,0.388183575312476
2603.2,0.827636679439578
2603.3,0.0952148392277451
2603.4,-0.100097651495409
2603.5,0.168457023248925
2603.6,-0.10009765149541
2603.7,0.0708007778873494
2603.8,0.314941391291295
2603.9,-0.34423826489935
2604,-0.31982420355896
2604.1,0.0219726552065623
2604.2,-0.295410142218563
2604.3,-0.270996080878169
2604.4,0.437011697993268
2604.5,0.0219726552065623
2604.6,-0.100097651495403
2604.7,0.33935545263169
2604.8,0.314941391291293
2604.9,0.485839820674053
2605,0.363769513972086
2605.1,0.168457023248932
2605.2,0.0708007778873522
2605.3,-0.173339835516593
2605.4,0.314941391291295
2605.5,-0.222167958197379
2605.6,-0.222167958197376
2605.7,0.217285145929718
2605.8,0.412597636652873
2605.9,0.119628900568141
2606,0.461425759333665
2606.1,0.0952148392277479
2606.2,0.0708007778873508
2606.3,0.0708007778873522
2606.4,-0.124511712835796
2606.5,-0.954589798409209
2606.6,-0.832519491707237
2606.7,-0.368652326239743
2606.8,0.217285145929718
2606.9,0.168457023248931
2607,0.168457023248928
2607.1,-0.0268554674742248
2607.2,-0.0268554674742219
2607.3,0.266113268610506
2607.4,0.266113268610502
2607.5,-0.075683590155009
2607.6,0.0219726552065652
2607.7,0.266113268610505
2607.8,-0.490722632941714
2607.9,0.0952148392277536
2608,0.754394495418393
2608.1,0.583496066035632
2608.2,0.266113268610508
2608.3,0.43701169799327
2608.4,-0.051269528814619
2608.5,-0.490722632941717
2608.6,-0.0268554674742248
2608.7,0.0952148392277465
2608.8,0.266113268610505
2608.9,0.485839820674056
2609,0.63232418871642
2609.1,0.0708007778873551
2609.2,0.192871084589321
2609.3,0.241699207270113
2609.4,0.46142575933366
2609.5,-0.0268554674742219
2609.6,-0.100097651495406
2609.7,-0.17333983551659
2609.8,0.119628900568142
2609.9,0.827636679439574
2610,0.852050740779968
2610.1,-0.00244140613383053
2610.2,-0.100097651495408
2610.3,-0.148925774176192
2610.4,0.314941391291295
2610.5,0.58349606603563
2610.6,0.168457023248931
2610.7,0.217285145929716
2610.8,0.388183575312479
2610.9,0.0219726552065623
2611,-0.270996080878167
2611.1,-0.246582019537772
2611.2,0.510253882014447
2611.3,0.339355452631689
2611.4,0.607910127376026
2611.5,0.192871084589322
2611.6,-0.24658201953777
2611.7,0.168457023248932
2611.8,0.412597636652875
2611.9,0.485839820674057
2612,-0.319824203558956
2612.1,-0.34423826489935
2612.2,-0.27099608087817
2612.3,0.0463867165469566
2612.4,0.437011697993265
2612.5,-0.22216795819738
2612.6,0.607910127376024
2612.7,0.63232418871642
2612.8,0.144042961908538
2612.9,0.192871084589325
2613,0.266113268610505
2613.1,0.241699207270113
2613.2,0.827636679439576
2613.3,0.192871084589322
2613.4,0.559082004695236
2613.5,0.94970698614155
2613.6,0.290527329950899
2613.7,0.144042961908532
2613.8,0.217285145929716
2613.9,-0.368652326239744
2614,0.144042961908536
2614.1,0.0219726552065609
2614.2,0.314941391291295
2614.3,0.437011697993268
2614.4,0.266113268610508
2614.5,0.534667943354846
2614.6,0.632324188716419
2614.7,0.339355452631692
2614.8,-0.100097651495405
2614.9,0.58349606603563
2615,0.754394495418394
2615.1,0.412597636652876
2615.2,0.217285145929716
2615.3,0.583496066035629
2615.4,0.266113268610512
2615.5,-0.100097651495409
2615.6,0.2905273299509
2615.7,-0.0756835901550119
2615.8,-0.295410142218563
2615.9,0.632324188716419
2616,0.559082004695236
2616.1,0.363769513972085
2616.2,0.559082004695237
2616.3,0.46142575933366
2616.4,0.168457023248929
2616.5,0.217285145929716
2616.6,0.559082004695239
2616.7,0.852050740779973
2616.8,0.607910127376027
2616.9,0.217285145929716
2617,0.900878863460757
2617.1,0.754394495418396
2617.2,0.412597636652872
2617.3,0.144042961908535
2617.4,0.900878863460758
2617.5,0.80322261809918
2617.6,0.827636679439578
2617.7,1.16943353820509
2617.8,0.119628900568142
2617.9,0.119628900568136
2618,0.778808556758787
2618.1,1.09619135418391
2618.2,1.04736323150312
2618.3,0.656738250056817
2618.4,0.803222618099177
2618.5,0.778808556758787
2618.6,0.485839820674056
2618.7,0.314941391291293
2618.8,0.778808556758786
2618.9,0.97412104748194
2619,1.19384759954549
2619.1,0.852050740779967
2619.2,0.656738250056814
2619.3,1.04736323150312
2619.4,0.363769513972083
2619.5,0.217285145929718
2619.6,0.998535108822337
2619.7,0.827636679439573
2619.8,0.534667943354846
2619.9,0.559082004695237
2620,0.510253882014446
2620.1,0.925292924801153
2620.2,0.607910127376026
2620.3,0.0219726552065623
2620.4,-0.173339835516589
2620.5,0.144042961908539
2620.6,0.363769513972083
2620.7,0.583496066035632
2620.8,0.290527329950898
2620.9,0.485839820674055
2621,0.41259763665287
2621.1,0.363769513972083
2621.2,0.217285145929716
2621.3,0.168457023248934
2621.4,0.0708007778873508
2621.5,0.339355452631686
2621.6,0.437011697993268
2621.7,0.412597636652872
2621.8,0.437011697993265
2621.9,0.827636679439574
2622,0.607910127376026
2622.1,0.2905273299509
2622.2,0.0219726552065623
2622.3,0.241699207270111
2622.4,0.144042961908532
2622.5,0.290527329950899
2622.6,0.363769513972085
2622.7,0.266113268610506
2622.8,0.144042961908536
2622.9,0.314941391291296
2623,0.92529292480115
2623.1,1.19384759954549
2623.2,0.75439449541839
2623.3,0.241699207270112
2623.4,0.0463867165469622
2623.5,-0.344238264899347
2623.6,0.485839820674052
2623.7,0.0952148392277465
2623.8,-0.0756835901550147
2623.9,0.632324188716419
2624,-0.148925774176197
2624.1,-0.979003859749602
2624.2,-1.24755853449393
2624.3,-0.173339835516589
2624.4,0.461425759333662
2624.5,0.58349606603563
2624.6,0.144042961908532
2624.7,-0.441894510260929
2624.8,-0.344238264899351
2624.9,0.2905273299509
2625,-0.0512695288146219
2625.1,0.0708007778873537
2625.2,0.119628900568139
2625.3,-0.0268554674742262
2625.4,-0.222167958197373
2625.5,-0.197753896856985
2625.6,-0.441894510260926
2625.7,-0.246582019537773
2625.8,-0.0512695288146176
2625.9,-0.173339835516593
2626,0.168457023248934
2626.1,-0.34423826489935
2626.2,-0.637207000984078
2626.3,-0.0512695288146162
2626.4,0.363769513972083
2626.5,0.0708007778873551
2626.6,0.290527329950899
2626.7,0.607910127376032
2626.8,0.241699207270112
2626.9,0.0219726552065666
2627,0.0463867165469566
2627.1,0.0952148392277451
2627.2,0.144042961908536
2627.3,-0.197753896856985
2627.4,0.0952148392277465
2627.5,0.314941391291293
2627.6,0.0463867165469566
2627.7,-0.0268554674742219
2627.8,0.0708007778873522
2627.9,0.217285145929719
2628,-0.393066387580141
2628.1,-0.441894510260926
2628.2,-0.39306638758014
2628.3,-0.344238264899351
2628.4,-0.00244140613383195
2628.5,-0.417480448920533
2628.6,-0.197753896856985
2628.7,-0.124511712835799
2628.8,0.0708007778873522
2628.9,-0.270996080878166
2629,0.0219726552065623
2629.1,-0.124511712835798
2629.2,-0.661621062324475
2629.3,0.0708007778873537
2629.4,0.51025388201445
2629.5,0.217285145929721
2629.6,-0.1245117128358
2629.7,-0.124511712835803
2629.8,-0.783691369026447
2629.9,-0.466308571601323
2630,-0.75927730768605
2630.1,-0.930175737068811
2630.2,-0.612792939643684
2630.3,-0.417480448920533
2630.4,0.0708007778873494
2630.5,0.241699207270115
2630.6,0.0708007778873508
2630.7,0.0463867165469594
2630.8,-0.563964816962898
2630.9,0.0952148392277465
2631,0.0463867165469551
2631.1,-0.344238264899351
2631.2,0.0952148392277465
2631.3,-0.319824203558957
2631.4,-0.173339835516593
2631.5,-0.124511712835803
2631.6,-0.441894510260927
2631.7,-1.19873041181315
2631.8,-0.881347614388024
2631.9,-0.393066387580137
2632,-0.295410142218562
2632.1,-0.905761675728419
2632.2,0.0708007778873494
2632.3,0.144042961908534
2632.4,0.0952148392277508
2632.5,0.192871084589322
2632.6,-0.1245117128358
2632.7,-0.0756835901550076
2632.8,0.168457023248926
2632.9,0.437011697993266
2633,0.168457023248932
2633.1,0.168457023248931
2633.2,0.2905273299509
2633.3,-0.222167958197379
2633.4,-0.466308571601323
2633.5,0.388183575312478
2633.6,-0.100097651495409
2633.7,-0.319824203558954
2633.8,-0.612792939643688
2633.9,-0.27099608087817
2634,0.144042961908534
2634.1,0.41259763665287
2634.2,0.363769513972082
2634.3,0.0952148392277465
2634.4,-0.490722632941713
2634.5,0.0952148392277465
2634.6,-0.0512695288146233
2634.7,0.656738250056813
2634.8,0.412597636652872
2634.9,-0.490722632941716
2635,-0.124511712835803
2635.1,0.290527329950903
2635.2,0.0952148392277451
2635.3,0.241699207270113
2635.4,0.144042961908538
2635.5,0.0219726552065623
2635.6,0.729980434077999
2635.7,0.510253882014446
2635.8,-0.61279293964369
2635.9,0.0708007778873551
2636,0.485839820674053
2636.1,0.241699207270111
2636.2,-0.319824203558957
2636.3,-0.246582019537775
2636.4,-0.1245117128358
2636.5,0.144042961908539
2636.6,0.437011697993265
2636.7,0.583496066035629
2636.8,0.681152311397207
2636.9,0.632324188716421
2637,0.0219726552065609
2637.1,0.241699207270109
2637.2,0.241699207270113
2637.3,-0.612792939643687
2637.4,-0.417480448920533
2637.5,0.046386716546958
2637.6,0.266113268610503
2637.7,0.827636679439573
2637.8,0.388183575312478
2637.9,-0.0512695288146219
2638,0.0463867165469566
2638.1,0.192871084589324
2638.2,0.437011697993266
2638.3,0.168457023248929
2638.4,-0.0756835901550133
2638.5,-0.100097651495408
2638.6,0.876464802120364
2638.7,0.363769513972082
2638.8,0.437011697993269
2638.9,0.534667943354844
2639,0.876464802120368
2639.1,0.217285145929718
2639.2,0.144042961908538
2639.3,0.144042961908535
2639.4,0.534667943354842
2639.5,0.974121047481944
2639.6,0.290527329950899
2639.7,0.168457023248931
2639.8,0.363769513972083
2639.9,0.363769513972085
2640,0.314941391291299
2640.1,0.266113268610506
2640.2,0.437011697993263
2640.3,0.339355452631689
2640.4,-0.100097651495406
2640.5,-0.0268554674742248
2640.6,0.607910127376024
2640.7,0.68115231139721
2640.8,-0.0756835901550147
2640.9,-0.29541014221856
2641,0.314941391291293
2641.1,-0.124511712835803
2641.2,-0.100097651495402
2641.3,-0.197753896856982
2641.4,-0.466308571601321
2641.5,-0.466308571601324
2641.6,0.290527329950906
2641.7,0.852050740779968
2641.8,0.0219726552065609
2641.9,0.241699207270109
2642,0.314941391291292
2642.1,0.461425759333659
2642.2,0.803222618099183
2642.3,1.02294917016273
2642.4,0.339355452631689
2642.5,0.241699207270115
2642.6,0.461425759333659
2642.7,0.510253882014447
2642.8,0.705566372737603
2642.9,0.363769513972083
2643,-0.00244140613382484
2643.1,0.0708007778873565
2643.2,0.046386716546958
2643.3,0.192871084589321
2643.4,0.729980434077997
2643.5,0.607910127376027
2643.6,0.778808556758787
2643.7,0.363769513972088
2643.8,0.119628900568142
2643.9,-0.222167958197379
2644,0.046386716546958
2644.1,-0.270996080878166
2644.2,-0.344238264899343
2644.3,0.168457023248929
2644.4,-0.222167958197382
2644.5,0.41259763665287
2644.6,0.632324188716419
2644.7,-0.100097651495408
2644.8,0.314941391291296
2644.9,0.876464802120363
2645,1.29150384490707
2645.1,0.314941391291295
2645.2,0.534667943354843
2645.3,0.729980434077996
2645.4,1.07177729284352
2645.5,0.656738250056816
2645.6,0.827636679439576
2645.7,1.02294917016273
2645.8,0.827636679439574
2645.9,0.900878863460758
2646,0.656738250056814
2646.1,0.827636679439576
2646.2,0.900878863460758
2646.3,0.461425759333663
2646.4,0.705566372737603
2646.5,1.5600585196514
2646.6,0.876464802120364
2646.7,0.437011697993265
2646.8,1.31591790624746
2646.9,0.729980434078
2647,0.363769513972083
2647.1,0.583496066035634
2647.2,0.363769513972082
2647.3,0.729980434077997
2647.4,1.02294917016273
2647.5,0.754394495418393
2647.6,0.754394495418391
2647.7,0.461425759333665
2647.8,0.803222618099181
2647.9,1.56005851965141
2648,0.827636679439576
2648.1,0.485839820674053
2648.2,0.754394495418391
2648.3,0.900878863460756
2648.4,0.0708007778873522
2648.5,0.168457023248928
2648.6,0.314941391291296
2648.7,0.0219726552065666
2648.8,0.144042961908538
2648.9,0.827636679439576
2649,1.09619135418391
2649.1,0.559082004695235
2649.2,0.266113268610506
2649.3,0.388183575312478
2649.4,0.363769513972085
2649.5,0.583496066035632
2649.6,0.778808556758787
2649.7,0.632324188716421
2649.8,0.168457023248929
2649.9,0.0219726552065652
2650,0.534667943354842
2650.1,1.12060541552431
2650.2,0.632324188716419
2650.3,0.485839820674059
2650.4,0.607910127376027
2650.5,0.607910127376024
2650.6,1.02294917016273
2650.7,0.974121047481938
2650.8,0.778808556758784
2650.9,0.0708007778873508
2651,0.0219726552065637
2651.1,0.0952148392277479
2651.2,0.412597636652872
2651.3,0.51025388201445
2651.4,0.632324188716417
2651.5,0.58349606603563
2651.6,1.12060541552431
2651.7,0.876464802120363
2651.8,0.339355452631688
2651.9,0.681152311397207
2652,0.290527329950899
2652.1,0.876464802120361
2652.2,0.974121047481947
2652.3,0.754394495418396
2652.4,0.217285145929722
2652.5,0.803222618099178
2652.6,1.02294917016273
2652.7,0.754394495418391
2652.8,0.168457023248931
2652.9,0.705566372737603
2653,1.26708978356667
2653.1,0.754394495418391
2653.2,0.437011697993268
2653.3,0.656738250056816
2653.4,0.339355452631692
2653.5,-0.29541014221856
2653.6,0.168457023248929
2653.7,0.363769513972086
2653.8,0.144042961908535
2653.9,-0.319824203558957
2654,-0.490722632941717
2654.1,0.290527329950903
2654.2,0.559082004695236
2654.3,0.80322261809918
2654.4,0.925292924801154
2654.5,0.0219726552065652
2654.6,0.363769513972083
2654.7,0.900878863460756
2654.8,0.632324188716419
2654.9,0.46142575933366
2655,0.144042961908534
2655.1,0.63232418871642
2655.2,0.583496066035633
2655.3,0.559082004695237
2655.4,-0.0756835901550119
2655.5,0.144042961908535
2655.6,-0.0756835901550119
2655.7,0.144042961908534
2655.8,0.339355452631692
2655.9,0.0219726552065637
2656,0.485839820674056
2656.1,0.876464802120361
2656.2,0.632324188716419
2656.3,-0.0756835901550119
2656.4,0.0952148392277465
2656.5,0.339355452631688
2656.6,0.0952148392277493
2656.7,0.314941391291298
2656.8,0.2905273299509
2656.9,0.119628900568139
2657,0.41259763665287
2657.1,0.778808556758787
2657.2,0.363769513972085
2657.3,-0.100097651495409
2657.4,0.0952148392277451
2657.5,0.388183575312475
2657.6,0.827636679439577
2657.7,0.534667943354843
2657.8,0.534667943354842
2657.9,0.900878863460757
2658,1.1450194768647
2658.1,0.461425759333659
2658.2,0.314941391291293
2658.3,0.0952148392277493
2658.4,0.192871084589322
2658.5,0.339355452631686
2658.6,0.681152311397209
2658.7,0.68115231139721
2658.8,0.119628900568142
2658.9,0.314941391291295
2659,0.534667943354843
2659.1,0.583496066035633
2659.2,1.12060541552431
2659.3,0.0219726552065623
2659.4,-0.197753896856982
2659.5,-0.051269528814619
2659.6,-0.00244140613383195
2659.7,0.632324188716423
2659.8,0.607910127376026
2659.9,0.534667943354843
2660,0.900878863460757
2660.1,0.437011697993268
2660.2,0.559082004695237
2660.3,0.974121047481941
2660.4,1.09619135418391
2660.5,0.559082004695236
2660.6,0.46142575933366
2660.7,1.02294917016273
2660.8,0.388183575312476
2660.9,0.339355452631689
2661,0.559082004695236
2661.1,0.827636679439574
2661.2,0.534667943354844
2661.3,0.632324188716423
2661.4,0.900878863460758
2661.5,0.729980434077999
2661.6,0.363769513972082
2661.7,0.119628900568139
2661.8,0.339355452631689
2661.9,0.192871084589325
2662,0.119628900568139
2662.1,0.754394495418394
2662.2,0.803222618099183
2662.3,0.266113268610505
2662.4,0.0952148392277522
2662.5,0.900878863460757
2662.6,1.31591790624746
2662.7,0.583496066035633
2662.8,0.192871084589324
2662.9,0.681152311397209
2663,0.900878863460761
2663.1,0.437011697993268
2663.2,0.119628900568145
2663.3,0.363769513972085
2663.4,0.388183575312476
2663.5,-0.100097651495409
2663.6,0.363769513972085
2663.7,0.876464802120364
2663.8,0.681152311397213
2663.9,0.754394495418393
2664,0.729980434077996
2664.1,0.388183575312483
2664.2,0.437011697993269
2664.3,0.144042961908535
2664.4,-0.00244140613383053
2664.5,0.559082004695237
2664.6,0.266113268610508
2664.7,0.510253882014452
2664.8,0.55908200469524
2664.9,0.363769513972086
2665,0.559082004695235
2665.1,0.0952148392277437
2665.2,0.168457023248929
2665.3,0.46142575933366
2665.4,0.94970698614155
2665.5,0.38818357531248
2665.6,0.119628900568138
2665.7,0.607910127376024
2665.8,0.144042961908535
2665.9,0.0219726552065637
2666,0.266113268610506
2666.1,0.485839820674055
2666.2,0.754394495418391
2666.3,0.412597636652872
2666.4,-0.100097651495409
2666.5,-0.222167958197377
2666.6,-0.319824203558953
2666.7,0.0952148392277508
2666.8,0.510253882014449
2666.9,0.168457023248936
2667,-0.0268554674742262
2667.1,0.192871084589324
2667.2,0.388183575312478
2667.3,-0.00244140613383053
2667.4,0.144042961908538
2667.5,0.46142575933366
2667.6,0.168457023248932
2667.7,-0.954589798409204
2667.8,-0.417480448920536
2667.9,-0.295410142218562
2668,-0.22216795819738
2668.1,-0.051269528814619
2668.2,-0.148925774176196
2668.3,-0.319824203558956
2668.4,0.437011697993268
2668.5,-0.197753896856983
2668.6,-0.270996080878166
2668.7,-0.393066387580139
2668.8,-0.0268554674742262
2668.9,0.241699207270112
2669,0.559082004695237
2669.1,0.0952148392277451
2669.2,-0.515136694282111
2669.3,-0.246582019537767
2669.4,0.0952148392277493
2669.5,0.388183575312478
2669.6,0.461425759333662
2669.7,0.290527329950903
2669.8,0.0219726552065666
2669.9,-0.759277307686054
2670,-0.173339835516592
2670.1,-0.417480448920534
2670.2,-0.148925774176199
2670.3,-0.0268554674742219
2670.4,-0.051269528814619
2670.5,-0.270996080878165
2670.6,-0.148925774176195
2670.7,0.290527329950899
2670.8,0.949706986141543
2670.9,0.388183575312476
2671,0.0708007778873537
2671.1,0.437011697993266
2671.2,0.144042961908539
2671.3,0.144042961908535
2671.4,0.485839820674053
2671.5,-0.0024414061338291
2671.6,-0.173339835516589
2671.7,0.266113268610503
2671.8,0.0219726552065666
2671.9,0.314941391291295
2672,0.559082004695236
2672.1,0.974121047481943
2672.2,0.729980434077996
2672.3,0.729980434077996
2672.4,0.314941391291295
2672.5,-0.270996080878169
2672.6,0.168457023248931
2672.7,-0.051269528814619
2672.8,0.0708007778873522
2672.9,0.266113268610505
2673,0.534667943354844
2673.1,0.168457023248931
2673.2,0.534667943354842
2673.3,1.1694335382051
2673.4,0.754394495418393
2673.5,0.778808556758788
2673.6,0.485839820674055
2673.7,0.461425759333663
2673.8,0.217285145929716
2673.9,0.632324188716424
2674,0.900878863460758
2674.1,1.1450194768647
2674.2,0.705566372737603
2674.3,0.534667943354839
2674.4,-0.051269528814619
2674.5,0.63232418871642
2674.6,1.1450194768647
2674.7,0.705566372737603
2674.8,0.119628900568139
2674.9,0.241699207270116
2675,0.168457023248928
2675.1,0.510253882014446
2675.2,0.485839820674056
2675.3,0.363769513972082
2675.4,0.485839820674056
2675.5,0.363769513972083
2675.6,-0.0268554674742262
2675.7,-0.100097651495409
2675.8,-0.148925774176199
2675.9,0.0952148392277451
2676,0.144042961908538
2676.1,0.412597636652872
2676.2,0.75439449541839
2676.3,0.217285145929716
2676.4,-0.515136694282109
2676.5,0.754394495418393
2676.6,1.07177729284352
2676.7,0.437011697993269
2676.8,0.485839820674055
2676.9,-0.51513669428211
2677,0.0952148392277479
2677.1,0.925292924801151
2677.2,0.607910127376027
2677.3,0.2905273299509
2677.4,0.437011697993266
2677.5,0.632324188716419
2677.6,0.217285145929716
2677.7,0.681152311397211
2677.8,0.75439449541839
2677.9,0.339355452631688
2678,0.314941391291293
2678.1,-0.0512695288146205
2678.2,-0.0268554674742262
2678.3,0.63232418871642
2678.4,0.437011697993265
2678.5,0.0463867165469566
2678.6,0.778808556758783
2678.7,0.778808556758788
2678.8,0.510253882014449
2678.9,0.607910127376027
2679,0.070800777887348
2679.1,0.729980434077999
2679.2,0.925292924801153
2679.3,0.437011697993265
2679.4,-0.246582019537772
2679.5,-0.29541014221856
2679.6,0.192871084589325
2679.7,0.485839820674056
2679.8,-0.0268554674742262
2679.9,-0.0512695288146205
2680,0.168457023248931
2680.1,0.412597636652872
2680.2,0.0219726552065652
2680.3,-0.00244140613383195
2680.4,0.0708007778873522
2680.5,0.168457023248928
2680.6,0.729980434077996
2680.7,0.290527329950899
2680.8,0.510253882014447
2680.9,-0.0512695288146176
2681,0.168457023248926
2681.1,1.02294917016273
2681.2,0.85205074077997
2681.3,0.217285145929716
2681.4,-0.197753896856975
2681.5,0.290527329950899
2681.6,0.0952148392277451
2681.7,-0.490722632941717
2681.8,-0.661621062324474
2681.9,0.754394495418393
2682,1.21826166088589
2682.1,-0.148925774176196
2682.2,-0.051269528814619
2682.3,-0.29541014221856
2682.4,0.144042961908535
2682.5,-0.0512695288146148
2682.6,0.192871084589324
2682.7,0.437011697993268
2682.8,0.632324188716419
2682.9,0.266113268610506
2683,-0.0268554674742248
2683.1,-0.0268554674742262
2683.2,0.119628900568139
2683.3,-0.00244140613383195
2683.4,0.0463867165469608
2683.5,0.339355452631692
2683.6,0.217285145929718
2683.7,-0.393066387580139
2683.8,-0.881347614388024
2683.9,-0.393066387580137
2684,0.412597636652872
2684.1,0.681152311397206
2684.2,0.607910127376027
2684.3,-0.148925774176199
2684.4,-0.515136694282113
2684.5,-0.148925774176196
2684.6,0.485839820674059
2684.7,-0.173339835516587
2684.8,-0.783691369026445
2684.9,-0.563964816962901
2685,-0.441894510260926
2685.1,-0.124511712835805
2685.2,-1.05224604377079
2685.3,-1.10107416645157
2685.4,-0.148925774176192
2685.5,0.559082004695239
2685.6,0.485839820674056
2685.7,-0.319824203558956
2685.8,-0.856933553047629
2685.9,-0.368652326239743
2686,-0.075683590155009
2686.1,-0.00244140613383053
2686.2,-0.173339835516593
2686.3,0.314941391291295
2686.4,0.607910127376023
2686.5,0.168457023248928
2686.6,-0.417480448920534
2686.7,-0.319824203558956
2686.8,0.290527329950902
2686.9,-0.197753896856982
2687,0.119628900568141
2687.1,0.0219726552065637
2687.2,-0.466308571601323
2687.3,0.241699207270113
2687.4,-0.0512695288146219
2687.5,-0.319824203558954
2687.6,-0.295410142218562
2687.7,-0.73486324634566
2687.8,-0.22216795819738
2687.9,-0.0024414061338291
2688,-0.441894510260927
2688.1,-0.930175737068814
2688.2,-0.0512695288146219
2688.3,-0.319824203558959
2688.4,-0.612792939643684
2688.5,-0.80810543036684
2688.6,-0.148925774176197
2688.7,-0.197753896856986
2688.8,-0.29541014221856
2688.9,0.241699207270109
2689,-0.0756835901550133
2689.1,-0.393066387580136
2689.2,-1.00341792109
2689.3,-0.661621062324478
2689.4,-0.368652326239742
2689.5,0.0708007778873522
2689.6,-0.148925774176196
2689.7,-0.173339835516589
2689.8,-0.197753896856986
2689.9,-0.124511712835802
2690,-0.00244140613383053
2690.1,0.314941391291295
2690.2,-0.0268554674742248
2690.3,-0.148925774176196
2690.4,0.0219726552065623
2690.5,-0.148925774176196
2690.6,0.461425759333663
2690.7,0.510253882014449
2690.8,0.0219726552065623
2690.9,0.632324188716423
2691,0.583496066035629
2691.1,-0.0756835901550147
2691.2,0.534667943354843
2691.3,0.0219726552065666
2691.4,-0.661621062324473
2691.5,0.290527329950899
2691.6,0.485839820674055
2691.7,0.0219726552065652
2691.8,0.412597636652872
2691.9,0.0219726552065623
2692,-0.344238264899346
2692.1,-0.124511712835799
2692.2,-0.0756835901550147
2692.3,0.266113268610511
2692.4,1.12060541552431
2692.5,0.729980434077994
2692.6,0.388183575312475
2692.7,-0.124511712835798
2692.8,0.266113268610506
2692.9,0.852050740779966
2693,-0.00244140613383195
2693.1,-0.710449185005264
2693.2,-1.66259757728064
2693.3,-0.588378878303293
2693.4,0.43701169799327
2693.5,-0.270996080878167
2693.6,-0.197753896856986
2693.7,-0.344238264899351
2693.8,-0.197753896856985
2693.9,0.217285145929715
2694,-0.0756835901550104
2694.1,-0.246582019537775
2694.2,-0.246582019537776
2694.3,-0.100097651495409
2694.4,-0.270996080878172
2694.5,0.0219726552065623
2694.6,0.2905273299509
2694.7,-0.344238264899351
2694.8,-0.344238264899353
2694.9,-0.0024414061338291
2695,-0.00244140613383195
2695.1,0.559082004695236
2695.2,0.46142575933366
2695.3,0.412597636652873
2695.4,0.241699207270111
2695.5,-0.44189451026093
2695.6,0.168457023248928
2695.7,0.607910127376024
2695.8,0.656738250056814
2695.9,0.363769513972083
2696,0.290527329950899
2696.1,-0.051269528814619
2696.2,0.0952148392277479
2696.3,-0.246582019537775
2696.4,-0.637207000984083
2696.5,0.119628900568139
2696.6,0.0463867165469608
2696.7,-0.319824203558957
2696.8,-0.612792939643688
2696.9,-0.124511712835803
2697,-0.612792939643688
2697.1,-1.07666010511117
2697.2,-0.539550755622503
2697.3,-0.368652326239744
2697.4,-0.246582019537769
2697.5,-0.319824203558959
2697.6,0.729980434077994
2697.7,0.510253882014449
2697.8,0.0952148392277465
2697.9,-0.0268554674742248
2698,0.119628900568145
2698.1,-0.954589798409206
2698.2,-1.10107416645157
2698.3,0.0219726552065652
2698.4,0.485839820674056
2698.5,-0.22216795819738
2698.6,0.266113268610508
2698.7,-0.148925774176196
2698.8,0.046386716546958
2698.9,0.290527329950899
2699,-0.197753896856982
2699.1,0.534667943354852
2699.2,0.803222618099187
2699.3,0.803222618099183
2699.4,0.0463867165469566
2699.5,-0.124511712835802
2699.6,0.363769513972083
2699.7,0.485839820674052
2699.8,0.58349606603563
2699.9,0.0952148392277465
2700,0.534667943354846
2700.1,-0.0512695288146205
2700.2,-0.22216795819738
2700.3,-0.0268554674742248
2700.4,0.119628900568141
2700.5,0.0952148392277465
2700.6,-0.393066387580137
2700.7,-0.710449185005264
2700.8,-0.0756835901550119
2700.9,0.55908200469524
2701,0.241699207270113
2701.1,0.33935545263169
2701.2,0.314941391291293
2701.3,0.0952148392277451
2701.4,0.46142575933366
2701.5,0.754394495418391
2701.6,0.0952148392277465
2701.7,-0.39306638758014
2701.8,-0.1245117128358
2701.9,0.241699207270112
2702,0.534667943354842
2702.1,0.729980434077999
2702.2,1.21826166088588
2702.3,0.559082004695236
2702.4,-0.173339835516592
2702.5,0.388183575312476
2702.6,-0.00244140613383195
2702.7,0.168457023248929
2702.8,0.827636679439573
2702.9,0.607910127376026
2703,0.241699207270112
2703.1,0.437011697993263
2703.2,0.241699207270111
2703.3,0.168457023248931
2703.4,0.144042961908535
2703.5,0.632324188716421
2703.6,0.217285145929718
2703.7,0.607910127376027
2703.8,0.852050740779971
2703.9,0.607910127376024
2704,0.632324188716423
2704.1,0.144042961908536
2704.2,0.2905273299509
2704.3,0.290527329950902
2704.4,0.388183575312479
2704.5,0.241699207270111
2704.6,0.461425759333659
2704.7,0.705566372737604
2704.8,0.68115231139721
2704.9,0.0463867165469566
2705,0.510253882014447
2705.1,0.388183575312478
2705.2,0.534667943354843
2705.3,0.217285145929716
2705.4,0.363769513972082
2705.5,0.925292924801154
2705.6,0.53466794335484
2705.7,-0.00244140613383195
2705.8,0.119628900568139
2705.9,0.510253882014449
2706,0.656738250056814
2706.1,0.510253882014449
2706.2,0.266113268610511
2706.3,0.192871084589324
2706.4,0.144042961908532
2706.5,0.0219726552065652
2706.6,0.51025388201445
2706.7,0.339355452631688
2706.8,0.729980434077996
2706.9,1.02294917016273
2707,0.290527329950902
2707.1,0.412597636652875
2707.2,0.0708007778873537
2707.3,0.363769513972082
2707.4,1.04736323150312
2707.5,1.19384759954549
2707.6,0.87646480212036
2707.7,0.437011697993265
2707.8,0.974121047481944
2707.9,0.90087886346076
2708,0.656738250056816
2708.1,0.437011697993268
2708.2,0.33935545263169
2708.3,0.41259763665287
2708.4,0.119628900568136
2708.5,-0.17333983551659
2708.6,0.827636679439578
2708.7,1.07177729284352
2708.8,0.656738250056814
2708.9,0.314941391291293
2709,0.0463867165469551
2709.1,0.607910127376026
2709.2,0.754394495418393
2709.3,0.559082004695237
2709.4,0.290527329950902
2709.5,0.534667943354843
2709.6,0.388183575312475
2709.7,0.92529292480115
2709.8,0.778808556758786
2709.9,0.363769513972083
2710,0.217285145929718
2710.1,0.754394495418393
2710.2,0.119628900568139
2710.3,0.217285145929718
2710.4,0.705566372737607
2710.5,0.0219726552065609
2710.6,-0.0268554674742234
2710.7,0.388183575312476
2710.8,0.778808556758787
2710.9,0.876464802120361
2711,0.363769513972083
2711.1,0.534667943354842
2711.2,0.656738250056814
2711.3,0.266113268610505
2711.4,0.144042961908535
2711.5,0.0219726552065652
2711.6,0.534667943354843
2711.7,0.534667943354843
2711.8,-0.148925774176196
2711.9,0.144042961908539
2712,-0.0512695288146134
2712.1,0.192871084589322
2712.2,0.363769513972086
2712.3,0.0463867165469566
2712.4,-0.0756835901550119
2712.5,0.583496066035632
2712.6,0.705566372737604
2712.7,0.339355452631688
2712.8,0.119628900568141
2712.9,0.168457023248929
2713,0.705566372737606
2713.1,0.583496066035639
2713.2,0.314941391291296
2713.3,0.119628900568142
2713.4,0.461425759333659
2713.5,0.0219726552065637
2713.6,0.290527329950902
2713.7,0.290527329950902
2713.8,0.803222618099183
2713.9,1.48681633563022
2714,0.87646480212036
2714.1,0.485839820674057
2714.2,0.241699207270112
2714.3,0.217285145929719
2714.4,0.656738250056813
2714.5,0.437011697993265
2714.6,0.2905273299509
2714.7,0.314941391291295
2714.8,0.925292924801151
2714.9,0.803222618099183
2715,0.876464802120365
2715.1,0.925292924801153
2715.2,0.607910127376026
2715.3,1.04736323150313
2715.4,1.48681633563022
2715.5,0.80322261809918
2715.6,0.192871084589324
2715.7,0.217285145929715
2715.8,0.046386716546958
2715.9,0.314941391291296
2716,0.656738250056814
2716.1,0.290527329950905
2716.2,0.192871084589325
2716.3,0.0952148392277465
2716.4,0.168457023248929
2716.5,0.0219726552065623
2716.6,-0.68603512366487
2716.7,-0.368652326239746
2716.8,0.144042961908538
2716.9,0.168457023248929
2717,-0.124511712835799
2717.1,-0.148925774176193
2717.2,0.0708007778873522
2717.3,0.363769513972083
2717.4,-0.0268554674742262
2717.5,-0.270996080878163
2717.6,-0.051269528814619
2717.7,-0.686035123664873
2717.8,-0.0512695288146176
2717.9,0.876464802120361
2718,0.974121047481941
2718.1,0.412597636652873
2718.2,0.559082004695236
2718.3,0.314941391291298
2718.4,-0.100097651495406
2718.5,-0.466308571601321
2718.6,-0.393066387580139
2718.7,0.485839820674055
2718.8,0.559082004695237
2718.9,-0.246582019537773
2719,-0.00244140613383053
2719.1,-0.00244140613383053
2719.2,-0.319824203558949
2719.3,-0.344238264899349
2719.4,0.339355452631693
2719.5,0.559082004695239
2719.6,0.290527329950902
2719.7,0.314941391291298
2719.8,0.58349606603563
2719.9,0.119628900568145
2720,-0.17333983551659
2720.1,-0.51513669428211
2720.2,-0.00244140613382626
2720.3,0.363769513972086
2720.4,0.437011697993268
2720.5,0.53466794335485
2720.6,0.534667943354843
2720.7,-0.270996080878166
2720.8,-0.100097651495406
2720.9,0.412597636652873
2721,-0.0268554674742262
2721.1,0.632324188716419
2721.2,0.437011697993268
2721.3,0.0463867165469594
2721.4,0.754394495418391
2721.5,0.681152311397207
2721.6,0.168457023248934
2721.7,0.314941391291295
2721.8,-0.0268554674742262
2721.9,0.046386716546958
2722,1.07177729284352
2722.1,0.97412104748194
2722.2,0.607910127376027
2722.3,0.0952148392277508
2722.4,0.437011697993266
2722.5,0.38818357531248
2722.6,0.0952148392277493
2722.7,0.51025388201445
2722.8,0.583496066035633
2722.9,1.09619135418391
2723,0.754394495418394
2723.1,0.119628900568141
2723.2,0.412597636652872
2723.3,0.168457023248932
2723.4,0.437011697993268
2723.5,-0.0512695288146148
2723.6,0.534667943354843
2723.7,1.04736323150312
2723.8,-0.00244140613383053
2723.9,0.778808556758784
2724,0.632324188716423
2724.1,0.0219726552065652
2724.2,-0.148925774176197
2724.3,0.192871084589324
2724.4,-0.00244140613383053
2724.5,0.0219726552065652
2724.6,0.266113268610506
2724.7,0.754394495418393
2724.8,0.583496066035632
2724.9,0.314941391291293
2725,0.0708007778873522
2725.1,0.217285145929718
2725.2,0.38818357531248
2725.3,0.363769513972086
2725.4,0.144042961908532
2725.5,0.290527329950899
2725.6,0.99853510882234
2725.7,0.900878863460756
2725.8,0.53466794335484
2725.9,0.559082004695239
2726,0.656738250056813
2726.1,0.876464802120363
2726.2,1.19384759954549
2726.3,0.656738250056816
2726.4,0.925292924801153
2726.5,0.900878863460757
2726.6,0.705566372737601
2726.7,0.75439449541839
2726.8,0.266113268610508
2726.9,-0.246582019537773
2727,0.192871084589326
2727.1,0.656738250056816
2727.2,0.485839820674053
2727.3,0.900878863460758
2727.4,1.04736323150312
2727.5,0.803222618099181
2727.6,0.778808556758787
2727.7,1.02294917016273
2727.8,0.974121047481943
2727.9,0.998535108822337
2728,0.656738250056816
2728.1,0.2905273299509
2728.2,0.778808556758786
2728.3,0.900878863460756
2728.4,0.656738250056813
2728.5,0.632324188716419
2728.6,1.04736323150312
2728.7,0.534667943354843
2728.8,0.0708007778873508
2728.9,0.852050740779971
2729,1.31591790624746
2729.1,1.09619135418391
2729.2,0.437011697993266
2729.3,0.0952148392277451
2729.4,0.461425759333659
2729.5,0.388183575312478
2729.6,0.510253882014449
2729.7,0.925292924801151
2729.8,0.827636679439576
2729.9,0.485839820674056
2730,0.168457023248931
2730.1,-0.148925774176195
2730.2,0.046386716546958
2730.3,0.437011697993268
2730.4,0.168457023248932
2730.5,0.0708007778873565
2730.6,0.0219726552065666
2730.7,0.119628900568139
2730.8,0.729980434077997
2730.9,0.485839820674056
2731,0.754394495418391
2731.1,0.705566372737609
2731.2,0.437011697993268
2731.3,0.363769513972083
2731.4,0.607910127376029
2731.5,0.412597636652875
2731.6,0.046386716546958
2731.7,0.168457023248934
2731.8,0.363769513972082
2731.9,0.485839820674053
2732,0.43701169799327
2732.1,0.85205074077997
2732.2,0.827636679439574
2732.3,0.314941391291295
2732.4,0.0708007778873522
2732.5,0.632324188716423
2732.6,0.559082004695237
2732.7,-0.148925774176195
2732.8,-0.051269528814619
2732.9,0.778808556758784
2733,0.559082004695237
2733.1,0.632324188716421
2733.2,0.852050740779973
2733.3,0.266113268610506
2733.4,0.168457023248931
2733.5,0.0708007778873522
2733.6,0.510253882014449
2733.7,0.41259763665287
2733.8,0.314941391291293
2733.9,0.217285145929719
2734,0.485839820674056
2734.1,0.119628900568141
2734.2,0.119628900568144
2734.3,0.900878863460757
2734.4,0.534667943354846
2734.5,0.412597636652872
2734.6,1.12060541552431
2734.7,0.63232418871642
2734.8,-0.100097651495409
2734.9,0.144042961908536
2735,0.168457023248929
2735.1,-0.246582019537773
2735.2,0.266113268610505
2735.3,0.729980434077999
2735.4,-0.124511712835802
2735.5,0.241699207270115
2735.6,0.266113268610506
2735.7,0.119628900568141
2735.8,0.217285145929718
2735.9,0.485839820674056
2736,0.949706986141547
2736.1,0.900878863460757
2736.2,0.314941391291296
2736.3,-0.148925774176195
2736.4,0.705566372737601
2736.5,0.607910127376026
2736.6,0.168457023248929
2736.7,0.266113268610506
2736.8,-0.00244140613383053
2736.9,-0.0756835901550119
2737,0.168457023248929
2737.1,0.339355452631689
2737.2,0.607910127376029
2737.3,0.266113268610509
2737.4,0.192871084589324
2737.5,0.0219726552065637
2737.6,0.583496066035632
2737.7,0.656738250056816
2737.8,0.437011697993266
2737.9,0.583496066035634
2738,0.0952148392277479
2738.1,0.705566372737604
2738.2,1.1450194768647
2738.3,0.998535108822335
2738.4,0.0708007778873522
2738.5,0.217285145929718
2738.6,0.314941391291296
2738.7,0.363769513972085
2738.8,0.38818357531248
2738.9,0.68115231139721
2739,0.363769513972085
2739.1,0.168457023248931
2739.2,0.217285145929725
2739.3,0.607910127376026
2739.4,0.803222618099178
2739.5,0.85205074077997
2739.6,0.974121047481941
2739.7,0.632324188716426
2739.8,-0.051269528814619
2739.9,0.363769513972088
2740,0.241699207270111
2740.1,0.144042961908535
2740.2,0.656738250056814
2740.3,0.876464802120363
2740.4,0.437011697993268
2740.5,0.900878863460756
2740.6,0.97412104748194
2740.7,0.290527329950903
2740.8,0.729980434077996
2740.9,0.705566372737601
2741,0.192871084589326
2741.1,0.290527329950903
2741.2,0.778808556758787
2741.3,0.339355452631689
2741.4,0.0952148392277493
2741.5,0.168457023248934
2741.6,0.2905273299509
2741.7,0.705566372737603
2741.8,0.705566372737601
2741.9,0.0952148392277465
2742,0.461425759333663
2742.1,0.241699207270116
2742.2,0.0952148392277451
2742.3,0.705566372737606
2742.4,0.559082004695239
2742.5,1.34033196758785
2742.6,0.461425759333662
2742.7,-0.0756835901550133
2742.8,0.192871084589324
2742.9,0.754394495418391
2743,0.314941391291295
2743.1,0.48583982067406
2743.2,0.241699207270112
2743.3,-0.368652326239744
2743.4,-0.124511712835799
2743.5,0.437011697993268
2743.6,0.632324188716419
2743.7,0.534667943354847
2743.8,0.583496066035633
2743.9,0.754394495418391
2744,0.925292924801154
2744.1,-0.100097651495406
2744.2,0.192871084589322
2744.3,0.266113268610506
2744.4,1.04736323150312
2744.5,0.85205074077997
2744.6,0.314941391291295
2744.7,0.852050740779968
2744.8,1.73095694903416
2744.9,1.1450194768647
2745,0.82763667943958
2745.1,0.363769513972086
2745.2,0.290527329950905
2745.3,1.34033196758785
2745.4,1.07177729284352
2745.5,0.583496066035632
2745.6,0.412597636652872
2745.7,0.339355452631692
2745.8,0.266113268610509
2745.9,0.0952148392277465
2746,0.314941391291296
2746.1,0.363769513972083
2746.2,0.485839820674059
2746.3,0.314941391291293
2746.4,-0.00244140613382626
2746.5,0.363769513972083
2746.6,0.41259763665288
2746.7,0.729980434078
2746.8,0.510253882014452
2746.9,0.900878863460757
2747,1.29150384490706
2747.1,1.82861319439574
2747.2,0.68115231139721
2747.3,-0.0268554674742248
2747.4,0.51025388201445
2747.5,0.852050740779974
2747.6,0.827636679439577
2747.7,0.998535108822333
2747.8,1.04736323150313
2747.9,0.754394495418394
2748,0.46142575933366
2748.1,0.729980434077997
2748.2,0.90087886346076
2748.3,0.705566372737603
2748.4,1.1206054155243
2748.5,0.803222618099181
2748.6,0.974121047481943
2748.7,1.04736323150312
2748.8,0.192871084589325
2748.9,0.119628900568142
2749,0.876464802120367
2749.1,0.51025388201445
2749.2,0.656738250056814
2749.3,0.681152311397213
2749.4,1.04736323150312
2749.5,1.12060541552431
2749.6,0.63232418871642
2749.7,0.388183575312479
2749.8,0.876464802120363
2749.9,0.754394495418391
2750,0.168457023248929
2750.1,0.632324188716423
2750.2,1.1450194768647
2750.3,1.07177729284352
2750.4,0.632324188716419
2750.5,0.0219726552065637
2750.6,1.07177729284352
2750.7,0.729980434077999
2750.8,0.583496066035632
2750.9,0.75439449541839
2751,0.437011697993266
2751.1,0.632324188716421
2751.2,1.02294917016273
2751.3,0.705566372737601
2751.4,0.559082004695237
2751.5,0.876464802120363
2751.6,0.534667943354843
2751.7,0.388183575312478
2751.8,-0.00244140613383053
2751.9,0.68115231139721
2752,0.900878863460758
2752.1,0.949706986141544
2752.2,0.607910127376026
2752.3,0.949706986141545
2752.4,0.314941391291298
2752.5,0.0463867165469608
2752.6,0.900878863460761
2752.7,0.77880855675879
2752.8,-0.417480448920533
2752.9,-0.515136694282111
2753,0.656738250056814
2753.1,0.803222618099186
