"time","24d12013"
0,0.682543912893533
0.1,-0.53815915412618
0.2,-0.269604479381843
0.3,-0.831127890210905
0.4,0.121020502064471
0.5,-0.391674786083814
0.6,-0.220776356701054
0.7,0.194262686085654
0.8,-0.538159154126168
0.9,-1.12409662629564
1,0.63371579021275
1.1,0.340747054128013
1.2,0.731372035574333
1.3,1.17082513970142
1.4,1.78117667321128
1.5,1.31730950774378
1.6,-0.440502908764597
1.7,-0.416088847424203
1.8,-0.00104980463750621
1.9,0.267504870106836
2,-0.416088847424209
2.1,-0.36726072474342
2.2,-0.953198196912876
2.3,-0.953198196912882
2.4,-1.02644038093406
2.5,-1.14851068763602
2.6,-0.806713828870517
2.7,-0.36726072474342
2.8,0.560473606191562
2.9,-0.294018540722232
3,0.316332992787625
3.1,1.34172356908419
3.2,0.755786096914727
3.3,0.0721923793836765
3.4,-0.342846663403026
3.5,-0.733471644849328
3.6,-0.318432602062626
3.7,-0.757885706189717
3.8,-0.831127890210905
3.9,-0.049877927318289
4,0.121020502064465
4.1,0.0966064407240708
4.2,0.780200158255116
4.3,0.145434563404859
4.4,0.462817360829985
4.5,1.07316889433985
4.6,0.218676747426053
4.7,0.218676747426048
4.8,0.487231422170379
4.9,0.65812985155315
5,1.21965326238222
5.1,0.511645483510773
5.2,0.0477783180432823
5.3,0.169848624745254
5.4,-0.318432602062632
5.5,-0.0254638659778777
5.6,-0.391674786083809
5.7,-0.0254638659778891
5.8,0.194262686085648
5.9,1.41496575310536
6,0.487231422170379
6.1,0.389575176808808
6.2,1.51262199846695
6.3,0.706957974233933
6.4,0.121020502064471
6.5,-0.562573215466568
6.6,-0.269604479381832
6.7,0.316332992787619
6.8,0.536059544851167
6.9,0.511645483510779
7,0.95109858763787
7.1,1.61027824382852
7.2,0.97551264897827
7.3,-0.171948234020266
7.4,0.169848624745259
7.5,0.926684526297475
7.6,0.829028280935904
7.7,-0.0987060499990775
7.8,-0.562573215466574
7.9,0.536059544851173
8,1.09758295568024
8.1,-0.562573215466568
8.2,-0.294018540722237
8.3,-0.831127890210905
8.4,-1.05085444227446
8.5,-0.049877927318289
8.6,0.365161115468413
8.7,0.413989238149196
8.8,0.0721923793836765
8.9,0.926684526297481
9,0.169848624745259
9.1,-0.17194823402026
9.2,0.853442342276293
9.3,-0.00104980463750621
9.4,0.267504870106831
9.5,1.17082513970142
9.6,0.731372035574338
9.7,0.462817360829985
9.8,-1.27058099433801
9.9,-1.270580994338
10,-1.61237785310353
10.1,-0.0987060499990832
10.2,0.584887667531956
10.3,-0.147534172679872
10.4,0.731372035574321
10.5,1.04875483299946
10.6,0.584887667531962
10.7,0.633715790212744
10.8,0.487231422170379
10.9,-0.806713828870517
11,-0.953198196912876
11.1,0.218676747426048
11.2,1.14641107836102
11.3,-0.31843260206262
11.4,-0.53815915412618
11.5,0.218676747426048
11.6,-0.464916970104991
11.7,-0.0987060499990775
11.8,-0.953198196912882
11.9,-0.17194823402026
12,0.0233642567028937
12.1,-0.342846663403026
12.2,-0.0987060499990832
12.3,-0.660229460828145
12.4,-0.953198196912882
12.5,0.267504870106836
12.6,-0.416088847424203
12.7,-1.78327628248628
12.8,-0.855541951551299
12.9,-0.0498779273182947
13,-0.0254638659778948
13.1,-1.17292474897641
13.2,-0.318432602062632
13.3,-0.196362295360655
13.4,0.46281736082999
13.5,0.194262686085648
13.6,-0.660229460828151
13.7,-1.09968256495525
13.8,0.46281736082999
13.9,1.04875483299945
14,0.267504870106831
14.1,1.09758295568024
14.2,-0.342846663403026
14.3,-1.68562003712471
14.4,-1.270580994338
14.5,-1.19733881031682
14.6,-1.07526850361485
14.7,-0.68464352216854
14.8,-0.0742919886586833
14.9,0.46281736082999
15,-1.2949950556784
15.1,-1.14851068763604
15.2,-0.904370074232088
15.3,-2.41804187733654
15.4,-1.78327628248629
15.5,-0.513745092785786
15.6,0.0721923793836765
15.7,-0.611401338147363
15.8,-0.660229460828151
15.9,-0.36726072474342
16,-0.611401338147351
16.1,-0.318432602062632
16.2,-0.220776356701054
16.3,-1.41706536238037
16.4,-1.17292474897642
16.5,0.145434563404859
16.6,-0.294018540722232
16.7,-0.855541951551305
16.8,-0.269604479381843
16.9,-1.27058099433801
17,-2.19831532527299
17.1,-1.39265130103998
17.2,-2.12507314125181
17.3,-1.51472160774195
17.4,-0.53815915412618
17.5,-0.14753417267986
17.6,-1.36823723969958
17.7,-2.32038563197496
17.8,-2.54011218403851
17.9,-1.56354973042274
18,-1.14851068763604
18.1,-1.3194091170188
18.2,-1.63679191444392
18.3,-0.196362295360655
18.4,-0.733471644849334
18.5,-0.953198196912882
18.6,-0.147534172679866
18.7,-1.36823723969958
18.8,-0.318432602062626
18.9,-0.782299767530117
19,0.194262686085648
19.1,-0.123120111339477
19.2,-0.294018540722237
19.3,-0.123120111339477
19.4,-0.782299767530117
19.5,-1.00202631959367
19.6,-0.269604479381843
19.7,0.145434563404865
19.8,-1.83210440516707
19.9,-1.07526850361485
20,-0.928784135572482
20.1,-0.635815399487751
20.2,-0.416088847424209
20.3,-0.171948234020255
20.4,-0.00104980463750621
20.5,0.194262686085648
20.6,-0.855541951551299
20.7,-0.342846663403026
20.8,0.218676747426042
20.9,-1.44147942372076
21,-0.953198196912876
21.1,-0.318432602062632
21.2,-0.36726072474342
21.3,-0.220776356701054
21.4,0.340747054128013
21.5,-0.440502908764603
21.6,-0.879956012891688
21.7,0.145434563404859
21.8,-1.2949950556784
21.9,-1.36823723969958
22,0.60930172887235
22.1,-0.0987060499990832
22.2,-0.733471644849334
22.3,-0.53815915412618
22.4,-0.611401338147351
22.5,-0.00104980463749484
22.6,-0.342846663403009
22.7,-0.17194823402026
22.8,-1.39265130103998
22.9,-0.757885706189728
23,-0.70905758350894
23.1,-2.10065907991141
23.2,-1.07526850361485
23.3,-0.904370074232088
23.4,-1.22175287165722
23.5,-0.977612258253276
23.6,-0.416088847424203
23.7,0.243090808766448
23.8,-0.562573215466568
23.9,-0.660229460828145
24,-0.36726072474342
24.1,0.877856403616693
24.2,0.291918931447225
24.3,0.60930172887235
24.4,1.6591063665093
24.5,-0.8799560128917
24.6,-1.3194091170188
24.7,-1.44147942372076
24.8,-0.391674786083803
24.9,-0.147534172679866
25,0.658129851553144
25.1,0.218676747426042
25.2,0.804614219595504
25.3,-0.074291988658689
25.4,-0.953198196912876
25.5,0.145434563404865
25.6,0.218676747426042
25.7,0.43840329948959
25.8,0.243090808766436
25.9,-1.00202631959367
26,-0.00104980463750621
26.1,-0.928784135572482
26.2,-0.318432602062632
26.3,-0.147534172679866
26.4,-0.269604479381837
26.5,0.43840329948959
26.6,-0.0498779273182947
26.7,0.340747054128019
26.8,-0.0498779273182947
26.9,-0.635815399487757
27,-1.14851068763603
27.1,-0.660229460828145
27.2,-1.29499505567839
27.3,-0.928784135572482
27.4,-0.342846663403014
27.5,0.413989238149196
27.6,-0.0742919886586833
27.7,-0.68464352216854
27.8,-0.782299767530122
27.9,-0.806713828870517
28,-2.22272938661338
28.1,-2.10065907991141
28.2,-1.88093252784786
28.3,-2.19831532527299
28.4,-1.2949950556784
28.5,-1.90534658918826
28.6,-1.12409662629564
28.7,-1.58796379176313
28.8,-1.90534658918826
28.9,-1.2949950556784
29,-1.19733881031681
29.1,-1.22175287165721
29.2,-1.22175287165721
29.3,0.29191893144723
29.4,-0.733471644849334
29.5,-0.0987060499990832
29.6,-0.147534172679872
29.7,-0.635815399487751
29.8,-0.171948234020266
29.9,0.340747054128013
30,0.169848624745254
30.1,-0.8799560128917
30.2,-1.22175287165721
30.3,-0.928784135572488
30.4,-1.7344481598055
30.5,-1.44147942372077
30.6,-0.19636229536066
30.7,0.536059544851167
30.8,0.536059544851167
30.9,-0.318432602062632
31,-0.17194823402026
31.1,-0.416088847424191
31.2,-0.709057583508934
31.3,-1.63679191444392
31.4,-0.0254638659779005
31.5,1.80559073455167
31.6,1.02434077165906
31.7,1.17082513970142
31.8,-0.342846663403026
31.9,-0.00104980463750621
32,0.706957974233933
32.1,-0.0498779273182947
32.2,0.145434563404859
32.3,0.389575176808802
32.4,0.511645483510779
32.5,-0.342846663403014
32.6,-0.0742919886586833
32.7,0.0966064407240765
32.8,-0.391674786083814
32.9,-0.391674786083814
33,0.389575176808808
33.1,0.584887667531956
33.2,-0.586987276806957
33.3,0.706957974233933
33.4,0.951098587637875
33.5,-0.049877927318289
33.6,-0.586987276806968
33.7,-1.85651846650747
33.8,-0.904370074232082
33.9,-0.318432602062632
34,-0.171948234020266
34.1,-0.562573215466563
34.2,-0.342846663403014
34.3,0.438403299489596
34.4,-0.562573215466563
34.5,-1.12409662629564
34.6,-0.904370074232088
34.7,-0.19636229536066
34.8,0.633715790212744
34.9,-0.34284666340302
35,-0.757885706189728
35.1,-0.074291988658689
35.2,0.462817360829985
35.3,0.951098587637875
35.4,0.43840329948959
35.5,0.316332992787625
35.6,-0.294018540722232
35.7,-0.660229460828151
35.8,0.413989238149196
35.9,1.14641107836102
36,-0.0254638659779005
36.1,-0.684643522168545
36.2,0.047778318043288
36.3,0.316332992787625
36.4,0.29191893144723
36.5,0.413989238149208
36.6,-0.123120111339477
36.7,0.902270464957081
36.8,0.682543912893539
36.9,-0.0987060499990775
37,-1.17292474897642
37.1,-0.123120111339477
37.2,0.267504870106848
37.3,0.023364256702888
37.4,-0.53815915412618
37.5,-0.855541951551305
37.6,-0.757885706189722
37.7,-0.635815399487757
37.8,-0.562573215466574
37.9,0.877856403616687
38,-0.879956012891694
38.1,-1.39265130103997
38.2,-2.12507314125181
38.3,-0.51374509278578
38.4,0.389575176808808
38.5,-0.367260724743403
38.6,-0.806713828870511
38.7,-0.14753417267986
38.8,-0.074291988658689
38.9,-0.171948234020266
39,-0.611401338147363
39.1,-0.0254638659778948
39.2,-0.831127890210911
39.3,-1.80769034382668
39.4,0.29191893144723
39.5,-0.440502908764603
39.6,-1.07526850361485
39.7,0.218676747426042
39.8,0.511645483510785
39.9,-0.36726072474342
40,-0.8799560128917
40.1,0.731372035574333
40.2,0.413989238149196
40.3,-1.02644038093406
40.4,0.438403299489607
40.5,1.68352042784971
40.6,0.413989238149196
40.7,0.047778318043288
40.8,-0.196362295360655
40.9,-0.977612258253276
41,-0.855541951551305
41.1,-0.318432602062632
41.2,0.218676747426059
41.3,0.243090808766436
41.4,0.536059544851173
41.5,0.438403299489596
41.6,0.560473606191567
41.7,0.633715790212744
41.8,0.291918931447225
41.9,0.218676747426048
42,0.121020502064476
42.1,-1.22175287165722
42.2,-0.757885706189728
42.3,0.706957974233944
42.4,-0.00104980463750621
42.5,-0.855541951551299
42.6,-0.709057583508928
42.7,-0.245190418041443
42.8,0.340747054128013
42.9,0.340747054128013
43,-0.391674786083809
43.1,-0.440502908764603
43.2,-0.757885706189728
43.3,0.462817360829996
43.4,0.487231422170385
43.5,-0.464916970104997
43.6,0.0721923793836765
43.7,0.218676747426048
43.8,-0.928784135572488
43.9,0.46281736082999
44,0.169848624745254
44.1,0.218676747426048
44.2,0.389575176808808
44.3,0.047778318043288
44.4,0.169848624745254
44.5,-0.00104980463750621
44.6,1.02434077165905
44.7,0.536059544851184
44.8,-0.70905758350894
44.9,-0.00104980463750621
45,0.169848624745259
45.1,0.0721923793836822
45.2,-1.05085444227446
45.3,-0.660229460828151
45.4,-0.489331031445391
45.5,0.0966064407240765
45.6,-0.123120111339466
45.7,-1.68562003712471
45.8,-0.562573215466574
45.9,-0.171948234020266
46,-0.0742919886586776
46.1,0.145434563404871
46.2,0.560473606191584
46.3,0.389575176808808
46.4,0.340747054128013
46.5,0.267504870106831
46.6,1.39055169176497
46.7,1.39055169176497
46.8,0.0477783180432937
46.9,-0.684643522168545
47,0.365161115468413
47.1,0.999926710318664
47.2,-0.70905758350894
47.3,-0.684643522168545
47.4,1.19523920104182
47.5,1.97648916393444
47.6,1.53703605980733
47.7,1.02434077165905
47.8,-0.00104980463750053
47.9,0.316332992787625
48,0.755786096914716
48.1,0.169848624745254
48.2,0.340747054128013
48.3,1.31730950774379
48.4,-0.00104980463750053
48.5,-1.22175287165722
48.6,-1.85651846650747
48.7,-1.6856200371247
48.8,-0.757885706189728
48.9,-1.09968256495524
49,-0.171948234020266
49.1,-0.684643522168545
49.2,-1.3194091170188
49.3,-0.733471644849328
49.4,-0.416088847424209
49.5,-1.07526850361485
49.6,-1.39265130103998
49.7,-1.09968256495525
49.8,-0.806713828870517
49.9,0.853442342276293
50,-0.586987276806968
50.1,0.145434563404859
50.2,-0.0742919886586833
50.3,-0.489331031445386
50.4,0.340747054128019
50.5,-0.464916970104997
50.6,-1.00202631959366
50.7,-0.586987276806951
50.8,-0.782299767530122
50.9,-1.44147942372077
51,-1.56354973042274
51.1,-1.14851068763604
51.2,-2.02741689589022
51.3,-0.464916970104991
51.4,-0.36726072474342
51.5,-0.855541951551305
51.6,-0.342846663403026
51.7,0.145434563404859
51.8,0.194262686085654
51.9,-0.196362295360655
52,-0.586987276806968
52.1,0.0966064407240765
52.2,-1.24616693299761
52.3,-1.34382317835919
52.4,-0.220776356701049
52.5,-0.977612258253276
52.6,-1.22175287165721
52.7,-1.07526850361485
52.8,0.29191893144723
52.9,0.560473606191567
53,0.584887667531962
53.1,0.633715790212744
53.2,-1.36823723969958
53.3,-1.46589348506116
53.4,-1.51472160774194
53.5,-0.464916970104991
53.6,-0.440502908764603
53.7,-1.46589348506116
53.8,-1.00202631959367
53.9,-0.782299767530122
54,-0.123120111339477
54.1,-0.0742919886586833
54.2,-0.245190418041449
54.3,-1.00202631959366
54.4,-0.684643522168545
54.5,-0.953198196912882
54.6,-0.440502908764597
54.7,-0.562573215466574
54.8,-0.733471644849334
54.9,-0.977612258253271
55,-0.318432602062632
55.1,-0.391674786083809
55.2,0.413989238149196
55.3,0.584887667531962
55.4,0.0233642567028937
55.5,0.413989238149202
55.6,0.43840329948959
55.7,0.0966064407240765
55.8,0.487231422170379
55.9,-0.147534172679866
56,-0.977612258253276
56.1,-0.709057583508934
56.2,0.291918931447225
56.3,1.83000479589207
56.4,0.29191893144723
56.5,0.560473606191562
56.6,0.121020502064465
56.7,0.0721923793836765
56.8,2.22062977733839
56.9,1.58586418248812
57,1.21965326238222
57.1,0.877856403616693
57.2,1.61027824382853
57.3,1.43937981444575
57.4,0.169848624745271
57.5,1.14641107836103
57.6,0.706957974233927
57.7,-0.416088847424203
57.8,0.658129851553139
57.9,1.51262199846694
58,0.511645483510785
58.1,0.755786096914716
58.2,1.04875483299945
58.3,0.121020502064471
58.4,0.829028280935904
58.5,0.0966064407240708
58.6,-0.0254638659778948
58.7,-0.611401338147363
58.8,0.804614219595504
58.9,1.65910636650931
59,0.560473606191567
59.1,0.902270464957081
59.2,1.90324697991325
59.3,0.731372035574327
59.4,0.829028280935898
59.5,1.07316889433985
59.6,1.43937981444576
59.7,0.633715790212744
59.8,1.24406732372261
59.9,1.07316889433985
60,1.46379387578616
60.1,1.92766104125365
60.2,1.41496575310536
60.3,0.560473606191562
60.4,-0.806713828870511
60.5,-1.41706536238037
60.6,-1.24616693299761
60.7,1.34172356908418
60.8,1.41496575310537
60.9,0.413989238149202
61,-0.660229460828145
61.1,-0.53815915412618
61.2,-0.34284666340302
61.3,1.21965326238221
61.4,0.80461421959551
61.5,0.658129851553144
61.6,0.243090808766436
61.7,-0.855541951551305
61.8,-0.782299767530111
61.9,-0.294018540722232
62,0.291918931447225
62.1,-0.391674786083814
62.2,-0.123120111339477
62.3,0.682543912893533
62.4,0.829028280935898
62.5,0.731372035574321
62.6,0.169848624745259
62.7,0.46281736082999
62.8,0.121020502064465
62.9,1.02434077165905
63,0.78020015825511
63.1,0.291918931447225
63.2,0.804614219595504
63.3,1.2928954464034
63.4,1.39055169176497
63.5,0.755786096914716
63.6,0.267504870106831
63.7,0.97551264897827
63.8,0.365161115468408
63.9,-0.391674786083809
64,0.145434563404859
64.1,0.48723142217039
64.2,0.902270464957081
64.3,0.536059544851167
64.4,0.316332992787619
64.5,0.389575176808802
64.6,0.706957974233939
64.7,1.07316889433985
64.8,0.511645483510773
64.9,0.80461421959551
65,1.7079344891901
65.1,1.7079344891901
65.2,0.902270464957081
65.3,0.413989238149202
65.4,2.26945790001917
65.5,2.46477039074232
65.6,1.63469230516892
65.7,0.584887667531959
65.8,0.243090808766436
65.9,0.926684526297475
66,1.61027824382852
66.1,-0.074291988658689
66.2,-0.00104980463749484
66.3,1.07316889433985
66.4,0.755786096914721
66.5,0.658129851553139
66.6,0.0966064407240765
66.7,0.145434563404859
66.8,0.218676747426053
66.9,0.0966064407240708
67,1.34172356908419
67.1,1.21965326238222
67.2,0.536059544851167
67.3,-0.562573215466574
67.4,1.19523920104182
67.5,0.560473606191573
67.6,0.511645483510779
67.7,1.17082513970142
67.8,-0.074291988658689
67.9,0.389575176808808
68,0.633715790212761
68.1,1.02434077165906
68.2,1.07316889433985
68.3,1.87883291857286
68.4,1.19523920104182
68.5,0.853442342276293
68.6,0.658129851553139
68.7,-0.0498779273182947
68.8,-0.0498779273182947
68.9,1.2928954464034
69,0.902270464957087
69.1,0.194262686085654
69.2,-0.0254638659778948
69.3,-0.635815399487757
69.4,-1.24616693299761
69.5,-0.0987060499990832
69.6,0.951098587637875
69.7,0.536059544851176
69.8,-0.611401338147357
69.9,0.194262686085654
70,0.291918931447225
70.1,-0.831127890210911
70.2,-1.19733881031682
70.3,-1.41706536238037
70.4,-0.635815399487757
70.5,-0.440502908764603
70.6,-0.513745092785774
70.7,0.145434563404865
70.8,0.755786096914733
70.9,0.43840329948959
71,0.29191893144723
71.1,0.877856403616704
71.2,0.365161115468419
71.3,-0.538159154126174
71.4,-0.831127890210905
71.5,-0.757885706189722
71.6,-0.342846663403014
71.7,-0.245190418041449
71.8,0.267504870106842
71.9,0.023364256702888
72,-0.611401338147363
72.1,0.511645483510785
72.2,0.926684526297481
72.3,0.267504870106842
72.4,0.023364256702888
72.5,-0.074291988658689
72.6,-0.36726072474342
72.7,0.169848624745271
72.8,-0.733471644849328
72.9,-0.245190418041449
73,0.365161115468408
73.1,0.536059544851173
73.2,0.194262686085654
73.3,-0.489331031445386
73.4,0.706957974233927
73.5,1.34172356908419
73.6,0.218676747426059
73.7,1.24406732372261
73.8,-0.416088847424209
73.9,1.21965326238221
74,-0.0254638659778948
74.1,-0.0254638659779005
74.2,0.121020502064465
74.3,-0.123120111339477
74.4,-0.977612258253271
74.5,-0.074291988658689
74.6,0.218676747426048
74.7,0.243090808766442
74.8,0.047778318043288
74.9,0.951098587637875
75,1.36613763042458
75.1,1.17082513970142
75.2,1.07316889433984
75.3,0.706957974233936
75.4,-0.66022946082814
75.5,-1.12409662629564
75.6,-0.660229460828145
75.7,-0.611401338147363
75.8,-0.367260724743414
75.9,0.169848624745259
76,0.340747054128022
76.1,0.413989238149205
76.2,0.413989238149202
76.3,0.316332992787625
76.4,0.340747054128025
76.5,0.829028280935898
76.6,0.755786096914716
76.7,0.389575176808813
76.8,1.2928954464034
76.9,0.975512648978275
77,1.73234855053049
77.1,0.633715790212747
77.2,0.047778318043288
77.3,-0.171948234020255
77.4,0.194262686085654
77.5,-0.171948234020266
77.6,-0.489331031445391
77.7,-0.611401338147363
77.8,0.755786096914721
77.9,0.853442342276293
78,0.511645483510779
78.1,-0.0987060499990832
78.2,0.0233642567028937
78.3,0.633715790212744
78.4,0.0721923793836879
78.5,-0.586987276806968
78.6,0.267504870106836
78.7,0.877856403616693
78.8,1.26848138506301
78.9,0.731372035574327
79,0.926684526297475
79.1,0.877856403616687
79.2,0.536059544851173
79.3,1.19523920104182
79.4,1.21965326238221
79.5,0.145434563404865
79.6,-0.196362295360655
79.7,0.169848624745265
79.8,1.21965326238222
79.9,-0.220776356701054
80,0.316332992787625
80.1,0.413989238149196
80.2,-0.00104980463750621
80.3,0.633715790212744
80.4,-0.294018540722237
80.5,-0.586987276806968
80.6,1.75676261187088
80.7,1.63469230516892
80.8,0.365161115468419
80.9,0.340747054128025
81,-1.00202631959367
81.1,-0.757885706189717
81.2,-0.0987060499990832
81.3,0.29191893144723
81.4,0.999926710318664
81.5,1.41496575310537
81.6,-0.220776356701054
81.7,-0.440502908764603
81.8,0.121020502064471
81.9,0.340747054128013
82,0.121020502064465
82.1,0.145434563404859
82.2,1.02434077165905
82.3,0.804614219595504
82.4,0.511645483510779
82.5,-0.17194823402026
82.6,0.365161115468413
82.7,1.02434077165906
82.8,-0.489331031445391
82.9,-0.074291988658689
83,0.365161115468408
83.1,0.536059544851167
83.2,0.829028280935898
83.3,1.6835204278497
83.4,0.560473606191562
83.5,-0.709057583508934
83.6,-0.294018540722232
83.7,1.21965326238221
83.8,0.536059544851167
83.9,0.536059544851167
84,1.36613763042457
84.1,-0.51374509278578
84.2,0.145434563404859
84.3,-0.049877927318289
84.4,1.02434077165905
84.5,1.65910636650931
84.6,-0.19636229536066
84.7,-0.489331031445391
84.8,0.365161115468413
84.9,-0.416088847424209
85,0.853442342276304
85.1,1.3173095077438
85.2,1.19523920104182
85.3,0.536059544851167
85.4,0.46281736082999
85.5,0.78020015825511
85.6,0.365161115468413
85.7,1.04875483299945
85.8,0.804614219595504
85.9,0.829028280935898
86,1.43937981444577
86.1,0.194262686085648
86.2,0.658129851553139
86.3,0.902270464957093
86.4,0.46281736082999
86.5,1.19523920104181
86.6,0.658129851553139
86.7,0.536059544851173
86.8,1.19523920104181
86.9,1.58586418248813
87,1.41496575310537
87.1,0.829028280935904
87.2,0.999926710318658
87.3,0.0966064407240765
87.4,0.0477783180432823
87.5,1.07316889433984
87.6,1.75676261187089
87.7,0.877856403616698
87.8,0.902270464957087
87.9,0.99992671031867
88,1.14641107836103
88.1,1.7079344891901
88.2,0.0966064407240708
88.3,0.43840329948959
88.4,1.12199701702064
88.5,0.853442342276293
88.6,1.14641107836104
88.7,0.169848624745254
88.8,-0.635815399487757
88.9,0.0477783180432937
89,0.560473606191562
89.1,0.121020502064465
89.2,-0.416088847424203
89.3,0.0477783180432823
89.4,-0.416088847424203
89.5,0.584887667531962
89.6,0.829028280935904
89.7,0.340747054128019
89.8,1.12199701702063
89.9,0.365161115468419
90,0.0721923793836822
90.1,-0.00104980463750621
90.2,-0.733471644849334
90.3,-0.586987276806968
90.4,-2.39362781599614
90.5,-1.22175287165722
90.6,-1.56354973042274
90.7,0.536059544851173
90.8,-0.171948234020266
90.9,0.413989238149202
91,-0.367260724743414
91.1,-0.416088847424203
91.2,-0.00104980463750053
91.3,0.316332992787619
91.4,-0.586987276806968
91.5,-0.684643522168534
91.6,0.97551264897827
91.7,0.584887667531962
91.8,-0.416088847424209
91.9,0.169848624745259
92,0.365161115468427
92.1,1.07316889433985
92.2,1.09758295568024
92.3,0.536059544851167
92.4,-0.879956012891694
92.5,-0.245190418041443
92.6,-0.586987276806963
92.7,-0.19636229536066
92.8,0.145434563404865
92.9,0.853442342276304
93,1.12199701702063
93.1,-0.489331031445391
93.2,-0.391674786083814
93.3,-0.171948234020266
93.4,-0.19636229536066
93.5,0.023364256702888
93.6,-0.831127890210905
93.7,0.340747054128013
93.8,0.31633299278763
93.9,-0.220776356701054
94,-0.0742919886586833
94.1,-0.464916970104997
94.2,-0.562573215466574
94.3,-0.34284666340302
94.4,0.560473606191567
94.5,1.24406732372261
94.6,0.731372035574327
94.7,-0.855541951551299
94.8,0.560473606191567
94.9,1.36613763042458
95,1.04875483299945
95.1,-0.562573215466574
95.2,-0.831127890210905
95.3,0.389575176808808
95.4,0.63371579021275
95.5,-0.294018540722237
95.6,-0.416088847424203
95.7,0.218676747426042
95.8,-0.440502908764597
95.9,-0.0254638659778948
96,-0.0254638659779005
96.1,-1.00202631959366
96.2,-0.0498779273182947
96.3,0.0477783180432823
96.4,0.46281736082999
96.5,0.340747054128013
96.6,-1.00202631959367
96.7,-0.538159154126174
96.8,0.121020502064471
96.9,0.80461421959551
97,0.0966064407240708
97.1,0.194262686085648
97.2,-0.440502908764603
97.3,-1.00202631959367
97.4,-1.46589348506116
97.5,-0.611401338147363
97.6,-0.269604479381837
97.7,0.755786096914721
97.8,0.243090808766436
97.9,-0.245190418041443
98,-0.074291988658689
98.1,-0.953198196912882
98.2,-0.586987276806968
98.3,-0.391674786083814
98.4,0.145434563404859
98.5,-1.05085444227446
98.6,-0.318432602062626
98.7,-0.17194823402026
98.8,0.43840329948959
98.9,0.877856403616687
99,1.36613763042458
99.1,0.0721923793836765
99.2,0.682543912893533
99.3,-0.0498779273182947
99.4,-1.09968256495525
99.5,0.29191893144723
99.6,1.12199701702063
99.7,-0.147534172679866
99.8,-0.635815399487751
99.9,0.0966064407240765
100,0.682543912893533
100.1,0.975512648978264
100.2,-0.391674786083809
100.3,1.68352042784971
100.4,0.682543912893533
100.5,-0.269604479381843
100.6,-0.562573215466574
100.7,-0.489331031445386
100.8,-0.831127890210911
100.9,0.633715790212744
101,0.462817360829985
101.1,-0.269604479381837
101.2,0.340747054128013
101.3,-0.00104980463750621
101.4,0.731372035574321
101.5,0.902270464957087
101.6,-1.2949950556784
101.7,-1.14851068763604
101.8,-1.05085444227446
101.9,0.462817360829996
102,-0.928784135572488
102.1,0.291918931447225
102.2,-1.12409662629564
102.3,0.389575176808802
102.4,0.853442342276293
102.5,-0.318432602062626
102.6,0.462817360829985
102.7,-0.342846663403009
102.8,-0.0254638659779005
102.9,-0.147534172679872
103,0.46281736082999
103.1,1.48820793712655
103.2,0.365161115468408
103.3,-0.953198196912876
103.4,-1.17292474897643
103.5,-2.02741689589023
103.6,-3.93171368044098
103.7,-4.83503395003556
103.8,-4.59089333663163
103.9,-5.34772923818385
104,-7.05671353201145
104.1,-9.37604935934891
104.2,-10.6699946103898
104.3,-11.1338617758573
104.4,-15.1621818970224
104.5,-19.2637442022086
104.6,-22.0469471950136
104.7,-25.0742908012225
104.8,-29.5420640265146
104.9,-34.4737044172742
105,-42.2617899848601
105.1,-49.5860083869783
105.2,-53.467844140101
105.3,-55.3477268633114
105.4,-58.668039205605
105.5,-63.3799530443011
105.6,-70.7774136304406
105.7,-77.6377648670914
105.8,-82.5449911965107
105.9,-84.8399129625077
106,-88.5996784089285
106.1,-92.042061057924
106.2,-94.9229202960906
106.3,-98.2188185770438
106.4,-100.416084097679
106.5,-102.222724636868
106.6,-103.663154255952
106.7,-105.591865101843
106.8,-106.080146328651
106.9,-104.542060464206
107,-105.372138549779
107.1,-105.274482304418
107.2,-104.395576096164
107.3,-105.054755752354
107.4,-105.42096667246
107.5,-106.739325984841
107.6,-109.15631805754
107.7,-110.499091431262
107.8,-110.889716412708
107.9,-110.010810204454
108,-111.353583578176
108.1,-112.403388215813
108.2,-112.012763234367
108.3,-111.573310130239
108.4,-111.255927332814
108.5,-109.473700854966
108.6,-108.326239971967
108.7,-108.375068094648
108.8,-106.836982230203
108.9,-105.543036979162
109,-105.933661960608
109.1,-105.640693224524
109.2,-106.959052536905
109.3,-107.691474377117
109.4,-109.400458670944
109.5,-109.815497713731
109.6,-109.815497713731
109.7,-110.743232044666
109.8,-111.304755455495
109.9,-113.013739749323
110,-112.8184272586
110.1,-112.964911626642
110.2,-113.599677221492
110.3,-114.185614693662
110.4,-112.354560093132
110.5,-112.037177295707
110.6,-111.182685148793
110.7,-109.498114916306
110.8,-109.424872732285
110.9,-109.693427407029
111,-108.912177444137
111.1,-108.033271235882
111.2,-108.472724340009
111.3,-108.52155246269
111.4,-107.935614990521
111.5,-107.447333763713
111.6,-107.935614990521
111.7,-107.374091579692
111.8,-106.836982230203
111.9,-107.618232193096
112,-108.082099358563
112.1,-107.984443113202
112.2,-106.348701003395
112.3,-105.982490083289
112.4,-105.201240120397
112.5,-105.347724488439
112.6,-105.469794795141
112.7,-104.444404218844
112.8,-104.859443261631
112.9,-105.591865101843
113,-104.493232341525
113.1,-103.882880808015
113.2,-104.468818280185
113.3,-102.93073241574
113.4,-102.149482452847
113.5,-102.662177740996
113.6,-101.905341839443
113.7,-101.417060612635
113.8,-101.441474673976
113.9,-102.076240268826
114,-100.635810649743
114.1,-100.635810649743
114.2,-101.148505937891
114.3,-101.856513716763
114.4,-100.538154404381
114.5,-100.806709079126
114.6,-103.028388661102
114.7,-102.881904293059
114.8,-103.516669887909
114.9,-102.833076170378
115,-103.492255826569
115.1,-104.1758495441
115.2,-103.809638623994
115.3,-103.467841765229
115.4,-103.321357397186
115.5,-102.588935556974
115.6,-101.68561528738
115.7,-101.002021569849
115.8,-101.172919999232
115.9,-101.319404367274
116,-101.002021569849
116.1,-101.514716857997
116.2,-101.124091876551
116.3,-99.8545606868502
116.4,-100.342841913658
116.5,-99.5615919507655
116.6,-98.9268263559152
116.7,-99.219795092
116.8,-98.8291701105537
116.9,-99.1953810306596
117,-99.7569044414887
117.1,-99.1709669693192
117.2,-99.097724785298
117.3,-98.2188185770438
117.4,-98.3164748224054
117.5,-98.8047560492133
117.6,-98.6826857425113
117.7,-99.0000685399364
117.8,-98.7803419878729
117.9,-98.5606154358094
118,-97.9502639022995
118.1,-97.242256123428
118.2,-97.7305373502359
118.3,-97.486396736832
118.4,-97.2666701847684
118.5,-96.4854202218758
118.6,-97.3887404914704
118.7,-97.1934280007472
118.8,-95.9238968110467
118.9,-95.9971389950679
119,-96.3633499151738
119.1,-95.5820999522812
119.2,-95.6797561976428
119.3,-95.3135452775369
119.4,-96.8272170806413
119.5,-95.7285843203236
119.6,-94.1904984558787
119.7,-93.9707719038152
119.8,-93.2627641249438
119.9,-93.5069047383477
120,-92.7988969594763
120.1,-93.0430375728802
120.2,-92.6035844687531
120.3,-94.581123437325
120.4,-94.6543656213462
120.5,-93.897529719794
120.6,-93.2871781862842
120.7,-91.7979204445201
120.8,-92.530342284732
120.9,-91.8711626285413
121,-93.4092484929861
121.1,-93.2627641249438
121.2,-92.8477250821571
121.3,-92.40827197803
121.4,-92.0664751192644
121.5,-91.7490923218393
121.6,-92.1153032419452
121.7,-92.286201671328
121.8,-90.2842486414156
121.9,-91.0410845429679
122,-92.4571001007108
122.1,-92.5303422847319
122.2,-92.3350297940088
122.3,-91.8467485672009
122.4,-92.1153032419452
122.5,-92.2373735486472
122.6,-90.1133502120329
122.7,-89.4541705558423
122.8,-88.941475267694
122.9,-88.135811243461
123,-89.1612018197575
123.1,-91.2119829723506
123.2,-89.9424517826502
123.3,-91.5781938924566
123.4,-92.3350297940088
123.5,-92.2617876099876
123.6,-92.4815141620512
123.7,-92.042061057924
123.8,-91.5049517084354
123.9,-90.5772173775004
124,-89.625068985225
124.1,-90.430733009458
124.2,-91.2852251563718
124.3,-88.6729205929496
124.4,-88.1846393661418
124.5,-88.819404960992
124.6,-88.8438190223324
124.7,-88.5264362249073
124.8,-88.7705768383112
124.9,-91.5049517084354
125,-90.308662702756
125.1,-89.5274127398634
125.2,-89.9668658439905
125.3,-89.063545574396
125.4,-88.3067096728437
125.5,-88.2090534274821
125.6,-88.1846393661418
125.7,-88.8926471450132
125.8,-88.1113971821206
125.9,-88.3799518568649
126,-89.1856158810979
126.1,-89.869209598629
126.2,-89.7959674146078
126.3,-89.4785846171826
126.4,-90.2110064573945
126.5,-92.3106157326684
126.6,-91.4317095244142
126.7,-90.5283892548196
126.8,-90.5039751934792
126.9,-92.2373735486472
127,-92.847725082157
127.1,-91.4072954630738
127.2,-90.7481158068831
127.3,-89.4541705558423
127.4,-89.869209598629
127.5,-89.6983111692462
127.6,-89.1612018197575
127.7,-89.1612018197575
127.8,-89.9912799053309
127.9,-89.2588580651191
128,-87.086006605824
128.1,-87.1104206671644
128.2,-89.0391315130556
128.3,-89.2100299424383
128.4,-88.1846393661418
128.5,-88.1113971821206
128.6,-87.4033894032491
128.7,-87.5498737712915
128.8,-88.3067096728437
128.9,-88.2822956115033
129,-88.3799518568649
129.1,-87.8672565687166
129.2,-86.6465535016969
129.3,-87.4766315872703
129.4,-87.3057331578875
129.5,-86.3535847656122
129.6,-86.158272274889
129.7,-88.6240924702689
129.8,-88.9658893290344
129.9,-90.1621783347137
130,-91.7979204445201
130.1,-91.236397033691
130.2,-91.2608110950314
130.3,-92.4815141620512
130.4,-91.7979204445201
130.5,-91.1387407883295
130.6,-91.2119829723506
130.7,-89.6494830465654
130.8,-88.7217487156304
130.9,-89.8936236599694
131,-89.7227252305866
131.1,-88.2578815501629
131.2,-88.4043659182053
131.3,-88.2090534274821
131.4,-87.8184284460358
131.5,-87.6719440779935
131.6,-87.3301472192279
131.7,-87.3789753419087
131.8,-87.2569050352068
131.9,-87.0615925444836
132,-84.7910848398269
132.1,-83.3018270980629
132.2,-83.6436239568284
132.3,-84.1074911222959
132.4,-83.5215536501264
132.5,-83.5947958341476
132.6,-84.546944226423
132.7,-84.546944226423
132.8,-86.2559285202506
132.9,-84.7666707784865
133,-83.6924520795092
133.1,-82.2031943377451
133.2,-82.8867880552762
133.3,-81.1289756387678
133.4,-80.2500694305136
133.5,-80.152413185152
133.6,-81.1533897001082
133.7,-82.4717490124895
133.8,-82.3985068284683
133.9,-82.4717490124895
134,-81.9834677856816
134.1,-81.2998740681506
134.2,-81.1778037614486
134.3,-80.958077209385
134.4,-81.763741233618
134.5,-82.5449911965107
134.6,-81.9102256016604
134.7,-82.6670615032126
134.8,-82.8867880552762
134.9,-81.6416709269161
135,-81.0557334547466
135.1,-81.9346396630008
135.2,-83.9121786315727
135.3,-82.8379599325954
135.4,-83.2529989753821
135.5,-81.0313193934062
135.6,-82.007881847022
135.7,-82.5694052578511
135.8,-81.1289756387678
135.9,-81.0557334547466
136,-81.324288129491
136.1,-80.7871787800023
136.2,-80.958077209385
136.3,-80.4697959825771
136.4,-79.3223350995786
136.5,-80.3233116145348
136.6,-81.202217822789
136.7,-80.4209678598964
136.8,-79.346749160919
136.9,-77.857491419155
137,-78.0772179712185
137.1,-77.613350805751
137.2,-77.3203820696663
137.3,-78.0283898485377
137.4,-79.4444054062806
137.5,-80.3721397372156
137.6,-80.0547569397904
137.7,-80.152413185152
137.8,-79.1026085475151
137.9,-78.6875695047284
138,-80.2500694305136
138.1,-81.5684287428949
138.2,-81.3975303135121
138.3,-82.1543662150643
138.4,-82.3496787057875
138.5,-81.7393271722777
138.6,-82.3496787057875
138.7,-82.3496787057875
138.8,-81.9346396630008
138.9,-80.2500694305136
139,-80.0547569397904
139.1,-79.2979210382382
139.2,-78.419014829984
139.3,-79.224678854217
139.4,-79.8838585104077
139.5,-80.2256553691732
139.6,-79.9815147557693
139.7,-80.03034287845
139.8,-80.5430381665983
139.9,-78.3457726459629
140,-78.2481164006013
140.1,-78.2969445232821
140.2,-77.4180383150279
140.3,-78.2969445232821
140.4,-78.1016320325589
140.5,-78.2237023392609
140.6,-78.6143273207072
140.7,-80.4453819212368
140.8,-79.4199913449402
140.9,-77.369210192347
141,-78.2969445232821
141.1,-77.9063195418358
141.2,-77.2227258243047
141.3,-77.8819054804954
141.4,-78.8828819954515
141.5,-78.296944523282
141.6,-78.541085136686
141.7,-78.6387413820476
141.8,-77.4424523763683
141.9,-78.2237023392609
142,-77.4180383150279
142.1,-77.3203820696663
142.2,-76.0508508799658
142.3,-75.8555383892426
142.4,-76.3438196160505
142.5,-75.8067102665618
142.6,-76.4658899227525
142.7,-75.6358118371791
142.8,-75.6602258985195
142.9,-74.1953822180958
143,-74.5127650155209
143.1,-75.6846399598599
143.2,-76.0264368186254
143.3,-78.1992882779205
143.4,-77.5156945603894
143.5,-76.5147180454333
143.6,-75.2696009170732
143.7,-76.002022757285
143.8,-77.6865929897722
143.9,-77.1738977016239
144,-76.92975708822
144.1,-75.7822962052214
144.2,-76.2217493093485
144.3,-77.0274133335815
144.4,-75.879952450583
144.5,-75.4160852851155
144.6,-75.1231165490308
144.7,-75.8067102665618
144.8,-76.8565149041988
144.9,-76.8321008428584
145,-77.2959680083259
145.1,-77.5645226830702
145.2,-76.1485071253274
145.3,-75.5625696531579
145.4,-75.0498743650096
145.5,-74.8789759356269
145.6,-75.2207727943924
145.7,-74.7569056289249
145.8,-75.3184290397539
145.9,-73.4141322552032
146,-73.6826869299475
146.1,-74.1709681567554
146.2,-73.7315150526283
146.3,-75.2696009170731
146.4,-76.1973352480081
146.5,-76.3194055547101
146.6,-75.7822962052214
146.7,-75.3916712237751
146.8,-78.1016320325589
146.9,-79.4932335289614
147,-78.3457726459628
147.1,-76.6612024134756
147.2,-78.2237023392609
147.3,-77.1983117629643
147.4,-76.0508508799657
147.5,-76.4414758614121
147.6,-75.8067102665618
147.7,-77.0274133335815
147.8,-78.0528039098781
147.9,-77.3203820696663
148,-77.4180383150279
148.1,-76.3926477387313
148.2,-76.5391321067737
148.3,-75.757882143881
148.4,-75.2696009170731
148.5,-76.1240930639869
148.6,-75.5625696531579
148.7,-76.9541711495604
148.8,-75.757882143881
148.9,-75.0498743650096
149,-76.4903039840928
149.1,-77.4668664377086
149.2,-77.6377648670914
149.3,-75.879952450583
149.4,-76.3194055547101
149.5,-75.7334680825406
149.6,-76.2949914933697
149.7,-76.5391321067736
149.8,-75.196358733052
149.9,-74.5371790768613
150,-74.6592493835633
150.1,-74.7569056289249
150.2,-73.9512416046918
150.3,-72.9014369670549
150.4,-72.7549525990125
150.5,-72.0469448201411
150.6,-72.1690151268431
150.7,-71.4610073479716
150.8,-71.6807339000352
150.9,-71.8760463907583
151,-71.5586635933332
151.1,-72.7305385376721
151.2,-71.5342495319928
151.3,-71.36335110261
151.4,-70.4600308330155
151.5,-69.7031949314632
151.6,-71.36335110261
151.7,-70.9971401825041
151.8,-70.4112027103347
151.9,-69.4834683793997
152,-70.1670620969307
152.1,-70.4600308330155
152.2,-71.5830776546736
152.3,-71.4610073479716
152.4,-70.6553433237386
152.5,-69.7764371154844
152.6,-69.3125699500169
152.7,-70.1182339742499
152.8,-70.8750698758022
152.9,-70.4112027103347
153,-68.2139371896992
153.1,-67.7744840855721
153.2,-68.018624698976
153.3,-68.1895231283588
153.4,-68.3360074964012
153.5,-69.4590543180593
153.6,-69.8008511768248
153.7,-70.7285855077598
153.8,-70.9483120598233
153.9,-69.4834683793997
154,-69.9473355448672
154.1,-70.3623745876539
154.2,-71.0459683051849
154.3,-71.9248745134391
154.4,-71.8760463907583
154.5,-72.4375698015874
154.6,-72.7549525990125
154.7,-72.3887416789066
154.8,-71.6319057773544
154.9,-71.6319057773544
155,-70.5821011397174
155.1,-70.1426480355903
155.2,-69.9229214835268
155.3,-71.4121792252908
155.4,-70.6309292623982
155.5,-69.5078824407401
155.6,-68.4824918644435
155.7,-68.0918668829972
155.8,-66.9932341226795
155.9,-67.6768278402105
156,-68.6778043551667
156.1,-69.7276089928036
156.2,-70.1182339742499
156.3,-70.8262417531214
156.4,-70.3623745876539
156.5,-68.7022184165071
156.6,-67.8721403309337
156.7,-68.9951871525918
156.8,-68.4824918644435
156.9,-67.4082731654662
157,-67.4815153494874
157.1,-67.2617887974238
157.2,-67.9942106376356
157.3,-65.9922576077233
157.4,-66.7002653865947
157.5,-67.212960674743
157.6,-66.8955778773179
157.7,-67.457101288147
157.8,-67.335030981445
157.9,-67.1885466134026
158,-67.2617887974238
158.1,-67.896554392274
158.2,-67.0176481840199
158.3,-66.1387419757657
158.4,-66.6758513252543
158.5,-67.4082731654662
158.6,-67.4082731654662
158.7,-67.6035856561893
158.8,-67.7988981469125
158.9,-67.8721403309337
159,-68.0918668829972
159.1,-66.5537810185524
159.2,-66.7490935092755
159.3,-66.9932341226795
159.4,-67.1641325520622
159.5,-67.6524137788701
159.6,-68.4336637417627
159.7,-67.9697965762952
159.8,-66.8467497546371
159.9,-66.5049528958716
160,-66.40729665051
160.1,-66.9444059999987
160.2,-65.8946013623617
160.3,-66.1143279144253
160.4,-66.651437263914
160.5,-66.7246794479351
160.6,-66.4805388345312
160.7,-66.8223356932967
160.8,-67.5303434721681
160.9,-67.8477262695933
161,-67.0176481840199
161.1,-66.1387419757657
161.2,-65.9922576077233
161.3,-65.5772185649366
161.4,-66.3584685278292
161.5,-64.6006561113208
161.6,-63.8926483324494
161.7,-64.4541717432785
161.8,-64.9912810927671
161.9,-65.3819060742134
162,-65.9434294850425
162.1,-66.5781950798928
162.2,-65.0645232767883
162.3,-66.0410857304041
162.4,-66.0166716690637
162.5,-65.6260466876174
162.6,-65.5283904422558
162.7,-64.8936248474056
162.8,-64.8936248474056
162.9,-65.9922576077233
163,-65.4063201355538
163.1,-65.479562319575
163.2,-66.2363982211272
163.3,-66.2119841597869
163.4,-65.723702932979
163.5,-65.8457732396809
163.6,-65.6992888716386
163.7,-65.1865935834903
163.8,-65.0889373381287
163.9,-63.6485077190455
164,-64.112374884513
164.1,-63.2822967989395
164.2,-61.5000703210908
164.3,-61.9883515478987
164.4,-62.940499940174
164.5,-63.0381561855356
164.6,-63.0869843082164
164.7,-63.9170623937898
164.8,-63.1602264922376
164.9,-62.940499940174
165,-61.8662812411967
165.1,-61.9883515478987
165.2,-62.4278046520257
165.3,-62.0615937319198
165.4,-62.8428436948125
165.5,-64.2588592525553
165.6,-64.3321014365765
165.7,-64.0879608231726
165.8,-62.7207733881105
165.9,-62.8916718174932
166,-62.1104218546006
166.1,-62.134835915941
166.2,-63.4776092896627
166.3,-64.2832733138957
166.4,-63.4043671056415
166.5,-61.7686249958351
166.6,-60.9629609716021
166.7,-62.3545624680046
166.8,-62.134835915941
166.9,-61.2559297076868
167,-60.2305391313903
167.1,-61.0362031556233
167.2,-62.134835915941
167.3,-61.9639374865582
167.4,-59.9375703953055
167.5,-60.4990938061346
167.6,-60.3526094380922
167.7,-60.523507867475
167.8,-60.0840547633479
167.9,-62.0371796705794
168,-62.3789765293449
168.1,-60.8897187875809
168.2,-59.9619844566459
168.3,-60.5723359901558
168.4,-59.6690157205612
168.5,-59.2295626164341
168.6,-60.0352266406671
168.7,-60.6944062968577
168.8,-60.279367254071
168.9,-59.8887422726247
169,-59.2539766777745
169.1,-59.1319063710725
169.2,-59.6446016592208
169.3,-59.0830782483917
169.4,-58.8877657576686
169.5,-58.8877657576686
169.6,-59.473703229838
169.7,-60.1572969473691
169.8,-59.7422579045824
169.9,-59.0586641870513
170,-58.4727267148819
170.1,-58.5947970215838
170.2,-58.9854220030301
170.3,-59.839914149944
170.4,-59.717843843242
170.5,-58.7412813896262
170.6,-58.790109512307
170.7,-57.8867892427124
170.8,-57.74030487467
170.9,-57.5694064452873
171,-57.1299533411602
171.1,-57.7891329973508
171.2,-58.1553439174567
171.3,-58.2774142241587
171.4,-57.2520236478622
171.5,-57.7647189360104
171.6,-57.6182345679681
171.7,-57.3496798932237
171.8,-58.0332736107548
171.9,-58.2774142241587
172,-57.2276095865218
172.1,-57.2764377092025
172.2,-56.6905002370331
172.3,-56.4463596236291
172.4,-57.4229220772449
172.5,-58.6924532669454
172.6,-58.5703829602434
172.7,-56.7637424210543
172.8,-56.8858127277562
172.9,-57.2520236478621
173,-56.2266330715656
173.1,-56.0313205808424
173.2,-55.9580783968213
173.3,-56.6905002370331
173.4,-56.6905002370331
173.5,-58.106515794776
173.6,-57.862375181372
173.7,-58.106515794776
173.8,-59.2539766777745
173.9,-59.2051485550937
174,-57.8867892427124
174.1,-57.9600314267336
174.2,-58.1797579787971
174.3,-59.5469454138592
174.4,-58.9365938803493
174.5,-57.9356173653932
174.6,-59.5225313525188
174.7,-58.8877657576686
174.8,-57.9112033040528
174.9,-56.7393283597139
175,-56.2754611942464
175.1,-57.4473361385853
175.2,-58.1309298561163
175.3,-57.74030487467
175.4,-58.0821017334356
175.5,-58.4483126535415
175.6,-58.2285861014779
175.7,-57.9112033040528
175.8,-58.3018282854991
175.9,-58.5215548375627
176,-58.3750704695203
176.1,-57.6914767519892
176.2,-58.4238985922011
176.3,-58.0821017334356
176.4,-56.8613986664158
176.5,-57.8379611200316
176.6,-56.3242893169272
176.7,-56.9834689731178
176.8,-57.4961642612661
176.9,-57.5694064452873
177,-57.4717501999257
177.1,-56.2754611942464
177.2,-55.8604221514597
177.3,-56.1045627648636
177.4,-57.1543674025006
177.5,-56.0801487035232
177.6,-56.5440158689907
177.7,-56.9590549117774
177.8,-56.6905002370331
177.9,-55.4209690473326
178,-56.1533908875444
178.1,-56.4219455622887
178.2,-55.5674534153749
178.3,-55.9092502741405
178.4,-56.812570543735
178.5,-57.0811252184794
178.6,-55.6651096607365
178.7,-54.9815159432055
178.8,-56.6416721143523
178.9,-57.2764377092025
179,-55.9580783968213
179.1,-55.5430393540345
179.2,-56.5684299303311
179.3,-55.5186252926942
179.4,-56.5684299303311
179.5,-57.1543674025006
179.6,-55.9580783968213
179.7,-56.128976826204
179.8,-56.128976826204
179.9,-54.9082737591843
180,-54.1270237962917
180.1,-55.1768284339286
180.2,-53.7363988148454
180.3,-53.467844140101
180.4,-54.0781956736109
180.5,-53.4190160174202
180.6,-53.834055060207
180.7,-54.0537816122705
180.8,-53.1016332199951
180.9,-52.78425042257
181,-53.3946019560799
181.1,-53.3701878947394
181.2,-55.0791721885671
181.3,-54.517648777738
181.4,-53.9805394282493
181.5,-53.7852269375262
181.6,-53.2969457107183
181.7,-52.5889379318468
181.8,-53.4922582014414
181.9,-54.1270237962917
182,-54.1026097349513
182.1,-52.9795629132932
182.2,-52.1250707663793
182.3,-53.0772191586547
182.4,-54.8106175138227
182.5,-54.3467503483552
182.6,-54.1758519189725
182.7,-53.3457738333991
182.8,-53.4922582014414
182.9,-53.9317113055685
183,-53.8828831828877
183.1,-53.589914446803
183.2,-53.5166722627818
183.3,-52.2471410730813
183.4,-51.4170629875079
183.5,-51.856516091635
183.6,-52.3447973184429
183.7,-51.9541723369966
183.8,-51.9297582756562
183.9,-51.4414770488483
184,-51.3194067421463
184.1,-51.2461645581251
184.2,-51.7100317235926
184.3,-51.172922374104
184.4,-51.8809301529754
184.5,-53.6387425694838
184.6,-53.4434300787606
184.7,-51.7588598462734
184.8,-52.2715551344217
184.9,-53.4434300787606
185,-52.4180395024641
185.1,-52.2227270117409
185.2,-53.4190160174202
185.3,-55.201242495269
185.4,-54.6641331457804
185.5,-53.5410863241222
185.6,-52.9551488519528
185.7,-53.2237035266971
185.8,-52.0762426436986
185.9,-50.7822973926577
186,-51.8321020302946
186.1,-51.4414770488483
186.2,-51.3438208034867
186.3,-51.734445784933
186.4,-50.5137427179133
186.5,-50.2940161658498
186.6,-51.4903051715291
186.7,-51.5147192328695
186.8,-51.0996801900828
186.9,-50.5381567792537
187,-50.7822973926577
187.1,-51.0996801900828
187.2,-49.8545630617227
187.3,-49.6592505709995
187.4,-50.7334692699769
187.5,-50.3916724112114
187.6,-50.8067114539981
187.7,-51.0752661287424
187.8,-52.1983129504005
187.9,-52.6377660545276
188,-52.1494848277197
188.1,-51.5879614168907
188.2,-51.8809301529754
188.3,-51.050852067402
188.4,-51.172922374104
188.5,-49.6348365096591
188.6,-50.7822973926577
188.7,-52.3203832571025
188.8,-52.6377660545276
188.9,-51.1485083127636
189,-52.1494848277197
189.1,-51.5147192328695
189.2,-51.4658911101887
189.3,-52.906320729272
189.4,-51.6367895395714
189.5,-51.1485083127636
189.6,-51.0020239447212
189.7,-50.3428442885306
189.8,-51.4170629875079
189.9,-51.3926489261675
190,-51.2217504967848
190.1,-51.5635473555503
190.2,-50.5137427179133
190.3,-50.6846411472961
190.4,-50.0498755524458
190.5,-50.7090552086365
190.6,-49.4151099575956
190.7,-47.9258522158315
190.8,-48.3164771972778
190.9,-48.7803443627453
191,-48.8291724854261
191.1,-49.1465552828512
191.2,-48.9024146694473
191.3,-49.0733130988301
191.4,-48.6582740560434
191.5,-47.6572975410872
191.6,-48.8780006081069
191.7,-50.1963599204882
191.8,-50.5869849019345
191.9,-50.4160864725518
192,-50.6358130246153
192.1,-51.0020239447212
192.2,-49.5860083869783
192.3,-48.5606178106818
192.4,-49.6836646323399
192.5,-50.1963599204882
192.6,-50.8311255153384
192.7,-50.7090552086365
192.8,-50.0254614911054
192.9,-49.6348365096591
193,-48.5850318720222
193.1,-50.123117736467
193.2,-50.6113989632749
193.3,-50.6846411472961
193.4,-48.9268287307877
193.5,-49.2930396508936
193.6,-49.4151099575956
193.7,-49.4639380802764
193.8,-48.267649074597
193.9,-48.5606178106818
194,-48.7803443627453
194.1,-49.3662818349148
194.2,-49.6104224483187
194.3,-48.8047584240857
194.4,-48.267649074597
194.5,-47.2422584983005
194.6,-48.8291724854261
194.7,-50.3916724112113
194.8,-51.0020239447212
194.9,-49.7324927550207
195,-49.6104224483187
195.1,-48.9756568534685
195.2,-50.6602270859557
195.3,-49.2197974668724
195.4,-49.195383405532
195.5,-48.511789688001
195.6,-48.7315162400645
195.7,-49.2686255895532
195.8,-49.0977271601705
195.9,-49.2930396508936
196,-49.8301490003823
196.1,-50.4405005338921
196.2,-49.8057349390419
196.3,-49.7813208777015
196.4,-49.3662818349148
196.5,-48.2920631359374
196.6,-49.2930396508936
196.7,-49.6348365096591
196.8,-47.584055357066
196.9,-47.0225319462369
197,-48.511789688001
197.1,-48.633859994703
197.2,-47.461985050364
197.3,-47.8037819091296
197.4,-47.9746803385123
197.5,-46.9737038235561
197.6,-47.4863991117044
197.7,-47.461985050364
197.8,-46.9737038235561
197.9,-47.1446022529389
198,-46.6319069647906
198.1,-46.5830788421098
198.2,-46.4610085354079
198.3,-47.4863991117044
198.4,-46.778391332833
198.5,-46.0215554312808
198.6,-47.5352272343852
198.7,-47.4863991117044
198.8,-47.4863991117044
198.9,-46.9981178848965
199,-46.9248757008754
199.1,-46.9737038235561
199.2,-46.6319069647906
199.3,-45.6797585725152
199.4,-46.1436257379827
199.5,-47.1690163142793
199.6,-46.5098366580887
199.7,-46.6319069647906
199.8,-47.2178444369601
199.9,-47.8770240931507
200,-47.9746803385123
200.1,-47.461985050364
200.2,-46.9737038235561
200.3,-48.0967506452143
200.4,-49.2930396508936
200.5,-49.07331309883
200.6,-48.6826881173837
200.7,-47.2666725596409
200.8,-45.6797585725152
200.9,-45.850657001898
201,-46.6074929034502
201.1,-47.0225319462369
201.2,-47.8770240931507
201.3,-47.3399147436621
201.4,-46.5342507194291
201.5,-46.4610085354079
201.6,-46.5342507194291
201.7,-46.6319069647906
201.8,-46.8516335168542
201.9,-47.3887428663429
202,-46.8760475781946
202.1,-48.1211647065547
202.2,-47.8770240931507
202.3,-47.6817116024276
202.4,-46.9981178848965
202.5,-47.2422584983005
202.6,-47.6817116024276
202.7,-47.5596412957256
202.8,-48.8535865467665
202.9,-49.2442115282128
203,-48.3408912586182
203.1,-48.511789688001
203.2,-48.8291724854261
203.3,-48.0479225225335
203.4,-47.7793678477892
203.5,-48.9268287307877
203.6,-49.4639380802764
203.7,-48.7559303014049
203.8,-49.317453712234
203.9,-48.7071021787241
204,-48.4141334426394
204.1,-46.6807350874714
204.2,-47.2178444369601
204.3,-47.0469460075773
204.4,-47.706125663768
204.5,-48.6582740560434
204.6,-48.2188209519163
204.7,-47.584055357066
204.8,-47.6328834797468
204.9,-46.6319069647906
205,-47.9502662771719
205.1,-48.9512427921281
205.2,-48.3408912586182
205.3,-49.561594325638
205.4,-49.2686255895532
205.5,-48.0479225225335
205.6,-48.8780006081069
205.7,-49.439524018936
205.8,-48.5606178106818
205.9,-48.0479225225335
206,-47.9014381544911
206.1,-48.5606178106818
206.2,-48.9756568534685
206.3,-47.82819597047
206.4,-46.8028053941734
206.5,-47.2910866209813
206.6,-47.1201881915985
206.7,-47.1201881915985
206.8,-47.8526100318104
206.9,-48.5606178106818
207,-47.3399147436621
207.1,-48.267649074597
207.2,-49.3418677735744
207.3,-49.4883521416168
207.4,-49.0000709148089
207.5,-48.1211647065547
207.6,-46.9248757008754
207.7,-46.3389382287059
207.8,-47.584055357066
207.9,-47.2178444369601
208,-47.3643288050025
208.1,-47.7793678477892
208.2,-46.2168679220039
208.3,-46.1436257379827
208.4,-46.3633522900463
208.5,-46.3389382287059
208.6,-46.4610085354079
208.7,-45.2891335910689
208.8,-45.5576882658133
208.9,-44.8496804869418
209,-45.7774148178768
209.1,-45.5088601431325
209.2,-46.3877663513867
209.3,-45.3867898364305
209.4,-44.4102273828147
209.5,-44.9717507936438
209.6,-45.2891335910689
209.7,-46.1924538606635
209.8,-46.1436257379827
209.9,-46.9248757008754
210,-46.5342507194291
210.1,-45.7041726338556
210.2,-46.8028053941734
210.3,-45.167063284367
210.4,-44.4346414441551
210.5,-44.6787820575591
210.6,-45.3379617137497
210.7,-43.8242899106453
210.8,-43.5557352359009
210.9,-44.1905008307512
211,-45.3135476524093
211.1,-44.7764383029207
211.2,-44.0928445853896
211.3,-46.0703835539616
211.4,-47.0225319462369
211.5,-46.9492897622158
211.6,-46.8760475781946
211.7,-47.0225319462369
211.8,-45.4112038977709
211.9,-45.0694070390054
212,-45.3379617137497
212.1,-45.1914773457074
212.2,-44.7520242415803
212.3,-44.9961648549842
212.4,-45.6553445111749
212.5,-44.239328953432
212.6,-43.7754617879645
212.7,-43.0918680704335
212.8,-44.2637430147724
212.9,-46.1436257379827
213,-45.2158914070478
213.1,-44.3125711374532
213.2,-44.2881570761128
213.3,-43.2627664998162
213.4,-42.4326884142428
213.5,-42.2862040462004
213.6,-42.6768290276467
213.7,-42.8965555797103
213.8,-42.5303446596044
213.9,-42.8477274570295
214,-42.8233133956891
214.1,-42.8477274570295
214.2,-42.2373759235197
214.3,-43.3848368065182
214.4,-42.6035868436256
214.5,-42.505930598264
214.6,-41.6514384513502
214.7,-42.8721415183699
214.8,-42.6524149663064
214.9,-43.0430399477527
215,-42.8233133956891
215.1,-43.4824930518798
215.2,-42.7988993343487
215.3,-41.4072978379463
215.4,-40.5283916296921
215.5,-41.8955790647541
215.6,-40.528391629692
215.7,-40.8701884884576
215.8,-42.0664774941369
215.9,-42.6768290276467
216,-41.9444071874349
216.1,-42.2373759235197
216.2,-42.7744852730083
216.3,-42.2129618621793
216.4,-42.1397196781581
216.5,-42.3594462302216
216.6,-43.8242899106453
216.7,-42.9697977637315
216.8,-42.7744852730083
216.9,-43.0918680704334
217,-43.9463602173472
217.1,-44.0928445853896
217.2,-44.0928445853896
217.3,-45.1914773457074
217.4,-45.4600320204517
217.5,-43.3360086838374
217.6,-43.0186258864123
217.7,-43.5069071132202
217.8,-43.2383524384758
217.9,-42.6768290276467
218,-42.0420634327965
218.1,-42.8233133956891
218.2,-41.9932353101157
218.3,-42.4326884142428
218.4,-40.9190166111384
218.5,-40.528391629692
218.6,-41.2119853472231
218.7,-40.7481181817556
218.8,-41.6026103286694
218.9,-41.0166728564999
219,-40.7969463044364
219.1,-41.2852275312443
219.2,-40.772532243096
219.3,-40.4307353843305
219.4,-42.26178998486
219.5,-41.1875712858827
219.6,-41.3828837766059
219.7,-42.0664774941369
219.8,-41.456125960627
219.9,-39.966868218863
220,-39.6983135441186
220.1,-39.16120419463
220.2,-38.8438213972048
220.3,-39.4541729307147
220.4,-40.2842510162881
220.5,-39.3076885626723
220.6,-38.917063581226
220.7,-40.4307353843305
220.8,-40.9678447338191
220.9,-41.700266574031
221,-41.5537822059886
221.1,-41.0410869178403
221.2,-41.578196267329
221.3,-42.4326884142428
221.4,-42.7012430889871
221.5,-41.9688212487753
221.6,-41.8467509420733
221.7,-43.0430399477527
221.8,-42.26178998486
221.9,-42.4082743529024
222,-42.6035868436256
222.1,-42.2129618621793
222.2,-41.700266574031
222.3,-41.6270243900098
222.4,-41.0410869178403
222.5,-42.1153056168177
222.6,-42.2373759235197
222.7,-40.7481181817556
222.8,-40.7237041204152
222.9,-40.6016338137132
223,-40.4063213229901
223.1,-38.5752667224605
223.2,-39.3565166853531
223.3,-40.4063213229901
223.4,-40.6992900590748
223.5,-40.4063213229901
223.6,-39.6983135441186
223.7,-39.8936260348418
223.8,-39.7471416667994
223.9,-40.4795635070113
224,-40.8457744271172
224.1,-39.6006572987571
224.2,-39.966868218863
224.3,-41.9199931260945
224.4,-42.3350321688812
224.5,-41.7246806353714
224.6,-40.9190166111384
224.7,-40.0401104028842
224.8,-38.9658917039068
224.9,-38.5996807838009
225,-39.4297588693743
225.1,-39.6006572987571
225.2,-38.4776104770989
225.3,-38.6729229678221
225.4,-38.6973370291625
225.5,-39.3321026240127
225.6,-39.16120419463
225.7,-38.1602276796738
225.8,-39.722727605459
225.9,-39.722727605459
226,-38.7949932745241
226.1,-39.722727605459
226.2,-38.8194073358645
226.3,-38.9903057652472
226.4,-38.6729229678221
226.5,-39.1856182559704
226.6,-38.5752667224605
226.7,-39.4541729307147
226.8,-38.8926495198856
226.9,-39.722727605459
227,-41.2119853472231
227.1,-40.5772197523728
227.2,-41.4072978379462
227.3,-40.9434306724787
227.4,-39.9912822802034
227.5,-40.528391629692
227.6,-41.2608134699039
227.7,-41.0410869178403
227.8,-40.3819072616497
227.9,-40.4551494456709
228,-40.7481181817556
228.1,-41.3584697152655
228.2,-40.2354228936073
228.3,-40.772532243096
228.4,-41.0655009791807
228.5,-41.578196267329
228.6,-38.5752667224605
228.7,-38.1602276796738
228.8,-39.2100323173107
228.9,-39.6494854214379
229,-39.722727605459
229.1,-39.5518291760763
229.2,-38.5020245384393
229.3,-38.9414776425664
229.4,-41.6026103286694
229.5,-41.3340556539251
229.6,-39.4785869920551
229.7,-38.2578839250354
229.8,-38.6240948451413
229.9,-38.7949932745241
230,-38.8194073358645
230.1,-38.6485089064817
230.2,-39.16120419463
230.3,-39.0879620106088
230.4,-37.9649151889506
230.5,-39.2344463786512
230.6,-39.8692119735014
230.7,-39.8936260348418
230.8,-39.844797912161
230.9,-40.0401104028842
231,-40.9678447338191
231.1,-42.628000904966
231.2,-41.5049540833078
231.3,-40.528391629692
231.4,-40.8213603657768
231.5,-39.9912822802034
231.6,-40.4063213229901
231.7,-39.3565166853531
231.8,-39.2832745013319
231.9,-38.5020245384393
232,-38.5996807838009
232.1,-38.8438213972048
232.2,-38.6973370291625
232.3,-40.772532243096
232.4,-40.8213603657768
232.5,-40.7237041204152
232.6,-39.6006572987571
232.7,-41.1631572245423
232.8,-40.0645244642245
232.9,-40.088938525565
233,-39.8203838508206
233.1,-38.9658917039068
233.2,-37.8672589435891
233.3,-37.2569074100792
233.4,-38.233469863695
233.5,-39.0147198265876
233.6,-37.5742902075043
233.7,-37.4766339621428
233.8,-36.9395246126541
233.9,-35.9629621590383
234,-35.8408918523363
234.1,-36.1094465270807
234.2,-37.2569074100792
234.3,-37.4766339621428
234.4,-37.6963605142063
234.5,-37.3545636554408
234.6,-37.30573553276
234.7,-37.30573553276
234.8,-36.8418683672925
234.9,-37.0860089806965
235,-38.3311261090566
235.1,-38.3311261090566
235.2,-37.7207745755467
235.3,-38.1602276796738
235.4,-38.355540170397
235.5,-37.3789777167812
235.6,-38.0869854956526
235.7,-37.30573553276
235.8,-37.6475323915255
235.9,-38.5508526611201
236,-39.3565166853531
236.1,-39.3321026240127
236.2,-39.9912822802034
236.3,-40.1621807095861
236.4,-39.4785869920551
236.5,-38.3067120477162
236.6,-38.8926495198856
236.7,-40.6992900590748
236.8,-39.4541729307147
236.9,-39.3809307466935
237,-39.7959697894802
237.1,-38.3067120477162
237.2,-37.6719464528659
237.3,-38.0137433116314
237.4,-38.5508526611201
237.5,-39.5762432374167
237.6,-39.2588604399915
237.7,-37.9649151889506
237.8,-38.5264385997797
237.9,-38.111399556993
238,-37.989329250291
238.1,-38.5020245384393
238.2,-38.4531964157585
238.3,-36.9883527353349
238.4,-37.4766339621428
238.5,-36.8906964899733
238.6,-36.2315168337826
238.7,-35.9873762203787
238.8,-36.2559308951231
238.9,-36.4268293245058
239,-35.9629621590383
239.1,-37.0860089806965
239.2,-37.1348371033773
239.3,-35.7920637296556
239.4,-36.9395246126541
239.5,-38.0381573729718
239.6,-38.2822979863758
239.7,-36.7197980605905
239.8,-36.5488996312078
239.9,-37.8672589435891
240,-38.1846417410142
240.1,-37.9160870662699
240.2,-37.9405011276103
240.3,-38.6485089064817
240.4,-38.0625714343122
240.5,-37.8184308209083
240.6,-38.6240948451413
240.7,-38.2578839250354
240.8,-39.6494854214379
240.9,-39.4053448080339
241,-37.6719464528659
241.1,-37.3545636554408
241.2,-38.7949932745241
241.3,-37.3789777167812
241.4,-36.0117902817191
241.5,-36.4512433858462
241.6,-38.0381573729718
241.7,-38.2822979863758
241.8,-36.500071508527
241.9,-35.6211653002728
242,-37.0860089806965
242.1,-37.549876146164
242.2,-37.2813214714196
242.3,-37.7207745755467
242.4,-36.8662824286329
242.5,-37.549876146164
242.6,-37.989329250291
242.7,-36.4268293245058
242.8,-38.6729229678221
242.9,-39.2344463786512
243,-38.0381573729718
243.1,-37.989329250291
243.2,-37.6475323915255
243.3,-37.2813214714196
243.4,-37.6475323915255
243.5,-39.2588604399915
243.6,-38.7217510905029
243.7,-37.5498761461639
243.8,-36.4024152631654
243.9,-35.4014387482093
244,-36.9395246126541
244.1,-36.8418683672925
244.2,-36.3291730791442
244.3,-35.9873762203787
244.4,-36.622141815229
244.5,-35.9629621590383
244.6,-35.2549543801669
244.7,-35.6699934229536
244.8,-37.7696026982275
244.9,-38.5508526611201
245,-37.2813214714196
245.1,-37.5498761461639
245.2,-37.5010480234831
245.3,-37.2569074100792
245.4,-35.5235090549112
245.5,-35.3770246868688
245.6,-35.3526106255284
245.7,-35.572337177592
245.8,-36.0362043430595
245.9,-37.7940167595679
246,-37.0127667966753
246.1,-36.7686261832713
246.2,-36.8418683672925
246.3,-36.9883527353349
246.4,-38.3067120477162
246.5,-36.6465558765693
246.6,-36.4756574471866
246.7,-36.5244855698674
246.8,-36.7930402446117
246.9,-37.6719464528659
247,-38.6485089064817
247.1,-37.4033917781216
247.2,-36.4024152631654
247.3,-35.9385480976979
247.4,-37.0371808580157
247.5,-36.4756574471866
247.6,-36.5488996312078
247.7,-35.9873762203787
247.8,-36.9639386739945
247.9,-37.5987042688447
248,-36.622141815229
248.1,-36.3535871404846
248.2,-36.0117902817191
248.3,-36.5977277538886
248.4,-36.8662824286329
248.5,-35.2061262574861
248.6,-34.9131575214014
248.7,-34.888743460061
248.8,-35.7432356069748
248.9,-36.0850324657403
249,-35.6211653002728
249.1,-35.7432356069748
249.2,-36.7442121219309
249.3,-37.0615949193561
249.4,-36.1094465270807
249.5,-34.6934309693378
249.6,-34.4004622332531
249.7,-33.9854231904664
249.8,-32.6182357554043
249.9,-34.3028059878915
250,-35.5235090549112
250.1,-33.9365950677856
250.2,-33.0821029208718
250.3,-35.2061262574861
250.4,-36.0117902817191
250.5,-35.2549543801669
250.6,-35.4258528095496
250.7,-36.3535871404846
250.8,-36.6709699379098
250.9,-36.7442121219309
251,-36.8906964899733
251.1,-35.5235090549112
251.2,-35.0840559507841
251.3,-35.2793684415073
251.4,-34.4737044172743
251.5,-35.3037825028477
251.6,-35.9385480976979
251.7,-35.8408918523363
251.8,-34.2783919265511
251.9,-34.7422590920186
252,-34.9863997054225
252.1,-35.1328840734649
252.2,-35.9629621590383
252.3,-35.3526106255285
252.4,-34.644602846657
252.5,-34.6934309693378
252.6,-35.816477790996
252.7,-35.1084700121245
252.8,-35.2061262574861
252.9,-34.644602846657
253,-34.4492903559339
253.1,-34.1563216198491
253.2,-35.2549543801669
253.3,-35.8653059136767
253.4,-35.4990949935708
253.5,-35.1817121961457
253.6,-35.1572981348053
253.7,-35.1084700121245
253.8,-35.5967512389324
253.9,-36.0362043430595
254,-34.4248762945935
254.1,-34.083079435828
254.2,-33.8633528837644
254.3,-34.3272200492319
254.4,-34.6934309693378
254.5,-35.1328840734649
254.6,-35.0108137667629
254.7,-34.0342513131472
254.8,-33.2285872889142
254.9,-33.3506575956161
255,-32.8623763688082
255.1,-33.716868515722
255.2,-33.8633528837644
255.3,-33.2041732275738
255.4,-32.3740951420003
255.5,-32.3740951420003
255.6,-33.6436263317009
255.7,-32.3252670193196
255.8,-32.9356185528294
255.9,-32.9356185528294
256,-33.716868515722
256.1,-35.694407484294
256.2,-35.0840559507841
256.3,-35.0596418894437
256.4,-34.8399153373802
256.5,-33.3750716569565
256.6,-33.0088607368506
256.7,-33.7901106997432
256.8,-34.766673153359
256.9,-35.572337177592
257,-34.7910872146994
257.1,-34.7178450306782
257.2,-33.6680403930412
257.3,-34.2295638038703
257.4,-34.644602846657
257.5,-33.5459700863393
257.6,-33.4238997796373
257.7,-33.4483138409777
257.8,-34.3760481719127
257.9,-34.0342513131472
258,-33.3994857182969
258.1,-33.7901106997432
258.2,-34.5957747239762
258.3,-35.2061262574861
258.4,-33.6436263317009
258.5,-34.1074934971683
258.6,-33.6924544543816
258.7,-33.6192122703605
258.8,-33.9121810064452
258.9,-34.4248762945935
259,-33.6924544543816
259.1,-34.1319075585087
259.2,-33.2530013502545
259.3,-31.9346420378733
259.4,-32.3985092033407
259.5,-33.4483138409777
259.6,-33.2285872889141
259.7,-32.7403060621063
259.8,-32.8867904301486
259.9,-33.6924544543816
260,-33.4727279023181
260.1,-35.1817121961457
260.2,-34.522532539955
260.3,-33.9854231904664
260.4,-33.9121810064452
260.5,-33.9854231904664
260.6,-33.3506575956161
260.7,-33.033274798191
260.8,-34.644602846657
260.9,-35.8164777909959
261,-35.9385480976979
261.1,-35.0352278281033
261.2,-35.3281965641881
261.3,-34.766673153359
261.4,-34.3272200492319
261.5,-35.1084700121245
261.6,-35.0840559507841
261.7,-33.6680403930412
261.8,-33.2530013502545
261.9,-35.4258528095496
262,-34.2539778652107
262.1,-33.4727279023181
262.2,-33.5459700863393
262.3,-33.7412825770624
262.4,-32.7403060621063
262.5,-33.3994857182969
262.6,-33.4483138409777
262.7,-33.0576888595314
262.8,-32.3008529579792
262.9,-32.6182357554043
263,-32.1787826512772
263.1,-32.4717513873619
263.2,-31.9590560992136
263.3,-31.7393295471501
263.4,-32.6914779394255
263.5,-33.155345104893
263.6,-32.6914779394255
263.7,-32.3740951420003
263.8,-33.0088607368506
263.9,-32.911204491489
264,-33.1065169822122
264.1,-32.0078842218944
264.2,-32.8379623074678
264.3,-32.6426498167447
264.4,-32.3008529579792
264.5,-33.2774154115949
264.6,-32.6182357554043
264.7,-32.7158920007659
264.8,-33.5459700863393
264.9,-33.4483138409777
265,-32.5694076327235
265.1,-32.6182357554043
265.2,-33.838938822424
265.3,-34.3272200492319
265.4,-34.0342513131472
265.5,-33.3018294729353
265.6,-32.9356185528294
265.7,-33.838938822424
265.8,-34.1563216198491
265.9,-34.1319075585087
266,-33.155345104893
266.1,-32.5205795100427
266.2,-33.2285872889142
266.3,-33.4238997796373
266.4,-34.0586653744876
266.5,-33.5215560249989
266.6,-33.1065169822122
266.7,-33.716868515722
266.8,-33.2041732275738
266.9,-33.2774154115949
267,-34.1807356811895
267.1,-34.4004622332531
267.2,-32.9600326141698
267.3,-33.2285872889141
267.4,-33.1065169822122
267.5,-31.8613998538521
267.6,-32.0811264059156
267.7,-32.8379623074678
267.8,-34.0098372518068
267.9,-34.9619856440821
268,-34.8399153373802
268.1,-34.9131575214013
268.2,-34.3516341105723
268.3,-34.888743460061
268.4,-33.1797591662334
268.5,-33.0821029208718
268.6,-32.5694076327235
268.7,-33.7901106997432
268.8,-34.9131575214014
268.9,-34.0098372518068
269,-34.0342513131472
269.1,-33.1309310435526
269.2,-33.3262435342757
269.3,-35.0108137667629
269.4,-34.9375715827417
269.5,-33.9854231904664
269.6,-33.7656966384028
269.7,-34.4981184786147
269.8,-34.7910872146994
269.9,-32.789134184787
270,-34.7910872146994
270.1,-35.6211653002728
270.2,-34.0098372518068
270.3,-33.8877669451048
270.4,-34.2539778652107
270.5,-35.8164777909959
270.6,-35.6455793616132
270.7,-35.2305403188265
270.8,-35.1572981348053
270.9,-35.1084700121245
271,-34.4004622332531
271.1,-33.838938822424
271.2,-35.4746809322304
271.3,-36.1094465270807
271.4,-36.1582746497615
271.5,-35.4258528095496
271.6,-34.8399153373802
271.7,-33.9365950677856
271.8,-33.8877669451048
271.9,-33.8145247610836
272,-34.3516341105723
272.1,-34.7178450306782
272.2,-34.4737044172743
272.3,-35.0352278281033
272.4,-33.1309310435526
272.5,-34.1074934971683
272.6,-34.4004622332531
272.7,-34.5713606626358
272.8,-34.4492903559339
272.9,-34.644602846657
273,-34.5957747239762
273.1,-33.8633528837644
273.2,-34.1074934971683
273.3,-34.8399153373802
273.4,-33.716868515722
273.5,-33.838938822424
273.6,-34.6201887853166
273.7,-34.0098372518068
273.8,-33.5215560249989
273.9,-33.1309310435526
274,-33.9365950677856
274.1,-33.033274798191
274.2,-34.1807356811895
274.3,-33.4238997796373
274.4,-34.3516341105723
274.5,-35.0352278281033
274.6,-35.1328840734649
274.7,-34.7910872146994
274.8,-33.2285872889141
274.9,-33.5215560249989
275,-33.5947982090201
275.1,-32.7158920007659
275.2,-33.3750716569565
275.3,-33.3262435342757
275.4,-32.6670638780851
275.5,-31.0069077069383
275.6,-31.6660873631289
275.7,-31.421946749725
275.8,-32.1787826512772
275.9,-32.2520248352984
276,-32.2031967126176
276.1,-31.5684311177673
276.2,-31.9346420378732
276.3,-31.6905014244693
276.4,-31.6905014244693
276.5,-31.5928451791077
276.6,-32.4717513873619
276.7,-33.7412825770624
276.8,-32.2764388966388
276.9,-32.105540467256
277,-32.8135482461274
277.1,-32.7403060621062
277.2,-32.3740951420003
277.3,-32.3740951420003
277.4,-30.9824936455979
277.5,-31.2266342590018
277.6,-31.5684311177673
277.7,-31.5196029950866
277.8,-32.1543685899368
277.9,-31.6172592404481
278,-31.3487045657038
278.1,-31.6172592404481
278.2,-31.8369857925117
278.3,-31.4707748724058
278.4,-31.7149154858097
278.5,-32.7403060621063
278.6,-33.2774154115949
278.7,-31.7637436084905
278.8,-31.1533920749806
278.9,-31.2022201976614
279,-31.2510483203422
279.1,-31.3487045657038
279.2,-33.2774154115949
279.3,-34.2295638038703
279.4,-34.6201887853166
279.5,-33.1065169822122
279.6,-33.3262435342757
279.7,-32.6182357554043
279.8,-32.4717513873619
279.9,-31.7637436084905
280,-31.4951889337461
280.1,-31.177806136321
280.2,-31.6905014244693
280.3,-31.2022201976614
280.4,-31.6416733017885
280.5,-33.3994857182969
280.6,-33.3018294729353
280.7,-31.6905014244693
280.8,-31.7637436084905
280.9,-31.6905014244693
281,-30.4209702347688
281.1,-32.2031967126176
281.2,-31.8125717311713
281.3,-31.9102279765329
281.4,-30.5186264801304
281.5,-31.2266342590018
281.6,-31.299876443023
281.7,-31.4463608110654
281.8,-33.3994857182969
281.9,-32.4717513873619
282,-31.9346420378733
282.1,-31.9346420378733
282.2,-32.9600326141698
282.3,-32.227610773958
282.4,-31.1289780136402
282.5,-31.3487045657038
282.6,-31.5684311177673
282.7,-31.6905014244693
282.8,-31.7881576698309
282.9,-30.8604233388959
283,-32.5694076327235
283.1,-32.4961654487023
283.2,-31.6905014244693
283.3,-31.6660873631289
283.4,-31.5684311177673
283.5,-31.2266342590018
283.6,-30.8604233388959
283.7,-32.34968108066
283.8,-31.6660873631289
283.9,-31.6416733017885
284,-31.5196029950865
284.1,-30.3965561734284
284.2,-30.4209702347688
284.3,-30.616282725492
284.4,-30.8848374002363
284.5,-30.8360092775555
284.6,-30.372142112088
284.7,-30.616282725492
284.8,-32.3740951420003
284.9,-31.5440170564269
285,-31.6905014244693
285.1,-30.9580795842575
285.2,-30.8604233388959
285.3,-30.5674546028112
285.4,-30.8115952162151
285.5,-29.9571030693013
285.6,-30.3477280507476
285.7,-31.2022201976614
285.8,-30.7871811548747
285.9,-32.6670638780851
286,-31.4951889337462
286.1,-29.9571030693013
286.2,-30.9336655229171
286.3,-31.1289780136402
286.4,-31.7393295471501
286.5,-31.2022201976614
286.6,-30.7383530321939
286.7,-30.8360092775555
286.8,-29.8594468239397
286.9,-29.4932359038338
287,-30.2744858667264
287.1,-30.5674546028112
287.2,-30.3477280507476
287.3,-30.2012436827053
287.4,-30.1524155600245
287.5,-31.3487045657038
287.6,-32.0322982832348
287.7,-32.2764388966388
287.8,-32.789134184787
287.9,-31.0801498909595
288,-30.1768296213649
288.1,-30.7871811548747
288.2,-31.3242905043634
288.3,-31.5684311177673
288.4,-31.3975326883846
288.5,-32.0811264059156
288.6,-32.6182357554043
288.7,-33.0576888595314
288.8,-32.1787826512772
288.9,-32.4961654487023
289,-31.8369857925117
289.1,-31.0069077069383
289.2,-31.5928451791077
289.3,-31.8613998538521
289.4,-31.7393295471501
289.5,-30.0059311919821
289.6,-31.299876443023
289.7,-31.7149154858097
289.8,-31.0313217682787
289.9,-29.4688218424934
290,-29.2002671677491
290.1,-29.8594468239397
290.2,-30.372142112088
290.3,-29.4932359038338
290.4,-28.4678453275373
290.5,-28.3946031435161
290.6,-28.5410875115584
290.7,-29.9571030693013
290.8,-29.3955796584722
290.9,-29.7617905785781
291,-29.6153062105358
291.1,-28.8828843703239
291.2,-28.4922593888776
291.3,-29.1514390450683
291.4,-29.5420640265146
291.5,-30.5430405414708
291.6,-30.0791733760033
291.7,-29.3711655971318
291.8,-30.6895249095131
291.9,-30.9824936455979
292,-30.0791733760033
292.1,-29.3955796584722
292.2,-30.5186264801304
292.3,-31.421946749725
292.4,-30.250071805386
292.5,-30.2256577440456
292.6,-29.2002671677491
292.7,-28.882884370324
292.8,-28.6875718796008
292.9,-28.63874375692
293,-28.9561265543451
293.1,-28.2237047141333
293.2,-29.4932359038338
293.3,-29.322337474451
293.4,-29.7617905785782
293.5,-29.566478087855
293.6,-30.5186264801304
293.7,-30.5674546028112
293.8,-29.7862046399185
293.9,-28.5899156342392
294,-29.8106187012589
294.1,-30.2744858667264
294.2,-28.3457750208353
294.3,-29.8350327625993
294.4,-29.5176499651742
294.5,-30.1280014986841
294.6,-31.0801498909594
294.7,-32.1299545285964
294.8,-30.2744858667264
294.9,-31.0069077069383
295,-31.6416733017885
295.1,-31.5928451791077
295.2,-31.4951889337462
295.3,-32.0567123445752
295.4,-31.7149154858097
295.5,-31.7881576698309
295.6,-30.7627670935343
295.7,-31.7149154858097
295.8,-31.2022201976614
295.9,-31.177806136321
296,-31.6905014244693
296.1,-31.4951889337462
296.2,-30.6895249095131
296.3,-30.8360092775555
296.4,-31.2266342590018
296.5,-31.9590560992136
296.6,-30.8848374002363
296.7,-29.7862046399185
296.8,-30.4209702347688
296.9,-31.055735829619
297,-30.3233139894072
297.1,-30.6406967868323
297.2,-29.7862046399185
297.3,-28.8096421863028
297.4,-28.6631578182604
297.5,-28.3701890821757
297.6,-28.516673450218
297.7,-29.444407781153
297.8,-29.2246812290895
297.9,-29.2735093517703
298,-29.6153062105358
298.1,-30.7139389708535
298.2,-30.4209702347688
298.3,-29.5420640265146
298.4,-29.322337474451
298.5,-30.7627670935343
298.6,-31.6172592404481
298.7,-29.7129624558974
298.8,-30.372142112088
298.9,-30.250071805386
299,-29.9082749466205
299.1,-30.5430405414708
299.2,-31.9102279765329
299.3,-31.2266342590018
299.4,-29.7129624558974
299.5,-30.5918686641516
299.6,-30.5674546028112
299.7,-29.3955796584722
299.8,-28.3946031435161
299.9,-29.2735093517703
300,-29.8350327625993
300.1,-29.688548394557
300.2,-30.250071805386
300.3,-30.1280014986841
300.4,-30.7871811548747
300.5,-29.688548394557
300.6,-29.1758531064087
300.7,-29.8594468239397
300.8,-30.4209702347688
300.9,-29.1758531064087
301,-29.2735093517703
301.1,-29.4688218424934
301.2,-28.3213609594949
301.3,-28.0283922234101
301.4,-29.5420640265146
301.5,-29.7129624558974
301.6,-30.5918686641516
301.7,-30.1524155600245
301.8,-28.882884370324
301.9,-28.4434312661969
302,-27.955150039389
302.1,-28.3701890821757
302.2,-28.516673450218
302.3,-28.5655015728988
302.4,-28.6631578182604
302.5,-29.2735093517703
302.6,-29.0049546770259
302.7,-28.6631578182604
302.8,-26.9297594630924
302.9,-26.661204788348
303,-29.0293687383663
303.1,-28.7852281249624
303.2,-28.516673450218
303.3,-28.6631578182604
303.4,-28.8584703089835
303.5,-29.3467515357914
303.6,-28.6631578182604
303.7,-29.3467515357914
303.8,-29.7129624558974
303.9,-29.2735093517703
304,-30.2256577440456
304.1,-29.8350327625993
304.2,-29.5176499651742
304.3,-29.5420640265146
304.4,-29.444407781153
304.5,-29.0049546770259
304.6,-29.2002671677491
304.7,-29.0537827997067
304.8,-30.2744858667264
304.9,-30.1280014986841
305,-28.5655015728988
305.1,-27.711009425985
305.2,-28.516673450218
305.3,-28.4190172048565
305.4,-27.5156969352619
305.5,-26.78327509505
305.6,-28.1504625301121
305.7,-28.3213609594949
305.8,-28.0039781620698
305.9,-27.8086656713466
306,-28.5655015728988
306.1,-30.4453842961092
306.2,-29.9082749466205
306.3,-29.8350327625993
306.4,-30.0059311919821
306.5,-29.5908921491954
306.6,-29.7617905785782
306.7,-29.5176499651742
306.8,-29.2490952904299
306.9,-29.9571030693013
307,-31.177806136321
307.1,-31.4707748724058
307.2,-31.6660873631289
307.3,-30.6895249095131
307.4,-29.9082749466205
307.5,-29.9571030693013
307.6,-30.6406967868323
307.7,-30.616282725492
307.8,-30.49421241879
307.9,-30.2744858667264
308,-28.9805406156855
308.1,-28.882884370324
308.2,-29.6397202718762
308.3,-29.2735093517703
308.4,-28.4922593888776
308.5,-29.1026109223875
308.6,-29.7373765172377
308.7,-28.9805406156855
308.8,-28.4434312661969
308.9,-28.1992906527929
309,-28.7852281249624
309.1,-28.882884370324
309.2,-29.4199937198126
309.3,-31.0069077069383
309.4,-30.2988999280668
309.5,-29.3711655971318
309.6,-29.3711655971318
309.7,-29.4932359038338
309.8,-30.0303452533225
309.9,-29.7862046399185
310,-29.7617905785782
310.1,-29.322337474451
310.2,-29.4688218424934
310.3,-29.1514390450683
310.4,-28.7364000022816
310.5,-28.7119859409412
310.6,-28.8340562476432
310.7,-27.6133531806234
310.8,-26.7344469723693
310.9,-28.882884370324
311,-29.1026109223875
311.1,-28.8096421863028
311.2,-28.7364000022816
311.3,-29.2979234131107
311.4,-30.0059311919821
311.5,-29.444407781153
311.6,-29.9571030693013
311.7,-29.8106187012589
311.8,-30.0059311919821
311.9,-29.2002671677491
312,-29.566478087855
312.1,-29.7373765172378
312.2,-29.444407781153
312.3,-29.1026109223875
312.4,-30.5674546028112
312.5,-30.8848374002363
312.6,-29.4932359038338
312.7,-28.8584703089836
312.8,-28.4922593888777
312.9,-28.3701890821757
313,-28.1748765914525
313.1,-27.4912828739215
313.2,-28.4922593888777
313.3,-29.2002671677491
313.4,-28.7364000022816
313.5,-28.1748765914525
313.6,-29.2002671677491
313.7,-28.0039781620698
313.8,-29.1758531064087
313.9,-29.4688218424934
314,-27.7842516100062
314.1,-27.1983141378367
314.2,-28.1016344074313
314.3,-28.516673450218
314.4,-28.0772203460909
314.5,-27.2227281991771
314.6,-28.0528062847505
314.7,-27.6377672419638
314.8,-26.099681377519
314.9,-26.905345401752
315,-26.9785875857732
315.1,-26.3194079295825
315.2,-26.7344469723692
315.3,-28.2969468981545
315.4,-27.9063219167082
315.5,-27.5645250579426
315.6,-28.5410875115584
315.7,-28.3213609594949
315.8,-27.7598375486658
315.9,-29.444407781153
316,-29.6641343332166
316.1,-27.9795641007294
316.2,-28.0528062847505
316.3,-27.6133531806234
316.4,-26.3682360522633
316.5,-27.1739000764964
316.6,-27.5645250579426
316.7,-26.2949938682421
316.8,-26.9541735244328
316.9,-26.4903063589653
317,-27.3936266285599
317.1,-28.1504625301121
317.2,-28.9317124930048
317.3,-28.5655015728988
317.4,-27.5889391192831
317.5,-28.0283922234102
317.6,-29.2490952904299
317.7,-28.2725328368141
317.8,-28.9317124930047
317.9,-28.3457750208353
318,-27.955150039389
318.1,-28.7364000022816
318.2,-27.8086656713466
318.3,-26.099681377519
318.4,-26.5391344816461
318.5,-26.7588610337096
318.6,-25.7822985800939
318.7,-26.5147204203057
318.8,-26.905345401752
318.9,-25.7090563960727
319,-26.3682360522633
319.1,-25.9043688867959
319.2,-25.7578845187535
319.3,-25.9043688867958
319.4,-25.6846423347323
319.5,-26.1729235615402
319.6,-27.0030016471136
319.7,-28.5899156342392
319.8,-28.4922593888776
319.9,-28.2969468981545
320,-28.63874375692
320.1,-28.6875718796008
320.2,-27.955150039389
320.3,-27.4180406899003
320.4,-27.0762438311348
320.5,-27.2959703831983
320.6,-27.955150039389
320.7,-28.2237047141333
320.8,-27.0030016471136
320.9,-27.0518297697944
321,-27.6621813033042
321.1,-27.1494860151559
321.2,-28.516673450218
321.3,-28.5410875115584
321.4,-27.2471422605175
321.5,-26.1973376228806
321.6,-26.0752673161786
321.7,-26.0020251321574
321.8,-27.027415708454
321.9,-27.711009425985
322,-26.9541735244328
322.1,-27.2471422605175
322.2,-26.5635485429865
322.3,-26.4658922976249
322.4,-27.0518297697944
322.5,-26.4658922976249
322.6,-26.2705798069017
322.7,-26.6612047883481
322.8,-26.6367907270077
322.9,-27.4668688125811
323,-27.0030016471136
323.1,-27.027415708454
323.2,-27.5401109966023
323.3,-27.9795641007293
323.4,-27.2715563218579
323.5,-27.588939119283
323.6,-27.4424547512407
323.7,-26.4658922976249
323.8,-27.4424547512407
323.9,-28.1260484687717
324,-29.0537827997067
324.1,-28.1260484687717
324.2,-27.3936266285599
324.3,-26.9785875857732
324.4,-27.588939119283
324.5,-27.3203844445387
324.6,-27.8574937940274
324.7,-28.1992906527929
324.8,-27.1250719538155
324.9,-27.6133531806234
325,-27.1739000764963
325.1,-27.8574937940274
325.2,-27.6621813033042
325.3,-27.027415708454
325.4,-26.5391344816461
325.5,-27.4424547512407
325.6,-27.2959703831983
325.7,-27.2227281991771
325.8,-27.9795641007294
325.9,-28.1260484687717
326,-27.833079732687
326.1,-26.9785875857732
326.2,-28.6875718796008
326.3,-27.2715563218579
326.4,-27.1250719538155
326.5,-28.0039781620697
326.6,-28.2237047141333
326.7,-29.6641343332166
326.8,-28.9561265543451
326.9,-27.9795641007294
327,-26.3926501136037
327.1,-28.0283922234102
327.2,-28.2969468981545
327.3,-26.3682360522633
327.4,-26.7588610337096
327.5,-27.8086656713466
327.6,-27.4912828739215
327.7,-27.8574937940274
327.8,-27.6865953646446
327.9,-27.9063219167082
328,-28.9072984316643
328.1,-29.6397202718762
328.2,-28.2237047141333
328.3,-28.1016344074313
328.4,-28.4922593888776
328.5,-27.3203844445387
328.6,-26.8076891563904
328.7,-28.3701890821757
328.8,-27.8086656713466
328.9,-27.1983141378367
329,-26.2705798069018
329.1,-25.6358142120515
329.2,-26.5391344816461
329.3,-26.2949938682421
329.4,-27.1250719538156
329.5,-26.9785875857732
329.6,-26.5391344816461
329.7,-27.5156969352619
329.8,-28.0039781620697
329.9,-27.1494860151559
330,-26.9785875857732
330.1,-27.4424547512407
330.2,-28.1748765914525
330.3,-27.8574937940274
330.4,-26.3438219909229
330.5,-26.5391344816461
330.6,-28.1748765914525
330.7,-28.63874375692
330.8,-28.1504625301121
330.9,-27.9307359780486
331,-27.9063219167082
331.1,-27.027415708454
331.2,-26.6856188496885
331.3,-26.7100329110289
331.4,-26.1973376228806
331.5,-25.171947046584
331.6,-27.0518297697944
331.7,-29.2735093517703
331.8,-28.2969468981545
331.9,-27.7598375486658
332,-27.4668688125811
332.1,-26.78327509505
332.2,-27.0762438311348
332.3,-27.5401109966023
332.4,-27.027415708454
332.5,-26.2949938682422
332.6,-26.5147204203057
332.7,-26.5635485429865
332.8,-25.9531970094766
332.9,-27.3203844445387
333,-28.2725328368141
333.1,-26.9297594630924
333.2,-27.2959703831983
333.3,-27.8819078553678
333.4,-27.027415708454
333.5,-25.977611070817
333.6,-25.5137439053495
333.7,-26.9541735244328
333.8,-26.5147204203057
333.9,-26.7344469723692
334,-25.8555407641151
334.1,-25.7090563960727
334.2,-25.3916735986476
334.3,-25.1475329852436
334.4,-25.1231189239032
334.5,-24.8057361264781
334.6,-25.0987048625628
334.7,-25.2696032919456
334.8,-26.221751684221
334.9,-25.8555407641151
335,-25.0987048625628
335.1,-26.6856188496885
335.2,-26.7100329110289
335.3,-26.5391344816461
335.4,-26.905345401752
335.5,-26.9541735244328
335.6,-26.5391344816461
335.7,-26.5147204203057
335.8,-26.905345401752
335.9,-26.6367907270077
336,-25.7334704574131
336.1,-24.2197986543086
336.2,-25.8799548254554
336.3,-27.5401109966022
336.4,-27.711009425985
336.5,-26.5147204203057
336.6,-27.0518297697944
336.7,-27.3447985058791
336.8,-27.8086656713466
336.9,-27.0762438311348
337,-27.0762438311348
337.1,-25.977611070817
337.2,-26.78327509505
337.3,-27.1494860151559
337.4,-26.0020251321574
337.5,-26.4903063589653
337.6,-27.4180406899003
337.7,-26.8565172790712
337.8,-26.6612047883481
337.9,-27.7598375486658
338,-27.7354234873254
338.1,-26.8809313404116
338.2,-26.6856188496885
338.3,-27.3203844445387
338.4,-26.4414782362845
338.5,-26.221751684221
338.6,-26.5147204203057
338.7,-26.6856188496884
338.8,-27.027415708454
338.9,-26.6612047883481
339,-24.5860095744146
339.1,-24.4639392677126
339.2,-24.7080798811165
339.3,-24.5615955130742
339.4,-24.1465564702875
339.5,-23.8535877342027
339.6,-25.1231189239032
339.7,-25.294017353286
339.8,-25.7578845187535
339.9,-26.4170641749441
340,-24.8545642491589
340.1,-24.366283022351
340.2,-24.5127673903934
340.3,-25.1231189239032
340.4,-25.7334704574131
340.5,-25.171947046584
340.6,-24.5127673903934
340.7,-25.5381579666899
340.8,-25.3916735986476
340.9,-24.5860095744145
341,-24.9033923718397
341.1,-25.7090563960727
341.2,-26.3194079295825
341.3,-26.0752673161786
341.4,-26.9785875857732
341.5,-26.6123766656673
341.6,-26.2949938682421
341.7,-26.0508532548382
341.8,-26.1729235615402
341.9,-27.711009425985
342,-26.7588610337096
342.1,-25.5869860893707
342.2,-26.2949938682421
342.3,-26.2705798069018
342.4,-26.1240954388594
342.5,-25.8067126414343
342.6,-25.5869860893707
342.7,-25.2696032919456
342.8,-25.5869860893707
342.9,-24.9278064331801
343,-25.855540764115
343.1,-25.8067126414343
343.2,-25.6358142120515
343.3,-25.8555407641151
343.4,-27.5645250579427
343.5,-27.1250719538156
343.6,-27.1250719538156
343.7,-26.7344469723693
343.8,-25.416087659988
343.9,-24.5615955130741
344,-25.0987048625628
344.1,-25.7090563960727
344.2,-25.171947046584
344.3,-26.4903063589653
344.4,-27.6377672419638
344.5,-27.7598375486658
344.6,-28.0772203460909
344.7,-29.1514390450683
344.8,-28.7852281249624
344.9,-27.833079732687
345,-27.6133531806234
345.1,-26.8321032177308
345.2,-27.4912828739215
345.3,-27.149486015156
345.4,-27.0762438311348
345.5,-27.5401109966023
345.6,-28.4922593888777
345.7,-27.9307359780486
345.8,-28.1016344074313
345.9,-28.6631578182604
346,-28.0772203460909
346.1,-28.516673450218
346.2,-28.0283922234102
346.3,-27.9795641007294
346.4,-27.6133531806234
346.5,-28.3457750208353
346.6,-28.3457750208353
346.7,-26.4658922976249
346.8,-27.4180406899003
346.9,-27.711009425985
347,-27.0518297697944
347.1,-28.4190172048565
347.2,-28.2237047141333
347.3,-27.833079732687
347.4,-27.1983141378367
347.5,-25.9043688867958
347.6,-26.2461657455614
347.7,-27.0518297697944
347.8,-27.1983141378367
347.9,-26.6367907270077
348,-27.1494860151559
348.1,-26.78327509505
348.2,-26.2949938682421
348.3,-25.9531970094766
348.4,-27.1006578924752
348.5,-28.5899156342392
348.6,-27.9307359780486
348.7,-26.8076891563904
348.8,-27.4180406899003
348.9,-27.7598375486658
349,-26.7344469723692
349.1,-26.4658922976249
349.2,-27.4180406899003
349.3,-26.221751684221
349.4,-27.0030016471136
349.5,-27.8574937940274
349.6,-26.2949938682421
349.7,-25.4405017213283
349.8,-26.1729235615402
349.9,-26.4170641749441
350,-28.1260484687717
350.1,-27.9307359780486
350.2,-27.6865953646446
350.3,-26.1729235615402
350.4,-25.3672595373072
350.5,-25.3184314146264
350.6,-25.7822985800939
350.7,-25.977611070817
350.8,-26.1485095001998
350.9,-24.9278064331801
351,-24.4639392677126
351.1,-25.3428454759668
351.2,-25.9043688867958
351.3,-25.7578845187535
351.4,-25.3916735986476
351.5,-25.2207751692648
351.6,-25.1963611079244
351.7,-25.7822985800939
351.8,-26.8076891563904
351.9,-25.5381579666899
352,-25.8311267027747
352.1,-25.3672595373072
352.2,-26.0264391934978
352.3,-24.9033923718397
352.4,-24.1465564702874
352.5,-25.294017353286
352.6,-25.294017353286
352.7,-24.244212715649
352.8,-25.5137439053495
352.9,-26.8565172790712
353,-26.9541735244328
353.1,-27.1006578924752
353.2,-26.0508532548382
353.3,-25.9531970094766
353.4,-25.977611070817
353.5,-26.2461657455614
353.6,-26.4414782362845
353.7,-25.6602282733919
353.8,-25.8067126414343
353.9,-25.1231189239032
354,-25.1475329852436
354.1,-24.3174548996702
354.2,-23.5117908754372
354.3,-25.2451892306052
354.4,-25.5625720280303
354.5,-24.7569080037973
354.6,-25.0010486172012
354.7,-25.9531970094766
354.8,-26.1485095001998
354.9,-25.4405017213283
355,-24.5127673903934
355.1,-25.0987048625628
355.2,-25.2696032919456
355.3,-26.5391344816461
355.4,-25.3184314146264
355.5,-24.2930408383298
355.6,-26.0264391934978
355.7,-25.416087659988
355.8,-24.7324939424569
355.9,-25.1475329852436
356,-24.366283022351
356.1,-24.5127673903934
356.2,-24.9278064331801
356.3,-25.4893298440091
356.4,-25.2207751692648
356.5,-25.0010486172013
356.6,-24.5127673903934
356.7,-25.294017353286
356.8,-26.2705798069018
356.9,-24.7324939424569
357,-24.8545642491589
357.1,-25.7578845187535
357.2,-26.4170641749441
357.3,-24.9522204945205
357.4,-25.1231189239032
357.5,-25.0987048625628
357.6,-26.3682360522633
357.7,-26.1485095001998
357.8,-25.4649157826687
357.9,-25.3428454759668
358,-25.2696032919456
358.1,-26.5635485429865
358.2,-26.099681377519
358.3,-26.4658922976249
358.4,-25.9287829481362
358.5,-25.5625720280303
358.6,-25.1475329852436
358.7,-26.8076891563904
358.8,-26.6367907270077
358.9,-27.1006578924752
359,-26.4170641749441
359.1,-26.4903063589653
359.2,-27.1250719538156
359.3,-26.1729235615402
359.4,-25.2696032919456
359.5,-25.2207751692648
359.6,-26.0020251321574
359.7,-26.1973376228806
359.8,-25.3184314146264
359.9,-24.1465564702874
360,-23.8780017955431
360.1,-24.1953845929682
360.2,-24.3418689610106
360.3,-24.5615955130741
360.4,-23.2432362006929
360.5,-23.3897205687352
360.6,-23.5362049367776
360.7,-23.68268930482
360.8,-24.3174548996702
360.9,-23.2188221393525
361,-24.0489002249259
361.1,-24.2930408383298
361.2,-24.3906970836914
361.3,-24.4151111450318
361.4,-23.4873768140968
361.5,-25.1963611079244
361.6,-25.6602282733919
361.7,-24.8301501878185
361.8,-24.4395252063722
361.9,-24.488353329053
362,-24.5127673903934
362.1,-24.488353329053
362.2,-24.366283022351
362.3,-23.9268299182239
362.4,-25.2451892306052
362.5,-25.2207751692648
362.6,-24.2686267769894
362.7,-23.6338611821392
362.8,-24.4151111450318
362.9,-24.5127673903934
363,-24.9522204945205
363.1,-24.3906970836914
363.2,-25.0987048625628
363.3,-24.366283022351
363.4,-23.7559314888411
363.5,-23.7315174275008
363.6,-23.5362049367776
363.7,-23.5362049367776
363.8,-24.1709705316278
363.9,-24.4151111450318
364,-24.9522204945205
364.1,-24.4639392677126
364.2,-23.8780017955431
364.3,-23.3653065073948
364.4,-24.7813220651377
364.5,-24.8789783104993
364.6,-24.2197986543086
364.7,-23.8291736728623
364.8,-24.0489002249259
364.9,-24.2686267769894
365,-24.0000721022451
365.1,-23.68268930482
365.2,-25.0254626785416
365.3,-24.7569080037973
365.4,-23.8780017955431
365.5,-25.5381579666899
365.6,-25.5137439053495
365.7,-24.4395252063722
365.8,-24.0733142862663
365.9,-24.5127673903934
366,-24.1709705316278
366.1,-24.8301501878185
366.2,-22.9990955872889
366.3,-23.2920643233737
366.4,-23.7559314888411
366.5,-24.0977283476067
366.6,-21.8028065816096
366.7,-22.7305409125446
366.8,-23.0235096486293
366.9,-23.0723377713101
367,-23.4629627527564
367.1,-23.0479237099697
367.2,-23.0723377713101
367.3,-22.510814360481
367.4,-23.2188221393525
367.5,-23.438548691416
367.6,-23.560618998118
367.7,-23.438548691416
367.8,-24.5615955130742
367.9,-24.3174548996702
368,-23.560618998118
368.1,-23.5362049367776
368.2,-23.9268299182239
368.3,-23.1699940166717
368.4,-23.2432362006929
368.5,-23.560618998118
368.6,-23.68268930482
368.7,-25.0987048625628
368.8,-23.1211658939909
368.9,-24.5371814517338
369,-24.7569080037973
369.1,-22.9258534032677
369.2,-24.3906970836914
369.3,-24.4395252063722
369.4,-23.3408924460544
369.5,-22.4375721764599
369.6,-22.510814360481
369.7,-24.0000721022451
369.8,-22.8526112192466
369.9,-21.4121816001633
370,-21.705150336248
370.1,-22.4375721764599
370.2,-23.6094471207988
370.3,-22.6572987285234
370.4,-21.3877675388229
370.5,-23.316478384714
370.6,-23.5117908754372
370.7,-22.4864002991406
370.8,-22.5596424831618
370.9,-23.9268299182239
371,-23.1699940166717
371.1,-23.2188221393525
371.2,-23.5850330594584
371.3,-24.3906970836914
371.4,-23.8535877342027
371.5,-23.0967518326505
371.6,-22.7793690352254
371.7,-22.5840565445022
371.8,-23.0479237099697
371.9,-22.9990955872889
372,-22.9990955872889
372.1,-21.949290949652
372.2,-22.4375721764599
372.3,-22.4375721764599
372.4,-23.316478384714
372.5,-22.4619862378003
372.6,-21.9004628269712
372.7,-23.1699940166717
372.8,-22.9990955872889
372.9,-22.1201893790347
373,-21.4854237841845
373.1,-21.0459706800574
373.2,-21.3877675388229
373.3,-22.4619862378003
373.4,-23.3408924460544
373.5,-23.2432362006929
373.6,-22.6084706058426
373.7,-24.0000721022451
373.8,-24.0000721022451
373.9,-23.7559314888411
374,-23.9268299182239
374.1,-21.9981190723328
374.2,-21.9737050109924
374.3,-22.8037830965658
374.4,-24.0000721022451
374.5,-24.0000721022451
374.6,-23.5117908754372
374.7,-22.5840565445022
374.8,-22.754954973885
374.9,-23.5850330594584
375,-23.6582752434796
375.1,-23.9024158568835
375.2,-22.9502674646081
375.3,-23.4141346300756
375.4,-24.9766345558609
375.5,-24.6592517584357
375.6,-24.0244861635855
375.7,-24.1465564702874
375.8,-24.4639392677126
375.9,-25.3916735986476
376,-23.7803455501815
376.1,-23.7559314888411
376.2,-23.2920643233737
376.3,-22.632884667183
376.4,-22.8037830965658
376.5,-23.1455799553313
376.6,-24.5371814517338
376.7,-23.7559314888411
376.8,-23.6338611821392
376.9,-22.5840565445022
377,-22.1446034403751
377.1,-21.9981190723328
377.2,-22.4375721764599
377.3,-22.4864002991406
377.4,-22.1446034403751
377.5,-22.5840565445022
377.6,-22.8526112192466
377.7,-21.9004628269712
377.8,-22.3155018697579
377.9,-22.1446034403751
378,-21.4365956615037
378.1,-22.9746815259485
378.2,-22.7061268512042
378.3,-21.7783925202692
378.4,-21.5830800295461
378.5,-21.705150336248
378.6,-22.2910878084175
378.7,-21.2901112934613
378.8,-21.021556618717
378.9,-21.8760487656308
379,-22.4864002991406
379.1,-22.6572987285234
379.2,-23.4141346300756
379.3,-22.6084706058426
379.4,-22.1690175017155
379.5,-22.9502674646081
379.6,-23.1944080780121
379.7,-22.754954973885
379.8,-22.9258534032677
379.9,-23.6094471207988
380,-23.0235096486293
380.1,-22.9502674646081
380.2,-23.438548691416
380.3,-23.2432362006929
380.4,-23.4873768140968
380.5,-23.3653065073948
380.6,-22.510814360481
380.7,-22.5352284218214
380.8,-23.8535877342027
380.9,-23.5117908754372
381,-23.2676502620333
381.1,-23.8780017955431
381.2,-23.8535877342027
381.3,-24.7324939424569
381.4,-23.4873768140968
381.5,-23.68268930482
381.6,-24.7080798811165
381.7,-25.0742908012224
381.8,-25.3184314146264
381.9,-24.3418689610106
382,-25.1475329852436
382.1,-25.0254626785416
382.2,-25.4893298440091
382.3,-25.2451892306052
382.4,-23.9024158568835
382.5,-24.8545642491589
382.6,-24.0489002249259
382.7,-24.1709705316278
382.8,-23.2920643233737
382.9,-23.1944080780121
383,-22.6817127898638
383.1,-22.4864002991406
383.2,-22.877025280587
383.3,-22.5840565445022
383.4,-23.0723377713101
383.5,-22.0225331336732
383.6,-23.6582752434796
383.7,-23.8047596115219
383.8,-23.0235096486293
383.9,-23.5362049367776
384,-23.9024158568835
384.1,-23.5117908754372
384.2,-23.4629627527564
384.3,-23.0723377713101
384.4,-22.4131581151195
384.5,-22.9014393419273
384.6,-23.316478384714
384.7,-23.5850330594584
384.8,-23.4873768140968
384.9,-22.9258534032677
385,-23.0235096486293
385.1,-21.5098378455249
385.2,-22.877025280587
385.3,-22.877025280587
385.4,-23.9512439795643
385.5,-22.7061268512042
385.6,-22.7793690352254
385.7,-22.9258534032677
385.8,-23.7315174275007
385.9,-23.3897205687352
386,-22.5352284218214
386.1,-22.6084706058426
386.2,-23.9756580409047
386.3,-25.0010486172013
386.4,-23.8291736728623
386.5,-24.488353329053
386.6,-24.3906970836914
386.7,-23.9268299182239
386.8,-23.5117908754372
386.9,-22.6572987285234
387,-23.5850330594584
387.1,-23.68268930482
387.2,-23.3897205687352
387.3,-22.2178456243963
387.4,-23.2920643233737
387.5,-22.3155018697579
387.6,-22.6572987285234
387.7,-21.8028065816096
387.8,-22.5596424831618
387.9,-23.6094471207988
388,-22.7305409125446
388.1,-22.6817127898638
388.2,-21.6563222135672
388.3,-20.8262441279938
388.4,-22.1446034403751
388.5,-22.6084706058426
388.6,-22.9746815259485
388.7,-23.8047596115219
388.8,-23.6338611821392
388.9,-23.5117908754372
389,-24.6104236357549
389.1,-24.2930408383298
389.2,-23.2432362006928
389.3,-23.4629627527564
389.4,-23.68268930482
389.5,-24.0733142862663
389.6,-24.366283022351
389.7,-24.4151111450318
389.8,-24.3174548996702
389.9,-23.8291736728623
390,-24.1953845929682
390.1,-23.7559314888411
390.2,-23.3897205687352
390.3,-23.7559314888411
390.4,-22.9990955872889
390.5,-23.5117908754372
390.6,-23.316478384714
390.7,-22.4375721764599
390.8,-23.0235096486293
390.9,-23.9512439795643
391,-23.8291736728623
391.1,-22.5840565445022
391.2,-23.2676502620333
391.3,-24.7813220651377
391.4,-23.9756580409047
391.5,-23.3653065073948
391.6,-23.6094471207988
391.7,-23.7803455501815
391.8,-24.0489002249259
391.9,-24.7324939424569
392,-24.366283022351
392.1,-23.9756580409047
392.2,-22.6084706058426
392.3,-22.9258534032677
392.4,-23.5362049367776
392.5,-24.6592517584357
392.6,-23.6338611821392
392.7,-23.4629627527564
392.8,-24.2197986543086
392.9,-24.9522204945205
393,-25.0254626785416
393.1,-26.0020251321574
393.2,-26.8076891563904
393.3,-25.5137439053495
393.4,-26.0264391934978
393.5,-25.0742908012224
393.6,-24.0733142862663
393.7,-24.1709705316278
393.8,-23.560618998118
393.9,-21.5098378455249
394,-23.0479237099697
394.1,-22.9502674646081
394.2,-24.9766345558609
394.3,-23.0723377713101
394.4,-23.3408924460545
394.5,-23.1211658939909
394.6,-23.7803455501815
394.7,-24.7569080037973
394.8,-23.316478384714
394.9,-23.1699940166717
395,-22.7061268512042
395.1,-22.877025280587
395.2,-24.488353329053
395.3,-25.0498767398821
395.4,-24.3906970836914
395.5,-23.560618998118
395.6,-24.3418689610106
395.7,-23.5117908754372
395.8,-24.4151111450318
395.9,-25.7334704574131
396,-25.6846423347323
396.1,-24.8057361264781
396.2,-24.5615955130742
396.3,-23.5362049367776
396.4,-23.1699940166717
396.5,-23.0479237099697
396.6,-22.3399159310983
396.7,-22.1934315630559
396.8,-22.1690175017155
396.9,-22.4864002991407
397,-24.0489002249259
397.1,-23.438548691416
397.2,-23.4873768140968
397.3,-23.2676502620333
397.4,-22.9258534032678
397.5,-23.6582752434796
397.6,-23.8780017955431
397.7,-22.9258534032678
397.8,-22.6084706058426
397.9,-22.754954973885
398,-23.7559314888411
398.1,-22.8281971579062
398.2,-22.2910878084175
398.3,-23.5850330594584
398.4,-22.7793690352254
398.5,-22.1934315630559
398.6,-22.1446034403751
398.7,-21.6807362749076
398.8,-21.8516347042904
398.9,-22.1934315630559
399,-22.632884667183
399.1,-21.021556618717
399.2,-21.949290949652
399.3,-22.7305409125446
399.4,-23.5362049367776
399.5,-23.6582752434796
399.6,-22.9502674646081
399.7,-23.6338611821392
399.8,-24.7569080037973
399.9,-23.9268299182239
400,-23.560618998118
400.1,-22.7793690352254
400.2,-22.0713612563539
400.3,-21.8760487656308
400.4,-21.021556618717
400.5,-21.6319081522268
400.6,-22.2910878084175
400.7,-22.7305409125446
400.8,-22.7793690352254
400.9,-22.5596424831618
401,-22.7305409125446
401.1,-23.1211658939909
401.2,-23.438548691416
401.3,-23.1455799553313
401.4,-22.2910878084175
401.5,-22.5352284218214
401.6,-23.6338611821392
401.7,-23.8291736728623
401.8,-23.316478384714
401.9,-23.1211658939909
402,-22.7305409125446
402.1,-23.1699940166717
402.2,-22.3399159310983
402.3,-22.632884667183
402.4,-21.8516347042904
402.5,-22.7793690352254
402.6,-23.6582752434796
402.7,-22.5840565445022
402.8,-21.9981190723328
402.9,-22.510814360481
403,-21.9004628269712
403.1,-21.9248768883116
403.2,-22.5352284218214
403.3,-22.1690175017155
403.4,-22.4864002991406
403.5,-22.9746815259485
403.6,-22.5840565445022
403.7,-23.0967518326505
403.8,-23.5362049367776
403.9,-23.1211658939909
404,-23.0967518326505
404.1,-22.754954973885
404.2,-23.0235096486293
404.3,-23.1944080780121
404.4,-23.0967518326505
404.5,-24.0000721022451
404.6,-23.3653065073948
404.7,-22.2666737470771
404.8,-21.5098378455249
404.9,-21.6807362749076
405,-21.9248768883116
405.1,-22.9014393419273
405.2,-22.9014393419273
405.3,-23.7559314888411
405.4,-23.2432362006929
405.5,-23.3653065073948
405.6,-23.6094471207988
405.7,-23.2920643233737
405.8,-23.6338611821392
405.9,-23.2676502620333
406,-22.9990955872889
406.1,-22.6572987285234
406.2,-22.0957753176943
406.3,-22.8281971579062
406.4,-23.3653065073948
406.5,-23.8047596115219
406.6,-23.3653065073948
406.7,-22.5840565445022
406.8,-22.9990955872889
406.9,-22.5596424831618
407,-22.0957753176943
407.1,-22.7305409125446
407.2,-22.6572987285234
407.3,-22.9990955872889
407.4,-23.5362049367776
407.5,-22.3643299924387
407.6,-21.3633534774825
407.7,-22.1934315630559
407.8,-22.4375721764599
407.9,-22.8037830965658
408,-21.4121816001633
408.1,-22.0225331336731
408.2,-22.4131581151195
408.3,-22.3887440537791
408.4,-22.3155018697579
408.5,-23.0967518326505
408.6,-23.9756580409047
408.7,-23.0479237099697
408.8,-22.1690175017155
408.9,-22.1690175017155
409,-22.9990955872889
409.1,-21.705150336248
409.2,-22.1201893790347
409.3,-22.4619862378003
409.4,-22.2666737470771
409.5,-23.7315174275008
409.6,-22.754954973885
409.7,-21.2656972321209
409.8,-21.0703847413978
409.9,-21.705150336248
410,-21.2656972321209
410.1,-20.5088613305687
410.2,-20.4600332078879
410.3,-21.0703847413978
410.4,-20.5332753919091
410.5,-20.215892594484
410.6,-21.3145253548017
410.7,-20.7530019439727
410.8,-19.6055410609741
410.9,-21.1924550480997
411,-21.6807362749076
411.1,-20.8750722506746
411.2,-21.1680409867593
411.3,-21.1192128640786
411.4,-20.215892594484
411.5,-20.3135488398455
411.6,-20.1182363491224
411.7,-20.777416005313
411.8,-21.1924550480997
411.9,-20.5821035145899
412,-21.0459706800574
412.1,-20.8750722506746
412.2,-21.3389394161421
412.3,-21.021556618717
412.4,-21.9737050109924
412.5,-20.5821035145899
412.6,-21.7539784589288
412.7,-22.1690175017155
412.8,-21.8760487656308
412.9,-21.2168691094401
413,-20.9971425573766
413.1,-19.6543691836549
413.2,-19.2393301408682
413.3,-20.6553456986111
413.4,-20.3135488398455
413.5,-21.3389394161421
413.6,-22.3643299924387
413.7,-21.6319081522268
413.8,-21.143626925419
413.9,-21.143626925419
414,-20.0205801037608
414.1,-20.337962901186
414.2,-20.0449941651012
414.3,-20.5821035145899
414.4,-20.7285878826323
414.5,-19.6299551223145
414.6,-20.8262441279938
414.7,-19.5811269996337
414.8,-20.5821035145899
414.9,-20.8506581893342
415,-20.3867910238667
415.1,-20.2647207171648
415.2,-19.5078848156125
415.3,-20.5821035145899
415.4,-20.9727284960362
415.5,-20.4844472692283
415.6,-18.3360098712736
415.7,-20.337962901186
415.8,-19.9229238583992
415.9,-19.2149160795278
416,-19.6787832449953
416.1,-20.4356191465475
416.2,-21.4854237841845
416.3,-21.4854237841845
416.4,-20.9239003733554
416.5,-20.7285878826323
416.6,-19.9229238583992
416.7,-20.093822287782
416.8,-19.97175198108
416.9,-19.6787832449953
417,-20.5821035145899
417.1,-21.7783925202692
417.2,-21.7539784589288
417.3,-22.0469471950135
417.4,-20.8506581893342
417.5,-21.5586659682057
417.6,-21.1680409867594
417.7,-21.3633534774825
417.8,-20.5821035145899
417.9,-21.0459706800574
418,-20.9727284960362
418.1,-20.1914785331436
418.2,-19.044017650145
418.3,-18.3848379939544
418.4,-19.0440176501451
418.5,-19.8985097970588
418.6,-20.8262441279938
418.7,-21.143626925419
418.8,-20.8750722506746
418.9,-21.5098378455249
419,-20.7285878826323
419.1,-20.3135488398456
419.2,-20.4844472692283
419.3,-20.1182363491224
419.4,-19.4834707542721
419.5,-18.8487051594219
419.6,-20.5576894532495
419.7,-21.4610097228441
419.8,-21.4121816001633
419.9,-20.7041738212919
420,-19.8008535516973
420.1,-20.1426504104628
420.2,-20.4844472692283
420.3,-19.7764394903569
420.4,-20.2891347785052
420.5,-20.2647207171648
420.6,-20.6797597599515
420.7,-20.6553456986111
420.8,-21.2168691094401
420.9,-20.3623769625263
421,-19.9961660424204
421.1,-20.0205801037608
421.2,-20.215892594484
421.3,-20.3623769625263
421.4,-20.6553456986111
421.5,-21.6563222135672
421.6,-21.3145253548017
421.7,-20.4844472692283
421.8,-21.5586659682057
421.9,-21.3877675388229
422,-20.7041738212919
422.1,-21.143626925419
422.2,-20.8262441279938
422.3,-20.7530019439727
422.4,-21.6563222135672
422.5,-20.5576894532495
422.6,-20.9971425573766
422.7,-21.5586659682057
422.8,-21.1680409867594
422.9,-20.9483144346958
423,-20.3867910238667
423.1,-20.6553456986111
423.2,-19.6543691836549
423.3,-19.8740957357185
423.4,-20.1914785331436
423.5,-20.6309316372707
423.6,-21.8516347042904
423.7,-23.0967518326505
423.8,-22.5840565445022
423.9,-21.3145253548017
424,-21.0703847413978
424.1,-21.4121816001633
424.2,-21.705150336248
424.3,-21.4854237841845
424.4,-21.3145253548017
424.5,-21.5342519068653
424.6,-21.8760487656308
424.7,-21.9248768883116
424.8,-20.8262441279938
424.9,-21.2168691094401
425,-21.9737050109924
425.1,-21.6319081522268
425.2,-20.2647207171648
425.3,-20.0449941651012
425.4,-19.8496816743781
425.5,-19.7031973063357
425.6,-19.8740957357185
425.7,-19.8740957357185
425.8,-20.5332753919091
425.9,-21.2656972321209
426,-20.8018300666534
426.1,-21.6563222135672
426.2,-21.0459706800574
426.3,-20.8750722506746
426.4,-22.1201893790347
426.5,-22.754954973885
426.6,-22.2666737470771
426.7,-22.3155018697579
426.8,-21.82722064295
426.9,-21.7539784589288
427,-20.0205801037608
427.1,-19.5567129382933
427.2,-20.777416005313
427.3,-19.8985097970588
427.4,-18.6533926686987
427.5,-20.5821035145899
427.6,-21.7295643975884
427.7,-20.5332753919091
427.8,-18.5801504846776
427.9,-18.9219473434431
428,-20.7041738212919
428.1,-21.3877675388229
428.2,-19.97175198108
428.3,-20.2891347785052
428.4,-20.5576894532495
428.5,-20.5332753919091
428.6,-19.3614004475702
428.7,-18.8487051594219
428.8,-19.7031973063357
428.9,-20.9727284960362
429,-20.6065175759303
429.1,-20.8506581893342
429.2,-20.8262441279938
429.3,-20.3623769625263
429.4,-20.6553456986111
429.5,-21.021556618717
429.6,-20.6065175759303
429.7,-20.8018300666534
429.8,-20.6553456986111
429.9,-19.97175198108
430,-20.4356191465475
430.1,-21.949290949652
430.2,-21.3877675388229
430.3,-21.2168691094401
430.4,-20.7530019439727
430.5,-20.6797597599515
430.6,-20.9483144346958
430.7,-21.2412831707805
430.8,-20.2891347785052
430.9,-19.166087956847
431,-20.2403066558244
431.1,-20.6553456986111
431.2,-19.9473379197396
431.3,-19.4590566929318
431.4,-20.8018300666534
431.5,-20.2647207171648
431.6,-20.2403066558244
431.7,-19.7764394903569
431.8,-19.288158263549
431.9,-19.9229238583992
432,-20.0694082264416
432.1,-19.9473379197396
432.2,-19.410228570251
432.3,-19.0928457728258
432.4,-18.8242910980815
432.5,-20.0694082264416
432.6,-20.2647207171648
432.7,-20.1670644718032
432.8,-19.5078848156125
432.9,-19.288158263549
433,-20.1914785331436
433.1,-19.5322988769529
433.2,-19.4346426315914
433.3,-19.7520254290165
433.4,-19.7031973063357
433.5,-19.7764394903569
433.6,-20.3623769625263
433.7,-19.8008535516973
433.8,-19.0196035888047
433.9,-19.7520254290165
434,-19.8252676130377
434.1,-19.3125723248894
434.2,-21.3145253548017
434.3,-20.6309316372707
434.4,-20.8262441279938
434.5,-21.4610097228441
434.6,-19.8252676130377
434.7,-19.7520254290165
434.8,-19.0440176501451
434.9,-20.093822287782
435,-19.5811269996337
435.1,-19.3614004475702
435.2,-19.6543691836549
435.3,-19.8985097970589
435.4,-20.215892594484
435.5,-20.0694082264416
435.6,-20.6309316372707
435.7,-20.2647207171648
435.8,-20.1182363491224
435.9,-20.4600332078879
436,-19.4590566929317
436.1,-19.97175198108
436.2,-19.4834707542722
436.3,-19.4590566929318
436.4,-19.0440176501451
436.5,-19.5078848156125
436.6,-18.2871817485928
436.7,-18.5069083006564
436.8,-18.9951895274643
436.9,-18.5557364233372
437,-17.432689601679
437.1,-18.7266348527199
437.2,-19.2393301408682
437.3,-19.8252676130377
437.4,-19.5322988769529
437.5,-18.8975332821027
437.6,-19.5811269996337
437.7,-18.8731192207623
437.8,-18.0430411351889
437.9,-18.7754629754007
438,-21.1192128640786
438.1,-20.5088613305687
438.2,-20.3867910238667
438.3,-21.1192128640786
438.4,-20.899486312015
438.5,-21.1192128640786
438.6,-20.9971425573766
438.7,-20.5332753919091
438.8,-19.7276113676761
438.9,-18.4580801779756
439,-19.6299551223145
439.1,-20.6309316372707
439.2,-19.9229238583992
439.3,-18.7754629754007
439.4,-19.4346426315914
439.5,-21.6563222135672
439.6,-21.6563222135672
439.7,-19.8496816743781
439.8,-19.2637442022086
439.9,-19.97175198108
440,-20.215892594484
440.1,-19.7520254290165
440.2,-20.4600332078879
440.3,-20.6797597599515
440.4,-19.8496816743781
440.5,-19.5078848156125
440.6,-19.5811269996337
440.7,-20.093822287782
440.8,-19.5078848156125
440.9,-19.0684317114854
441,-18.8975332821027
441.1,-19.0440176501451
441.2,-19.3369863862298
441.3,-19.3614004475702
441.4,-19.1172598341662
441.5,-20.3135488398455
441.6,-20.9971425573766
441.7,-20.9727284960362
441.8,-20.3867910238667
441.9,-20.2647207171648
442,-20.7285878826323
442.1,-21.9737050109924
442.2,-21.5586659682057
442.3,-20.7530019439727
442.4,-21.9981190723328
442.5,-21.705150336248
442.6,-21.9737050109924
442.7,-20.6065175759303
442.8,-21.2168691094401
442.9,-21.143626925419
443,-21.3877675388229
443.1,-20.2891347785052
443.2,-19.9473379197396
443.3,-19.410228570251
443.4,-19.4590566929318
443.5,-19.6787832449953
443.6,-18.7754629754007
443.7,-18.9463614047835
443.8,-19.166087956847
443.9,-18.7266348527199
444,-19.3858145089106
444.1,-19.9473379197396
444.2,-19.7276113676761
444.3,-19.0928457728258
444.4,-19.3614004475702
444.5,-18.6289786073584
444.6,-18.8975332821027
444.7,-18.6533926686987
444.8,-18.9707754661239
444.9,-18.2139395645716
445,-17.9453848898273
445.1,-18.482494239316
445.2,-19.4346426315914
445.3,-19.6543691836549
445.4,-17.4815177243598
445.5,-16.9688224362115
445.6,-19.0196035888047
445.7,-19.8740957357185
445.8,-19.288158263549
445.9,-19.0928457728258
446,-18.7998770367411
446.1,-18.6533926686987
446.2,-20.4356191465475
446.3,-20.4112050852071
446.4,-20.6797597599515
446.5,-19.5322988769529
446.6,-20.3135488398456
446.7,-20.5576894532495
446.8,-19.4346426315914
446.9,-19.0440176501451
447,-19.7764394903569
447.1,-19.6299551223145
447.2,-19.1905020181874
447.3,-17.6280020924022
447.4,-17.2617911722963
447.5,-18.4336661166352
447.6,-18.6533926686987
447.7,-18.7022207913795
447.8,-18.0674551965293
447.9,-18.5557364233372
448,-18.238353625912
448.1,-18.0674551965293
448.2,-18.1651114418909
448.3,-18.6289786073584
448.4,-19.2149160795278
448.5,-19.1905020181874
448.6,-19.1905020181874
448.7,-17.2617911722963
448.8,-18.3115958099332
448.9,-18.8487051594219
449,-18.1162833192101
449.1,-19.2393301408682
449.2,-19.6299551223145
449.3,-20.2891347785052
449.4,-20.5576894532495
449.5,-20.1914785331436
449.6,-20.0449941651012
449.7,-20.0205801037608
449.8,-19.6543691836549
449.9,-19.7031973063357
450,-19.7276113676761
450.1,-19.8740957357185
450.2,-18.7022207913795
450.3,-19.0196035888047
450.4,-18.8975332821027
450.5,-18.8975332821027
450.6,-18.5557364233372
450.7,-18.7022207913795
450.8,-18.9463614047835
450.9,-18.6778067300391
451,-18.9463614047835
451.1,-19.0928457728258
451.2,-19.7276113676761
451.3,-19.2637442022086
451.4,-20.8262441279938
451.5,-20.8506581893342
451.6,-20.4356191465475
451.7,-19.166087956847
451.8,-20.0694082264416
451.9,-20.7041738212919
452,-19.8496816743781
452.1,-19.3125723248894
452.2,-19.4590566929318
452.3,-19.6299551223145
452.4,-19.0928457728258
452.5,-19.4834707542722
452.6,-19.0196035888047
452.7,-19.0440176501451
452.8,-20.1182363491224
452.9,-20.3623769625263
453,-20.9971425573766
453.1,-20.3867910238667
453.2,-20.5088613305687
453.3,-21.7295643975884
453.4,-19.5811269996337
453.5,-20.2891347785052
453.6,-20.337962901186
453.7,-20.8506581893342
453.8,-20.7530019439727
453.9,-21.2168691094401
454,-19.5078848156125
454.1,-19.8985097970589
454.2,-20.2647207171648
454.3,-19.8740957357185
454.4,-20.6797597599515
454.5,-19.8252676130377
454.6,-20.7530019439727
454.7,-21.9004628269712
454.8,-20.8018300666534
454.9,-19.0928457728258
455,-20.4844472692283
455.1,-20.337962901186
455.2,-20.1670644718032
455.3,-20.1182363491224
455.4,-19.288158263549
455.5,-19.8252676130377
455.6,-18.6778067300391
455.7,-18.2139395645716
455.8,-19.0928457728258
455.9,-21.3389394161421
456,-20.2891347785052
456.1,-19.6787832449953
456.2,-20.1914785331436
456.3,-19.9229238583992
456.4,-19.8740957357185
456.5,-21.2656972321209
456.6,-22.2178456243963
456.7,-20.4356191465475
456.8,-19.166087956847
456.9,-19.5567129382933
457,-20.6797597599515
457.1,-20.0694082264416
457.2,-20.6553456986111
457.3,-19.7031973063357
457.4,-20.5332753919091
457.5,-20.6065175759303
457.6,-21.6074940908864
457.7,-21.4610097228441
457.8,-20.215892594484
457.9,-19.3858145089106
458,-19.8496816743781
458.1,-18.9219473434431
458.2,-17.8721427058061
458.3,-18.3115958099332
458.4,-18.7510489140603
458.5,-19.044017650145
458.6,-18.8242910980815
458.7,-18.7754629754007
458.8,-19.7031973063357
458.9,-21.143626925419
459,-20.7285878826323
459.1,-20.0205801037608
459.2,-20.7041738212919
459.3,-19.5322988769529
459.4,-17.7744864604446
459.5,-18.6778067300391
459.6,-18.3360098712736
459.7,-19.1416738955066
459.8,-19.8008535516973
459.9,-19.0440176501451
460,-18.5069083006564
460.1,-18.2627676872524
460.2,-18.5801504846776
460.3,-17.7989005217849
460.4,-18.8731192207623
460.5,-18.238353625912
460.6,-18.1651114418909
460.7,-19.4834707542722
460.8,-19.0196035888047
460.9,-20.2647207171648
461,-21.2901112934613
461.1,-20.1914785331436
461.2,-18.238353625912
461.3,-20.1670644718032
461.4,-20.6309316372707
461.5,-19.6055410609741
461.6,-20.215892594484
461.7,-19.9473379197396
461.8,-19.6299551223145
461.9,-21.2901112934613
462,-21.1924550480997
462.1,-21.6319081522268
462.2,-20.7530019439727
462.3,-19.3858145089106
462.4,-19.2393301408682
462.5,-20.0205801037608
462.6,-19.0684317114854
462.7,-18.4092520552948
462.8,-18.8242910980815
462.9,-18.5069083006564
463,-18.9707754661239
463.1,-18.3360098712736
463.2,-18.0430411351889
463.3,-18.6289786073583
463.4,-18.6533926686987
463.5,-19.3858145089106
463.6,-19.7520254290165
463.7,-20.3867910238667
463.8,-21.7295643975884
463.9,-20.8262441279938
464,-18.6778067300391
464.1,-19.6055410609741
464.2,-19.2393301408682
464.3,-19.3369863862298
464.4,-18.7022207913795
464.5,-18.1895255032313
464.6,-18.7266348527199
464.7,-18.0918692578697
464.8,-17.9209708284869
464.9,-18.3848379939544
465,-18.3115958099332
465.1,-18.9951895274643
465.2,-19.5322988769529
465.3,-19.5078848156125
465.4,-19.410228570251
465.5,-19.044017650145
465.6,-19.7764394903569
465.7,-19.2393301408682
465.8,-19.6543691836549
465.9,-19.7764394903569
466,-18.7266348527199
466.1,-19.0684317114854
466.2,-18.604564546018
466.3,-18.5557364233372
466.4,-19.1172598341662
466.5,-18.8731192207623
466.6,-17.4815177243598
466.7,-17.3106192949771
466.8,-18.360423932614
466.9,-19.8985097970589
467,-18.360423932614
467.1,-17.3350333563175
467.2,-18.5557364233372
467.3,-18.3115958099332
467.4,-17.7744864604446
467.5,-17.5791739697214
467.6,-17.9453848898273
467.7,-18.0430411351889
467.8,-17.0176505588923
467.9,-17.2617911722963
468,-16.3096427800209
468.1,-16.7246818228076
468.2,-17.7744864604446
468.3,-16.6758537001268
468.4,-16.9444083748711
468.5,-18.9707754661239
468.6,-19.7276113676761
468.7,-19.6055410609741
468.8,-18.3848379939544
468.9,-17.4571036630194
469,-18.9707754661239
469.1,-17.6035880310618
469.2,-17.8477286444657
469.3,-17.8477286444657
469.4,-17.2862052336367
469.5,-15.9922599825958
469.6,-16.5537833934248
469.7,-14.893627222278
469.8,-15.2842522037243
469.9,-15.2842522037243
470,-15.4795646944475
470.1,-16.0899162279573
470.2,-17.0664786815731
470.3,-16.5781974547652
470.4,-16.3340568413613
470.5,-17.676830215083
470.6,-16.7002677614672
470.7,-15.8457756145534
470.8,-16.2608146573401
470.9,-16.9444083748711
471,-17.0176505588923
471.1,-17.2129630496155
471.2,-18.0430411351889
471.3,-18.2627676872524
471.4,-18.8487051594219
471.5,-17.6035880310618
471.6,-17.7744864604446
471.7,-17.9942130125081
471.8,-17.6035880310618
471.9,-17.0664786815731
472,-17.1397208655943
472.1,-17.1885489882751
472.2,-17.8721427058061
472.3,-18.0674551965293
472.4,-17.554759908381
472.5,-17.7256583377638
472.6,-18.4336661166352
472.7,-18.1406973805505
472.8,-18.7754629754007
472.9,-18.5801504846776
473,-18.8731192207623
473.1,-18.7266348527199
473.2,-18.238353625912
473.3,-18.2871817485928
473.4,-18.1895255032313
473.5,-18.8975332821027
473.6,-19.3858145089106
473.7,-18.5069083006564
473.8,-17.2129630496155
473.9,-16.6758537001268
474,-17.3106192949771
474.1,-18.0918692578697
474.2,-19.0196035888047
474.3,-18.2871817485928
474.4,-17.8477286444657
474.5,-17.7989005217849
474.6,-18.7510489140603
474.7,-19.0684317114854
474.8,-19.0196035888047
474.9,-19.410228570251
475,-19.1905020181874
475.1,-19.7031973063357
475.2,-18.6778067300391
475.3,-18.1406973805505
475.4,-17.3106192949771
475.5,-17.5303458470406
475.6,-18.2139395645716
475.7,-17.4571036630194
475.8,-16.3584709027017
475.9,-16.8223380681692
476,-18.1406973805505
476.1,-17.5303458470406
476.2,-17.0664786815731
476.3,-17.2129630496155
476.4,-18.5313223619968
476.5,-19.0928457728258
476.6,-17.554759908381
476.7,-18.1651114418909
476.8,-17.7256583377638
476.9,-18.5313223619968
477,-17.9942130125081
477.1,-17.9942130125081
477.2,-17.1885489882751
477.3,-16.7246818228076
477.4,-17.7256583377638
477.5,-18.7022207913795
477.6,-19.1905020181874
477.7,-17.8477286444657
477.8,-17.0908927429135
477.9,-16.5781974547652
478,-17.1641349269347
478.1,-18.1895255032313
478.2,-17.8233145831253
478.3,-18.1651114418909
478.4,-18.0186270738485
478.5,-17.8233145831253
478.6,-17.9697989511677
478.7,-18.3848379939544
478.8,-19.5567129382933
478.9,-18.5313223619968
479,-17.554759908381
479.1,-16.8955802521904
479.2,-18.3848379939544
479.3,-18.1651114418909
479.4,-17.6524161537426
479.5,-17.0908927429135
479.6,-18.5069083006564
479.7,-18.6289786073584
479.8,-18.3360098712736
479.9,-18.3115958099332
480,-18.1162833192101
480.1,-17.6035880310618
480.2,-17.8721427058061
480.3,-18.1406973805505
480.4,-18.360423932614
480.5,-17.6524161537426
480.6,-17.5303458470406
480.7,-17.5791739697214
480.8,-17.9942130125081
480.9,-17.9453848898273
481,-17.9209708284869
481.1,-17.5059317857002
481.2,-17.6524161537426
481.3,-19.166087956847
481.4,-19.3614004475702
481.5,-17.9697989511677
481.6,-19.166087956847
481.7,-20.0205801037608
481.8,-19.3369863862298
481.9,-18.1651114418909
482,-17.7256583377638
482.1,-18.5069083006564
482.2,-19.288158263549
482.3,-20.093822287782
482.4,-19.7764394903569
482.5,-18.9951895274643
482.6,-18.3848379939544
482.7,-19.288158263549
482.8,-19.6055410609741
482.9,-19.1905020181874
483,-19.4346426315914
483.1,-19.1905020181874
483.2,-19.0684317114854
483.3,-17.9697989511677
483.4,-18.1895255032313
483.5,-18.0918692578697
483.6,-18.1895255032312
483.7,-19.5322988769529
483.8,-18.604564546018
483.9,-18.4092520552948
484,-19.0684317114854
484.1,-19.6543691836549
484.2,-18.3848379939544
484.3,-18.7998770367411
484.4,-19.0196035888047
484.5,-17.7500723991042
484.6,-18.7754629754007
484.7,-17.7012442764234
484.8,-17.676830215083
484.9,-17.8721427058061
485,-18.5069083006564
485.1,-17.3838614789982
485.2,-16.4072990253825
485.3,-17.4082755403386
485.4,-17.6524161537426
485.5,-17.5059317857002
485.6,-16.065502166617
485.7,-15.1865959583627
485.8,-17.0176505588923
485.9,-17.1641349269347
486,-17.7989005217849
486.1,-16.9688224362115
486.2,-17.2862052336367
486.3,-17.5059317857002
486.4,-17.8965567671465
486.5,-17.8721427058061
486.6,-17.676830215083
486.7,-16.8955802521904
486.8,-18.5557364233372
486.9,-18.5801504846776
487,-17.5791739697214
487.1,-17.1153068042539
487.2,-18.2871817485928
487.3,-18.1651114418909
487.4,-18.1162833192101
487.5,-17.6524161537426
487.6,-18.238353625912
487.7,-19.1172598341662
487.8,-18.7266348527199
487.9,-18.5313223619968
488,-17.9453848898273
488.1,-18.0674551965293
488.2,-17.7989005217849
488.3,-16.6026115161056
488.4,-17.2617911722963
488.5,-17.6035880310618
488.6,-17.8233145831253
488.7,-17.1885489882751
488.8,-16.3096427800209
488.9,-16.3828849640421
489,-17.7989005217849
489.1,-16.8467521295096
489.2,-16.7002677614672
489.3,-17.8721427058061
489.4,-17.4082755403386
489.5,-17.0664786815731
489.6,-17.9453848898273
489.7,-18.5801504846776
489.8,-18.5313223619968
489.9,-16.8955802521903
490,-17.3838614789982
490.1,-18.4092520552948
490.2,-19.2149160795278
490.3,-18.0918692578697
490.4,-17.432689601679
490.5,-18.0186270738485
490.6,-19.288158263549
490.7,-18.9951895274643
490.8,-18.482494239316
490.9,-16.8223380681692
491,-17.4082755403386
491.1,-18.4092520552948
491.2,-17.4815177243598
491.3,-16.9444083748711
491.4,-17.7500723991042
491.5,-19.0440176501451
491.6,-18.4336661166352
491.7,-17.8965567671465
491.8,-17.1641349269347
491.9,-17.7744864604446
492,-18.8975332821027
492.1,-18.5557364233372
492.2,-18.1651114418909
492.3,-17.5059317857002
492.4,-17.0664786815731
492.5,-18.6778067300391
492.6,-16.8955802521904
492.7,-17.0176505588923
492.8,-16.7246818228076
492.9,-16.4561271480633
493,-18.604564546018
493.1,-19.7276113676761
493.2,-18.7266348527199
493.3,-19.8252676130377
493.4,-20.7041738212919
493.5,-20.9239003733554
493.6,-20.3867910238667
493.7,-19.7764394903569
493.8,-18.5313223619968
493.9,-19.8008535516973
494,-19.5811269996337
494.1,-18.8975332821027
494.2,-19.3858145089106
494.3,-19.2149160795278
494.4,-19.288158263549
494.5,-18.7998770367411
494.6,-17.4815177243598
494.7,-18.4092520552948
494.8,-18.8731192207623
494.9,-18.482494239316
495,-18.2627676872524
495.1,-18.9463614047835
495.2,-18.8242910980815
495.3,-18.238353625912
495.4,-18.7022207913795
495.5,-19.5567129382933
495.6,-19.8252676130377
495.7,-19.8740957357185
495.8,-20.1670644718032
495.9,-18.4092520552948
496,-19.1172598341662
496.1,-19.9229238583992
496.2,-19.1416738955066
496.3,-18.7266348527199
496.4,-18.8487051594219
496.5,-18.1895255032312
496.6,-18.0430411351889
496.7,-18.3115958099332
496.8,-18.4336661166352
496.9,-18.360423932614
497,-19.6543691836549
497.1,-19.3369863862298
497.2,-18.1406973805505
497.3,-18.7754629754007
497.4,-18.8731192207623
497.5,-19.5322988769529
497.6,-18.7022207913795
497.7,-16.5049552707441
497.8,-17.1885489882751
497.9,-17.8721427058061
498,-17.432689601679
498.1,-16.7979240068288
498.2,-16.2608146573401
498.3,-16.3340568413613
498.4,-16.9932364975519
498.5,-16.9444083748711
498.6,-16.6758537001268
498.7,-16.5537833934248
498.8,-16.9688224362115
498.9,-17.9942130125081
499,-17.7256583377638
499.1,-17.676830215083
499.2,-17.9453848898273
499.3,-16.9688224362115
499.4,-17.1641349269347
499.5,-17.7012442764234
499.6,-17.7012442764234
499.7,-17.9209708284869
499.8,-18.0674551965293
499.9,-18.0430411351889
500,-17.3350333563174
500.1,-17.6524161537426
500.2,-18.4336661166352
500.3,-18.8242910980815
500.4,-20.0205801037608
500.5,-18.1162833192101
500.6,-18.4580801779756
500.7,-19.2149160795278
500.8,-18.0430411351889
500.9,-19.4834707542722
501,-19.1905020181874
501.1,-19.6543691836549
501.2,-19.0196035888047
501.3,-18.0674551965293
501.4,-18.360423932614
501.5,-18.1651114418909
501.6,-18.1895255032313
501.7,-18.360423932614
501.8,-17.8477286444657
501.9,-17.4082755403386
502,-17.1885489882751
502.1,-17.7012442764234
502.2,-17.2373771109559
502.3,-18.482494239316
502.4,-18.0674551965293
502.5,-17.2129630496155
502.6,-17.2862052336367
502.7,-16.4805412094037
502.8,-16.3096427800209
502.9,-16.627025577446
503,-16.5293693320844
503.1,-16.9199943135308
503.2,-18.4336661166352
503.3,-18.0918692578697
503.4,-17.0420646202327
503.5,-16.2119865346593
503.6,-16.1631584119785
503.7,-16.3096427800209
503.8,-16.3828849640421
503.9,-16.3340568413613
504,-16.065502166617
504.1,-15.7237053078514
504.2,-15.943431859915
504.3,-15.6260490624899
504.4,-15.6504631238302
504.5,-15.943431859915
504.6,-15.943431859915
504.7,-14.3809319341297
504.8,-14.4541741181509
504.9,-16.0655021666169
505,-17.2373771109559
505.1,-16.9199943135307
505.2,-16.2119865346593
505.3,-17.5791739697214
505.4,-16.4805412094036
505.5,-15.9678459212554
505.6,-16.3096427800209
505.7,-15.2842522037243
505.8,-16.1631584119785
505.9,-16.0655021666169
506,-16.2364005959997
506.1,-16.1387443506381
506.2,-16.7979240068288
506.3,-17.1397208655943
506.4,-17.2373771109559
506.5,-16.7002677614672
506.6,-16.6514396387864
506.7,-16.8467521295096
506.8,-17.2617911722963
506.9,-17.6035880310618
507,-17.2129630496155
507.1,-16.9688224362115
507.2,-18.3360098712736
507.3,-17.5303458470406
507.4,-16.7979240068288
507.5,-16.2852287186805
507.6,-16.5781974547652
507.7,-16.8467521295096
507.8,-17.432689601679
507.9,-16.87116619085
508,-16.2119865346593
508.1,-16.5537833934248
508.2,-16.3828849640421
508.3,-16.9932364975519
508.4,-17.0908927429135
508.5,-17.1885489882751
508.6,-16.9199943135307
508.7,-17.2862052336367
508.8,-16.8955802521903
508.9,-16.1631584119785
509,-17.1641349269347
509.1,-17.2617911722963
509.2,-16.8467521295096
509.3,-16.7979240068288
509.4,-16.3584709027017
509.5,-17.3838614789982
509.6,-16.6514396387864
509.7,-15.9190177985746
509.8,-15.2354240810435
509.9,-16.5293693320844
510,-15.9190177985746
510.1,-14.9912834676396
510.2,-16.9932364975519
510.3,-17.5303458470406
510.4,-16.9444083748711
510.5,-15.699291246511
510.6,-15.943431859915
510.7,-16.7246818228076
510.8,-16.2852287186805
510.9,-16.2119865346593
511,-16.3828849640421
511.1,-16.8223380681692
511.2,-18.1162833192101
511.3,-17.9209708284869
511.4,-16.7246818228076
511.5,-16.8223380681692
511.6,-16.627025577446
511.7,-16.6758537001268
511.8,-16.8467521295096
511.9,-17.1885489882751
512,-15.9190177985746
512.1,-15.8946037372342
512.2,-15.9678459212554
512.3,-16.9444083748711
512.4,-17.0420646202327
512.5,-17.4815177243598
512.6,-17.1885489882751
512.7,-16.627025577446
512.8,-16.3828849640421
512.9,-16.87116619085
513,-15.0889397130012
513.1,-15.2842522037243
513.2,-15.8457756145534
513.3,-15.1865959583628
513.4,-16.0899162279573
513.5,-16.1631584119785
513.6,-16.0166740439362
513.7,-17.4082755403386
513.8,-17.8721427058061
513.9,-16.3584709027017
514,-17.0420646202327
514.1,-16.8467521295096
514.2,-15.8701896758938
514.3,-17.676830215083
514.4,-16.5781974547652
514.5,-15.5528068784687
514.6,-16.0410881052766
514.7,-15.8457756145534
514.8,-15.7725334305322
514.9,-17.6524161537426
515,-18.0674551965293
515.1,-17.4082755403386
515.2,-17.8233145831253
515.3,-18.6533926686987
515.4,-18.4580801779756
515.5,-18.6289786073583
515.6,-19.3125723248894
515.7,-18.360423932614
515.8,-18.0430411351889
515.9,-17.8965567671465
516,-17.432689601679
516.1,-17.9697989511677
516.2,-17.5059317857002
516.3,-16.6758537001268
516.4,-17.7256583377638
516.5,-16.5781974547652
516.6,-16.1143302892977
516.7,-17.2129630496155
516.8,-17.3594474176579
516.9,-18.6778067300391
517,-18.5069083006564
517.1,-17.2373771109559
517.2,-15.821361553213
517.3,-14.5030022408317
517.4,-16.1143302892977
517.5,-17.1885489882751
517.6,-16.7002677614672
517.7,-17.432689601679
517.8,-17.0908927429135
517.9,-17.2129630496155
518,-18.0674551965293
518.1,-17.8721427058061
518.2,-18.0430411351889
518.3,-17.1885489882751
518.4,-15.821361553213
518.5,-17.0664786815731
518.6,-18.1162833192101
518.7,-16.5293693320844
518.8,-17.9453848898273
518.9,-17.2862052336367
519,-17.2862052336367
519.1,-17.5303458470406
519.2,-17.9942130125081
519.3,-17.2373771109559
519.4,-17.5059317857002
519.5,-16.7246818228076
519.6,-16.9444083748711
519.7,-16.2852287186805
519.8,-17.8477286444657
519.9,-18.1406973805505
520,-15.7237053078514
520.1,-17.0908927429135
520.2,-16.3340568413613
520.3,-15.821361553213
520.4,-18.0918692578697
520.5,-17.8721427058061
520.6,-16.1631584119785
520.7,-15.2354240810435
520.8,-16.2119865346593
520.9,-15.6504631238302
521,-15.8701896758938
521.1,-16.4317130867229
521.2,-16.0166740439362
521.3,-16.6026115161056
521.4,-18.238353625912
521.5,-18.4336661166352
521.6,-17.9697989511677
521.7,-17.2617911722963
521.8,-16.9444083748711
521.9,-15.7237053078514
522,-15.137767835682
522.1,-15.9678459212554
522.2,-15.8946037372342
522.3,-15.5283928171283
522.4,-16.6514396387864
522.5,-16.7246818228076
522.6,-16.0410881052766
522.7,-16.7979240068288
522.8,-17.0664786815731
522.9,-16.3828849640421
523,-17.2617911722963
523.1,-17.7256583377638
523.2,-15.4307365717667
523.3,-15.2354240810435
523.4,-15.6748771851706
523.5,-15.0401115903204
523.6,-16.0410881052766
523.7,-16.3828849640421
523.8,-16.1387443506381
523.9,-17.0176505588923
524,-15.821361553213
524.1,-15.8946037372342
524.2,-15.6016350011495
524.3,-16.8223380681692
524.4,-16.4561271480633
524.5,-15.9190177985746
524.6,-16.0410881052766
524.7,-16.0899162279573
524.8,-14.8447990995972
524.9,-15.4551506331071
525,-16.6514396387864
525.1,-16.7735099454884
525.2,-15.7725334305322
525.3,-15.2354240810435
525.4,-16.6026115161056
525.5,-17.0176505588923
525.6,-17.2862052336367
525.7,-17.4571036630194
525.8,-17.0664786815731
525.9,-17.5791739697214
526,-17.0664786815731
526.1,-16.9688224362115
526.2,-16.5293693320844
526.3,-17.3838614789982
526.4,-16.87116619085
526.5,-15.4307365717667
526.6,-15.6748771851706
526.7,-15.9190177985746
526.8,-15.9922599825958
526.9,-16.4072990253825
527,-17.0908927429135
527.1,-16.1631584119785
527.2,-15.7481193691918
527.3,-14.9180412836184
527.4,-15.3574943877455
527.5,-15.01569752898
527.6,-13.9903069526834
527.7,-14.8203850382568
527.8,-15.2110100197031
527.9,-15.8457756145534
528,-15.7969474918726
528.1,-15.8701896758938
528.2,-16.3096427800209
528.3,-15.7969474918726
528.4,-14.6250725475337
528.5,-14.9912834676396
528.6,-15.943431859915
528.7,-16.5781974547652
528.8,-17.0908927429135
528.9,-16.6026115161056
529,-15.9922599825958
529.1,-16.1875724733189
529.2,-16.3340568413613
529.3,-17.3594474176579
529.4,-16.065502166617
529.5,-15.7237053078514
529.6,-16.0410881052766
529.7,-15.0889397130012
529.8,-15.6504631238302
529.9,-16.2852287186805
530,-16.0410881052766
530.1,-16.8223380681692
530.2,-16.4317130867229
530.3,-16.0410881052766
530.4,-16.1387443506381
530.5,-16.4317130867229
530.6,-16.7002677614672
530.7,-16.3828849640421
530.8,-17.1885489882751
530.9,-17.7256583377638
531,-16.7979240068288
531.1,-16.0655021666169
531.2,-16.0410881052766
531.3,-15.8457756145534
531.4,-15.4551506331071
531.5,-14.8692131609376
531.6,-15.6504631238302
531.7,-16.9932364975519
531.8,-15.2598381423839
531.9,-16.5049552707441
532,-15.2354240810435
532.1,-14.5274163021721
532.2,-15.0401115903204
532.3,-14.7715569155761
532.4,-15.943431859915
532.5,-15.01569752898
532.6,-14.9668694062992
532.7,-14.6006584861933
532.8,-13.7705804006199
532.9,-13.8194085233007
533,-14.8203850382568
533.1,-15.9678459212554
533.2,-16.0166740439362
533.3,-15.2598381423839
533.4,-15.1865959583628
533.5,-15.3330803264051
533.6,-15.0889397130012
533.7,-15.3086662650647
533.8,-15.9190177985746
533.9,-15.4063225104263
534,-15.1865959583627
534.1,-15.7481193691918
534.2,-15.0401115903204
534.3,-15.5528068784687
534.4,-15.5283928171283
534.5,-15.5283928171283
534.6,-14.0635491367046
534.7,-14.4297600568105
534.8,-14.8203850382568
534.9,-15.8457756145534
535,-14.4053459954701
535.1,-14.6739006702145
535.2,-15.2354240810435
535.3,-15.5528068784687
535.4,-14.893627222278
535.5,-13.7461663392795
535.6,-14.8447990995972
535.7,-15.3574943877455
535.8,-15.0889397130012
535.9,-15.1865959583628
536,-15.2354240810435
536.1,-16.7002677614672
536.2,-16.4072990253825
536.3,-16.7246818228076
536.4,-16.9932364975519
536.5,-16.1631584119785
536.6,-15.8701896758938
536.7,-15.4307365717667
536.8,-15.8457756145534
536.9,-15.9922599825958
537,-16.2364005959997
537.1,-15.7725334305322
537.2,-15.5772209398091
537.3,-15.4795646944475
537.4,-15.7237053078514
537.5,-16.6026115161056
537.6,-17.1641349269347
537.7,-16.5537833934248
537.8,-16.3340568413613
537.9,-15.9678459212554
538,-16.87116619085
538.1,-17.1641349269347
538.2,-16.7979240068288
538.3,-16.8223380681692
538.4,-16.4561271480633
538.5,-17.4571036630194
538.6,-16.6026115161056
538.7,-15.0401115903204
538.8,-15.137767835682
538.9,-15.01569752898
539,-13.7461663392795
539.1,-13.4287835418544
539.2,-13.7949944619603
539.3,-14.210033504747
539.4,-14.332103811449
539.5,-13.3555413578332
539.6,-13.3799554191736
539.7,-13.8926507073219
539.8,-13.2578851124716
539.9,-13.16022886711
540,-12.1592523521539
540.1,-13.1846429284504
540.2,-14.0391350753642
540.3,-13.7949944619603
540.4,-14.5030022408317
540.5,-14.2588616274278
540.6,-14.8692131609376
540.7,-14.5518303635125
540.8,-14.210033504747
540.9,-13.3067132351524
541,-13.7217522779391
541.1,-14.9668694062992
541.2,-13.8194085233007
541.3,-13.8438225846411
541.4,-14.6983147315549
541.5,-14.6250725475337
541.6,-14.8447990995972
541.7,-14.4297600568105
541.8,-13.2578851124716
541.9,-13.7949944619603
542,-14.0635491367046
542.1,-13.2090569897908
542.2,-14.0635491367046
542.3,-13.965892891343
542.4,-14.4785881794913
542.5,-14.6739006702145
542.6,-14.6739006702145
542.7,-13.5752679098967
542.8,-13.4287835418544
542.9,-13.4531976031948
543,-12.5742913949406
543.1,-14.5762444248529
543.2,-15.0889397130012
543.3,-15.4795646944475
543.4,-15.8701896758938
543.5,-15.3819084490859
543.6,-14.8203850382568
543.7,-15.1621818970224
543.8,-15.7969474918726
543.9,-15.5772209398091
544,-14.8447990995972
544.1,-14.6739006702145
544.2,-15.3819084490859
544.3,-14.1367913207258
544.4,-13.3799554191736
544.5,-13.6240960325775
544.6,-14.8203850382568
544.7,-15.4795646944475
544.8,-14.0635491367046
544.9,-14.4297600568105
545,-13.6485100939179
545.1,-13.5508538485563
545.2,-14.7227287928953
545.3,-14.3076897501086
545.4,-15.7481193691918
545.5,-14.5518303635125
545.6,-12.6963617016425
545.7,-13.6729241552583
545.8,-14.1612053820662
545.9,-13.8926507073219
546,-13.3799554191736
546.1,-13.3067132351524
546.2,-13.7461663392795
546.3,-14.0391350753642
546.4,-13.6485100939179
546.5,-13.9170647686622
546.6,-13.965892891343
546.7,-12.9405023150465
546.8,-13.0137444990677
546.9,-14.4053459954701
547,-14.4785881794913
547.1,-14.6250725475337
547.2,-15.6260490624899
547.3,-14.1123772593854
547.4,-12.9160882537061
547.5,-14.6983147315549
547.6,-14.893627222278
547.7,-14.5762444248529
547.8,-14.5762444248529
547.9,-15.3330803264051
548,-14.9912834676396
548.1,-13.4531976031948
548.2,-13.8438225846411
548.3,-14.4541741181509
548.4,-13.7949944619603
548.5,-14.3565178727893
548.6,-14.6983147315549
548.7,-13.404369480514
548.8,-14.0391350753642
548.9,-14.4053459954701
549,-14.5518303635125
549.1,-14.7227287928953
549.2,-15.3819084490859
549.3,-14.6250725475337
549.4,-14.2832756887682
549.5,-14.6739006702145
549.6,-14.6983147315549
549.7,-14.5274163021721
549.8,-16.0166740439362
549.9,-14.9424553449588
550,-14.3809319341297
550.1,-13.7461663392795
550.2,-13.1846429284504
550.3,-14.5762444248529
550.4,-14.2832756887682
550.5,-14.9424553449588
550.6,-14.6494866088741
550.7,-14.5518303635125
550.8,-15.9190177985746
550.9,-16.3096427800209
551,-15.3574943877455
551.1,-14.0635491367046
551.2,-13.5020257258756
551.3,-14.3076897501086
551.4,-16.0166740439362
551.5,-14.6494866088741
551.6,-13.7705804006199
551.7,-13.1358148057696
551.8,-13.8194085233007
551.9,-13.6485100939179
552,-12.1592523521539
552.1,-13.5264397872159
552.2,-14.2344475660874
552.3,-14.210033504747
552.4,-13.9414788300026
552.5,-14.5274163021721
552.6,-15.4795646944475
552.7,-14.9424553449588
552.8,-14.332103811449
552.9,-13.7705804006199
553,-14.0635491367046
553.1,-14.4053459954701
553.2,-15.3330803264051
553.3,-15.5283928171283
553.4,-14.8692131609376
553.5,-15.6260490624898
553.6,-15.0645256516608
553.7,-14.6983147315549
553.8,-14.4785881794913
553.9,-15.2110100197031
554,-14.7471428542357
554.1,-14.1612053820662
554.2,-14.5518303635125
554.3,-15.699291246511
554.4,-15.7969474918726
554.5,-15.2110100197032
554.6,-14.1367913207258
554.7,-13.5264397872159
554.8,-14.2832756887682
554.9,-15.2354240810435
555,-14.7959709769164
555.1,-14.9180412836184
555.2,-15.01569752898
555.3,-15.0645256516608
555.4,-16.2364005959997
555.5,-14.4541741181509
555.6,-15.137767835682
555.7,-14.9668694062992
555.8,-15.4307365717667
555.9,-15.2598381423839
556,-15.7237053078514
556.1,-17.4571036630194
556.2,-16.1631584119785
556.3,-14.771556915576
556.4,-14.9912834676396
556.5,-14.9668694062992
556.6,-14.9424553449588
556.7,-15.2354240810435
556.8,-14.1612053820662
556.9,-13.7705804006199
557,-13.1358148057696
557.1,-14.332103811449
557.2,-14.3565178727893
557.3,-15.2842522037243
557.4,-14.7959709769164
557.5,-15.3086662650647
557.6,-15.4795646944475
557.7,-14.4053459954701
557.8,-15.7969474918726
557.9,-15.3086662650647
558,-15.2598381423839
558.1,-13.6729241552583
558.2,-15.7725334305322
558.3,-15.1865959583628
558.4,-14.2832756887682
558.5,-15.5772209398091
558.6,-14.5030022408317
558.7,-14.6006584861933
558.8,-14.893627222278
558.9,-15.1865959583628
559,-14.6006584861933
559.1,-13.9414788300026
559.2,-14.4297600568105
559.3,-15.0889397130012
559.4,-14.7471428542357
559.5,-13.3799554191736
559.6,-13.6240960325775
559.7,-12.9649163763869
559.8,-13.404369480514
559.9,-12.598705456281
560,-13.282299173812
560.1,-12.6719476403021
560.2,-12.9649163763869
560.3,-13.3067132351524
560.4,-14.3809319341297
560.5,-14.5274163021721
560.6,-13.9903069526834
560.7,-13.965892891343
560.8,-14.1123772593854
560.9,-14.3809319341297
561,-13.2578851124716
561.1,-13.0137444990677
561.2,-14.087963198045
561.3,-14.5762444248529
561.4,-13.7705804006199
561.5,-13.1114007444292
561.6,-11.7930414320479
561.7,-12.7207757629829
561.8,-14.0147210140238
561.9,-12.8184320083445
562,-13.1114007444292
562.1,-14.4297600568105
562.2,-13.7217522779391
562.3,-13.4287835418544
562.4,-14.6006584861933
562.5,-12.598705456281
562.6,-12.1104242294731
562.7,-12.2569085975154
562.8,-13.1114007444292
562.9,-13.2090569897908
563,-12.5742913949406
563.1,-14.2832756887682
563.2,-14.893627222278
563.3,-14.0147210140238
563.4,-13.9903069526834
563.5,-13.0137444990677
563.6,-12.8428460696849
563.7,-12.7696038856637
563.8,-13.6973382165987
563.9,-13.5752679098967
564,-13.5264397872159
564.1,-14.0147210140238
564.2,-14.2588616274278
564.3,-14.1612053820662
564.4,-15.0889397130012
564.5,-13.6240960325775
564.6,-12.5498773336002
564.7,-13.6485100939179
564.8,-12.4522210882386
564.9,-12.476635149579
565,-12.7940179470041
565.1,-14.1123772593854
565.2,-13.5264397872159
565.3,-12.9893304377273
565.4,-13.16022886711
565.5,-13.2334710511312
565.6,-12.1592523521539
565.7,-12.2080804748346
565.8,-12.4522210882386
565.9,-11.7686273707075
566,-12.6475335789617
566.1,-13.2578851124716
566.2,-12.5254632722598
566.3,-13.3311272964928
566.4,-13.7217522779391
566.5,-13.8926507073219
566.6,-13.9170647686623
566.7,-14.3809319341297
566.8,-12.8428460696849
566.9,-14.1367913207258
567,-13.7705804006199
567.1,-14.210033504747
567.2,-14.0391350753642
567.3,-14.5762444248529
567.4,-12.8672601310253
567.5,-14.6494866088741
567.6,-16.0899162279573
567.7,-14.7959709769164
567.8,-14.6983147315549
567.9,-13.6729241552583
568,-14.4785881794913
568.1,-13.8194085233007
568.2,-14.210033504747
568.3,-14.1367913207258
568.4,-12.9893304377273
568.5,-14.7471428542357
568.6,-14.4541741181509
568.7,-13.6240960325775
568.8,-14.4785881794913
568.9,-15.1621818970224
569,-15.5528068784687
569.1,-15.6504631238303
569.2,-15.4063225104263
569.3,-14.9668694062992
569.4,-13.6485100939179
569.5,-12.9405023150465
569.6,-13.965892891343
569.7,-14.2344475660874
569.8,-13.7949944619603
569.9,-12.5498773336002
570,-12.476635149579
570.1,-12.9160882537061
570.2,-13.9170647686623
570.3,-14.1856194434066
570.4,-13.8926507073219
570.5,-14.0147210140238
570.6,-12.2813226588558
570.7,-13.5264397872159
570.8,-14.5274163021721
570.9,-13.7217522779391
571,-14.1123772593854
571.1,-12.8916741923657
571.2,-12.8672601310253
571.3,-13.965892891343
571.4,-14.2832756887682
571.5,-14.3321038114489
571.6,-12.8672601310253
571.7,-11.9883539227711
571.8,-13.6240960325775
571.9,-13.7461663392795
572,-12.2569085975154
572.1,-12.1104242294731
572.2,-12.9160882537061
572.3,-12.6963617016425
572.4,-12.598705456281
572.5,-13.5264397872159
572.6,-12.4033929655578
572.7,-12.9649163763869
572.8,-13.1846429284504
572.9,-13.7705804006199
573,-13.2334710511312
573.1,-13.0869866830888
573.2,-13.8194085233007
573.3,-13.8926507073218
573.4,-14.6250725475337
573.5,-14.0391350753642
573.6,-13.9903069526834
573.7,-13.1846429284504
573.8,-13.9414788300026
573.9,-14.6983147315549
574,-13.9903069526834
574.1,-11.9883539227711
574.2,-13.0625726217485
574.3,-13.7461663392795
574.4,-13.404369480514
574.5,-13.282299173812
574.6,-13.5508538485563
574.7,-12.9160882537061
574.8,-12.8428460696849
574.9,-11.9395258000903
575,-13.404369480514
575.1,-14.1367913207258
575.2,-14.8447990995972
575.3,-14.9424553449588
575.4,-14.9912834676396
575.5,-14.2588616274278
575.6,-13.1846429284504
575.7,-13.7705804006199
575.8,-14.4053459954701
575.9,-14.5762444248529
576,-13.5752679098967
576.1,-13.404369480514
576.2,-14.6983147315549
576.3,-13.9170647686622
576.4,-14.5762444248529
576.5,-13.8194085233007
576.6,-14.1856194434066
576.7,-14.3809319341297
576.8,-14.1123772593854
576.9,-14.2832756887682
577,-13.6973382165987
577.1,-13.7461663392795
577.2,-13.5996819712371
577.3,-13.5020257258755
577.4,-12.9405023150465
577.5,-13.3067132351524
577.6,-15.6016350011495
577.7,-14.3076897501086
577.8,-13.404369480514
577.9,-12.3057367201962
578,-12.3789789042174
578.1,-12.6719476403021
578.2,-13.9414788300026
578.3,-14.1367913207258
578.4,-13.3311272964928
578.5,-13.6485100939179
578.6,-13.5508538485563
578.7,-14.210033504747
578.8,-13.2334710511312
578.9,-12.1592523521539
579,-12.5498773336002
579.1,-11.5000726959632
579.2,-10.7676508557514
579.3,-11.0117914691553
579.4,-12.2813226588558
579.5,-12.2813226588558
579.6,-12.9649163763869
579.7,-13.3799554191736
579.8,-12.3789789042174
579.9,-11.6953851866864
580,-11.6953851866864
580.1,-13.3311272964928
580.2,-13.5752679098967
580.3,-12.6719476403021
580.4,-12.2080804748347
580.5,-12.5742913949406
580.6,-14.0635491367046
580.7,-13.3311272964928
580.8,-12.6963617016425
580.9,-13.3555413578332
581,-13.8194085233007
581.1,-13.5264397872159
581.2,-13.1114007444292
581.3,-12.3301507815366
581.4,-12.3057367201962
581.5,-12.1592523521539
581.6,-12.1836664134943
581.7,-11.3291742665805
581.8,-12.9160882537061
581.9,-13.8926507073218
582,-12.354564842877
582.1,-12.354564842877
582.2,-12.2080804748346
582.3,-11.7442133093672
582.4,-11.7686273707076
582.5,-12.1104242294731
582.6,-10.6944086717302
582.7,-11.2315180212189
582.8,-11.7197992480268
582.9,-12.5742913949406
583,-12.5254632722598
583.1,-13.6240960325775
583.2,-11.7197992480268
583.3,-11.8174554933883
583.4,-13.3799554191736
583.5,-11.6221430026652
583.6,-12.2813226588558
583.7,-12.7940179470041
583.8,-11.9151117387499
583.9,-11.5733148799844
584,-10.8897211624534
584.1,-11.5733148799844
584.2,-11.4512445732824
584.3,-11.6953851866864
584.4,-12.0127679841115
584.5,-11.670971125346
584.6,-11.7686273707075
584.7,-12.1104242294731
584.8,-11.3047602052401
584.9,-12.2569085975154
585,-13.0625726217484
585.1,-12.2080804748347
585.2,-13.6240960325775
585.3,-12.7696038856637
585.4,-12.354564842877
585.5,-12.4522210882386
585.6,-13.3067132351524
585.7,-13.6973382165987
585.8,-13.9903069526834
585.9,-12.598705456281
586,-13.3311272964928
586.1,-12.232494536175
586.2,-12.1348382908135
586.3,-13.8194085233007
586.4,-14.087963198045
586.5,-13.9903069526834
586.6,-12.8916741923657
586.7,-13.5264397872159
586.8,-12.8916741923657
586.9,-13.3555413578332
587,-13.8926507073219
587.1,-13.16022886711
587.2,-13.3311272964928
587.3,-13.0381585604081
587.4,-13.7217522779391
587.5,-12.9405023150465
587.6,-12.8916741923657
587.7,-13.9414788300026
587.8,-14.4053459954701
587.9,-14.2588616274278
588,-14.1612053820662
588.1,-13.404369480514
588.2,-13.16022886711
588.3,-13.7217522779391
588.4,-12.8916741923657
588.5,-11.7442133093671
588.6,-11.8174554933883
588.7,-12.7207757629829
588.8,-13.038158560408
588.9,-11.6465570640056
589,-12.6963617016425
589.1,-12.8672601310253
589.2,-12.8672601310253
589.3,-11.8662836160691
589.4,-12.5498773336002
589.5,-13.9170647686622
589.6,-13.404369480514
589.7,-12.0371820454519
589.8,-11.7930414320479
589.9,-11.7442133093671
590,-10.8897211624534
590.1,-13.1114007444292
590.2,-12.7207757629829
590.3,-12.1836664134942
590.4,-12.9893304377273
590.5,-13.4287835418544
590.6,-12.7207757629829
590.7,-12.6719476403021
590.8,-12.354564842877
590.9,-13.1846429284504
591,-13.965892891343
591.1,-12.5010492109194
591.2,-12.5742913949406
591.3,-13.0137444990677
591.4,-12.5742913949406
591.5,-12.8672601310253
591.6,-13.4776116645351
591.7,-12.9649163763869
591.8,-12.8916741923657
591.9,-12.354564842877
592,-11.9883539227711
592.1,-13.2090569897908
592.2,-13.2578851124716
592.3,-13.3799554191736
592.4,-12.8672601310253
592.5,-13.1358148057696
592.6,-12.6719476403021
592.7,-13.3799554191736
592.8,-11.7442133093672
592.9,-11.426830511942
593,-12.0127679841115
593.1,-11.9395258000903
593.2,-12.2813226588558
593.3,-11.7930414320479
593.4,-12.2569085975154
593.5,-11.3291742665804
593.6,-12.598705456281
593.7,-11.426830511942
593.8,-11.2315180212189
593.9,-12.2569085975154
594,-11.8662836160691
594.1,-12.3301507815366
594.2,-12.8672601310253
594.3,-12.1104242294731
594.4,-11.9151117387499
594.5,-11.5733148799844
594.6,-10.9385492851341
594.7,-11.6465570640056
594.8,-11.3291742665804
594.9,-11.548900818644
595,-12.1836664134943
595.1,-12.5010492109194
595.2,-11.9639398614307
595.3,-12.0127679841115
595.4,-12.0371820454519
595.5,-11.2071039598785
595.6,-10.8164789784322
595.7,-13.038158560408
595.8,-12.7451898243233
595.9,-11.6221430026652
596,-12.7451898243233
596.1,-11.3780023892612
596.2,-10.3770258743051
596.3,-13.2578851124716
596.4,-12.9893304377273
596.5,-11.4512445732824
596.6,-11.5977289413248
596.7,-12.8916741923657
596.8,-12.476635149579
596.9,-12.5498773336002
597,-12.5254632722598
597.1,-12.3057367201962
597.2,-13.3067132351524
597.3,-12.2080804748346
597.4,-11.9883539227711
597.5,-11.6221430026652
597.6,-11.8418695547287
597.7,-11.8906976774095
597.8,-12.0371820454519
597.9,-12.3057367201962
598,-12.2813226588558
598.1,-12.8916741923657
598.2,-11.9395258000903
598.3,-12.0371820454519
598.4,-13.1846429284504
598.5,-12.3789789042174
598.6,-12.5010492109194
598.7,-13.282299173812
598.8,-13.1114007444292
598.9,-11.5977289413248
599,-12.6719476403021
599.1,-14.1123772593854
599.2,-12.4278070268982
599.3,-12.5498773336002
599.4,-13.2334710511312
599.5,-12.9405023150465
599.6,-11.9639398614307
599.7,-12.8916741923657
599.8,-12.5254632722598
599.9,-11.6465570640056
600,-12.3057367201962
600.1,-11.3535883279208
600.2,-11.1338617758573
600.3,-11.4512445732824
600.4,-11.5977289413248
600.5,-11.670971125346
600.6,-11.7442133093672
600.7,-12.4278070268982
600.8,-12.5498773336002
600.9,-12.9405023150465
601,-12.232494536175
601.1,-12.1592523521539
601.2,-11.3291742665805
601.3,-11.5244867573036
601.4,-11.6465570640056
601.5,-11.8418695547287
601.6,-12.7940179470041
601.7,-13.3799554191736
601.8,-13.5752679098967
601.9,-12.9405023150465
602,-12.7940179470041
602.1,-11.2315180212189
602.2,-13.2578851124716
602.3,-13.965892891343
602.4,-14.3565178727893
602.5,-14.5030022408317
602.6,-13.16022886711
602.7,-12.7451898243233
602.8,-12.4033929655578
602.9,-12.3301507815366
603,-13.0625726217484
603.1,-13.6973382165987
603.2,-13.282299173812
603.3,-12.6719476403021
603.4,-11.9639398614307
603.5,-12.7207757629829
603.6,-12.0615961067923
603.7,-12.8184320083445
603.8,-12.9893304377273
603.9,-12.3789789042174
604,-11.3780023892612
604.1,-11.2559320825593
604.2,-11.6953851866864
604.3,-11.2315180212189
604.4,-11.0117914691553
604.5,-11.6465570640056
604.6,-10.8408930397726
604.7,-11.1338617758573
604.8,-11.6465570640056
604.9,-10.621166487709
605,-10.0840571382203
605.1,-10.8408930397726
605.2,-10.2305415062627
605.3,-10.865307101113
605.4,-10.4502680583263
605.5,-9.42487748202969
605.6,-9.96198683151837
605.7,-9.93757277017797
605.8,-10.499096181007
605.9,-10.9141352237937
606,-11.548900818644
606.1,-12.2813226588558
606.2,-12.476635149579
606.3,-12.5010492109194
606.4,-11.7197992480268
606.5,-11.7197992480268
606.6,-11.8662836160691
606.7,-11.426830511942
606.8,-11.8174554933883
606.9,-13.0869866830888
607,-11.9395258000903
607.1,-11.3047602052401
607.2,-11.9883539227711
607.3,-11.7197992480268
607.4,-9.98640089285876
607.5,-11.3047602052401
607.6,-12.1592523521539
607.7,-12.7451898243233
607.8,-13.2578851124716
607.9,-13.16022886711
608,-13.2090569897908
608.1,-12.232494536175
608.2,-11.9151117387499
608.3,-11.8906976774095
608.4,-11.9883539227711
608.5,-12.0127679841115
608.6,-11.7930414320479
608.7,-11.8418695547287
608.8,-10.8408930397726
608.9,-11.548900818644
609,-12.5498773336002
609.1,-13.0381585604081
609.2,-12.0127679841115
609.3,-12.354564842877
609.4,-12.8184320083445
609.5,-11.9883539227711
609.6,-11.8906976774095
609.7,-11.8662836160691
609.8,-11.1582758371977
609.9,-11.0850336531765
610,-11.2315180212189
610.1,-10.4258539969859
610.2,-10.7920649170918
610.3,-11.0362055304957
610.4,-10.2305415062627
610.5,-10.2305415062627
610.6,-9.57136185007206
610.7,-10.3770258743051
610.8,-10.743236794411
610.9,-11.5977289413248
611,-11.0362055304957
611.1,-11.1094477145169
611.2,-10.865307101113
611.3,-10.5479243036878
611.4,-10.9385492851341
611.5,-11.670971125346
611.6,-12.0860101681327
611.7,-11.2315180212189
611.8,-11.3291742665805
611.9,-11.7930414320479
612,-11.6465570640056
612.1,-11.3535883279208
612.2,-11.4756586346228
612.3,-13.5752679098967
612.4,-12.0127679841115
612.5,-12.7451898243233
612.6,-13.9170647686622
612.7,-13.0625726217485
612.8,-12.7451898243233
612.9,-12.4278070268982
613,-12.1592523521539
613.1,-11.0362055304957
613.2,-10.9141352237937
613.3,-11.1338617758573
613.4,-11.0606195918361
613.5,-11.8662836160691
613.6,-12.6231195176214
613.7,-12.9649163763869
613.8,-12.2080804748347
613.9,-11.1582758371977
614,-11.6465570640056
614.1,-12.7696038856637
614.2,-11.8906976774095
614.3,-12.6475335789617
614.4,-11.7686273707075
614.5,-11.426830511942
614.6,-12.232494536175
614.7,-11.426830511942
614.8,-11.3535883279209
614.9,-11.7197992480268
615,-12.7207757629829
615.1,-12.1104242294731
615.2,-11.9395258000903
615.3,-12.0615961067923
615.4,-11.5733148799844
615.5,-10.621166487709
615.6,-11.2803461438997
615.7,-10.7920649170918
615.8,-11.0606195918361
615.9,-11.9883539227711
616,-12.0371820454519
616.1,-11.9883539227711
616.2,-11.2803461438997
616.3,-11.8418695547287
616.4,-11.0850336531765
616.5,-11.1826898985381
616.6,-11.9395258000903
616.7,-11.8906976774095
616.8,-12.3301507815366
616.9,-12.1592523521539
617,-12.354564842877
617.1,-11.5244867573036
617.2,-11.2803461438997
617.3,-11.1582758371977
617.4,-11.3780023892612
617.5,-11.9151117387499
617.6,-11.1094477145169
617.7,-10.6699946103898
617.8,-10.5479243036878
617.9,-10.8897211624534
618,-11.0362055304957
618.1,-11.6465570640056
618.2,-11.9395258000903
618.3,-11.7442133093671
618.4,-10.4502680583263
618.5,-10.0352290155395
618.6,-9.62018997275284
618.7,-9.86433058615679
618.8,-9.815502463476
618.9,-9.69343215677403
619,-9.32722123666811
619.1,-10.0108149541992
619.2,-9.79108840213561
619.3,-10.0596430768799
619.4,-9.59577591141245
619.5,-10.3281977516243
619.6,-11.670971125346
619.7,-11.5000726959632
619.8,-10.2549555676031
619.9,-9.8399165248164
620,-10.621166487709
620.1,-10.7676508557514
620.2,-10.5967524263686
620.3,-10.8897211624534
620.4,-10.6699946103898
620.5,-10.5723383650282
620.6,-10.9141352237937
620.7,-10.3281977516243
620.8,-10.9873774078149
620.9,-11.3780023892612
621,-10.7188227330706
621.1,-10.9385492851341
621.2,-12.2569085975154
621.3,-11.4024164506016
621.4,-10.3037836902839
621.5,-10.4746821196666
621.6,-10.3526118129647
621.7,-9.44929154337008
621.8,-9.20515092996615
621.9,-10.1084711995607
622,-9.69343215677403
622.1,-10.5967524263686
622.2,-10.3037836902839
622.3,-9.96198683151836
622.4,-11.1094477145169
622.5,-10.1817133835819
622.6,-11.1094477145169
622.7,-10.499096181007
622.8,-10.0108149541992
622.9,-9.59577591141245
623,-9.52253372739127
623.1,-9.66901809543364
623.2,-10.2549555676031
623.3,-9.64460403409324
623.4,-9.91315870883757
623.5,-10.7676508557514
623.6,-10.9873774078149
623.7,-9.76667434079521
623.8,-9.47370560471048
623.9,-11.3535883279208
624,-11.8174554933883
624.1,-11.0117914691553
624.2,-10.743236794411
624.3,-10.5723383650282
624.4,-10.9873774078149
624.5,-11.3291742665805
624.6,-10.9629633464745
624.7,-9.37604935934891
624.8,-10.621166487709
624.9,-10.9385492851341
625,-10.499096181007
625.1,-11.0606195918361
625.2,-11.2315180212189
625.3,-10.5479243036878
625.4,-10.7920649170918
625.5,-11.4756586346228
625.6,-11.8662836160691
625.7,-12.354564842877
625.8,-11.3535883279208
625.9,-11.6221430026652
626,-10.7188227330706
626.1,-10.4258539969859
626.2,-10.4746821196667
626.3,-11.2071039598785
626.4,-11.1338617758573
626.5,-10.4746821196666
626.6,-10.2061274449223
626.7,-11.1338617758573
626.8,-11.7686273707076
626.9,-11.2559320825593
627,-10.8408930397726
627.1,-11.1826898985381
627.2,-10.6699946103898
627.3,-11.3291742665805
627.4,-12.3057367201962
627.5,-12.4033929655578
627.6,-10.5967524263686
627.7,-10.6699946103898
627.8,-11.4024164506016
627.9,-10.5235102423474
628,-12.5010492109194
628.1,-13.1358148057696
628.2,-11.8662836160691
628.3,-11.4756586346228
628.4,-12.2569085975154
628.5,-13.038158560408
628.6,-12.1104242294731
628.7,-11.5244867573036
628.8,-12.1348382908135
628.9,-12.4033929655578
629,-12.1348382908135
629.1,-11.5977289413248
629.2,-11.548900818644
629.3,-12.476635149579
629.4,-12.4033929655578
629.5,-12.1836664134943
629.6,-11.0850336531765
629.7,-12.1836664134943
629.8,-12.1836664134943
629.9,-11.670971125346
630,-12.232494536175
630.1,-13.282299173812
630.2,-12.6231195176213
630.3,-13.2090569897908
630.4,-12.6719476403021
630.5,-12.1348382908135
630.6,-12.1836664134943
630.7,-12.8916741923657
630.8,-11.2803461438997
630.9,-12.5010492109194
631,-13.0869866830888
631.1,-13.1846429284504
631.2,-11.8418695547287
631.3,-12.9405023150465
631.4,-13.7461663392795
631.5,-12.4522210882386
631.6,-11.7197992480268
631.7,-12.0860101681327
631.8,-12.2569085975154
631.9,-11.2803461438997
632,-12.6719476403021
632.1,-11.3047602052401
632.2,-11.4756586346228
632.3,-11.9151117387499
632.4,-12.6963617016425
632.5,-12.1104242294731
632.6,-10.7920649170918
632.7,-11.4756586346228
632.8,-11.1338617758573
632.9,-11.4512445732824
633,-12.5010492109194
633.1,-12.2080804748346
633.2,-11.2315180212189
633.3,-10.499096181007
633.4,-10.9385492851341
633.5,-11.1826898985381
633.6,-10.7920649170918
633.7,-10.3770258743051
633.8,-10.621166487709
633.9,-10.865307101113
634,-10.5235102423474
634.1,-10.3281977516243
634.2,-10.1817133835819
634.3,-11.7930414320479
634.4,-11.4024164506016
634.5,-11.2803461438997
634.6,-10.621166487709
634.7,-11.0850336531765
634.8,-9.64460403409324
634.9,-10.4502680583263
635,-10.3281977516243
635.1,-10.6455805490494
635.2,-11.0606195918361
635.3,-10.1572993222415
635.4,-10.3526118129647
635.5,-11.0362055304957
635.6,-10.9141352237937
635.7,-10.3526118129647
635.8,-10.4258539969859
635.9,-9.91315870883758
636,-10.1328852609011
636.1,-11.5977289413248
636.2,-11.3535883279208
636.3,-10.7676508557514
636.4,-10.5235102423474
636.5,-10.3770258743051
636.6,-9.32722123666812
636.7,-9.08308062326417
636.8,-10.05964307688
636.9,-10.2305415062627
637,-10.2793696289435
637.1,-10.4258539969859
637.2,-9.91315870883757
637.3,-10.6455805490494
637.4,-10.6455805490494
637.5,-9.86433058615679
637.6,-9.47370560471049
637.7,-11.0606195918361
637.8,-11.4024164506016
637.9,-9.10749468460457
638,-9.59577591141245
638.1,-9.13190874594496
638.2,-9.05866656192378
638.3,-10.3281977516243
638.4,-9.96198683151836
638.5,-10.5723383650282
638.6,-11.426830511942
638.7,-10.4258539969859
638.8,-9.71784621811442
638.9,-9.96198683151836
639,-10.5479243036878
639.1,-10.2793696289435
639.2,-10.5967524263686
639.3,-11.7197992480268
639.4,-11.4512445732824
639.5,-10.1084711995607
639.6,-10.621166487709
639.7,-11.4756586346228
639.8,-10.7188227330706
639.9,-10.1572993222415
640,-10.8408930397726
640.1,-11.2315180212189
640.2,-10.5967524263686
640.3,-11.5733148799844
640.4,-11.2803461438997
640.5,-10.5479243036878
640.6,-10.2549555676031
640.7,-12.0615961067923
640.8,-10.8164789784322
640.9,-10.4258539969859
641,-11.3291742665804
641.1,-10.865307101113
641.2,-10.6699946103898
641.3,-10.4502680583263
641.4,-10.8164789784322
641.5,-10.7188227330706
641.6,-10.3770258743051
641.7,-10.3281977516243
641.8,-10.0352290155396
641.9,-9.03425250058339
642,-9.49811966605087
642.1,-10.7920649170918
642.2,-10.7676508557514
642.3,-11.0850336531765
642.4,-10.5967524263686
642.5,-11.2071039598785
642.6,-11.0606195918361
642.7,-11.5733148799844
642.8,-10.2305415062627
642.9,-10.5967524263686
643,-10.2061274449223
643.1,-9.76667434079521
643.2,-11.0362055304957
643.3,-11.1094477145169
643.4,-10.5967524263686
643.5,-10.0596430768799
643.6,-10.3281977516243
643.7,-11.4756586346228
643.8,-10.5235102423474
643.9,-10.499096181007
644,-10.743236794411
644.1,-11.3047602052401
644.2,-11.2071039598785
644.3,-10.5235102423474
644.4,-9.32722123666811
644.5,-10.3037836902839
644.6,-10.0840571382203
644.7,-10.3526118129647
644.8,-11.0850336531765
644.9,-11.5244867573036
645,-10.7188227330706
645.1,-10.865307101113
645.2,-10.4746821196667
645.3,-11.0606195918361
645.4,-10.621166487709
645.5,-10.05964307688
645.6,-9.64460403409325
645.7,-10.8897211624533
645.8,-11.9395258000903
645.9,-11.1094477145169
646,-9.52253372739127
646.1,-10.3037836902839
646.2,-11.1826898985381
646.3,-10.5479243036878
646.4,-9.98640089285876
646.5,-9.00983843924299
646.6,-7.98444786294642
646.7,-9.27839311398733
646.8,-9.18073686862575
646.9,-8.69245564181786
647,-9.93757277017796
647.1,-10.2061274449223
647.2,-10.1572993222415
647.3,-9.88874464749719
647.4,-9.4004634206893
647.5,-10.1328852609011
647.6,-10.4746821196667
647.7,-10.3770258743051
647.8,-10.743236794411
647.9,-10.3526118129647
648,-10.865307101113
648.1,-11.3780023892612
648.2,-10.9141352237937
648.3,-10.0840571382203
648.4,-11.2071039598785
648.5,-11.3047602052401
648.6,-10.2549555676031
648.7,-10.621166487709
648.8,-10.9873774078149
648.9,-10.6699946103898
649,-11.6953851866864
649.1,-13.3555413578332
649.2,-12.3789789042174
649.3,-11.9151117387499
649.4,-11.7197992480268
649.5,-11.2803461438997
649.6,-10.9141352237937
649.7,-10.5479243036878
649.8,-10.3526118129647
649.9,-10.743236794411
650,-11.548900818644
650.1,-11.7442133093672
650.2,-11.1338617758573
650.3,-10.0352290155396
650.4,-10.5967524263686
650.5,-9.86433058615679
650.6,-9.37604935934891
650.7,-10.8408930397726
650.8,-10.1572993222415
650.9,-9.59577591141245
651,-10.5235102423474
651.1,-11.1338617758573
651.2,-10.621166487709
651.3,-9.49811966605087
651.4,-8.88776813254102
651.5,-9.76667434079521
651.6,-9.62018997275284
651.7,-8.5459712737755
651.8,-9.62018997275285
651.9,-8.74128376449864
652,-9.27839311398733
652.1,-9.00983843924299
652.2,-8.83894000986023
652.3,-9.08308062326416
652.4,-9.10749468460456
652.5,-10.2061274449223
652.6,-10.7676508557514
652.7,-10.3526118129647
652.8,-9.8399165248164
652.9,-9.71784621811443
653,-9.815502463476
653.1,-9.18073686862575
653.2,-9.98640089285876
653.3,-9.62018997275284
653.4,-10.2061274449223
653.5,-10.1328852609011
653.6,-10.9141352237937
653.7,-11.426830511942
653.8,-10.4014399356455
653.9,-10.4502680583262
654,-10.499096181007
654.1,-10.1817133835819
654.2,-10.0596430768799
654.3,-10.3526118129647
654.4,-11.3535883279208
654.5,-11.1826898985381
654.6,-10.5479243036878
654.7,-10.4746821196666
654.8,-10.3526118129647
654.9,-9.30280717532772
655,-11.2071039598785
655.1,-10.3281977516243
655.2,-10.1572993222415
655.3,-9.96198683151836
655.4,-9.69343215677403
655.5,-10.2549555676031
655.6,-10.8897211624534
655.7,-9.91315870883758
655.8,-10.4258539969859
655.9,-10.4502680583263
656,-9.10749468460457
656.1,-9.8399165248164
656.2,-11.0850336531765
656.3,-11.5000726959632
656.4,-10.4746821196666
656.5,-8.49714315109471
656.6,-9.4004634206893
656.7,-10.4014399356455
656.8,-10.1084711995607
656.9,-8.64362751913707
657,-9.25397905264692
657.1,-8.9610103165622
657.2,-9.52253372739126
657.3,-9.83991652481639
657.4,-10.8164789784322
657.5,-10.1328852609011
657.6,-10.0840571382203
657.7,-9.86433058615679
657.8,-10.4258539969859
657.9,-9.71784621811442
658,-9.64460403409323
658.1,-9.03425250058338
658.2,-8.15534629232918
658.3,-8.9610103165622
658.4,-9.3760493593489
658.5,-8.86335407120062
658.6,-9.66901809543364
658.7,-10.8897211624534
658.8,-9.27839311398732
658.9,-10.621166487709
659,-10.865307101113
659.1,-11.1338617758573
659.2,-10.865307101113
659.3,-9.98640089285876
659.4,-10.1817133835819
659.5,-9.76667434079521
659.6,-9.52253372739125
659.7,-9.79108840213561
659.8,-9.62018997275284
659.9,-8.86335407120063
660,-7.88679161758485
660.1,-8.20417441500997
660.2,-8.9365962552218
660.3,-9.10749468460457
660.4,-8.98542437790259
660.5,-9.69343215677403
660.6,-10.0596430768799
660.7,-11.0606195918361
660.8,-10.3770258743051
660.9,-10.0352290155396
661,-9.96198683151836
661.1,-10.3037836902839
661.2,-10.3770258743051
661.3,-9.66901809543363
661.4,-9.8399165248164
661.5,-11.0362055304957
661.6,-11.1338617758573
661.7,-10.1328852609011
661.8,-11.1582758371977
661.9,-9.815502463476
662,-9.66901809543364
662.1,-10.3526118129647
662.2,-11.5977289413248
662.3,-10.865307101113
662.4,-9.08308062326418
662.5,-8.44831502841392
662.6,-10.0596430768799
662.7,-9.15632280728535
662.8,-9.44929154337008
662.9,-10.4502680583263
663,-9.37604935934891
663.1,-9.35163529800851
663.2,-9.96198683151837
663.3,-10.2549555676031
663.4,-8.71686970315826
663.5,-8.88776813254102
663.6,-9.79108840213561
663.7,-10.1572993222415
663.8,-9.93757277017797
663.9,-9.64460403409325
664,-10.2793696289435
664.1,-10.0108149541992
664.2,-10.1817133835819
664.3,-9.35163529800851
664.4,-9.93757277017798
664.5,-10.2061274449223
664.6,-9.37604935934891
664.7,-10.3526118129647
664.8,-11.6221430026652
664.9,-10.621166487709
665,-9.64460403409325
665.1,-11.3535883279208
665.2,-11.0606195918361
665.3,-10.743236794411
665.4,-11.4756586346228
665.5,-10.7920649170918
665.6,-9.83991652481639
665.7,-9.8399165248164
665.8,-10.6944086717302
665.9,-10.7676508557514
666,-11.0606195918361
666.1,-10.9385492851341
666.2,-10.1572993222415
666.3,-9.59577591141245
666.4,-10.2305415062627
666.5,-9.64460403409324
666.6,-10.3770258743051
666.7,-11.0606195918361
666.8,-11.3535883279208
666.9,-10.743236794411
667,-10.0840571382203
667.1,-10.05964307688
667.2,-9.27839311398732
667.3,-9.71784621811443
667.4,-10.5235102423474
667.5,-10.3037836902839
667.6,-9.86433058615679
667.7,-10.3281977516243
667.8,-11.1338617758573
667.9,-9.74226027945483
668,-9.815502463476
668.1,-9.27839311398732
668.2,-10.2305415062627
668.3,-10.1084711995607
668.4,-9.49811966605088
668.5,-10.0352290155396
668.6,-10.499096181007
668.7,-10.6455805490494
668.8,-9.22956499130653
668.9,-10.6699946103898
669,-11.1338617758573
669.1,-10.621166487709
669.2,-10.9873774078149
669.3,-10.743236794411
669.4,-10.4258539969859
669.5,-11.0362055304957
669.6,-10.6455805490494
669.7,-10.1817133835819
669.8,-11.4756586346228
669.9,-11.2071039598785
670,-10.1084711995607
670.1,-9.20515092996613
670.2,-10.4014399356455
670.3,-9.22956499130654
670.4,-9.25397905264693
670.5,-10.4258539969859
670.6,-10.1817133835819
670.7,-9.37604935934891
670.8,-9.69343215677403
670.9,-10.4014399356455
671,-10.743236794411
671.1,-11.670971125346
671.2,-11.9395258000903
671.3,-11.4024164506016
671.4,-10.3770258743051
671.5,-10.499096181007
671.6,-11.1826898985381
671.7,-11.9395258000903
671.8,-10.9873774078149
671.9,-10.6944086717302
672,-10.865307101113
672.1,-9.76667434079522
672.2,-9.05866656192378
672.3,-8.64362751913706
672.4,-9.98640089285876
672.5,-11.548900818644
672.6,-11.2559320825593
672.7,-10.3526118129647
672.8,-10.4502680583262
672.9,-9.96198683151836
673,-10.4014399356455
673.1,-11.1338617758573
673.2,-10.7920649170918
673.3,-11.1582758371977
673.4,-9.66901809543363
673.5,-9.93757277017797
673.6,-10.1328852609011
673.7,-9.49811966605088
673.8,-9.4004634206893
673.9,-8.74128376449864
674,-9.93757277017797
674.1,-9.10749468460457
674.2,-10.3281977516243
674.3,-9.30280717532772
674.4,-9.93757277017797
674.5,-10.1084711995607
674.6,-8.61921345779667
674.7,-8.39948690573313
674.8,-9.32722123666811
674.9,-9.57136185007206
675,-9.86433058615679
675.1,-9.32722123666812
675.2,-9.86433058615679
675.3,-11.4024164506016
675.4,-9.47370560471048
675.5,-8.64362751913708
675.6,-9.88874464749719
675.7,-8.71686970315826
675.8,-8.61921345779668
675.9,-8.79011188717943
676,-9.25397905264693
676.1,-8.69245564181787
676.2,-9.49811966605087
676.3,-10.1572993222415
676.4,-9.05866656192378
676.5,-8.37507284439273
676.6,-8.9610103165622
676.7,-8.5459712737755
676.8,-8.25300253769077
676.9,-9.13190874594495
677,-9.27839311398733
677.1,-9.74226027945482
677.2,-9.37604935934891
677.3,-8.83894000986023
677.4,-8.9854243779026
677.5,-9.30280717532772
677.6,-9.08308062326417
677.7,-9.03425250058339
677.8,-8.71686970315826
677.9,-10.0352290155396
678,-10.7676508557514
678.1,-10.621166487709
678.2,-10.499096181007
678.3,-10.1817133835819
678.4,-9.8399165248164
678.5,-10.3281977516243
678.6,-10.7676508557514
678.7,-11.5000726959632
678.8,-10.3281977516243
678.9,-10.1084711995607
679,-10.2549555676031
679.1,-10.9385492851341
679.2,-10.499096181007
679.3,-9.96198683151836
679.4,-10.3037836902839
679.5,-9.81550246347601
679.6,-11.3291742665805
679.7,-10.9385492851341
679.8,-10.621166487709
679.9,-10.4014399356455
680,-9.74226027945482
680.1,-8.88776813254101
680.2,-9.66901809543364
680.3,-9.3760493593489
680.4,-10.4014399356455
680.5,-9.93757277017797
680.6,-9.52253372739127
680.7,-9.52253372739127
680.8,-10.0840571382203
680.9,-9.44929154337007
681,-10.0108149541992
681.1,-10.9141352237937
681.2,-11.3291742665805
681.3,-10.5723383650282
681.4,-8.76569782583905
681.5,-9.00983843924299
681.6,-10.2305415062627
681.7,-10.4258539969859
681.8,-11.5244867573036
681.9,-9.96198683151837
682,-9.98640089285876
682.1,-10.0840571382203
682.2,-10.7188227330706
682.3,-10.2793696289435
682.4,-10.0840571382203
682.5,-9.05866656192378
682.6,-8.86335407120063
682.7,-9.64460403409324
682.8,-9.03425250058338
682.9,-10.5723383650282
683,-11.0606195918361
683.1,-10.5235102423474
683.2,-10.9385492851341
683.3,-11.6953851866864
683.4,-10.5235102423474
683.5,-9.20515092996615
683.6,-9.91315870883758
683.7,-10.0352290155395
683.8,-9.25397905264693
683.9,-9.57136185007207
684,-9.54694778873167
684.1,-8.86335407120063
684.2,-9.37604935934891
684.3,-11.0606195918361
684.4,-11.5733148799844
684.5,-10.5723383650282
684.6,-8.83894000986023
684.7,-9.69343215677402
684.8,-8.88776813254102
684.9,-8.61921345779668
685,-8.27741659903116
685.1,-7.78913537222327
685.2,-8.59479939645628
685.3,-9.52253372739127
685.4,-9.8399165248164
685.5,-9.3516352980085
685.6,-9.4004634206893
685.7,-9.91315870883757
685.8,-9.86433058615679
685.9,-10.0108149541992
686,-10.0108149541992
686.1,-10.1084711995607
686.2,-9.25397905264693
686.3,-9.98640089285876
686.4,-9.18073686862575
686.5,-8.49714315109471
686.6,-10.5723383650282
686.7,-10.8408930397726
686.8,-9.91315870883757
686.9,-9.69343215677403
687,-10.2549555676031
687.1,-10.0352290155396
687.2,-10.4502680583263
687.3,-9.49811966605087
687.4,-9.49811966605087
687.5,-9.00983843924299
687.6,-8.37507284439274
687.7,-8.91218219388142
687.8,-9.08308062326418
687.9,-9.47370560471049
688,-9.86433058615679
688.1,-9.81550246347601
688.2,-9.32722123666811
688.3,-8.082104108308
688.4,-8.71686970315826
688.5,-9.47370560471048
688.6,-9.00983843924299
688.7,-8.71686970315826
688.8,-9.59577591141244
688.9,-9.57136185007205
689,-9.62018997275283
689.1,-8.49714315109471
689.2,-8.00886192428682
689.3,-9.20515092996615
689.4,-9.13190874594496
689.5,-9.3760493593489
689.6,-9.52253372739127
689.7,-9.62018997275284
689.8,-9.15632280728535
689.9,-9.57136185007205
690,-8.74128376449865
690.1,-9.00983843924299
690.2,-10.2305415062627
690.3,-10.3281977516243
690.4,-9.98640089285876
690.5,-9.49811966605088
690.6,-8.86335407120062
690.7,-9.40046342068929
690.8,-8.79011188717944
690.9,-9.64460403409324
691,-8.69245564181786
691.1,-9.4004634206893
691.2,-10.3526118129647
691.3,-9.64460403409325
691.4,-9.27839311398733
691.5,-10.5479243036878
691.6,-9.30280717532772
691.7,-9.76667434079522
691.8,-10.9141352237937
691.9,-10.9629633464745
692,-8.69245564181786
692.1,-8.98542437790259
692.2,-8.32624472171195
692.3,-7.7158931882021
692.4,-8.44831502841392
692.5,-8.15534629232919
692.6,-7.98444786294642
692.7,-8.44831502841392
692.8,-9.15632280728536
692.9,-9.25397905264692
693,-9.69343215677403
693.1,-9.86433058615679
693.2,-8.71686970315826
693.3,-8.69245564181786
693.4,-7.69147912686168
693.5,-7.78913537222327
693.6,-8.42390096707353
693.7,-10.4258539969859
693.8,-9.74226027945481
693.9,-8.17976035366958
694,-7.81354943356367
694.1,-9.27839311398733
694.2,-8.81452594851983
694.3,-8.49714315109471
694.4,-8.79011188717944
694.5,-8.27741659903116
694.6,-9.05866656192378
694.7,-9.13190874594496
694.8,-9.20515092996613
694.9,-9.71784621811442
695,-9.8399165248164
695.1,-9.30280717532772
695.2,-10.1817133835819
695.3,-9.52253372739127
695.4,-10.0840571382203
695.5,-9.66901809543364
695.6,-9.03425250058338
695.7,-10.2549555676031
695.8,-9.4248774820297
695.9,-9.66901809543364
696,-8.30183066037155
696.1,-8.39948690573314
696.2,-10.1328852609011
696.3,-8.39948690573313
696.4,-7.78913537222327
696.5,-8.93659625522181
696.6,-8.52155721243511
696.7,-9.64460403409324
696.8,-10.1084711995607
696.9,-8.9854243779026
697,-9.32722123666812
697.1,-9.4004634206893
697.2,-8.61921345779668
697.3,-8.44831502841391
697.4,-8.88776813254101
697.5,-9.03425250058338
697.6,-8.37507284439274
697.7,-8.27741659903116
697.8,-8.9365962552218
697.9,-7.98444786294643
698,-8.00886192428682
698.1,-9.20515092996615
698.2,-9.98640089285876
698.3,-9.08308062326417
698.4,-8.30183066037155
698.5,-9.57136185007205
698.6,-8.81452594851984
698.7,-7.78913537222327
698.8,-8.03327598562721
698.9,-8.5459712737755
699,-8.5459712737755
699.1,-9.49811966605088
699.2,-9.76667434079521
699.3,-8.1065181696484
699.4,-7.93561974026564
699.5,-7.37409632943657
699.6,-9.62018997275285
699.7,-7.96003380160603
699.8,-6.51960418252277
699.9,-7.93561974026563
700,-7.78913537222327
700.1,-8.25300253769077
700.2,-9.13190874594496
700.3,-7.37409632943657
700.4,-8.15534629232919
700.5,-7.86237755624446
700.6,-7.6914791268617
700.7,-8.74128376449866
700.8,-8.71686970315826
700.9,-9.15632280728535
701,-7.61823694284051
701.1,-9.18073686862575
701.2,-9.54694778873165
701.3,-8.17976035366958
701.4,-9.4248774820297
701.5,-9.03425250058338
701.6,-8.59479939645628
701.7,-9.32722123666812
701.8,-9.30280717532772
701.9,-9.54694778873167
702,-9.62018997275285
702.1,-8.17976035366959
702.2,-7.6914791268617
702.3,-7.6914791268617
702.4,-8.74128376449866
702.5,-8.30183066037155
702.6,-8.83894000986024
702.7,-9.20515092996615
702.8,-8.64362751913708
702.9,-7.83796349490406
703,-8.30183066037155
703.1,-7.83796349490405
703.2,-7.96003380160604
703.3,-7.42292445211736
703.4,-6.91022916396907
703.5,-7.47175257479814
703.6,-8.1065181696484
703.7,-9.13190874594496
703.8,-9.27839311398732
703.9,-9.20515092996615
704,-9.57136185007207
704.1,-9.66901809543364
704.2,-10.0352290155396
704.3,-9.57136185007205
704.4,-8.9610103165622
704.5,-8.5459712737755
704.6,-9.59577591141245
704.7,-8.35065878305234
704.8,-8.66804158047747
704.9,-8.76569782583904
705,-9.27839311398733
705.1,-8.37507284439273
705.2,-8.5459712737755
705.3,-8.15534629232919
705.4,-8.64362751913707
705.5,-9.44929154337009
705.6,-7.98444786294643
705.7,-7.05671353201144
705.8,-7.78913537222326
705.9,-7.93561974026565
706,-8.88776813254102
706.1,-9.37604935934891
706.2,-7.93561974026564
706.3,-8.35065878305234
706.4,-8.61921345779666
706.5,-8.37507284439274
706.6,-7.44733851345775
706.7,-8.03327598562721
706.8,-9.00983843924298
706.9,-9.35163529800851
707,-7.44733851345775
707.1,-7.64265100418089
707.2,-7.22761196139421
707.3,-7.86237755624446
707.4,-9.08308062326417
707.5,-8.22858847635037
707.6,-7.44733851345776
707.7,-8.71686970315826
707.8,-8.08210410830799
707.9,-8.61921345779667
708,-8.22858847635037
708.1,-7.30085414541538
708.2,-6.93464322530947
708.3,-6.64167448922475
708.4,-7.78913537222327
708.5,-7.88679161758486
708.6,-8.4971431510947
708.7,-8.15534629232919
708.8,-7.47175257479815
708.9,-8.00886192428682
709,-7.59382288150012
709.1,-8.69245564181787
709.2,-9.08308062326418
709.3,-9.10749468460457
709.4,-9.13190874594495
709.5,-9.47370560471048
709.6,-7.47175257479814
709.7,-7.17878383871342
709.8,-9.10749468460456
709.9,-8.86335407120063
710,-8.69245564181785
710.1,-8.42390096707352
710.2,-7.74030724954248
710.3,-7.59382288150013
710.4,-7.34968226809618
710.5,-6.59284636654394
710.6,-6.17780732375724
710.7,-8.1309322309888
710.8,-8.39948690573314
710.9,-8.22858847635038
711,-7.74030724954248
711.1,-8.30183066037156
711.2,-8.86335407120063
711.3,-8.61921345779667
711.4,-8.61921345779667
711.5,-8.00886192428682
711.6,-7.32526820675579
711.7,-7.96003380160604
711.8,-7.83796349490406
711.9,-8.15534629232918
712,-8.1065181696484
712.1,-8.44831502841392
712.2,-7.91120567892525
712.3,-7.47175257479815
712.4,-6.93464322530948
712.5,-7.96003380160603
712.6,-8.03327598562722
712.7,-8.20417441500998
712.8,-8.76569782583903
712.9,-7.64265100418091
713,-7.93561974026564
713.1,-8.35065878305234
713.2,-8.44831502841391
713.3,-8.10651816964839
713.4,-8.25300253769077
713.5,-9.815502463476
713.6,-10.1084711995607
713.7,-9.69343215677403
713.8,-9.22956499130654
713.9,-7.96003380160604
714,-7.22761196139421
714.1,-8.42390096707353
714.2,-8.5703853351159
714.3,-8.59479939645628
714.4,-9.32722123666812
714.5,-9.76667434079522
714.6,-8.76569782583905
714.7,-8.64362751913708
714.8,-9.05866656192379
714.9,-8.83894000986024
715,-9.32722123666812
715.1,-9.47370560471048
715.2,-8.49714315109471
715.3,-8.35065878305235
715.4,-9.47370560471047
715.5,-7.71589318820209
715.6,-8.22858847635037
715.7,-8.81452594851983
715.8,-9.15632280728535
715.9,-8.61921345779667
716,-8.59479939645629
716.1,-8.30183066037155
716.2,-9.20515092996615
716.3,-9.05866656192378
716.4,-8.49714315109471
716.5,-8.69245564181786
716.6,-8.64362751913708
716.7,-9.91315870883758
716.8,-9.66901809543364
716.9,-9.76667434079522
717,-9.35163529800851
717.1,-9.74226027945483
717.2,-9.08308062326418
717.3,-10.05964307688
717.4,-10.6944086717302
717.5,-10.2061274449223
717.6,-9.88874464749719
717.7,-10.2305415062627
717.8,-8.83894000986023
717.9,-9.42487748202969
718,-10.3526118129647
718.1,-9.00983843924299
718.2,-10.1817133835819
718.3,-10.0108149541992
718.4,-9.62018997275285
718.5,-9.05866656192378
718.6,-9.4248774820297
718.7,-8.83894000986023
718.8,-9.35163529800851
718.9,-9.37604935934891
719,-9.08308062326416
719.1,-9.64460403409325
719.2,-9.74226027945481
719.3,-10.1817133835819
719.4,-8.61921345779668
719.5,-9.20515092996615
719.6,-8.83894000986023
719.7,-8.83894000986023
719.8,-9.03425250058339
719.9,-9.27839311398732
720,-7.34968226809618
720.1,-8.59479939645629
720.2,-8.5215572124351
720.3,-9.05866656192378
720.4,-9.7666743407952
720.5,-9.93757277017797
720.6,-9.4248774820297
720.7,-8.71686970315826
720.8,-9.59577591141245
720.9,-9.25397905264693
721,-8.32624472171195
721.1,-9.22956499130655
721.2,-10.1328852609011
721.3,-8.88776813254101
721.4,-8.5459712737755
721.5,-8.20417441500998
721.6,-8.81452594851983
721.7,-8.5459712737755
721.8,-8.79011188717943
721.9,-9.4248774820297
722,-8.5703853351159
722.1,-8.20417441500998
722.2,-9.25397905264693
722.3,-7.49616663613854
722.4,-8.69245564181786
722.5,-9.62018997275285
722.6,-9.30280717532772
722.7,-9.18073686862575
722.8,-8.0576900469676
722.9,-8.57038533511588
723,-8.42390096707352
723.1,-8.61921345779668
723.2,-10.2793696289435
723.3,-9.76667434079521
723.4,-9.27839311398732
723.5,-8.66804158047747
723.6,-9.91315870883758
723.7,-10.3037836902839
723.8,-9.15632280728535
723.9,-8.74128376449864
724,-8.17976035366959
724.1,-8.30183066037156
724.2,-8.9365962552218
724.3,-8.69245564181785
724.4,-8.47272908975431
724.5,-8.05769004696761
724.6,-8.66804158047747
724.7,-8.76569782583905
724.8,-9.76667434079521
724.9,-9.69343215677403
725,-10.3281977516243
725.1,-9.54694778873166
725.2,-8.5947993964563
725.3,-9.4248774820297
725.4,-9.47370560471048
725.5,-9.76667434079521
725.6,-10.0352290155395
725.7,-9.86433058615679
725.8,-9.3760493593489
725.9,-8.64362751913707
726,-8.66804158047747
726.1,-9.83991652481639
726.2,-8.81452594851983
726.3,-8.05769004696762
726.4,-9.05866656192378
726.5,-10.1572993222415
726.6,-8.81452594851983
726.7,-8.5459712737755
726.8,-8.32624472171195
726.9,-7.276440084075
727,-7.88679161758486
727.1,-9.47370560471048
727.2,-9.10749468460457
727.3,-9.54694778873166
727.4,-9.47370560471048
727.5,-8.59479939645629
727.6,-7.83796349490407
727.7,-8.08210410830801
727.8,-9.35163529800851
727.9,-9.15632280728536
728,-9.10749468460457
728.1,-9.32722123666812
728.2,-8.49714315109471
728.3,-8.9854243779026
728.4,-8.30183066037156
728.5,-8.42390096707353
728.6,-8.27741659903116
728.7,-8.9365962552218
728.8,-9.35163529800851
728.9,-9.08308062326418
729,-8.22858847635037
729.1,-7.42292445211736
729.2,-8.5703853351159
729.3,-9.00983843924299
729.4,-8.42390096707352
729.5,-8.44831502841392
729.6,-9.57136185007206
729.7,-8.76569782583905
729.8,-8.13093223098879
729.9,-7.78913537222327
730,-7.34968226809618
730.1,-9.18073686862575
730.2,-9.57136185007205
730.3,-9.52253372739128
730.4,-10.6944086717302
730.5,-8.61921345779668
730.6,-8.17976035366958
730.7,-7.81354943356367
730.8,-7.91120567892525
730.9,-9.59577591141245
731,-10.621166487709
731.1,-10.1572993222415
731.2,-10.5235102423474
731.3,-11.2803461438997
731.4,-9.96198683151837
731.5,-9.20515092996615
731.6,-10.5723383650282
731.7,-9.37604935934891
731.8,-9.815502463476
731.9,-9.52253372739127
732,-9.18073686862575
732.1,-6.98347134799027
732.2,-6.88581510262869
732.3,-7.86237755624446
732.4,-7.64265100418091
732.5,-8.03327598562721
732.6,-7.69147912686169
732.7,-7.93561974026565
732.8,-8.27741659903116
732.9,-9.35163529800851
733,-7.86237755624446
733.1,-8.00886192428682
733.2,-8.74128376449866
733.3,-9.35163529800851
733.4,-10.4746821196666
733.5,-10.2305415062627
733.6,-9.64460403409324
733.7,-9.35163529800851
733.8,-9.13190874594496
733.9,-8.86335407120063
734,-8.66804158047747
734.1,-9.13190874594496
734.2,-9.18073686862575
734.3,-7.44733851345776
734.4,-7.96003380160604
734.5,-7.34968226809617
734.6,-8.61921345779668
734.7,-9.10749468460457
734.8,-8.66804158047747
734.9,-8.32624472171195
735,-8.05769004696761
735.1,-7.88679161758485
735.2,-8.1065181696484
735.3,-7.83796349490406
735.4,-7.98444786294642
735.5,-8.86335407120062
735.6,-8.5703853351159
735.7,-7.44733851345775
735.8,-8.79011188717944
735.9,-8.86335407120062
736,-10.2549555676031
736.1,-9.00983843924299
736.2,-7.49616663613855
736.3,-7.39851039077697
736.4,-6.98347134799025
736.5,-7.59382288150011
736.6,-7.32526820675578
736.7,-7.42292445211736
736.8,-8.20417441500998
736.9,-7.20319790005381
737,-6.49519012118237
737.1,-6.44636199850159
737.2,-8.35065878305234
737.3,-8.17976035366958
737.4,-7.93561974026563
737.5,-7.59382288150012
737.6,-8.88776813254102
737.7,-9.20515092996615
737.8,-7.42292445211736
737.9,-7.2520260227346
738,-7.91120567892524
738.1,-9.08308062326417
738.2,-8.05769004696761
738.3,-6.88581510262868
738.4,-8.17976035366958
738.5,-9.57136185007205
738.6,-8.13093223098879
738.7,-7.78913537222327
738.8,-7.20319790005381
738.9,-6.8369869799479
739,-6.51960418252277
739.1,-7.54499475881933
739.2,-7.00788540933066
739.3,-6.08015107839568
739.4,-6.91022916396909
739.5,-6.8369869799479
739.6,-7.27644008407499
739.7,-6.03132295571489
739.8,-6.7637447959267
739.9,-6.56843230520356
740,-7.10554165469223
740.1,-8.49714315109471
740.2,-7.47175257479815
740.3,-6.78815885726711
740.4,-6.73933073458632
740.5,-8.44831502841391
740.6,-7.76472131088287
740.7,-8.13093223098879
740.8,-7.98444786294643
740.9,-7.00788540933066
741,-7.00788540933066
741.1,-7.74030724954248
741.2,-6.91022916396908
741.3,-6.56843230520356
741.4,-6.88581510262869
741.5,-7.37409632943657
741.6,-7.93561974026564
741.7,-8.9610103165622
741.8,-7.71589318820209
741.9,-7.83796349490407
742,-7.64265100418091
742.1,-8.15534629232918
742.2,-8.25300253769077
742.3,-8.05769004696761
742.4,-8.17976035366958
742.5,-8.5459712737755
742.6,-8.5459712737755
742.7,-8.81452594851984
742.8,-8.082104108308
742.9,-7.17878383871341
743,-7.6670650655213
743.1,-7.6914791268617
743.2,-8.35065878305234
743.3,-7.10554165469223
743.4,-6.91022916396908
743.5,-8.03327598562722
743.6,-6.71491667324593
743.7,-6.78815885726711
743.8,-7.93561974026564
743.9,-7.56940882015972
744,-7.03229947067106
744.1,-6.47077605984198
744.2,-7.2276119613942
744.3,-7.12995571603263
744.4,-6.93464322530948
744.5,-6.83698697994789
744.6,-7.49616663613853
744.7,-8.42390096707352
744.8,-8.17976035366959
744.9,-7.37409632943657
745,-7.2276119613942
745.1,-8.59479939645629
745.2,-7.78913537222326
745.3,-6.7881588572671
745.4,-7.47175257479814
745.5,-8.1065181696484
745.6,-8.30183066037155
745.7,-6.93464322530947
745.8,-6.98347134799026
745.9,-8.17976035366958
746,-8.03327598562722
746.1,-7.61823694284051
746.2,-8.4971431510947
746.3,-8.61921345779668
746.4,-7.08112759335183
746.5,-6.20222138509765
746.6,-7.83796349490406
746.7,-8.71686970315825
746.8,-7.78913537222327
746.9,-7.00788540933066
747,-6.61726042788434
747.1,-7.17878383871341
747.2,-7.52058069747893
747.3,-7.2276119613942
747.4,-7.17878383871342
747.5,-6.7881588572671
747.6,-7.27644008407499
747.7,-7.88679161758486
747.8,-8.35065878305234
747.9,-8.082104108308
748,-8.59479939645628
748.1,-8.25300253769077
748.2,-8.69245564181787
748.3,-8.64362751913708
748.4,-8.71686970315826
748.5,-8.61921345779668
748.6,-7.08112759335184
748.7,-7.74030724954248
748.8,-9.3760493593489
748.9,-8.93659625522181
749,-8.30183066037155
749.1,-8.32624472171195
749.2,-9.10749468460456
749.3,-8.30183066037155
749.4,-9.69343215677402
749.5,-8.22858847635037
749.6,-8.10651816964839
749.7,-8.66804158047747
749.8,-9.22956499130654
749.9,-8.86335407120062
750,-8.44831502841391
750.1,-9.13190874594496
750.2,-9.81550246347601
750.3,-7.96003380160603
750.4,-8.37507284439273
750.5,-8.81452594851983
750.6,-9.4248774820297
750.7,-9.66901809543364
750.8,-9.4004634206893
750.9,-9.4248774820297
751,-8.81452594851984
751.1,-7.91120567892524
751.2,-9.52253372739126
751.3,-9.57136185007206
751.4,-8.39948690573314
751.5,-8.88776813254102
751.6,-8.64362751913707
751.7,-8.88776813254102
751.8,-9.96198683151836
751.9,-8.81452594851983
752,-8.79011188717943
752.1,-8.30183066037155
752.2,-7.6914791268617
752.3,-8.9854243779026
752.4,-9.32722123666812
752.5,-9.00983843924299
752.6,-8.27741659903116
752.7,-7.42292445211737
752.8,-7.83796349490407
752.9,-9.27839311398733
753,-9.8399165248164
753.1,-10.5235102423474
753.2,-9.62018997275284
753.3,-10.0596430768799
753.4,-9.49811966605087
753.5,-10.4258539969859
753.6,-10.621166487709
753.7,-9.27839311398733
753.8,-9.03425250058339
753.9,-10.0108149541992
754,-9.37604935934891
754.1,-7.2520260227346
754.2,-8.35065878305234
754.3,-8.15534629232918
754.4,-8.66804158047747
754.5,-8.93659625522181
754.6,-9.37604935934891
754.7,-8.76569782583906
754.8,-7.93561974026564
754.9,-7.52058069747894
755,-8.64362751913708
755.1,-9.10749468460457
755.2,-9.69343215677404
755.3,-9.66901809543363
755.4,-10.1328852609011
755.5,-9.8399165248164
755.6,-9.66901809543364
755.7,-8.81452594851984
755.8,-9.08308062326418
755.9,-8.71686970315826
756,-8.83894000986023
756.1,-9.74226027945482
756.2,-10.743236794411
756.3,-10.4746821196667
756.4,-10.8164789784322
756.5,-9.25397905264693
756.6,-9.44929154337009
756.7,-8.74128376449865
756.8,-9.00983843924297
756.9,-9.64460403409324
757,-8.20417441500998
757.1,-8.35065878305235
757.2,-8.25300253769077
757.3,-8.49714315109471
757.4,-8.30183066037155
757.5,-8.47272908975432
757.6,-8.88776813254102
757.7,-8.86335407120063
757.8,-8.86335407120063
757.9,-7.08112759335184
758,-6.47077605984198
758.1,-7.44733851345776
758.2,-8.37507284439274
758.3,-7.61823694284051
758.4,-8.42390096707353
758.5,-9.3760493593489
758.6,-8.64362751913708
758.7,-8.61921345779668
758.8,-8.86335407120061
758.9,-8.00886192428682
759,-8.1309322309888
759.1,-8.74128376449866
759.2,-8.22858847635037
759.3,-8.47272908975431
759.4,-7.6670650655213
759.5,-6.8614010412883
759.6,-7.39851039077697
759.7,-7.83796349490407
759.8,-7.86237755624446
759.9,-7.61823694284051
760,-7.74030724954248
760.1,-7.30085414541538
760.2,-7.88679161758485
760.3,-7.39851039077697
760.4,-8.61921345779668
760.5,-8.76569782583905
760.6,-8.64362751913707
760.7,-9.30280717532772
760.8,-8.00886192428682
760.9,-8.64362751913708
761,-8.32624472171195
761.1,-7.52058069747894
761.2,-7.12995571603263
761.3,-7.32526820675578
761.4,-7.6914791268617
761.5,-8.00886192428683
761.6,-7.93561974026563
761.7,-7.49616663613854
761.8,-7.44733851345775
761.9,-7.49616663613854
762,-7.34968226809618
762.1,-7.52058069747894
762.2,-8.59479939645629
762.3,-6.91022916396907
762.4,-7.32526820675578
762.5,-7.52058069747894
762.6,-7.05671353201144
762.7,-7.81354943356366
762.8,-8.05769004696761
762.9,-8.20417441500998
763,-8.76569782583904
763.1,-7.6670650655213
763.2,-6.10456513973606
763.3,-7.27644008407499
763.4,-6.71491667324592
763.5,-5.93366671035331
763.6,-6.49519012118238
763.7,-7.42292445211735
763.8,-8.35065878305234
763.9,-8.17976035366959
764,-6.47077605984198
764.1,-5.34772923818385
764.2,-6.51960418252277
764.3,-6.56843230520357
764.4,-6.69050261190553
764.5,-7.59382288150012
764.6,-6.76374479592671
764.7,-7.52058069747894
764.8,-7.03229947067105
764.9,-7.27644008407499
765,-6.42194793716119
765.1,-6.27546356911883
765.2,-7.49616663613854
765.3,-8.1309322309888
765.4,-7.39851039077697
765.5,-6.32429169179961
765.6,-6.3975338758208
765.7,-7.03229947067105
765.8,-7.74030724954248
765.9,-8.39948690573313
766,-6.78815885726711
766.1,-6.88581510262869
766.2,-6.81257291860751
766.3,-7.71589318820209
766.4,-8.13093223098879
766.5,-7.64265100418091
766.6,-6.88581510262869
766.7,-6.78815885726711
766.8,-6.17780732375725
766.9,-7.03229947067105
767,-7.32526820675579
767.1,-7.05671353201145
767.2,-7.34968226809618
767.3,-7.25202602273459
767.4,-6.95905728664987
767.5,-6.47077605984198
767.6,-6.98347134799026
767.7,-6.93464322530947
767.8,-6.3975338758208
767.9,-6.34870575314001
768,-6.95905728664986
768.1,-8.35065878305234
768.2,-7.17878383871342
768.3,-6.71491667324593
768.4,-7.49616663613854
768.5,-7.2276119613942
768.6,-7.00788540933066
768.7,-7.81354943356365
768.8,-6.95905728664987
768.9,-5.12800268612029
769,-7.49616663613854
769.1,-7.88679161758486
769.2,-8.64362751913708
769.3,-8.47272908975432
769.4,-9.37604935934891
769.5,-7.91120567892524
769.6,-7.86237755624446
769.7,-8.66804158047747
769.8,-7.93561974026564
769.9,-6.98347134799026
770,-7.49616663613854
770.1,-8.082104108308
770.2,-7.49616663613855
770.3,-7.34968226809618
770.4,-6.61726042788435
770.5,-7.81354943356366
770.6,-7.56940882015973
770.7,-7.6670650655213
770.8,-7.34968226809617
770.9,-7.15436977737302
771,-7.66706506552131
771.1,-7.74030724954248
771.2,-8.17976035366959
771.3,-7.54499475881933
771.4,-7.12995571603263
771.5,-7.03229947067105
771.6,-6.64167448922474
771.7,-7.00788540933065
771.8,-7.56940882015972
771.9,-6.61726042788435
772,-7.96003380160603
772.1,-9.81550246347601
772.2,-9.57136185007206
772.3,-8.25300253769076
772.4,-6.98347134799026
772.5,-8.25300253769077
772.6,-6.91022916396909
772.7,-7.93561974026565
772.8,-7.76472131088289
772.9,-6.61726042788435
773,-6.83698697994789
773.1,-7.86237755624446
773.2,-6.86140104128829
773.3,-7.81354943356366
773.4,-8.47272908975431
773.5,-7.61823694284051
773.6,-7.22761196139421
773.7,-7.22761196139421
773.8,-7.47175257479815
773.9,-6.69050261190553
774,-7.56940882015973
774.1,-8.32624472171195
774.2,-7.78913537222327
774.3,-7.12995571603263
774.4,-6.51960418252277
774.5,-6.95905728664987
774.6,-7.00788540933066
774.7,-6.93464322530947
774.8,-7.20319790005381
774.9,-7.2520260227346
775,-7.81354943356367
775.1,-7.17878383871341
775.2,-6.08015107839568
775.3,-6.29987763045922
775.4,-6.8614010412883
775.5,-6.88581510262869
775.6,-7.20319790005381
775.7,-6.95905728664987
775.8,-7.56940882015973
775.9,-7.81354943356367
776,-7.47175257479815
776.1,-7.03229947067106
776.2,-7.6670650655213
776.3,-7.98444786294643
776.4,-7.6670650655213
776.5,-7.96003380160603
776.6,-7.54499475881933
776.7,-8.39948690573314
776.8,-7.6426510041809
776.9,-6.86140104128829
777,-6.7881588572671
777.1,-7.91120567892525
777.2,-8.25300253769077
777.3,-7.74030724954248
777.4,-7.37409632943657
777.5,-7.6426510041809
777.6,-7.78913537222327
777.7,-7.83796349490407
777.8,-8.42390096707352
777.9,-7.49616663613855
778,-7.30085414541539
778.1,-7.6914791268617
778.2,-7.6914791268617
778.3,-7.12995571603262
778.4,-7.59382288150012
778.5,-8.00886192428682
778.6,-7.30085414541539
778.7,-6.8125729186075
778.8,-6.29987763045922
778.9,-6.95905728664987
779,-7.10554165469223
779.1,-7.10554165469223
779.2,-6.51960418252276
779.3,-6.3731198144804
779.4,-7.37409632943657
779.5,-6.73933073458632
779.6,-6.56843230520356
779.7,-6.03132295571489
779.8,-6.59284636654395
779.9,-6.98347134799026
780,-6.86140104128829
780.1,-5.81159640365134
780.2,-7.20319790005381
780.3,-6.98347134799026
780.4,-5.71394015828976
780.5,-6.32429169179962
780.6,-6.76374479592671
780.7,-6.47077605984198
780.8,-6.03132295571489
780.9,-5.64069797426858
781,-5.10358862477991
781.1,-6.27546356911883
781.2,-7.42292445211736
781.3,-7.08112759335185
781.4,-7.00788540933066
781.5,-6.95905728664987
781.6,-7.54499475881933
781.7,-7.08112759335184
781.8,-6.66608855056514
781.9,-7.05671353201145
782,-7.59382288150012
782.1,-7.03229947067105
782.2,-7.08112759335183
782.3,-6.86140104128829
782.4,-7.66706506552131
782.5,-7.39851039077696
782.6,-8.44831502841391
782.7,-7.88679161758486
782.8,-7.39851039077697
782.9,-7.20319790005381
783,-7.17878383871342
783.1,-7.83796349490406
783.2,-9.42487748202968
783.3,-9.18073686862575
783.4,-8.05769004696761
783.5,-8.22858847635036
783.6,-8.79011188717944
783.7,-7.03229947067105
783.8,-7.59382288150011
783.9,-8.79011188717944
784,-8.91218219388142
784.1,-8.71686970315826
784.2,-7.71589318820209
784.3,-7.42292445211736
784.4,-7.54499475881933
784.5,-7.39851039077697
784.6,-7.52058069747894
784.7,-7.00788540933066
784.8,-7.61823694284051
784.9,-7.56940882015972
785,-8.22858847635037
785.1,-7.6670650655213
785.2,-7.12995571603263
785.3,-7.74030724954248
785.4,-6.54401824386315
785.5,-6.86140104128829
785.6,-7.05671353201144
785.7,-7.32526820675578
785.8,-6.71491667324593
785.9,-6.59284636654395
786,-6.61726042788434
786.1,-6.47077605984198
786.2,-6.66608855056514
786.3,-7.2276119613942
786.4,-6.98347134799026
786.5,-7.30085414541539
786.6,-7.2520260227346
786.7,-7.00788540933065
786.8,-7.6914791268617
786.9,-7.10554165469223
787,-7.54499475881932
787.1,-6.44636199850159
787.2,-6.4219479371612
787.3,-6.27546356911882
787.4,-6.49519012118238
787.5,-5.88483858767252
787.6,-6.8369869799479
787.7,-7.64265100418091
787.8,-6.95905728664987
787.9,-6.29987763045922
788,-7.34968226809617
788.1,-7.59382288150012
788.2,-6.59284636654395
788.3,-7.12995571603263
788.4,-7.69147912686169
788.5,-7.76472131088287
788.6,-7.69147912686169
788.7,-6.37311981448041
788.8,-6.71491667324593
788.9,-6.8369869799479
789,-6.05573701705528
789.1,-6.54401824386316
789.2,-6.88581510262868
789.3,-7.03229947067105
789.4,-6.25104950777843
789.5,-6.27546356911882
789.6,-7.2276119613942
789.7,-7.42292445211735
789.8,-7.32526820675578
789.9,-7.42292445211737
790,-6.81257291860751
790.1,-7.32526820675578
790.2,-6.78815885726711
790.3,-7.32526820675578
790.4,-7.59382288150012
790.5,-8.15534629232919
790.6,-7.10554165469223
790.7,-7.27644008407499
790.8,-6.8369869799479
790.9,-7.03229947067105
791,-6.78815885726711
791.1,-7.42292445211736
791.2,-8.35065878305235
791.3,-8.69245564181786
791.4,-7.76472131088288
791.5,-7.2520260227346
791.6,-7.64265100418091
791.7,-6.95905728664986
791.8,-7.42292445211736
791.9,-7.98444786294643
792,-6.7881588572671
792.1,-7.32526820675578
792.2,-7.12995571603263
792.3,-7.03229947067105
792.4,-8.88776813254102
792.5,-8.76569782583904
792.6,-8.64362751913707
792.7,-8.64362751913708
792.8,-7.39851039077697
792.9,-6.81257291860751
793,-6.22663544643804
793.1,-5.9824948330341
793.2,-6.8125729186075
793.3,-8.03327598562722
793.4,-7.49616663613854
793.5,-6.64167448922474
793.6,-5.543041728907
793.7,-5.46979954488582
793.8,-6.8125729186075
793.9,-6.54401824386317
794,-6.25104950777844
794.1,-6.56843230520357
794.2,-6.12897920107647
794.3,-4.95710425673753
794.4,-5.543041728907
794.5,-5.86042452633213
794.6,-5.76276828097055
794.7,-6.22663544643804
794.8,-6.54401824386317
794.9,-7.08112759335184
795,-7.12995571603263
795.1,-7.05671353201145
795.2,-6.51960418252277
795.3,-7.44733851345775
795.4,-8.69245564181787
795.5,-8.69245564181786
795.6,-9.15632280728535
795.7,-8.52155721243511
795.8,-9.05866656192378
795.9,-7.34968226809618
796,-7.6426510041809
796.1,-8.1309322309888
796.2,-7.39851039077697
796.3,-7.34968226809618
796.4,-6.00690889437449
796.5,-6.25104950777844
796.6,-6.8125729186075
796.7,-6.37311981448041
796.8,-6.12897920107647
796.9,-7.00788540933066
797,-6.71491667324593
797.1,-6.69050261190553
797.2,-7.47175257479814
797.3,-8.15534629232919
797.4,-7.59382288150013
797.5,-7.2520260227346
797.6,-8.52155721243511
797.7,-7.96003380160603
797.8,-7.12995571603263
797.9,-8.47272908975432
798,-8.35065878305235
798.1,-7.78913537222328
798.2,-6.47077605984198
798.3,-6.47077605984198
798.4,-6.54401824386317
798.5,-5.61628391292818
798.6,-6.51960418252277
798.7,-5.32331517684345
798.8,-6.05573701705528
798.9,-6.51960418252278
799,-6.25104950777844
799.1,-5.76276828097055
799.2,-7.15436977737303
799.3,-7.47175257479814
799.4,-7.39851039077697
799.5,-7.37409632943657
799.6,-6.37311981448039
799.7,-7.10554165469223
799.8,-7.17878383871342
799.9,-6.4219479371612
800,-5.78718234231093
800.1,-5.56745579024739
800.2,-5.93366671035331
800.3,-6.34870575314001
800.4,-5.00593237941833
800.5,-6.66608855056513
800.6,-6.93464322530947
800.7,-7.74030724954248
800.8,-8.37507284439274
800.9,-6.91022916396908
801,-6.47077605984198
801.1,-6.20222138509765
801.2,-7.05671353201145
801.3,-7.20319790005381
801.4,-6.66608855056513
801.5,-5.51862766756661
801.6,-6.34870575314001
801.7,-6.47077605984198
801.8,-5.83601046499173
801.9,-5.76276828097055
802,-5.9580807716937
802.1,-5.46979954488582
802.2,-6.03132295571489
802.3,-6.81257291860751
802.4,-7.88679161758485
802.5,-6.51960418252277
802.6,-6.59284636654395
802.7,-6.69050261190554
802.8,-6.78815885726712
802.9,-7.54499475881933
803,-6.8369869799479
803.1,-5.61628391292817
803.2,-6.47077605984198
803.3,-4.95710425673753
803.4,-5.1280026861203
803.5,-6.25104950777844
803.6,-6.8125729186075
803.7,-5.73835421963015
803.8,-5.25007299282227
803.9,-5.66511203560897
804,-6.42194793716119
804.1,-6.03132295571489
804.2,-6.17780732375725
804.3,-6.8614010412883
804.4,-6.05573701705528
804.5,-6.00690889437449
804.6,-5.71394015828976
804.7,-6.32429169179961
804.8,-6.59284636654395
804.9,-6.47077605984198
805,-4.83503395003557
805.1,-5.83601046499173
805.2,-6.66608855056513
805.3,-5.90925264901291
805.4,-5.61628391292817
805.5,-6.37311981448041
805.6,-7.2276119613942
805.7,-7.03229947067105
805.8,-7.08112759335184
805.9,-7.2276119613942
806,-7.3008541454154
806.1,-6.56843230520356
806.2,-5.10358862477991
806.3,-5.83601046499173
806.4,-6.71491667324591
806.5,-5.10358862477991
806.6,-5.76276828097054
806.7,-6.42194793716119
806.8,-6.10456513973607
806.9,-5.37214329952424
807,-5.34772923818384
807.1,-5.15241674746069
807.2,-5.51862766756661
807.3,-6.29987763045922
807.4,-5.76276828097055
807.5,-5.81159640365134
807.6,-5.83601046499173
807.7,-5.83601046499173
807.8,-6.20222138509765
807.9,-6.22663544643804
808,-6.29987763045921
808.1,-6.54401824386317
808.2,-6.73933073458632
808.3,-7.08112759335183
808.4,-6.86140104128829
808.5,-6.03132295571489
808.6,-6.59284636654395
808.7,-8.25300253769076
808.8,-6.64167448922474
808.9,-6.20222138509764
809,-6.17780732375724
809.1,-5.29890111550306
809.2,-6.59284636654396
809.3,-5.44538548354542
809.4,-6.34870575314001
809.5,-6.49519012118238
809.6,-7.08112759335183
809.7,-5.83601046499173
809.8,-6.00690889437449
809.9,-6.47077605984198
810,-6.86140104128829
810.1,-6.86140104128829
810.2,-8.47272908975431
810.3,-8.30183066037155
810.4,-6.88581510262869
810.5,-6.44636199850159
810.6,-6.32429169179961
810.7,-6.49519012118238
810.8,-6.83698697994789
810.9,-5.81159640365134
811,-6.25104950777843
811.1,-6.37311981448041
811.2,-5.9580807716937
811.3,-6.10456513973607
811.4,-7.34968226809618
811.5,-6.8125729186075
811.6,-6.8369869799479
811.7,-6.49519012118238
811.8,-6.08015107839566
811.9,-6.29987763045922
812,-6.88581510262869
812.1,-5.9824948330341
812.2,-6.4219479371612
812.3,-7.49616663613854
812.4,-7.47175257479815
812.5,-6.66608855056513
812.6,-5.98249483303409
812.7,-6.17780732375725
812.8,-6.37311981448041
812.9,-6.91022916396908
813,-7.08112759335183
813.1,-7.17878383871342
813.2,-6.59284636654395
813.3,-6.8614010412883
813.4,-7.2520260227346
813.5,-6.00690889437449
813.6,-7.10554165469223
813.7,-8.86335407120063
813.8,-7.78913537222327
813.9,-6.69050261190553
814,-6.64167448922474
814.1,-7.00788540933066
814.2,-7.71589318820209
814.3,-8.03327598562722
814.4,-8.20417441500998
814.5,-7.88679161758485
814.6,-6.76374479592671
814.7,-7.12995571603263
814.8,-7.276440084075
814.9,-7.93561974026564
815,-6.71491667324593
815.1,-6.10456513973606
815.2,-7.98444786294641
815.3,-7.61823694284051
815.4,-6.98347134799026
815.5,-6.25104950777842
815.6,-6.71491667324593
815.7,-6.8125729186075
815.8,-7.6914791268617
815.9,-8.32624472171195
816,-7.6670650655213
816.1,-6.8369869799479
816.2,-6.56843230520356
816.3,-6.91022916396909
816.4,-6.49519012118238
816.5,-5.76276828097055
816.6,-7.91120567892524
816.7,-7.12995571603263
816.8,-6.8125729186075
816.9,-7.91120567892525
817,-6.88581510262869
817.1,-6.49519012118238
817.2,-7.32526820675578
817.3,-7.22761196139421
817.4,-5.9336667103533
817.5,-6.73933073458632
817.6,-8.30183066037155
817.7,-7.86237755624445
817.8,-6.78815885726711
817.9,-6.71491667324593
818,-7.32526820675578
818.1,-6.25104950777844
818.2,-6.17780732375725
818.3,-6.88581510262869
818.4,-7.08112759335184
818.5,-5.98249483303409
818.6,-6.47077605984198
818.7,-6.29987763045922
818.8,-6.20222138509765
818.9,-6.8125729186075
819,-7.6670650655213
819.1,-8.5215572124351
819.2,-7.6670650655213
819.3,-7.81354943356367
819.4,-7.39851039077697
819.5,-6.08015107839567
819.6,-6.88581510262868
819.7,-7.6914791268617
819.8,-7.34968226809618
819.9,-6.54401824386317
820,-7.2276119613942
820.1,-7.20319790005381
820.2,-6.08015107839568
820.3,-6.08015107839567
820.4,-7.03229947067105
820.5,-6.15339326241686
820.6,-6.44636199850158
820.7,-6.66608855056513
820.8,-5.61628391292818
820.9,-6.03132295571488
821,-6.93464322530947
821.1,-7.47175257479814
821.2,-6.81257291860749
821.3,-7.78913537222328
821.4,-8.15534629232919
821.5,-7.98444786294643
821.6,-7.52058069747893
821.7,-6.86140104128829
821.8,-7.08112759335184
821.9,-6.76374479592671
822,-6.27546356911882
822.1,-5.61628391292818
822.2,-6.12897920107646
822.3,-5.9336667103533
822.4,-5.9580807716937
822.5,-5.88483858767252
822.6,-5.39655736086464
822.7,-6.4219479371612
822.8,-7.05671353201145
822.9,-7.30085414541538
823,-7.08112759335184
823.1,-5.66511203560897
823.2,-6.86140104128829
823.3,-7.2520260227346
823.4,-7.6914791268617
823.5,-7.32526820675578
823.6,-7.64265100418091
823.7,-7.71589318820209
823.8,-7.56940882015973
823.9,-7.96003380160604
824,-7.34968226809618
824.1,-6.25104950777844
824.2,-6.98347134799027
824.3,-7.17878383871342
824.4,-6.86140104128829
824.5,-6.47077605984198
824.6,-6.3731198144804
824.7,-7.6670650655213
824.8,-7.15436977737302
824.9,-6.00690889437449
825,-5.78718234231094
825.1,-7.15436977737301
825.2,-7.27644008407499
825.3,-7.74030724954249
825.4,-6.91022916396908
825.5,-7.37409632943657
825.6,-6.10456513973607
825.7,-5.64069797426858
825.8,-6.4219479371612
825.9,-6.37311981448041
826,-6.03132295571488
826.1,-6.47077605984198
826.2,-5.59186985158779
826.3,-4.2979246005469
826.4,-6.93464322530948
826.5,-5.44538548354543
826.6,-5.71394015828977
826.7,-5.86042452633213
826.8,-5.86042452633213
826.9,-4.90827613405675
827,-5.78718234231094
827.1,-6.08015107839568
827.2,-5.07917456343951
827.3,-4.2979246005469
827.4,-4.39558084590847
827.5,-6.59284636654395
827.6,-5.86042452633212
827.7,-5.27448705416267
827.8,-4.93269019539715
827.9,-6.61726042788434
828,-6.51960418252278
828.1,-6.54401824386317
828.2,-5.76276828097054
828.3,-4.63972145931241
828.4,-4.93269019539715
828.5,-6.32429169179961
828.6,-5.61628391292818
828.7,-5.73835421963015
828.8,-4.32233866188728
828.9,-4.93269019539715
829,-4.6885495819932
829.1,-5.27448705416266
829.2,-5.22565893148188
829.3,-5.5674557902474
829.4,-5.32331517684345
829.5,-5.64069797426858
829.6,-5.543041728907
829.7,-4.76179176601439
829.8,-3.98054180312177
829.9,-4.83503395003556
830,-6.03132295571488
830.1,-6.03132295571489
830.2,-6.05573701705528
830.3,-5.88483858767252
830.4,-5.32331517684344
830.5,-6.17780732375725
830.6,-5.83601046499173
830.7,-5.64069797426858
830.8,-5.86042452633212
830.9,-5.64069797426857
831,-5.81159640365134
831.1,-5.78718234231094
831.2,-5.46979954488582
831.3,-4.51765115261044
831.4,-5.9580807716937
831.5,-7.59382288150013
831.6,-6.4463619985016
831.7,-6.17780732375725
831.8,-5.90925264901291
831.9,-6.29987763045922
832,-5.29890111550305
832.1,-5.9336667103533
832.2,-6.12897920107646
832.3,-5.46979954488581
832.4,-5.90925264901291
832.5,-6.56843230520356
832.6,-7.15436977737302
832.7,-6.66608855056513
832.8,-5.61628391292818
832.9,-5.32331517684345
833,-5.12800268612029
833.1,-5.66511203560897
833.2,-5.51862766756661
833.3,-5.44538548354542
833.4,-6.08015107839568
833.5,-6.66608855056514
833.6,-5.10358862477991
833.7,-5.83601046499173
833.8,-7.2276119613942
833.9,-6.95905728664987
834,-6.29987763045922
834.1,-4.81061988869517
834.2,-4.90827613405675
834.3,-4.88386207271635
834.4,-5.83601046499173
834.5,-5.00593237941833
834.6,-4.7129636433336
834.7,-4.54206521395084
834.8,-5.44538548354542
834.9,-5.29890111550306
835,-5.66511203560897
835.1,-5.9824948330341
835.2,-6.56843230520356
835.3,-6.47077605984198
835.4,-6.32429169179962
835.5,-4.98151831807793
835.6,-5.20124487014148
835.7,-6.27546356911882
835.8,-6.37311981448041
835.9,-4.32233866188729
836,-3.95612774178138
836.1,-5.61628391292818
836.2,-5.9336667103533
836.3,-5.17683080880108
836.4,-6.12897920107646
836.5,-5.9336667103533
836.6,-6.34870575314001
836.7,-6.12897920107646
836.8,-6.15339326241686
836.9,-7.05671353201145
837,-6.69050261190553
837.1,-5.76276828097055
837.2,-5.88483858767252
837.3,-6.8369869799479
837.4,-6.71491667324592
837.5,-5.10358862477991
837.6,-5.9580807716937
837.7,-5.9824948330341
837.8,-5.59186985158779
837.9,-6.03132295571488
838,-5.49421360622621
838.1,-5.1280026861203
838.2,-5.34772923818385
838.3,-5.78718234231094
838.4,-7.49616663613855
838.5,-6.56843230520356
838.6,-5.73835421963016
838.7,-7.61823694284051
838.8,-7.74030724954248
838.9,-6.66608855056514
839,-6.8369869799479
839.1,-5.44538548354542
839.2,-6.78815885726711
839.3,-6.3975338758208
839.4,-4.6885495819932
839.5,-4.56647927529122
839.6,-4.81061988869517
839.7,-5.5674557902474
839.8,-4.83503395003556
839.9,-5.78718234231094
840,-4.90827613405675
840.1,-5.17683080880109
840.2,-5.9824948330341
840.3,-6.00690889437449
840.4,-5.49421360622621
840.5,-5.27448705416267
840.6,-5.66511203560897
840.7,-5.78718234231094
840.8,-5.49421360622621
840.9,-4.78620582735477
841,-4.7129636433336
841.1,-5.73835421963016
841.2,-5.73835421963016
841.3,-6.03132295571489
841.4,-5.9824948330341
841.5,-6.49519012118237
841.6,-6.61726042788436
841.7,-6.34870575314002
841.8,-6.49519012118238
841.9,-6.93464322530947
842,-6.03132295571489
842.1,-5.44538548354542
842.2,-5.543041728907
842.3,-5.37214329952424
842.4,-4.83503395003557
842.5,-5.1035886247799
842.6,-5.543041728907
842.7,-4.88386207271636
842.8,-5.5186276675666
842.9,-6.08015107839568
843,-4.46882302992965
843.1,-4.05378398714295
843.2,-4.05378398714294
843.3,-5.34772923818385
843.4,-4.83503395003557
843.5,-4.39558084590847
843.6,-5.76276828097055
843.7,-5.12800268612029
843.8,-4.93269019539714
843.9,-5.42097142220503
844,-5.32331517684345
844.1,-6.08015107839568
844.2,-5.34772923818384
844.3,-5.64069797426857
844.4,-5.9824948330341
844.5,-5.64069797426857
844.6,-4.61530739797202
844.7,-5.27448705416266
844.8,-6.73933073458632
844.9,-6.12897920107646
845,-5.9824948330341
845.1,-5.9580807716937
845.2,-6.17780732375725
845.3,-6.20222138509764
845.4,-5.5674557902474
845.5,-6.03132295571488
845.6,-5.34772923818385
845.7,-5.90925264901292
845.8,-4.61530739797201
845.9,-5.59186985158779
846,-6.03132295571489
846.1,-5.5674557902474
846.2,-6.17780732375725
846.3,-6.64167448922474
846.4,-5.27448705416266
846.5,-5.66511203560897
846.6,-7.03229947067105
846.7,-6.00690889437449
846.8,-6.91022916396908
846.9,-7.08112759335185
847,-6.8614010412883
847.1,-5.9580807716937
847.2,-5.76276828097054
847.3,-6.00690889437449
847.4,-5.17683080880109
847.5,-5.66511203560897
847.6,-6.71491667324593
847.7,-5.76276828097055
847.8,-6.59284636654395
847.9,-6.64167448922474
848,-7.3008541454154
848.1,-6.03132295571489
848.2,-6.15339326241685
848.3,-6.8369869799479
848.4,-5.15241674746069
848.5,-5.83601046499173
848.6,-5.10358862477991
848.7,-5.00593237941833
848.8,-4.73737770467399
848.9,-5.5674557902474
849,-5.10358862477991
849.1,-5.78718234231094
849.2,-6.44636199850159
849.3,-7.20319790005381
849.4,-5.27448705416265
849.5,-4.83503395003555
849.6,-5.61628391292818
849.7,-5.81159640365134
849.8,-5.83601046499173
849.9,-6.29987763045921
850,-5.90925264901292
850.1,-7.30085414541538
850.2,-6.71491667324593
850.3,-6.00690889437449
850.4,-6.64167448922474
850.5,-6.03132295571489
850.6,-5.15241674746069
850.7,-6.22663544643804
850.8,-5.73835421963016
850.9,-4.44440896858926
851,-6.71491667324593
851.1,-6.32429169179962
851.2,-6.47077605984198
851.3,-6.78815885726711
851.4,-5.59186985158779
851.5,-5.27448705416267
851.6,-6.4219479371612
851.7,-6.76374479592671
851.8,-4.34675272322768
851.9,-5.46979954488582
852,-6.12897920107646
852.1,-5.42097142220503
852.2,-4.66413552065281
852.3,-5.49421360622621
852.4,-5.90925264901292
852.5,-6.03132295571489
852.6,-7.64265100418091
852.7,-6.78815885726712
852.8,-5.90925264901292
852.9,-5.07917456343951
853,-5.29890111550306
853.1,-6.22663544643804
853.2,-5.10358862477991
853.3,-3.07722153352718
853.4,-3.15046371754836
853.5,-4.63972145931241
853.6,-5.12800268612029
853.7,-5.25007299282227
853.8,-4.81061988869517
853.9,-4.59089333663161
854,-4.63972145931241
854.1,-4.61530739797202
854.2,-5.39655736086462
854.3,-4.7129636433336
854.4,-4.37116678456807
854.5,-6.12897920107646
854.6,-6.05573701705528
854.7,-5.32331517684345
854.8,-5.03034644075872
854.9,-4.95710425673754
855,-4.49323709127005
855.1,-4.73737770467399
855.2,-4.85944801137596
855.3,-4.85944801137596
855.4,-5.03034644075872
855.5,-4.34675272322768
855.6,-4.46882302992965
855.7,-3.809643373739
855.8,-3.80964337373901
855.9,-4.83503395003557
856,-4.90827613405675
856.1,-5.83601046499173
856.2,-6.03132295571488
856.3,-5.78718234231094
856.4,-6.61726042788434
856.5,-6.49519012118238
856.6,-6.64167448922475
856.7,-5.34772923818385
856.8,-5.39655736086462
856.9,-5.9336667103533
857,-5.42097142220503
857.1,-5.49421360622621
857.2,-5.56745579024739
857.3,-6.39753387582079
857.4,-5.46979954488581
857.5,-6.15339326241686
857.6,-5.90925264901292
857.7,-6.93464322530947
857.8,-5.90925264901292
857.9,-5.543041728907
858,-7.00788540933066
858.1,-6.73933073458632
858.2,-6.61726042788435
858.3,-7.08112759335183
858.4,-6.10456513973607
858.5,-6.37311981448041
858.6,-6.03132295571488
858.7,-6.49519012118236
858.8,-7.76472131088289
858.9,-6.86140104128829
859,-6.8369869799479
859.1,-7.12995571603262
859.2,-6.78815885726711
859.3,-6.76374479592671
859.4,-5.81159640365133
859.5,-5.76276828097055
859.6,-5.90925264901291
859.7,-5.86042452633213
859.8,-5.68952609694937
859.9,-6.22663544643804
860,-7.54499475881934
860.1,-7.10554165469224
860.2,-5.44538548354542
860.3,-6.47077605984198
860.4,-5.25007299282227
860.5,-4.81061988869517
860.6,-5.64069797426858
860.7,-6.49519012118238
860.8,-5.90925264901292
860.9,-5.71394015828975
861,-5.61628391292818
861.1,-5.90925264901292
861.2,-4.98151831807793
861.3,-5.81159640365133
861.4,-5.59186985158779
861.5,-6.08015107839568
861.6,-7.20319790005381
861.7,-6.27546356911883
861.8,-6.05573701705528
861.9,-5.71394015828976
862,-5.73835421963015
862.1,-6.93464322530947
862.2,-6.03132295571489
862.3,-5.64069797426857
862.4,-5.9824948330341
862.5,-6.56843230520356
862.6,-7.12995571603262
862.7,-6.91022916396907
862.8,-7.08112759335183
862.9,-6.29987763045922
863,-4.56647927529123
863.1,-5.03034644075872
863.2,-6.47077605984199
863.3,-7.86237755624446
863.4,-6.03132295571488
863.5,-5.71394015828976
863.6,-5.9336667103533
863.7,-6.4219479371612
863.8,-5.39655736086463
863.9,-5.9824948330341
864,-5.32331517684345
864.1,-5.17683080880109
864.2,-6.17780732375725
864.3,-6.61726042788435
864.4,-5.10358862477991
864.5,-5.32331517684345
864.6,-5.20124487014148
864.7,-5.05476050209912
864.8,-5.22565893148188
864.9,-5.17683080880109
865,-5.5674557902474
865.1,-5.39655736086464
865.2,-5.93366671035331
865.3,-6.69050261190553
865.4,-5.78718234231094
865.5,-6.76374479592671
865.6,-6.44636199850159
865.7,-6.20222138509765
865.8,-5.76276828097055
865.9,-5.44538548354542
866,-4.90827613405675
866.1,-5.49421360622621
866.2,-4.88386207271635
866.3,-6.4219479371612
866.4,-7.22761196139421
866.5,-7.20319790005381
866.6,-6.3975338758208
866.7,-5.9824948330341
866.8,-6.22663544643804
866.9,-6.3731198144804
867,-6.15339326241685
867.1,-5.9824948330341
867.2,-7.47175257479815
867.3,-6.47077605984198
867.4,-6.27546356911882
867.5,-7.03229947067104
867.6,-6.4219479371612
867.7,-6.12897920107646
867.8,-5.9824948330341
867.9,-7.42292445211735
868,-6.51960418252277
868.1,-6.32429169179961
868.2,-6.03132295571489
868.3,-6.05573701705528
868.4,-6.98347134799026
868.5,-6.88581510262869
868.6,-5.20124487014148
868.7,-4.17585429384492
868.8,-5.05476050209911
868.9,-5.66511203560897
869,-6.20222138509765
869.1,-5.61628391292818
869.2,-5.68952609694936
869.3,-5.49421360622621
869.4,-4.85944801137596
869.5,-4.98151831807793
869.6,-4.93269019539715
869.7,-6.37311981448041
869.8,-6.4219479371612
869.9,-5.68952609694936
870,-5.73835421963016
870.1,-5.78718234231093
870.2,-5.42097142220503
870.3,-6.03132295571489
870.4,-5.1035886247799
870.5,-5.1280026861203
870.6,-5.27448705416266
870.7,-6.3975338758208
870.8,-6.25104950777844
870.9,-5.90925264901292
871,-4.98151831807793
871.1,-5.71394015828976
871.2,-7.2520260227346
871.3,-7.27644008407499
871.4,-5.88483858767252
871.5,-4.00495586446216
871.6,-4.66413552065281
871.7,-6.32429169179962
871.8,-7.20319790005381
871.9,-6.22663544643804
872,-6.29987763045922
872.1,-6.64167448922474
872.2,-6.49519012118237
872.3,-5.9824948330341
872.4,-5.71394015828976
872.5,-6.29987763045922
872.6,-5.9580807716937
872.7,-6.32429169179962
872.8,-6.76374479592672
872.9,-5.66511203560898
873,-6.91022916396908
873.1,-6.17780732375725
873.2,-5.1280026861203
873.3,-4.95710425673755
873.4,-5.5674557902474
873.5,-5.76276828097055
873.6,-5.51862766756661
873.7,-6.12897920107647
873.8,-7.00788540933066
873.9,-6.27546356911882
874,-6.03132295571488
874.1,-5.39655736086462
874.2,-5.68952609694937
874.3,-7.00788540933066
874.4,-6.54401824386317
874.5,-6.44636199850159
874.6,-6.4463619985016
874.7,-6.34870575314002
874.8,-4.93269019539715
874.9,-6.64167448922475
875,-6.34870575314001
875.1,-5.1035886247799
875.2,-6.71491667324591
875.3,-5.42097142220503
875.4,-6.54401824386316
875.5,-6.8369869799479
875.6,-6.8125729186075
875.7,-6.7637447959267
875.8,-6.12897920107646
875.9,-6.25104950777842
876,-6.7881588572671
876.1,-6.34870575314002
876.2,-6.12897920107646
876.3,-5.12800268612029
876.4,-5.39655736086464
876.5,-6.37311981448041
876.6,-5.9580807716937
876.7,-7.2031979000538
876.8,-6.86140104128829
876.9,-6.76374479592671
877,-6.88581510262868
877.1,-6.10456513973607
877.2,-6.3731198144804
877.3,-7.17878383871342
877.4,-7.96003380160603
877.5,-6.34870575314001
877.6,-5.37214329952424
877.7,-5.07917456343951
877.8,-4.98151831807793
877.9,-5.9824948330341
878,-5.44538548354541
878.1,-4.85944801137596
878.2,-5.42097142220502
878.3,-5.39655736086464
878.4,-4.07819804848335
878.5,-5.42097142220503
878.6,-5.61628391292818
878.7,-5.32331517684345
878.8,-6.00690889437449
878.9,-6.54401824386316
879,-5.20124487014148
879.1,-5.10358862477989
879.2,-5.71394015828976
879.3,-6.32429169179962
879.4,-7.03229947067106
879.5,-6.3975338758208
879.6,-4.93269019539715
879.7,-5.61628391292818
879.8,-6.20222138509765
879.9,-5.543041728907
880,-4.20026835518532
880.1,-5.03034644075872
880.2,-4.66413552065281
880.3,-5.20124487014148
880.4,-5.25007299282227
880.5,-6.17780732375725
880.6,-4.46882302992965
880.7,-4.44440896858926
880.8,-4.7129636433336
880.9,-5.07917456343951
881,-5.46979954488581
881.1,-6.42194793716119
881.2,-6.88581510262869
881.3,-5.66511203560897
881.4,-5.543041728907
881.5,-5.83601046499173
881.6,-5.10358862477991
881.7,-5.32331517684344
881.8,-6.17780732375725
881.9,-6.76374479592671
882,-5.27448705416267
882.1,-5.543041728907
882.2,-5.17683080880109
882.3,-5.9824948330341
882.4,-5.29890111550306
882.5,-5.07917456343952
882.6,-6.59284636654396
882.7,-6.20222138509765
882.8,-6.7881588572671
882.9,-7.17878383871342
883,-6.05573701705528
883.1,-5.90925264901292
883.2,-4.63972145931241
883.3,-5.34772923818385
883.4,-5.39655736086462
883.5,-5.76276828097055
883.6,-6.81257291860749
883.7,-6.64167448922475
883.8,-6.15339326241686
883.9,-6.51960418252278
884,-5.22565893148187
884.1,-6.59284636654395
884.2,-5.32331517684345
884.3,-5.34772923818385
884.4,-4.90827613405675
884.5,-5.00593237941833
884.6,-4.63972145931241
884.7,-4.32233866188729
884.8,-4.63972145931241
884.9,-4.63972145931241
885,-5.17683080880109
885.1,-4.59089333663161
885.2,-5.05476050209912
885.3,-5.1280026861203
885.4,-5.05476050209911
885.5,-4.41999490724887
885.6,-6.25104950777844
885.7,-7.00788540933066
885.8,-6.29987763045922
885.9,-5.25007299282226
886,-4.71296364333359
886.1,-6.20222138509765
886.2,-6.12897920107646
886.3,-4.59089333663163
886.4,-4.41999490724887
886.5,-4.63972145931241
886.6,-4.63972145931241
886.7,-5.39655736086464
886.8,-5.22565893148187
886.9,-5.07917456343951
887,-4.93269019539715
887.1,-4.17585429384492
887.2,-4.44440896858926
887.3,-4.59089333663162
887.4,-3.37019026961191
887.5,-4.2735105392065
887.6,-5.59186985158779
887.7,-6.12897920107646
887.8,-6.22663544643804
887.9,-5.20124487014148
888,-4.44440896858926
888.1,-3.68757306703703
888.2,-4.49323709127005
888.3,-5.07917456343951
888.4,-4.59089333663162
888.5,-4.6885495819932
888.6,-5.27448705416267
888.7,-4.24909647786611
888.8,-3.73640118971783
888.9,-3.88288555776019
889,-4.56647927529123
889.1,-4.61530739797202
889.2,-6.12897920107646
889.3,-4.44440896858925
889.4,-4.66413552065281
889.5,-7.52058069747894
889.6,-5.42097142220503
889.7,-5.78718234231094
889.8,-5.61628391292818
889.9,-5.51862766756661
890,-3.71198712837743
890.1,-4.02936992580256
890.2,-5.12800268612029
890.3,-4.76179176601439
890.4,-3.8340574350794
890.5,-5.20124487014148
890.6,-5.9336667103533
890.7,-5.20124487014148
890.8,-5.22565893148188
890.9,-5.20124487014148
891,-4.49323709127005
891.1,-4.2490964778661
891.2,-5.03034644075872
891.3,-4.54206521395083
891.4,-5.20124487014147
891.5,-6.49519012118238
891.6,-6.98347134799026
891.7,-6.69050261190553
891.8,-7.12995571603263
891.9,-6.44636199850158
892,-5.83601046499173
892.1,-6.32429169179962
892.2,-5.34772923818385
892.3,-5.88483858767252
892.4,-5.5674557902474
892.5,-5.25007299282227
892.6,-4.95710425673753
892.7,-5.32331517684345
892.8,-5.5674557902474
892.9,-5.27448705416266
893,-4.78620582735478
893.1,-5.17683080880108
893.2,-5.39655736086463
893.3,-5.88483858767252
893.4,-6.59284636654394
893.5,-5.83601046499173
893.6,-5.76276828097055
893.7,-5.68952609694936
893.8,-6.20222138509764
893.9,-5.03034644075872
894,-5.78718234231094
894.1,-6.00690889437449
894.2,-6.10456513973607
894.3,-5.83601046499173
894.4,-6.00690889437449
894.5,-7.00788540933065
894.6,-6.3975338758208
894.7,-4.78620582735477
894.8,-5.34772923818385
894.9,-6.10456513973605
895,-5.15241674746069
895.1,-3.90729961910058
895.2,-5.00593237941833
895.3,-5.51862766756661
895.4,-4.61530739797201
895.5,-5.03034644075872
895.6,-5.03034644075872
895.7,-5.00593237941833
895.8,-4.51765115261044
895.9,-5.44538548354542
896,-6.3975338758208
896.1,-5.42097142220503
896.2,-5.34772923818385
896.3,-6.00690889437449
896.4,-6.03132295571489
896.5,-5.9336667103533
896.6,-5.44538548354542
896.7,-4.29792460054689
896.8,-4.29792460054689
896.9,-4.85944801137596
897,-5.73835421963016
897.1,-4.73737770467399
897.2,-3.80964337373901
897.3,-4.90827613405675
897.4,-5.71394015828976
897.5,-5.37214329952424
897.6,-4.98151831807793
897.7,-4.66413552065281
897.8,-4.90827613405675
897.9,-4.59089333663163
898,-6.05573701705528
898.1,-5.73835421963016
898.2,-5.25007299282227
898.3,-5.32331517684345
898.4,-4.49323709127005
898.5,-3.63874494435625
898.6,-4.15144023250452
898.7,-4.2979246005469
898.8,-4.78620582735477
898.9,-4.81061988869517
899,-4.2735105392065
899.1,-3.56550276033507
899.2,-5.37214329952424
899.3,-3.61433088301586
899.4,-3.32136214693112
899.5,-4.22468241652571
899.6,-5.25007299282227
899.7,-5.543041728907
899.8,-5.73835421963015
899.9,-4.88386207271636
900,-4.54206521395083
900.1,-4.95710425673754
900.2,-5.07917456343951
900.3,-5.68952609694937
900.4,-5.03034644075871
900.5,-4.20026835518532
900.6,-4.49323709127005
900.7,-5.59186985158778
900.8,-4.10261210982374
900.9,-4.39558084590847
901,-5.9824948330341
901.1,-5.5674557902474
901.2,-4.20026835518532
901.3,-3.76081525105822
901.4,-5.15241674746069
901.5,-4.95710425673753
901.6,-5.49421360622621
901.7,-5.66511203560897
901.8,-4.32233866188729
901.9,-3.44343245363309
902,-4.51765115261044
902.1,-4.73737770467399
902.2,-4.49323709127005
902.3,-4.2735105392065
902.4,-3.98054180312176
902.5,-3.8340574350794
902.6,-3.34577620827152
902.7,-4.15144023250452
902.8,-4.56647927529123
902.9,-4.12702617116414
903,-4.49323709127004
903.1,-4.05378398714294
903.2,-4.78620582735478
903.3,-5.12800268612029
903.4,-5.9824948330341
903.5,-5.22565893148187
903.6,-3.24811996290994
903.7,-4.78620582735477
903.8,-4.37116678456808
903.9,-4.90827613405675
904,-5.76276828097055
904.1,-4.56647927529123
904.2,-3.73640118971782
904.3,-4.83503395003557
904.4,-4.88386207271636
904.5,-5.51862766756661
904.6,-5.64069797426858
904.7,-3.78522931239861
904.8,-4.10261210982374
904.9,-4.02936992580255
905,-4.7129636433336
905.1,-4.78620582735477
905.2,-5.22565893148188
905.3,-4.54206521395084
905.4,-3.93171368044098
905.5,-4.22468241652571
905.6,-4.20026835518531
905.7,-3.93171368044098
905.8,-4.2979246005469
905.9,-3.58991682167546
906,-3.93171368044098
906.1,-5.73835421963016
906.2,-4.78620582735477
906.3,-4.76179176601439
906.4,-5.1035886247799
906.5,-3.54108869899467
906.6,-4.63972145931241
906.7,-4.44440896858926
906.8,-5.68952609694936
906.9,-4.76179176601438
907,-3.80964337373901
907.1,-2.95515122682521
907.2,-4.02936992580256
907.3,-5.17683080880109
907.4,-4.90827613405675
907.5,-4.32233866188729
907.6,-5.46979954488582
907.7,-4.90827613405675
907.8,-4.00495586446216
907.9,-4.51765115261044
908,-5.05476050209911
908.1,-3.68757306703704
908.2,-5.59186985158779
908.3,-5.59186985158779
908.4,-5.03034644075872
908.5,-4.81061988869517
908.6,-5.83601046499173
908.7,-5.29890111550306
908.8,-3.80964337373901
908.9,-3.93171368044097
909,-5.05476050209911
909.1,-4.71296364333359
909.2,-3.88288555776019
909.3,-4.81061988869517
909.4,-5.51862766756661
909.5,-5.29890111550306
909.6,-4.7129636433336
909.7,-3.51667463765427
909.8,-2.95515122682521
909.9,-3.07722153352718
910,-4.2735105392065
910.1,-4.12702617116413
910.2,-5.46979954488582
910.3,-4.85944801137596
910.4,-3.78522931239861
910.5,-3.00397934950599
910.6,-2.29597157063457
910.7,-4.37116678456808
910.8,-4.66413552065281
910.9,-3.15046371754836
911,-3.10163559486757
911.1,-4.46882302992965
911.2,-3.49226057631388
911.3,-4.88386207271636
911.4,-5.39655736086462
911.5,-4.81061988869517
911.6,-4.88386207271635
911.7,-5.39655736086464
911.8,-4.85944801137596
911.9,-5.61628391292818
912,-5.22565893148187
912.1,-5.61628391292818
912.2,-5.66511203560897
912.3,-5.5674557902474
912.4,-4.6885495819932
912.5,-3.8584714964198
912.6,-5.46979954488582
912.7,-5.86042452633212
912.8,-4.85944801137596
912.9,-4.29792460054689
913,-4.90827613405675
913.1,-5.17683080880109
913.2,-5.17683080880109
913.3,-4.51765115261044
913.4,-3.93171368044098
913.5,-4.59089333663163
913.6,-4.59089333663162
913.7,-6.29987763045922
913.8,-6.3731198144804
913.9,-3.68757306703704
914,-2.93073716548482
914.1,-4.32233866188729
914.2,-4.81061988869517
914.3,-3.93171368044098
914.4,-4.66413552065281
914.5,-5.39655736086464
914.6,-5.44538548354542
914.7,-5.05476050209912
914.8,-4.54206521395084
914.9,-4.98151831807793
915,-4.95710425673754
915.1,-4.78620582735477
915.2,-4.98151831807792
915.3,-3.54108869899467
915.4,-4.00495586446216
915.5,-4.66413552065281
915.6,-4.49323709127005
915.7,-3.73640118971783
915.8,-4.41999490724887
915.9,-5.29890111550306
916,-4.63972145931241
916.1,-4.98151831807793
916.2,-5.32331517684345
916.3,-4.85944801137596
916.4,-5.34772923818384
916.5,-5.44538548354542
916.6,-4.24909647786611
916.7,-4.81061988869517
916.8,-4.17585429384492
916.9,-4.78620582735478
917,-5.543041728907
917.1,-5.51862766756661
917.2,-5.29890111550306
917.3,-5.61628391292818
917.4,-5.37214329952424
917.5,-3.8584714964198
917.6,-4.32233866188729
917.7,-5.37214329952424
917.8,-5.61628391292817
917.9,-4.34675272322768
918,-4.54206521395083
918.1,-4.49323709127005
918.2,-3.80964337373901
918.3,-4.59089333663163
918.4,-4.51765115261044
918.5,-4.49323709127005
918.6,-4.20026835518531
918.7,-4.41999490724886
918.8,-4.05378398714295
918.9,-4.41999490724886
919,-3.4190183922927
919.1,-3.76081525105822
919.2,-4.44440896858926
919.3,-4.56647927529122
919.4,-3.76081525105822
919.5,-3.61433088301584
919.6,-3.76081525105822
919.7,-3.68757306703703
919.8,-4.00495586446216
919.9,-4.05378398714295
920,-3.88288555776019
920.1,-4.85944801137596
920.2,-2.73542467476166
920.3,-3.07722153352718
920.4,-3.90729961910059
920.5,-4.07819804848334
920.6,-4.15144023250452
920.7,-2.24714344795378
920.8,-3.51667463765428
920.9,-3.05280747218678
921,-3.56550276033504
921.1,-3.95612774178138
921.2,-3.68757306703703
921.3,-4.59089333663162
921.4,-5.15241674746069
921.5,-3.93171368044098
921.6,-3.8340574350794
921.7,-3.98054180312176
921.8,-3.22370590156955
921.9,-3.46784651497349
922,-2.71101061342127
922.1,-3.15046371754836
922.2,-2.75983873610206
922.3,-2.29597157063457
922.4,-3.93171368044098
922.5,-3.54108869899466
922.6,-2.80866685878285
922.7,-3.51667463765427
922.8,-3.68757306703704
922.9,-3.95612774178137
923,-2.71101061342125
923.1,-4.12702617116414
923.2,-3.49226057631388
923.3,-3.02839341084639
923.4,-3.76081525105822
923.5,-3.003979349506
923.6,-3.88288555776019
923.7,-4.49323709127004
923.8,-3.8340574350794
923.9,-4.66413552065281
924,-4.93269019539713
924.1,-4.78620582735477
924.2,-4.39558084590847
924.3,-4.20026835518532
924.4,-4.49323709127005
924.5,-4.02936992580256
924.6,-3.88288555776019
924.7,-4.2735105392065
924.8,-4.98151831807793
924.9,-4.20026835518532
925,-3.15046371754836
925.1,-4.63972145931241
925.2,-5.1280026861203
925.3,-3.37019026961191
925.4,-4.07819804848334
925.5,-4.24909647786611
925.6,-3.98054180312177
925.7,-4.6641355206528
925.8,-4.22468241652571
925.9,-3.78522931239862
926,-4.59089333663163
926.1,-5.46979954488582
926.2,-4.02936992580256
926.3,-3.78522931239861
926.4,-4.66413552065281
926.5,-4.54206521395083
926.6,-3.8340574350794
926.7,-4.88386207271636
926.8,-3.95612774178137
926.9,-3.05280747218679
927,-2.93073716548481
927.1,-4.2002683551853
927.2,-3.98054180312177
927.3,-3.4434324536331
927.4,-3.19929184022915
927.5,-4.12702617116414
927.6,-3.32136214693112
927.7,-2.78425279744245
927.8,-3.68757306703704
927.9,-3.98054180312176
928,-4.93269019539715
928.1,-3.34577620827151
928.2,-3.51667463765428
928.3,-4.22468241652571
928.4,-3.4190183922927
928.5,-3.58991682167546
928.6,-3.37019026961191
928.7,-3.49226057631388
928.8,-4.32233866188729
928.9,-3.34577620827152
929,-3.90729961910058
929.1,-4.98151831807793
929.2,-4.93269019539715
929.3,-3.61433088301586
929.4,-4.05378398714294
929.5,-4.85944801137596
929.6,-4.20026835518531
929.7,-3.27253402425034
929.8,-4.44440896858925
929.9,-4.76179176601439
930,-4.6885495819932
930.1,-5.07917456343951
930.2,-4.24909647786611
930.3,-4.17585429384492
930.4,-4.2979246005469
930.5,-4.49323709127004
930.6,-3.93171368044098
930.7,-5.07917456343951
930.8,-4.83503395003557
930.9,-3.68757306703703
931,-2.93073716548482
931.1,-2.75983873610205
931.2,-3.29694808559073
931.3,-4.88386207271635
931.4,-4.90827613405675
931.5,-4.24909647786611
931.6,-4.24909647786611
931.7,-3.56550276033506
931.8,-3.54108869899467
931.9,-5.61628391292818
932,-5.73835421963015
932.1,-4.6641355206528
932.2,-3.88288555776019
932.3,-4.66413552065281
932.4,-5.1035886247799
932.5,-5.20124487014148
932.6,-4.61530739797201
932.7,-5.00593237941833
932.8,-4.90827613405675
932.9,-5.37214329952424
933,-5.22565893148187
933.1,-5.73835421963016
933.2,-5.88483858767252
933.3,-4.85944801137596
933.4,-4.22468241652571
933.5,-4.54206521395083
933.6,-4.49323709127004
933.7,-3.29694808559073
933.8,-3.37019026961191
933.9,-3.63874494435625
934,-4.27351053920649
934.1,-4.05378398714295
934.2,-2.68659655208087
934.3,-2.61335436805969
934.4,-3.93171368044098
934.5,-5.15241674746069
934.6,-3.54108869899467
934.7,-4.17585429384492
934.8,-5.29890111550306
934.9,-3.88288555776019
935,-4.00495586446216
935.1,-4.54206521395083
935.2,-3.88288555776019
935.3,-3.61433088301586
935.4,-5.17683080880108
935.5,-4.51765115261044
935.6,-4.63972145931241
935.7,-5.29890111550306
935.8,-4.73737770467399
935.9,-4.39558084590846
936,-4.61530739797202
936.1,-3.95612774178138
936.2,-3.54108869899467
936.3,-4.02936992580255
936.4,-5.22565893148187
936.5,-5.51862766756661
936.6,-4.93269019539715
936.7,-4.37116678456807
936.8,-4.02936992580256
936.9,-3.66315900569664
937,-3.95612774178136
937.1,-4.24909647786611
937.2,-3.49226057631388
937.3,-3.19929184022915
937.4,-4.78620582735478
937.5,-5.15241674746069
937.6,-4.98151831807793
937.7,-5.49421360622621
937.8,-4.17585429384492
937.9,-3.02839341084639
938,-2.00300283454983
938.1,-3.37019026961191
938.2,-3.78522931239862
938.3,-4.22468241652571
938.4,-4.32233866188729
938.5,-3.49226057631388
938.6,-3.32136214693112
938.7,-2.73542467476166
938.8,-4.46882302992965
938.9,-4.37116678456808
939,-3.00397934950599
939.1,-3.29694808559073
939.2,-4.12702617116413
939.3,-2.90632310414442
939.4,-3.02839341084639
939.5,-3.4434324536331
939.6,-4.22468241652571
939.7,-3.49226057631388
939.8,-3.4190183922927
939.9,-3.19929184022915
940,-2.41804187733653
940.1,-3.68757306703704
940.2,-3.07722153352718
940.3,-3.27253402425034
940.4,-3.27253402425034
940.5,-2.93073716548482
940.6,-3.8340574350794
940.7,-4.2490964778661
940.8,-4.00495586446216
940.9,-4.59089333663163
941,-3.93171368044098
941.1,-4.05378398714295
941.2,-3.12604965620797
941.3,-3.93171368044097
941.4,-3.37019026961191
941.5,-2.78425279744245
941.6,-2.9795652881656
941.7,-2.63776842940008
941.8,-4.00495586446216
941.9,-3.51667463765427
942,-3.51667463765428
942.1,-3.54108869899467
942.2,-3.61433088301586
942.3,-4.20026835518531
942.4,-3.02839341084639
942.5,-4.02936992580256
942.6,-4.05378398714295
942.7,-3.71198712837743
942.8,-4.07819804848335
942.9,-3.49226057631388
943,-4.17585429384492
943.1,-5.73835421963015
943.2,-6.29987763045922
943.3,-4.83503395003557
943.4,-5.03034644075871
943.5,-4.73737770467399
943.6,-4.51765115261044
943.7,-4.32233866188727
943.8,-4.44440896858926
943.9,-5.03034644075871
944,-3.61433088301585
944.1,-3.76081525105822
944.2,-2.66218249074047
944.3,-4.22468241652571
944.4,-5.00593237941833
944.5,-5.49421360622622
944.6,-4.34675272322768
944.7,-3.8584714964198
944.8,-4.73737770467399
944.9,-3.93171368044098
945,-3.49226057631388
945.1,-4.12702617116413
945.2,-5.27448705416267
945.3,-5.05476050209912
945.4,-4.2979246005469
945.5,-3.88288555776019
945.6,-4.49323709127004
945.7,-4.73737770467399
945.8,-4.17585429384492
945.9,-3.8340574350794
946,-2.80866685878285
946.1,-4.07819804848335
946.2,-3.95612774178137
946.3,-2.61335436805969
946.4,-3.37019026961191
946.5,-4.24909647786611
946.6,-3.3946043309523
946.7,-4.20026835518532
946.8,-4.63972145931241
946.9,-4.15144023250453
947,-3.29694808559073
947.1,-3.76081525105822
947.2,-2.46687000001733
947.3,-3.63874494435625
947.4,-3.12604965620797
947.5,-3.73640118971783
947.6,-4.12702617116413
947.7,-5.56745579024738
947.8,-4.6885495819932
947.9,-3.34577620827152
948,-3.54108869899467
948.1,-3.02839341084638
948.2,-3.56550276033507
948.3,-3.98054180312177
948.4,-4.07819804848335
948.5,-3.58991682167546
948.6,-3.02839341084639
948.7,-3.46784651497348
948.8,-3.10163559486758
948.9,-3.003979349506
949,-3.29694808559073
949.1,-2.88190904280403
949.2,-3.95612774178138
949.3,-4.39558084590847
949.4,-4.2735105392065
949.5,-3.71198712837743
949.6,-3.61433088301586
949.7,-3.98054180312177
949.8,-4.20026835518531
949.9,-4.39558084590847
950,-4.10261210982374
950.1,-2.85749498146363
950.2,-2.19831532527298
950.3,-3.56550276033507
950.4,-4.88386207271636
950.5,-4.10261210982374
950.6,-3.63874494435625
950.7,-4.20026835518531
950.8,-3.63874494435625
950.9,-3.34577620827151
951,-4.12702617116414
951.1,-3.88288555776019
951.2,-3.8340574350794
951.3,-4.2979246005469
951.4,-4.05378398714295
951.5,-3.58991682167546
951.6,-3.63874494435624
951.7,-4.63972145931241
951.8,-3.88288555776019
951.9,-3.02839341084639
952,-3.3946043309523
952.1,-3.27253402425034
952.2,-3.8584714964198
952.3,-3.8340574350794
952.4,-4.22468241652571
952.5,-3.54108869899467
952.6,-2.58894030671929
952.7,-3.02839341084639
952.8,-3.17487777888876
952.9,-3.02839341084639
953,-2.5645262453789
953.1,-2.61335436805969
953.2,-2.88190904280403
953.3,-3.19929184022915
953.4,-3.37019026961191
953.5,-3.8340574350794
953.6,-5.49421360622621
953.7,-4.88386207271635
953.8,-4.22468241652571
953.9,-3.71198712837743
954,-3.22370590156955
954.1,-3.00397934950599
954.2,-3.24811996290993
954.3,-3.88288555776019
954.4,-3.80964337373901
954.5,-4.2979246005469
954.6,-3.61433088301586
954.7,-4.41999490724887
954.8,-4.73737770467399
954.9,-4.63972145931241
955,-4.56647927529123
955.1,-4.61530739797201
955.2,-4.44440896858925
955.3,-4.05378398714295
955.4,-4.56647927529123
955.5,-4.7129636433336
955.6,-4.2490964778661
955.7,-2.44245593867693
955.8,-2.1250731412518
955.9,-3.98054180312176
956,-4.24909647786611
956.1,-3.54108869899467
956.2,-2.85749498146363
956.3,-3.54108869899467
956.4,-3.88288555776019
956.5,-3.98054180312177
956.6,-4.32233866188729
956.7,-3.32136214693112
956.8,-2.75983873610205
956.9,-4.41999490724887
957,-4.07819804848334
957.1,-4.81061988869517
957.2,-5.543041728907
957.3,-5.543041728907
957.4,-4.44440896858926
957.5,-4.6885495819932
957.6,-4.76179176601438
957.7,-4.10261210982374
957.8,-4.02936992580256
957.9,-3.58991682167546
958,-4.6641355206528
958.1,-5.10358862477991
958.2,-4.24909647786611
958.3,-4.56647927529123
958.4,-3.71198712837743
958.5,-3.39460433095231
958.6,-5.61628391292818
958.7,-4.07819804848335
958.8,-4.2979246005469
958.9,-5.15241674746069
959,-4.05378398714295
959.1,-3.90729961910058
959.2,-3.98054180312177
959.3,-4.63972145931241
959.4,-4.2735105392065
959.5,-3.58991682167546
959.6,-3.19929184022915
959.7,-4.2979246005469
959.8,-3.61433088301586
959.9,-3.27253402425034
960,-4.44440896858926
960.1,-4.98151831807793
960.2,-4.61530739797202
960.3,-4.78620582735478
960.4,-4.63972145931241
960.5,-4.24909647786611
960.6,-4.73737770467399
960.7,-4.66413552065281
960.8,-4.93269019539715
960.9,-5.05476050209911
961,-5.42097142220503
961.1,-4.59089333663163
961.2,-3.15046371754836
961.3,-3.68757306703704
961.4,-4.00495586446216
961.5,-4.41999490724887
961.6,-5.42097142220503
961.7,-4.39558084590846
961.8,-4.95710425673753
961.9,-4.46882302992965
962,-3.10163559486758
962.1,-3.8340574350794
962.2,-3.95612774178137
962.3,-3.90729961910058
962.4,-3.56550276033506
962.5,-3.34577620827152
962.6,-4.02936992580255
962.7,-3.61433088301585
962.8,-3.19929184022915
962.9,-2.80866685878285
963,-2.80866685878284
963.1,-2.83308092012324
963.2,-2.93073716548481
963.3,-3.17487777888876
963.4,-3.61433088301586
963.5,-4.90827613405675
963.6,-3.27253402425033
963.7,-4.00495586446216
963.8,-4.49323709127004
963.9,-3.46784651497349
964,-3.49226057631387
964.1,-4.78620582735477
964.2,-4.37116678456806
964.3,-3.27253402425033
964.4,-2.88190904280402
964.5,-4.56647927529123
964.6,-4.49323709127005
964.7,-4.17585429384492
964.8,-3.66315900569663
964.9,-3.58991682167546
965,-4.49323709127004
965.1,-5.71394015828976
965.2,-4.95710425673754
965.3,-4.90827613405675
965.4,-6.66608855056514
965.5,-4.15144023250453
965.6,-4.88386207271635
965.7,-7.10554165469223
965.8,-5.49421360622621
965.9,-4.32233866188729
966,-3.88288555776019
966.1,-3.3946043309523
966.2,-4.22468241652571
966.3,-4.39558084590847
966.4,-3.63874494435625
966.5,-4.51765115261044
966.6,-3.85847149641979
966.7,-3.76081525105822
966.8,-4.95710425673754
966.9,-5.61628391292818
967,-5.9580807716937
967.1,-6.15339326241686
967.2,-5.20124487014148
967.3,-5.03034644075872
967.4,-4.54206521395084
967.5,-3.68757306703703
967.6,-4.95710425673754
967.7,-5.10358862477991
967.8,-4.81061988869516
967.9,-4.76179176601438
968,-5.12800268612029
968.1,-5.03034644075872
968.2,-5.76276828097054
968.3,-4.41999490724887
968.4,-5.0791745634395
968.5,-6.15339326241686
968.6,-4.73737770467399
968.7,-4.10261210982374
968.8,-4.00495586446216
968.9,-3.19929184022915
969,-3.07722153352718
969.1,-3.8584714964198
969.2,-4.05378398714295
969.3,-4.59089333663163
969.4,-4.51765115261043
969.5,-4.17585429384492
969.6,-3.54108869899467
969.7,-4.10261210982374
969.8,-5.64069797426857
969.9,-4.51765115261044
970,-4.34675272322768
970.1,-3.80964337373901
970.2,-5.27448705416267
970.3,-4.73737770467399
970.4,-3.4434324536331
970.5,-3.46784651497349
970.6,-4.07819804848335
970.7,-4.6885495819932
970.8,-4.59089333663163
970.9,-3.51667463765428
971,-3.61433088301585
971.1,-5.17683080880109
971.2,-5.29890111550305
971.3,-4.24909647786611
971.4,-4.20026835518532
971.5,-4.54206521395084
971.6,-4.20026835518531
971.7,-4.95710425673754
971.8,-3.34577620827152
971.9,-2.5401121840385
972,-4.2735105392065
972.1,-3.73640118971783
972.2,-3.3946043309523
972.3,-3.003979349506
972.4,-3.22370590156954
972.5,-4.02936992580256
972.6,-4.22468241652571
972.7,-4.78620582735478
972.8,-4.22468241652571
972.9,-4.20026835518531
973,-4.2246824165257
973.1,-2.51569812269811
973.2,-2.10065907991141
973.3,-3.7852293123986
973.4,-4.41999490724887
973.5,-3.76081525105821
973.6,-3.22370590156954
973.7,-3.76081525105822
973.8,-3.4190183922927
973.9,-4.15144023250453
974,-4.17585429384492
974.1,-3.27253402425033
974.2,-3.93171368044098
974.3,-3.98054180312177
974.4,-4.39558084590847
974.5,-3.76081525105822
974.6,-4.29792460054688
974.7,-3.98054180312176
974.8,-3.73640118971783
974.9,-4.05378398714295
975,-4.12702617116414
975.1,-3.809643373739
975.2,-3.24811996290994
975.3,-4.71296364333359
975.4,-5.27448705416267
975.5,-3.95612774178137
975.6,-4.12702617116414
975.7,-3.76081525105822
975.8,-4.59089333663163
975.9,-3.32136214693112
976,-4.37116678456808
976.1,-4.32233866188729
976.2,-3.24811996290994
976.3,-3.80964337373901
976.4,-3.93171368044098
976.5,-3.19929184022915
976.6,-2.95515122682521
976.7,-3.46784651497349
976.8,-3.80964337373901
976.9,-5.03034644075872
977,-4.2735105392065
977.1,-2.80866685878285
977.2,-3.15046371754836
977.3,-4.37116678456807
977.4,-4.44440896858926
977.5,-3.56550276033507
977.6,-3.98054180312176
977.7,-3.22370590156954
977.8,-2.17390126393258
977.9,-2.36921375465575
978,-3.10163559486757
978.1,-3.51667463765428
978.2,-4.6641355206528
978.3,-4.32233866188729
978.4,-3.76081525105822
978.5,-3.12604965620797
978.6,-3.66315900569663
978.7,-5.25007299282227
978.8,-5.17683080880109
978.9,-4.59089333663163
979,-2.75983873610206
979.1,-3.29694808559073
979.2,-4.12702617116413
979.3,-4.46882302992965
979.4,-4.20026835518532
979.5,-3.68757306703703
979.6,-2.93073716548481
979.7,-2.51569812269811
979.8,-3.02839341084639
979.9,-3.73640118971782
980,-3.76081525105822
980.1,-4.2979246005469
980.2,-4.83503395003556
980.3,-3.32136214693112
980.4,-2.78425279744245
980.5,-3.98054180312177
980.6,-3.63874494435625
980.7,-3.10163559486757
980.8,-3.32136214693111
980.9,-4.05378398714295
981,-4.81061988869517
981.1,-3.54108869899467
981.2,-3.78522931239862
981.3,-4.37116678456807
981.4,-3.85847149641979
981.5,-4.00495586446216
981.6,-4.12702617116413
981.7,-5.34772923818385
981.8,-3.63874494435624
981.9,-3.93171368044098
982,-3.15046371754836
982.1,-3.37019026961191
982.2,-3.39460433095231
982.3,-3.61433088301586
982.4,-2.85749498146363
982.5,-3.39460433095231
982.6,-3.12604965620796
982.7,-4.76179176601438
982.8,-4.02936992580255
982.9,-4.20026835518532
983,-3.93171368044098
983.1,-3.73640118971783
983.2,-3.32136214693112
983.3,-3.27253402425034
983.4,-3.71198712837743
983.5,-4.59089333663162
983.6,-3.88288555776019
983.7,-3.51667463765428
983.8,-3.90729961910058
983.9,-3.34577620827151
984,-3.37019026961191
984.1,-3.22370590156954
984.2,-2.97956528816559
984.3,-3.76081525105821
984.4,-4.63972145931241
984.5,-4.46882302992965
984.6,-3.54108869899467
984.7,-3.78522931239861
984.8,-3.8584714964198
984.9,-4.2979246005469
985,-4.59089333663163
985.1,-3.8340574350794
985.2,-3.10163559486758
985.3,-4.07819804848335
985.4,-4.07819804848335
985.5,-4.88386207271636
985.6,-5.86042452633213
985.7,-4.61530739797202
985.8,-4.6885495819932
985.9,-4.39558084590847
986,-3.68757306703703
986.1,-3.02839341084639
986.2,-3.02839341084639
986.3,-3.56550276033507
986.4,-5.25007299282227
986.5,-4.71296364333359
986.6,-4.54206521395084
986.7,-5.25007299282227
986.8,-5.27448705416267
986.9,-4.81061988869517
987,-4.54206521395084
987.1,-3.71198712837743
987.2,-3.05280747218679
987.3,-3.4190183922927
987.4,-3.54108869899467
987.5,-4.22468241652571
987.6,-3.85847149641979
987.7,-3.44343245363309
987.8,-3.73640118971783
987.9,-4.15144023250453
988,-3.95612774178137
988.1,-2.95515122682521
988.2,-2.90632310414442
988.3,-3.66315900569664
988.4,-1.44147942372076
988.5,-1.51472160774195
988.6,-2.39362781599614
988.7,-2.83308092012324
988.8,-3.78522931239861
988.9,-4.24909647786611
989,-3.63874494435624
989.1,-4.32233866188729
989.2,-4.56647927529123
989.3,-4.56647927529122
989.4,-5.25007299282227
989.5,-4.17585429384492
989.6,-3.809643373739
989.7,-3.10163559486758
989.8,-4.12702617116414
989.9,-4.83503395003557
990,-2.88190904280402
990.1,-3.85847149641978
990.2,-4.98151831807793
990.3,-4.61530739797202
990.4,-3.51667463765428
990.5,-3.66315900569664
990.6,-2.95515122682521
990.7,-4.34675272322768
990.8,-4.39558084590847
990.9,-3.24811996290993
991,-4.34675272322768
991.1,-5.17683080880109
991.2,-4.24909647786611
991.3,-5.20124487014148
991.4,-5.1280026861203
991.5,-4.39558084590846
991.6,-3.07722153352718
991.7,-4.05378398714295
991.8,-4.46882302992965
991.9,-4.29792460054689
992,-3.51667463765428
992.1,-3.19929184022915
992.2,-3.3946043309523
992.3,-3.61433088301586
992.4,-4.2979246005469
992.5,-5.03034644075872
992.6,-3.71198712837743
992.7,-3.98054180312177
992.8,-4.24909647786611
992.9,-3.61433088301585
993,-3.22370590156955
993.1,-3.3946043309523
993.2,-4.41999490724887
993.3,-3.73640118971783
993.4,-3.78522931239861
993.5,-4.32233866188729
993.6,-4.73737770467399
993.7,-5.1035886247799
993.8,-4.02936992580255
993.9,-4.05378398714295
994,-3.49226057631388
994.1,-4.41999490724886
994.2,-4.56647927529123
994.3,-4.6885495819932
994.4,-3.66315900569664
994.5,-2.93073716548481
994.6,-4.2490964778661
994.7,-4.17585429384492
994.8,-4.24909647786611
994.9,-4.41999490724887
995,-3.51667463765428
995.1,-4.44440896858926
995.2,-4.32233866188728
995.3,-2.85749498146363
995.4,-2.41804187733654
995.5,-3.15046371754836
995.6,-3.46784651497349
995.7,-3.22370590156955
995.8,-2.5401121840385
995.9,-3.76081525105822
996,-2.58894030671929
996.1,-2.29597157063457
996.2,-4.00495586446216
996.3,-2.5889403067193
996.4,-3.00397934950599
996.5,-4.63972145931241
996.6,-4.2735105392065
996.7,-2.24714344795378
996.8,-2.49128406135772
996.9,-3.15046371754836
997,-4.00495586446216
997.1,-3.44343245363308
997.2,-3.00397934950599
997.3,-3.4434324536331
997.4,-4.41999490724887
997.5,-4.29792460054689
997.6,-4.15144023250453
997.7,-3.4434324536331
997.8,-2.90632310414441
997.9,-2.9795652881656
998,-2.9795652881656
998.1,-3.61433088301585
998.2,-3.15046371754835
998.3,-2.66218249074048
998.4,-2.66218249074048
998.5,-4.17585429384492
998.6,-3.27253402425033
998.7,-2.32038563197496
998.8,-2.12507314125181
998.9,-2.80866685878284
999,-3.78522931239861
999.1,-4.20026835518532
999.2,-1.95417471186905
999.3,-1.80769034382667
999.4,-3.27253402425034
999.5,-2.80866685878283
999.6,-3.17487777888875
999.7,-3.78522931239861
999.8,-3.98054180312176
999.9,-3.56550276033507
1000,-3.8584714964198
1000.1,-4.44440896858926
1000.2,-3.93171368044098
1000.3,-3.95612774178137
1000.4,-3.88288555776019
1000.5,-2.78425279744245
1000.6,-3.76081525105822
1000.7,-4.46882302992965
1000.8,-3.78522931239861
1000.9,-3.07722153352718
1001,-3.90729961910059
1001.1,-4.46882302992965
1001.2,-3.12604965620797
1001.3,-2.88190904280401
1001.4,-3.15046371754836
1001.5,-3.02839341084639
1001.6,-3.05280747218679
1001.7,-3.83405743507939
1001.8,-3.58991682167546
1001.9,-3.8584714964198
1002,-3.51667463765427
1002.1,-2.36921375465574
1002.2,-2.78425279744245
1002.3,-3.809643373739
1002.4,-3.71198712837742
1002.5,-4.61530739797201
1002.6,-3.12604965620797
1002.7,-3.07722153352718
1002.8,-3.27253402425033
1002.9,-4.15144023250452
1003,-4.7129636433336
1003.1,-4.44440896858926
1003.2,-4.51765115261044
1003.3,-3.24811996290994
1003.4,-3.56550276033507
1003.5,-3.49226057631388
1003.6,-2.75983873610206
1003.7,-3.46784651497349
1003.8,-3.34577620827151
1003.9,-3.63874494435624
1004,-2.61335436805969
1004.1,-3.15046371754836
1004.2,-4.2735105392065
1004.3,-2.5645262453789
1004.4,-3.29694808559073
1004.5,-3.61433088301586
1004.6,-3.4434324536331
1004.7,-1.75886222114589
1004.8,-2.61335436805969
1004.9,-3.29694808559073
1005,-2.44245593867693
1005.1,-1.88093252784786
1005.2,-1.97858877320944
1005.3,-3.19929184022915
1005.4,-3.61433088301586
1005.5,-3.10163559486757
1005.6,-2.85749498146363
1005.7,-3.02839341084639
1005.8,-3.71198712837743
1005.9,-2.75983873610205
1006,-2.32038563197495
1006.1,-2.36921375465574
1006.2,-3.56550276033507
1006.3,-3.8584714964198
1006.4,-2.61335436805969
1006.5,-2.95515122682521
1006.6,-2.27155750929417
1006.7,-3.22370590156955
1006.8,-3.17487777888876
1006.9,-3.4190183922927
1007,-2.29597157063456
1007.1,-1.95417471186904
1007.2,-1.66120597578432
1007.3,-2.41804187733654
1007.4,-3.39460433095231
1007.5,-3.56550276033507
1007.6,-3.71198712837743
1007.7,-2.49128406135772
1007.8,-2.63776842940009
1007.9,-2.46687000001731
1008,-2.02741689589023
1008.1,-2.41804187733653
1008.2,-3.49226057631388
1008.3,-1.97858877320944
1008.4,-2.66218249074048
1008.5,-3.98054180312177
1008.6,-3.78522931239862
1008.7,-2.9795652881656
1008.8,-2.95515122682521
1008.9,-3.54108869899467
1009,-3.85847149641979
1009.1,-3.71198712837743
1009.2,-3.73640118971782
1009.3,-3.37019026961191
1009.4,-3.95612774178138
1009.5,-3.78522931239861
1009.6,-2.75983873610206
1009.7,-2.63776842940009
1009.8,-2.78425279744245
1009.9,-2.12507314125181
1010,-1.63679191444392
1010.1,-2.1250731412518
1010.2,-3.56550276033507
1010.3,-4.37116678456808
1010.4,-4.10261210982373
1010.5,-2.66218249074047
1010.6,-1.88093252784786
1010.7,-3.15046371754836
1010.8,-3.3946043309523
1010.9,-3.88288555776019
1011,-2.9795652881656
1011.1,-3.12604965620797
1011.2,-2.58894030671929
1011.3,-2.95515122682521
1011.4,-3.51667463765426
1011.5,-3.10163559486757
1011.6,-3.3946043309523
1011.7,-2.73542467476166
1011.8,-3.71198712837743
1011.9,-4.20026835518532
1012,-4.05378398714295
1012.1,-3.12604965620796
1012.2,-3.73640118971783
1012.3,-3.8340574350794
1012.4,-2.5889403067193
1012.5,-2.5401121840385
1012.6,-2.44245593867693
1012.7,-3.12604965620797
1012.8,-3.68757306703704
1012.9,-3.66315900569664
1013,-3.93171368044098
1013.1,-3.12604965620797
1013.2,-3.29694808559073
1013.3,-3.71198712837743
1013.4,-3.90729961910058
1013.5,-3.07722153352717
1013.6,-3.51667463765428
1013.7,-2.56452624537889
1013.8,-1.85651846650747
1013.9,-2.95515122682521
1014,-2.95515122682521
1014.1,-2.75983873610206
1014.2,-3.95612774178138
1014.3,-4.6885495819932
1014.4,-3.51667463765428
1014.5,-2.80866685878285
1014.6,-3.29694808559073
1014.7,-4.34675272322768
1014.8,-3.66315900569663
1014.9,-4.2490964778661
1015,-3.78522931239862
1015.1,-3.61433088301586
1015.2,-4.46882302992965
1015.3,-4.07819804848335
1015.4,-3.49226057631388
1015.5,-3.4434324536331
1015.6,-2.1494872025922
1015.7,-3.61433088301586
1015.8,-3.76081525105822
1015.9,-3.90729961910059
1016,-3.37019026961191
1016.1,-3.66315900569664
1016.2,-2.36921375465574
1016.3,-1.7344481598055
1016.4,-3.22370590156955
1016.5,-2.80866685878285
1016.6,-3.51667463765427
1016.7,-3.58991682167546
1016.8,-4.15144023250453
1016.9,-2.88190904280403
1017,-3.07722153352718
1017.1,-3.76081525105822
1017.2,-3.61433088301586
1017.3,-3.68757306703704
1017.4,-3.56550276033507
1017.5,-2.54011218403851
1017.6,-3.00397934950599
1017.7,-2.44245593867693
1017.8,-3.4190183922927
1017.9,-1.83210440516708
1018,-1.07526850361485
1018.1,-2.73542467476166
1018.2,-2.9795652881656
1018.3,-1.63679191444392
1018.4,-2.68659655208087
1018.5,-2.90632310414442
1018.6,-2.90632310414441
1018.7,-2.39362781599614
1018.8,-3.00397934950599
1018.9,-2.5401121840385
1019,-3.27253402425034
1019.1,-3.003979349506
1019.2,-2.68659655208087
1019.3,-1.95417471186905
1019.4,-2.44245593867693
1019.5,-3.61433088301586
1019.6,-4.6885495819932
1019.7,-4.12702617116412
1019.8,-3.07722153352718
1019.9,-2.32038563197495
1020,-2.5401121840385
1020.1,-3.07722153352718
1020.2,-4.34675272322768
1020.3,-4.07819804848335
1020.4,-4.00495586446216
1020.5,-3.4190183922927
1020.6,-4.02936992580255
1020.7,-4.78620582735478
1020.8,-3.56550276033506
1020.9,-3.17487777888875
1021,-3.37019026961191
1021.1,-4.49323709127005
1021.2,-3.98054180312176
1021.3,-2.95515122682521
1021.4,-2.68659655208087
1021.5,-3.12604965620797
1021.6,-3.8340574350794
1021.7,-4.41999490724886
1021.8,-3.68757306703704
1021.9,-3.29694808559073
1022,-3.19929184022914
1022.1,-4.98151831807793
1022.2,-4.22468241652571
1022.3,-3.19929184022915
1022.4,-2.51569812269811
1022.5,-2.85749498146363
1022.6,-5.17683080880108
1022.7,-4.41999490724887
1022.8,-2.68659655208087
1022.9,-3.93171368044098
1023,-3.93171368044098
1023.1,-4.15144023250452
1023.2,-4.81061988869517
1023.3,-3.51667463765428
1023.4,-2.5889403067193
1023.5,-2.36921375465575
1023.6,-3.12604965620797
1023.7,-2.90632310414442
1023.8,-2.19831532527299
1023.9,-2.63776842940009
1024,-4.15144023250453
1024.1,-3.68757306703704
1024.2,-3.27253402425034
1024.3,-3.22370590156954
1024.4,-3.15046371754836
1024.5,-2.63776842940008
1024.6,-4.02936992580256
1024.7,-3.56550276033507
1024.8,-3.56550276033507
1024.9,-3.51667463765428
1025,-4.20026835518531
1025.1,-4.07819804848335
1025.2,-4.61530739797202
1025.3,-4.17585429384492
1025.4,-4.22468241652571
1025.5,-4.51765115261044
1025.6,-4.78620582735478
1025.7,-5.12800268612029
1025.8,-5.22565893148188
1025.9,-5.22565893148187
1026,-4.34675272322768
1026.1,-3.17487777888876
1026.2,-2.95515122682521
1026.3,-3.49226057631388
1026.4,-3.58991682167546
1026.5,-3.34577620827152
1026.6,-2.83308092012324
1026.7,-3.51667463765427
1026.8,-3.17487777888876
1026.9,-3.02839341084639
1027,-4.44440896858926
1027.1,-4.05378398714295
1027.2,-3.66315900569664
1027.3,-3.66315900569663
1027.4,-3.24811996290993
1027.5,-2.32038563197496
1027.6,-2.39362781599613
1027.7,-1.95417471186905
1027.8,-1.97858877320944
1027.9,-3.44343245363308
1028,-3.27253402425033
1028.1,-3.85847149641979
1028.2,-4.41999490724887
1028.3,-3.29694808559073
1028.4,-3.19929184022915
1028.5,-1.90534658918825
1028.6,-2.1494872025922
1028.7,-3.73640118971783
1028.8,-4.41999490724885
1028.9,-3.88288555776018
1029,-3.61433088301586
1029.1,-2.39362781599613
1029.2,-3.46784651497348
1029.3,-2.93073716548482
1029.4,-3.8584714964198
1029.5,-4.2490964778661
1029.6,-3.63874494435625
1029.7,-3.61433088301586
1029.8,-3.49226057631388
1029.9,-3.95612774178137
1030,-4.00495586446216
1030.1,-2.90632310414442
1030.2,-4.07819804848334
1030.3,-4.56647927529123
1030.4,-3.8340574350794
1030.5,-3.19929184022915
1030.6,-2.19831532527299
1030.7,-2.56452624537889
1030.8,-3.66315900569664
1030.9,-3.61433088301585
1031,-3.4434324536331
1031.1,-3.07722153352718
1031.2,-2.97956528816561
1031.3,-3.24811996290994
1031.4,-3.76081525105821
1031.5,-3.56550276033506
1031.6,-4.49323709127005
1031.7,-3.8340574350794
1031.8,-2.71101061342126
1031.9,-3.61433088301586
1032,-4.93269019539715
1032.1,-5.37214329952424
1032.2,-5.05476050209912
1032.3,-3.17487777888876
1032.4,-2.17390126393259
1032.5,-2.93073716548481
1032.6,-4.56647927529123
1032.7,-3.3946043309523
1032.8,-2.41804187733654
1032.9,-3.58991682167546
1033,-3.10163559486758
1033.1,-3.73640118971783
1033.2,-3.10163559486758
1033.3,-3.12604965620797
1033.4,-3.15046371754836
1033.5,-2.66218249074048
1033.6,-3.19929184022915
1033.7,-3.95612774178138
1033.8,-3.49226057631387
1033.9,-2.80866685878285
1034,-2.54011218403851
1034.1,-4.10261210982374
1034.2,-3.71198712837743
1034.3,-4.15144023250453
1034.4,-3.73640118971783
1034.5,-3.00397934950599
1034.6,-4.17585429384491
1034.7,-3.17487777888875
1034.8,-3.19929184022915
1034.9,-3.34577620827152
1035,-3.73640118971783
1035.1,-3.10163559486757
1035.2,-3.63874494435625
1035.3,-2.73542467476166
1035.4,-1.63679191444391
1035.5,-2.90632310414442
1035.6,-3.71198712837743
1035.7,-3.66315900569664
1035.8,-1.95417471186905
1035.9,-3.02839341084639
1036,-4.17585429384491
1036.1,-4.2490964778661
1036.2,-4.02936992580255
1036.3,-3.73640118971782
1036.4,-4.51765115261044
1036.5,-4.10261210982374
1036.6,-3.12604965620797
1036.7,-3.05280747218678
1036.8,-4.37116678456808
1036.9,-3.85847149641979
1037,-3.17487777888876
1037.1,-3.78522931239862
1037.2,-3.95612774178137
1037.3,-3.003979349506
1037.4,-3.63874494435625
1037.5,-3.10163559486758
1037.6,-2.12507314125181
1037.7,-3.24811996290994
1037.8,-3.76081525105822
1037.9,-4.12702617116414
1038,-3.15046371754836
1038.1,-3.51667463765428
1038.2,-3.66315900569663
1038.3,-2.61335436805969
1038.4,-3.17487777888876
1038.5,-3.32136214693112
1038.6,-2.80866685878284
1038.7,-3.3946043309523
1038.8,-3.27253402425033
1038.9,-3.17487777888876
1039,-2.66218249074048
1039.1,-2.66218249074047
1039.2,-4.10261210982374
1039.3,-3.93171368044098
1039.4,-3.8340574350794
1039.5,-3.07722153352718
1039.6,-4.02936992580256
1039.7,-4.2490964778661
1039.8,-4.81061988869517
1039.9,-4.37116678456808
1040,-2.90632310414442
1040.1,-3.00397934950599
1040.2,-1.53913566908234
1040.3,-3.46784651497349
1040.4,-4.10261210982374
1040.5,-3.56550276033507
1040.6,-3.54108869899467
1040.7,-4.54206521395084
1040.8,-4.54206521395083
1040.9,-3.71198712837743
1041,-4.54206521395083
1041.1,-3.3946043309523
1041.2,-1.83210440516708
1041.3,-3.73640118971783
1041.4,-4.41999490724887
1041.5,-3.24811996290994
1041.6,-2.27155750929417
1041.7,-3.07722153352718
1041.8,-4.05378398714295
1041.9,-4.10261210982374
1042,-4.54206521395084
1042.1,-4.56647927529123
1042.2,-4.49323709127005
1042.3,-4.22468241652571
1042.4,-4.81061988869517
1042.5,-4.54206521395083
1042.6,-4.41999490724886
1042.7,-4.12702617116414
1042.8,-3.73640118971782
1042.9,-3.37019026961191
1043,-3.12604965620797
1043.1,-3.66315900569664
1043.2,-3.58991682167546
1043.3,-3.80964337373901
1043.4,-3.58991682167546
1043.5,-2.63776842940009
1043.6,-4.22468241652571
1043.7,-2.83308092012323
1043.8,-2.05183095723062
1043.9,-3.78522931239862
1044,-3.49226057631388
1044.1,-3.12604965620797
1044.2,-2.54011218403851
1044.3,-2.95515122682521
1044.4,-4.22468241652571
1044.5,-3.54108869899467
1044.6,-3.39460433095231
1044.7,-4.00495586446216
1044.8,-4.6885495819932
1044.9,-3.93171368044098
1045,-3.22370590156955
1045.1,-3.80964337373901
1045.2,-2.9795652881656
1045.3,-3.78522931239861
1045.4,-3.34577620827151
1045.5,-3.46784651497348
1045.6,-4.98151831807793
1045.7,-2.93073716548481
1045.8,-3.8340574350794
1045.9,-3.73640118971782
1046,-2.34479969331535
1046.1,-2.29597157063457
1046.2,-3.66315900569664
1046.3,-4.2735105392065
1046.4,-1.90534658918826
1046.5,-2.5645262453789
1046.6,-2.78425279744245
1046.7,-3.02839341084639
1046.8,-3.98054180312177
1046.9,-3.46784651497349
1047,-2.19831532527298
1047.1,-1.83210440516708
1047.2,-3.44343245363308
1047.3,-3.95612774178138
1047.4,-3.37019026961191
1047.5,-2.12507314125181
1047.6,-2.39362781599614
1047.7,-2.36921375465575
1047.8,-4.05378398714295
1047.9,-3.63874494435625
1048,-2.44245593867693
1048.1,-2.85749498146363
1048.2,-2.5645262453789
1048.3,-2.90632310414442
1048.4,-2.46687000001733
1048.5,-3.46784651497348
1048.6,-2.07624501857102
1048.7,-3.003979349506
1048.8,-3.66315900569664
1048.9,-2.95515122682521
1049,-2.41804187733654
1049.1,-3.02839341084639
1049.2,-3.78522931239862
1049.3,-3.88288555776019
1049.4,-4.29792460054689
1049.5,-3.54108869899467
1049.6,-4.07819804848334
1049.7,-3.98054180312176
1049.8,-3.58991682167546
1049.9,-2.95515122682521
1050,-2.93073716548481
1050.1,-3.90729961910059
1050.2,-3.51667463765428
1050.3,-2.68659655208087
1050.4,-2.5889403067193
1050.5,-3.71198712837743
1050.6,-4.39558084590847
1050.7,-4.56647927529123
1050.8,-3.66315900569664
1050.9,-1.85651846650747
1051,-2.68659655208087
1051.1,-4.32233866188728
1051.2,-4.2735105392065
1051.3,-3.90729961910058
1051.4,-3.51667463765427
1051.5,-4.7129636433336
1051.6,-3.44343245363308
1051.7,-3.61433088301586
1051.8,-3.07722153352718
1051.9,-3.4434324536331
1052,-4.05378398714295
1052.1,-3.73640118971783
1052.2,-3.22370590156955
1052.3,-3.93171368044098
1052.4,-3.8340574350794
1052.5,-3.58991682167546
1052.6,-4.10261210982374
1052.7,-3.61433088301585
1052.8,-4.20026835518532
1052.9,-4.63972145931241
1053,-3.78522931239861
1053.1,-3.71198712837743
1053.2,-2.51569812269811
1053.3,-3.32136214693112
1053.4,-4.6885495819932
1053.5,-4.98151831807793
1053.6,-3.98054180312177
1053.7,-3.80964337373901
1053.8,-2.71101061342126
1053.9,-3.003979349506
1054,-3.76081525105822
1054.1,-3.15046371754836
1054.2,-4.07819804848334
1054.3,-4.66413552065281
1054.4,-4.20026835518532
1054.5,-3.17487777888876
1054.6,-2.71101061342127
1054.7,-2.36921375465574
1054.8,-3.4190183922927
1054.9,-3.63874494435625
1055,-3.93171368044098
1055.1,-4.54206521395084
1055.2,-4.59089333663163
1055.3,-4.39558084590847
1055.4,-4.93269019539715
1055.5,-4.41999490724887
1055.6,-4.2735105392065
1055.7,-2.49128406135772
1055.8,-2.07624501857102
1055.9,-2.34479969331535
1056,-3.49226057631388
1056.1,-4.15144023250453
1056.2,-4.10261210982374
1056.3,-4.6641355206528
1056.4,-4.93269019539715
1056.5,-3.66315900569664
1056.6,-3.4190183922927
1056.7,-3.809643373739
1056.8,-2.93073716548481
1056.9,-3.66315900569664
1057,-3.39460433095231
1057.1,-3.05280747218679
1057.2,-2.1494872025922
1057.3,-2.73542467476166
1057.4,-3.78522931239861
1057.5,-3.95612774178138
1057.6,-3.85847149641979
1057.7,-3.61433088301584
1057.8,-4.83503395003557
1057.9,-5.22565893148187
1058,-4.32233866188728
1058.1,-2.90632310414442
1058.2,-3.4434324536331
1058.3,-4.37116678456807
1058.4,-3.68757306703704
1058.5,-3.4190183922927
1058.6,-3.88288555776019
1058.7,-2.41804187733653
1058.8,-2.88190904280402
1058.9,-3.95612774178138
1059,-4.17585429384492
1059.1,-4.56647927529123
1059.2,-2.66218249074048
1059.3,-2.10065907991141
1059.4,-2.88190904280403
1059.5,-3.58991682167546
1059.6,-3.56550276033506
1059.7,-3.34577620827152
1059.8,-3.78522931239862
1059.9,-5.27448705416266
1060,-4.2490964778661
1060.1,-4.81061988869517
1060.2,-4.49323709127004
1060.3,-3.73640118971783
1060.4,-3.88288555776019
1060.5,-3.39460433095231
1060.6,-3.05280747218678
1060.7,-5.03034644075872
1060.8,-4.76179176601438
1060.9,-5.1035886247799
1061,-4.17585429384492
1061.1,-4.32233866188729
1061.2,-5.10358862477991
1061.3,-4.37116678456808
1061.4,-4.93269019539714
1061.5,-4.93269019539715
1061.6,-3.78522931239862
1061.7,-2.95515122682521
1061.8,-3.98054180312177
1061.9,-5.15241674746069
1062,-4.2490964778661
1062.1,-4.2735105392065
1062.2,-4.41999490724886
1062.3,-5.46979954488582
1062.4,-4.93269019539715
1062.5,-4.2979246005469
1062.6,-4.81061988869517
1062.7,-5.03034644075872
1062.8,-4.61530739797201
1062.9,-4.61530739797202
1063,-4.93269019539714
1063.1,-4.34675272322768
1063.2,-4.15144023250453
1063.3,-4.49323709127005
1063.4,-3.37019026961191
1063.5,-2.75983873610205
1063.6,-3.68757306703704
1063.7,-5.12800268612029
1063.8,-4.10261210982374
1063.9,-4.00495586446216
1064,-3.56550276033507
1064.1,-4.37116678456808
1064.2,-4.51765115261044
1064.3,-4.54206521395084
1064.4,-5.39655736086464
1064.5,-5.71394015828976
1064.6,-5.20124487014148
1064.7,-4.39558084590847
1064.8,-4.44440896858926
1064.9,-4.00495586446216
1065,-4.6641355206528
1065.1,-4.6885495819932
1065.2,-3.809643373739
1065.3,-4.00495586446216
1065.4,-4.37116678456807
1065.5,-3.66315900569664
1065.6,-3.02839341084639
1065.7,-3.63874494435625
1065.8,-2.73542467476166
1065.9,-4.6641355206528
1066,-4.49323709127004
1066.1,-4.02936992580255
1066.2,-5.25007299282227
1066.3,-5.22565893148188
1066.4,-4.73737770467399
1066.5,-4.34675272322768
1066.6,-4.61530739797201
1066.7,-4.29792460054689
1066.8,-4.76179176601439
1066.9,-4.46882302992965
1067,-5.59186985158779
1067.1,-5.25007299282227
1067.2,-5.10358862477991
1067.3,-5.71394015828977
1067.4,-5.07917456343951
1067.5,-5.00593237941833
1067.6,-5.10358862477991
1067.7,-5.32331517684345
1067.8,-4.98151831807793
1067.9,-5.49421360622621
1068,-4.22468241652572
1068.1,-4.20026835518532
1068.2,-4.76179176601437
1068.3,-3.78522931239862
1068.4,-4.71296364333359
1068.5,-3.80964337373901
1068.6,-4.49323709127004
1068.7,-4.88386207271636
1068.8,-4.41999490724887
1068.9,-3.56550276033507
1069,-3.85847149641979
1069.1,-3.88288555776019
1069.2,-2.80866685878285
1069.3,-2.75983873610206
1069.4,-2.71101061342127
1069.5,-2.83308092012324
1069.6,-2.34479969331535
1069.7,-3.51667463765428
1069.8,-3.4190183922927
1069.9,-3.24811996290994
1070,-4.66413552065281
1070.1,-3.32136214693112
1070.2,-3.46784651497349
1070.3,-4.12702617116413
1070.4,-3.8584714964198
1070.5,-3.46784651497348
1070.6,-4.46882302992965
1070.7,-4.24909647786611
1070.8,-4.85944801137596
1070.9,-4.95710425673754
1071,-4.85944801137596
1071.1,-4.6885495819932
1071.2,-3.4434324536331
1071.3,-3.54108869899467
1071.4,-3.80964337373901
1071.5,-4.02936992580256
1071.6,-3.88288555776019
1071.7,-3.24811996290994
1071.8,-2.75983873610206
1071.9,-3.90729961910059
1072,-4.61530739797201
1072.1,-4.37116678456808
1072.2,-4.22468241652571
1072.3,-3.90729961910058
1072.4,-2.5401121840385
1072.5,-2.61335436805969
1072.6,-5.05476050209912
1072.7,-5.49421360622621
1072.8,-3.34577620827152
1072.9,-3.76081525105822
1073,-3.73640118971783
1073.1,-4.10261210982374
1073.2,-5.27448705416267
1073.3,-4.29792460054688
1073.4,-4.49323709127004
1073.5,-4.10261210982374
1073.6,-4.22468241652571
1073.7,-3.27253402425034
1073.8,-2.93073716548481
1073.9,-3.24811996290994
1074,-3.85847149641979
1074.1,-3.51667463765428
1074.2,-3.34577620827151
1074.3,-3.4190183922927
1074.4,-2.93073716548482
1074.5,-2.49128406135772
1074.6,-2.9795652881656
1074.7,-4.34675272322768
1074.8,-2.93073716548482
1074.9,-3.8584714964198
1075,-4.07819804848335
1075.1,-3.003979349506
1075.2,-3.85847149641979
1075.3,-3.58991682167546
1075.4,-2.66218249074048
1075.5,-2.83308092012324
1075.6,-3.85847149641979
1075.7,-4.2735105392065
1075.8,-3.32136214693112
1075.9,-1.97858877320944
1076,-2.66218249074047
1076.1,-3.61433088301586
1076.2,-2.22272938661338
1076.3,-2.1494872025922
1076.4,-2.49128406135772
1076.5,-2.90632310414442
1076.6,-3.73640118971783
1076.7,-3.17487777888876
1076.8,-3.24811996290994
1076.9,-2.12507314125181
1077,-1.66120597578431
1077.1,-1.73444815980549
1077.2,-2.22272938661338
1077.3,-2.02741689589022
1077.4,-3.37019026961191
1077.5,-2.22272938661337
1077.6,-1.51472160774195
1077.7,-2.44245593867693
1077.8,-3.22370590156954
1077.9,-4.54206521395083
1078,-3.66315900569664
1078.1,-2.63776842940008
1078.2,-2.34479969331535
1078.3,-2.93073716548482
1078.4,-2.49128406135771
1078.5,-2.66218249074047
1078.6,-3.4434324536331
1078.7,-2.75983873610205
1078.8,-3.4190183922927
1078.9,-3.24811996290994
1079,-3.22370590156955
1079.1,-2.63776842940007
1079.2,-3.12604965620797
1079.3,-3.15046371754835
1079.4,-2.46687000001733
1079.5,-3.29694808559073
1079.6,-3.46784651497349
1079.7,-2.71101061342127
1079.8,-1.88093252784786
1079.9,-2.02741689589023
1080,-2.71101061342126
1080.1,-3.37019026961191
1080.2,-4.07819804848335
1080.3,-4.15144023250453
1080.4,-2.95515122682521
1080.5,-1.90534658918826
1080.6,-2.24714344795378
1080.7,-2.85749498146363
1080.8,-2.75983873610205
1080.9,-2.46687000001733
1081,-2.5645262453789
1081.1,-1.97858877320944
1081.2,-2.9795652881656
1081.3,-3.15046371754836
1081.4,-4.22468241652571
1081.5,-2.88190904280403
1081.6,-2.61335436805969
1081.7,-2.49128406135771
1081.8,-2.83308092012324
1081.9,-2.27155750929417
1082,-0.953198196912882
1082.1,-2.61335436805969
1082.2,-2.73542467476166
1082.3,-3.4434324536331
1082.4,-3.12604965620797
1082.5,-2.93073716548481
1082.6,-3.78522931239862
1082.7,-3.90729961910058
1082.8,-3.78522931239862
1082.9,-3.98054180312177
1083,-3.24811996290994
1083.1,-3.3946043309523
1083.2,-2.63776842940008
1083.3,-2.85749498146363
1083.4,-3.24811996290994
1083.5,-3.15046371754836
1083.6,-3.71198712837743
1083.7,-3.10163559486757
1083.8,-3.17487777888876
1083.9,-2.5401121840385
1084,-2.78425279744245
1084.1,-2.46687000001733
1084.2,-1.78327628248629
1084.3,-1.97858877320944
1084.4,-3.4190183922927
1084.5,-3.003979349506
1084.6,-2.73542467476166
1084.7,-2.36921375465574
1084.8,-2.32038563197495
1084.9,-2.75983873610205
1085,-2.12507314125181
1085.1,-2.58894030671929
1085.2,-2.75983873610206
1085.3,-2.36921375465574
1085.4,-3.34577620827151
1085.5,-3.05280747218679
1085.6,-3.80964337373901
1085.7,-3.19929184022915
1085.8,-2.34479969331535
1085.9,-2.68659655208087
1086,-3.12604965620797
1086.1,-1.85651846650747
1086.2,-1.17292474897642
1086.3,-2.93073716548482
1086.4,-3.22370590156955
1086.5,-2.39362781599614
1086.6,-2.22272938661338
1086.7,-2.22272938661338
1086.8,-3.00397934950599
1086.9,-3.29694808559073
1087,-3.17487777888876
1087.1,-2.88190904280402
1087.2,-2.80866685878284
1087.3,-3.17487777888875
1087.4,-2.71101061342126
1087.5,-3.22370590156954
1087.6,-4.05378398714295
1087.7,-2.88190904280402
1087.8,-2.12507314125181
1087.9,-3.54108869899467
1088,-5.17683080880109
1088.1,-3.24811996290994
1088.2,-3.95612774178138
1088.3,-3.71198712837743
1088.4,-3.61433088301585
1088.5,-3.8340574350794
1088.6,-3.88288555776019
1088.7,-3.07722153352718
1088.8,-3.49226057631388
1088.9,-4.46882302992965
1089,-4.07819804848335
1089.1,-2.66218249074048
1089.2,-2.5645262453789
1089.3,-4.00495586446216
1089.4,-4.07819804848334
1089.5,-3.34577620827152
1089.6,-4.20026835518531
1089.7,-5.59186985158779
1089.8,-5.15241674746068
1089.9,-4.95710425673754
1090,-4.88386207271636
1090.1,-4.63972145931241
1090.2,-4.17585429384492
1090.3,-2.49128406135771
1090.4,-2.9795652881656
1090.5,-3.15046371754836
1090.6,-4.20026835518531
1090.7,-4.49323709127004
1090.8,-3.98054180312176
1090.9,-3.15046371754836
1091,-3.27253402425033
1091.1,-3.19929184022915
1091.2,-2.71101061342127
1091.3,-3.003979349506
1091.4,-3.12604965620797
1091.5,-3.24811996290994
1091.6,-3.46784651497349
1091.7,-4.07819804848335
1091.8,-4.39558084590847
1091.9,-3.71198712837743
1092,-3.88288555776018
1092.1,-4.44440896858926
1092.2,-4.05378398714295
1092.3,-4.41999490724887
1092.4,-3.809643373739
1092.5,-3.56550276033507
1092.6,-3.29694808559073
1092.7,-3.76081525105822
1092.8,-3.68757306703704
1092.9,-3.46784651497349
1093,-3.63874494435625
1093.1,-4.00495586446215
1093.2,-4.7129636433336
1093.3,-4.95710425673754
1093.4,-3.76081525105822
1093.5,-4.2979246005469
1093.6,-3.29694808559073
1093.7,-3.10163559486757
1093.8,-3.51667463765428
1093.9,-4.41999490724886
1094,-3.76081525105822
1094.1,-3.54108869899467
1094.2,-3.71198712837743
1094.3,-3.78522931239861
1094.4,-4.22468241652571
1094.5,-4.41999490724886
1094.6,-2.9795652881656
1094.7,-2.19831532527299
1094.8,-3.37019026961191
1094.9,-3.66315900569664
1095,-3.93171368044099
1095.1,-3.73640118971783
1095.2,-3.61433088301586
1095.3,-3.71198712837743
1095.4,-3.58991682167546
1095.5,-4.05378398714295
1095.6,-4.98151831807793
1095.7,-4.2979246005469
1095.8,-4.73737770467398
1095.9,-3.90729961910059
1096,-3.10163559486757
1096.1,-4.41999490724887
1096.2,-4.6885495819932
1096.3,-3.4434324536331
1096.4,-2.58894030671929
1096.5,-2.73542467476166
1096.6,-3.3701902696119
1096.7,-2.71101061342127
1096.8,-2.41804187733654
1096.9,-2.88190904280402
1097,-2.22272938661338
1097.1,-3.27253402425034
1097.2,-2.83308092012323
1097.3,-1.78327628248629
1097.4,-2.5645262453789
1097.5,-3.19929184022915
1097.6,-3.78522931239862
1097.7,-3.54108869899467
1097.8,-2.29597157063457
1097.9,-3.78522931239862
1098,-3.90729961910058
1098.1,-4.24909647786611
1098.2,-3.8340574350794
1098.3,-3.61433088301586
1098.4,-3.54108869899466
1098.5,-4.00495586446216
1098.6,-2.51569812269811
1098.7,-2.5401121840385
1098.8,-3.15046371754836
1098.9,-2.75983873610205
1099,-3.58991682167546
1099.1,-3.12604965620797
1099.2,-3.37019026961191
1099.3,-2.36921375465575
1099.4,-2.29597157063457
1099.5,-2.61335436805969
1099.6,-2.80866685878285
1099.7,-2.88190904280403
1099.8,-3.71198712837743
1099.9,-3.32136214693112
1100,-2.44245593867693
1100.1,-4.00495586446216
1100.2,-3.71198712837743
1100.3,-3.63874494435625
1100.4,-3.78522931239861
1100.5,-3.29694808559073
1100.6,-2.10065907991141
1100.7,-2.19831532527298
1100.8,-3.27253402425033
1100.9,-3.07722153352718
1101,-3.10163559486757
1101.1,-3.61433088301585
1101.2,-3.15046371754836
1101.3,-3.27253402425034
1101.4,-3.73640118971783
1101.5,-2.75983873610205
1101.6,-3.68757306703703
1101.7,-4.46882302992965
1101.8,-3.68757306703703
1101.9,-3.27253402425034
1102,-3.4190183922927
1102.1,-2.83308092012323
1102.2,-3.46784651497348
1102.3,-3.24811996290993
1102.4,-2.95515122682521
1102.5,-3.66315900569664
1102.6,-2.5645262453789
1102.7,-2.29597157063456
1102.8,-2.93073716548482
1102.9,-4.34675272322768
1103,-4.05378398714295
1103.1,-3.05280747218678
1103.2,-2.44245593867693
1103.3,-3.66315900569664
1103.4,-3.02839341084639
1103.5,-3.15046371754836
1103.6,-4.54206521395084
1103.7,-4.10261210982374
1103.8,-2.73542467476166
1103.9,-3.10163559486757
1104,-4.02936992580255
1104.1,-2.29597157063457
1104.2,-2.39362781599614
1104.3,-3.63874494435625
1104.4,-3.56550276033507
1104.5,-2.95515122682521
1104.6,-3.003979349506
1104.7,-3.46784651497349
1104.8,-3.58991682167545
1104.9,-3.76081525105822
1105,-3.80964337373901
1105.1,-4.15144023250453
1105.2,-4.54206521395083
1105.3,-4.05378398714294
1105.4,-3.98054180312177
1105.5,-3.93171368044098
1105.6,-3.93171368044098
1105.7,-3.17487777888876
1105.8,-2.9795652881656
1105.9,-2.97956528816559
1106,-3.29694808559073
1106.1,-3.51667463765427
1106.2,-4.34675272322768
1106.3,-3.44343245363309
1106.4,-3.32136214693112
1106.5,-3.88288555776019
1106.6,-3.29694808559073
1106.7,-3.12604965620796
1106.8,-2.29597157063456
1106.9,-3.29694808559073
1107,-3.29694808559073
1107.1,-3.8584714964198
1107.2,-4.39558084590847
1107.3,-3.49226057631388
1107.4,-4.2490964778661
1107.5,-3.49226057631388
1107.6,-4.10261210982374
1107.7,-4.54206521395084
1107.8,-4.05378398714295
1107.9,-4.29792460054689
1108,-5.59186985158779
1108.1,-4.56647927529123
1108.2,-3.95612774178138
1108.3,-5.543041728907
1108.4,-4.2735105392065
1108.5,-4.05378398714295
1108.6,-3.61433088301586
1108.7,-3.78522931239862
1108.8,-2.63776842940009
1108.9,-2.85749498146363
1109,-3.46784651497349
1109.1,-2.80866685878284
1109.2,-3.73640118971782
1109.3,-2.1250731412518
1109.4,-3.07722153352718
1109.5,-3.88288555776019
1109.6,-2.5889403067193
1109.7,-2.5889403067193
1109.8,-3.17487777888875
1109.9,-3.98054180312177
1110,-5.03034644075871
1110.1,-4.22468241652571
1110.2,-3.8340574350794
1110.3,-2.78425279744245
1110.4,-2.90632310414442
1110.5,-3.10163559486758
1110.6,-3.98054180312176
1110.7,-4.22468241652571
1110.8,-3.49226057631388
1110.9,-2.78425279744245
1111,-2.78425279744244
1111.1,-2.93073716548481
1111.2,-2.83308092012324
1111.3,-2.34479969331535
1111.4,-3.29694808559073
1111.5,-2.24714344795378
1111.6,-3.27253402425034
1111.7,-4.29792460054689
1111.8,-3.15046371754836
1111.9,-3.46784651497348
1112,-3.78522931239862
1112.1,-2.93073716548481
1112.2,-3.3946043309523
1112.3,-2.85749498146363
1112.4,-3.44343245363309
1112.5,-2.83308092012324
1112.6,-2.12507314125181
1112.7,-3.07722153352718
1112.8,-2.5889403067193
1112.9,-2.02741689589022
1113,-2.44245593867693
1113.1,-3.05280747218679
1113.2,-2.9795652881656
1113.3,-2.51569812269811
1113.4,-2.85749498146363
1113.5,-3.8340574350794
1113.6,-3.07722153352718
1113.7,-3.8584714964198
1113.8,-3.56550276033507
1113.9,-3.22370590156955
1114,-3.46784651497349
1114.1,-2.24714344795377
1114.2,-2.44245593867693
1114.3,-1.7100340984651
1114.4,-2.71101061342127
1114.5,-3.24811996290994
1114.6,-3.71198712837743
1114.7,-2.00300283454983
1114.8,-2.32038563197496
1114.9,-3.76081525105822
1115,-2.83308092012324
1115.1,-1.05085444227446
1115.2,-1.58796379176313
1115.3,-3.00397934950599
1115.4,-2.68659655208087
1115.5,-2.34479969331535
1115.6,-2.12507314125181
1115.7,-2.29597157063456
1115.8,-3.24811996290994
1115.9,-3.61433088301586
1116,-2.90632310414442
1116.1,-3.02839341084639
1116.2,-4.02936992580256
1116.3,-3.02839341084638
1116.4,-2.80866685878285
1116.5,-3.51667463765428
1116.6,-4.17585429384492
1116.7,-3.49226057631388
1116.8,-2.32038563197496
1116.9,-3.02839341084639
1117,-2.54011218403851
1117.1,-2.54011218403851
1117.2,-2.93073716548482
1117.3,-3.68757306703703
1117.4,-3.12604965620797
1117.5,-2.78425279744245
1117.6,-3.46784651497349
1117.7,-2.93073716548482
1117.8,-3.10163559486757
1117.9,-3.68757306703703
1118,-3.34577620827152
1118.1,-2.73542467476166
1118.2,-2.73542467476166
1118.3,-2.78425279744245
1118.4,-3.37019026961191
1118.5,-3.15046371754836
1118.6,-3.37019026961191
1118.7,-2.78425279744245
1118.8,-1.85651846650747
1118.9,-1.83210440516707
1119,-2.29597157063456
1119.1,-2.46687000001732
1119.2,-3.44343245363309
1119.3,-3.78522931239862
1119.4,-2.88190904280403
1119.5,-2.93073716548482
1119.6,-4.24909647786611
1119.7,-3.22370590156955
1119.8,-3.29694808559073
1119.9,-3.29694808559073
1120,-2.14948720259219
1120.1,-1.58796379176313
1120.2,-3.17487777888875
1120.3,-3.8584714964198
1120.4,-2.83308092012324
1120.5,-2.68659655208087
1120.6,-1.63679191444392
1120.7,-3.02839341084639
1120.8,-3.66315900569664
1120.9,-2.73542467476166
1121,-3.02839341084639
1121.1,-3.95612774178138
1121.2,-2.93073716548481
1121.3,-2.46687000001733
1121.4,-3.80964337373901
1121.5,-2.73542467476166
1121.6,-2.88190904280402
1121.7,-3.66315900569664
1121.8,-4.46882302992965
1121.9,-3.4434324536331
1122,-3.37019026961191
1122.1,-3.41901839229269
1122.2,-2.24714344795378
1122.3,-2.68659655208087
1122.4,-3.29694808559073
1122.5,-2.68659655208087
1122.6,-3.8584714964198
1122.7,-3.63874494435625
1122.8,-2.95515122682521
1122.9,-3.58991682167546
1123,-3.05280747218679
1123.1,-2.90632310414442
1123.2,-3.02839341084639
1123.3,-3.07722153352718
1123.4,-3.63874494435625
1123.5,-3.22370590156955
1123.6,-4.32233866188729
1123.7,-3.10163559486758
1123.8,-2.95515122682521
1123.9,-4.41999490724887
1124,-4.93269019539715
1124.1,-4.20026835518531
1124.2,-2.83308092012323
1124.3,-2.90632310414442
1124.4,-2.10065907991141
1124.5,-2.5889403067193
1124.6,-3.19929184022915
1124.7,-3.51667463765428
1124.8,-2.66218249074047
1124.9,-2.73542467476166
1125,-3.4434324536331
1125.1,-3.12604965620797
1125.2,-3.51667463765428
1125.3,-3.24811996290993
1125.4,-2.71101061342127
1125.5,-2.9795652881656
1125.6,-3.68757306703704
1125.7,-3.8584714964198
1125.8,-3.10163559486758
1125.9,-2.36921375465575
1126,-2.68659655208087
1126.1,-3.58991682167546
1126.2,-2.49128406135772
1126.3,-1.51472160774195
1126.4,-2.39362781599614
1126.5,-3.809643373739
1126.6,-3.71198712837743
1126.7,-3.58991682167546
1126.8,-3.90729961910059
1126.9,-3.68757306703704
1127,-3.22370590156955
1127.1,-2.34479969331535
1127.2,-1.83210440516707
1127.3,-2.83308092012324
1127.4,-3.07722153352718
1127.5,-2.5889403067193
1127.6,-2.1494872025922
1127.7,-3.37019026961191
1127.8,-3.22370590156955
1127.9,-3.29694808559073
1128,-3.02839341084639
1128.1,-2.71101061342127
1128.2,-2.10065907991141
1128.3,-2.71101061342127
1128.4,-2.68659655208087
1128.5,-2.54011218403851
1128.6,-1.88093252784786
1128.7,-2.71101061342127
1128.8,-3.73640118971783
1128.9,-3.05280747218678
1129,-2.32038563197496
1129.1,-2.29597157063456
1129.2,-3.10163559486757
1129.3,-3.22370590156955
1129.4,-3.34577620827152
1129.5,-3.58991682167546
1129.6,-2.88190904280402
1129.7,-3.27253402425032
1129.8,-2.80866685878283
1129.9,-2.73542467476166
1130,-3.10163559486758
1130.1,-2.54011218403851
1130.2,-1.3194091170188
1130.3,-3.02839341084639
1130.4,-3.37019026961191
1130.5,-3.29694808559073
1130.6,-3.51667463765428
1130.7,-3.32136214693112
1130.8,-2.54011218403851
1130.9,-2.39362781599614
1131,-2.17390126393259
1131.1,-2.39362781599614
1131.2,-2.75983873610205
1131.3,-2.39362781599614
1131.4,-3.02839341084639
1131.5,-3.34577620827151
1131.6,-2.5645262453789
1131.7,-2.5645262453789
1131.8,-2.05183095723061
1131.9,-2.34479969331535
1132,-2.00300283454983
1132.1,-1.83210440516708
1132.2,-2.9795652881656
1132.3,-2.78425279744245
1132.4,-3.17487777888875
1132.5,-3.37019026961191
1132.6,-3.37019026961191
1132.7,-2.17390126393259
1132.8,-2.63776842940009
1132.9,-3.34577620827152
1133,-2.32038563197495
1133.1,-1.63679191444392
1133.2,-2.83308092012323
1133.3,-3.07722153352718
1133.4,-4.02936992580255
1133.5,-2.80866685878284
1133.6,-3.22370590156955
1133.7,-3.27253402425034
1133.8,-2.36921375465575
1133.9,-2.78425279744245
1134,-2.71101061342127
1134.1,-2.78425279744245
1134.2,-2.88190904280403
1134.3,-3.07722153352718
1134.4,-2.9795652881656
1134.5,-2.32038563197496
1134.6,-2.66218249074047
1134.7,-2.19831532527299
1134.8,-2.88190904280403
1134.9,-3.32136214693112
1135,-3.90729961910058
1135.1,-3.76081525105822
1135.2,-3.63874494435625
1135.3,-2.9795652881656
1135.4,-3.29694808559073
1135.5,-2.39362781599614
1135.6,-2.41804187733653
1135.7,-2.51569812269811
1135.8,-3.51667463765428
1135.9,-2.00300283454983
1136,-1.7100340984651
1136.1,-3.05280747218678
1136.2,-3.54108869899467
1136.3,-2.27155750929417
1136.4,-2.34479969331535
1136.5,-3.63874494435625
1136.6,-4.12702617116413
1136.7,-2.44245593867693
1136.8,-2.54011218403851
1136.9,-3.32136214693112
1137,-3.4434324536331
1137.1,-3.3946043309523
1137.2,-3.29694808559073
1137.3,-2.88190904280402
1137.4,-2.90632310414442
1137.5,-2.68659655208087
1137.6,-3.34577620827151
1137.7,-3.29694808559073
1137.8,-3.58991682167546
1137.9,-3.61433088301586
1138,-4.00495586446216
1138.1,-2.41804187733654
1138.2,-3.51667463765428
1138.3,-3.51667463765428
1138.4,-3.22370590156955
1138.5,-3.22370590156954
1138.6,-2.1250731412518
1138.7,-1.3194091170188
1138.8,-2.32038563197496
1138.9,-3.34577620827152
1139,-3.34577620827152
1139.1,-3.22370590156954
1139.2,-3.8584714964198
1139.3,-3.22370590156955
1139.4,-2.46687000001733
1139.5,-3.12604965620797
1139.6,-3.76081525105822
1139.7,-3.8340574350794
1139.8,-2.83308092012323
1139.9,-2.02741689589023
1140,-2.5645262453789
1140.1,-3.34577620827152
1140.2,-4.54206521395084
1140.3,-2.19831532527299
1140.4,-3.809643373739
1140.5,-3.88288555776019
1140.6,-3.27253402425033
1140.7,-3.61433088301586
1140.8,-4.39558084590847
1140.9,-2.9795652881656
1141,-3.56550276033507
1141.1,-4.12702617116414
1141.2,-4.32233866188729
1141.3,-4.81061988869516
1141.4,-4.05378398714295
1141.5,-3.05280747218679
1141.6,-4.66413552065281
1141.7,-4.20026835518532
1141.8,-3.76081525105821
1141.9,-3.80964337373901
1142,-3.95612774178138
1142.1,-3.61433088301585
1142.2,-4.10261210982374
1142.3,-3.27253402425034
1142.4,-2.9795652881656
1142.5,-3.49226057631388
1142.6,-3.37019026961191
1142.7,-3.58991682167546
1142.8,-2.49128406135772
1142.9,-2.90632310414442
1143,-3.8340574350794
1143.1,-3.56550276033507
1143.2,-3.4190183922927
1143.3,-3.34577620827151
1143.4,-3.7852293123986
1143.5,-3.46784651497349
1143.6,-3.41901839229269
1143.7,-3.46784651497349
1143.8,-3.17487777888876
1143.9,-3.12604965620797
1144,-2.68659655208087
1144.1,-1.73444815980549
1144.2,-1.75886222114589
1144.3,-2.66218249074048
1144.4,-2.85749498146363
1144.5,-3.73640118971783
1144.6,-3.22370590156954
1144.7,-3.3946043309523
1144.8,-3.8584714964198
1144.9,-3.46784651497349
1145,-2.1250731412518
1145.1,-2.61335436805969
1145.2,-3.15046371754836
1145.3,-2.32038563197496
1145.4,-2.22272938661338
1145.5,-2.83308092012324
1145.6,-3.19929184022915
1145.7,-3.32136214693112
1145.8,-3.58991682167546
1145.9,-3.37019026961191
1146,-1.12409662629564
1146.1,-2.5401121840385
1146.2,-2.68659655208087
1146.3,-2.88190904280402
1146.4,-3.22370590156955
1146.5,-3.44343245363309
1146.6,-3.02839341084639
1146.7,-2.61335436805968
1146.8,-2.51569812269811
1146.9,-2.9795652881656
1147,-2.63776842940009
1147.1,-2.34479969331534
1147.2,-2.34479969331535
1147.3,-2.19831532527298
1147.4,-2.10065907991141
1147.5,-1.34382317835919
1147.6,-2.75983873610206
1147.7,-2.29597157063456
1147.8,-2.80866685878285
1147.9,-2.95515122682521
1148,-2.36921375465575
1148.1,-1.6856200371247
1148.2,-2.27155750929417
1148.3,-2.71101061342127
1148.4,-2.78425279744245
1148.5,-2.9795652881656
1148.6,-3.39460433095231
1148.7,-2.44245593867693
1148.8,-2.85749498146363
1148.9,-3.61433088301586
1149,-2.49128406135771
1149.1,-3.37019026961191
1149.2,-4.93269019539715
1149.3,-3.90729961910059
1149.4,-3.15046371754836
1149.5,-2.36921375465574
1149.6,-2.83308092012324
1149.7,-2.88190904280403
1149.8,-2.68659655208087
1149.9,-3.27253402425034
1150,-1.85651846650747
1150.1,-1.41706536238037
1150.2,-2.36921375465575
1150.3,-2.80866685878285
1150.4,-2.95515122682521
1150.5,-3.78522931239862
1150.6,-2.63776842940008
1150.7,-2.85749498146363
1150.8,-3.22370590156954
1150.9,-3.54108869899467
1151,-3.00397934950599
1151.1,-1.85651846650747
1151.2,-1.92976065052865
1151.3,-3.02839341084639
1151.4,-2.78425279744245
1151.5,-3.8340574350794
1151.6,-2.61335436805969
1151.7,-3.4190183922927
1151.8,-3.24811996290994
1151.9,-3.49226057631388
1152,-3.10163559486758
1152.1,-2.90632310414442
1152.2,-2.9795652881656
1152.3,-3.17487777888876
1152.4,-2.63776842940009
1152.5,-2.71101061342126
1152.6,-3.4190183922927
1152.7,-2.90632310414442
1152.8,-2.71101061342127
1152.9,-2.78425279744245
1153,-3.58991682167546
1153.1,-4.07819804848335
1153.2,-2.29597157063457
1153.3,-2.24714344795377
1153.4,-3.76081525105822
1153.5,-3.17487777888876
1153.6,-2.5889403067193
1153.7,-2.17390126393259
1153.8,-2.73542467476166
1153.9,-2.83308092012323
1154,-3.19929184022914
1154.1,-3.05280747218678
1154.2,-4.2735105392065
1154.3,-3.809643373739
1154.4,-3.80964337373901
1154.5,-3.98054180312177
1154.6,-3.56550276033507
1154.7,-3.003979349506
1154.8,-3.90729961910059
1154.9,-4.56647927529123
1155,-3.32136214693112
1155.1,-2.54011218403851
1155.2,-2.41804187733654
1155.3,-2.00300283454983
1155.4,-3.15046371754836
1155.5,-4.20026835518532
1155.6,-3.3701902696119
1155.7,-2.5645262453789
1155.8,-3.17487777888876
1155.9,-2.07624501857102
1156,-2.36921375465575
1156.1,-2.29597157063457
1156.2,-1.90534658918826
1156.3,-2.85749498146363
1156.4,-2.27155750929417
1156.5,-2.22272938661338
1156.6,-2.5645262453789
1156.7,-2.41804187733654
1156.8,-2.68659655208087
1156.9,-3.56550276033507
1157,-4.44440896858926
1157.1,-3.66315900569664
1157.2,-3.05280747218679
1157.3,-3.24811996290994
1157.4,-3.4434324536331
1157.5,-4.95710425673754
1157.6,-3.54108869899467
1157.7,-3.12604965620797
1157.8,-3.78522931239861
1157.9,-3.003979349506
1158,-2.95515122682521
1158.1,-2.9795652881656
1158.2,-2.22272938661338
1158.3,-3.10163559486757
1158.4,-4.49323709127005
1158.5,-3.10163559486758
1158.6,-3.32136214693112
1158.7,-2.85749498146363
1158.8,-2.24714344795378
1158.9,-3.10163559486758
1159,-2.9795652881656
1159.1,-3.51667463765428
1159.2,-3.17487777888876
1159.3,-3.15046371754836
1159.4,-3.07722153352717
1159.5,-2.61335436805969
1159.6,-2.22272938661338
1159.7,-2.5889403067193
1159.8,-2.78425279744245
1159.9,-3.29694808559073
1160,-2.02741689589023
1160.1,-1.95417471186904
1160.2,-3.003979349506
1160.3,-2.29597157063456
1160.4,-2.51569812269811
1160.5,-2.83308092012323
1160.6,-2.19831532527299
1160.7,-3.12604965620797
1160.8,-2.54011218403851
1160.9,-1.83210440516708
1161,-2.88190904280403
1161.1,-2.61335436805969
1161.2,-2.61335436805969
1161.3,-2.51569812269811
1161.4,-2.61335436805969
1161.5,-1.17292474897642
1161.6,-0.782299767530122
1161.7,-2.00300283454983
1161.8,-2.5645262453789
1161.9,-2.32038563197496
1162,-3.19929184022915
1162.1,-3.12604965620797
1162.2,-3.80964337373901
1162.3,-2.46687000001732
1162.4,-2.61335436805967
1162.5,-4.34675272322768
1162.6,-4.41999490724887
1162.7,-3.78522931239862
1162.8,-3.24811996290994
1162.9,-2.71101061342126
1163,-3.34577620827152
1163.1,-4.17585429384492
1163.2,-2.63776842940008
1163.3,-2.58894030671929
1163.4,-3.46784651497348
1163.5,-3.05280747218679
1163.6,-4.05378398714295
1163.7,-5.10358862477991
1163.8,-4.2735105392065
1163.9,-3.51667463765428
1164,-4.76179176601437
1164.1,-4.07819804848334
1164.2,-4.02936992580256
1164.3,-2.85749498146363
1164.4,-2.61335436805969
1164.5,-3.39460433095231
1164.6,-2.36921375465575
1164.7,-2.32038563197496
1164.8,-3.54108869899467
1164.9,-4.61530739797202
1165,-4.61530739797202
1165.1,-2.17390126393259
1165.2,-2.54011218403851
1165.3,-2.00300283454983
1165.4,-1.39265130103998
1165.5,-2.1494872025922
1165.6,-2.1250731412518
1165.7,-3.12604965620797
1165.8,-3.17487777888875
1165.9,-3.27253402425033
1166,-3.90729961910059
1166.1,-3.15046371754836
1166.2,-3.22370590156955
1166.3,-2.88190904280402
1166.4,-2.71101061342127
1166.5,-4.12702617116414
1166.6,-3.4190183922927
1166.7,-3.39460433095231
1166.8,-3.78522931239861
1166.9,-3.51667463765428
1167,-3.29694808559073
1167.1,-3.8340574350794
1167.2,-4.37116678456808
1167.3,-3.49226057631388
1167.4,-3.54108869899467
1167.5,-4.17585429384492
1167.6,-3.54108869899467
1167.7,-3.8340574350794
1167.8,-4.02936992580256
1167.9,-2.9795652881656
1168,-2.39362781599614
1168.1,-3.73640118971783
1168.2,-3.56550276033507
1168.3,-2.49128406135771
1168.4,-4.07819804848335
1168.5,-3.51667463765428
1168.6,-3.10163559486758
1168.7,-2.5645262453789
1168.8,-2.75983873610206
1168.9,-4.44440896858926
1169,-3.29694808559073
1169.1,-1.24616693299761
1169.2,-1.95417471186905
1169.3,-2.24714344795378
1169.4,-3.00397934950599
1169.5,-4.17585429384492
1169.6,-4.07819804848335
1169.7,-3.19929184022915
1169.8,-2.51569812269811
1169.9,-2.63776842940009
1170,-3.10163559486757
1170.1,-3.90729961910059
1170.2,-2.95515122682521
1170.3,-3.003979349506
1170.4,-2.83308092012324
1170.5,-3.10163559486758
1170.6,-3.17487777888875
1170.7,-4.24909647786611
1170.8,-2.10065907991141
1170.9,-2.75983873610206
1171,-4.05378398714295
1171.1,-3.66315900569664
1171.2,-3.76081525105821
1171.3,-3.49226057631388
1171.4,-3.17487777888876
1171.5,-3.34577620827151
1171.6,-3.49226057631388
1171.7,-3.61433088301586
1171.8,-3.24811996290994
1171.9,-4.6641355206528
1172,-4.76179176601439
1172.1,-3.12604965620797
1172.2,-3.63874494435625
1172.3,-3.4190183922927
1172.4,-3.3946043309523
1172.5,-3.58991682167545
1172.6,-4.10261210982374
1172.7,-2.93073716548481
1172.8,-2.32038563197496
1172.9,-3.71198712837743
1173,-4.63972145931241
1173.1,-4.10261210982374
1173.2,-3.02839341084639
1173.3,-2.9795652881656
1173.4,-2.27155750929416
1173.5,-2.73542467476165
1173.6,-2.29597157063457
1173.7,-2.88190904280403
1173.8,-3.49226057631388
1173.9,-2.93073716548482
1174,-3.07722153352718
1174.1,-4.00495586446216
1174.2,-4.32233866188728
1174.3,-4.05378398714295
1174.4,-4.59089333663163
1174.5,-4.07819804848335
1174.6,-4.07819804848335
1174.7,-4.37116678456808
1174.8,-2.61335436805969
1174.9,-3.56550276033506
1175,-3.4434324536331
1175.1,-3.51667463765427
1175.2,-2.83308092012324
1175.3,-2.95515122682521
1175.4,-3.54108869899467
1175.5,-2.49128406135772
1175.6,-2.78425279744245
1175.7,-4.02936992580256
1175.8,-3.29694808559073
1175.9,-3.809643373739
1176,-3.4190183922927
1176.1,-3.61433088301585
1176.2,-2.076245018571
1176.3,-2.95515122682521
1176.4,-2.75983873610206
1176.5,-4.15144023250452
1176.6,-3.66315900569663
1176.7,-3.63874494435625
1176.8,-5.15241674746069
1176.9,-5.37214329952424
1177,-3.95612774178138
1177.1,-2.39362781599614
1177.2,-2.68659655208086
1177.3,-3.54108869899467
1177.4,-4.78620582735477
1177.5,-3.34577620827152
1177.6,-2.83308092012323
1177.7,-3.29694808559073
1177.8,-2.93073716548482
1177.9,-2.5889403067193
1178,-1.97858877320944
1178.1,-3.12604965620797
1178.2,-3.00397934950599
1178.3,-3.51667463765428
1178.4,-3.56550276033506
1178.5,-3.44343245363309
1178.6,-3.73640118971782
1178.7,-3.95612774178138
1178.8,-4.6885495819932
1178.9,-4.61530739797201
1179,-3.22370590156955
1179.1,-3.58991682167546
1179.2,-3.37019026961191
1179.3,-3.19929184022915
1179.4,-3.07722153352718
1179.5,-3.78522931239862
1179.6,-3.58991682167546
1179.7,-3.88288555776019
1179.8,-3.58991682167546
1179.9,-3.10163559486758
1180,-2.5889403067193
1180.1,-1.83210440516707
1180.2,-2.5889403067193
1180.3,-3.8340574350794
1180.4,-3.68757306703703
1180.5,-3.61433088301586
1180.6,-3.56550276033507
1180.7,-2.19831532527298
1180.8,-3.07722153352718
1180.9,-3.15046371754836
1181,-3.61433088301585
1181.1,-3.49226057631388
1181.2,-2.63776842940008
1181.3,-3.05280747218679
1181.4,-3.15046371754836
1181.5,-2.83308092012324
1181.6,-2.75983873610205
1181.7,-3.73640118971783
1181.8,-3.54108869899467
1181.9,-3.44343245363309
1182,-3.46784651497348
1182.1,-4.22468241652571
1182.2,-3.02839341084639
1182.3,-3.12604965620797
1182.4,-3.88288555776019
1182.5,-4.51765115261044
1182.6,-4.2735105392065
1182.7,-3.80964337373901
1182.8,-3.32136214693112
1182.9,-3.88288555776019
1183,-4.22468241652571
1183.1,-3.17487777888876
1183.2,-4.85944801137596
1183.3,-5.20124487014148
1183.4,-4.7129636433336
1183.5,-4.07819804848334
1183.6,-3.71198712837743
1183.7,-3.51667463765427
1183.8,-3.24811996290994
1183.9,-3.68757306703703
1184,-5.34772923818385
1184.1,-4.44440896858926
1184.2,-4.54206521395084
1184.3,-4.29792460054688
1184.4,-4.88386207271636
1184.5,-5.00593237941832
1184.6,-4.49323709127004
1184.7,-4.2979246005469
1184.8,-3.95612774178136
1184.9,-3.58991682167546
1185,-3.19929184022915
1185.1,-3.29694808559073
1185.2,-3.24811996290993
1185.3,-2.02741689589022
1185.4,-1.83210440516708
1185.5,-2.90632310414442
1185.6,-3.34577620827152
1185.7,-4.24909647786611
1185.8,-3.98054180312176
1185.9,-4.44440896858926
1186,-3.63874494435625
1186.1,-4.2979246005469
1186.2,-5.20124487014147
1186.3,-4.59089333663163
1186.4,-4.66413552065281
1186.5,-4.32233866188729
1186.6,-5.17683080880109
1186.7,-4.49323709127005
1186.8,-5.71394015828976
1186.9,-4.37116678456807
1187,-2.10065907991141
1187.1,-3.8584714964198
1187.2,-4.37116678456808
1187.3,-3.90729961910058
1187.4,-2.9795652881656
1187.5,-4.2735105392065
1187.6,-3.58991682167546
1187.7,-1.90534658918826
1187.8,-2.12507314125179
1187.9,-3.7852293123986
1188,-2.68659655208087
1188.1,-3.49226057631388
1188.2,-3.22370590156954
1188.3,-3.76081525105822
1188.4,-4.00495586446216
1188.5,-3.29694808559073
1188.6,-3.3946043309523
1188.7,-4.15144023250453
1188.8,-4.41999490724886
1188.9,-4.02936992580255
1189,-3.8584714964198
1189.1,-3.34577620827151
1189.2,-3.88288555776019
1189.3,-4.34675272322767
1189.4,-5.17683080880109
1189.5,-3.66315900569664
1189.6,-3.34577620827151
1189.7,-3.8340574350794
1189.8,-3.56550276033506
1189.9,-3.05280747218678
1190,-3.34577620827152
1190.1,-3.29694808559073
1190.2,-3.02839341084639
1190.3,-3.46784651497348
1190.4,-2.5645262453789
1190.5,-2.68659655208087
1190.6,-3.61433088301585
1190.7,-3.49226057631388
1190.8,-3.51667463765428
1190.9,-2.5889403067193
1191,-3.76081525105822
1191.1,-3.78522931239861
1191.2,-2.54011218403851
1191.3,-2.10065907991141
1191.4,-3.02839341084639
1191.5,-3.88288555776019
1191.6,-3.73640118971783
1191.7,-2.5645262453789
1191.8,-3.809643373739
1191.9,-4.02936992580255
1192,-3.39460433095231
1192.1,-3.98054180312177
1192.2,-4.51765115261044
1192.3,-3.49226057631388
1192.4,-3.51667463765428
1192.5,-2.75983873610206
1192.6,-2.80866685878285
1192.7,-2.66218249074048
1192.8,-2.51569812269811
1192.9,-2.88190904280403
1193,-4.12702617116414
1193.1,-2.63776842940008
1193.2,-2.44245593867693
1193.3,-3.54108869899467
1193.4,-3.76081525105822
1193.5,-3.32136214693112
1193.6,-3.22370590156955
1193.7,-3.68757306703703
1193.8,-2.54011218403851
1193.9,-3.12604965620797
1194,-3.37019026961191
1194.1,-3.8340574350794
1194.2,-4.34675272322768
1194.3,-3.22370590156955
1194.4,-2.51569812269811
1194.5,-2.51569812269811
1194.6,-3.24811996290993
1194.7,-3.22370590156955
1194.8,-2.88190904280403
1194.9,-2.88190904280403
1195,-3.19929184022915
1195.1,-3.15046371754836
1195.2,-3.51667463765428
1195.3,-3.15046371754836
1195.4,-2.54011218403851
1195.5,-2.78425279744245
1195.6,-2.61335436805969
1195.7,-2.73542467476166
1195.8,-2.00300283454983
1195.9,-2.07624501857102
1196,-3.24811996290994
1196.1,-3.29694808559073
1196.2,-3.63874494435625
1196.3,-4.10261210982374
1196.4,-3.58991682167546
1196.5,-2.49128406135772
1196.6,-2.88190904280403
1196.7,-4.07819804848335
1196.8,-4.98151831807793
1196.9,-2.95515122682521
1197,-2.29597157063457
1197.1,-2.05183095723062
1197.2,-1.36823723969957
1197.3,-1.97858877320944
1197.4,-4.20026835518532
1197.5,-3.32136214693112
1197.6,-2.05183095723062
1197.7,-2.66218249074048
1197.8,-2.90632310414442
1197.9,-3.07722153352718
1198,-2.17390126393259
1198.1,-3.76081525105822
1198.2,-3.56550276033506
1198.3,-2.22272938661338
1198.4,-2.66218249074048
1198.5,-3.22370590156954
1198.6,-2.58894030671929
1198.7,-2.17390126393259
1198.8,-1.78327628248628
1198.9,-2.19831532527298
1199,-2.12507314125181
1199.1,-2.41804187733654
1199.2,-3.05280747218679
1199.3,-3.05280747218679
1199.4,-3.63874494435625
1199.5,-3.24811996290994
1199.6,-3.4190183922927
1199.7,-4.10261210982374
1199.8,-3.98054180312176
1199.9,-3.39460433095231
1200,-3.37019026961191
1200.1,-4.44440896858926
1200.2,-3.88288555776019
1200.3,-2.71101061342127
1200.4,-3.61433088301586
1200.5,-3.63874494435625
1200.6,-2.66218249074048
1200.7,-2.71101061342127
1200.8,-2.73542467476166
1200.9,-2.44245593867693
1201,-1.58796379176313
1201.1,-2.36921375465574
1201.2,-2.17390126393259
1201.3,-2.39362781599614
1201.4,-2.19831532527298
1201.5,-2.05183095723062
1201.6,-1.58796379176313
1201.7,-2.29597157063456
1201.8,-2.1006590799114
1201.9,-2.5401121840385
1202,-2.51569812269811
1202.1,-3.78522931239862
1202.2,-2.80866685878285
1202.3,-2.61335436805969
1202.4,-2.80866685878284
1202.5,-2.88190904280403
1202.6,-3.19929184022915
1202.7,-2.63776842940008
1202.8,-2.36921375465574
1202.9,-2.34479969331535
1203,-2.66218249074047
1203.1,-3.49226057631388
1203.2,-2.17390126393259
1203.3,-1.97858877320944
1203.4,-2.1494872025922
1203.5,-2.73542467476166
1203.6,-2.80866685878284
1203.7,-2.85749498146363
1203.8,-3.809643373739
1203.9,-2.71101061342126
1204,-3.10163559486757
1204.1,-2.5645262453789
1204.2,-1.97858877320944
1204.3,-2.32038563197496
1204.4,-3.90729961910059
1204.5,-3.27253402425033
1204.6,-3.63874494435625
1204.7,-3.54108869899467
1204.8,-3.17487777888876
1204.9,-3.83405743507939
1205,-2.83308092012324
1205.1,-2.39362781599614
1205.2,-1.97858877320944
1205.3,-2.24714344795377
1205.4,-3.95612774178138
1205.5,-3.66315900569664
1205.6,-3.22370590156954
1205.7,-2.93073716548482
1205.8,-2.75983873610205
1205.9,-2.41804187733654
1206,-3.17487777888874
1206.1,-1.63679191444392
1206.2,-2.63776842940009
1206.3,-2.10065907991141
1206.4,-2.46687000001733
1206.5,-2.9795652881656
1206.6,-4.46882302992964
1206.7,-5.12800268612029
1206.8,-2.61335436805969
1206.9,-3.66315900569664
1207,-3.27253402425033
1207.1,-2.61335436805969
1207.2,-2.49128406135772
1207.3,-1.58796379176313
1207.4,-2.9795652881656
1207.5,-3.66315900569664
1207.6,-3.4434324536331
1207.7,-1.83210440516708
1207.8,-2.5401121840385
1207.9,-3.46784651497349
1208,-2.78425279744245
1208.1,-3.44343245363309
1208.2,-3.73640118971782
1208.3,-4.02936992580256
1208.4,-2.63776842940009
1208.5,-3.19929184022914
1208.6,-3.29694808559073
1208.7,-2.39362781599614
1208.8,-3.88288555776019
1208.9,-3.32136214693112
1209,-2.78425279744245
1209.1,-2.95515122682521
1209.2,-2.90632310414442
1209.3,-3.02839341084639
1209.4,-2.5889403067193
1209.5,-2.95515122682521
1209.6,-3.22370590156955
1209.7,-2.90632310414442
1209.8,-2.39362781599614
1209.9,-2.02741689589022
1210,-2.71101061342127
1210.1,-2.71101061342126
1210.2,-2.85749498146363
1210.3,-3.8340574350794
1210.4,-2.34479969331535
1210.5,-1.85651846650747
1210.6,-1.75886222114589
1210.7,-2.71101061342127
1210.8,-2.58894030671929
1210.9,-2.19831532527298
1211,-1.75886222114588
1211.1,-2.75983873610206
1211.2,-3.54108869899467
1211.3,-3.71198712837743
1211.4,-3.58991682167546
1211.5,-2.88190904280402
1211.6,-2.44245593867693
1211.7,-3.12604965620797
1211.8,-3.37019026961191
1211.9,-2.93073716548482
1212,-3.05280747218679
1212.1,-2.05183095723062
1212.2,-2.51569812269811
1212.3,-2.90632310414442
1212.4,-3.98054180312176
1212.5,-2.44245593867693
1212.6,-1.39265130103997
1212.7,-2.07624501857101
1212.8,-1.53913566908233
1212.9,-0.806713828870517
1213,-2.22272938661338
1213.1,-2.19831532527299
1213.2,-1.63679191444392
1213.3,-2.85749498146363
1213.4,-3.24811996290994
1213.5,-2.61335436805969
1213.6,-3.10163559486757
1213.7,-2.46687000001732
1213.8,-2.07624501857102
1213.9,-2.93073716548482
1214,-1.97858877320944
1214.1,-1.2949950556784
1214.2,-1.24616693299761
1214.3,-1.22175287165722
1214.4,-3.80964337373901
1214.5,-3.56550276033507
1214.6,-2.93073716548482
1214.7,-3.54108869899467
1214.8,-3.32136214693111
1214.9,-2.17390126393259
1215,-3.27253402425034
1215.1,-3.12604965620797
1215.2,-2.66218249074047
1215.3,-3.02839341084639
1215.4,-3.66315900569664
1215.5,-1.85651846650747
1215.6,-1.83210440516707
1215.7,-4.07819804848334
1215.8,-3.27253402425034
1215.9,-2.63776842940008
1216,-2.95515122682521
1216.1,-3.27253402425034
1216.2,-3.00397934950599
1216.3,-2.39362781599614
1216.4,-2.9795652881656
1216.5,-3.63874494435625
1216.6,-3.17487777888876
1216.7,-2.88190904280403
1216.8,-2.9795652881656
1216.9,-3.4678465149735
1217,-3.78522931239862
1217.1,-2.75983873610205
1217.2,-3.29694808559074
1217.3,-3.51667463765428
1217.4,-3.80964337373901
1217.5,-4.10261210982375
1217.6,-3.51667463765428
1217.7,-4.7129636433336
1217.8,-4.34675272322768
1217.9,-3.88288555776019
1218,-2.95515122682521
1218.1,-3.15046371754837
1218.2,-3.4190183922927
1218.3,-3.66315900569665
1218.4,-3.24811996290994
1218.5,-3.56550276033507
1218.6,-2.88190904280403
1218.7,-2.12507314125181
1218.8,-2.75983873610206
1218.9,-3.73640118971782
1219,-2.49128406135771
1219.1,-3.10163559486758
1219.2,-3.66315900569664
1219.3,-3.71198712837743
1219.4,-2.27155750929418
1219.5,-1.22175287165721
1219.6,-1.85651846650746
1219.7,-2.17390126393259
1219.8,-2.71101061342127
1219.9,-2.66218249074047
1220,-1.95417471186905
1220.1,-1.00202631959366
1220.2,-1.88093252784786
1220.3,-2.27155750929417
1220.4,-3.10163559486757
1220.5,-3.02839341084639
1220.6,-2.34479969331535
1220.7,-2.54011218403851
1220.8,-2.80866685878285
1220.9,-3.56550276033506
1221,-2.5645262453789
1221.1,-1.88093252784786
1221.2,-2.12507314125181
1221.3,-1.88093252784786
1221.4,-2.95515122682521
1221.5,-3.22370590156955
1221.6,-2.85749498146362
1221.7,-2.58894030671929
1221.8,-2.90632310414442
1221.9,-2.54011218403851
1222,-1.88093252784786
1222.1,-0.8799560128917
1222.2,-1.80769034382668
1222.3,-3.22370590156954
1222.4,-2.85749498146363
1222.5,-3.37019026961191
1222.6,-2.73542467476166
1222.7,-2.68659655208087
1222.8,-3.71198712837743
1222.9,-2.66218249074048
1223,-1.7344481598055
1223.1,-2.49128406135772
1223.2,-2.54011218403851
1223.3,-2.90632310414442
1223.4,-2.83308092012324
1223.5,-3.10163559486758
1223.6,-1.61237785310353
1223.7,-1.270580994338
1223.8,-2.36921375465574
1223.9,-2.44245593867693
1224,-2.02741689589022
1224.1,-1.02644038093406
1224.2,-0.513745092785786
1224.3,-1.68562003712471
1224.4,-1.2949950556784
1224.5,-1.34382317835918
1224.6,-2.17390126393259
1224.7,-2.71101061342127
1224.8,-1.68562003712471
1224.9,-1.05085444227445
1225,-1.41706536238036
1225.1,-2.36921375465575
1225.2,-2.51569812269811
1225.3,-2.49128406135772
1225.4,-2.58894030671929
1225.5,-2.49128406135771
1225.6,-2.24714344795378
1225.7,-1.85651846650747
1225.8,-2.51569812269811
1225.9,-2.71101061342126
1226,-1.34382317835919
1226.1,-2.17390126393259
1226.2,-1.63679191444392
1226.3,-2.44245593867693
1226.4,-1.88093252784785
1226.5,-1.34382317835919
1226.6,-2.61335436805969
1226.7,-3.24811996290994
1226.8,-2.93073716548481
1226.9,-3.07722153352718
1227,-2.83308092012323
1227.1,-3.27253402425034
1227.2,-1.61237785310352
1227.3,-1.83210440516708
1227.4,-0.831127890210911
1227.5,-0.220776356701054
1227.6,-1.80769034382668
1227.7,-1.39265130103998
1227.8,-1.95417471186904
1227.9,-1.44147942372077
1228,-1.49030754640155
1228.1,-0.953198196912871
1228.2,-0.904370074232094
1228.3,-2.00300283454983
1228.4,-1.19733881031682
1228.5,-1.09968256495524
1228.6,-0.611401338147357
1228.7,-1.39265130103997
1228.8,-1.46589348506116
1228.9,-2.39362781599614
1229,-3.003979349506
1229.1,-2.46687000001732
1229.2,-1.53913566908234
1229.3,-1.90534658918826
1229.4,-3.19929184022915
1229.5,-2.00300283454983
1229.6,-0.562573215466574
1229.7,-0.220776356701049
1229.8,-1.58796379176313
1229.9,-2.46687000001732
1230,-1.97858877320944
1230.1,-1.75886222114589
1230.2,-2.00300283454983
1230.3,-2.05183095723062
1230.4,-1.97858877320944
1230.5,-1.83210440516708
1230.6,-1.63679191444392
1230.7,-1.61237785310353
1230.8,-1.85651846650747
1230.9,-2.44245593867693
1231,-1.75886222114589
1231.1,-0.269604479381843
1231.2,-1.78327628248629
1231.3,-2.07624501857101
1231.4,-1.05085444227446
1231.5,-2.02741689589022
1231.6,-2.78425279744245
1231.7,-1.3194091170188
1231.8,-2.00300283454983
1231.9,-2.22272938661338
1232,-2.1494872025922
1232.1,-1.24616693299761
1232.2,-1.19733881031682
1232.3,-2.27155750929417
1232.4,-1.88093252784786
1232.5,-2.78425279744245
1232.6,-2.36921375465574
1232.7,-2.71101061342126
1232.8,-2.32038563197496
1232.9,-2.68659655208087
1233,-3.07722153352718
1233.1,-2.9795652881656
1233.2,-2.17390126393259
1233.3,-2.27155750929417
1233.4,-2.00300283454983
1233.5,-4.07819804848334
1233.6,-3.8584714964198
1233.7,-2.17390126393259
1233.8,-2.46687000001733
1233.9,-2.39362781599614
1234,-2.61335436805969
1234.1,-1.92976065052865
1234.2,-1.7100340984651
1234.3,-1.46589348506116
1234.4,-1.19733881031682
1234.5,-1.05085444227446
1234.6,-1.85651846650747
1234.7,-2.46687000001733
1234.8,-2.63776842940009
1234.9,-3.37019026961191
1235,-3.12604965620797
1235.1,-1.36823723969958
1235.2,-3.19929184022915
1235.3,-2.17390126393259
1235.4,-1.27058099433801
1235.5,-1.88093252784786
1235.6,-1.7100340984651
1235.7,-1.6856200371247
1235.8,-1.61237785310353
1235.9,-2.75983873610206
1236,-3.98054180312176
1236.1,-4.00495586446216
1236.2,-3.8340574350794
1236.3,-3.19929184022915
1236.4,-2.54011218403851
1236.5,-2.9795652881656
1236.6,-2.22272938661337
1236.7,-2.49128406135772
1236.8,-1.95417471186905
1236.9,-1.90534658918825
1237,-2.19831532527298
1237.1,-3.29694808559073
1237.2,-3.27253402425033
1237.3,-2.93073716548482
1237.4,-3.90729961910058
1237.5,-4.37116678456808
1237.6,-3.22370590156955
1237.7,-4.10261210982374
1237.8,-3.93171368044098
1237.9,-2.93073716548482
1238,-2.10065907991141
1238.1,-2.80866685878285
1238.2,-2.93073716548481
1238.3,-2.71101061342127
1238.4,-2.54011218403851
1238.5,-2.83308092012323
1238.6,-3.15046371754835
1238.7,-2.78425279744245
1238.8,-2.32038563197495
1238.9,-2.93073716548482
1239,-2.41804187733654
1239.1,-2.49128406135772
1239.2,-2.58894030671929
1239.3,-2.93073716548481
1239.4,-2.95515122682521
1239.5,-2.51569812269811
1239.6,-3.29694808559073
1239.7,-2.61335436805969
1239.8,-2.34479969331535
1239.9,-2.90632310414442
1240,-2.19831532527299
1240.1,-1.95417471186905
1240.2,-2.88190904280403
1240.3,-4.39558084590847
1240.4,-2.5889403067193
1240.5,-2.00300283454983
1240.6,-2.68659655208087
1240.7,-3.95612774178138
1240.8,-2.19831532527299
1240.9,-1.14851068763604
1241,-2.27155750929417
1241.1,-2.27155750929417
1241.2,-1.00202631959366
1241.3,-0.855541951551299
1241.4,-2.1494872025922
1241.5,-2.02741689589023
1241.6,-1.66120597578432
1241.7,-2.88190904280403
1241.8,-1.88093252784785
1241.9,-2.61335436805969
1242,-3.32136214693112
1242.1,-3.15046371754836
1242.2,-2.5645262453789
1242.3,-2.39362781599614
1242.4,-2.49128406135772
1242.5,-2.9795652881656
1242.6,-3.19929184022915
1242.7,-2.61335436805969
1242.8,-2.90632310414442
1242.9,-2.68659655208087
1243,-2.32038563197495
1243.1,-3.24811996290994
1243.2,-2.5889403067193
1243.3,-2.90632310414442
1243.4,-2.83308092012323
1243.5,-1.19733881031682
1243.6,-2.07624501857102
1243.7,-3.63874494435625
1243.8,-2.32038563197495
1243.9,-1.63679191444392
1244,-2.27155750929417
1244.1,-2.80866685878284
1244.2,-3.003979349506
1244.3,-2.61335436805969
1244.4,-2.41804187733654
1244.5,-2.63776842940009
1244.6,-2.5889403067193
1244.7,-1.83210440516708
1244.8,-2.17390126393259
1244.9,-2.88190904280403
1245,-3.24811996290993
1245.1,-1.22175287165722
1245.2,-2.41804187733654
1245.3,-2.75983873610205
1245.4,-2.63776842940009
1245.5,-2.05183095723062
1245.6,-1.63679191444392
1245.7,-2.36921375465575
1245.8,-1.78327628248628
1245.9,-1.12409662629564
1246,-0.977612258253271
1246.1,-1.78327628248629
1246.2,-2.10065907991141
1246.3,-1.53913566908233
1246.4,-3.68757306703703
1246.5,-2.90632310414442
1246.6,-2.32038563197496
1246.7,-2.71101061342126
1246.8,-2.63776842940008
1246.9,-2.71101061342127
1247,-3.68757306703704
1247.1,-3.32136214693112
1247.2,-2.78425279744244
1247.3,-3.05280747218678
1247.4,-2.1494872025922
1247.5,-2.73542467476166
1247.6,-4.37116678456808
1247.7,-2.5645262453789
1247.8,-1.73444815980549
1247.9,-2.34479969331535
1248,-2.17390126393259
1248.1,-1.63679191444392
1248.2,-1.97858877320944
1248.3,-1.63679191444392
1248.4,-1.51472160774195
1248.5,-1.53913566908234
1248.6,-2.51569812269811
1248.7,-2.51569812269811
1248.8,-2.19831532527299
1248.9,-2.95515122682521
1249,-1.68562003712471
1249.1,-2.49128406135771
1249.2,-2.34479969331535
1249.3,-1.90534658918825
1249.4,-1.53913566908233
1249.5,-2.05183095723062
1249.6,-1.78327628248629
1249.7,-2.71101061342125
1249.8,-1.53913566908234
1249.9,-2.00300283454983
1250,-2.80866685878285
1250.1,-2.90632310414442
1250.2,-2.44245593867693
1250.3,-1.36823723969958
1250.4,-1.88093252784786
1250.5,-0.68464352216854
1250.6,-1.63679191444392
1250.7,-2.34479969331535
1250.8,-2.17390126393259
1250.9,-2.39362781599614
1251,-1.90534658918825
1251.1,-1.3194091170188
1251.2,-2.00300283454983
1251.3,-2.46687000001732
1251.4,-2.49128406135771
1251.5,-2.66218249074047
1251.6,-2.32038563197495
1251.7,-2.9551512268252
1251.8,-2.5401121840385
1251.9,-3.07722153352717
1252,-1.85651846650747
1252.1,-1.75886222114589
1252.2,-2.88190904280403
1252.3,-2.5889403067193
1252.4,-2.19831532527298
1252.5,-1.85651846650747
1252.6,-1.7344481598055
1252.7,-2.1494872025922
1252.8,-1.7344481598055
1252.9,-2.32038563197495
1253,-3.3946043309523
1253.1,-2.78425279744244
1253.2,-3.02839341084638
1253.3,-2.00300283454982
1253.4,-1.63679191444392
1253.5,-1.73444815980549
1253.6,-2.49128406135771
1253.7,-2.49128406135771
1253.8,-0.318432602062632
1253.9,-2.10065907991141
1254,-2.17390126393259
1254.1,-1.36823723969958
1254.2,-1.00202631959367
1254.3,-1.39265130103998
1254.4,-1.44147942372075
1254.5,-0.464916970104997
1254.6,-1.88093252784785
1254.7,-2.34479969331535
1254.8,-2.29597157063457
1254.9,-2.17390126393259
1255,-3.58991682167546
1255.1,-3.3946043309523
1255.2,-3.37019026961191
1255.3,-3.4190183922927
1255.4,-1.39265130103997
1255.5,-2.58894030671929
1255.6,-1.24616693299761
1255.7,-1.44147942372077
1255.8,-1.14851068763603
1255.9,-1.3194091170188
1256,-1.66120597578431
1256.1,-1.3194091170188
1256.2,-2.73542467476166
1256.3,-2.12507314125181
1256.4,-3.19929184022915
1256.5,-2.24714344795378
1256.6,-2.1494872025922
1256.7,-3.51667463765428
1256.8,-3.66315900569664
1256.9,-3.15046371754836
1257,-2.17390126393259
1257.1,-0.782299767530122
1257.2,-1.31940911701879
1257.3,-1.7100340984651
1257.4,-1.83210440516708
1257.5,-2.1494872025922
1257.6,-2.63776842940009
1257.7,-2.95515122682521
1257.8,-3.34577620827151
1257.9,-0.977612258253271
1258,-1.44147942372076
1258.1,-2.24714344795378
1258.2,-1.19733881031682
1258.3,-0.294018540722237
1258.4,-0.68464352216854
1258.5,-1.51472160774195
1258.6,-0.928784135572488
1258.7,-0.70905758350894
1258.8,-1.39265130103997
1258.9,-0.977612258253276
1259,-1.49030754640155
1259.1,-1.56354973042273
1259.2,-1.7344481598055
1259.3,-1.49030754640156
1259.4,-2.46687000001732
1259.5,-1.80769034382668
1259.6,-1.27058099433801
1259.7,-0.855541951551305
1259.8,-1.83210440516708
1259.9,-2.73542467476166
1260,-0.904370074232094
1260.1,-2.32038563197495
1260.2,-2.39362781599614
1260.3,-0.8799560128917
1260.4,-0.977612258253276
1260.5,-0.977612258253276
1260.6,-1.63679191444392
1260.7,-2.51569812269811
1260.8,-2.56452624537889
1260.9,-2.07624501857102
1261,-2.02741689589022
1261.1,-0.464916970104997
1261.2,-1.39265130103998
1261.3,-2.07624501857102
1261.4,-1.85651846650747
1261.5,-2.07624501857101
1261.6,-2.00300283454983
1261.7,-2.10065907991141
1261.8,-2.5889403067193
1261.9,-1.41706536238037
1262,-0.757885706189728
1262.1,-1.6856200371247
1262.2,-1.3194091170188
1262.3,-1.58796379176313
1262.4,-1.34382317835918
1262.5,-2.5889403067193
1262.6,-2.27155750929417
1262.7,-1.78327628248629
1262.8,-1.6856200371247
1262.9,-1.07526850361485
1263,-1.02644038093406
1263.1,-2.12507314125181
1263.2,-0.757885706189728
1263.3,-1.41706536238037
1263.4,-2.27155750929417
1263.5,-1.80769034382668
1263.6,-2.17390126393259
1263.7,-2.51569812269811
1263.8,-1.61237785310353
1263.9,-3.07722153352718
1264,-2.58894030671929
1264.1,-0.953198196912882
1264.2,-1.07526850361485
1264.3,-1.49030754640156
1264.4,-1.63679191444392
1264.5,-0.586987276806968
1264.6,0.267504870106831
1264.7,-1.09968256495524
1264.8,-1.97858877320944
1264.9,-2.5645262453789
1265,-3.17487777888874
1265.1,-1.90534658918826
1265.2,-1.6612059757843
1265.3,-1.63679191444392
1265.4,-1.61237785310353
1265.5,-1.27058099433801
1265.6,-0.53815915412618
1265.7,-1.61237785310353
1265.8,-1.78327628248628
1265.9,-2.5645262453789
1266,-2.66218249074048
1266.1,-2.1494872025922
1266.2,-2.85749498146363
1266.3,-2.88190904280402
1266.4,-3.19929184022915
1266.5,-2.5889403067193
1266.6,-1.88093252784786
1266.7,-1.2949950556784
1266.8,-1.80769034382668
1266.9,-1.36823723969958
1267,-1.63679191444392
1267.1,-0.53815915412618
1267.2,-1.17292474897643
1267.3,-0.904370074232094
1267.4,-1.12409662629564
1267.5,-1.7344481598055
1267.6,-0.855541951551294
1267.7,-1.95417471186904
1267.8,-1.34382317835919
1267.9,-0.684643522168545
1268,-1.75886222114589
1268.1,-1.46589348506116
1268.2,-0.489331031445391
1268.3,-0.562573215466574
1268.4,-0.953198196912871
1268.5,-2.66218249074048
1268.6,-3.15046371754836
1268.7,-1.78327628248629
1268.8,-0.904370074232088
1268.9,-1.7344481598055
1269,-1.02644038093406
1269.1,-1.19733881031682
1269.2,-1.61237785310352
1269.3,-2.36921375465574
1269.4,-2.17390126393259
1269.5,-1.7344481598055
1269.6,-2.83308092012323
1269.7,-3.02839341084639
1269.8,-2.80866685878284
1269.9,-1.73444815980549
1270,-1.27058099433801
1270.1,-1.46589348506116
1270.2,-0.782299767530122
1270.3,-2.49128406135772
1270.4,-2.90632310414442
1270.5,-3.05280747218678
1270.6,-3.003979349506
1270.7,-1.58796379176313
1270.8,-1.7100340984651
1270.9,-2.39362781599614
1271,-2.39362781599614
1271.1,-1.34382317835918
1271.2,-1.05085444227446
1271.3,-0.782299767530122
1271.4,-2.39362781599614
1271.5,-2.02741689589023
1271.6,-1.17292474897643
1271.7,-1.39265130103997
1271.8,-2.22272938661338
1271.9,-2.36921375465575
1272,-2.68659655208087
1272.1,-1.53913566908234
1272.2,-1.07526850361485
1272.3,-2.44245593867693
1272.4,-1.51472160774195
1272.5,-1.07526850361485
1272.6,-2.17390126393259
1272.7,-3.34577620827151
1272.8,-2.5645262453789
1272.9,-1.7344481598055
1273,-1.53913566908234
1273.1,-1.75886222114588
1273.2,-0.53815915412618
1273.3,-0.8799560128917
1273.4,-1.44147942372077
1273.5,-1.46589348506116
1273.6,-1.44147942372076
1273.7,-1.51472160774195
1273.8,-2.27155750929417
1273.9,-1.92976065052864
1274,-0.928784135572482
1274.1,-0.855541951551299
1274.2,-2.17390126393259
1274.3,-2.19831532527298
1274.4,-1.61237785310353
1274.5,-1.09968256495524
1274.6,-1.80769034382668
1274.7,-2.66218249074047
1274.8,-2.68659655208087
1274.9,-2.66218249074047
1275,-1.56354973042274
1275.1,-1.78327628248629
1275.2,-2.61335436805969
1275.3,-2.22272938661338
1275.4,-2.19831532527298
1275.5,-4.49323709127004
1275.6,-3.71198712837743
1275.7,-1.92976065052865
1275.8,-1.92976065052865
1275.9,-2.80866685878284
1276,-3.003979349506
1276.1,-2.41804187733654
1276.2,-1.68562003712471
1276.3,-2.27155750929417
1276.4,-2.46687000001732
1276.5,-2.19831532527298
1276.6,-2.51569812269811
1276.7,-2.93073716548481
1276.8,-3.12604965620797
1276.9,-2.71101061342127
1277,-1.88093252784786
1277.1,-2.5889403067193
1277.2,-2.39362781599614
1277.3,-2.17390126393259
1277.4,-2.44245593867693
1277.5,-2.1494872025922
1277.6,-1.73444815980549
1277.7,-1.22175287165721
1277.8,-0.977612258253265
1277.9,-1.22175287165722
1278,-2.46687000001732
1278.1,-2.10065907991141
1278.2,-3.15046371754836
1278.3,-3.49226057631388
1278.4,-3.19929184022915
1278.5,-2.1494872025922
1278.6,-2.5889403067193
1278.7,-2.05183095723062
1278.8,-2.95515122682521
1278.9,-2.22272938661338
1279,-2.46687000001733
1279.1,-1.07526850361485
1279.2,-1.3194091170188
1279.3,-2.68659655208087
1279.4,-2.29597157063456
1279.5,-1.63679191444392
1279.6,-2.10065907991141
1279.7,-2.07624501857102
1279.8,-1.58796379176313
1279.9,-1.58796379176313
1280,-1.05085444227445
1280.1,-0.684643522168534
1280.2,-2.71101061342127
1280.3,-1.63679191444392
1280.4,-0.684643522168545
1280.5,-1.95417471186904
1280.6,-2.22272938661338
1280.7,-2.27155750929417
1280.8,-1.7344481598055
1280.9,-2.41804187733653
1281,-2.85749498146363
1281.1,-2.34479969331535
1281.2,-1.58796379176313
1281.3,-1.51472160774194
1281.4,-2.02741689589023
1281.5,-2.5889403067193
1281.6,-2.63776842940009
1281.7,-2.68659655208087
1281.8,-2.90632310414442
1281.9,-3.17487777888876
1282,-0.757885706189728
1282.1,-0.416088847424209
1282.2,-1.34382317835917
1282.3,-1.02644038093406
1282.4,-1.44147942372077
1282.5,-1.90534658918825
1282.6,-2.24714344795378
1282.7,-2.22272938661338
1282.8,-1.63679191444392
1282.9,-1.56354973042274
1283,-2.73542467476166
1283.1,-2.66218249074047
1283.2,-3.46784651497349
1283.3,-2.22272938661338
1283.4,-1.73444815980549
1283.5,-1.66120597578432
1283.6,-1.63679191444392
1283.7,-2.5645262453789
1283.8,-0.977612258253271
1283.9,-1.75886222114589
1284,-2.12507314125181
1284.1,-1.88093252784786
1284.2,-2.51569812269811
1284.3,-2.32038563197495
1284.4,-3.22370590156955
1284.5,-3.80964337373901
1284.6,-2.68659655208087
1284.7,-3.29694808559073
1284.8,-4.02936992580256
1284.9,-3.68757306703704
1285,-3.10163559486758
1285.1,-3.10163559486758
1285.2,-2.90632310414442
1285.3,-2.9795652881656
1285.4,-3.19929184022915
1285.5,-3.3946043309523
1285.6,-3.46784651497349
1285.7,-2.19831532527298
1285.8,-2.9795652881656
1285.9,-2.68659655208086
1286,-2.29597157063456
1286.1,-1.75886222114589
1286.2,-2.44245593867693
1286.3,-2.27155750929417
1286.4,-2.41804187733654
1286.5,-3.39460433095231
1286.6,-2.71101061342127
1286.7,-2.1494872025922
1286.8,-1.73444815980549
1286.9,-2.39362781599614
1287,-2.73542467476166
1287.1,-3.98054180312177
1287.2,-4.10261210982374
1287.3,-3.12604965620797
1287.4,-3.68757306703703
1287.5,-3.54108869899467
1287.6,-4.02936992580256
1287.7,-2.80866685878284
1287.8,-1.53913566908234
1287.9,-1.85651846650747
1288,-1.49030754640156
1288.1,-2.51569812269811
1288.2,-2.41804187733654
1288.3,-1.85651846650746
1288.4,-2.1250731412518
1288.5,-1.63679191444392
1288.6,-1.63679191444392
1288.7,-3.17487777888876
1288.8,-2.73542467476166
1288.9,-1.97858877320943
1289,-0.782299767530122
1289.1,-1.78327628248628
1289.2,-1.19733881031682
1289.3,-0.68464352216854
1289.4,-1.66120597578432
1289.5,-1.19733881031682
1289.6,-1.78327628248629
1289.7,-2.22272938661338
1289.8,-2.24714344795377
1289.9,-2.61335436805969
1290,-1.02644038093406
1290.1,-2.51569812269811
1290.2,-1.78327628248628
1290.3,-0.855541951551299
1290.4,-1.09968256495525
1290.5,-1.41706536238037
1290.6,-2.02741689589022
1290.7,-1.75886222114589
1290.8,-2.36921375465574
1290.9,-2.41804187733654
1291,-2.73542467476166
1291.1,-1.19733881031682
1291.2,-1.90534658918825
1291.3,-1.12409662629564
1291.4,-1.46589348506116
1291.5,-3.10163559486757
1291.6,-1.7344481598055
1291.7,-1.7344481598055
1291.8,-2.71101061342126
1291.9,-2.24714344795377
1292,-2.10065907991141
1292.1,-2.02741689589023
1292.2,-1.58796379176313
1292.3,-2.10065907991141
1292.4,-2.61335436805969
1292.5,-1.92976065052865
1292.6,-1.270580994338
1292.7,-2.1494872025922
1292.8,-1.02644038093406
1292.9,-1.36823723969958
1293,-1.36823723969958
1293.1,-2.19831532527299
1293.2,-1.51472160774194
1293.3,-2.68659655208087
1293.4,-1.2949950556784
1293.5,-2.39362781599614
1293.6,-2.00300283454983
1293.7,-1.44147942372076
1293.8,-2.1494872025922
1293.9,-2.41804187733653
1294,-2.00300283454983
1294.1,-1.51472160774195
1294.2,-2.68659655208087
1294.3,-2.07624501857101
1294.4,-1.41706536238037
1294.5,-0.953198196912882
1294.6,-1.39265130103998
1294.7,-1.68562003712471
1294.8,-2.63776842940009
1294.9,-2.66218249074048
1295,-2.19831532527298
1295.1,-3.12604965620796
1295.2,-2.78425279744245
1295.3,-1.49030754640155
1295.4,-1.41706536238037
1295.5,-1.51472160774195
1295.6,-1.07526850361485
1295.7,-1.78327628248629
1295.8,-3.12604965620797
1295.9,-2.93073716548482
1296,-2.1494872025922
1296.1,-2.19831532527298
1296.2,-1.270580994338
1296.3,-0.855541951551299
1296.4,-2.29597157063456
1296.5,-2.5645262453789
1296.6,-1.12409662629564
1296.7,-1.58796379176313
1296.8,-1.97858877320944
1296.9,-0.709057583508928
1297,-2.07624501857101
1297.1,-2.29597157063456
1297.2,-1.00202631959367
1297.3,-0.269604479381843
1297.4,-1.05085444227446
1297.5,-0.440502908764603
1297.6,-1.02644038093406
1297.7,-1.44147942372076
1297.8,-0.464916970104989
1297.9,-1.36823723969958
1298,-0.928784135572488
1298.1,-2.17390126393259
1298.2,-1.63679191444391
1298.3,-1.36823723969958
1298.4,-3.00397934950599
1298.5,-3.63874494435625
1298.6,-2.24714344795377
1298.7,-1.14851068763603
1298.8,-0.220776356701054
1298.9,-1.75886222114589
1299,-2.51569812269811
1299.1,-2.24714344795378
1299.2,-2.27155750929416
1299.3,-3.22370590156954
1299.4,-2.71101061342127
1299.5,-2.75983873610206
1299.6,-2.93073716548482
1299.7,-2.22272938661338
1299.8,-2.1494872025922
1299.9,-0.709057583508934
1300,-2.00300283454983
1300.1,-3.27253402425034
1300.2,-2.17390126393259
1300.3,-0.733471644849322
1300.4,-1.19733881031682
1300.5,-0.928784135572482
1300.6,-0.245190418041449
1300.7,-1.49030754640156
1300.8,-2.27155750929417
1300.9,-1.88093252784786
1301,-1.41706536238037
1301.1,-1.85651846650747
1301.2,-2.41804187733654
1301.3,-2.12507314125181
1301.4,-1.66120597578431
1301.5,-2.19831532527298
1301.6,-1.2949950556784
1301.7,-1.73444815980549
1301.8,-1.83210440516707
1301.9,-1.36823723969957
1302,-0.8799560128917
1302.1,-1.00202631959366
1302.2,-0.586987276806968
1302.3,-2.17390126393259
1302.4,-3.39460433095231
1302.5,-3.12604965620797
1302.6,-1.68562003712471
1302.7,-1.34382317835918
1302.8,-1.88093252784786
1302.9,-0.831127890210905
1303,-1.80769034382668
1303.1,-2.17390126393259
1303.2,-1.46589348506116
1303.3,-1.75886222114589
1303.4,-2.22272938661338
1303.5,-0.611401338147357
1303.6,-1.49030754640156
1303.7,-1.63679191444392
1303.8,-1.14851068763602
1303.9,-0.855541951551305
1304,-1.80769034382668
1304.1,-1.95417471186904
1304.2,-1.24616693299761
1304.3,-0.831127890210911
1304.4,-2.00300283454983
1304.5,-2.00300283454983
1304.6,-2.88190904280402
1304.7,-1.85651846650747
1304.8,-0.953198196912882
1304.9,-1.3194091170188
1305,-0.8799560128917
1305.1,-1.2949950556784
1305.2,-0.611401338147363
1305.3,-1.58796379176313
1305.4,-2.46687000001733
1305.5,-2.75983873610206
1305.6,-2.05183095723061
1305.7,-1.3194091170188
1305.8,-1.83210440516708
1305.9,-2.5645262453789
1306,-2.58894030671929
1306.1,-1.90534658918826
1306.2,-2.07624501857102
1306.3,-2.36921375465574
1306.4,-2.22272938661338
1306.5,-2.1250731412518
1306.6,-1.95417471186905
1306.7,-2.02741689589023
1306.8,-2.61335436805969
1306.9,-2.61335436805969
1307,-2.05183095723062
1307.1,-2.19831532527299
1307.2,-2.32038563197495
1307.3,-2.29597157063457
1307.4,-1.80769034382668
1307.5,-1.2949950556784
1307.6,-2.22272938661338
1307.7,-2.68659655208087
1307.8,-2.05183095723062
1307.9,-1.270580994338
1308,-2.41804187733653
1308.1,-1.66120597578432
1308.2,-2.07624501857102
1308.3,-1.88093252784786
1308.4,-1.49030754640156
1308.5,-2.49128406135772
1308.6,-2.44245593867693
1308.7,-1.63679191444392
1308.8,-3.27253402425034
1308.9,-2.49128406135772
1309,-2.44245593867693
1309.1,-0.855541951551305
1309.2,-1.88093252784786
1309.3,-1.95417471186905
1309.4,-0.562573215466568
1309.5,-1.31940911701879
1309.6,-2.07624501857102
1309.7,-1.2949950556784
1309.8,-1.83210440516707
1309.9,-3.78522931239862
1310,-4.17585429384492
1310.1,-3.27253402425033
1310.2,-2.44245593867693
1310.3,-1.34382317835919
1310.4,-1.17292474897643
1310.5,-1.49030754640156
1310.6,-0.757885706189728
1310.7,-2.1250731412518
1310.8,-2.80866685878285
1310.9,-2.61335436805969
1311,-2.54011218403851
1311.1,-2.85749498146363
1311.2,-4.6885495819932
1311.3,-3.54108869899467
1311.4,-1.90534658918826
1311.5,-0.806713828870511
1311.6,-0.391674786083814
1311.7,-1.78327628248629
1311.8,-2.39362781599614
1311.9,-2.32038563197495
1312,-2.39362781599613
1312.1,-2.54011218403851
1312.2,-1.85651846650747
1312.3,-3.10163559486758
1312.4,-3.29694808559073
1312.5,-2.75983873610205
1312.6,-2.19831532527298
1312.7,-2.12507314125181
1312.8,-3.003979349506
1312.9,-2.51569812269811
1313,-2.1494872025922
1313.1,-1.90534658918826
1313.2,-2.10065907991141
1313.3,-3.02839341084638
1313.4,-1.78327628248629
1313.5,-2.39362781599614
1313.6,-3.49226057631388
1313.7,-3.3946043309523
1313.8,-3.15046371754836
1313.9,-3.12604965620797
1314,-1.97858877320944
1314.1,-3.07722153352718
1314.2,-3.32136214693112
1314.3,-3.29694808559073
1314.4,-2.66218249074047
1314.5,-2.49128406135771
1314.6,-1.3194091170188
1314.7,-1.41706536238037
1314.8,-1.07526850361485
1314.9,-1.7344481598055
1315,-1.61237785310352
1315.1,-1.95417471186905
1315.2,-2.9795652881656
1315.3,-2.73542467476166
1315.4,-2.51569812269811
1315.5,-1.3194091170188
1315.6,-0.977612258253276
1315.7,-1.80769034382668
1315.8,-2.34479969331535
1315.9,-2.51569812269811
1316,-1.56354973042274
1316.1,-1.90534658918826
1316.2,-2.39362781599614
1316.3,-1.61237785310353
1316.4,-2.02741689589023
1316.5,-2.95515122682521
1316.6,-2.36921375465575
1316.7,-1.46589348506116
1316.8,-2.39362781599614
1316.9,-2.5645262453789
1317,-2.02741689589022
1317.1,-2.17390126393259
1317.2,-2.1494872025922
1317.3,-2.27155750929417
1317.4,-1.85651846650746
1317.5,-1.88093252784786
1317.6,-3.10163559486757
1317.7,-2.71101061342127
1317.8,-1.53913566908234
1317.9,-1.63679191444392
1318,-2.27155750929417
1318.1,-2.10065907991141
1318.2,-2.73542467476166
1318.3,-2.36921375465575
1318.4,-2.07624501857102
1318.5,-2.07624501857102
1318.6,-1.7344481598055
1318.7,-1.02644038093406
1318.8,-1.49030754640155
1318.9,-2.32038563197496
1319,-3.10163559486758
1319.1,-2.39362781599614
1319.2,-2.27155750929417
1319.3,-3.809643373739
1319.4,-2.93073716548482
1319.5,-1.95417471186904
1319.6,-2.9795652881656
1319.7,-3.58991682167546
1319.8,-3.51667463765428
1319.9,-2.1494872025922
1320,-2.22272938661338
1320.1,-3.02839341084639
1320.2,-2.9795652881656
1320.3,-1.12409662629564
1320.4,-2.75983873610206
1320.5,-4.63972145931241
1320.6,-3.8584714964198
1320.7,-3.24811996290993
1320.8,-3.73640118971783
1320.9,-2.41804187733654
1321,-1.68562003712471
1321.1,-1.39265130103998
1321.2,-2.1250731412518
1321.3,-1.41706536238037
1321.4,-2.1250731412518
1321.5,-2.78425279744245
1321.6,-2.97956528816559
1321.7,-1.88093252784786
1321.8,-2.5889403067193
1321.9,-4.20026835518531
1322,-3.27253402425033
1322.1,-2.90632310414442
1322.2,-2.73542467476166
1322.3,-2.41804187733654
1322.4,-2.61335436805969
1322.5,-1.78327628248628
1322.6,-1.97858877320944
1322.7,-3.10163559486757
1322.8,-3.19929184022915
1322.9,-3.15046371754836
1323,-1.78327628248629
1323.1,-1.12409662629564
1323.2,-2.1494872025922
1323.3,-1.61237785310352
1323.4,-2.68659655208087
1323.5,-2.32038563197496
1323.6,-2.10065907991141
1323.7,-1.53913566908234
1323.8,-2.61335436805969
1323.9,-2.5401121840385
1324,-2.07624501857102
1324.1,-2.61335436805969
1324.2,-1.56354973042273
1324.3,-1.58796379176313
1324.4,-2.1494872025922
1324.5,-1.78327628248628
1324.6,-1.75886222114589
1324.7,-1.51472160774194
1324.8,-1.36823723969958
1324.9,-2.5645262453789
1325,-2.5645262453789
1325.1,-2.29597157063457
1325.2,-1.83210440516708
1325.3,-1.73444815980549
1325.4,-1.83210440516708
1325.5,-2.00300283454983
1325.6,-2.71101061342127
1325.7,-1.83210440516708
1325.8,-2.71101061342127
1325.9,-2.5645262453789
1326,-1.85651846650746
1326.1,-2.46687000001733
1326.2,-2.22272938661338
1326.3,-2.32038563197496
1326.4,-2.02741689589023
1326.5,-2.58894030671929
1326.6,-2.46687000001733
1326.7,-1.75886222114588
1326.8,-1.12409662629564
1326.9,-1.2461669329976
1327,-1.49030754640156
1327.1,-2.44245593867693
1327.2,-2.19831532527298
1327.3,-0.782299767530122
1327.4,-0.464916970104997
1327.5,-2.66218249074048
1327.6,-2.63776842940008
1327.7,-1.7344481598055
1327.8,-1.92976065052865
1327.9,-3.15046371754836
1328,-2.93073716548482
1328.1,-2.71101061342126
1328.2,-2.68659655208087
1328.3,-2.34479969331535
1328.4,-2.1494872025922
1328.5,-2.22272938661338
1328.6,-1.44147942372077
1328.7,-1.22175287165721
1328.8,-1.12409662629564
1328.9,-2.1494872025922
1329,-3.10163559486758
1329.1,-2.63776842940008
1329.2,-2.44245593867693
1329.3,-2.90632310414442
1329.4,-3.02839341084639
1329.5,-1.53913566908234
1329.6,-1.66120597578431
1329.7,-0.611401338147363
1329.8,-2.46687000001733
1329.9,-3.4190183922927
1330,-1.7344481598055
1330.1,-1.75886222114589
1330.2,-2.07624501857102
1330.3,-3.19929184022915
1330.4,-2.1250731412518
1330.5,-1.46589348506116
1330.6,-2.24714344795378
1330.7,-1.83210440516706
1330.8,-2.49128406135771
1330.9,-3.34577620827152
1331,-1.78327628248628
1331.1,-1.95417471186904
1331.2,-2.05183095723062
1331.3,-3.27253402425033
1331.4,-2.44245593867693
1331.5,-1.68562003712471
1331.6,-1.92976065052865
1331.7,-2.71101061342126
1331.8,-2.36921375465574
1331.9,-2.51569812269811
1332,-1.44147942372076
1332.1,-3.15046371754836
1332.2,-3.78522931239861
1332.3,-2.02741689589022
1332.4,-1.270580994338
1332.5,-2.24714344795377
1332.6,-2.27155750929417
1332.7,-1.44147942372077
1332.8,-1.83210440516707
1332.9,-1.270580994338
1333,-1.36823723969958
1333.1,-2.00300283454983
1333.2,-1.97858877320944
1333.3,-2.68659655208087
1333.4,-3.22370590156954
1333.5,-1.6612059757843
1333.6,-2.17390126393259
1333.7,-2.02741689589022
1333.8,-2.32038563197495
1333.9,-1.56354973042274
1334,-2.5156981226981
1334.1,-2.1494872025922
1334.2,-1.95417471186904
1334.3,-2.83308092012324
1334.4,-2.36921375465575
1334.5,-2.5645262453789
1334.6,-2.61335436805969
1334.7,-2.54011218403851
1334.8,-1.39265130103998
1334.9,-2.19831532527299
1335,-2.71101061342126
1335.1,-1.58796379176313
1335.2,-1.3194091170188
1335.3,-1.88093252784786
1335.4,-2.46687000001733
1335.5,-3.19929184022915
1335.6,-2.9795652881656
1335.7,-2.29597157063457
1335.8,-2.80866685878285
1335.9,-2.39362781599614
1336,-2.61335436805969
1336.1,-2.5645262453789
1336.2,-1.90534658918825
1336.3,-2.41804187733653
1336.4,-2.78425279744245
1336.5,-2.95515122682521
1336.6,-3.58991682167545
1336.7,-3.54108869899467
1336.8,-3.51667463765428
1336.9,-3.32136214693112
1337,-3.54108869899467
1337.1,-2.85749498146362
1337.2,-2.88190904280403
1337.3,-2.34479969331535
1337.4,-1.75886222114588
1337.5,-2.14948720259219
1337.6,-1.92976065052865
1337.7,-2.61335436805969
1337.8,-1.95417471186904
1337.9,-1.51472160774195
1338,-2.73542467476166
1338.1,-1.97858877320944
1338.2,-1.66120597578431
1338.3,-2.66218249074047
1338.4,-2.00300283454983
1338.5,-2.07624501857102
1338.6,-2.80866685878285
1338.7,-2.34479969331535
1338.8,-2.02741689589023
1338.9,-1.19733881031682
1339,-1.78327628248629
1339.1,-1.17292474897642
1339.2,-0.562573215466563
1339.3,-0.782299767530122
1339.4,-0.977612258253276
1339.5,-1.97858877320944
1339.6,-1.90534658918825
1339.7,-2.10065907991141
1339.8,-1.36823723969958
1339.9,-1.36823723969958
1340,-1.270580994338
1340.1,-1.49030754640156
1340.2,-1.80769034382667
1340.3,-1.78327628248629
1340.4,-1.92976065052865
1340.5,-2.95515122682521
1340.6,-2.85749498146363
1340.7,-2.05183095723061
1340.8,-1.00202631959367
1340.9,-2.58894030671929
1341,-2.39362781599614
1341.1,-2.5645262453789
1341.2,-2.63776842940008
1341.3,-3.58991682167546
1341.4,-2.51569812269811
1341.5,-2.05183095723062
1341.6,-1.17292474897643
1341.7,-1.66120597578432
1341.8,-1.7344481598055
1341.9,-1.53913566908234
1342,-2.73542467476166
1342.1,-2.93073716548482
1342.2,-2.68659655208087
1342.3,-2.07624501857101
1342.4,-2.51569812269811
1342.5,-2.07624501857101
1342.6,-2.5401121840385
1342.7,-2.00300283454983
1342.8,-0.684643522168545
1342.9,-1.41706536238037
1343,-1.44147942372076
1343.1,-2.51569812269811
1343.2,-1.85651846650746
1343.3,-1.51472160774195
1343.4,-2.41804187733654
1343.5,-1.92976065052865
1343.6,-2.34479969331535
1343.7,-1.61237785310353
1343.8,-0.70905758350894
1343.9,-0.953198196912882
1344,-2.00300283454983
1344.1,-1.36823723969958
1344.2,-1.3194091170188
1344.3,-0.635815399487757
1344.4,-1.24616693299761
1344.5,-1.02644038093406
1344.6,-1.07526850361485
1344.7,-1.75886222114589
1344.8,-1.39265130103998
1344.9,-0.782299767530122
1345,-1.63679191444392
1345.1,-2.32038563197496
1345.2,-1.85651846650747
1345.3,-1.44147942372076
1345.4,-1.17292474897642
1345.5,-1.05085444227446
1345.6,-1.12409662629564
1345.7,-1.02644038093406
1345.8,-1.07526850361485
1345.9,-0.0987060499990832
1346,-2.36921375465574
1346.1,-2.32038563197496
1346.2,-1.02644038093406
1346.3,-0.733471644849328
1346.4,-0.660229460828145
1346.5,-2.1006590799114
1346.6,-1.39265130103998
1346.7,-0.684643522168545
1346.8,-1.3194091170188
1346.9,-2.51569812269811
1347,-2.68659655208087
1347.1,-2.24714344795377
1347.2,-2.22272938661338
1347.3,-1.95417471186905
1347.4,-2.36921375465575
1347.5,-2.90632310414442
1347.6,-2.93073716548482
1347.7,-3.44343245363309
1347.8,-3.46784651497349
1347.9,-3.4434324536331
1348,-1.58796379176313
1348.1,-1.90534658918826
1348.2,-3.8584714964198
1348.3,-2.75983873610206
1348.4,-2.05183095723062
1348.5,-2.02741689589023
1348.6,-2.9795652881656
1348.7,-1.90534658918826
1348.8,-2.34479969331535
1348.9,-2.24714344795378
1349,-2.10065907991141
1349.1,-2.07624501857101
1349.2,-1.19733881031682
1349.3,-2.44245593867693
1349.4,-2.71101061342126
1349.5,-2.44245593867693
1349.6,-3.02839341084639
1349.7,-1.61237785310352
1349.8,-2.34479969331534
1349.9,-3.27253402425034
1350,-2.1494872025922
1350.1,-2.41804187733654
1350.2,-3.29694808559073
1350.3,-2.24714344795378
1350.4,-1.92976065052865
1350.5,-1.56354973042274
1350.6,-2.41804187733653
1350.7,-2.1250731412518
1350.8,-0.977612258253259
1350.9,-1.2949950556784
1351,-1.12409662629564
1351.1,-1.75886222114589
1351.2,-3.12604965620797
1351.3,-3.07722153352718
1351.4,-1.66120597578432
1351.5,-1.63679191444392
1351.6,-0.928784135572488
1351.7,-2.95515122682521
1351.8,-2.39362781599614
1351.9,-1.44147942372077
1352,-1.56354973042274
1352.1,-1.34382317835919
1352.2,-2.49128406135772
1352.3,-1.83210440516707
1352.4,-0.928784135572488
1352.5,-1.51472160774195
1352.6,-2.61335436805969
1352.7,-2.46687000001733
1352.8,-2.1494872025922
1352.9,-2.66218249074048
1353,-3.34577620827151
1353.1,-2.24714344795378
1353.2,-2.27155750929417
1353.3,-3.29694808559073
1353.4,-2.17390126393259
1353.5,-1.78327628248627
1353.6,-2.12507314125181
1353.7,-1.92976065052865
1353.8,-0.53815915412618
1353.9,-1.41706536238037
1354,-1.66120597578431
1354.1,-1.63679191444392
1354.2,-1.22175287165722
1354.3,-2.27155750929417
1354.4,-2.05183095723062
1354.5,-2.41804187733654
1354.6,-1.66120597578431
1354.7,-1.66120597578431
1354.8,-2.80866685878284
1354.9,-2.80866685878284
1355,-0.904370074232088
1355.1,0.731372035574327
1355.2,-1.24616693299761
1355.3,-2.49128406135771
1355.4,-1.7100340984651
1355.5,-1.66120597578432
1355.6,-2.05183095723062
1355.7,-2.5889403067193
1355.8,-1.6856200371247
1355.9,-1.22175287165721
1356,-1.61237785310352
1356.1,0.047778318043288
1356.2,-1.09968256495525
1356.3,-2.80866685878285
1356.4,-1.90534658918825
1356.5,-1.19733881031681
1356.6,-2.41804187733654
1356.7,-1.75886222114589
1356.8,-1.58796379176313
1356.9,-1.95417471186904
1357,-2.5889403067193
1357.1,-1.80769034382668
1357.2,-1.90534658918824
1357.3,-2.71101061342126
1357.4,-2.1250731412518
1357.5,-0.684643522168545
1357.6,-1.44147942372076
1357.7,-3.19929184022915
1357.8,-1.51472160774194
1357.9,-0.196362295360649
1358,-1.73444815980549
1358.1,-2.75983873610205
1358.2,-1.39265130103998
1358.3,-0.977612258253276
1358.4,-0.269604479381843
1358.5,-1.7100340984651
1358.6,-1.00202631959367
1358.7,-0.757885706189717
1358.8,-2.9795652881656
1358.9,-2.44245593867693
1359,-1.49030754640156
1359.1,-2.61335436805969
1359.2,-2.80866685878284
1359.3,-1.83210440516707
1359.4,-2.34479969331535
1359.5,-1.6856200371247
1359.6,-0.416088847424203
1359.7,-0.220776356701049
1359.8,-1.22175287165722
1359.9,-1.44147942372077
1360,0.0966064407240765
1360.1,-1.75886222114589
1360.2,-0.928784135572488
1360.3,-1.51472160774195
1360.4,-1.75886222114589
1360.5,-0.855541951551305
1360.6,-0.68464352216854
1360.7,-0.928784135572488
1360.8,-1.31940911701879
1360.9,-2.19831532527299
1361,-2.29597157063457
1361.1,-1.44147942372077
1361.2,-2.02741689589023
1361.3,-0.464916970104991
1361.4,-1.00202631959366
1361.5,-1.92976065052865
1361.6,-0.953198196912876
1361.7,-0.977612258253271
1361.8,-1.41706536238037
1361.9,-1.53913566908234
1362,-1.68562003712471
1362.1,-2.1494872025922
1362.2,-2.29597157063457
1362.3,-1.7100340984651
1362.4,-1.12409662629564
1362.5,-1.46589348506116
1362.6,-2.05183095723062
1362.7,-2.36921375465575
1362.8,-1.24616693299761
1362.9,-2.68659655208087
1363,-3.32136214693112
1363.1,-2.05183095723062
1363.2,-2.17390126393258
1363.3,-2.10065907991141
1363.4,-1.88093252784786
1363.5,-2.29597157063457
1363.6,-2.44245593867693
1363.7,-1.97858877320944
1363.8,-2.32038563197496
1363.9,-2.61335436805969
1364,-3.44343245363309
1364.1,-2.36921375465575
1364.2,-2.17390126393259
1364.3,-2.68659655208087
1364.4,-1.78327628248629
1364.5,-2.49128406135771
1364.6,-2.51569812269811
1364.7,-2.90632310414442
1364.8,-2.44245593867693
1364.9,-1.51472160774195
1365,-2.75983873610206
1365.1,-2.34479969331535
1365.2,-2.66218249074048
1365.3,-2.85749498146363
1365.4,-2.83308092012323
1365.5,-3.22370590156955
1365.6,-2.68659655208087
1365.7,-1.63679191444392
1365.8,-3.07722153352718
1365.9,-1.34382317835918
1366,-2.46687000001733
1366.1,-1.83210440516707
1366.2,-2.95515122682521
1366.3,-3.58991682167546
1366.4,-3.63874494435625
1366.5,-2.36921375465575
1366.6,-0.953198196912876
1366.7,-2.71101061342126
1366.8,-2.10065907991141
1366.9,-2.07624501857102
1367,-2.17390126393259
1367.1,-2.44245593867693
1367.2,-2.02741689589023
1367.3,-2.61335436805969
1367.4,-2.90632310414442
1367.5,-3.27253402425033
1367.6,-2.61335436805969
1367.7,-3.22370590156955
1367.8,-3.22370590156955
1367.9,-2.5401121840385
1368,-2.90632310414442
1368.1,-2.19831532527299
1368.2,-1.85651846650747
1368.3,-2.5645262453789
1368.4,-3.68757306703704
1368.5,-3.93171368044098
1368.6,-3.15046371754836
1368.7,-2.34479969331535
1368.8,-2.24714344795377
1368.9,-2.61335436805969
1369,-3.10163559486758
1369.1,-2.36921375465575
1369.2,-2.1250731412518
1369.3,-2.29597157063456
1369.4,-1.66120597578432
1369.5,-2.29597157063457
1369.6,-1.53913566908234
1369.7,-1.02644038093406
1369.8,-2.5889403067193
1369.9,-1.53913566908234
1370,-1.05085444227446
1370.1,-0.220776356701054
1370.2,-1.05085444227445
1370.3,-1.78327628248629
1370.4,-2.90632310414442
1370.5,-3.39460433095231
1370.6,-1.80769034382668
1370.7,-1.88093252784786
1370.8,-2.12507314125181
1370.9,-1.97858877320944
1371,-2.22272938661338
1371.1,-1.58796379176313
1371.2,-2.05183095723062
1371.3,-2.32038563197495
1371.4,-1.92976065052865
1371.5,-1.6856200371247
1371.6,-1.24616693299761
1371.7,-2.02741689589022
1371.8,-1.61237785310353
1371.9,-0.806713828870505
1372,-1.88093252784786
1372.1,-1.7100340984651
1372.2,-0.611401338147363
1372.3,-0.757885706189728
1372.4,-0.513745092785786
1372.5,-0.977612258253276
1372.6,-2.05183095723062
1372.7,-2.1494872025922
1372.8,-2.83308092012324
1372.9,-1.53913566908233
1373,-2.44245593867693
1373.1,-2.95515122682521
1373.2,-2.34479969331535
1373.3,-1.66120597578432
1373.4,-0.562573215466574
1373.5,-1.61237785310353
1373.6,-2.61335436805969
1373.7,-1.90534658918825
1373.8,-1.90534658918826
1373.9,-2.17390126393259
1374,-0.928784135572482
1374.1,-2.93073716548482
1374.2,-2.85749498146363
1374.3,-2.32038563197496
1374.4,-1.7100340984651
1374.5,-1.44147942372077
1374.6,-1.78327628248629
1374.7,-2.07624501857102
1374.8,-1.83210440516708
1374.9,-2.00300283454983
1375,-2.5889403067193
1375.1,-2.5645262453789
1375.2,-2.32038563197496
1375.3,-2.75983873610205
1375.4,-1.83210440516708
1375.5,-1.78327628248629
1375.6,-1.63679191444392
1375.7,-2.19831532527299
1375.8,-3.90729961910058
1375.9,-3.05280747218679
1376,-2.71101061342126
1376.1,-1.97858877320944
1376.2,-2.1250731412518
1376.3,-3.32136214693112
1376.4,-1.6856200371247
1376.5,-1.51472160774195
1376.6,-2.51569812269811
1376.7,-2.22272938661338
1376.8,-2.19831532527298
1376.9,-1.22175287165722
1377,-2.07624501857101
1377.1,-1.36823723969958
1377.2,-1.36823723969958
1377.3,-1.36823723969958
1377.4,-2.9795652881656
1377.5,-3.19929184022915
1377.6,-1.58796379176313
1377.7,-3.05280747218679
1377.8,-3.34577620827151
1377.9,-3.24811996290994
1378,-2.90632310414442
1378.1,-3.22370590156955
1378.2,-2.51569812269811
1378.3,-2.56452624537889
1378.4,-2.51569812269811
1378.5,-1.00202631959367
1378.6,-1.00202631959367
1378.7,-2.39362781599614
1378.8,-2.32038563197496
1378.9,-2.63776842940009
1379,-2.90632310414442
1379.1,-0.635815399487751
1379.2,-1.61237785310353
1379.3,-3.15046371754836
1379.4,-2.80866685878283
1379.5,-1.34382317835919
1379.6,-1.31940911701878
1379.7,-1.58796379176313
1379.8,-2.22272938661338
1379.9,-2.02741689589022
1380,-2.68659655208087
1380.1,-2.78425279744245
1380.2,-2.19831532527298
1380.3,-2.75983873610206
1380.4,-1.61237785310353
1380.5,-3.17487777888876
1380.6,-2.36921375465575
1380.7,-1.22175287165722
1380.8,-2.58894030671929
1380.9,-2.07624501857102
1381,-2.02741689589022
1381.1,-2.41804187733654
1381.2,-2.44245593867693
1381.3,-1.61237785310352
1381.4,-1.53913566908234
1381.5,-1.24616693299761
1381.6,-1.7344481598055
1381.7,-2.29597157063457
1381.8,-1.51472160774195
1381.9,-0.70905758350894
1382,-0.855541951551299
1382.1,-1.41706536238037
1382.2,-1.63679191444392
1382.3,-1.12409662629564
1382.4,-2.34479969331535
1382.5,-1.49030754640156
1382.6,-1.63679191444392
1382.7,-1.12409662629564
1382.8,-1.12409662629563
1382.9,-0.928784135572482
1383,-1.24616693299761
1383.1,-0.757885706189728
1383.2,-1.34382317835918
1383.3,-1.56354973042274
1383.4,-0.8799560128917
1383.5,-0.36726072474342
1383.6,-1.07526850361485
1383.7,-2.78425279744245
1383.8,-2.00300283454983
1383.9,-1.63679191444392
1384,-2.02741689589023
1384.1,-2.10065907991141
1384.2,-1.78327628248628
1384.3,-1.22175287165721
1384.4,-2.24714344795377
1384.5,-1.63679191444392
1384.6,-1.51472160774195
1384.7,-2.63776842940008
1384.8,-1.95417471186904
1384.9,-1.61237785310353
1385,-1.44147942372077
1385.1,-1.66120597578432
1385.2,-1.27058099433801
1385.3,0.0477783180432823
1385.4,-0.440502908764603
1385.5,-1.63679191444392
1385.6,-3.17487777888875
1385.7,-1.97858877320943
1385.8,-1.75886222114589
1385.9,-1.09968256495525
1386,-0.684643522168545
1386.1,0.169848624745259
1386.2,-0.294018540722237
1386.3,-1.49030754640156
1386.4,-1.00202631959367
1386.5,-1.92976065052865
1386.6,-1.17292474897642
1386.7,-0.928784135572488
1386.8,-0.879956012891694
1386.9,-0.635815399487745
1387,-1.51472160774195
1387.1,-1.6856200371247
1387.2,-2.24714344795378
1387.3,-1.92976065052865
1387.4,-2.95515122682521
1387.5,-1.63679191444392
1387.6,-0.831127890210911
1387.7,-1.44147942372077
1387.8,-1.31940911701879
1387.9,-2.90632310414442
1388,-2.93073716548482
1388.1,-1.53913566908234
1388.2,-1.05085444227445
1388.3,-0.953198196912882
1388.4,-0.831127890210911
1388.5,-1.7100340984651
1388.6,-1.66120597578432
1388.7,-1.75886222114589
1388.8,-2.71101061342127
1388.9,-1.80769034382668
1389,-1.78327628248628
1389.1,-2.1494872025922
1389.2,-0.806713828870517
1389.3,-0.0254638659779005
1389.4,-1.58796379176313
1389.5,-1.3194091170188
1389.6,-0.831127890210911
1389.7,-1.22175287165722
1389.8,-0.757885706189722
1389.9,-0.17194823402026
1390,-1.41706536238037
1390.1,-1.7100340984651
1390.2,-1.36823723969958
1390.3,-1.56354973042274
1390.4,-0.806713828870517
1390.5,0.267504870106831
1390.6,-1.14851068763603
1390.7,-1.49030754640156
1390.8,-0.70905758350894
1390.9,-1.3194091170188
1391,-1.36823723969958
1391.1,-2.00300283454983
1391.2,-1.83210440516707
1391.3,-1.49030754640156
1391.4,-1.41706536238037
1391.5,-2.22272938661338
1391.6,-2.1494872025922
1391.7,-2.02741689589023
1391.8,-1.56354973042273
1391.9,-1.46589348506116
1392,-1.27058099433801
1392.1,-0.977612258253276
1392.2,-0.416088847424209
1392.3,-0.489331031445386
1392.4,-0.611401338147357
1392.5,-1.12409662629564
1392.6,-1.7344481598055
1392.7,-1.58796379176313
1392.8,-1.56354973042274
1392.9,-1.46589348506116
1393,-0.806713828870517
1393.1,-0.684643522168545
1393.2,-0.562573215466574
1393.3,-0.611401338147363
1393.4,-1.97858877320944
1393.5,-1.270580994338
1393.6,-1.02644038093406
1393.7,-2.02741689589022
1393.8,-1.22175287165722
1393.9,-0.855541951551299
1394,-1.3194091170188
1394.1,-1.39265130103997
1394.2,-2.63776842940009
1394.3,-1.56354973042273
1394.4,-1.66120597578432
1394.5,-1.56354973042274
1394.6,-2.00300283454983
1394.7,-2.10065907991141
1394.8,-2.05183095723062
1394.9,-2.27155750929417
1395,-2.46687000001733
1395.1,-2.5645262453789
1395.2,-1.36823723969958
1395.3,-1.39265130103997
1395.4,-1.51472160774195
1395.5,-2.54011218403851
1395.6,-3.19929184022915
1395.7,-3.88288555776019
1395.8,-3.19929184022915
1395.9,-2.83308092012324
1396,-3.61433088301585
1396.1,-1.95417471186905
1396.2,-0.70905758350894
1396.3,-2.05183095723062
1396.4,-2.51569812269811
1396.5,-2.63776842940009
1396.6,-3.10163559486757
1396.7,-2.00300283454982
1396.8,-2.24714344795378
1396.9,-2.63776842940009
1397,-2.34479969331535
1397.1,-2.63776842940007
1397.2,-2.24714344795378
1397.3,-2.02741689589023
1397.4,-2.80866685878284
1397.5,-2.61335436805969
1397.6,-1.61237785310353
1397.7,-2.24714344795377
1397.8,-2.71101061342127
1397.9,-2.90632310414442
1398,-1.44147942372077
1398.1,-1.78327628248629
1398.2,-1.92976065052865
1398.3,-1.49030754640156
1398.4,-2.22272938661338
1398.5,-3.003979349506
1398.6,-2.88190904280403
1398.7,-1.58796379176313
1398.8,-2.24714344795377
1398.9,-2.07624501857101
1399,-2.68659655208086
1399.1,-2.36921375465575
1399.2,-2.49128406135772
1399.3,-2.00300283454983
1399.4,-1.24616693299761
1399.5,-1.41706536238037
1399.6,-2.39362781599614
1399.7,-1.78327628248629
1399.8,-2.32038563197496
1399.9,-3.39460433095231
1400,-2.5645262453789
1400.1,-1.63679191444392
1400.2,-2.1494872025922
1400.3,-1.92976065052865
1400.4,-1.97858877320944
1400.5,-2.12507314125181
1400.6,-1.49030754640156
1400.7,-1.7100340984651
1400.8,-1.2949950556784
1400.9,-1.97858877320944
1401,-1.61237785310353
1401.1,-2.29597157063455
1401.2,-1.44147942372076
1401.3,-2.00300283454983
1401.4,-2.34479969331535
1401.5,-2.75983873610206
1401.6,-2.29597157063457
1401.7,-2.34479969331535
1401.8,-2.51569812269811
1401.9,-1.2949950556784
1402,-2.19831532527298
1402.1,-1.73444815980549
1402.2,-2.24714344795378
1402.3,-2.17390126393259
1402.4,-2.27155750929417
1402.5,-2.05183095723062
1402.6,-1.07526850361485
1402.7,-0.51374509278578
1402.8,-2.9795652881656
1402.9,-3.07722153352718
1403,-1.75886222114589
1403.1,-1.92976065052865
1403.2,-2.88190904280403
1403.3,-2.71101061342127
1403.4,-1.97858877320944
1403.5,-2.5889403067193
1403.6,-2.78425279744245
1403.7,-0.977612258253271
1403.8,-0.782299767530122
1403.9,-1.66120597578432
1404,-2.00300283454983
1404.1,-1.09968256495525
1404.2,-1.31940911701879
1404.3,-2.05183095723062
1404.4,-2.95515122682521
1404.5,-1.85651846650747
1404.6,-1.39265130103998
1404.7,-1.3194091170188
1404.8,-1.17292474897642
1404.9,-1.97858877320944
1405,-2.39362781599614
1405.1,-1.53913566908234
1405.2,-1.3194091170188
1405.3,-1.12409662629564
1405.4,-1.41706536238037
1405.5,-1.49030754640155
1405.6,-2.49128406135771
1405.7,-1.7100340984651
1405.8,-1.6856200371247
1405.9,-3.19929184022915
1406,-2.73542467476166
1406.1,-3.19929184022915
1406.2,-2.29597157063457
1406.3,-1.88093252784786
1406.4,-2.49128406135772
1406.5,-2.02741689589023
1406.6,-2.05183095723062
1406.7,-2.05183095723062
1406.8,-1.05085444227446
1406.9,-1.83210440516707
1407,-3.51667463765428
1407.1,-2.88190904280403
1407.2,-2.10065907991141
1407.3,-2.17390126393259
1407.4,-1.05085444227445
1407.5,-0.953198196912876
1407.6,-1.19733881031682
1407.7,-1.7344481598055
1407.8,-1.75886222114589
1407.9,-1.34382317835918
1408,-2.54011218403851
1408.1,-2.61335436805969
1408.2,-1.39265130103997
1408.3,-1.85651846650746
1408.4,-1.07526850361485
1408.5,-1.09968256495525
1408.6,-1.17292474897643
1408.7,-0.855541951551305
1408.8,-1.31940911701879
1408.9,-1.09968256495524
1409,-1.12409662629564
1409.1,-0.831127890210911
1409.2,-1.53913566908234
1409.3,-1.78327628248629
1409.4,-2.36921375465574
1409.5,-1.83210440516707
1409.6,-0.782299767530122
1409.7,-1.51472160774194
1409.8,-1.88093252784786
1409.9,-2.32038563197496
1410,-1.92976065052865
1410.1,-2.07624501857102
1410.2,-1.12409662629564
1410.3,-0.440502908764591
1410.4,-1.12409662629564
1410.5,-1.39265130103998
1410.6,-1.14851068763603
1410.7,-2.58894030671929
1410.8,-1.22175287165721
1410.9,-0.635815399487757
1411,-1.17292474897643
1411.1,-0.733471644849334
1411.2,-1.88093252784786
1411.3,-0.17194823402026
1411.4,-1.49030754640156
1411.5,-2.49128406135772
1411.6,-1.09968256495525
1411.7,-1.27058099433801
1411.8,-1.75886222114589
1411.9,-1.56354973042273
1412,-1.80769034382667
1412.1,-2.00300283454983
1412.2,-1.61237785310352
1412.3,-1.46589348506116
1412.4,-1.00202631959367
1412.5,-1.58796379176313
1412.6,-2.02741689589023
1412.7,-1.14851068763603
1412.8,-0.757885706189728
1412.9,-1.46589348506116
1413,-1.24616693299761
1413.1,-1.2949950556784
1413.2,-0.904370074232082
1413.3,-0.953198196912871
1413.4,-1.49030754640156
1413.5,-1.39265130103998
1413.6,-1.34382317835918
1413.7,-1.2949950556784
1413.8,-1.34382317835919
1413.9,-1.85651846650747
1414,-1.31940911701879
1414.1,-1.46589348506116
1414.2,-1.92976065052865
1414.3,-1.7344481598055
1414.4,-1.56354973042274
1414.5,-2.05183095723062
1414.6,-1.51472160774195
1414.7,-1.09968256495525
1414.8,-2.41804187733653
1414.9,-2.66218249074048
1415,-1.46589348506116
1415.1,-2.61335436805969
1415.2,-1.80769034382668
1415.3,-1.41706536238037
1415.4,-1.39265130103998
1415.5,-1.46589348506115
1415.6,-1.7344481598055
1415.7,-2.71101061342126
1415.8,-1.83210440516708
1415.9,-1.95417471186904
1416,-1.51472160774194
1416.1,-1.58796379176313
1416.2,-1.270580994338
1416.3,-0.855541951551305
1416.4,-2.07624501857102
1416.5,-2.36921375465575
1416.6,-0.8799560128917
1416.7,-0.342846663403026
1416.8,-1.12409662629564
1416.9,-1.66120597578432
1417,-2.83308092012324
1417.1,-1.02644038093406
1417.2,-1.00202631959367
1417.3,-3.24811996290994
1417.4,-3.003979349506
1417.5,-1.95417471186903
1417.6,-1.63679191444392
1417.7,-1.97858877320944
1417.8,-1.39265130103997
1417.9,-1.46589348506116
1418,-2.1494872025922
1418.1,-2.66218249074048
1418.2,-2.46687000001733
1418.3,-1.68562003712471
1418.4,-1.90534658918826
1418.5,-2.51569812269811
1418.6,-1.7100340984651
1418.7,-2.44245593867693
1418.8,-1.44147942372076
1418.9,-1.05085444227446
1419,-1.36823723969958
1419.1,-1.24616693299761
1419.2,-1.44147942372076
1419.3,-2.58894030671929
1419.4,-2.27155750929417
1419.5,-1.78327628248629
1419.6,-2.71101061342126
1419.7,-3.19929184022915
1419.8,-3.66315900569664
1419.9,-2.39362781599614
1420,-1.53913566908234
1420.1,-1.63679191444391
1420.2,-1.78327628248629
1420.3,-1.56354973042274
1420.4,-2.27155750929417
1420.5,-3.4190183922927
1420.6,-2.1250731412518
1420.7,-1.12409662629564
1420.8,-1.46589348506116
1420.9,-2.00300283454982
1421,-1.83210440516708
1421.1,-1.7100340984651
1421.2,-1.44147942372076
1421.3,-0.684643522168545
1421.4,-1.12409662629563
1421.5,-2.68659655208087
1421.6,-1.97858877320943
1421.7,-1.14851068763602
1421.8,-1.02644038093406
1421.9,-2.63776842940008
1422,-1.24616693299761
1422.1,-1.7344481598055
1422.2,-2.54011218403851
1422.3,-1.2949950556784
1422.4,-1.7100340984651
1422.5,-1.95417471186905
1422.6,-2.05183095723062
1422.7,-2.44245593867693
1422.8,-1.07526850361485
1422.9,-0.953198196912882
1423,0.023364256702888
1423.1,-0.367260724743409
1423.2,-1.07526850361485
1423.3,-0.586987276806963
1423.4,-1.51472160774194
1423.5,-1.85651846650747
1423.6,-2.02741689589023
1423.7,-2.71101061342127
1423.8,-2.41804187733654
1423.9,-1.88093252784786
1424,-1.66120597578431
1424.1,-1.51472160774194
1424.2,-1.78327628248629
1424.3,-1.22175287165722
1424.4,-0.660229460828145
1424.5,-0.806713828870511
1424.6,-1.83210440516708
1424.7,-2.36921375465575
1424.8,-1.02644038093406
1424.9,-1.02644038093406
1425,-1.14851068763604
1425.1,-1.31940911701878
1425.2,-1.61237785310353
1425.3,-0.904370074232094
1425.4,-1.63679191444392
1425.5,-1.7344481598055
1425.6,-1.90534658918825
1425.7,-1.78327628248628
1425.8,-1.31940911701878
1425.9,-1.58796379176313
1426,-3.49226057631388
1426.1,-1.80769034382668
1426.2,-1.97858877320944
1426.3,-2.05183095723062
1426.4,-1.73444815980549
1426.5,-2.34479969331535
1426.6,-2.27155750929416
1426.7,-3.02839341084639
1426.8,-1.68562003712471
1426.9,-2.22272938661338
1427,-2.49128406135772
1427.1,-2.29597157063457
1427.2,-1.46589348506116
1427.3,-1.80769034382668
1427.4,-1.66120597578432
1427.5,-2.88190904280402
1427.6,-2.5889403067193
1427.7,-1.80769034382668
1427.8,-2.27155750929417
1427.9,-1.66120597578431
1428,-2.54011218403851
1428.1,-2.66218249074048
1428.2,-1.75886222114589
1428.3,-1.46589348506116
1428.4,-1.49030754640155
1428.5,-1.56354973042274
1428.6,-3.19929184022915
1428.7,-1.7100340984651
1428.8,-0.709057583508934
1428.9,-1.58796379176313
1429,-1.63679191444392
1429.1,-3.02839341084639
1429.2,-3.19929184022915
1429.3,-2.41804187733653
1429.4,-2.05183095723062
1429.5,-1.66120597578432
1429.6,-1.56354973042273
1429.7,-2.36921375465574
1429.8,-3.10163559486758
1429.9,-2.19831532527299
1430,-1.95417471186904
1430.1,-2.10065907991141
1430.2,-1.12409662629564
1430.3,-1.05085444227446
1430.4,-1.02644038093406
1430.5,-0.928784135572488
1430.6,-0.513745092785786
1430.7,-0.245190418041443
1430.8,-0.806713828870517
1430.9,-0.928784135572482
1431,-1.24616693299761
1431.1,-1.78327628248629
1431.2,-1.12409662629564
1431.3,-1.83210440516707
1431.4,-1.17292474897642
1431.5,-0.635815399487745
1431.6,-0.928784135572488
1431.7,-1.88093252784786
1431.8,-1.7100340984651
1431.9,-1.49030754640155
1432,-1.95417471186905
1432.1,-1.24616693299761
1432.2,-1.90534658918825
1432.3,-2.83308092012323
1432.4,-2.95515122682521
1432.5,-2.19831532527298
1432.6,-1.49030754640156
1432.7,-1.88093252784786
1432.8,-1.88093252784786
1432.9,-1.80769034382668
1433,-2.32038563197495
1433.1,-2.5401121840385
1433.2,-2.02741689589022
1433.3,-2.90632310414442
1433.4,-3.85847149641979
1433.5,-3.88288555776019
1433.6,-2.22272938661338
1433.7,-1.09968256495524
1433.8,-2.51569812269811
1433.9,-2.05183095723062
1434,-1.56354973042274
1434.1,-2.5645262453789
1434.2,-3.22370590156955
1434.3,-3.02839341084639
1434.4,-2.5889403067193
1434.5,-2.10065907991141
1434.6,-2.66218249074048
1434.7,-2.68659655208087
1434.8,-2.88190904280403
1434.9,-2.36921375465575
1435,-1.12409662629564
1435.1,-0.879956012891694
1435.2,-1.24616693299761
1435.3,-1.41706536238037
1435.4,-0.489331031445391
1435.5,-1.17292474897643
1435.6,-2.05183095723062
1435.7,-1.75886222114589
1435.8,-1.90534658918826
1435.9,-1.39265130103997
1436,0.0966064407240765
1436.1,-1.07526850361485
1436.2,-2.46687000001733
1436.3,-1.14851068763604
1436.4,-1.05085444227445
1436.5,-1.17292474897643
1436.6,-1.2949950556784
1436.7,-2.10065907991141
1436.8,-1.19733881031682
1436.9,-2.78425279744245
1437,-2.19831532527298
1437.1,-3.24811996290994
1437.2,-3.24811996290994
1437.3,-3.17487777888875
1437.4,-2.36921375465575
1437.5,-2.41804187733654
1437.6,-2.00300283454983
1437.7,-2.02741689589023
1437.8,-1.39265130103998
1437.9,-1.09968256495524
1438,-2.17390126393259
1438.1,-1.6367919144439
1438.2,-0.757885706189705
1438.3,-2.1494872025922
1438.4,-2.22272938661338
1438.5,-1.95417471186904
1438.6,-1.85651846650746
1438.7,-1.51472160774194
1438.8,-2.1494872025922
1438.9,-2.83308092012324
1439,-1.27058099433801
1439.1,-1.34382317835918
1439.2,-2.68659655208087
1439.3,-2.54011218403851
1439.4,-1.83210440516708
1439.5,-1.80769034382668
1439.6,-0.635815399487757
1439.7,-0.8799560128917
1439.8,-2.61335436805969
1439.9,-2.41804187733654
1440,-1.36823723969958
1440.1,-0.562573215466563
1440.2,-2.1494872025922
1440.3,-1.97858877320944
1440.4,-1.63679191444392
1440.5,-0.367260724743414
1440.6,0.194262686085648
1440.7,-1.92976065052865
1440.8,-1.53913566908234
1440.9,-1.14851068763604
1441,-0.17194823402026
1441.1,-1.92976065052865
1441.2,-1.80769034382668
1441.3,-2.02741689589023
1441.4,-1.49030754640156
1441.5,-0.879956012891694
1441.6,-1.46589348506116
1441.7,-1.41706536238037
1441.8,-1.39265130103997
1441.9,-1.61237785310353
1442,-0.757885706189728
1442.1,-0.782299767530122
1442.2,-2.05183095723062
1442.3,-2.10065907991141
1442.4,-1.95417471186905
1442.5,-3.02839341084639
1442.6,-1.66120597578432
1442.7,-1.44147942372077
1442.8,-1.49030754640156
1442.9,-0.709057583508928
1443,-1.97858877320944
1443.1,-2.00300283454982
1443.2,-1.90534658918826
1443.3,-1.41706536238037
1443.4,-0.855541951551299
1443.5,-1.51472160774195
1443.6,-1.00202631959367
1443.7,-1.78327628248629
1443.8,-1.34382317835919
1443.9,-1.2949950556784
1444,-1.78327628248628
1444.1,-1.6856200371247
1444.2,-1.63679191444392
1444.3,-1.53913566908233
1444.4,-1.36823723969958
1444.5,-1.7100340984651
1444.6,-1.90534658918826
1444.7,-1.53913566908234
1444.8,-1.46589348506116
1444.9,-0.416088847424209
1445,-1.14851068763604
1445.1,-1.00202631959367
1445.2,-1.29499505567839
1445.3,-1.39265130103997
1445.4,-1.00202631959367
1445.5,-1.270580994338
1445.6,-1.97858877320944
1445.7,-1.7344481598055
1445.8,-1.17292474897643
1445.9,-2.05183095723061
1446,-0.586987276806968
1446.1,-1.39265130103998
1446.2,-1.90534658918826
1446.3,-0.611401338147363
1446.4,-0.977612258253276
1446.5,-2.5645262453789
1446.6,-2.19831532527299
1446.7,-1.61237785310353
1446.8,-1.51472160774194
1446.9,-1.68562003712471
1447,-1.51472160774195
1447.1,-1.270580994338
1447.2,-1.12409662629564
1447.3,-2.10065907991141
1447.4,-1.41706536238037
1447.5,-1.88093252784786
1447.6,-2.39362781599614
1447.7,-1.78327628248629
1447.8,-1.73444815980549
1447.9,-1.22175287165722
1448,-2.22272938661338
1448.1,-0.977612258253276
1448.2,-1.39265130103998
1448.3,-0.586987276806968
1448.4,-0.19636229536066
1448.5,-2.5645262453789
1448.6,-2.41804187733654
1448.7,-0.464916970104997
1448.8,-0.831127890210911
1448.9,-0.904370074232094
1449,-1.7344481598055
1449.1,-3.17487777888876
1449.2,-2.19831532527298
1449.3,-2.41804187733654
1449.4,-2.85749498146363
1449.5,-2.46687000001733
1449.6,-2.41804187733654
1449.7,-1.66120597578431
1449.8,-0.953198196912876
1449.9,-1.6856200371247
1450,-1.61237785310353
1450.1,-2.5645262453789
1450.2,-2.78425279744245
1450.3,-2.5645262453789
1450.4,-0.953198196912882
1450.5,-1.02644038093406
1450.6,-1.7344481598055
1450.7,-2.24714344795377
1450.8,-1.49030754640155
1450.9,-2.17390126393259
1451,-2.27155750929417
1451.1,-2.12507314125181
1451.2,-1.14851068763604
1451.3,-1.46589348506116
1451.4,-2.07624501857102
1451.5,-2.19831532527299
1451.6,-2.00300283454983
1451.7,-1.58796379176313
1451.8,-1.17292474897643
1451.9,-1.92976065052865
1452,-2.32038563197496
1452.1,-0.294018540722237
1452.2,-0.586987276806968
1452.3,-1.07526850361485
1452.4,-1.14851068763604
1452.5,-0.8799560128917
1452.6,-0.977612258253276
1452.7,-0.342846663403014
1452.8,-0.757885706189722
1452.9,-0.782299767530122
1453,-0.806713828870517
1453.1,-0.513745092785774
1453.2,-1.53913566908233
1453.3,-1.31940911701879
1453.4,-1.90534658918825
1453.5,-2.05183095723062
1453.6,-1.36823723969958
1453.7,-0.904370074232094
1453.8,-0.953198196912882
1453.9,-1.63679191444392
1454,-2.05183095723062
1454.1,-2.54011218403851
1454.2,-2.27155750929417
1454.3,-1.83210440516707
1454.4,-0.147534172679872
1454.5,-1.02644038093406
1454.6,-1.53913566908234
1454.7,-1.39265130103998
1454.8,-1.41706536238037
1454.9,-1.41706536238037
1455,-2.78425279744245
1455.1,-2.73542467476166
1455.2,-2.10065907991141
1455.3,-1.83210440516707
1455.4,-1.95417471186904
1455.5,-3.003979349506
1455.6,-2.29597157063457
1455.7,-2.85749498146363
1455.8,-1.49030754640156
1455.9,-0.269604479381843
1456,-1.24616693299761
1456.1,-2.07624501857102
1456.2,-1.19733881031682
1456.3,-1.49030754640156
1456.4,-2.00300283454983
1456.5,-2.1250731412518
1456.6,-2.34479969331535
1456.7,-2.10065907991141
1456.8,-1.36823723969958
1456.9,-1.24616693299761
1457,-1.2949950556784
1457.1,-0.782299767530117
1457.2,-1.12409662629564
1457.3,-0.757885706189728
1457.4,-1.07526850361485
1457.5,-2.12507314125181
1457.6,-2.24714344795378
1457.7,-1.95417471186905
1457.8,-1.14851068763603
1457.9,-1.19733881031682
1458,-1.07526850361485
1458.1,-1.39265130103998
1458.2,-1.22175287165721
1458.3,-2.49128406135772
1458.4,-2.1494872025922
1458.5,-1.85651846650747
1458.6,-1.2949950556784
1458.7,-0.904370074232094
1458.8,-1.51472160774194
1458.9,-1.56354973042273
1459,-1.27058099433801
1459.1,-1.19733881031682
1459.2,-1.36823723969958
1459.3,-0.586987276806968
1459.4,-2.10065907991141
1459.5,-1.7344481598055
1459.6,-1.61237785310353
1459.7,-2.22272938661338
1459.8,-1.7100340984651
1459.9,-1.27058099433801
1460,-1.51472160774195
1460.1,-2.1250731412518
1460.2,-1.24616693299761
1460.3,-1.41706536238037
1460.4,-0.928784135572488
1460.5,-1.61237785310353
1460.6,-1.83210440516708
1460.7,-1.51472160774194
1460.8,-1.56354973042273
1460.9,-0.879956012891688
1461,-1.95417471186905
1461.1,-1.34382317835919
1461.2,-1.46589348506116
1461.3,-1.92976065052865
1461.4,-1.51472160774195
1461.5,-1.88093252784786
1461.6,-1.36823723969958
1461.7,-0.635815399487757
1461.8,-0.904370074232094
1461.9,-1.14851068763603
1462,-0.953198196912882
1462.1,-1.39265130103997
1462.2,-1.90534658918826
1462.3,-0.879956012891694
1462.4,-0.904370074232094
1462.5,-0.782299767530122
1462.6,-1.14851068763604
1462.7,-0.855541951551299
1462.8,-1.34382317835919
1462.9,-1.05085444227446
1463,-1.05085444227446
1463.1,-1.7100340984651
1463.2,-1.19733881031682
1463.3,-0.0987060499990832
1463.4,-1.49030754640156
1463.5,-2.02741689589023
1463.6,-1.24616693299761
1463.7,0.267504870106831
1463.8,-0.147534172679866
1463.9,-1.90534658918825
1464,-2.32038563197496
1464.1,-1.39265130103997
1464.2,-1.63679191444392
1464.3,-2.5156981226981
1464.4,-1.75886222114589
1464.5,-1.02644038093406
1464.6,-0.489331031445391
1464.7,-1.85651846650747
1464.8,-2.24714344795378
1464.9,-1.78327628248629
1465,-1.09968256495524
1465.1,-1.95417471186905
1465.2,-1.97858877320944
1465.3,-2.34479969331534
1465.4,-1.36823723969958
1465.5,-1.3194091170188
1465.6,-1.02644038093406
1465.7,-2.17390126393258
1465.8,-1.02644038093406
1465.9,-0.879956012891694
1466,-0.855541951551299
1466.1,-0.733471644849328
1466.2,-0.635815399487751
1466.3,-1.53913566908234
1466.4,-1.97858877320944
1466.5,-1.80769034382668
1466.6,-0.34284666340302
1466.7,-1.66120597578431
1466.8,-2.02741689589022
1466.9,-1.44147942372076
1467,-1.85651846650747
1467.1,-2.27155750929417
1467.2,-1.17292474897643
1467.3,-1.7344481598055
1467.4,-2.85749498146363
1467.5,-2.19831532527299
1467.6,-0.70905758350894
1467.7,-0.709057583508934
1467.8,-1.75886222114589
1467.9,-1.66120597578431
1468,-0.879956012891694
1468.1,-1.88093252784786
1468.2,-2.17390126393259
1468.3,-2.66218249074048
1468.4,-3.19929184022915
1468.5,-2.19831532527299
1468.6,-1.92976065052865
1468.7,-1.85651846650746
1468.8,-3.39460433095231
1468.9,-2.36921375465574
1469,-2.07624501857102
1469.1,-2.39362781599614
1469.2,-1.75886222114589
1469.3,-1.39265130103998
1469.4,-0.806713828870517
1469.5,-1.51472160774195
1469.6,-2.1006590799114
1469.7,-3.32136214693111
1469.8,-2.90632310414442
1469.9,-2.5401121840385
1470,-2.5645262453789
1470.1,-3.29694808559073
1470.2,-1.88093252784786
1470.3,-2.17390126393259
1470.4,-2.22272938661338
1470.5,-1.29499505567839
1470.6,-0.684643522168545
1470.7,-1.7100340984651
1470.8,-2.5889403067193
1470.9,-2.90632310414442
1471,-1.97858877320944
1471.1,-1.78327628248628
1471.2,-2.1494872025922
1471.3,-1.41706536238037
1471.4,-2.83308092012323
1471.5,-2.1494872025922
1471.6,-2.19831532527299
1471.7,-2.34479969331535
1471.8,-3.63874494435624
1471.9,-2.32038563197496
1472,-2.36921375465574
1472.1,-3.02839341084639
1472.2,-3.90729961910059
1472.3,-3.05280747218679
1472.4,-2.00300283454982
1472.5,-1.53913566908234
1472.6,-3.4190183922927
1472.7,-3.34577620827151
1472.8,-1.92976065052865
1472.9,-2.10065907991141
1473,-2.1494872025922
1473.1,-1.83210440516708
1473.2,-2.29597157063455
1473.3,-2.36921375465575
1473.4,-2.17390126393259
1473.5,-2.61335436805969
1473.6,-3.05280747218679
1473.7,-2.71101061342127
1473.8,-1.85651846650747
1473.9,-2.75983873610206
1474,-1.17292474897643
1474.1,-2.66218249074047
1474.2,-2.00300283454983
1474.3,-2.41804187733653
1474.4,-3.10163559486758
1474.5,-2.80866685878284
1474.6,-1.97858877320944
1474.7,-2.24714344795378
1474.8,-1.7100340984651
1474.9,-2.61335436805969
1475,-2.07624501857102
1475.1,-1.51472160774195
1475.2,-1.44147942372077
1475.3,-2.5645262453789
1475.4,-1.90534658918825
1475.5,-2.44245593867693
1475.6,-2.71101061342127
1475.7,-2.22272938661338
1475.8,-2.71101061342127
1475.9,-3.07722153352717
1476,-2.24714344795378
1476.1,-2.07624501857102
1476.2,-0.953198196912882
1476.3,-2.95515122682521
1476.4,-2.9795652881656
1476.5,-2.5645262453789
1476.6,-2.5889403067193
1476.7,-2.22272938661338
1476.8,-1.46589348506116
1476.9,-1.09968256495525
1477,-0.904370074232088
1477.1,-0.782299767530122
1477.2,-2.02741689589023
1477.3,-2.36921375465575
1477.4,-1.7100340984651
1477.5,-0.831127890210905
1477.6,-1.63679191444392
1477.7,-0.928784135572488
1477.8,-1.05085444227445
1477.9,-2.73542467476166
1478,-1.85651846650747
1478.1,-0.953198196912876
1478.2,-0.709057583508923
1478.3,-0.928784135572488
1478.4,-1.09968256495524
1478.5,-0.660229460828151
1478.6,-2.66218249074048
1478.7,-3.46784651497348
1478.8,-2.80866685878285
1478.9,-1.05085444227445
1479,-1.97858877320944
1479.1,-3.24811996290994
1479.2,-3.58991682167546
1479.3,-2.9795652881656
1479.4,-1.88093252784786
1479.5,-1.12409662629564
1479.6,-1.49030754640156
1479.7,-2.85749498146363
1479.8,-1.80769034382668
1479.9,-2.39362781599614
1480,-2.32038563197496
1480.1,-2.34479969331535
1480.2,-2.85749498146363
1480.3,-2.68659655208087
1480.4,-2.75983873610206
1480.5,-2.66218249074048
1480.6,-1.17292474897643
1480.7,-2.00300283454983
1480.8,-2.10065907991141
1480.9,-1.7100340984651
1481,-1.53913566908234
1481.1,-1.22175287165722
1481.2,-2.88190904280402
1481.3,-1.80769034382668
1481.4,-1.80769034382668
1481.5,-2.5645262453789
1481.6,-1.61237785310352
1481.7,-0.831127890210911
1481.8,-1.02644038093406
1481.9,-1.7100340984651
1482,-1.83210440516708
1482.1,-2.17390126393259
1482.2,-1.88093252784786
1482.3,-2.5645262453789
1482.4,-2.88190904280403
1482.5,-2.44245593867693
1482.6,-2.80866685878285
1482.7,-3.19929184022914
1482.8,-2.27155750929417
1482.9,-3.54108869899467
1483,-2.22272938661337
1483.1,-2.63776842940009
1483.2,-3.003979349506
1483.3,-2.80866685878283
1483.4,-2.29597157063456
1483.5,-1.22175287165722
1483.6,-2.24714344795377
1483.7,-2.83308092012323
1483.8,-2.14948720259219
1483.9,-1.63679191444392
1484,-2.17390126393259
1484.1,-2.61335436805969
1484.2,-0.831127890210911
1484.3,-1.05085444227445
1484.4,-1.39265130103997
1484.5,-2.54011218403851
1484.6,-2.66218249074047
1484.7,-2.39362781599614
1484.8,-2.73542467476166
1484.9,-3.02839341084639
1485,-3.54108869899467
1485.1,-2.5401121840385
1485.2,-3.22370590156955
1485.3,-3.66315900569664
1485.4,-2.71101061342125
1485.5,-2.75983873610206
1485.6,-2.19831532527299
1485.7,-2.80866685878285
1485.8,-3.44343245363309
1485.9,-3.05280747218679
1486,-2.88190904280403
1486.1,-3.003979349506
1486.2,-2.46687000001733
1486.3,-2.27155750929417
1486.4,-1.34382317835919
1486.5,-1.39265130103997
1486.6,-2.07624501857102
1486.7,-2.27155750929417
1486.8,-2.17390126393259
1486.9,-2.41804187733653
1487,-3.32136214693111
1487.1,-2.5645262453789
1487.2,-2.90632310414442
1487.3,-3.00397934950599
1487.4,-2.95515122682521
1487.5,-3.15046371754836
1487.6,-1.68562003712471
1487.7,-1.270580994338
1487.8,-1.88093252784786
1487.9,-2.00300283454983
1488,-2.68659655208087
1488.1,-3.07722153352718
1488.2,-2.68659655208087
1488.3,-2.39362781599613
1488.4,-1.97858877320944
1488.5,-1.63679191444392
1488.6,-2.29597157063456
1488.7,-1.49030754640156
1488.8,-1.46589348506116
1488.9,-1.02644038093406
1489,-0.611401338147357
1489.1,-1.24616693299761
1489.2,-1.58796379176313
1489.3,-1.36823723969958
1489.4,-1.58796379176313
1489.5,-1.39265130103998
1489.6,-1.56354973042273
1489.7,-2.71101061342127
1489.8,-2.29597157063457
1489.9,-2.34479969331535
1490,-1.46589348506116
1490.1,-2.10065907991141
1490.2,-0.928784135572482
1490.3,-0.318432602062632
1490.4,-1.02644038093406
1490.5,-1.07526850361485
1490.6,-1.6856200371247
1490.7,-1.7100340984651
1490.8,-3.19929184022915
1490.9,-1.09968256495524
1491,-1.09968256495525
1491.1,-1.12409662629564
1491.2,-1.80769034382668
1491.3,-2.07624501857102
1491.4,-2.41804187733654
1491.5,-1.6856200371247
1491.6,-2.1494872025922
1491.7,-1.97858877320944
1491.8,-1.95417471186904
1491.9,-1.63679191444392
1492,-1.02644038093406
1492.1,-1.41706536238037
1492.2,-2.12507314125181
1492.3,-2.54011218403851
1492.4,-2.9795652881656
1492.5,-1.95417471186905
1492.6,-1.12409662629564
1492.7,-1.71003409846509
1492.8,-1.02644038093406
1492.9,-0.977612258253271
1493,-2.12507314125181
1493.1,-2.05183095723062
1493.2,-2.58894030671929
1493.3,-1.31940911701879
1493.4,-1.75886222114589
1493.5,-1.3194091170188
1493.6,-1.31940911701879
1493.7,-1.97858877320944
1493.8,-2.49128406135772
1493.9,-1.78327628248628
1494,-2.34479969331535
1494.1,-2.68659655208086
1494.2,-2.5889403067193
1494.3,-2.44245593867693
1494.4,-2.02741689589023
1494.5,-1.39265130103997
1494.6,-0.68464352216854
1494.7,-1.44147942372077
1494.8,-1.05085444227446
1494.9,-1.58796379176313
1495,-2.10065907991141
1495.1,-3.003979349506
1495.2,-2.54011218403851
1495.3,-2.41804187733654
1495.4,-2.78425279744245
1495.5,-2.83308092012324
1495.6,-2.61335436805969
1495.7,-2.93073716548482
1495.8,-3.00397934950599
1495.9,-3.12604965620797
1496,-2.32038563197496
1496.1,-1.83210440516708
1496.2,-2.54011218403851
1496.3,-2.51569812269811
1496.4,-3.34577620827151
1496.5,-1.97858877320944
1496.6,-2.54011218403851
1496.7,-3.10163559486757
1496.8,-1.63679191444392
1496.9,-2.71101061342127
1497,-2.10065907991141
1497.1,-2.29597157063457
1497.2,-1.66120597578432
1497.3,-1.6856200371247
1497.4,-1.92976065052865
1497.5,-1.09968256495525
1497.6,-2.00300283454983
1497.7,0.243090808766436
1497.8,-0.391674786083809
1497.9,-0.806713828870517
1498,-2.49128406135772
1498.1,-3.54108869899467
1498.2,-2.32038563197496
1498.3,-2.68659655208087
1498.4,-2.39362781599614
1498.5,-1.73444815980549
1498.6,-1.63679191444392
1498.7,-2.78425279744245
1498.8,-1.14851068763604
1498.9,-1.63679191444392
1499,-1.41706536238037
1499.1,-2.46687000001733
1499.2,-2.34479969331535
1499.3,-1.41706536238037
1499.4,-1.56354973042273
1499.5,-1.75886222114589
1499.6,-1.75886222114589
1499.7,-1.22175287165722
1499.8,-2.51569812269811
1499.9,-3.46784651497349
1500,-2.5889403067193
1500.1,-3.02839341084639
1500.2,-2.39362781599614
1500.3,-3.4190183922927
1500.4,-3.19929184022915
1500.5,-2.68659655208087
1500.6,-2.27155750929416
1500.7,-1.05085444227446
1500.8,-1.09968256495524
1500.9,-1.2949950556784
1501,-2.51569812269811
1501.1,-1.63679191444391
1501.2,-1.61237785310352
1501.3,-2.27155750929417
1501.4,-3.15046371754835
1501.5,-2.44245593867693
1501.6,-2.27155750929417
1501.7,-2.00300283454983
1501.8,-2.41804187733654
1501.9,-2.05183095723062
1502,-1.6856200371247
1502.1,-1.58796379176313
1502.2,-1.56354973042274
1502.3,-1.95417471186904
1502.4,-1.63679191444392
1502.5,-0.977612258253271
1502.6,-2.05183095723062
1502.7,-2.90632310414442
1502.8,-1.6856200371247
1502.9,-0.367260724743414
1503,-0.245190418041449
1503.1,-0.806713828870517
1503.2,-1.49030754640155
1503.3,-1.83210440516708
1503.4,-2.61335436805969
1503.5,-2.83308092012324
1503.6,-2.5645262453789
1503.7,-3.71198712837743
1503.8,-2.39362781599614
1503.9,-1.19733881031682
1504,-1.12409662629564
1504.1,-2.22272938661338
1504.2,-3.19929184022915
1504.3,-2.66218249074048
1504.4,-2.27155750929417
1504.5,-1.27058099433801
1504.6,-0.757885706189722
1504.7,-1.2949950556784
1504.8,-1.22175287165722
1504.9,-2.71101061342127
1505,-2.00300283454983
1505.1,-1.34382317835919
1505.2,-0.904370074232088
1505.3,-2.29597157063456
1505.4,-2.41804187733654
1505.5,-2.10065907991141
1505.6,-0.53815915412618
1505.7,-1.34382317835918
1505.8,-1.49030754640156
1505.9,-1.07526850361485
1506,-1.83210440516708
1506.1,-1.00202631959366
1506.2,-1.00202631959366
1506.3,-1.7100340984651
1506.4,-0.953198196912876
1506.5,-1.56354973042273
1506.6,-2.29597157063457
1506.7,-3.02839341084639
1506.8,-1.80769034382668
1506.9,-1.07526850361484
1507,-0.733471644849334
1507.1,-1.75886222114589
1507.2,-1.92976065052865
1507.3,-0.855541951551299
1507.4,-0.34284666340302
1507.5,-1.05085444227445
1507.6,-2.29597157063456
1507.7,-2.29597157063456
1507.8,-2.46687000001733
1507.9,-2.22272938661338
1508,-2.27155750929417
1508.1,-0.855541951551299
1508.2,-0.220776356701049
1508.3,-1.41706536238037
1508.4,-1.90534658918825
1508.5,-2.02741689589023
1508.6,-2.34479969331535
1508.7,-2.63776842940009
1508.8,-3.46784651497348
1508.9,-3.8584714964198
1509,-1.97858877320944
1509.1,-1.78327628248629
1509.2,-1.49030754640154
1509.3,-1.41706536238037
1509.4,-1.51472160774195
1509.5,-2.1494872025922
1509.6,-2.51569812269811
1509.7,-2.78425279744245
1509.8,-1.90534658918826
1509.9,-1.61237785310353
1510,-1.05085444227445
1510.1,-1.56354973042273
1510.2,-1.7100340984651
1510.3,-2.07624501857102
1510.4,-2.29597157063457
1510.5,-2.1494872025922
1510.6,-1.68562003712471
1510.7,-1.95417471186905
1510.8,-2.22272938661338
1510.9,-1.24616693299761
1511,-1.07526850361485
1511.1,-2.39362781599614
1511.2,-2.90632310414442
1511.3,-2.83308092012324
1511.4,-2.5401121840385
1511.5,-2.46687000001733
1511.6,-2.29597157063457
1511.7,-2.02741689589023
1511.8,-1.7100340984651
1511.9,-0.806713828870511
1512,-0.806713828870517
1512.1,-1.46589348506116
1512.2,-3.29694808559073
1512.3,-1.92976065052865
1512.4,-2.41804187733654
1512.5,-2.27155750929417
1512.6,-3.07722153352718
1512.7,-2.07624501857101
1512.8,-0.757885706189722
1512.9,0.340747054128013
1513,-1.6856200371247
1513.1,-1.34382317835918
1513.2,-1.85651846650747
1513.3,-1.02644038093406
1513.4,-0.977612258253271
1513.5,-1.78327628248628
1513.6,-2.05183095723062
1513.7,-1.83210440516708
1513.8,-2.51569812269811
1513.9,-2.83308092012323
1514,-2.10065907991141
1514.1,-1.51472160774195
1514.2,-1.44147942372077
1514.3,-2.24714344795377
1514.4,-2.75983873610206
1514.5,-2.14948720259219
1514.6,-1.2949950556784
1514.7,-0.782299767530122
1514.8,-1.7344481598055
1514.9,-1.80769034382668
1515,-0.904370074232088
1515.1,-2.1494872025922
1515.2,-0.953198196912876
1515.3,0.169848624745254
1515.4,-1.07526850361485
1515.5,-1.49030754640156
1515.6,-1.46589348506116
1515.7,-0.342846663403026
1515.8,-1.83210440516707
1515.9,-2.32038563197495
1516,-1.46589348506116
1516.1,-0.831127890210911
1516.2,-1.27058099433801
1516.3,-1.49030754640156
1516.4,-1.39265130103997
1516.5,-1.00202631959367
1516.6,-1.41706536238037
1516.7,-1.92976065052865
1516.8,-2.29597157063457
1516.9,-2.29597157063457
1517,-2.51569812269811
1517.1,-1.56354973042274
1517.2,-1.12409662629563
1517.3,-0.977612258253271
1517.4,-1.83210440516708
1517.5,-2.73542467476166
1517.6,-2.54011218403851
1517.7,-2.22272938661338
1517.8,-1.75886222114589
1517.9,-1.36823723969958
1518,-2.46687000001732
1518.1,-2.75983873610205
1518.2,-1.66120597578432
1518.3,-1.78327628248628
1518.4,-2.5889403067193
1518.5,-1.53913566908234
1518.6,0.121020502064465
1518.7,-1.78327628248629
1518.8,-2.05183095723062
1518.9,-2.29597157063457
1519,-2.44245593867693
1519.1,-1.56354973042273
1519.2,-2.29597157063457
1519.3,-1.7344481598055
1519.4,-2.00300283454983
1519.5,-1.34382317835919
1519.6,-2.32038563197496
1519.7,-2.93073716548482
1519.8,-2.49128406135771
1519.9,-2.41804187733654
1520,-2.68659655208087
1520.1,-1.92976065052864
1520.2,-1.2949950556784
1520.3,-1.27058099433801
1520.4,-0.684643522168545
1520.5,-1.49030754640156
1520.6,-2.51569812269811
1520.7,-2.22272938661338
1520.8,-0.928784135572488
1520.9,-0.782299767530122
1521,-1.49030754640156
1521.1,-1.24616693299761
1521.2,-1.17292474897643
1521.3,-1.14851068763604
1521.4,-1.88093252784786
1521.5,-1.83210440516708
1521.6,-2.32038563197495
1521.7,-2.34479969331535
1521.8,-2.24714344795378
1521.9,-1.80769034382668
1522,-2.07624501857102
1522.1,-2.73542467476166
1522.2,-2.1494872025922
1522.3,-1.56354973042274
1522.4,-2.36921375465575
1522.5,-2.07624501857102
1522.6,-1.63679191444392
1522.7,-1.7100340984651
1522.8,-2.39362781599614
1522.9,-1.07526850361485
1523,-2.29597157063455
1523.1,-1.14851068763604
1523.2,-0.709057583508928
1523.3,-0.855541951551299
1523.4,-1.09968256495524
1523.5,-1.41706536238037
1523.6,-0.0987060499990832
1523.7,-1.39265130103998
1523.8,-1.2949950556784
1523.9,-1.07526850361484
1524,-0.342846663403026
1524.1,-0.562573215466568
1524.2,-0.489331031445391
1524.3,-0.879956012891694
1524.4,-0.831127890210911
1524.5,-1.02644038093406
1524.6,-0.269604479381843
1524.7,-1.63679191444392
1524.8,-2.5889403067193
1524.9,-2.24714344795378
1525,-2.10065907991141
1525.1,-1.78327628248629
1525.2,-1.7344481598055
1525.3,-0.123120111339477
1525.4,-1.51472160774195
1525.5,-0.928784135572488
1525.6,-0.489331031445391
1525.7,-0.977612258253276
1525.8,-1.75886222114589
1525.9,-1.19733881031682
1526,-2.00300283454983
1526.1,-1.12409662629564
1526.2,-1.02644038093406
1526.3,-0.68464352216854
1526.4,-1.75886222114589
1526.5,-2.5401121840385
1526.6,-2.1494872025922
1526.7,-2.61335436805969
1526.8,-1.83210440516708
1526.9,-1.36823723969958
1527,-2.10065907991141
1527.1,-2.36921375465574
1527.2,-2.29597157063456
1527.3,-2.1250731412518
1527.4,-2.22272938661338
1527.5,-2.5645262453789
1527.6,-2.73542467476166
1527.7,-2.19831532527299
1527.8,-2.1494872025922
1527.9,-3.02839341084639
1528,-3.51667463765428
1528.1,-2.54011218403851
1528.2,-1.80769034382668
1528.3,-3.07722153352718
1528.4,-3.39460433095231
1528.5,-2.83308092012323
1528.6,-1.19733881031682
1528.7,-0.53815915412618
1528.8,-1.36823723969958
1528.9,-1.49030754640156
1529,-1.39265130103997
1529.1,-1.17292474897643
1529.2,-1.17292474897643
1529.3,0.389575176808802
1529.4,-0.196362295360655
1529.5,0.487231422170385
1529.6,-0.489331031445391
1529.7,-1.90534658918826
1529.8,-1.53913566908234
1529.9,-0.294018540722232
1530,-1.2949950556784
1530.1,-1.17292474897642
1530.2,-1.24616693299761
1530.3,-0.391674786083814
1530.4,-0.416088847424209
1530.5,-2.29597157063457
1530.6,-1.44147942372077
1530.7,-1.19733881031682
1530.8,-0.660229460828151
1530.9,-0.977612258253276
1531,-1.56354973042273
1531.1,-1.14851068763604
1531.2,-1.00202631959367
1531.3,-1.49030754640156
1531.4,-1.41706536238037
1531.5,-0.904370074232088
1531.6,-0.538159154126174
1531.7,-1.24616693299761
1531.8,-1.49030754640156
1531.9,-1.39265130103997
1532,-1.07526850361485
1532.1,-1.34382317835918
1532.2,-1.17292474897643
1532.3,-0.562573215466563
1532.4,-1.22175287165722
1532.5,-0.709057583508934
1532.6,-0.294018540722232
1532.7,-2.10065907991141
1532.8,-2.27155750929417
1532.9,-0.977612258253276
1533,-1.17292474897643
1533.1,-1.44147942372077
1533.2,-0.51374509278578
1533.3,-1.24616693299761
1533.4,-1.39265130103998
1533.5,-1.05085444227445
1533.6,-0.977612258253276
1533.7,-0.904370074232094
1533.8,-0.831127890210911
1533.9,-0.0742919886586833
1534,-0.660229460828151
1534.1,-0.68464352216854
1534.2,-0.831127890210911
1534.3,-1.90534658918826
1534.4,-2.5889403067193
1534.5,-0.782299767530122
1534.6,-0.391674786083809
1534.7,-1.36823723969958
1534.8,-1.85651846650747
1534.9,-2.49128406135772
1535,-2.24714344795377
1535.1,-2.07624501857102
1535.2,-2.63776842940009
1535.3,-0.953198196912882
1535.4,-0.53815915412618
1535.5,-1.31940911701879
1535.6,-1.7344481598055
1535.7,-0.586987276806968
1535.8,-0.757885706189711
1535.9,-0.904370074232094
1536,-1.78327628248629
1536.1,-1.66120597578431
1536.2,-0.782299767530122
1536.3,-0.34284666340302
1536.4,-0.245190418041449
1536.5,-1.63679191444392
1536.6,-1.88093252784786
1536.7,-0.611401338147357
1536.8,-0.928784135572488
1536.9,-0.904370074232094
1537,-1.24616693299761
1537.1,-0.928784135572488
1537.2,-1.66120597578432
1537.3,-0.53815915412618
1537.4,0.511645483510779
1537.5,-0.928784135572482
1537.6,0.291918931447225
1537.7,-0.342846663403026
1537.8,-1.05085444227446
1537.9,0.487231422170379
1538,-0.0987060499990832
1538.1,-1.17292474897643
1538.2,-1.2949950556784
1538.3,-1.07526850361485
1538.4,-0.855541951551305
1538.5,-0.416088847424209
1538.6,-1.58796379176313
1538.7,-1.6856200371247
1538.8,-0.68464352216854
1538.9,-1.19733881031682
1539,-0.977612258253271
1539.1,-1.09968256495524
1539.2,-0.709057583508934
1539.3,-0.0254638659779005
1539.4,0.267504870106836
1539.5,-0.928784135572488
1539.6,-0.586987276806963
1539.7,0.29191893144723
1539.8,-0.733471644849328
1539.9,-1.24616693299761
1540,-1.31940911701879
1540.1,-0.611401338147363
1540.2,-2.36921375465574
1540.3,-1.41706536238037
1540.4,-0.196362295360655
1540.5,-1.24616693299761
1540.6,-1.24616693299761
1540.7,-1.07526850361485
1540.8,-1.02644038093406
1540.9,-0.733471644849328
1541,-0.318432602062632
1541.1,-1.19733881031682
1541.2,-0.928784135572471
1541.3,-1.34382317835918
1541.4,-2.61335436805969
1541.5,-1.46589348506116
1541.6,-1.2461669329976
1541.7,-2.02741689589023
1541.8,-2.85749498146363
1541.9,-2.19831532527299
1542,-0.342846663403026
1542.1,-1.22175287165722
1542.2,0.829028280935904
1542.3,0.755786096914721
1542.4,0.438403299489596
1542.5,-0.513745092785786
1542.6,-0.147534172679872
1542.7,-0.953198196912871
1542.8,-0.464916970104991
1542.9,-0.733471644849334
1543,-0.538159154126174
1543.1,-0.31843260206262
1543.2,-0.70905758350894
1543.3,-0.855541951551299
1543.4,-1.39265130103998
1543.5,0.0721923793836822
1543.6,-0.489331031445391
1543.7,-0.831127890210905
1543.8,-1.09968256495525
1543.9,0.169848624745259
1544,0.047778318043288
1544.1,-0.904370074232094
1544.2,-0.806713828870517
1544.3,-0.416088847424203
1544.4,0.658129851553139
1544.5,0.023364256702888
1544.6,0.365161115468408
1544.7,-0.171948234020266
1544.8,0.43840329948959
1544.9,0.291918931447225
1545,-0.269604479381837
1545.1,-0.464916970104991
1545.2,-1.71003409846509
1545.3,-0.123120111339477
1545.4,0.0721923793836822
1545.5,-1.02644038093406
1545.6,-1.2949950556784
1545.7,-1.80769034382667
1545.8,-1.53913566908234
1545.9,-1.39265130103997
1546,-2.27155750929417
1546.1,-0.586987276806968
1546.2,0.145434563404865
1546.3,-1.00202631959366
1546.4,-1.85651846650746
1546.5,-1.02644038093406
1546.6,-0.440502908764597
1546.7,-2.1494872025922
1546.8,-1.36823723969958
1546.9,-0.538159154126174
1547,-1.05085444227446
1547.1,-0.68464352216854
1547.2,-1.66120597578432
1547.3,-1.51472160774195
1547.4,-0.269604479381843
1547.5,-0.171948234020255
1547.6,0.194262686085654
1547.7,-0.464916970104997
1547.8,-1.09968256495525
1547.9,-0.440502908764597
1548,-1.39265130103998
1548.1,-1.92976065052865
1548.2,-0.367260724743414
1548.3,-0.733471644849334
1548.4,-0.733471644849328
1548.5,-0.245190418041437
1548.6,-1.41706536238037
1548.7,-1.78327628248629
1548.8,-0.367260724743414
1548.9,0.194262686085648
1549,-1.02644038093406
1549.1,-0.709057583508934
1549.2,0.877856403616687
1549.3,-0.00104980463750053
1549.4,-1.90534658918826
1549.5,-1.44147942372077
1549.6,-0.855541951551305
1549.7,-1.49030754640155
1549.8,-1.3194091170188
1549.9,-0.269604479381837
1550,-0.8311278902109
1550.1,-1.46589348506116
1550.2,-1.58796379176313
1550.3,-1.44147942372077
1550.4,-1.17292474897643
1550.5,-0.855541951551294
1550.6,-1.46589348506116
1550.7,-0.928784135572488
1550.8,-0.733471644849334
1550.9,-1.46589348506116
1551,-0.757885706189728
1551.1,-0.586987276806963
1551.2,0.413989238149196
1551.3,0.316332992787619
1551.4,-0.318432602062632
1551.5,-1.58796379176313
1551.6,-1.97858877320944
1551.7,-1.2461669329976
1551.8,-1.12409662629564
1551.9,-0.19636229536066
1552,-0.806713828870511
1552.1,-1.51472160774195
1552.2,-1.7100340984651
1552.3,-2.83308092012323
1552.4,-2.05183095723062
1552.5,-2.5645262453789
1552.6,-2.32038563197495
1552.7,-1.39265130103997
1552.8,-1.07526850361485
1552.9,-2.24714344795378
1553,-1.75886222114589
1553.1,-2.5645262453789
1553.2,-0.904370074232094
1553.3,-0.586987276806963
1553.4,-0.928784135572488
1553.5,-1.83210440516708
1553.6,-2.00300283454983
1553.7,-1.97858877320944
1553.8,-2.73542467476166
1553.9,-1.68562003712471
1554,-1.05085444227445
1554.1,-0.220776356701054
1554.2,-1.90534658918826
1554.3,-2.49128406135771
1554.4,-1.24616693299761
1554.5,-1.61237785310353
1554.6,-2.56452624537889
1554.7,-2.66218249074048
1554.8,-2.02741689589022
1554.9,-2.19831532527299
1555,-0.733471644849334
1555.1,-1.14851068763603
1555.2,-2.56452624537889
1555.3,-2.44245593867693
1555.4,-1.75886222114588
1555.5,-0.391674786083809
1555.6,-1.07526850361485
1555.7,-1.7344481598055
1555.8,-1.63679191444392
1555.9,-1.3194091170188
1556,-1.2949950556784
1556.1,-2.17390126393259
1556.2,-1.80769034382668
1556.3,-0.0987060499990832
1556.4,-1.51472160774195
1556.5,-2.27155750929417
1556.6,-1.12409662629564
1556.7,-0.928784135572482
1556.8,-1.12409662629564
1556.9,-0.147534172679872
1557,-1.39265130103997
1557.1,-1.51472160774194
1557.2,-1.41706536238037
1557.3,-2.02741689589023
1557.4,-1.00202631959366
1557.5,-1.39265130103998
1557.6,-1.07526850361485
1557.7,-0.416088847424209
1557.8,-2.22272938661338
1557.9,-2.02741689589023
1558,-0.562573215466568
1558.1,-0.220776356701054
1558.2,-1.78327628248627
1558.3,-1.02644038093406
1558.4,-0.513745092785786
1558.5,-0.00104980463750621
1558.6,-1.09968256495525
1558.7,-1.270580994338
1558.8,-0.489331031445386
1558.9,-0.391674786083809
1559,-1.07526850361485
1559.1,-1.09968256495524
1559.2,-0.147534172679872
1559.3,0.243090808766436
1559.4,-0.611401338147363
1559.5,-0.660229460828145
1559.6,-0.977612258253276
1559.7,-0.196362295360649
1559.8,-0.489331031445391
1559.9,-0.757885706189728
1560,-1.09968256495524
1560.1,-0.562573215466574
1560.2,-0.123120111339477
1560.3,-0.513745092785786
1560.4,-0.53815915412618
1560.5,-1.58796379176313
1560.6,-2.19831532527299
1560.7,-2.49128406135772
1560.8,-2.1494872025922
1560.9,-0.416088847424209
1561,-1.56354973042274
1561.1,-1.36823723969958
1561.2,-2.51569812269811
1561.3,-1.63679191444392
1561.4,-0.440502908764603
1561.5,-1.63679191444392
1561.6,-2.29597157063456
1561.7,-1.61237785310353
1561.8,-1.39265130103998
1561.9,-1.58796379176313
1562,-1.34382317835918
1562.1,-1.44147942372077
1562.2,-1.63679191444392
1562.3,-1.85651846650746
1562.4,-1.00202631959367
1562.5,0.365161115468408
1562.6,-0.879956012891688
1562.7,-1.56354973042273
1562.8,-0.635815399487757
1562.9,-1.46589348506116
1563,-2.1250731412518
1563.1,-1.24616693299761
1563.2,-1.31940911701879
1563.3,-1.80769034382668
1563.4,-1.02644038093406
1563.5,-1.41706536238037
1563.6,-2.00300283454983
1563.7,-1.31940911701879
1563.8,-1.31940911701879
1563.9,-2.02741689589023
1564,-2.19831532527299
1564.1,-2.73542467476166
1564.2,-1.88093252784786
1564.3,-2.24714344795378
1564.4,-2.29597157063457
1564.5,-3.12604965620796
1564.6,-2.07624501857101
1564.7,-1.90534658918826
1564.8,-2.00300283454983
1564.9,-0.806713828870511
1565,-1.09968256495525
1565.1,-0.196362295360655
1565.2,-0.440502908764603
1565.3,-0.782299767530122
1565.4,-0.660229460828151
1565.5,-1.27058099433801
1565.6,-1.49030754640155
1565.7,-1.00202631959367
1565.8,-2.54011218403851
1565.9,-2.41804187733654
1566,-1.71003409846509
1566.1,-2.1494872025922
1566.2,-1.88093252784786
1566.3,-1.95417471186904
1566.4,-1.58796379176313
1566.5,-2.19831532527299
1566.6,-1.56354973042273
1566.7,-1.07526850361485
1566.8,-2.02741689589022
1566.9,-1.66120597578432
1567,-1.44147942372077
1567.1,-2.17390126393259
1567.2,-2.12507314125181
1567.3,-1.90534658918825
1567.4,-2.5645262453789
1567.5,-2.32038563197496
1567.6,-2.54011218403851
1567.7,-2.78425279744245
1567.8,-1.68562003712471
1567.9,-2.78425279744245
1568,-2.05183095723062
1568.1,-1.90534658918825
1568.2,-1.17292474897642
1568.3,-1.53913566908234
1568.4,-2.27155750929417
1568.5,-1.7100340984651
1568.6,-1.34382317835919
1568.7,-1.66120597578431
1568.8,-2.54011218403851
1568.9,-1.34382317835919
1569,-1.49030754640156
1569.1,-0.464916970104997
1569.2,-2.12507314125181
1569.3,-2.29597157063456
1569.4,-2.85749498146363
1569.5,-3.12604965620797
1569.6,-1.34382317835919
1569.7,-1.95417471186905
1569.8,-2.41804187733653
1569.9,-1.53913566908234
1570,-2.66218249074048
1570.1,-2.1494872025922
1570.2,-1.02644038093406
1570.3,-1.80769034382668
1570.4,-2.12507314125181
1570.5,-2.10065907991141
1570.6,-2.12507314125181
1570.7,-1.270580994338
1570.8,-2.27155750929417
1570.9,-2.5645262453789
1571,-2.63776842940007
1571.1,-1.66120597578432
1571.2,-1.56354973042273
1571.3,-1.09968256495525
1571.4,-2.10065907991141
1571.5,-2.71101061342127
1571.6,-1.80769034382668
1571.7,-2.61335436805969
1571.8,-1.34382317835919
1571.9,-0.904370074232088
1572,-1.44147942372077
1572.1,-2.00300283454983
1572.2,-1.90534658918826
1572.3,-1.83210440516708
1572.4,-2.22272938661338
1572.5,-2.71101061342126
1572.6,-1.2949950556784
1572.7,-0.635815399487751
1572.8,-1.12409662629564
1572.9,-1.44147942372077
1573,-2.27155750929417
1573.1,-2.05183095723062
1573.2,-2.22272938661338
1573.3,-0.635815399487751
1573.4,-1.17292474897643
1573.5,-2.39362781599614
1573.6,-2.02741689589023
1573.7,-1.24616693299761
1573.8,-0.318432602062626
1573.9,-1.12409662629564
1574,-1.27058099433801
1574.1,-0.782299767530117
1574.2,-0.928784135572488
1574.3,-0.977612258253271
1574.4,-2.49128406135772
1574.5,-2.41804187733653
1574.6,-1.78327628248629
1574.7,-1.05085444227446
1574.8,-1.2949950556784
1574.9,-2.24714344795377
1575,-2.10065907991141
1575.1,-1.61237785310353
1575.2,-2.27155750929417
1575.3,-2.66218249074048
1575.4,-2.1494872025922
1575.5,-2.05183095723062
1575.6,-1.83210440516708
1575.7,-1.58796379176313
1575.8,-1.22175287165722
1575.9,-0.757885706189722
1576,-0.928784135572488
1576.1,-1.22175287165722
1576.2,-2.32038563197495
1576.3,-2.1494872025922
1576.4,-1.63679191444392
1576.5,-1.44147942372077
1576.6,-2.14948720259219
1576.7,-2.41804187733654
1576.8,-2.22272938661338
1576.9,-0.733471644849334
1577,-0.757885706189728
1577.1,-1.78327628248629
1577.2,-2.34479969331535
1577.3,-3.24811996290994
1577.4,-2.46687000001731
1577.5,-2.10065907991141
1577.6,-2.80866685878284
1577.7,-2.90632310414442
1577.8,-1.95417471186904
1577.9,-1.36823723969958
1578,-2.22272938661338
1578.1,-2.41804187733654
1578.2,-2.63776842940009
1578.3,-3.05280747218678
1578.4,-2.5889403067193
1578.5,-1.90534658918826
1578.6,-1.51472160774195
1578.7,-1.53913566908234
1578.8,-2.1494872025922
1578.9,-2.68659655208087
1579,-2.85749498146363
1579.1,-2.95515122682521
1579.2,-3.4190183922927
1579.3,-2.73542467476166
1579.4,-2.34479969331535
1579.5,-2.14948720259219
1579.6,-0.855541951551305
1579.7,-1.22175287165722
1579.8,-2.49128406135772
1579.9,-1.85651846650747
1580,-1.2949950556784
1580.1,-2.39362781599614
1580.2,-2.34479969331535
1580.3,-1.44147942372076
1580.4,-2.1494872025922
1580.5,-2.75983873610206
1580.6,-2.9795652881656
1580.7,-1.97858877320944
1580.8,-1.46589348506116
1580.9,-1.22175287165722
1581,-2.19831532527299
1581.1,-1.85651846650747
1581.2,-1.53913566908234
1581.3,-1.07526850361485
1581.4,-1.41706536238037
1581.5,-1.83210440516708
1581.6,-2.12507314125181
1581.7,-1.34382317835918
1581.8,-1.75886222114589
1581.9,-1.78327628248628
1582,-1.97858877320944
1582.1,-0.831127890210911
1582.2,-1.90534658918825
1582.3,-1.46589348506116
1582.4,-0.684643522168545
1582.5,-1.92976065052865
1582.6,-1.75886222114589
1582.7,-1.22175287165722
1582.8,-1.78327628248629
1582.9,-2.34479969331535
1583,-1.80769034382667
1583.1,-1.68562003712471
1583.2,-1.7100340984651
1583.3,-2.05183095723062
1583.4,-2.00300283454983
1583.5,-1.58796379176313
1583.6,-1.41706536238037
1583.7,-0.782299767530122
1583.8,-2.41804187733654
1583.9,-1.41706536238037
1584,-1.3194091170188
1584.1,-0.19636229536066
1584.2,-1.53913566908234
1584.3,-4.12702617116413
1584.4,-3.05280747218678
1584.5,-2.07624501857101
1584.6,-2.49128406135771
1584.7,-2.17390126393259
1584.8,-2.05183095723062
1584.9,-2.9795652881656
1585,-3.51667463765428
1585.1,-2.46687000001732
1585.2,-2.1494872025922
1585.3,-1.90534658918825
1585.4,-2.05183095723062
1585.5,-2.14948720259219
1585.6,-2.75983873610206
1585.7,-3.00397934950599
1585.8,-2.51569812269811
1585.9,-1.95417471186904
1586,-1.90534658918824
1586.1,-2.44245593867693
1586.2,-2.44245593867693
1586.3,-2.05183095723062
1586.4,-2.05183095723062
1586.5,-2.22272938661338
1586.6,-1.00202631959367
1586.7,-0.831127890210905
1586.8,-2.75983873610206
1586.9,-2.75983873610205
1587,-2.44245593867693
1587.1,-2.19831532527299
1587.2,-1.22175287165722
1587.3,-0.51374509278578
1587.4,-1.95417471186905
1587.5,-2.22272938661338
1587.6,-1.95417471186905
1587.7,-2.46687000001733
1587.8,-2.9795652881656
1587.9,-1.3194091170188
1588,-0.855541951551299
1588.1,-1.07526850361485
1588.2,-0.684643522168545
1588.3,-1.7100340984651
1588.4,-1.46589348506116
1588.5,-0.904370074232094
1588.6,-1.51472160774195
1588.7,-1.39265130103997
1588.8,-1.2949950556784
1588.9,-2.66218249074048
1589,-1.53913566908234
1589.1,0.121020502064465
1589.2,-0.538159154126174
1589.3,-1.61237785310352
1589.4,-1.27058099433801
1589.5,-3.10163559486758
1589.6,-2.41804187733653
1589.7,-2.00300283454983
1589.8,-1.34382317835919
1589.9,-0.733471644849334
1590,-1.97858877320944
1590.1,-1.12409662629564
1590.2,-1.61237785310353
1590.3,-0.928784135572488
1590.4,-1.05085444227445
1590.5,-0.855541951551305
1590.6,-0.391674786083814
1590.7,-0.147534172679866
1590.8,-0.562573215466568
1590.9,-1.00202631959367
1591,-1.07526850361485
1591.1,-0.8799560128917
1591.2,0.755786096914716
1591.3,-0.245190418041449
1591.4,-1.3194091170188
1591.5,-0.123120111339472
1591.6,-1.14851068763602
1591.7,-1.66120597578432
1591.8,-0.806713828870517
1591.9,-2.00300283454983
1592,-1.07526850361485
1592.1,-1.56354973042273
1592.2,-0.635815399487751
1592.3,-0.806713828870517
1592.4,-1.14851068763603
1592.5,-1.44147942372077
1592.6,-0.123120111339477
1592.7,-0.806713828870511
1592.8,-1.58796379176313
1592.9,-1.39265130103998
1593,-0.611401338147363
1593.1,0.169848624745254
1593.2,-1.3194091170188
1593.3,-2.78425279744245
1593.4,-2.41804187733654
1593.5,-2.05183095723062
1593.6,-2.73542467476166
1593.7,-1.75886222114589
1593.8,-0.440502908764603
1593.9,-2.05183095723062
1594,-1.3194091170188
1594.1,-1.00202631959367
1594.2,-1.88093252784786
1594.3,-0.416088847424209
1594.4,-1.02644038093406
1594.5,-1.27058099433801
1594.6,-1.56354973042274
1594.7,-1.66120597578432
1594.8,-1.07526850361485
1594.9,-0.953198196912876
1595,-0.391674786083814
1595.1,-0.0987060499990832
1595.2,-1.49030754640156
1595.3,-1.85651846650746
1595.4,-1.07526850361485
1595.5,-2.22272938661338
1595.6,-2.80866685878284
1595.7,-2.34479969331535
1595.8,-2.1494872025922
1595.9,-0.489331031445374
1596,-0.904370074232094
1596.1,-0.513745092785786
1596.2,-1.24616693299761
1596.3,-1.68562003712471
1596.4,-1.78327628248629
1596.5,-0.635815399487751
1596.6,-0.635815399487751
1596.7,-0.440502908764603
1596.8,-1.3194091170188
1596.9,-0.635815399487751
1597,-1.17292474897643
1597.1,-1.41706536238037
1597.2,-0.806713828870511
1597.3,-0.977612258253271
1597.4,-1.22175287165721
1597.5,-2.63776842940009
1597.6,-1.78327628248629
1597.7,-1.3194091170188
1597.8,-1.12409662629564
1597.9,-0.245190418041449
1598,-2.5645262453789
1598.1,-2.85749498146363
1598.2,-1.68562003712471
1598.3,-1.36823723969958
1598.4,-2.02741689589022
1598.5,-2.39362781599614
1598.6,-1.6856200371247
1598.7,-0.171948234020266
1598.8,-0.562573215466574
1598.9,-2.07624501857102
1599,-1.14851068763604
1599.1,-0.51374509278578
1599.2,-1.02644038093406
1599.3,-1.41706536238037
1599.4,-1.22175287165722
1599.5,-1.36823723969958
1599.6,-2.27155750929417
1599.7,-3.10163559486757
1599.8,-2.17390126393259
1599.9,-2.5645262453789
1600,-0.977612258253271
1600.1,-1.14851068763603
1600.2,-1.07526850361485
1600.3,-0.513745092785786
1600.4,-0.635815399487757
1600.5,-1.36823723969958
1600.6,-1.66120597578432
1600.7,-1.78327628248628
1600.8,-2.19831532527298
1600.9,-2.5889403067193
1601,-2.02741689589023
1601.1,-1.97858877320944
1601.2,-1.17292474897643
1601.3,-1.63679191444392
1601.4,-2.34479969331535
1601.5,-2.75983873610206
1601.6,-2.51569812269811
1601.7,-2.41804187733654
1601.8,-3.56550276033506
1601.9,-2.39362781599613
1602,-1.7344481598055
1602.1,-1.6856200371247
1602.2,-1.56354973042274
1602.3,-1.78327628248629
1602.4,-2.32038563197496
1602.5,-0.928784135572488
1602.6,-0.635815399487745
1602.7,-0.635815399487757
1602.8,-1.29499505567839
1602.9,-0.953198196912871
1603,-1.63679191444392
1603.1,-1.56354973042274
1603.2,-1.78327628248628
1603.3,-1.12409662629563
1603.4,-1.09968256495525
1603.5,-0.806713828870511
1603.6,-1.95417471186905
1603.7,-1.51472160774195
1603.8,-2.36921375465575
1603.9,-1.24616693299761
1604,-1.83210440516708
1604.1,-1.90534658918826
1604.2,-3.07722153352718
1604.3,-2.19831532527299
1604.4,-0.53815915412618
1604.5,0.46281736082999
1604.6,-0.294018540722237
1604.7,-1.63679191444392
1604.8,-1.61237785310353
1604.9,-2.1494872025922
1605,-2.34479969331535
1605.1,-1.39265130103998
1605.2,-1.78327628248628
1605.3,-2.1494872025922
1605.4,-2.80866685878285
1605.5,-0.562573215466574
1605.6,-0.416088847424209
1605.7,-1.44147942372077
1605.8,-1.39265130103997
1605.9,-1.44147942372077
1606,-1.46589348506116
1606.1,-1.7344481598055
1606.2,-1.95417471186904
1606.3,-2.1494872025922
1606.4,-1.63679191444392
1606.5,-0.70905758350894
1606.6,-0.831127890210905
1606.7,-1.00202631959367
1606.8,-0.53815915412618
1606.9,-1.75886222114589
1607,-0.928784135572488
1607.1,-1.92976065052865
1607.2,-1.02644038093406
1607.3,-1.56354973042274
1607.4,-1.51472160774195
1607.5,-2.24714344795378
1607.6,-2.32038563197496
1607.7,-1.68562003712471
1607.8,-1.05085444227446
1607.9,-2.36921375465575
1608,-1.95417471186904
1608.1,-1.24616693299761
1608.2,-2.36921375465575
1608.3,-2.22272938661338
1608.4,-2.1494872025922
1608.5,-1.83210440516708
1608.6,-2.05183095723062
1608.7,-1.75886222114589
1608.8,-1.56354973042274
1608.9,-1.97858877320944
1609,-1.56354973042273
1609.1,-0.8799560128917
1609.2,-1.44147942372077
1609.3,-1.78327628248628
1609.4,-2.19831532527299
1609.5,-0.68464352216854
1609.6,-1.07526850361485
1609.7,-2.39362781599614
1609.8,-1.80769034382668
1609.9,-1.49030754640156
1610,-2.27155750929417
1610.1,-2.44245593867693
1610.2,-1.00202631959367
1610.3,-0.855541951551299
1610.4,-1.61237785310353
1610.5,-1.68562003712471
1610.6,-2.02741689589022
1610.7,-1.53913566908234
1610.8,-0.879956012891694
1610.9,-2.32038563197496
1611,-1.61237785310352
1611.1,-0.68464352216854
1611.2,-2.17390126393259
1611.3,-2.80866685878284
1611.4,-1.85651846650747
1611.5,-2.75983873610206
1611.6,-3.10163559486758
1611.7,-2.73542467476166
1611.8,-1.7344481598055
1611.9,-2.88190904280403
1612,-2.27155750929417
1612.1,-0.928784135572482
1612.2,-0.586987276806963
1612.3,-0.14753417267986
1612.4,-1.22175287165722
1612.5,-2.1494872025922
1612.6,-1.75886222114589
1612.7,-0.635815399487757
1612.8,-1.75886222114589
1612.9,-1.78327628248629
1613,-2.66218249074047
1613.1,-2.05183095723062
1613.2,-0.953198196912876
1613.3,-0.660229460828145
1613.4,-1.12409662629563
1613.5,-0.34284666340302
1613.6,-1.53913566908234
1613.7,-2.29597157063455
1613.8,-2.17390126393259
1613.9,-1.66120597578432
1614,-0.928784135572488
1614.1,-1.49030754640155
1614.2,-2.32038563197496
1614.3,-1.6856200371247
1614.4,-0.733471644849328
1614.5,-1.3194091170188
1614.6,-1.39265130103998
1614.7,-1.49030754640156
1614.8,-2.61335436805969
1614.9,-2.78425279744245
1615,-2.02741689589023
1615.1,-3.17487777888876
1615.2,-1.53913566908234
1615.3,-0.782299767530122
1615.4,-1.53913566908234
1615.5,-2.36921375465575
1615.6,-1.49030754640156
1615.7,-1.63679191444391
1615.8,-1.07526850361485
1615.9,-1.85651846650747
1616,-1.46589348506116
1616.1,0.0721923793836765
1616.2,-1.270580994338
1616.3,-1.58796379176313
1616.4,-1.58796379176313
1616.5,-1.80769034382668
1616.6,-1.83210440516707
1616.7,-0.611401338147346
1616.8,-1.44147942372076
1616.9,-2.68659655208087
1617,-1.95417471186905
1617.1,-1.19733881031682
1617.2,-1.58796379176313
1617.3,-1.39265130103997
1617.4,-1.44147942372077
1617.5,-0.440502908764603
1617.6,-0.0254638659779005
1617.7,-1.24616693299761
1617.8,-0.538159154126174
1617.9,-1.07526850361485
1618,-1.07526850361485
1618.1,-1.90534658918826
1618.2,-1.17292474897642
1618.3,-1.17292474897643
1618.4,-0.635815399487757
1618.5,-0.635815399487757
1618.6,-1.05085444227446
1618.7,-0.196362295360655
1618.8,-0.977612258253271
1618.9,-1.2949950556784
1619,-0.391674786083814
1619.1,-1.53913566908234
1619.2,-0.733471644849328
1619.3,-0.0987060499990832
1619.4,-0.660229460828151
1619.5,-0.318432602062632
1619.6,-1.07526850361485
1619.7,-0.440502908764603
1619.8,-0.953198196912876
1619.9,-1.92976065052865
1620,-1.73444815980549
1620.1,-1.75886222114589
1620.2,-1.36823723969958
1620.3,-1.78327628248628
1620.4,-0.904370074232094
1620.5,-1.07526850361485
1620.6,-1.09968256495525
1620.7,-0.635815399487751
1620.8,-1.68562003712471
1620.9,-1.19733881031682
1621,-0.904370074232094
1621.1,0.0721923793836765
1621.2,-0.416088847424203
1621.3,-1.56354973042274
1621.4,-0.733471644849334
1621.5,0.121020502064476
1621.6,-0.660229460828151
1621.7,-1.3194091170188
1621.8,0.145434563404859
1621.9,-0.123120111339477
1622,-1.2949950556784
1622.1,-1.58796379176312
1622.2,-1.31940911701879
1622.3,-1.51472160774194
1622.4,-2.32038563197495
1622.5,-0.123120111339477
1622.6,-0.391674786083814
1622.7,-0.953198196912882
1622.8,-1.05085444227446
1622.9,-1.12409662629564
1623,-0.733471644849334
1623.1,-1.58796379176313
1623.2,-0.36726072474342
1623.3,-1.46589348506116
1623.4,-1.46589348506116
1623.5,-1.19733881031682
1623.6,-1.75886222114589
1623.7,-1.39265130103998
1623.8,-2.63776842940007
1623.9,-1.49030754640156
1624,-1.46589348506116
1624.1,-1.71003409846509
1624.2,-1.6612059757843
1624.3,-1.63679191444392
1624.4,-1.83210440516708
1624.5,-2.00300283454983
1624.6,-2.07624501857102
1624.7,-2.5401121840385
1624.8,-1.49030754640156
1624.9,-1.80769034382668
1625,-2.10065907991141
1625.1,-1.92976065052865
1625.2,-0.953198196912882
1625.3,-1.36823723969958
1625.4,-1.36823723969958
1625.5,-1.90534658918826
1625.6,-0.294018540722237
1625.7,-1.19733881031681
1625.8,-1.51472160774194
1625.9,-1.27058099433801
1626,-1.41706536238037
1626.1,-0.782299767530117
1626.2,-0.806713828870511
1626.3,-1.53913566908234
1626.4,-3.10163559486758
1626.5,-1.2949950556784
1626.6,-1.00202631959367
1626.7,-0.635815399487757
1626.8,-1.22175287165722
1626.9,-1.85651846650747
1627,-1.80769034382668
1627.1,-1.92976065052865
1627.2,-1.41706536238037
1627.3,-1.73444815980549
1627.4,-1.7100340984651
1627.5,-0.879956012891688
1627.6,-1.14851068763604
1627.7,-1.53913566908234
1627.8,-1.14851068763603
1627.9,-0.928784135572488
1628,-0.586987276806968
1628.1,-0.684643522168545
1628.2,-1.61237785310352
1628.3,-0.831127890210911
1628.4,-0.123120111339477
1628.5,-0.0254638659778891
1628.6,-0.147534172679872
1628.7,-0.269604479381843
1628.8,-2.24714344795377
1628.9,-1.78327628248629
1629,-2.17390126393259
1629.1,-1.92976065052865
1629.2,-1.58796379176313
1629.3,-1.6856200371247
1629.4,-2.34479969331535
1629.5,-2.19831532527298
1629.6,-0.855541951551294
1629.7,-0.294018540722237
1629.8,-1.05085444227446
1629.9,-1.31940911701879
1630,-1.90534658918826
1630.1,-1.24616693299761
1630.2,-1.44147942372076
1630.3,-0.0742919886586833
1630.4,-1.49030754640154
1630.5,-2.32038563197496
1630.6,-1.12409662629564
1630.7,-1.2949950556784
1630.8,0.291918931447225
1630.9,-0.0254638659778948
1631,-1.00202631959367
1631.1,-0.0987060499990775
1631.2,-1.2949950556784
1631.3,-1.6856200371247
1631.4,-0.342846663403026
1631.5,-0.489331031445391
1631.6,-0.855541951551305
1631.7,-1.2949950556784
1631.8,-0.586987276806968
1631.9,-0.245190418041443
1632,-0.440502908764597
1632.1,-0.489331031445391
1632.2,-0.00104980463749484
1632.3,-1.09968256495525
1632.4,-0.757885706189722
1632.5,-1.05085444227446
1632.6,-2.19831532527299
1632.7,-2.07624501857102
1632.8,-2.29597157063457
1632.9,-1.75886222114588
1633,-1.19733881031682
1633.1,-0.831127890210911
1633.2,-1.56354973042273
1633.3,-1.24616693299761
1633.4,-1.56354973042274
1633.5,-1.95417471186905
1633.6,-2.58894030671929
1633.7,-1.83210440516707
1633.8,-2.17390126393259
1633.9,-2.66218249074048
1634,-2.02741689589022
1634.1,-1.97858877320944
1634.2,-1.51472160774195
1634.3,-1.07526850361485
1634.4,-1.80769034382668
1634.5,-1.34382317835919
1634.6,-0.123120111339477
1634.7,-0.147534172679866
1634.8,-0.196362295360655
1634.9,-0.294018540722237
1635,-2.00300283454983
1635.1,-3.29694808559073
1635.2,-1.7100340984651
1635.3,-0.391674786083814
1635.4,-0.8799560128917
1635.5,-0.70905758350894
1635.6,-1.83210440516707
1635.7,-1.44147942372077
1635.8,-1.58796379176313
1635.9,-1.22175287165721
1636,-0.855541951551305
1636.1,-0.220776356701054
1636.2,-0.660229460828151
1636.3,-0.245190418041449
1636.4,-0.70905758350894
1636.5,-0.977612258253271
1636.6,-1.63679191444392
1636.7,-1.34382317835919
1636.8,-0.171948234020266
1636.9,-0.831127890210911
1637,-1.05085444227446
1637.1,-0.904370074232088
1637.2,-1.22175287165721
1637.3,-0.904370074232088
1637.4,-1.12409662629564
1637.5,-1.85651846650747
1637.6,-1.12409662629564
1637.7,-0.782299767530122
1637.8,-1.97858877320943
1637.9,-0.562573215466574
1638,-0.245190418041449
1638.1,-0.684643522168545
1638.2,-0.562573215466574
1638.3,-0.513745092785786
1638.4,-0.245190418041449
1638.5,-0.36726072474342
1638.6,-0.489331031445391
1638.7,-1.51472160774194
1638.8,-1.80769034382668
1638.9,-1.7100340984651
1639,-0.709057583508934
1639.1,-0.562573215466563
1639.2,-0.123120111339477
1639.3,-0.757885706189728
1639.4,-1.49030754640155
1639.5,-1.00202631959366
1639.6,0.0721923793836765
1639.7,-1.14851068763604
1639.8,-0.733471644849334
1639.9,-1.66120597578432
1640,-0.953198196912882
1640.1,-1.19733881031682
1640.2,-1.49030754640155
1640.3,-0.855541951551299
1640.4,-1.63679191444392
1640.5,-0.782299767530122
1640.6,-1.02644038093406
1640.7,-0.8799560128917
1640.8,-0.733471644849328
1640.9,-0.562573215466574
1641,-1.39265130103998
1641.1,-0.782299767530122
1641.2,-1.19733881031682
1641.3,-1.46589348506116
1641.4,-0.782299767530122
1641.5,-0.757885706189722
1641.6,-0.391674786083809
1641.7,-0.464916970104997
1641.8,-1.56354973042273
1641.9,-1.92976065052865
1642,-1.24616693299761
1642.1,-1.39265130103998
1642.2,-1.12409662629564
1642.3,-1.09968256495525
1642.4,-1.80769034382668
1642.5,-2.1494872025922
1642.6,-0.733471644849322
1642.7,-0.318432602062632
1642.8,0.60930172887235
1642.9,0.194262686085648
1643,-0.0254638659779005
1643.1,-0.51374509278578
1643.2,-1.17292474897643
1643.3,0.462817360829985
1643.4,0.169848624745254
1643.5,0.63371579021275
1643.6,0.121020502064465
1643.7,-0.342846663403026
1643.8,-0.757885706189728
1643.9,-0.147534172679872
1644,-0.074291988658689
1644.1,0.023364256702888
1644.2,0.682543912893539
1644.3,0.169848624745265
1644.4,-0.684643522168545
1644.5,-1.17292474897643
1644.6,-0.34284666340302
1644.7,-0.416088847424209
1644.8,-1.24616693299761
1644.9,0.194262686085654
1645,0.0477783180432823
1645.1,0.243090808766436
1645.2,-0.440502908764603
1645.3,-0.757885706189728
1645.4,-1.05085444227446
1645.5,-1.6612059757843
1645.6,-1.19733881031682
1645.7,-2.07624501857101
1645.8,-3.07722153352718
1645.9,-2.05183095723062
1646,-0.831127890210911
1646.1,-0.513745092785786
1646.2,-1.07526850361485
1646.3,-0.928784135572488
1646.4,-1.27058099433801
1646.5,-1.46589348506116
1646.6,-1.63679191444392
1646.7,-1.63679191444392
1646.8,-2.24714344795378
1646.9,-1.75886222114589
1647,-0.586987276806968
1647.1,-1.00202631959366
1647.2,0.023364256702888
1647.3,-0.709057583508934
1647.4,-0.513745092785786
1647.5,-0.855541951551305
1647.6,-0.831127890210911
1647.7,-1.02644038093406
1647.8,-0.391674786083814
1647.9,-0.294018540722237
1648,-0.806713828870505
1648.1,-1.46589348506116
1648.2,-0.147534172679866
1648.3,-1.80769034382668
1648.4,-2.17390126393259
1648.5,-1.24616693299761
1648.6,-1.09968256495525
1648.7,-1.14851068763604
1648.8,-1.6856200371247
1648.9,-1.31940911701879
1649,-0.294018540722237
1649.1,-0.245190418041443
1649.2,-1.41706536238037
1649.3,-2.19831532527299
1649.4,-2.00300283454983
1649.5,-2.29597157063456
1649.6,-1.61237785310353
1649.7,-0.757885706189728
1649.8,-0.904370074232082
1649.9,-1.49030754640156
1650,-2.22272938661338
1650.1,-2.71101061342127
1650.2,-2.49128406135772
1650.3,-2.5645262453789
1650.4,-2.39362781599614
1650.5,-2.73542467476166
1650.6,-2.83308092012324
1650.7,-2.12507314125181
1650.8,-0.928784135572488
1650.9,-2.02741689589023
1651,-2.68659655208087
1651.1,-2.41804187733654
1651.2,-1.80769034382668
1651.3,-1.41706536238037
1651.4,-2.29597157063457
1651.5,-2.27155750929417
1651.6,-2.39362781599614
1651.7,-2.19831532527298
1651.8,-1.36823723969957
1651.9,-1.7344481598055
1652,-1.58796379176313
1652.1,-1.53913566908234
1652.2,-1.92976065052865
1652.3,-1.09968256495524
1652.4,-0.904370074232094
1652.5,-0.782299767530117
1652.6,-0.928784135572488
1652.7,-1.36823723969958
1652.8,-0.391674786083803
1652.9,-1.44147942372076
1653,-1.68562003712471
1653.1,-2.5645262453789
1653.2,-2.54011218403851
1653.3,-1.05085444227445
1653.4,-1.27058099433801
1653.5,-0.586987276806968
1653.6,-0.51374509278578
1653.7,-2.27155750929416
1653.8,-2.49128406135772
1653.9,-2.29597157063456
1654,-3.05280747218678
1654.1,-1.63679191444392
1654.2,-0.171948234020255
1654.3,-0.391674786083797
1654.4,-1.44147942372077
1654.5,-1.51472160774195
1654.6,-0.318432602062626
1654.7,-0.757885706189728
1654.8,-1.56354973042272
1654.9,-1.39265130103998
1655,-2.41804187733653
1655.1,-1.80769034382668
1655.2,-0.953198196912871
1655.3,-1.07526850361484
1655.4,-1.63679191444392
1655.5,-1.53913566908233
1655.6,-1.00202631959366
1655.7,-0.782299767530122
1655.8,-0.611401338147363
1655.9,0.023364256702888
1656,0.0233642567028937
1656.1,-0.904370074232094
1656.2,0.267504870106831
1656.3,-1.09968256495525
1656.4,-0.147534172679866
1656.5,0.023364256702888
1656.6,-0.928784135572482
1656.7,-1.270580994338
1656.8,-1.27058099433801
1656.9,0.0233642567028937
1657,-1.7100340984651
1657.1,-1.61237785310353
1657.2,-1.3194091170188
1657.3,-1.14851068763604
1657.4,-1.07526850361485
1657.5,-0.489331031445391
1657.6,-0.17194823402026
1657.7,-1.66120597578432
1657.8,-0.928784135572488
1657.9,-1.49030754640156
1658,-1.80769034382668
1658.1,-1.34382317835918
1658.2,-1.66120597578432
1658.3,-1.46589348506116
1658.4,-1.36823723969958
1658.5,-1.68562003712471
1658.6,-1.34382317835919
1658.7,-1.61237785310352
1658.8,-2.73542467476166
1658.9,-1.78327628248628
1659,-1.22175287165722
1659.1,-0.904370074232094
1659.2,-1.34382317835918
1659.3,-0.855541951551305
1659.4,-0.831127890210911
1659.5,-1.58796379176313
1659.6,-1.00202631959367
1659.7,-1.78327628248628
1659.8,-1.88093252784785
1659.9,-0.8799560128917
1660,-1.05085444227446
1660.1,-0.879956012891694
1660.2,-1.34382317835919
1660.3,-0.855541951551299
1660.4,0.121020502064465
1660.5,-1.46589348506116
1660.6,-2.83308092012323
1660.7,-2.00300283454983
1660.8,-0.831127890210905
1660.9,-1.2949950556784
1661,-1.46589348506116
1661.1,-2.1494872025922
1661.2,-2.00300283454982
1661.3,-1.7344481598055
1661.4,-1.51472160774194
1661.5,-1.22175287165722
1661.6,-0.00104980463750621
1661.7,-1.07526850361485
1661.8,-1.58796379176313
1661.9,-1.19733881031682
1662,-1.75886222114589
1662.1,-1.7344481598055
1662.2,-1.88093252784786
1662.3,-1.00202631959367
1662.4,-1.22175287165722
1662.5,-1.95417471186905
1662.6,-2.07624501857102
1662.7,-1.68562003712471
1662.8,-1.17292474897643
1662.9,-0.782299767530122
1663,-0.51374509278578
1663.1,0.145434563404865
1663.2,-0.977612258253276
1663.3,-1.14851068763604
1663.4,-1.3194091170188
1663.5,-2.05183095723062
1663.6,-0.51374509278578
1663.7,0.584887667531956
1663.8,-0.53815915412618
1663.9,-0.342846663403026
1664,-0.782299767530122
1664.1,-1.2949950556784
1664.2,-1.27058099433801
1664.3,-2.36921375465575
1664.4,-1.88093252784786
1664.5,-2.29597157063456
1664.6,-0.733471644849328
1664.7,-0.318432602062626
1664.8,-1.02644038093406
1664.9,-1.39265130103997
1665,-0.269604479381837
1665.1,-0.53815915412618
1665.2,-0.782299767530111
1665.3,-0.342846663403026
1665.4,-1.22175287165722
1665.5,-0.464916970104991
1665.6,-0.806713828870517
1665.7,-0.513745092785786
1665.8,-1.41706536238037
1665.9,-0.53815915412618
1666,-0.586987276806963
1666.1,-1.97858877320944
1666.2,-1.46589348506115
1666.3,-1.22175287165722
1666.4,-1.44147942372077
1666.5,-2.66218249074047
1666.6,-1.36823723969958
1666.7,-0.342846663403026
1666.8,-1.14851068763603
1666.9,-1.12409662629564
1667,-1.07526850361485
1667.1,-1.7100340984651
1667.2,-1.46589348506116
1667.3,-1.49030754640156
1667.4,-1.2949950556784
1667.5,-0.855541951551299
1667.6,-0.147534172679872
1667.7,-1.24616693299761
1667.8,-1.2949950556784
1667.9,-1.00202631959367
1668,-0.904370074232094
1668.1,-0.611401338147363
1668.2,-1.05085444227446
1668.3,-1.27058099433801
1668.4,-0.977612258253276
1668.5,-0.19636229536066
1668.6,-0.684643522168545
1668.7,-0.440502908764591
1668.8,-1.61237785310352
1668.9,-2.61335436805968
1669,-1.66120597578431
1669.1,-1.02644038093406
1669.2,-1.09968256495524
1669.3,-1.49030754640156
1669.4,-1.05085444227446
1669.5,-0.416088847424209
1669.6,-0.831127890210911
1669.7,-1.51472160774194
1669.8,-1.46589348506116
1669.9,-0.464916970104997
1670,-0.17194823402026
1670.1,-0.00104980463750621
1670.2,0.169848624745259
1670.3,-0.220776356701049
1670.4,-0.684643522168545
1670.5,0.169848624745254
1670.6,-0.147534172679872
1670.7,-0.709057583508934
1670.8,-1.31940911701879
1670.9,-1.7344481598055
1671,-1.36823723969958
1671.1,-1.44147942372077
1671.2,-0.562573215466568
1671.3,-0.464916970104997
1671.4,-1.17292474897643
1671.5,-1.14851068763604
1671.6,-0.51374509278578
1671.7,-1.34382317835919
1671.8,-1.7344481598055
1671.9,-1.58796379176313
1672,-0.586987276806968
1672.1,-0.53815915412618
1672.2,-1.2949950556784
1672.3,-1.63679191444392
1672.4,-1.07526850361485
1672.5,-1.6856200371247
1672.6,-2.14948720259219
1672.7,-1.3194091170188
1672.8,-1.46589348506116
1672.9,-1.75886222114589
1673,-2.5645262453789
1673.1,-1.34382317835919
1673.2,-1.53913566908234
1673.3,-2.95515122682521
1673.4,-2.5401121840385
1673.5,-1.36823723969958
1673.6,-1.22175287165722
1673.7,-0.928784135572488
1673.8,-1.36823723969958
1673.9,-0.904370074232094
1674,-2.1494872025922
1674.1,-1.92976065052864
1674.2,-2.63776842940009
1674.3,-1.51472160774195
1674.4,-1.05085444227446
1674.5,-1.46589348506116
1674.6,-1.92976065052865
1674.7,-2.02741689589022
1674.8,-1.68562003712471
1674.9,-1.39265130103997
1675,-2.68659655208087
1675.1,-2.27155750929417
1675.2,-2.07624501857101
1675.3,-1.75886222114589
1675.4,-0.660229460828151
1675.5,-0.928784135572482
1675.6,-1.58796379176313
1675.7,0.267504870106831
1675.8,-0.757885706189722
1675.9,-0.660229460828151
1676,-1.22175287165721
1676.1,-1.78327628248629
1676.2,-0.953198196912876
1676.3,-0.14753417267986
1676.4,-0.220776356701054
1676.5,-2.36921375465575
1676.6,-2.44245593867693
1676.7,-1.58796379176313
1676.8,-0.538159154126174
1676.9,-0.855541951551299
1677,-0.733471644849334
1677.1,-0.953198196912882
1677.2,-0.831127890210911
1677.3,0.340747054128013
1677.4,-0.489331031445391
1677.5,-1.44147942372076
1677.6,-0.70905758350894
1677.7,0.169848624745271
1677.8,-0.391674786083809
1677.9,-0.367260724743414
1678,-0.562573215466568
1678.1,-1.05085444227446
1678.2,-0.733471644849334
1678.3,0.0721923793836879
1678.4,-1.97858877320944
1678.5,-1.95417471186905
1678.6,-1.80769034382668
1678.7,-2.1494872025922
1678.8,-1.51472160774195
1678.9,-1.44147942372076
1679,-1.19733881031682
1679.1,-0.586987276806968
1679.2,-0.611401338147363
1679.3,-1.3194091170188
1679.4,-0.70905758350894
1679.5,-1.46589348506115
1679.6,-1.53913566908234
1679.7,-0.733471644849328
1679.8,-0.8799560128917
1679.9,-1.2949950556784
1680,-1.49030754640155
1680.1,-1.80769034382668
1680.2,-0.48933103144538
1680.3,-0.53815915412618
1680.4,-2.44245593867693
1680.5,-1.80769034382668
1680.6,-1.44147942372076
1680.7,-0.294018540722226
1680.8,-1.22175287165721
1680.9,-1.19733881031682
1681,-1.24616693299761
1681.1,-1.07526850361485
1681.2,-0.416088847424203
1681.3,-1.07526850361485
1681.4,-0.489331031445391
1681.5,0.145434563404859
1681.6,-1.270580994338
1681.7,-1.09968256495524
1681.8,-0.660229460828145
1681.9,-0.53815915412618
1682,-0.904370074232094
1682.1,-0.68464352216854
1682.2,-1.36823723969958
1682.3,-1.09968256495524
1682.4,-0.391674786083803
1682.5,-1.46589348506116
1682.6,-1.75886222114589
1682.7,-2.27155750929416
1682.8,-1.41706536238037
1682.9,-1.09968256495525
1683,-0.928784135572488
1683.1,-0.0987060499990832
1683.2,0.023364256702888
1683.3,-0.904370074232088
1683.4,-1.41706536238037
1683.5,-1.46589348506116
1683.6,-1.92976065052865
1683.7,-3.73640118971783
1683.8,-3.10163559486758
1683.9,-1.24616693299761
1684,-1.68562003712471
1684.1,-0.513745092785774
1684.2,-1.07526850361485
1684.3,-0.342846663403026
1684.4,-1.2949950556784
1684.5,-1.49030754640156
1684.6,-0.51374509278578
1684.7,-0.19636229536066
1684.8,-0.489331031445386
1684.9,-1.3194091170188
1685,-1.36823723969958
1685.1,0.0966064407240708
1685.2,-0.074291988658689
1685.3,0.218676747426048
1685.4,-0.0987060499990719
1685.5,0.218676747426053
1685.6,-1.14851068763604
1685.7,-1.14851068763604
1685.8,-1.51472160774195
1685.9,-0.782299767530122
1686,-0.8799560128917
1686.1,-0.928784135572488
1686.2,-1.61237785310352
1686.3,-0.733471644849334
1686.4,-1.2949950556784
1686.5,-1.24616693299761
1686.6,-0.00104980463750053
1686.7,0.291918931447225
1686.8,-0.733471644849334
1686.9,-0.391674786083814
1687,-0.782299767530122
1687.1,-0.904370074232094
1687.2,-0.562573215466574
1687.3,-0.0742919886586833
1687.4,-1.2949950556784
1687.5,-1.80769034382668
1687.6,-2.1250731412518
1687.7,-1.85651846650747
1687.8,-0.586987276806963
1687.9,-0.928784135572482
1688,-1.92976065052865
1688.1,-1.75886222114589
1688.2,-0.977612258253276
1688.3,-0.611401338147357
1688.4,-0.660229460828145
1688.5,-1.34382317835919
1688.6,-1.36823723969958
1688.7,-1.6856200371247
1688.8,-0.220776356701054
1688.9,-0.171948234020266
1689,-0.709057583508934
1689.1,-1.07526850361485
1689.2,-0.53815915412618
1689.3,-0.049877927318289
1689.4,-1.22175287165721
1689.5,-1.85651846650747
1689.6,-0.953198196912882
1689.7,-0.660229460828145
1689.8,-1.34382317835919
1689.9,-0.294018540722232
1690,-0.245190418041443
1690.1,-0.611401338147363
1690.2,-1.78327628248628
1690.3,-1.36823723969958
1690.4,-2.51569812269811
1690.5,-1.02644038093405
1690.6,-1.12409662629564
1690.7,-0.464916970104997
1690.8,0.658129851553139
1690.9,-0.0987060499990832
1691,-0.53815915412618
1691.1,-0.342846663403026
1691.2,-0.8799560128917
1691.3,-1.83210440516708
1691.4,-1.97858877320944
1691.5,-1.53913566908234
1691.6,-0.464916970104997
1691.7,-0.489331031445391
1691.8,-0.635815399487757
1691.9,-1.58796379176313
1692,-2.22272938661338
1692.1,-1.39265130103998
1692.2,-1.44147942372077
1692.3,-0.220776356701054
1692.4,-1.09968256495524
1692.5,-0.70905758350894
1692.6,-0.171948234020266
1692.7,0.194262686085659
1692.8,-0.245190418041449
1692.9,0.194262686085654
1693,-0.391674786083814
1693.1,-0.0742919886586833
1693.2,-0.294018540722232
1693.3,-0.660229460828151
1693.4,0.389575176808802
1693.5,-0.611401338147363
1693.6,-1.36823723969958
1693.7,-1.80769034382668
1693.8,-0.464916970104997
1693.9,-0.684643522168545
1694,-0.977612258253271
1694.1,-0.782299767530122
1694.2,-1.05085444227446
1694.3,-0.8799560128917
1694.4,-1.27058099433801
1694.5,-1.7100340984651
1694.6,-0.782299767530122
1694.7,-0.831127890210911
1694.8,-0.684643522168545
1694.9,-0.806713828870517
1695,-0.245190418041443
1695.1,-0.14753417267986
1695.2,-1.09968256495525
1695.3,-0.782299767530122
1695.4,-1.00202631959367
1695.5,-1.41706536238037
1695.6,-1.44147942372076
1695.7,-2.24714344795377
1695.8,-1.17292474897642
1695.9,-1.12409662629564
1696,-1.63679191444392
1696.1,-0.586987276806968
1696.2,-1.36823723969958
1696.3,-0.34284666340302
1696.4,-0.318432602062626
1696.5,-0.367260724743409
1696.6,-0.831127890210911
1696.7,-1.19733881031682
1696.8,-1.39265130103998
1696.9,-0.36726072474342
1697,0.243090808766442
1697.1,0.291918931447225
1697.2,0.584887667531962
1697.3,-0.34284666340302
1697.4,0.487231422170379
1697.5,0.218676747426042
1697.6,-0.36726072474342
1697.7,-1.41706536238037
1697.8,-0.0254638659778948
1697.9,0.438403299489602
1698,-0.904370074232088
1698.1,-1.51472160774195
1698.2,-1.56354973042274
1698.3,-1.44147942372076
1698.4,-1.14851068763602
1698.5,-1.36823723969958
1698.6,-1.34382317835919
1698.7,-1.56354973042274
1698.8,-1.12409662629564
1698.9,0.560473606191573
1699,-0.0742919886586833
1699.1,-0.538159154126174
1699.2,-1.90534658918826
1699.3,-0.147534172679872
1699.4,0.511645483510785
1699.5,-0.684643522168534
1699.6,-1.00202631959366
1699.7,-0.36726072474342
1699.8,-1.12409662629563
1699.9,-2.80866685878285
1700,-1.92976065052865
1700.1,-1.31940911701879
1700.2,-1.63679191444392
1700.3,-1.78327628248628
1700.4,-1.39265130103998
1700.5,-0.831127890210911
1700.6,-1.85651846650747
1700.7,-1.73444815980549
1700.8,-0.953198196912882
1700.9,0.243090808766436
1701,-0.440502908764603
1701.1,0.194262686085665
1701.2,0.218676747426048
1701.3,-1.17292474897643
1701.4,-1.51472160774195
1701.5,-1.3194091170188
1701.6,-0.586987276806968
1701.7,-0.855541951551305
1701.8,-0.513745092785786
1701.9,-0.855541951551299
1702,-0.489331031445386
1702.1,-0.953198196912882
1702.2,-1.07526850361484
1702.3,-0.245190418041443
1702.4,-0.635815399487757
1702.5,-0.806713828870517
1702.6,-1.34382317835919
1702.7,-0.904370074232094
1702.8,-1.12409662629564
1702.9,-1.14851068763604
1703,-1.12409662629564
1703.1,-0.562573215466574
1703.2,-2.73542467476166
1703.3,-0.928784135572477
1703.4,-0.464916970104991
1703.5,-1.58796379176313
1703.6,-2.19831532527299
1703.7,-0.147534172679872
1703.8,-0.0987060499990832
1703.9,-0.733471644849334
1704,-0.53815915412618
1704.1,-0.294018540722232
1704.2,-0.342846663403026
1704.3,-1.41706536238037
1704.4,-1.17292474897643
1704.5,-0.733471644849334
1704.6,-1.19733881031682
1704.7,-0.245190418041443
1704.8,-1.78327628248629
1704.9,-1.02644038093406
1705,0.145434563404865
1705.1,-1.41706536238037
1705.2,-1.80769034382668
1705.3,-0.928784135572488
1705.4,-1.36823723969958
1705.5,-1.27058099433801
1705.6,-1.02644038093406
1705.7,-0.733471644849328
1705.8,-1.02644038093406
1705.9,-1.2949950556784
1706,-0.904370074232094
1706.1,-1.49030754640156
1706.2,-1.75886222114589
1706.3,-0.538159154126174
1706.4,-0.269604479381837
1706.5,-0.074291988658689
1706.6,-1.17292474897642
1706.7,-2.46687000001733
1706.8,-2.32038563197495
1706.9,-0.66022946082814
1707,-0.733471644849334
1707.1,-0.635815399487734
1707.2,-1.19733881031682
1707.3,-1.46589348506116
1707.4,-0.928784135572482
1707.5,0.194262686085659
1707.6,-0.489331031445391
1707.7,-0.562573215466574
1707.8,0.340747054128013
1707.9,-0.147534172679872
1708,-1.34382317835918
1708.1,-1.58796379176313
1708.2,-0.0254638659778948
1708.3,-0.391674786083814
1708.4,-2.63776842940009
1708.5,-2.17390126393259
1708.6,-0.904370074232088
1708.7,-0.342846663403026
1708.8,-0.586987276806963
1708.9,-0.562573215466574
1709,-1.12409662629563
1709.1,-1.09968256495524
1709.2,-1.56354973042274
1709.3,-0.977612258253265
1709.4,-1.00202631959367
1709.5,-1.7344481598055
1709.6,-0.611401338147357
1709.7,0.413989238149196
1709.8,-0.31843260206262
1709.9,-0.855541951551305
1710,0.487231422170385
1710.1,0.731372035574327
1710.2,-0.147534172679872
1710.3,-1.3194091170188
1710.4,-1.12409662629564
1710.5,-0.562573215466563
1710.6,-1.7100340984651
1710.7,-1.19733881031682
1710.8,-1.61237785310353
1710.9,-2.29597157063456
1711,-1.31940911701879
1711.1,-1.73444815980549
1711.2,-1.14851068763603
1711.3,-1.41706536238037
1711.4,-1.56354973042273
1711.5,-1.00202631959366
1711.6,-2.10065907991141
1711.7,-2.29597157063457
1711.8,-2.78425279744245
1711.9,-1.39265130103998
1712,-2.02741689589022
1712.1,-1.6856200371247
1712.2,-2.78425279744245
1712.3,-3.19929184022915
1712.4,-2.83308092012323
1712.5,-0.831127890210905
1712.6,0.633715790212744
1712.7,0.60930172887235
1712.8,0.267504870106831
1712.9,-1.09968256495524
1713,-1.7100340984651
1713.1,-2.68659655208087
1713.2,-1.46589348506116
1713.3,-0.928784135572488
1713.4,-1.07526850361485
1713.5,-1.58796379176313
1713.6,-1.75886222114589
1713.7,-1.270580994338
1713.8,-1.41706536238037
1713.9,-1.58796379176313
1714,-2.07624501857101
1714.1,-2.5645262453789
1714.2,-1.44147942372077
1714.3,-1.63679191444392
1714.4,-1.56354973042274
1714.5,-1.53913566908234
1714.6,-1.17292474897643
1714.7,-1.07526850361485
1714.8,-0.68464352216854
1714.9,-0.904370074232094
1715,-1.78327628248628
1715.1,-1.73444815980549
1715.2,-2.5401121840385
1715.3,-2.61335436805969
1715.4,-1.39265130103998
1715.5,-0.68464352216854
1715.6,-1.36823723969958
1715.7,-0.68464352216854
1715.8,-1.02644038093406
1715.9,-2.63776842940008
1716,-1.02644038093406
1716.1,-0.53815915412618
1716.2,-1.41706536238037
1716.3,-2.1494872025922
1716.4,-1.63679191444392
1716.5,-1.36823723969958
1716.6,-2.58894030671929
1716.7,-2.51569812269811
1716.8,-1.7100340984651
1716.9,-1.83210440516707
1717,-0.53815915412618
1717.1,-1.22175287165722
1717.2,-1.7344481598055
1717.3,-0.684643522168545
1717.4,-1.24616693299761
1717.5,-0.831127890210911
1717.6,-0.855541951551305
1717.7,-0.806713828870511
1717.8,-0.977612258253265
1717.9,-1.31940911701879
1718,-0.342846663403026
1718.1,-0.00104980463750053
1718.2,-0.36726072474342
1718.3,-0.782299767530122
1718.4,-0.831127890210905
1718.5,-0.074291988658689
1718.6,0.291918931447225
1718.7,-0.245190418041449
1718.8,0.389575176808802
1718.9,-0.220776356701054
1719,-1.17292474897643
1719.1,-1.61237785310353
1719.2,-0.513745092785786
1719.3,0.78020015825511
1719.4,-0.147534172679872
1719.5,-1.36823723969957
1719.6,-2.02741689589023
1719.7,-2.41804187733653
1719.8,-2.19831532527299
1719.9,-1.39265130103998
1720,-1.3194091170188
1720.1,-1.17292474897643
1720.2,-0.782299767530117
1720.3,-0.367260724743414
1720.4,-0.611401338147363
1720.5,-1.56354973042273
1720.6,-0.879956012891694
1720.7,-0.440502908764603
1720.8,-1.88093252784786
1720.9,-1.85651846650746
1721,0.121020502064465
1721.1,-0.171948234020266
1721.2,0.0966064407240708
1721.3,-0.269604479381832
1721.4,-0.831127890210911
1721.5,-1.24616693299761
1721.6,-1.51472160774195
1721.7,-1.7344481598055
1721.8,-1.3194091170188
1721.9,-1.39265130103998
1722,-1.95417471186905
1722.1,-1.7100340984651
1722.2,-1.7100340984651
1722.3,-1.97858877320944
1722.4,-1.85651846650746
1722.5,-0.977612258253265
1722.6,-1.2461669329976
1722.7,-1.12409662629564
1722.8,-0.123120111339477
1722.9,0.560473606191567
1723,-0.220776356701054
1723.1,-1.07526850361485
1723.2,-1.14851068763604
1723.3,0.0721923793836765
1723.4,-1.90534658918826
1723.5,-1.24616693299761
1723.6,-0.782299767530117
1723.7,-0.36726072474342
1723.8,-0.440502908764597
1723.9,0.340747054128019
1724,-0.464916970104997
1724.1,-1.19733881031682
1724.2,0.0477783180432823
1724.3,-0.00104980463750053
1724.4,-0.440502908764603
1724.5,-1.24616693299761
1724.6,-0.220776356701043
1724.7,-0.977612258253271
1724.8,-0.660229460828151
1724.9,-1.24616693299761
1725,-0.36726072474342
1725.1,-1.17292474897643
1725.2,0.121020502064465
1725.3,-0.0254638659779005
1725.4,0.291918931447225
1725.5,0.145434563404865
1725.6,-1.12409662629564
1725.7,-0.586987276806968
1725.8,-0.00104980463750621
1725.9,-0.757885706189728
1726,-0.36726072474342
1726.1,-1.53913566908234
1726.2,-1.85651846650747
1726.3,-1.19733881031682
1726.4,-1.7100340984651
1726.5,-1.00202631959367
1726.6,-1.39265130103998
1726.7,-1.39265130103997
1726.8,-1.75886222114589
1726.9,-1.51472160774195
1727,-1.05085444227446
1727.1,-1.2949950556784
1727.2,-1.05085444227446
1727.3,-1.66120597578432
1727.4,-1.12409662629564
1727.5,-0.660229460828145
1727.6,-0.782299767530122
1727.7,-0.00104980463750053
1727.8,0.438403299489596
1727.9,-0.464916970104991
1728,-1.02644038093406
1728.1,-1.56354973042273
1728.2,-1.95417471186905
1728.3,-2.49128406135771
1728.4,-1.78327628248629
1728.5,-1.7100340984651
1728.6,-1.83210440516707
1728.7,-2.07624501857102
1728.8,-1.270580994338
1728.9,0.0477783180432823
1729,0.291918931447242
1729.1,-0.318432602062626
1729.2,-1.27058099433801
1729.3,-0.269604479381843
1729.4,0.0477783180432823
1729.5,-0.806713828870511
1729.6,-1.49030754640156
1729.7,-1.97858877320944
1729.8,-1.270580994338
1729.9,-0.757885706189728
1730,-1.61237785310353
1730.1,-1.09968256495525
1730.2,0.0477783180432823
1730.3,-1.44147942372077
1730.4,-1.00202631959367
1730.5,-1.24616693299761
1730.6,-2.02741689589023
1730.7,-1.14851068763604
1730.8,-1.66120597578432
1730.9,-2.12507314125181
1731,-1.07526850361485
1731.1,-0.953198196912876
1731.2,-1.78327628248629
1731.3,-0.635815399487757
1731.4,-0.684643522168545
1731.5,-1.09968256495524
1731.6,-1.56354973042274
1731.7,-1.61237785310353
1731.8,-1.63679191444392
1731.9,-1.92976065052865
1732,-1.61237785310352
1732.1,-0.953198196912882
1732.2,-0.513745092785786
1732.3,-1.02644038093406
1732.4,-1.90534658918826
1732.5,-1.88093252784786
1732.6,-0.855541951551305
1732.7,-1.80769034382668
1732.8,-1.61237785310352
1732.9,-0.831127890210911
1733,-1.63679191444392
1733.1,-0.562573215466574
1733.2,-0.70905758350894
1733.3,-1.12409662629564
1733.4,-1.56354973042274
1733.5,-1.66120597578431
1733.6,-0.928784135572482
1733.7,-0.0987060499990719
1733.8,-0.513745092785786
1733.9,-0.977612258253265
1734,-0.855541951551299
1734.1,-0.879956012891694
1734.2,-1.39265130103997
1734.3,-0.0254638659779005
1734.4,-1.270580994338
1734.5,-1.80769034382668
1734.6,-0.757885706189728
1734.7,-0.464916970104997
1734.8,-0.8799560128917
1734.9,-1.49030754640156
1735,-0.855541951551305
1735.1,-0.318432602062614
1735.2,-2.27155750929417
1735.3,-3.15046371754836
1735.4,-1.73444815980549
1735.5,-2.07624501857102
1735.6,-1.61237785310352
1735.7,-0.440502908764597
1735.8,-0.684643522168545
1735.9,-0.904370074232094
1736,-1.66120597578432
1736.1,-0.928784135572488
1736.2,-0.977612258253276
1736.3,-1.80769034382668
1736.4,-0.733471644849334
1736.5,-0.68464352216854
1736.6,-1.97858877320944
1736.7,-2.51569812269811
1736.8,-1.51472160774194
1736.9,-1.44147942372076
1737,-0.70905758350894
1737.1,-0.635815399487757
1737.2,-1.80769034382667
1737.3,-1.75886222114589
1737.4,-2.02741689589023
1737.5,-0.00104980463750053
1737.6,-0.074291988658689
1737.7,-0.660229460828151
1737.8,-0.245190418041449
1737.9,-0.14753417267986
1738,-1.36823723969958
1738.1,-1.41706536238037
1738.2,-1.14851068763604
1738.3,-2.02741689589023
1738.4,-2.29597157063456
1738.5,-1.36823723969958
1738.6,-1.09968256495525
1738.7,-1.83210440516707
1738.8,-2.41804187733654
1738.9,-1.68562003712471
1739,-1.49030754640155
1739.1,-0.8799560128917
1739.2,-0.855541951551299
1739.3,-0.489331031445391
1739.4,-0.757885706189728
1739.5,-1.51472160774195
1739.6,-1.53913566908234
1739.7,-2.46687000001733
1739.8,-2.00300283454983
1739.9,-0.171948234020266
1740,-0.0742919886586776
1740.1,-1.02644038093406
1740.2,-2.78425279744245
1740.3,-1.41706536238037
1740.4,-0.367260724743414
1740.5,-0.904370074232088
1740.6,-0.660229460828151
1740.7,-0.147534172679872
1740.8,-0.19636229536066
1740.9,-0.245190418041449
1741,-0.635815399487757
1741.1,-1.09968256495525
1741.2,-1.09968256495524
1741.3,-1.75886222114589
1741.4,-1.63679191444392
1741.5,-1.46589348506116
1741.6,-1.56354973042274
1741.7,-0.635815399487757
1741.8,-2.1494872025922
1741.9,-0.757885706189722
1742,-1.17292474897643
1742.1,-1.46589348506116
1742.2,-1.63679191444392
1742.3,-2.66218249074048
1742.4,-1.51472160774194
1742.5,-0.782299767530122
1742.6,-0.928784135572482
1742.7,-1.68562003712471
1742.8,-0.51374509278578
1742.9,-0.928784135572482
1743,-1.07526850361485
1743.1,-2.32038563197496
1743.2,-1.34382317835919
1743.3,-1.05085444227446
1743.4,-1.83210440516708
1743.5,0.389575176808802
1743.6,0.462817360829985
1743.7,-0.8799560128917
1743.8,-0.68464352216854
1743.9,-0.00104980463750053
1744,-0.0254638659778948
1744.1,-2.19831532527299
1744.2,-1.97858877320944
1744.3,0.0477783180432937
1744.4,0.145434563404859
1744.5,-1.02644038093406
1744.6,-1.02644038093406
1744.7,-1.53913566908234
1744.8,-1.14851068763604
1744.9,-1.41706536238037
1745,0.0966064407240708
1745.1,-0.367260724743414
1745.2,-0.0987060499990832
1745.3,-0.245190418041449
1745.4,-0.831127890210911
1745.5,-0.855541951551294
1745.6,-0.66022946082814
1745.7,0.023364256702888
1745.8,-1.3194091170188
1745.9,-1.34382317835919
1746,-1.05085444227446
1746.1,-0.8799560128917
1746.2,0.389575176808808
1746.3,-0.611401338147357
1746.4,-1.39265130103997
1746.5,-0.953198196912882
1746.6,-0.562573215466574
1746.7,-1.24616693299761
1746.8,-0.562573215466574
1746.9,-0.611401338147363
1747,-2.39362781599614
1747.1,-1.85651846650747
1747.2,-0.391674786083803
1747.3,-0.733471644849334
1747.4,-0.611401338147357
1747.5,-2.17390126393259
1747.6,-2.44245593867693
1747.7,-2.46687000001732
1747.8,-1.88093252784786
1747.9,-0.220776356701054
1748,0.316332992787619
1748.1,0.60930172887235
1748.2,-0.855541951551305
1748.3,-1.56354973042273
1748.4,-0.562573215466574
1748.5,-0.806713828870511
1748.6,-0.611401338147346
1748.7,-0.464916970104991
1748.8,-0.513745092785786
1748.9,-0.171948234020266
1749,-1.24616693299761
1749.1,-0.977612258253276
1749.2,-1.73444815980549
1749.3,-2.05183095723062
1749.4,-2.49128406135772
1749.5,-1.41706536238037
1749.6,-1.53913566908233
1749.7,-1.78327628248628
1749.8,-1.83210440516708
1749.9,-0.904370074232094
1750,-1.63679191444392
1750.1,-1.88093252784785
1750.2,-0.977612258253276
1750.3,-1.44147942372076
1750.4,0.316332992787619
1750.5,-0.904370074232094
1750.6,-0.416088847424209
1750.7,0.633715790212744
1750.8,-0.562573215466574
1750.9,-0.123120111339477
1751,0.609301728872356
1751.1,-0.0498779273182947
1751.2,-1.90534658918826
1751.3,-1.00202631959367
1751.4,-1.00202631959367
1751.5,-0.806713828870517
1751.6,-1.83210440516708
1751.7,-2.22272938661338
1751.8,-1.02644038093406
1751.9,-1.270580994338
1752,0.194262686085648
1752.1,-0.70905758350894
1752.2,-0.928784135572488
1752.3,-0.147534172679872
1752.4,-0.0987060499990832
1752.5,-0.513745092785786
1752.6,-0.586987276806968
1752.7,-0.684643522168545
1752.8,0.0966064407240708
1752.9,0.194262686085648
1753,-0.757885706189728
1753.1,-1.05085444227446
1753.2,-1.56354973042273
1753.3,-1.90534658918826
1753.4,-1.05085444227446
1753.5,-0.928784135572482
1753.6,-0.269604479381843
1753.7,0.340747054128019
1753.8,0.29191893144723
1753.9,0.023364256702888
1754,-0.513745092785774
1754.1,-0.489331031445391
1754.2,-0.782299767530122
1754.3,-1.17292474897642
1754.4,0.145434563404859
1754.5,-0.391674786083814
1754.6,-1.14851068763604
1754.7,-1.02644038093406
1754.8,-0.928784135572482
1754.9,-1.7100340984651
1755,-1.07526850361485
1755.1,-0.855541951551305
1755.2,-1.88093252784786
1755.3,-1.83210440516707
1755.4,-1.34382317835918
1755.5,-1.00202631959367
1755.6,-0.757885706189728
1755.7,-1.12409662629564
1755.8,-1.7100340984651
1755.9,-1.53913566908234
1756,-0.928784135572488
1756.1,-0.733471644849334
1756.2,-0.440502908764603
1756.3,-1.6856200371247
1756.4,-1.56354973042274
1756.5,-0.855541951551299
1756.6,-1.46589348506116
1756.7,-0.660229460828145
1756.8,-0.660229460828145
1756.9,-0.00104980463750053
1757,-0.684643522168545
1757.1,-1.41706536238037
1757.2,-1.61237785310353
1757.3,-1.27058099433801
1757.4,-0.70905758350894
1757.5,-0.635815399487757
1757.6,0.487231422170385
1757.7,0.389575176808802
1757.8,-0.269604479381832
1757.9,0.43840329948959
1758,0.194262686085648
1758.1,-0.0254638659779005
1758.2,0.560473606191567
1758.3,-1.00202631959366
1758.4,0.121020502064476
1758.5,-0.0254638659779005
1758.6,-1.75886222114589
1758.7,-1.17292474897642
1758.8,-0.123120111339477
1758.9,-0.70905758350894
1759,0.218676747426042
1759.1,0.78020015825511
1759.2,0.121020502064465
1759.3,0.0477783180432823
1759.4,0.853442342276298
1759.5,0.316332992787619
1759.6,-1.02644038093406
1759.7,-1.31940911701879
1759.8,-0.00104980463750621
1759.9,0.0966064407240765
1760,1.02434077165905
1760.1,0.584887667531956
1760.2,0.023364256702888
1760.3,0.706957974233927
1760.4,-0.147534172679872
1760.5,-1.29499505567839
1760.6,-1.63679191444392
1760.7,-0.757885706189728
1760.8,-0.562573215466574
1760.9,0.169848624745254
1761,-0.294018540722232
1761.1,-0.904370074232094
1761.2,-0.684643522168545
1761.3,-0.391674786083814
1761.4,-0.19636229536066
1761.5,0.560473606191562
1761.6,0.975512648978264
1761.7,-0.953198196912882
1761.8,-1.44147942372077
1761.9,-0.733471644849328
1762,-0.586987276806963
1762.1,-1.27058099433801
1762.2,-1.97858877320944
1762.3,-1.58796379176313
1762.4,-1.07526850361485
1762.5,0.291918931447225
1762.6,-0.8799560128917
1762.7,0.0721923793836765
1762.8,-0.70905758350894
1762.9,-0.904370074232082
1763,-0.269604479381843
1763.1,-0.269604479381843
1763.2,0.267504870106831
1763.3,-0.782299767530122
1763.4,-0.00104980463750621
1763.5,-0.36726072474342
1763.6,-0.147534172679866
1763.7,0.609301728872356
1763.8,-0.049877927318289
1763.9,-0.269604479381837
1764,0.316332992787619
1764.1,-0.34284666340302
1764.2,-0.19636229536066
1764.3,-0.611401338147363
1764.4,-0.68464352216854
1764.5,-1.27058099433801
1764.6,-0.782299767530117
1764.7,-0.416088847424209
1764.8,0.291918931447225
1764.9,-0.416088847424209
1765,-1.90534658918826
1765.1,-0.19636229536066
1765.2,0.267504870106831
1765.3,-0.391674786083814
1765.4,-0.977612258253276
1765.5,-1.14851068763604
1765.6,-0.831127890210911
1765.7,-0.440502908764597
1765.8,-0.953198196912871
1765.9,-0.53815915412618
1766,-0.684643522168545
1766.1,-0.245190418041449
1766.2,-0.464916970104991
1766.3,-0.709057583508934
1766.4,-0.757885706189728
1766.5,-1.80769034382668
1766.6,-1.24616693299761
1766.7,-1.58796379176313
1766.8,-1.75886222114589
1766.9,-1.19733881031682
1767,-1.12409662629564
1767.1,-1.05085444227446
1767.2,-1.07526850361485
1767.3,-1.09968256495524
1767.4,-2.66218249074047
1767.5,-2.61335436805969
1767.6,-2.22272938661338
1767.7,-1.7100340984651
1767.8,-0.782299767530122
1767.9,-0.123120111339472
1768,-1.12409662629564
1768.1,-1.09968256495524
1768.2,-1.00202631959367
1768.3,-0.904370074232094
1768.4,-0.416088847424209
1768.5,-1.85651846650746
1768.6,-1.41706536238037
1768.7,-1.51472160774195
1768.8,-1.22175287165721
1768.9,-0.440502908764603
1769,-1.39265130103998
1769.1,-1.53913566908234
1769.2,-1.09968256495525
1769.3,0.951098587637875
1769.4,-0.440502908764603
1769.5,-1.36823723969958
1769.6,-1.97858877320944
1769.7,-1.2949950556784
1769.8,-0.782299767530117
1769.9,-0.586987276806963
1770,-1.75886222114589
1770.1,-0.879956012891694
1770.2,-1.2949950556784
1770.3,-1.41706536238037
1770.4,-0.19636229536066
1770.5,-0.36726072474342
1770.6,-0.611401338147357
1770.7,-0.977612258253276
1770.8,-1.78327628248629
1770.9,-0.611401338147351
1771,-1.14851068763604
1771.1,-2.1250731412518
1771.2,-0.904370074232094
1771.3,-0.806713828870511
1771.4,-1.07526850361485
1771.5,0.194262686085654
1771.6,0.658129851553144
1771.7,-0.00104980463750621
1771.8,-0.00104980463750621
1771.9,0.438403299489596
1772,-0.513745092785786
1772.1,-0.660229460828151
1772.2,-0.416088847424203
1772.3,-0.19636229536066
1772.4,-0.464916970104991
1772.5,0.560473606191562
1772.6,-0.147534172679866
1772.7,-0.70905758350894
1772.8,-1.05085444227446
1772.9,-1.66120597578432
1773,-0.70905758350894
1773.1,0.560473606191567
1773.2,0.316332992787619
1773.3,-1.00202631959366
1773.4,-1.46589348506116
1773.5,-0.196362295360655
1773.6,-1.83210440516708
1773.7,-0.635815399487757
1773.8,0.0477783180432823
1773.9,-0.586987276806968
1774,-0.831127890210911
1774.1,-1.66120597578431
1774.2,-1.24616693299761
1774.3,-0.391674786083814
1774.4,-0.367260724743414
1774.5,-0.416088847424209
1774.6,-0.8799560128917
1774.7,-1.19733881031682
1774.8,-0.953198196912882
1774.9,-1.85651846650747
1775,-0.464916970104997
1775.1,0.829028280935898
1775.2,-0.0987060499990832
1775.3,-0.977612258253271
1775.4,-0.855541951551299
1775.5,-0.733471644849328
1775.6,0.413989238149196
1775.7,0.706957974233927
1775.8,-0.953198196912882
1775.9,-0.977612258253276
1776,-1.3194091170188
1776.1,-1.00202631959366
1776.2,-0.635815399487751
1776.3,-0.440502908764597
1776.4,-0.19636229536066
1776.5,-0.977612258253276
1776.6,-0.123120111339472
1776.7,-0.17194823402026
1776.8,-0.34284666340302
1776.9,-0.489331031445386
1777,-0.904370074232094
1777.1,-1.27058099433801
1777.2,-1.39265130103997
1777.3,-1.41706536238037
1777.4,-1.6612059757843
1777.5,-2.83308092012324
1777.6,-1.46589348506116
1777.7,-0.782299767530122
1777.8,-1.36823723969958
1777.9,-1.63679191444392
1778,-1.07526850361485
1778.1,0.0233642567028937
1778.2,-1.51472160774195
1778.3,-1.7100340984651
1778.4,-1.27058099433801
1778.5,-1.22175287165722
1778.6,-1.02644038093406
1778.7,-2.00300283454983
1778.8,-1.83210440516708
1778.9,-1.07526850361485
1779,0.0721923793836822
1779.1,0.340747054128019
1779.2,-0.123120111339477
1779.3,-0.220776356701049
1779.4,-0.0498779273182947
1779.5,0.43840329948959
1779.6,-0.171948234020266
1779.7,-2.02741689589023
1779.8,-0.904370074232094
1779.9,1.61027824382851
1780,1.17082513970142
1780.1,-0.953198196912876
1780.2,-0.977612258253271
1780.3,-0.8799560128917
1780.4,-0.635815399487757
1780.5,0.340747054128025
1780.6,-1.02644038093406
1780.7,-1.09968256495525
1780.8,-1.27058099433801
1780.9,-1.56354973042274
1781,-1.61237785310353
1781.1,-2.00300283454983
1781.2,-0.147534172679872
1781.3,-0.196362295360655
1781.4,-0.147534172679866
1781.5,-1.2949950556784
1781.6,-1.3194091170188
1781.7,-0.51374509278578
1781.8,-1.61237785310352
1781.9,-2.32038563197496
1782,-1.63679191444392
1782.1,-0.367260724743414
1782.2,-1.46589348506116
1782.3,-1.88093252784786
1782.4,-0.977612258253271
1782.5,-0.318432602062626
1782.6,-0.196362295360655
1782.7,0.218676747426042
1782.8,-0.391674786083809
1782.9,-0.53815915412618
1783,-0.416088847424209
1783.1,-0.928784135572488
1783.2,-1.97858877320944
1783.3,-1.14851068763604
1783.4,-0.538159154126168
1783.5,-1.05085444227445
1783.6,-1.49030754640156
1783.7,-0.123120111339472
1783.8,-0.440502908764597
1783.9,-0.928784135572488
1784,-0.977612258253276
1784.1,-0.342846663403026
1784.2,-0.586987276806968
1784.3,-0.464916970104997
1784.4,-0.782299767530122
1784.5,-0.953198196912882
1784.6,-0.733471644849328
1784.7,-0.928784135572482
1784.8,-1.07526850361485
1784.9,-1.58796379176313
1785,-1.46589348506116
1785.1,-0.733471644849334
1785.2,-0.416088847424209
1785.3,-0.31843260206262
1785.4,-0.123120111339477
1785.5,-0.660229460828145
1785.6,-0.416088847424209
1785.7,0.340747054128013
1785.8,-1.49030754640156
1785.9,-0.586987276806968
1786,-0.928784135572488
1786.1,-0.928784135572482
1786.2,-1.09968256495524
1786.3,-1.2949950556784
1786.4,0.194262686085648
1786.5,-0.220776356701049
1786.6,-1.31940911701879
1786.7,-0.416088847424209
1786.8,0.877856403616698
1786.9,-0.440502908764603
1787,-1.66120597578432
1787.1,-0.440502908764603
1787.2,-0.294018540722237
1787.3,-1.63679191444392
1787.4,-1.44147942372077
1787.5,-0.53815915412618
1787.6,-1.270580994338
1787.7,-1.07526850361485
1787.8,-0.0987060499990719
1787.9,-0.70905758350894
1788,-1.66120597578431
1788.1,-0.440502908764603
1788.2,-1.39265130103997
1788.3,-0.489331031445391
1788.4,0.340747054128025
1788.5,0.877856403616687
1788.6,-0.8799560128917
1788.7,-0.147534172679866
1788.8,-0.318432602062626
1788.9,-0.684643522168545
1789,-0.269604479381843
1789.1,-0.464916970104991
1789.2,0.194262686085648
1789.3,0.0721923793836765
1789.4,-0.855541951551299
1789.5,-1.09968256495525
1789.6,0.267504870106831
1789.7,-0.562573215466568
1789.8,-1.27058099433801
1789.9,-1.58796379176313
1790,-0.8311278902109
1790.1,0.243090808766442
1790.2,-0.709057583508934
1790.3,-1.09968256495525
1790.4,-0.879956012891694
1790.5,-0.269604479381837
1790.6,-0.904370074232088
1790.7,0.29191893144723
1790.8,-0.928784135572482
1790.9,-0.953198196912876
1791,-0.53815915412618
1791.1,-0.00104980463750621
1791.2,-0.489331031445391
1791.3,-1.36823723969958
1791.4,-0.196362295360655
1791.5,0.584887667531956
1791.6,-0.0498779273182947
1791.7,-0.245190418041449
1791.8,-0.245190418041443
1791.9,0.267504870106831
1792,-1.34382317835919
1792.1,-0.51374509278578
1792.2,1.02434077165905
1792.3,0.584887667531962
1792.4,-0.440502908764603
1792.5,-1.02644038093406
1792.6,-0.318432602062626
1792.7,-0.367260724743414
1792.8,0.267504870106836
1792.9,0.291918931447236
1793,-0.586987276806968
1793.1,-0.953198196912882
1793.2,-0.586987276806963
1793.3,0.438403299489596
1793.4,-0.709057583508934
1793.5,-0.928784135572488
1793.6,-1.97858877320944
1793.7,-2.29597157063456
1793.8,-1.49030754640156
1793.9,-1.17292474897643
1794,-0.733471644849334
1794.1,-0.53815915412618
1794.2,-0.757885706189722
1794.3,-0.294018540722237
1794.4,-0.0498779273182834
1794.5,-0.660229460828151
1794.6,-0.684643522168545
1794.7,-0.440502908764603
1794.8,-1.56354973042273
1794.9,-0.977612258253276
1795,-0.928784135572482
1795.1,-1.05085444227445
1795.2,0.145434563404859
1795.3,-0.342846663403026
1795.4,-1.24616693299761
1795.5,-1.88093252784786
1795.6,-2.05183095723062
1795.7,-1.75886222114589
1795.8,-0.855541951551299
1795.9,-1.17292474897643
1796,-1.7344481598055
1796.1,-1.49030754640156
1796.2,-0.342846663403014
1796.3,0.316332992787625
1796.4,-0.684643522168545
1796.5,-1.24616693299761
1796.6,-1.75886222114589
1796.7,-1.95417471186905
1796.8,-0.635815399487757
1796.9,-0.0742919886586833
1797,-0.245190418041449
1797.1,-0.953198196912882
1797.2,0.194262686085648
1797.3,-0.36726072474342
1797.4,-0.562573215466568
1797.5,0.633715790212756
1797.6,-0.123120111339477
1797.7,-0.513745092785786
1797.8,-0.782299767530122
1797.9,-1.2949950556784
1798,-0.879956012891694
1798.1,-1.24616693299761
1798.2,-1.68562003712471
1798.3,-1.90534658918826
1798.4,-1.3194091170188
1798.5,-1.31940911701879
1798.6,-0.416088847424209
1798.7,-0.660229460828151
1798.8,-0.635815399487751
1798.9,-0.147534172679866
1799,-0.269604479381837
1799.1,-1.12409662629564
1799.2,-0.635815399487757
1799.3,-0.904370074232094
1799.4,-1.39265130103997
1799.5,-0.855541951551294
1799.6,0.46281736082999
1799.7,0.340747054128025
1799.8,-0.220776356701054
1799.9,0.121020502064465
1800,-0.440502908764591
1800.1,-1.07526850361485
1800.2,0.121020502064471
1800.3,0.731372035574321
1800.4,0.389575176808808
1800.5,-1.24616693299761
1800.6,-0.977612258253271
1800.7,-1.14851068763604
1800.8,-1.17292474897643
1800.9,-0.220776356701049
1801,-1.36823723969958
1801.1,-1.78327628248629
1801.2,-2.1250731412518
1801.3,-0.464916970104997
1801.4,-0.635815399487751
1801.5,-1.51472160774195
1801.6,-1.80769034382668
1801.7,-1.51472160774195
1801.8,-0.416088847424209
1801.9,-0.440502908764591
1802,0.0477783180432823
1802.1,-1.46589348506116
1802.2,-0.586987276806968
1802.3,-0.757885706189728
1802.4,-1.07526850361485
1802.5,-2.00300283454983
1802.6,-0.635815399487751
1802.7,-0.489331031445391
1802.8,-1.07526850361485
1802.9,-2.12507314125181
1803,-1.02644038093406
1803.1,-0.171948234020266
1803.2,0.316332992787619
1803.3,-1.17292474897643
1803.4,-1.66120597578431
1803.5,-1.17292474897643
1803.6,-0.611401338147357
1803.7,-0.562573215466574
1803.8,-0.977612258253276
1803.9,-1.7344481598055
1804,-2.05183095723062
1804.1,-1.49030754640156
1804.2,-1.90534658918826
1804.3,-0.635815399487751
1804.4,-1.07526850361485
1804.5,-0.904370074232088
1804.6,-1.12409662629564
1804.7,-1.24616693299761
1804.8,-1.2949950556784
1804.9,-1.24616693299761
1805,-0.220776356701049
1805.1,0.340747054128013
1805.2,0.023364256702888
1805.3,-1.00202631959366
1805.4,-0.391674786083814
1805.5,0.0966064407240708
1805.6,-0.0498779273182947
1805.7,0.365161115468408
1805.8,0.389575176808802
1805.9,-0.123120111339477
1806,-0.464916970104997
1806.1,-0.806713828870517
1806.2,-1.22175287165721
1806.3,0.0233642567028937
1806.4,0.46281736082999
1806.5,0.340747054128019
1806.6,-0.123120111339477
1806.7,-0.904370074232094
1806.8,-0.440502908764603
1806.9,-0.684643522168545
1807,-0.562573215466574
1807.1,-0.342846663403026
1807.2,0.0966064407240708
1807.3,-0.171948234020266
1807.4,-0.928784135572482
1807.5,-0.0498779273182947
1807.6,-0.0498779273182947
1807.7,0.60930172887235
1807.8,-0.855541951551305
1807.9,-1.24616693299761
1808,-0.733471644849328
1808.1,-0.70905758350894
1808.2,-1.80769034382668
1808.3,-1.27058099433801
1808.4,-0.831127890210905
1808.5,-0.782299767530122
1808.6,-1.2949950556784
1808.7,-0.782299767530122
1808.8,-0.953198196912876
1808.9,-0.806713828870511
1809,-1.83210440516708
1809.1,-1.83210440516708
1809.2,-0.928784135572488
1809.3,0.0233642567029051
1809.4,0.46281736082999
1809.5,0.60930172887235
1809.6,-0.171948234020255
1809.7,0.829028280935904
1809.8,0.316332992787625
1809.9,-1.19733881031682
1810,0.316332992787619
1810.1,0.633715790212756
1810.2,-0.049877927318289
1810.3,0.0966064407240708
1810.4,-0.586987276806968
1810.5,-1.19733881031682
1810.6,-2.36921375465574
1810.7,-0.660229460828145
1810.8,-1.05085444227446
1810.9,-0.220776356701049
1811,-0.074291988658689
1811.1,-0.831127890210911
1811.2,-1.02644038093406
1811.3,-2.05183095723062
1811.4,-0.416088847424209
1811.5,-0.123120111339477
1811.6,-0.586987276806968
1811.7,-0.953198196912871
1811.8,-0.196362295360655
1811.9,-0.416088847424209
1812,-0.733471644849334
1812.1,0.0477783180432823
1812.2,-0.757885706189728
1812.3,-1.51472160774194
1812.4,-0.782299767530117
1812.5,-0.245190418041449
1812.6,-1.19733881031682
1812.7,-2.10065907991141
1812.8,-1.14851068763604
1812.9,-1.3194091170188
1813,-2.95515122682521
1813.1,-2.27155750929417
1813.2,-0.782299767530122
1813.3,-0.0254638659779005
1813.4,-0.977612258253271
1813.5,-0.0987060499990719
1813.6,-0.635815399487757
1813.7,-0.782299767530122
1813.8,-0.318432602062626
1813.9,-0.440502908764603
1814,-0.562573215466574
1814.1,-0.782299767530122
1814.2,-1.39265130103998
1814.3,-0.562573215466568
1814.4,-1.34382317835919
1814.5,-0.831127890210911
1814.6,0.243090808766436
1814.7,-1.75886222114589
1814.8,-1.92976065052865
1814.9,-1.51472160774194
1815,-2.1250731412518
1815.1,-1.90534658918826
1815.2,-0.635815399487751
1815.3,-0.782299767530122
1815.4,-0.928784135572488
1815.5,-0.171948234020266
1815.6,-0.709057583508934
1815.7,-2.61335436805969
1815.8,-2.54011218403851
1815.9,-1.05085444227446
1816,-0.635815399487757
1816.1,-0.757885706189722
1816.2,-0.977612258253271
1816.3,-1.34382317835919
1816.4,-1.05085444227446
1816.5,-2.1494872025922
1816.6,-1.78327628248628
1816.7,-0.977612258253276
1816.8,-1.39265130103996
1816.9,-2.24714344795378
1817,-1.85651846650746
1817.1,-0.831127890210911
1817.2,-1.44147942372077
1817.3,-1.83210440516708
1817.4,-1.83210440516708
1817.5,-2.32038563197495
1817.6,-1.49030754640155
1817.7,-1.3194091170188
1817.8,-0.635815399487751
1817.9,-2.12507314125181
1818,-1.80769034382667
1818.1,-2.02741689589023
1818.2,-1.49030754640156
1818.3,-0.977612258253276
1818.4,-1.46589348506116
1818.5,-1.46589348506116
1818.6,-1.12409662629564
1818.7,-0.831127890210911
1818.8,-1.00202631959366
1818.9,-1.92976065052865
1819,-2.07624501857101
1819.1,-1.07526850361485
1819.2,-1.05085444227446
1819.3,-1.12409662629564
1819.4,-1.05085444227446
1819.5,-0.611401338147363
1819.6,-1.07526850361485
1819.7,-1.31940911701879
1819.8,-2.32038563197496
1819.9,-1.92976065052865
1820,-1.88093252784786
1820.1,-1.90534658918826
1820.2,-0.19636229536066
1820.3,-0.36726072474342
1820.4,-2.07624501857101
1820.5,-1.78327628248629
1820.6,-1.46589348506116
1820.7,-1.270580994338
1820.8,-1.46589348506116
1820.9,-1.88093252784786
1821,-1.17292474897643
1821.1,-0.147534172679872
1821.2,-0.464916970104991
1821.3,-1.41706536238037
1821.4,-0.513745092785786
1821.5,0.0721923793836822
1821.6,-0.0742919886586776
1821.7,1.02434077165905
1821.8,-0.00104980463750621
1821.9,-1.78327628248629
1822,-1.56354973042274
1822.1,-1.22175287165722
1822.2,0.462817360829985
1822.3,0.536059544851167
1822.4,-0.269604479381837
1822.5,-0.074291988658689
1822.6,-0.757885706189728
1822.7,0.0477783180432823
1822.8,-0.171948234020255
1822.9,-1.12409662629564
1823,-1.17292474897643
1823.1,-0.245190418041443
1823.2,-0.440502908764603
1823.3,-1.44147942372076
1823.4,-1.41706536238037
1823.5,-1.78327628248628
1823.6,-0.586987276806968
1823.7,-0.757885706189722
1823.8,-0.367260724743414
1823.9,-0.928784135572488
1824,-1.46589348506116
1824.1,-1.09968256495524
1824.2,-1.58796379176313
1824.3,-0.123120111339477
1824.4,-0.489331031445386
1824.5,-1.27058099433801
1824.6,-1.61237785310352
1824.7,-1.78327628248629
1824.8,-1.2949950556784
1824.9,-0.245190418041449
1825,0.658129851553144
1825.1,0.047778318043288
1825.2,-0.977612258253276
1825.3,-0.294018540722237
1825.4,-0.513745092785786
1825.5,-1.05085444227446
1825.6,0.291918931447225
1825.7,-0.538159154126174
1825.8,-1.05085444227446
1825.9,-1.51472160774195
1826,-0.0987060499990832
1826.1,-0.196362295360655
1826.2,-0.977612258253271
1826.3,0.194262686085648
1826.4,0.78020015825511
1826.5,-0.684643522168545
1826.6,-2.05183095723062
1826.7,-1.27058099433801
1826.8,-0.440502908764603
1826.9,0.43840329948959
1827,-0.684643522168545
1827.1,-0.611401338147357
1827.2,-0.562573215466574
1827.3,-0.611401338147357
1827.4,-0.928784135572482
1827.5,-1.53913566908234
1827.6,0.047778318043288
1827.7,-0.147534172679866
1827.8,-0.17194823402026
1827.9,-2.22272938661338
1828,-1.92976065052865
1828.1,0.0477783180432823
1828.2,-0.806713828870511
1828.3,-0.342846663403026
1828.4,-0.049877927318289
1828.5,-0.806713828870517
1828.6,-1.92976065052865
1828.7,-1.92976065052864
1828.8,-1.6856200371247
1828.9,-2.07624501857102
1829,-1.7100340984651
1829.1,-1.56354973042274
1829.2,-1.68562003712471
1829.3,-1.7100340984651
1829.4,-1.19733881031682
1829.5,-0.586987276806968
1829.6,-0.782299767530122
1829.7,-1.88093252784786
1829.8,-2.05183095723062
1829.9,-1.53913566908233
1830,-1.88093252784785
1830.1,-1.29499505567839
1830.2,-0.416088847424209
1830.3,-0.440502908764597
1830.4,-1.09968256495525
1830.5,-1.58796379176313
1830.6,-0.904370074232094
1830.7,-0.757885706189722
1830.8,-0.294018540722232
1830.9,-0.196362295360649
1831,-1.92976065052865
1831.1,-1.12409662629564
1831.2,-0.782299767530122
1831.3,-0.70905758350894
1831.4,-0.440502908764597
1831.5,-1.97858877320944
1831.6,-1.44147942372077
1831.7,-0.831127890210905
1831.8,-0.831127890210911
1831.9,-0.977612258253276
1832,-0.538159154126174
1832.1,-1.24616693299761
1832.2,-0.269604479381843
1832.3,-0.245190418041449
1832.4,-0.684643522168545
1832.5,-0.635815399487751
1832.6,-1.75886222114588
1832.7,-2.5889403067193
1832.8,-1.97858877320944
1832.9,-1.53913566908234
1833,-0.953198196912882
1833.1,-0.70905758350894
1833.2,-1.36823723969958
1833.3,-1.00202631959366
1833.4,-1.80769034382668
1833.5,-2.93073716548482
1833.6,-2.27155750929417
1833.7,-2.88190904280402
1833.8,-2.83308092012324
1833.9,-3.10163559486758
1834,-2.63776842940009
1834.1,-1.85651846650747
1834.2,-1.07526850361485
1834.3,-1.41706536238037
1834.4,-0.904370074232088
1834.5,-0.977612258253276
1834.6,-1.90534658918825
1834.7,-1.39265130103998
1834.8,-1.85651846650747
1834.9,-1.36823723969958
1835,-1.14851068763604
1835.1,-0.928784135572488
1835.2,-1.61237785310353
1835.3,-1.90534658918826
1835.4,-0.757885706189717
1835.5,-0.367260724743414
1835.6,-1.90534658918826
1835.7,-2.32038563197496
1835.8,-1.46589348506116
1835.9,-1.39265130103998
1836,-0.8799560128917
1836.1,-0.342846663403026
1836.2,-1.2949950556784
1836.3,-0.489331031445386
1836.4,-0.782299767530122
1836.5,-0.757885706189728
1836.6,0.121020502064471
1836.7,-0.0498779273182947
1836.8,0.584887667531967
1836.9,-0.123120111339477
1837,-0.513745092785786
1837.1,-0.245190418041443
1837.2,0.0721923793836765
1837.3,-0.049877927318289
1837.4,0.194262686085659
1837.5,-0.245190418041449
1837.6,-2.29597157063457
1837.7,-1.34382317835918
1837.8,0.218676747426059
1837.9,-0.70905758350894
1838,-1.05085444227446
1838.1,-1.78327628248629
1838.2,-1.53913566908234
1838.3,-0.977612258253276
1838.4,-1.58796379176313
1838.5,-1.2949950556784
1838.6,-1.39265130103998
1838.7,-2.41804187733653
1838.8,-1.05085444227445
1838.9,-1.24616693299761
1839,-1.12409662629564
1839.1,0.877856403616687
1839.2,-0.0498779273182947
1839.3,-1.31940911701879
1839.4,-1.80769034382667
1839.5,-1.56354973042274
1839.6,-1.85651846650745
1839.7,-1.61237785310352
1839.8,-2.02741689589023
1839.9,-0.416088847424203
1840,-1.24616693299761
1840.1,-2.22272938661338
1840.2,-2.49128406135772
1840.3,-1.88093252784786
1840.4,-1.09968256495525
1840.5,-2.10065907991141
1840.6,-1.02644038093406
1840.7,0.365161115468408
1840.8,-1.02644038093406
1840.9,-1.41706536238037
1841,-0.489331031445391
1841.1,0.243090808766436
1841.2,-0.635815399487757
1841.3,-0.123120111339477
1841.4,-0.51374509278578
1841.5,-0.0498779273182947
1841.6,-0.660229460828151
1841.7,-1.46589348506115
1841.8,-0.806713828870517
1841.9,-0.123120111339472
1842,0.121020502064465
1842.1,-0.00104980463750621
1842.2,-0.19636229536066
1842.3,-0.684643522168545
1842.4,-1.19733881031682
1842.5,-0.53815915412618
1842.6,-0.318432602062632
1842.7,-1.2949950556784
1842.8,-1.22175287165722
1842.9,-0.416088847424209
1843,-1.56354973042274
1843.1,-1.19733881031682
1843.2,-1.36823723969958
1843.3,-1.46589348506115
1843.4,-1.14851068763604
1843.5,0.0721923793836765
1843.6,-0.586987276806968
1843.7,-2.02741689589022
1843.8,-1.78327628248629
1843.9,-2.19831532527299
1844,-0.977612258253271
1844.1,-1.05085444227446
1844.2,-0.464916970104997
1844.3,1.04875483299946
1844.4,0.609301728872356
1844.5,-1.3194091170188
1844.6,-0.782299767530122
1844.7,-1.05085444227446
1844.8,-2.80866685878285
1844.9,-2.80866685878284
1845,-2.51569812269811
1845.1,-1.61237785310353
1845.2,-1.02644038093405
1845.3,-0.464916970104997
1845.4,-0.53815915412618
1845.5,-0.391674786083814
1845.6,-1.29499505567839
1845.7,-1.80769034382668
1845.8,-1.75886222114589
1845.9,-0.562573215466568
1846,1.17082513970142
1846.1,-0.294018540722232
1846.2,-1.75886222114589
1846.3,-0.66022946082814
1846.4,-0.68464352216854
1846.5,-0.904370074232094
1846.6,-0.611401338147363
1846.7,-0.464916970104997
1846.8,-0.733471644849334
1846.9,-0.0498779273182947
1847,-0.953198196912882
1847.1,-1.14851068763604
1847.2,-1.92976065052865
1847.3,-1.22175287165722
1847.4,-0.635815399487757
1847.5,-1.66120597578432
1847.6,-0.953198196912876
1847.7,-0.074291988658689
1847.8,-1.75886222114589
1847.9,-2.17390126393259
1848,-2.41804187733654
1848.1,-2.10065907991141
1848.2,-0.831127890210905
1848.3,0.169848624745259
1848.4,-0.855541951551305
1848.5,-0.782299767530122
1848.6,0.511645483510773
1848.7,0.0477783180432823
1848.8,0.46281736082999
1848.9,0.145434563404859
1849,0.536059544851167
1849.1,-1.58796379176313
1849.2,-2.32038563197496
1849.3,-1.00202631959367
1849.4,-0.733471644849334
1849.5,0.316332992787619
1849.6,-1.270580994338
1849.7,-0.70905758350894
1849.8,-0.0987060499990832
1849.9,-0.391674786083809
1850,0.145434563404859
1850.1,-0.440502908764603
1850.2,-0.855541951551305
1850.3,-1.41706536238037
1850.4,-1.00202631959367
1850.5,-0.19636229536066
1850.6,-0.489331031445386
1850.7,-0.464916970104997
1850.8,-2.1494872025922
1850.9,-1.66120597578431
1851,-1.46589348506116
1851.1,-0.391674786083814
1851.2,-0.464916970104997
1851.3,-1.75886222114589
1851.4,-0.855541951551305
1851.5,-1.12409662629564
1851.6,-1.49030754640156
1851.7,-0.220776356701054
1851.8,-0.294018540722237
1851.9,-0.757885706189728
1852,0.121020502064471
1852.1,-0.53815915412618
1852.2,-1.58796379176313
1852.3,-2.17390126393259
1852.4,-1.24616693299761
1852.5,-0.0742919886586776
1852.6,0.365161115468419
1852.7,-0.855541951551299
1852.8,-1.41706536238037
1852.9,-0.953198196912876
1853,-1.66120597578432
1853.1,-1.58796379176313
1853.2,-2.05183095723062
1853.3,-0.538159154126174
1853.4,-0.586987276806963
1853.5,-1.14851068763604
1853.6,-1.80769034382668
1853.7,-0.831127890210905
1853.8,-1.09968256495524
1853.9,-1.3194091170188
1854,-0.562573215466574
1854.1,-1.56354973042273
1854.2,-0.538159154126174
1854.3,-0.684643522168545
1854.4,-0.855541951551288
1854.5,0.121020502064465
1854.6,-0.733471644849334
1854.7,-0.294018540722226
1854.8,0.80461421959551
1854.9,-1.00202631959367
1855,-1.7100340984651
1855.1,-0.879956012891694
1855.2,-1.83210440516707
1855.3,-1.53913566908234
1855.4,-1.75886222114589
1855.5,-0.635815399487751
1855.6,0.365161115468413
1855.7,0.0477783180432823
1855.8,-1.05085444227445
1855.9,-0.70905758350894
1856,-0.586987276806968
1856.1,-0.220776356701049
1856.2,-0.953198196912882
1856.3,-1.83210440516708
1856.4,-1.53913566908234
1856.5,-0.611401338147363
1856.6,-0.831127890210911
1856.7,-1.46589348506116
1856.8,-1.24616693299761
1856.9,-1.2949950556784
1857,-1.2949950556784
1857.1,-0.782299767530122
1857.2,0.169848624745259
1857.3,-1.3194091170188
1857.4,0.413989238149196
1857.5,-0.19636229536066
1857.6,-0.977612258253276
1857.7,-0.684643522168545
1857.8,-1.17292474897643
1857.9,-0.53815915412618
1858,-0.147534172679866
1858.1,-0.342846663403026
1858.2,-0.782299767530117
1858.3,-0.757885706189728
1858.4,-0.928784135572482
1858.5,0.169848624745259
1858.6,-0.245190418041449
1858.7,-1.2949950556784
1858.8,-1.46589348506116
1858.9,-1.75886222114589
1859,-1.07526850361485
1859.1,-0.220776356701054
1859.2,-1.75886222114589
1859.3,-2.44245593867693
1859.4,-0.928784135572488
1859.5,0.0966064407240708
1859.6,-0.36726072474342
1859.7,-1.97858877320944
1859.8,-0.684643522168545
1859.9,-0.123120111339477
1860,-0.831127890210911
1860.1,-2.00300283454983
1860.2,-2.32038563197495
1860.3,-0.586987276806963
1860.4,-0.709057583508928
1860.5,-1.12409662629564
1860.6,-1.41706536238037
1860.7,-0.977612258253276
1860.8,-1.02644038093405
1860.9,-0.953198196912882
1861,-0.611401338147363
1861.1,-1.2949950556784
1861.2,-0.977612258253276
1861.3,-1.19733881031682
1861.4,-2.02741689589023
1861.5,-1.88093252784786
1861.6,-0.904370074232094
1861.7,-0.684643522168545
1861.8,-1.19733881031682
1861.9,-2.49128406135772
1862,-1.61237785310353
1862.1,-2.12507314125181
1862.2,-2.49128406135772
1862.3,-1.58796379176313
1862.4,-1.46589348506116
1862.5,-2.1494872025922
1862.6,-2.07624501857102
1862.7,-1.39265130103998
1862.8,-0.562573215466568
1862.9,-1.75886222114589
1863,-1.36823723969958
1863.1,-2.22272938661338
1863.2,-1.95417471186904
1863.3,-1.85651846650747
1863.4,-0.8799560128917
1863.5,-1.31940911701879
1863.6,-2.71101061342127
1863.7,-1.39265130103997
1863.8,-0.977612258253271
1863.9,-1.2949950556784
1864,-1.51472160774195
1864.1,-2.51569812269811
1864.2,-3.07722153352718
1864.3,-1.34382317835918
1864.4,-0.855541951551299
1864.5,-0.855541951551305
1864.6,-1.58796379176313
1864.7,-0.513745092785769
1864.8,-1.34382317835919
1864.9,-1.05085444227446
1865,-0.904370074232094
1865.1,-0.806713828870517
1865.2,-0.782299767530117
1865.3,-0.36726072474342
1865.4,-0.977612258253276
1865.5,0.0721923793836822
1865.6,-0.953198196912882
1865.7,-1.00202631959367
1865.8,-0.464916970104991
1865.9,0.0966064407240765
1866,-0.586987276806968
1866.1,-0.440502908764591
1866.2,-0.782299767530122
1866.3,-1.17292474897643
1866.4,-0.19636229536066
1866.5,0.0477783180432823
1866.6,-0.831127890210905
1866.7,-0.562573215466574
1866.8,-0.928784135572488
1866.9,-1.36823723969957
1867,-1.09968256495525
1867.1,-1.51472160774194
1867.2,-0.782299767530122
1867.3,-1.7344481598055
1867.4,-1.58796379176313
1867.5,-0.074291988658689
1867.6,-0.611401338147363
1867.7,-0.953198196912882
1867.8,-0.586987276806968
1867.9,-1.63679191444392
1868,-1.17292474897643
1868.1,-1.19733881031682
1868.2,-1.61237785310353
1868.3,-0.8799560128917
1868.4,0.536059544851167
1868.5,0.218676747426048
1868.6,-0.391674786083814
1868.7,-0.635815399487757
1868.8,-1.49030754640156
1868.9,-0.855541951551299
1869,-1.39265130103998
1869.1,-1.66120597578432
1869.2,-0.342846663403026
1869.3,0.023364256702888
1869.4,-0.464916970104986
1869.5,-0.904370074232094
1869.6,-0.489331031445386
1869.7,-1.41706536238037
1869.8,-1.24616693299761
1869.9,-0.66022946082814
1870,-0.245190418041449
1870.1,-0.611401338147351
1870.2,-0.171948234020266
1870.3,-0.53815915412618
1870.4,-1.19733881031682
1870.5,-1.19733881031682
1870.6,-1.75886222114589
1870.7,-0.733471644849328
1870.8,-1.02644038093406
1870.9,-1.2949950556784
1871,-0.416088847424197
1871.1,-0.489331031445386
1871.2,-0.123120111339477
1871.3,0.218676747426048
1871.4,-0.17194823402026
1871.5,-0.855541951551305
1871.6,0.536059544851167
1871.7,-0.123120111339466
1871.8,-1.05085444227446
1871.9,-0.489331031445391
1872,-0.928784135572488
1872.1,-1.44147942372077
1872.2,-0.586987276806968
1872.3,-0.806713828870511
1872.4,-1.05085444227446
1872.5,-0.977612258253276
1872.6,-0.294018540722237
1872.7,-0.416088847424209
1872.8,-0.342846663403026
1872.9,-0.831127890210911
1873,-1.07526850361485
1873.1,-0.831127890210911
1873.2,-1.85651846650746
1873.3,-0.34284666340302
1873.4,0.0721923793836822
1873.5,-0.36726072474342
1873.6,-1.05085444227446
1873.7,-1.14851068763604
1873.8,-0.367260724743409
1873.9,-0.855541951551294
1874,-1.00202631959367
1874.1,-0.977612258253276
1874.2,0.145434563404865
1874.3,-1.7100340984651
1874.4,-1.09968256495524
1874.5,-0.19636229536066
1874.6,-1.12409662629564
1874.7,-1.14851068763603
1874.8,-1.14851068763603
1874.9,-0.342846663403026
1875,0.877856403616693
1875.1,-0.440502908764597
1875.2,-1.39265130103997
1875.3,-0.977612258253276
1875.4,-1.92976065052865
1875.5,-2.05183095723062
1875.6,-1.7344481598055
1875.7,-0.977612258253276
1875.8,-0.70905758350894
1875.9,-0.904370074232094
1876,-1.09968256495525
1876.1,-1.07526850361485
1876.2,-0.367260724743409
1876.3,-0.831127890210905
1876.4,-2.00300283454983
1876.5,-0.977612258253271
1876.6,0.291918931447225
1876.7,0.389575176808808
1876.8,-0.635815399487751
1876.9,-0.513745092785786
1877,-1.14851068763604
1877.1,-0.782299767530122
1877.2,-0.245190418041443
1877.3,-1.34382317835919
1877.4,-0.904370074232088
1877.5,-0.660229460828145
1877.6,0.145434563404871
1877.7,-0.904370074232094
1877.8,-0.36726072474342
1877.9,-1.34382317835918
1878,-2.24714344795378
1878.1,-1.78327628248628
1878.2,-0.733471644849328
1878.3,-0.562573215466574
1878.4,-0.562573215466574
1878.5,-0.00104980463750621
1878.6,-0.269604479381837
1878.7,-1.66120597578431
1878.8,-2.00300283454983
1878.9,-1.22175287165722
1879,-0.660229460828145
1879.1,-1.12409662629564
1879.2,-1.24616693299761
1879.3,-0.855541951551305
1879.4,-0.8799560128917
1879.5,-1.88093252784786
1879.6,-0.733471644849328
1879.7,-0.342846663403026
1879.8,-0.977612258253271
1879.9,-1.49030754640155
1880,-1.34382317835919
1880.1,-1.36823723969958
1880.2,-0.879956012891694
1880.3,-1.19733881031682
1880.4,-1.00202631959367
1880.5,-1.22175287165722
1880.6,-0.831127890210905
1880.7,-0.586987276806963
1880.8,-0.733471644849334
1880.9,-1.73444815980549
1881,-2.22272938661338
1881.1,-1.78327628248629
1881.2,-1.39265130103997
1881.3,-0.733471644849331
1881.4,-0.513745092785786
1881.5,-0.635815399487757
1881.6,-0.928784135572482
1881.7,-1.36823723969958
1881.8,-0.19636229536066
1881.9,-0.855541951551299
1882,-2.29597157063456
1882.1,-0.196362295360655
1882.2,0.0966064407240708
1882.3,-0.489331031445386
1882.4,-0.831127890210911
1882.5,-1.12409662629564
1882.6,-0.782299767530122
1882.7,-1.44147942372077
1882.8,-1.39265130103997
1882.9,-0.19636229536066
1883,-0.513745092785786
1883.1,-0.635815399487757
1883.2,-0.318432602062632
1883.3,-0.245190418041449
1883.4,-0.0987060499990832
1883.5,-0.245190418041449
1883.6,-0.367260724743409
1883.7,-0.391674786083814
1883.8,-1.02644038093406
1883.9,-0.757885706189728
1884,-1.09968256495525
1884.1,-0.977612258253276
1884.2,-0.782299767530117
1884.3,-1.51472160774195
1884.4,-1.63679191444392
1884.5,-1.44147942372077
1884.6,-1.17292474897642
1884.7,-1.46589348506115
1884.8,-1.53913566908234
1884.9,-0.220776356701054
1885,0.194262686085648
1885.1,0.340747054128019
1885.2,-0.0987060499990832
1885.3,-0.00104980463750621
1885.4,-0.269604479381837
1885.5,-0.684643522168545
1885.6,-0.0987060499990832
1885.7,-1.02644038093406
1885.8,-1.3194091170188
1885.9,-0.904370074232094
1886,-0.147534172679872
1886.1,-0.367260724743414
1886.2,-1.73444815980549
1886.3,-1.95417471186904
1886.4,-2.12507314125181
1886.5,-2.22272938661338
1886.6,-2.1494872025922
1886.7,-1.83210440516708
1886.8,-1.2949950556784
1886.9,-1.2949950556784
1887,-0.782299767530122
1887.1,-1.61237785310353
1887.2,-1.02644038093406
1887.3,0.584887667531956
1887.4,-0.123120111339477
1887.5,-0.464916970104986
1887.6,-0.318432602062632
1887.7,-0.147534172679866
1887.8,-0.440502908764603
1887.9,0.365161115468419
1888,-0.220776356701049
1888.1,-0.51374509278578
1888.2,-0.684643522168545
1888.3,-1.51472160774195
1888.4,-2.17390126393259
1888.5,-0.489331031445391
1888.6,0.60930172887235
1888.7,-0.220776356701054
1888.8,-1.36823723969958
1888.9,-1.53913566908234
1889,-1.75886222114589
1889.1,-0.294018540722232
1889.2,-0.318432602062632
1889.3,-0.464916970104991
1889.4,-0.074291988658689
1889.5,-1.17292474897642
1889.6,-1.58796379176313
1889.7,-0.00104980463750053
1889.8,-0.00104980463750621
1889.9,-0.367260724743414
1890,0.511645483510773
1890.1,-0.70905758350894
1890.2,-1.83210440516707
1890.3,-0.733471644849328
1890.4,0.829028280935898
1890.5,-0.342846663403026
1890.6,-1.07526850361485
1890.7,-0.757885706189728
1890.8,-0.757885706189728
1890.9,0.316332992787619
1891,-0.977612258253271
1891.1,-0.782299767530117
1891.2,0.316332992787619
1891.3,-0.489331031445386
1891.4,-1.36823723969958
1891.5,-1.3194091170188
1891.6,-0.513745092785786
1891.7,-1.34382317835919
1891.8,-0.8799560128917
1891.9,-0.0254638659778948
1892,-0.51374509278578
1892.1,-0.342846663403026
1892.2,0.365161115468408
1892.3,-0.464916970104991
1892.4,-0.391674786083814
1892.5,0.829028280935898
1892.6,0.267504870106831
1892.7,-0.196362295360649
1892.8,-0.831127890210905
1892.9,-0.440502908764591
1893,-0.00104980463750621
1893.1,-1.46589348506116
1893.2,-0.171948234020266
1893.3,0.169848624745254
1893.4,-0.489331031445386
1893.5,-0.245190418041443
1893.6,-0.416088847424203
1893.7,0.29191893144723
1893.8,-1.34382317835919
1893.9,-1.49030754640155
1894,-0.611401338147363
1894.1,0.0966064407240708
1894.2,-1.07526850361485
1894.3,-0.294018540722237
1894.4,-0.660229460828151
1894.5,-0.269604479381843
1894.6,-0.294018540722226
1894.7,-0.147534172679866
1894.8,0.316332992787619
1894.9,-0.684643522168545
1895,-0.0987060499990775
1895.1,-0.562573215466574
1895.2,-0.220776356701049
1895.3,-0.440502908764603
1895.4,-0.269604479381843
1895.5,-1.78327628248628
1895.6,-0.34284666340302
1895.7,-0.0254638659779005
1895.8,-0.440502908764597
1895.9,-0.806713828870517
1896,-0.928784135572477
1896.1,-0.440502908764603
1896.2,0.0477783180432823
1896.3,-0.562573215466574
1896.4,-0.977612258253276
1896.5,-1.09968256495525
1896.6,-0.68464352216854
1896.7,-0.196362295360655
1896.8,-0.147534172679872
1896.9,0.780200158255116
1897,-0.416088847424209
1897.1,-0.074291988658689
1897.2,0.0721923793836765
1897.3,0.951098587637875
1897.4,0.658129851553139
1897.5,0.658129851553139
1897.6,0.316332992787625
1897.7,-1.14851068763603
1897.8,-0.611401338147363
1897.9,0.194262686085648
1898,0.0966064407240765
1898.1,-0.855541951551305
1898.2,-0.440502908764603
1898.3,0.877856403616687
1898.4,0.0721923793836765
1898.5,-0.342846663403026
1898.6,-1.78327628248628
1898.7,0.536059544851173
1898.8,0.877856403616693
1898.9,0.731372035574321
1899,0.389575176808802
1899.1,0.462817360829985
1899.2,-0.391674786083814
1899.3,-0.0742919886586833
1899.4,-0.8799560128917
1899.5,-0.904370074232094
1899.6,-1.22175287165722
1899.7,-1.36823723969958
1899.8,-0.757885706189728
1899.9,-1.270580994338
1900,-0.586987276806963
1900.1,-0.8067138288705
1900.2,-1.41706536238037
1900.3,1.17082513970143
1900.4,0.829028280935904
1900.5,0.0233642567028937
1900.6,-0.294018540722226
1900.7,-1.19733881031682
1900.8,-0.562573215466568
1900.9,0.0966064407240708
1901,0.389575176808802
1901.1,-0.12312011133946
1901.2,-0.0498779273182834
1901.3,-0.538159154126174
1901.4,0.0477783180432937
1901.5,-0.562573215466574
1901.6,0.462817360829985
1901.7,0.658129851553144
1901.8,-0.611401338147363
1901.9,0.194262686085648
1902,0.365161115468408
1902.1,0.023364256702888
1902.2,-1.56354973042273
1902.3,0.145434563404871
1902.4,0.658129851553144
1902.5,1.39055169176497
1902.6,0.536059544851179
1902.7,0.291918931447236
1902.8,-0.0254638659779005
1902.9,0.633715790212744
1903,1.12199701702064
1903.1,-0.416088847424203
1903.2,-0.416088847424209
1903.3,-0.489331031445391
1903.4,-0.074291988658689
1903.5,-0.660229460828151
1903.6,-1.07526850361485
1903.7,-0.464916970104997
1903.8,-0.123120111339472
1903.9,-0.0254638659779005
1904,-0.123120111339472
1904.1,-0.123120111339477
1904.2,0.243090808766442
1904.3,0.389575176808808
1904.4,0.78020015825511
1904.5,0.462817360829985
1904.6,-0.538159154126174
1904.7,-1.05085444227446
1904.8,-1.41706536238037
1904.9,-0.611401338147357
1905,-0.36726072474342
1905.1,-0.757885706189722
1905.2,-0.074291988658689
1905.3,-0.660229460828151
1905.4,-0.831127890210911
1905.5,0.0721923793836765
1905.6,0.43840329948959
1905.7,0.78020015825511
1905.8,0.340747054128019
1905.9,-0.123120111339477
1906,-0.245190418041443
1906.1,-0.147534172679872
1906.2,-0.562573215466568
1906.3,-0.123120111339472
1906.4,-0.0254638659778948
1906.5,-0.269604479381837
1906.6,-0.831127890210911
1906.7,-0.147534172679872
1906.8,-0.660229460828145
1906.9,-1.34382317835918
1907,-1.46589348506116
1907.1,-0.586987276806968
1907.2,-0.269604479381837
1907.3,0.169848624745254
1907.4,-0.928784135572482
1907.5,-0.36726072474342
1907.6,0.43840329948959
1907.7,0.365161115468408
1907.8,-0.171948234020266
1907.9,-0.074291988658689
1908,-0.904370074232088
1908.1,-1.3194091170188
1908.2,-0.953198196912876
1908.3,-0.318432602062626
1908.4,0.609301728872356
1908.5,0.951098587637875
1908.6,-0.0254638659779005
1908.7,-0.831127890210911
1908.8,-1.17292474897643
1908.9,-0.977612258253276
1909,-0.806713828870511
1909.1,-0.220776356701049
1909.2,0.267504870106831
1909.3,-0.464916970104997
1909.4,0.243090808766442
1909.5,0.267504870106831
1909.6,0.609301728872356
1909.7,-0.294018540722237
1909.8,-0.00104980463750053
1909.9,-0.245190418041449
1910,-0.51374509278578
1910.1,0.902270464957081
1910.2,0.633715790212744
1910.3,0.536059544851167
1910.4,-0.171948234020266
1910.5,-0.171948234020266
1910.6,-0.123120111339477
1910.7,-0.0498779273182947
1910.8,-0.245190418041449
1910.9,-0.147534172679855
1911,-0.294018540722237
1911.1,-0.367260724743409
1911.2,-1.270580994338
1911.3,-1.3194091170188
1911.4,0.0233642567028937
1911.5,0.609301728872356
1911.6,-0.0742919886586776
1911.7,-0.513745092785786
1911.8,0.389575176808802
1911.9,-0.513745092785769
1912,-0.391674786083814
1912.1,0.438403299489596
1912.2,0.194262686085648
1912.3,-0.269604479381843
1912.4,0.291918931447225
1912.5,-0.538159154126174
1912.6,-0.196362295360655
1912.7,0.536059544851173
1912.8,0.95109858763787
1912.9,-0.391674786083803
1913,-0.147534172679872
1913.1,0.365161115468408
1913.2,0.023364256702888
1913.3,0.462817360829985
1913.4,0.243090808766436
1913.5,0.365161115468419
1913.6,0.291918931447236
1913.7,-0.294018540722237
1913.8,-0.123120111339472
1913.9,1.43937981444576
1914,0.243090808766436
1914.1,-1.2461669329976
1914.2,-1.14851068763603
1914.3,-0.074291988658689
1914.4,0.340747054128013
1914.5,0.0966064407240765
1914.6,-0.245190418041437
1914.7,-0.879956012891694
1914.8,-0.538159154126174
1914.9,-0.660229460828151
1915,-0.611401338147363
1915.1,-0.0498779273182947
1915.2,-1.53913566908234
1915.3,-0.806713828870517
1915.4,-0.977612258253276
1915.5,0.0966064407240822
1915.6,-0.00104980463750621
1915.7,0.95109858763787
1915.8,-0.464916970104991
1915.9,-1.05085444227446
1916,0.291918931447225
1916.1,0.121020502064465
1916.2,-0.855541951551305
1916.3,-1.73444815980549
1916.4,-0.977612258253265
1916.5,-0.464916970104997
1916.6,0.267504870106831
1916.7,1.39055169176498
1916.8,0.926684526297481
1916.9,-0.904370074232088
1917,-0.123120111339477
1917.1,0.0477783180432823
1917.2,-0.953198196912882
1917.3,0.121020502064465
1917.4,-0.0498779273182947
1917.5,0.243090808766442
1917.6,-0.660229460828151
1917.7,-0.831127890210905
1917.8,-1.51472160774194
1917.9,-2.02741689589023
1918,-0.049877927318289
1918.1,-0.440502908764603
1918.2,-0.904370074232094
1918.3,0.340747054128013
1918.4,0.877856403616693
1918.5,0.194262686085648
1918.6,0.365161115468408
1918.7,0.0477783180432823
1918.8,-0.147534172679872
1918.9,0.340747054128013
1919,0.340747054128025
1919.1,0.340747054128019
1919.2,0.536059544851173
1919.3,0.462817360829993
1919.4,-0.831127890210905
1919.5,-0.440502908764603
1919.6,0.316332992787625
1919.7,0.29191893144723
1919.8,0.0233642567028994
1919.9,0.169848624745254
1920,0.243090808766448
1920.1,0.291918931447225
1920.2,0.0966064407240765
1920.3,0.43840329948959
1920.4,1.02434077165905
1920.5,1.36613763042458
1920.6,0.853442342276293
1920.7,0.121020502064465
1920.8,0.145434563404859
1920.9,0.536059544851167
1921,1.02434077165906
1921.1,-0.318432602062632
1921.2,-0.0987060499990832
1921.3,0.46281736082999
1921.4,1.21965326238221
1921.5,0.389575176808802
1921.6,0.78020015825511
1921.7,0.804614219595504
1921.8,1.39055169176497
1921.9,1.14641107836103
1922,2.17180165465759
1922.1,1.36613763042458
1922.2,0.560473606191567
1922.3,0.804614219595504
1922.4,0.975512648978275
1922.5,0.462817360829985
1922.6,0.023364256702888
1922.7,-0.196362295360655
1922.8,-0.342846663403026
1922.9,0.0966064407240708
1923,0.218676747426042
1923.1,0.0966064407240765
1923.2,0.536059544851179
1923.3,0.853442342276304
1923.4,-0.171948234020266
1923.5,-0.123120111339477
1923.6,0.0721923793836765
1923.7,0.243090808766436
1923.8,-0.00104980463750053
1923.9,-0.489331031445391
1924,0.829028280935898
1924.1,0.584887667531962
1924.2,-0.123120111339472
1924.3,-0.51374509278578
1924.4,-1.3194091170188
1924.5,-0.0498779273182947
1924.6,0.438403299489596
1924.7,1.04875483299945
1924.8,1.19523920104182
1924.9,-0.562573215466568
1925,-1.02644038093406
1925.1,-0.635815399487757
1925.2,-0.049877927318289
1925.3,-0.757885706189722
1925.4,-0.855541951551305
1925.5,-0.0498779273182947
1925.6,-0.733471644849328
1925.7,0.413989238149196
1925.8,0.731372035574327
1925.9,1.09758295568024
1926,0.804614219595504
1926.1,0.267504870106836
1926.2,-0.342846663403026
1926.3,0.46281736082999
1926.4,0.68254391289355
1926.5,-0.049877927318289
1926.6,-0.416088847424209
1926.7,-0.0742919886586776
1926.8,0.243090808766436
1926.9,0.584887667531962
1927,-0.635815399487757
1927.1,-0.53815915412618
1927.2,-0.245190418041449
1927.3,0.438403299489596
1927.4,-0.806713828870505
1927.5,-0.70905758350894
1927.6,-0.17194823402026
1927.7,0.194262686085659
1927.8,0.584887667531962
1927.9,0.536059544851167
1928,-0.294018540722237
1928.1,-0.34284666340302
1928.2,0.536059544851167
1928.3,0.43840329948959
1928.4,-1.22175287165722
1928.5,0.511645483510785
1928.6,0.755786096914727
1928.7,0.145434563404859
1928.8,-0.464916970104997
1928.9,-0.391674786083814
1929,-0.342846663403026
1929.1,-1.05085444227445
1929.2,-0.0987060499990775
1929.3,0.584887667531956
1929.4,-0.12312011133946
1929.5,-0.806713828870517
1929.6,0.194262686085648
1929.7,0.121020502064471
1929.8,-1.46589348506116
1929.9,0.43840329948959
1930,0.316332992787619
1930.1,-0.0498779273182947
1930.2,0.267504870106831
1930.3,0.0477783180432823
1930.4,0.536059544851173
1930.5,-0.074291988658689
1930.6,0.243090808766436
1930.7,0.023364256702888
1930.8,-0.147534172679866
1930.9,0.243090808766436
1931,-0.0254638659778834
1931.1,-0.904370074232094
1931.2,0.169848624745254
1931.3,0.511645483510773
1931.4,-0.684643522168545
1931.5,-0.36726072474342
1931.6,0.267504870106836
1931.7,-0.806713828870517
1931.8,0.0966064407240765
1931.9,-0.147534172679866
1932,0.0721923793836822
1932.1,0.0721923793836822
1932.2,-0.70905758350894
1932.3,-0.513745092785774
1932.4,-0.294018540722226
1932.5,0.609301728872362
1932.6,-0.245190418041449
1932.7,-0.0254638659779005
1932.8,-0.19636229536066
1932.9,0.389575176808808
1933,-0.367260724743414
1933.1,-0.733471644849334
1933.2,-0.318432602062626
1933.3,-0.00104980463750621
1933.4,0.487231422170379
1933.5,0.584887667531956
1933.6,1.07316889433984
1933.7,0.584887667531956
1933.8,0.780200158255116
1933.9,1.24406732372261
1934,-0.391674786083809
1934.1,-0.70905758350894
1934.2,-0.318432602062632
1934.3,0.218676747426042
1934.4,0.511645483510773
1934.5,0.487231422170385
1934.6,0.0721923793836765
1934.7,-1.36823723969958
1934.8,-0.879956012891694
1934.9,-0.269604479381843
1935,-0.342846663403026
1935.1,0.853442342276293
1935.2,0.731372035574321
1935.3,0.804614219595516
1935.4,-0.245190418041443
1935.5,-0.464916970104997
1935.6,-0.489331031445391
1935.7,-1.07526850361484
1935.8,-1.27058099433801
1935.9,-0.0498779273182947
1936,0.194262686085648
1936.1,-0.00104980463750621
1936.2,-0.00104980463750053
1936.3,-0.660229460828151
1936.4,-0.0498779273182947
1936.5,-0.245190418041449
1936.6,-0.489331031445386
1936.7,-0.635815399487757
1936.8,-0.220776356701054
1936.9,0.63371579021275
1937,0.169848624745259
1937.1,-0.36726072474342
1937.2,-0.782299767530122
1937.3,-0.733471644849334
1937.4,-1.39265130103998
1937.5,-0.19636229536066
1937.6,0.853442342276298
1937.7,0.291918931447225
1937.8,-1.19733881031682
1937.9,0.48723142217039
1938,0.536059544851173
1938.1,-0.171948234020266
1938.2,0.511645483510773
1938.3,0.853442342276293
1938.4,-0.831127890210905
1938.5,-0.367260724743414
1938.6,-1.44147942372077
1938.7,0.682543912893539
1938.8,0.291918931447225
1938.9,-1.07526850361485
1939,-0.953198196912871
1939.1,-0.245190418041449
1939.2,0.047778318043288
1939.3,-0.440502908764603
1939.4,-0.709057583508934
1939.5,-1.51472160774195
1939.6,-0.806713828870517
1939.7,0.047778318043288
1939.8,-0.977612258253276
1939.9,-1.07526850361485
1940,-1.27058099433801
1940.1,-2.39362781599614
1940.2,-2.27155750929417
1940.3,-0.538159154126174
1940.4,0.316332992787619
1940.5,-1.07526850361485
1940.6,-0.220776356701054
1940.7,0.267504870106836
1940.8,-0.147534172679872
1940.9,0.169848624745254
1941,-0.342846663403026
1941.1,-0.70905758350894
1941.2,-1.58796379176313
1941.3,-1.24616693299761
1941.4,-2.19831532527298
1941.5,-1.90534658918826
1941.6,-1.22175287165721
1941.7,-0.611401338147363
1941.8,-1.97858877320944
1941.9,0.145434563404859
1942,0.0721923793836822
1942.1,-0.147534172679872
1942.2,-0.36726072474342
1942.3,-0.733471644849334
1942.4,-1.41706536238037
1942.5,-0.70905758350894
1942.6,0.145434563404859
1942.7,-0.855541951551299
1942.8,-0.049877927318289
1942.9,1.02434077165906
1943,0.267504870106831
1943.1,-0.074291988658689
1943.2,-0.0254638659779005
1943.3,0.43840329948959
1943.4,-0.0498779273182834
1943.5,1.39055169176497
1943.6,1.63469230516891
1943.7,0.95109858763787
1943.8,0.29191893144723
1943.9,-0.123120111339472
1944,-0.00104980463750621
1944.1,0.291918931447225
1944.2,0.658129851553139
1944.3,0.365161115468419
1944.4,0.0721923793836765
1944.5,0.023364256702888
1944.6,-0.147534172679872
1944.7,-0.391674786083809
1944.8,0.267504870106842
1944.9,-0.684643522168545
1945,0.755786096914721
1945.1,0.438403299489596
1945.2,0.267504870106831
1945.3,-0.538159154126168
1945.4,-0.855541951551305
1945.5,0.80461421959551
1945.6,0.999926710318658
1945.7,0.853442342276293
1945.8,1.17082513970142
1945.9,1.85441885723246
1946,1.19523920104181
1946.1,0.877856403616693
1946.2,-1.05085444227445
1946.3,-2.29597157063456
1946.4,-0.831127890210905
1946.5,0.536059544851173
1946.6,0.853442342276293
1946.7,0.169848624745259
1946.8,0.169848624745259
1946.9,-0.220776356701043
1947,-0.586987276806968
1947.1,-0.36726072474342
1947.2,0.0477783180432823
1947.3,0.706957974233927
1947.4,0.80461421959551
1947.5,1.14641107836102
1947.6,0.316332992787636
1947.7,0.999926710318658
1947.8,1.2440673237226
1947.9,0.731372035574327
1948,0.46281736082999
1948.1,0.85344234227631
1948.2,0.584887667531959
1948.3,0.0477783180432823
1948.4,-0.70905758350894
1948.5,0.267504870106836
1948.6,0.389575176808813
1948.7,-0.611401338147363
1948.8,-0.220776356701054
1948.9,-0.294018540722237
1949,0.121020502064465
1949.1,-0.391674786083809
1949.2,-1.02644038093406
1949.3,0.389575176808802
1949.4,0.145434563404865
1949.5,-1.07526850361484
1949.6,-0.977612258253276
1949.7,-0.904370074232088
1949.8,0.365161115468413
1949.9,0.047778318043288
1950,0.267504870106836
1950.1,0.926684526297481
1950.2,-0.318432602062632
1950.3,0.0966064407240765
1950.4,0.609301728872356
1950.5,-0.586987276806968
1950.6,-1.00202631959366
1950.7,-0.0987060499990775
1950.8,-0.318432602062626
1950.9,-0.879956012891694
1951,-0.538159154126174
1951.1,-0.36726072474342
1951.2,-0.245190418041449
1951.3,-1.05085444227445
1951.4,-0.611401338147363
1951.5,-1.78327628248628
1951.6,-0.757885706189722
1951.7,-0.318432602062632
1951.8,-1.07526850361485
1951.9,0.145434563404859
1952,-0.0498779273182947
1952.1,-1.05085444227446
1952.2,-1.39265130103997
1952.3,-0.806713828870505
1952.4,-0.660229460828151
1952.5,-1.49030754640155
1952.6,-1.24616693299761
1952.7,-0.513745092785774
1952.8,-1.14851068763604
1952.9,-0.953198196912882
1953,-0.586987276806968
1953.1,-1.17292474897643
1953.2,-1.00202631959367
1953.3,-0.53815915412618
1953.4,0.218676747426048
1953.5,0.853442342276298
1953.6,0.243090808766436
1953.7,-0.855541951551305
1953.8,-1.58796379176312
1953.9,-1.51472160774195
1954,-1.14851068763603
1954.1,-0.8799560128917
1954.2,-1.02644038093406
1954.3,-1.22175287165721
1954.4,-0.36726072474342
1954.5,-0.733471644849328
1954.6,-1.51472160774194
1954.7,-1.02644038093406
1954.8,0.340747054128019
1954.9,0.560473606191562
1955,-0.0498779273182947
1955.1,-0.34284666340302
1955.2,-0.709057583508934
1955.3,-0.0987060499990832
1955.4,0.169848624745259
1955.5,-0.245190418041449
1955.6,-0.489331031445391
1955.7,-0.0987060499990832
1955.8,-0.342846663403026
1955.9,-0.440502908764591
1956,0.023364256702888
1956.1,-0.36726072474342
1956.2,-0.049877927318289
1956.3,0.46281736082999
1956.4,-0.294018540722237
1956.5,-0.245190418041443
1956.6,-1.34382317835919
1956.7,-0.0987060499990832
1956.8,-1.27058099433801
1956.9,-0.36726072474342
1957,0.926684526297481
1957.1,0.121020502064471
1957.2,0.169848624745254
1957.3,-0.318432602062632
1957.4,-0.0254638659779005
1957.5,-0.464916970104997
1957.6,0.97551264897827
1957.7,0.877856403616693
1957.8,-0.391674786083809
1957.9,-0.440502908764603
1958,0.340747054128013
1958.1,-0.51374509278578
1958.2,-0.220776356701049
1958.3,0.536059544851167
1958.4,-0.269604479381843
1958.5,0.31633299278763
1958.6,-0.831127890210905
1958.7,-0.074291988658689
1958.8,-0.928784135572477
1958.9,-0.562573215466574
1959,-1.05085444227445
1959.1,-0.757885706189728
1959.2,-0.562573215466568
1959.3,-1.19733881031682
1959.4,-1.58796379176312
1959.5,-0.367260724743409
1959.6,-0.0987060499990832
1959.7,0.340747054128013
1959.8,1.12199701702063
1959.9,0.023364256702888
1960,-0.513745092785786
1960.1,-0.00104980463750053
1960.2,0.0233642567028937
1960.3,0.487231422170379
1960.4,0.584887667531962
1960.5,-0.245190418041449
1960.6,-0.0987060499990775
1960.7,-0.440502908764603
1960.8,0.46281736082999
1960.9,0.80461421959551
1961,0.365161115468408
1961.1,-0.367260724743414
1961.2,-0.977612258253276
1961.3,-0.733471644849334
1961.4,-0.294018540722232
1961.5,-0.635815399487757
1961.6,-2.24714344795378
1961.7,-2.63776842940008
1961.8,-1.49030754640156
1961.9,-0.855541951551299
1962,0.121020502064465
1962.1,-0.733471644849334
1962.2,-0.489331031445391
1962.3,-0.51374509278578
1962.4,-0.440502908764603
1962.5,-0.855541951551294
1962.6,-1.39265130103998
1962.7,-0.904370074232094
1962.8,-1.14851068763604
1962.9,-1.12409662629564
1963,-0.34284666340302
1963.1,-0.489331031445391
1963.2,-1.14851068763603
1963.3,-0.635815399487751
1963.4,-0.220776356701054
1963.5,-1.24616693299761
1963.6,-1.44147942372077
1963.7,-0.635815399487757
1963.8,-0.8799560128917
1963.9,-1.19733881031682
1964,-0.977612258253265
1964.1,-0.8799560128917
1964.2,-0.0742919886586776
1964.3,-1.90534658918826
1964.4,-0.70905758350894
1964.5,-0.0987060499990832
1964.6,-0.68464352216854
1964.7,0.145434563404859
1964.8,0.145434563404865
1964.9,-0.562573215466574
1965,0.511645483510773
1965.1,0.413989238149208
1965.2,-0.757885706189728
1965.3,-0.0987060499990775
1965.4,0.218676747426048
1965.5,0.462817360829985
1965.6,0.584887667531956
1965.7,0.584887667531973
1965.8,-0.0987060499990719
1965.9,-1.02644038093406
1966,-0.953198196912876
1966.1,-0.416088847424209
1966.2,-0.464916970104997
1966.3,-0.245190418041449
1966.4,0.999926710318658
1966.5,-0.611401338147363
1966.6,-1.12409662629564
1966.7,-0.53815915412618
1966.8,-0.36726072474342
1966.9,-0.318432602062632
1967,-1.24616693299761
1967.1,-0.123120111339477
1967.2,1.12199701702064
1967.3,-0.294018540722232
1967.4,-0.904370074232088
1967.5,-0.269604479381843
1967.6,-0.171948234020266
1967.7,-0.0254638659779005
1967.8,0.65812985155315
1967.9,-0.220776356701054
1968,0.0477783180432823
1968.1,0.536059544851167
1968.2,0.487231422170382
1968.3,-0.733471644849334
1968.4,-0.70905758350894
1968.5,1.09758295568024
1968.6,0.999926710318664
1968.7,0.682543912893539
1968.8,0.560473606191576
1968.9,1.36613763042457
1969,-0.171948234020266
1969.1,-1.02644038093406
1969.2,0.194262686085648
1969.3,0.853442342276293
1969.4,0.780200158255116
1969.5,0.0721923793836822
1969.6,-0.586987276806963
1969.7,-1.05085444227446
1969.8,-0.220776356701054
1969.9,-0.0254638659779005
1970,0.243090808766436
1970.1,-0.586987276806968
1970.2,-0.8799560128917
1970.3,-0.757885706189722
1970.4,-0.440502908764597
1970.5,-0.0987060499990832
1970.6,0.536059544851173
1970.7,-0.489331031445391
1970.8,-0.416088847424209
1970.9,-0.391674786083814
1971,-0.0498779273182947
1971.1,-0.00104980463750621
1971.2,0.316332992787625
1971.3,0.706957974233933
1971.4,-0.049877927318289
1971.5,0.43840329948959
1971.6,-0.0498779273182947
1971.7,-0.049877927318289
1971.8,-0.464916970104997
1971.9,-0.806713828870511
1972,0.145434563404859
1972.1,-0.806713828870517
1972.2,-0.416088847424209
1972.3,-0.904370074232094
1972.4,-0.36726072474342
1972.5,1.04875483299945
1972.6,0.48723142217039
1972.7,-0.928784135572477
1972.8,-1.90534658918826
1972.9,-0.36726072474342
1973,-0.147534172679872
1973.1,-0.294018540722237
1973.2,0.218676747426042
1973.3,0.0233642567028937
1973.4,0.999926710318664
1973.5,0.658129851553144
1973.6,0.584887667531956
1973.7,-0.440502908764603
1973.8,-0.245190418041443
1973.9,0.389575176808802
1974,0.389575176808808
1974.1,1.70793448919009
1974.2,0.78020015825511
1974.3,0.902270464957087
1974.4,0.218676747426042
1974.5,0.804614219595504
1974.6,0.438403299489596
1974.7,-0.51374509278578
1974.8,0.0721923793836765
1974.9,0.487231422170379
1975,-0.342846663403026
1975.1,0.413989238149196
1975.2,-0.0254638659778948
1975.3,0.462817360829985
1975.4,0.340747054128013
1975.5,0.63371579021275
1975.6,0.829028280935898
1975.7,-0.464916970104997
1975.8,-0.0987060499990719
1975.9,0.340747054128013
1976,0.389575176808802
1976.1,1.04875483299946
1976.2,0.0233642567028937
1976.3,-0.269604479381843
1976.4,0.682543912893539
1976.5,0.145434563404859
1976.6,0.145434563404876
1976.7,-0.074291988658689
1976.8,0.99992671031867
1976.9,0.413989238149202
1977,-0.416088847424209
1977.1,-0.049877927318289
1977.2,-0.586987276806968
1977.3,-0.635815399487751
1977.4,0.389575176808802
1977.5,-0.074291988658689
1977.6,-0.977612258253276
1977.7,0.121020502064465
1977.8,-0.684643522168545
1977.9,-0.660229460828145
1978,0.121020502064465
1978.1,1.78117667321128
1978.2,0.829028280935904
1978.3,0.218676747426048
1978.4,0.853442342276298
1978.5,0.243090808766448
1978.6,-1.24616693299761
1978.7,-1.00202631959367
1978.8,-1.19733881031682
1978.9,-0.904370074232094
1979,-0.489331031445386
1979.1,-0.00104980463750053
1979.2,-1.09968256495525
1979.3,-2.00300283454983
1979.4,-1.27058099433801
1979.5,-1.14851068763604
1979.6,-0.806713828870517
1979.7,-0.342846663403026
1979.8,-0.074291988658689
1979.9,-0.123120111339477
1980,-0.440502908764603
1980.1,-0.928784135572488
1980.2,-0.489331031445391
1980.3,-0.0987060499990775
1980.4,0.511645483510773
1980.5,-0.123120111339472
1980.6,-1.02644038093406
1980.7,0.0721923793836879
1980.8,-0.245190418041449
1980.9,-0.68464352216854
1981,-0.928784135572488
1981.1,-0.245190418041449
1981.2,0.0721923793836765
1981.3,0.267504870106831
1981.4,-0.00104980463750053
1981.5,-1.05085444227445
1981.6,-1.27058099433801
1981.7,-1.24616693299761
1981.8,0.0721923793836822
1981.9,0.194262686085654
1982,-0.684643522168545
1982.1,0.389575176808802
1982.2,1.07316889433984
1982.3,-0.318432602062626
1982.4,-1.34382317835919
1982.5,-1.34382317835919
1982.6,0.218676747426042
1982.7,0.316332992787619
1982.8,1.02434077165905
1982.9,-0.806713828870517
1983,-0.782299767530117
1983.1,-0.977612258253271
1983.2,0.194262686085659
1983.3,-0.00104980463750621
1983.4,0.194262686085648
1983.5,-0.294018540722232
1983.6,-0.147534172679872
1983.7,-0.0987060499990832
1983.8,-0.831127890210905
1983.9,-0.8799560128917
1984,-0.904370074232088
1984.1,-1.39265130103998
1984.2,-0.904370074232094
1984.3,-0.928784135572488
1984.4,-0.757885706189728
1984.5,0.413989238149196
1984.6,0.999926710318658
1984.7,-0.171948234020266
1984.8,-0.220776356701054
1984.9,0.560473606191567
1985,0.560473606191579
1985.1,0.365161115468413
1985.2,-0.0987060499990719
1985.3,-0.0987060499990832
1985.4,-0.464916970104986
1985.5,-0.586987276806968
1985.6,-0.36726072474342
1985.7,-0.928784135572482
1985.8,-1.66120597578432
1985.9,-0.416088847424203
1986,-0.416088847424209
1986.1,-0.0254638659779005
1986.2,-0.391674786083814
1986.3,-1.07526850361485
1986.4,-0.733471644849334
1986.5,-0.147534172679872
1986.6,-0.757885706189722
1986.7,-1.17292474897643
1986.8,-1.75886222114588
1986.9,-1.83210440516708
1987,-0.928784135572482
1987.1,-0.733471644849334
1987.2,-0.489331031445386
1987.3,0.340747054128019
1987.4,0.316332992787619
1987.5,-1.46589348506116
1987.6,-0.684643522168545
1987.7,-0.733471644849334
1987.8,-1.14851068763603
1987.9,-0.220776356701054
1988,-0.294018540722232
1988.1,-0.709057583508934
1988.2,-0.0254638659779005
1988.3,-0.464916970104991
1988.4,-1.22175287165722
1988.5,-2.51569812269811
1988.6,-0.953198196912876
1988.7,-0.53815915412618
1988.8,-0.489331031445386
1988.9,-1.00202631959367
1989,-1.58796379176313
1989.1,-0.586987276806968
1989.2,-0.611401338147357
1989.3,-1.12409662629564
1989.4,-1.24616693299761
1989.5,0.389575176808802
1989.6,-0.147534172679866
1989.7,-1.22175287165722
1989.8,0.0966064407240765
1989.9,0.731372035574321
1990,-0.074291988658689
1990.1,-0.0987060499990832
1990.2,0.145434563404859
1990.3,-0.513745092785786
1990.4,0.194262686085648
1990.5,0.121020502064465
1990.6,0.536059544851173
1990.7,0.365161115468413
1990.8,-2.78425279744245
1990.9,-2.95515122682521
1991,-1.80769034382668
1991.1,-2.07624501857102
1991.2,-2.07624501857101
1991.3,-1.00202631959366
1991.4,-1.61237785310352
1991.5,-1.75886222114589
1991.6,0.121020502064465
1991.7,0.023364256702888
1991.8,-1.34382317835919
1991.9,-2.05183095723062
1992,-2.32038563197496
1992.1,-0.562573215466568
1992.2,-0.904370074232094
1992.3,-1.51472160774194
1992.4,-0.074291988658689
1992.5,-1.22175287165722
1992.6,-1.7344481598055
1992.7,-1.19733881031682
1992.8,-0.123120111339477
1992.9,-0.123120111339477
1993,0.267504870106836
1993.1,-0.440502908764597
1993.2,-1.27058099433801
1993.3,-1.46589348506116
1993.4,-1.24616693299761
1993.5,-0.635815399487757
1993.6,-1.2949950556784
1993.7,-1.07526850361485
1993.8,-0.757885706189722
1993.9,-0.391674786083814
1994,-0.855541951551305
1994.1,0.121020502064476
1994.2,-0.635815399487757
1994.3,-1.97858877320944
1994.4,-1.3194091170188
1994.5,-0.0254638659778948
1994.6,-0.123120111339477
1994.7,-1.88093252784786
1994.8,-1.78327628248629
1994.9,-1.63679191444392
1995,-0.733471644849334
1995.1,-0.171948234020266
1995.2,-1.3194091170188
1995.3,0.023364256702888
1995.4,0.047778318043288
1995.5,-0.416088847424197
1995.6,-0.660229460828145
1995.7,1.31730950774379
1995.8,-0.074291988658689
1995.9,-1.53913566908234
1996,-0.904370074232094
1996.1,-0.147534172679872
1996.2,0.023364256702888
1996.3,-0.440502908764597
1996.4,0.023364256702888
1996.5,-0.513745092785786
1996.6,-1.22175287165721
1996.7,-1.51472160774194
1996.8,-1.83210440516708
1996.9,-0.953198196912882
1997,-1.58796379176313
1997.1,-1.46589348506116
1997.2,-0.879956012891694
1997.3,-0.19636229536066
1997.4,0.413989238149196
1997.5,0.560473606191567
1997.6,0.80461421959551
1997.7,-0.464916970104986
1997.8,-1.6856200371247
1997.9,-0.855541951551305
1998,-0.342846663403026
1998.1,-0.245190418041449
1998.2,0.121020502064465
1998.3,-0.513745092785786
1998.4,-0.928784135572488
1998.5,-1.36823723969958
1998.6,-0.440502908764603
1998.7,0.121020502064471
1998.8,0.145434563404865
1998.9,0.462817360829985
1999,-0.831127890210905
1999.1,0.0477783180432823
1999.2,-1.24616693299761
1999.3,-0.977612258253271
1999.4,-0.0498779273182834
1999.5,-1.34382317835919
1999.6,-1.07526850361484
1999.7,0.511645483510773
1999.8,-0.123120111339477
1999.9,-0.318432602062632
2000,-0.489331031445391
2000.1,0.584887667531956
2000.2,-0.00104980463750053
2000.3,-0.904370074232094
2000.4,-0.562573215466574
2000.5,-0.806713828870517
2000.6,-0.245190418041437
2000.7,-0.19636229536066
2000.8,0.145434563404859
2000.9,-0.34284666340302
2001,-0.36726072474342
2001.1,-0.782299767530122
2001.2,-1.34382317835918
2001.3,-0.538159154126168
2001.4,-0.342846663403026
2001.5,-0.391674786083814
2001.6,-0.855541951551305
2001.7,-1.05085444227446
2001.8,-0.733471644849328
2001.9,-0.757885706189728
2002,0.365161115468408
2002.1,0.413989238149196
2002.2,-0.196362295360655
2002.3,-1.09968256495525
2002.4,-1.19733881031682
2002.5,-0.342846663403026
2002.6,-1.61237785310352
2002.7,0.218676747426048
2002.8,0.243090808766436
2002.9,-0.342846663403026
2003,0.0966064407240708
2003.1,-0.220776356701054
2003.2,-0.757885706189722
2003.3,-1.24616693299761
2003.4,-0.806713828870517
2003.5,-1.02644038093406
2003.6,-0.440502908764603
2003.7,-0.562573215466574
2003.8,-0.635815399487757
2003.9,-0.733471644849334
2004,-2.05183095723062
2004.1,-1.7100340984651
2004.2,0.0721923793836765
2004.3,0.365161115468408
2004.4,-0.245190418041449
2004.5,-0.342846663403026
2004.6,-0.977612258253276
2004.7,-0.416088847424203
2004.8,0.243090808766442
2004.9,-0.440502908764603
2005,-1.09968256495525
2005.1,-0.928784135572482
2005.2,-0.489331031445391
2005.3,-0.586987276806968
2005.4,-0.709057583508934
2005.5,-0.660229460828151
2005.6,-2.12507314125181
2005.7,-1.75886222114589
2005.8,-0.17194823402026
2005.9,-0.904370074232094
2006,-0.0254638659779005
2006.1,1.07316889433984
2006.2,0.902270464957087
2006.3,0.755786096914721
2006.4,0.755786096914721
2006.5,1.85441885723247
2006.6,0.60930172887235
2006.7,-0.123120111339477
2006.8,-0.489331031445391
2006.9,-0.660229460828145
2007,-0.391674786083814
2007.1,0.511645483510779
2007.2,-0.635815399487757
2007.3,0.0233642567028994
2007.4,0.462817360829985
2007.5,0.389575176808808
2007.6,-0.562573215466568
2007.7,-0.733471644849328
2007.8,-0.0254638659779005
2007.9,0.706957974233933
2008,-1.02644038093406
2008.1,0.487231422170379
2008.2,0.609301728872356
2008.3,1.07316889433984
2008.4,0.0966064407240765
2008.5,-0.53815915412618
2008.6,0.975512648978264
2008.7,1.04875483299945
2008.8,-0.318432602062626
2008.9,-0.904370074232094
2009,1.12199701702063
2009.1,0.0721923793836765
2009.2,0.462817360829985
2009.3,0.682543912893533
2009.4,0.584887667531962
2009.5,-0.0254638659779005
2009.6,0.194262686085648
2009.7,-0.440502908764603
2009.8,-0.611401338147363
2009.9,-1.12409662629564
2010,0.194262686085659
2010.1,0.78020015825511
2010.2,1.09758295568024
2010.3,0.389575176808802
2010.4,-0.196362295360655
2010.5,0.169848624745254
2010.6,-0.0254638659779005
2010.7,0.560473606191562
2010.8,-0.294018540722232
2010.9,0.658129851553144
2011,0.80461421959551
2011.1,-0.464916970104997
2011.2,-0.513745092785786
2011.3,-0.489331031445386
2011.4,-0.635815399487757
2011.5,-0.660229460828151
2011.6,-0.391674786083814
2011.7,-0.36726072474342
2011.8,-0.562573215466568
2011.9,0.560473606191567
2012,0.658129851553139
2012.1,-0.635815399487751
2012.2,-0.269604479381837
2012.3,0.536059544851167
2012.4,-0.220776356701054
2012.5,0.487231422170379
2012.6,1.75676261187089
2012.7,0.340747054128013
2012.8,-0.171948234020266
2012.9,-0.0987060499990832
2013,-0.0498779273182947
2013.1,0.169848624745259
2013.2,0.682543912893533
2013.3,-0.831127890210911
2013.4,0.536059544851167
2013.5,0.291918931447225
2013.6,0.438403299489602
2013.7,0.169848624745254
2013.8,-0.489331031445391
2013.9,-0.635815399487757
2014,-0.562573215466574
2014.1,-0.245190418041449
2014.2,0.584887667531962
2014.3,1.19523920104182
2014.4,0.267504870106848
2014.5,-0.147534172679866
2014.6,-0.977612258253271
2014.7,-0.635815399487757
2014.8,0.194262686085648
2014.9,0.511645483510773
2015,-1.63679191444392
2015.1,-0.220776356701049
2015.2,1.07316889433985
2015.3,-0.538159154126168
2015.4,-1.51472160774195
2015.5,-0.36726072474342
2015.6,-0.269604479381837
2015.7,-0.831127890210905
2015.8,0.267504870106831
2015.9,0.462817360829985
2016,0.609301728872356
2016.1,0.43840329948959
2016.2,0.682543912893539
2016.3,-0.00104980463750053
2016.4,0.389575176808802
2016.5,0.462817360829985
2016.6,0.0477783180432823
2016.7,0.97551264897827
2016.8,0.658129851553139
2016.9,0.0721923793836765
2017,0.926684526297481
2017.1,0.413989238149196
2017.2,-0.294018540722232
2017.3,-0.586987276806968
2017.4,0.97551264897827
2017.5,0.877856403616693
2017.6,0.78020015825511
2017.7,2.09855947063641
2017.8,0.340747054128019
2017.9,-0.36726072474342
2018,-1.02644038093406
2018.1,0.340747054128019
2018.2,0.121020502064471
2018.3,0.365161115468419
2018.4,0.169848624745259
2018.5,0.0721923793836765
2018.6,-0.635815399487757
2018.7,-0.196362295360655
2018.8,-0.0254638659779005
2018.9,-1.2949950556784
2019,-1.34382317835918
2019.1,0.682543912893544
2019.2,1.12199701702064
2019.3,1.04875483299945
2019.4,0.511645483510773
2019.5,-0.0498779273182947
2019.6,-0.294018540722232
2019.7,-0.196362295360655
2019.8,-0.611401338147363
2019.9,0.536059544851173
2020,0.511645483510773
2020.1,0.80461421959551
2020.2,-0.220776356701054
2020.3,-0.416088847424209
2020.4,0.487231422170385
2020.5,0.169848624745254
2020.6,0.999926710318664
2020.7,0.536059544851167
2020.8,0.243090808766436
2020.9,0.121020502064465
2021,-0.220776356701054
2021.1,-0.391674786083814
2021.2,0.413989238149202
2021.3,0.218676747426048
2021.4,0.194262686085654
2021.5,-0.00104980463750621
2021.6,-0.36726072474342
2021.7,-0.245190418041443
2021.8,-0.8311278902109
2021.9,-0.733471644849328
2022,0.0966064407240708
2022.1,-0.171948234020255
2022.2,-1.19733881031682
2022.3,-0.36726072474342
2022.4,0.536059544851173
2022.5,0.609301728872362
2022.6,1.2928954464034
2022.7,-0.123120111339477
2022.8,-0.12312011133946
2022.9,0.731372035574327
2023,-0.123120111339477
2023.1,-0.391674786083809
2023.2,-0.294018540722237
2023.3,-0.342846663403026
2023.4,-0.68464352216854
2023.5,-0.269604479381843
2023.6,0.65812985155315
2023.7,0.584887667531962
2023.8,-0.440502908764603
2023.9,0.169848624745254
2024,0.243090808766436
2024.1,-1.12409662629564
2024.2,-0.220776356701054
2024.3,0.536059544851167
2024.4,-0.416088847424203
2024.5,0.340747054128013
2024.6,0.267504870106831
2024.7,0.706957974233933
2024.8,0.291918931447225
2024.9,0.243090808766442
2025,-0.464916970104997
2025.1,-0.953198196912876
2025.2,-0.562573215466574
2025.3,-0.245190418041449
2025.4,1.14641107836103
2025.5,1.21965326238221
2025.6,-0.269604479381843
2025.7,-0.391674786083814
2025.8,-0.757885706189717
2025.9,-0.416088847424209
2026,0.0721923793836765
2026.1,0.63371579021275
2026.2,-0.928784135572488
2026.3,-0.00104980463750621
2026.4,0.0721923793836765
2026.5,0.511645483510773
2026.6,-0.611401338147363
2026.7,-0.53815915412618
2026.8,-0.70905758350894
2026.9,0.243090808766436
2027,-0.36726072474342
2027.1,-1.31940911701879
2027.2,0.755786096914721
2027.3,-0.0254638659779005
2027.4,-0.562573215466574
2027.5,0.0721923793836822
2027.6,-0.342846663403026
2027.7,-1.7100340984651
2027.8,-0.245190418041449
2027.9,0.755786096914716
2028,-0.147534172679872
2028.1,0.804614219595504
2028.2,1.21965326238221
2028.3,1.6835204278497
2028.4,1.78117667321129
2028.5,0.97551264897827
2028.6,0.0721923793836822
2028.7,1.21965326238221
2028.8,-0.562573215466574
2028.9,-0.342846663403026
2029,-0.660229460828151
2029.1,-0.855541951551299
2029.2,-0.0254638659779005
2029.3,-0.538159154126174
2029.4,0.755786096914721
2029.5,1.21965326238221
2029.6,-0.8799560128917
2029.7,-0.879956012891694
2029.8,0.755786096914716
2029.9,1.02434077165905
2030,0.536059544851167
2030.1,0.97551264897827
2030.2,-1.24616693299761
2030.3,-0.660229460828151
2030.4,1.17082513970142
2030.5,-0.171948234020266
2030.6,-0.269604479381843
2030.7,-0.684643522168545
2030.8,0.462817360829985
2030.9,1.61027824382852
2031,0.926684526297475
2031.1,0.365161115468408
2031.2,0.291918931447225
2031.3,0.462817360829985
2031.4,-0.586987276806963
2031.5,-0.806713828870517
2031.6,0.365161115468413
2031.7,-0.489331031445391
2031.8,-1.56354973042274
2031.9,-1.22175287165721
2032,-0.831127890210911
2032.1,-1.270580994338
2032.2,-1.36823723969958
2032.3,-0.879956012891694
2032.4,0.487231422170396
2032.5,-0.464916970104991
2032.6,-0.220776356701054
2032.7,-0.733471644849334
2032.8,-0.416088847424209
2032.9,0.902270464957081
2033,0.169848624745254
2033.1,-0.831127890210905
2033.2,0.487231422170379
2033.3,0.706957974233927
2033.4,-0.245190418041443
2033.5,0.0477783180432823
2033.6,1.19523920104182
2033.7,1.268481385063
2033.8,0.218676747426048
2033.9,-0.294018540722237
2034,0.438403299489596
2034.1,-0.0987060499990832
2034.2,0.0233642567028937
2034.3,-0.440502908764603
2034.4,-0.342846663403014
2034.5,0.63371579021275
2034.6,0.389575176808808
2034.7,-0.00104980463750621
2034.8,-0.245190418041449
2034.9,-0.074291988658689
2035,-1.12409662629564
2035.1,-0.782299767530122
2035.2,-0.513745092785774
2035.3,-0.318432602062632
2035.4,-0.171948234020266
2035.5,-0.440502908764603
2035.6,-0.342846663403026
2035.7,-0.367260724743414
2035.8,0.633715790212744
2035.9,-0.147534172679866
2036,0.267504870106836
2036.1,0.413989238149202
2036.2,0.829028280935898
2036.3,-0.17194823402026
2036.4,0.658129851553144
2036.5,0.243090808766436
2036.6,-0.70905758350894
2036.7,-0.416088847424203
2036.8,0.121020502064465
2036.9,1.34172356908419
2037,1.36613763042457
2037.1,1.53703605980733
2037.2,0.60930172887235
2037.3,-0.220776356701054
2037.4,-0.904370074232094
2037.5,-0.831127890210911
2037.6,-0.196362295360655
2037.7,0.511645483510773
2037.8,0.121020502064465
2037.9,-0.977612258253276
2038,-0.19636229536066
2038.1,0.218676747426042
2038.2,-0.049877927318289
2038.3,0.316332992787619
2038.4,0.340747054128013
2038.5,-0.0987060499990832
2038.6,0.487231422170379
2038.7,0.145434563404859
2038.8,-0.19636229536066
2038.9,-1.05085444227446
2039,-0.0498779273182947
2039.1,-0.17194823402026
2039.2,-0.0987060499990832
2039.3,-0.733471644849334
2039.4,-0.757885706189728
2039.5,-0.171948234020266
2039.6,0.511645483510779
2039.7,-0.0254638659778948
2039.8,-0.220776356701049
2039.9,0.0966064407240708
2040,0.511645483510785
2040.1,-0.220776356701054
2040.2,0.413989238149208
2040.3,-0.0498779273182947
2040.4,0.536059544851167
2040.5,0.194262686085648
2040.6,-1.19733881031682
2040.7,-1.05085444227446
2040.8,-1.270580994338
2040.9,-0.70905758350894
2041,-0.171948234020266
2041.1,-0.318432602062632
2041.2,-0.074291988658689
2041.3,-0.489331031445386
2041.4,-0.074291988658689
2041.5,0.218676747426042
2041.6,1.2928954464034
2041.7,1.04875483299945
2041.8,-0.0987060499990832
2041.9,0.121020502064471
2042,0.658129851553139
2042.1,-0.318432602062632
2042.2,-0.806713828870517
2042.3,-0.8799560128917
2042.4,-0.269604479381843
2042.5,-0.147534172679866
2042.6,-0.464916970104991
2042.7,-0.562573215466574
2042.8,-0.391674786083814
2042.9,0.316332992787625
2043,-0.0498779273182834
2043.1,-0.0498779273182947
2043.2,-1.51472160774195
2043.3,-1.3194091170188
2043.4,0.145434563404865
2043.5,0.0233642567028937
2043.6,-1.7344481598055
2043.7,-0.782299767530117
2043.8,0.999926710318664
2043.9,0.047778318043288
2044,-1.07526850361485
2044.1,0.536059544851167
2044.2,0.29191893144723
2044.3,-0.733471644849328
2044.4,-0.831127890210905
2044.5,-1.41706536238037
2044.6,0.145434563404859
2044.7,-0.513745092785786
2044.8,-0.220776356701049
2044.9,-0.147534172679872
2045,-1.12409662629564
2045.1,-1.27058099433801
2045.2,-1.44147942372076
2045.3,-0.660229460828151
2045.4,-1.58796379176313
2045.5,-2.02741689589023
2045.6,-0.660229460828145
2045.7,-0.294018540722232
2045.8,-0.440502908764597
2045.9,0.243090808766442
2046,0.121020502064471
2046.1,-1.14851068763604
2046.2,-0.586987276806968
2046.3,-0.269604479381843
2046.4,-0.53815915412618
2046.5,-1.49030754640154
2046.6,-1.05085444227446
2046.7,-0.635815399487757
2046.8,-1.02644038093406
2046.9,-0.904370074232094
2047,0.951098587637881
2047.1,-1.09968256495525
2047.2,-1.17292474897643
2047.3,0.560473606191562
2047.4,-0.489331031445391
2047.5,-0.733471644849334
2047.6,-1.14851068763604
2047.7,-0.611401338147357
2047.8,-0.0254638659779005
2047.9,-1.46589348506116
2048,-0.489331031445391
2048.1,-0.806713828870517
2048.2,-0.831127890210911
2048.3,-0.416088847424209
2048.4,-0.831127890210911
2048.5,-0.220776356701054
2048.6,0.145434563404865
2048.7,-1.05085444227446
2048.8,-1.14851068763604
2048.9,0.29191893144723
2049,0.169848624745254
2049.1,-0.123120111339477
2049.2,0.243090808766442
2049.3,-0.171948234020266
2049.4,-0.294018540722237
2049.5,0.0477783180432823
2049.6,-0.416088847424209
2049.7,0.291918931447225
2049.8,-0.928784135572488
2049.9,-1.12409662629564
2050,-1.63679191444392
2050.1,-0.586987276806968
2050.2,0.023364256702888
2050.3,0.438403299489596
2050.4,0.560473606191562
2050.5,-1.27058099433801
2050.6,-0.855541951551299
2050.7,-0.611401338147357
2050.8,-1.09968256495524
2050.9,-0.36726072474342
2051,-1.02644038093406
2051.1,-0.660229460828151
2051.2,-0.00104980463750621
2051.3,-0.245190418041443
2051.4,-1.34382317835919
2051.5,0.0477783180432823
2051.6,0.243090808766436
2051.7,0.462817360829996
2051.8,0.0233642567028937
2051.9,-0.904370074232088
2052,-1.12409662629564
2052.1,-1.51472160774195
2052.2,-1.14851068763604
2052.3,-0.611401338147357
2052.4,-0.0254638659779005
2052.5,0.975512648978264
2052.6,-0.440502908764603
2052.7,-1.27058099433801
2052.8,0.706957974233933
2052.9,-0.00104980463750053
2053,-1.46589348506116
2053.1,-1.02644038093406
2053.2,0.658129851553139
2053.3,0.121020502064465
2053.4,-0.147534172679872
2053.5,0.121020502064471
2053.6,-0.68464352216854
2053.7,-1.09968256495525
2053.8,-0.782299767530122
2053.9,-0.464916970104997
2054,-1.19733881031682
2054.1,-0.171948234020266
2054.2,0.169848624745271
2054.3,-0.318432602062632
2054.4,-1.19733881031682
2054.5,-1.14851068763604
2054.6,-0.709057583508928
2054.7,-0.51374509278578
2054.8,-1.12409662629564
2054.9,-0.733471644849334
2055,-0.391674786083814
2055.1,-0.733471644849334
2055.2,-0.391674786083809
2055.3,-1.51472160774195
2055.4,-1.22175287165722
2055.5,-0.220776356701049
2055.6,-0.147534172679866
2055.7,0.584887667531967
2055.8,0.365161115468413
2055.9,-0.220776356701054
2056,0.121020502064476
2056.1,-1.19733881031682
2056.2,-1.46589348506116
2056.3,-1.00202631959367
2056.4,0.218676747426042
2056.5,-0.00104980463750621
2056.6,-0.36726072474342
2056.7,-0.611401338147357
2056.8,0.584887667531956
2056.9,-0.147534172679872
2057,-0.513745092785786
2057.1,0.755786096914716
2057.2,1.48820793712654
2057.3,1.17082513970142
2057.4,-0.684643522168545
2057.5,-1.12409662629564
2057.6,-0.953198196912876
2057.7,0.706957974233927
2057.8,-0.440502908764597
2057.9,-0.342846663403026
2058,-0.391674786083814
2058.1,-1.90534658918825
2058.2,-1.80769034382668
2058.3,-0.416088847424203
2058.4,0.291918931447225
2058.5,-0.171948234020266
2058.6,-1.2949950556784
2058.7,-0.0742919886586833
2058.8,0.706957974233933
2058.9,-0.0254638659779005
2059,-1.3194091170188
2059.1,-0.879956012891688
2059.2,-0.36726072474342
2059.3,0.291918931447225
2059.4,-0.318432602062626
2059.5,-0.440502908764603
2059.6,-0.562573215466574
2059.7,-0.147534172679866
2059.8,0.169848624745254
2059.9,0.413989238149202
2060,0.316332992787625
2060.1,-0.0254638659779005
2060.2,0.365161115468419
2060.3,0.121020502064465
2060.4,-0.00104980463750621
2060.5,-0.269604479381832
2060.6,0.194262686085654
2060.7,-0.0987060499990832
2060.8,0.0477783180432823
2060.9,-0.562573215466574
2061,-0.586987276806968
2061.1,0.63371579021275
2061.2,0.0966064407240708
2061.3,-0.68464352216854
2061.4,0.291918931447236
2061.5,-0.367260724743414
2061.6,0.682543912893539
2061.7,0.902270464957081
2061.8,0.853442342276298
2061.9,0.413989238149196
2062,-1.3194091170188
2062.1,-0.684643522168545
2062.2,-0.0254638659779005
2062.3,-0.19636229536066
2062.4,-0.8799560128917
2062.5,-1.07526850361485
2062.6,-0.440502908764603
2062.7,-0.611401338147357
2062.8,-1.19733881031682
2062.9,-0.806713828870517
2063,-0.00104980463750621
2063.1,-0.220776356701054
2063.2,0.682543912893533
2063.3,0.682543912893533
2063.4,0.023364256702888
2063.5,-0.00104980463750053
2063.6,-0.049877927318289
2063.7,-1.05085444227445
2063.8,-1.49030754640154
2063.9,-1.07526850361485
2064,0.487231422170385
2064.1,-0.562573215466574
2064.2,-0.562573215466574
2064.3,0.902270464957081
2064.4,0.780200158255116
2064.5,-0.538159154126168
2064.6,-0.8799560128917
2064.7,-0.220776356701054
2064.8,0.267504870106831
2064.9,0.389575176808802
2065,-0.342846663403014
2065.1,-0.928784135572488
2065.2,0.023364256702888
2065.3,0.194262686085654
2065.4,-0.294018540722232
2065.5,0.316332992787619
2065.6,0.780200158255116
2065.7,0.218676747426042
2065.8,0.755786096914716
2065.9,0.267504870106831
2066,0.926684526297481
2066.1,0.340747054128013
2066.2,0.584887667531956
2066.3,1.268481385063
2066.4,0.023364256702888
2066.5,0.975512648978264
2066.6,0.706957974233927
2066.7,-0.19636229536066
2066.8,0.0966064407240765
2066.9,0.023364256702888
2067,0.975512648978264
2067.1,1.75676261187089
2067.2,1.02434077165905
2067.3,0.218676747426042
2067.4,0.80461421959551
2067.5,0.487231422170379
2067.6,1.14641107836102
2067.7,0.584887667531967
2067.8,0.316332992787619
2067.9,-0.074291988658689
2068,-0.68464352216854
2068.1,-0.464916970104997
2068.2,0.145434563404859
2068.3,0.291918931447225
2068.4,-0.611401338147363
2068.5,0.121020502064471
2068.6,0.145434563404865
2068.7,-0.245190418041437
2068.8,-0.611401338147363
2068.9,-0.611401338147357
2069,-0.269604479381843
2069.1,-0.391674786083814
2069.2,0.975512648978264
2069.3,0.365161115468413
2069.4,-0.0987060499990775
2069.5,0.365161115468413
2069.6,0.487231422170379
2069.7,-0.074291988658689
2069.8,0.755786096914727
2069.9,0.926684526297481
2070,1.56145012114773
2070.1,0.023364256702888
2070.2,-0.68464352216854
2070.3,-0.611401338147363
2070.4,0.0477783180432823
2070.5,1.87883291857285
2070.6,0.97551264897827
2070.7,0.194262686085648
2070.8,-0.318432602062626
2070.9,-0.464916970104997
2071,-0.0498779273182947
2071.1,0.29191893144723
2071.2,-0.00104980463749484
2071.3,-0.684643522168545
2071.4,-0.977612258253276
2071.5,-0.660229460828151
2071.6,0.145434563404865
2071.7,0.267504870106836
2071.8,-0.391674786083814
2071.9,0.316332992787619
2072,0.194262686085648
2072.1,-0.220776356701054
2072.2,0.438403299489596
2072.3,-0.318432602062632
2072.4,1.02434077165906
2072.5,0.462817360829985
2072.6,0.487231422170385
2072.7,1.2440673237226
2072.8,0.121020502064471
2072.9,0.194262686085648
2073,0.218676747426042
2073.1,0.682543912893533
2073.2,0.65812985155315
2073.3,0.975512648978264
2073.4,0.951098587637881
2073.5,-0.0987060499990775
2073.6,1.2440673237226
2073.7,0.194262686085648
2073.8,-0.635815399487757
2073.9,0.291918931447225
2074,0.560473606191567
2074.1,0.291918931447225
2074.2,0.438403299489596
2074.3,0.389575176808802
2074.4,-0.391674786083814
2074.5,0.243090808766448
2074.6,1.46379387578615
2074.7,0.584887667531962
2074.8,1.268481385063
2074.9,0.658129851553139
2075,0.560473606191562
2075.1,0.121020502064476
2075.2,0.560473606191567
2075.3,0.340747054128022
2075.4,0.63371579021275
2075.5,1.34172356908418
2075.6,-0.00104980463750621
2075.7,-0.391674786083814
2075.8,-0.147534172679866
2075.9,0.584887667531962
2076,0.438403299489596
2076.1,-0.831127890210905
2076.2,-1.83210440516708
2076.3,-0.660229460828151
2076.4,-0.367260724743414
2076.5,-1.19733881031682
2076.6,-0.538159154126174
2076.7,-0.489331031445391
2076.8,-0.562573215466568
2076.9,0.80461421959551
2077,-0.464916970104991
2077.1,-0.660229460828145
2077.2,0.121020502064471
2077.3,-0.464916970104997
2077.4,-0.367260724743414
2077.5,-0.294018540722237
2077.6,1.56145012114773
2077.7,0.82902828093591
2077.8,0.926684526297481
2077.9,1.6591063665093
2078,0.218676747426042
2078.1,-0.513745092785786
2078.2,0.413989238149196
2078.3,0.438403299489596
2078.4,1.14641107836103
2078.5,1.36613763042457
2078.6,0.658129851553139
2078.7,0.291918931447225
2078.8,0.755786096914716
2078.9,0.389575176808802
2079,0.145434563404859
2079.1,1.58586418248813
2079.2,1.19523920104182
2079.3,0.975512648978275
2079.4,1.24406732372261
2079.5,1.04875483299945
2079.6,0.877856403616687
2079.7,0.0966064407240708
2079.8,0.462817360829985
2079.9,0.145434563404865
2080,-0.00104980463750053
2080.1,-0.928784135572482
2080.2,0.121020502064465
2080.3,0.560473606191562
2080.4,-0.00104980463750621
2080.5,0.218676747426048
2080.6,-0.147534172679866
2080.7,-0.635815399487757
2080.8,0.243090808766442
2080.9,0.999926710318664
2081,0.218676747426048
2081.1,-0.733471644849334
2081.2,0.218676747426042
2081.3,0.169848624745259
2081.4,0.682543912893539
2081.5,-0.123120111339477
2081.6,-0.342846663403026
2081.7,-0.147534172679866
2081.8,-0.220776356701054
2081.9,0.60930172887235
2082,0.413989238149202
2082.1,0.80461421959551
2082.2,1.268481385063
2082.3,1.43937981444575
2082.4,0.926684526297475
2082.5,-0.757885706189728
2082.6,1.41496575310537
2082.7,0.169848624745254
2082.8,-0.416088847424209
2082.9,-0.123120111339477
2083,-0.0742919886586833
2083.1,-0.269604479381843
2083.2,-0.36726072474342
2083.3,-0.684643522168545
2083.4,0.438403299489596
2083.5,0.682543912893533
2083.6,0.365161115468408
2083.7,-1.22175287165722
2083.8,-1.58796379176313
2083.9,0.706957974233939
2084,1.09758295568024
2084.1,1.09758295568024
2084.2,0.145434563404865
2084.3,0.48723142217039
2084.4,1.46379387578615
2084.5,1.2440673237226
2084.6,1.09758295568024
2084.7,0.755786096914721
2084.8,0.584887667531956
2084.9,-0.269604479381843
2085,0.169848624745259
2085.1,0.267504870106831
2085.2,-0.53815915412618
2085.3,0.121020502064465
2085.4,0.194262686085648
2085.5,-0.318432602062632
2085.6,-0.635815399487757
2085.7,-0.977612258253276
2085.8,-0.049877927318289
2085.9,-0.00104980463750053
2086,0.365161115468408
2086.1,1.65910636650931
2086.2,0.706957974233927
2086.3,1.58586418248812
2086.4,1.2928954464034
2086.5,0.560473606191567
2086.6,1.14641107836102
2086.7,-0.318432602062632
2086.8,-0.123120111339472
2086.9,-0.00104980463750621
2087,0.316332992787619
2087.1,-1.02644038093406
2087.2,-1.17292474897642
2087.3,-0.294018540722232
2087.4,0.902270464957081
2087.5,0.731372035574321
2087.6,0.560473606191562
2087.7,0.633715790212744
2087.8,0.218676747426053
2087.9,0.267504870106831
2088,-0.440502908764603
2088.1,0.340747054128013
2088.2,-0.464916970104997
2088.3,0.218676747426042
2088.4,1.09758295568024
2088.5,1.34172356908418
2088.6,0.511645483510773
2088.7,-0.269604479381843
2088.8,0.389575176808808
2088.9,0.389575176808813
2089,0.145434563404859
2089.1,0.682543912893533
2089.2,0.511645483510773
2089.3,0.560473606191562
2089.4,-0.660229460828145
2089.5,-0.123120111339477
2089.6,0.511645483510779
2089.7,-0.0254638659778948
2089.8,0.243090808766442
2089.9,-0.782299767530122
2090,0.706957974233933
2090.1,0.658129851553144
2090.2,0.462817360829985
2090.3,0.975512648978264
2090.4,0.999926710318675
2090.5,0.218676747426042
2090.6,0.78020015825511
2090.7,1.24406732372261
2090.8,-0.0987060499990775
2090.9,0.0477783180432823
2091,0.731372035574321
2091.1,-0.14753417267986
2091.2,0.0233642567028994
2091.3,-0.51374509278578
2091.4,0.047778318043288
2091.5,-1.07526850361484
2091.6,-1.07526850361485
2091.7,0.63371579021275
2091.8,0.560473606191567
2091.9,0.243090808766436
2092,-0.464916970104997
2092.1,0.145434563404859
2092.2,-0.416088847424209
2092.3,-0.19636229536066
2092.4,-0.294018540722232
2092.5,-0.464916970104997
2092.6,0.60930172887235
2092.7,0.145434563404859
2092.8,0.169848624745254
2092.9,0.0721923793836765
2093,0.682543912893539
2093.1,-0.269604479381843
2093.2,-0.586987276806963
2093.3,-0.464916970104991
2093.4,0.291918931447225
2093.5,-0.147534172679866
2093.6,-0.171948234020266
2093.7,-0.391674786083814
2093.8,0.0477783180432823
2093.9,-0.635815399487757
2094,-1.56354973042274
2094.1,-0.660229460828151
2094.2,-0.391674786083814
2094.3,-0.733471644849328
2094.4,-0.806713828870517
2094.5,0.584887667531956
2094.6,0.658129851553139
2094.7,-0.562573215466568
2094.8,-0.464916970104997
2094.9,0.853442342276298
2095,0.121020502064471
2095.1,-0.831127890210911
2095.2,-0.220776356701054
2095.3,-0.269604479381843
2095.4,0.0477783180432937
2095.5,-0.513745092785786
2095.6,-0.757885706189728
2095.7,-0.0254638659779005
2095.8,-1.00202631959366
2095.9,-1.56354973042274
2096,-0.0742919886586833
2096.1,1.90324697991326
2096.2,0.682543912893533
2096.3,-0.245190418041449
2096.4,0.829028280935898
2096.5,0.389575176808808
2096.6,0.291918931447236
2096.7,0.487231422170385
2096.8,-0.36726072474342
2096.9,-0.562573215466574
2097,-0.464916970104991
2097.1,-0.31843260206262
2097.2,-0.147534172679872
2097.3,-0.489331031445391
2097.4,-0.269604479381843
2097.5,0.243090808766436
2097.6,0.121020502064482
2097.7,-0.831127890210911
2097.8,-0.70905758350894
2097.9,-0.709057583508928
2098,0.0966064407240708
2098.1,1.04875483299945
2098.2,0.60930172887235
2098.3,0.584887667531962
2098.4,1.7079344891901
2098.5,1.43937981444576
2098.6,0.658129851553139
2098.7,0.560473606191562
2098.8,0.0233642567028994
2098.9,-0.660229460828151
2099,0.706957974233933
2099.1,0.291918931447225
2099.2,0.145434563404859
2099.3,-0.53815915412618
2099.4,-0.391674786083809
2099.5,-0.0987060499990832
2099.6,-0.367260724743414
2099.7,-0.48933103144538
2099.8,-0.928784135572482
2099.9,0.121020502064465
2100,0.121020502064471
2100.1,-1.07526850361485
2100.2,-0.635815399487757
2100.3,0.340747054128013
2100.4,0.43840329948959
2100.5,0.755786096914716
2100.6,0.0477783180432823
2100.7,-0.513745092785786
2100.8,-1.12409662629564
2100.9,-0.0254638659778948
2101,-0.220776356701054
2101.1,0.0721923793836822
2101.2,-0.294018540722237
2101.3,-0.294018540722237
2101.4,0.121020502064465
2101.5,0.0721923793836765
2101.6,0.218676747426042
2101.7,-1.46589348506116
2101.8,-0.782299767530122
2101.9,0.95109858763787
2102,1.36613763042457
2102.1,0.243090808766436
2102.2,0.121020502064465
2102.3,1.7079344891901
2102.4,1.65910636650931
2102.5,0.853442342276293
2102.6,0.487231422170385
2102.7,0.706957974233927
2102.8,0.0477783180432823
2102.9,0.706957974233927
2103,0.267504870106831
2103.1,0.316332992787619
2103.2,0.80461421959551
2103.3,1.24406732372261
2103.4,0.999926710318658
2103.5,-0.416088847424203
2103.6,0.682543912893539
2103.7,1.46379387578616
2103.8,-0.049877927318289
2103.9,0.0966064407240708
2104,-0.147534172679872
2104.1,-0.245190418041449
2104.2,-0.074291988658689
2104.3,0.43840329948959
2104.4,0.975512648978275
2104.5,0.413989238149196
2104.6,0.194262686085654
2104.7,0.0721923793836765
2104.8,-0.0987060499990832
2104.9,0.877856403616698
2105,1.63469230516891
2105.1,-0.391674786083814
2105.2,-1.00202631959366
2105.3,-0.318432602062632
2105.4,-1.61237785310353
2105.5,-0.953198196912876
2105.6,-0.66022946082814
2105.7,-0.171948234020266
2105.8,0.243090808766436
2105.9,-0.879956012891694
2106,-0.464916970104997
2106.1,1.07316889433984
2106.2,0.43840329948959
2106.3,0.609301728872356
2106.4,0.0477783180432823
2106.5,-1.2949950556784
2106.6,-0.928784135572488
2106.7,-0.269604479381843
2106.8,-0.294018540722226
2106.9,-0.416088847424209
2107,-1.24616693299761
2107.1,-0.635815399487757
2107.2,0.218676747426053
2107.3,0.951098587637875
2107.4,-0.074291988658689
2107.5,0.633715790212744
2107.6,0.48723142217039
2107.7,0.0966064407240708
2107.8,0.194262686085654
2107.9,0.95109858763787
2108,0.121020502064465
2108.1,0.047778318043288
2108.2,0.560473606191562
2108.3,0.487231422170379
2108.4,0.682543912893533
2108.5,0.365161115468413
2108.6,0.706957974233939
2108.7,0.755786096914727
2108.8,0.145434563404859
2108.9,1.04875483299945
2109,0.658129851553139
2109.1,0.365161115468413
2109.2,0.658129851553144
2109.3,0.43840329948959
2109.4,-0.171948234020266
2109.5,0.291918931447225
2109.6,-0.294018540722237
2109.7,-0.00104980463750621
2109.8,0.780200158255116
2109.9,0.609301728872356
2110,0.243090808766436
2110.1,-0.00104980463749484
2110.2,0.267504870106836
2110.3,0.462817360829996
2110.4,0.267504870106836
2110.5,-0.416088847424203
2110.6,-0.074291988658689
2110.7,0.511645483510773
2110.8,0.365161115468408
2110.9,0.780200158255116
2111,0.584887667531962
2111.1,0.43840329948959
2111.2,0.0721923793836765
2111.3,0.462817360829985
2111.4,-0.53815915412618
2111.5,-0.904370074232094
2111.6,0.023364256702888
2111.7,0.218676747426042
2111.8,0.267504870106831
2111.9,-0.074291988658689
2112,0.95109858763787
2112.1,-0.171948234020266
2112.2,0.194262686085648
2112.3,0.80461421959551
2112.4,1.17082513970142
2112.5,0.902270464957081
2112.6,1.268481385063
2112.7,0.267504870106831
2112.8,-1.270580994338
2112.9,-0.391674786083814
2113,0.169848624745254
2113.1,0.243090808766436
2113.2,1.12199701702064
2113.3,0.99992671031867
2113.4,-0.196362295360655
2113.5,0.536059544851167
2113.6,0.121020502064471
2113.7,0.487231422170379
2113.8,-0.391674786083814
2113.9,-0.611401338147363
2114,0.389575176808802
2114.1,0.706957974233927
2114.2,-0.294018540722232
2114.3,-1.22175287165721
2114.4,0.682543912893533
2114.5,0.389575176808808
2114.6,-0.294018540722237
2114.7,-0.123120111339477
2114.8,-0.953198196912882
2114.9,-0.660229460828151
2115,-0.611401338147357
2115.1,-0.8799560128917
2115.2,-0.513745092785786
2115.3,0.658129851553144
2115.4,0.560473606191562
2115.5,-1.00202631959367
2115.6,-1.34382317835919
2115.7,-1.36823723969958
2115.8,-0.782299767530111
2115.9,-1.24616693299761
2116,-0.440502908764603
2116.1,-0.70905758350894
2116.2,-0.562573215466574
2116.3,-1.49030754640156
2116.4,-0.977612258253271
2116.5,-1.34382317835919
2116.6,-1.12409662629564
2116.7,-0.147534172679866
2116.8,-0.831127890210911
2116.9,0.0966064407240765
2117,-0.367260724743414
2117.1,-0.147534172679872
2117.2,0.121020502064465
2117.3,0.023364256702888
2117.4,-0.416088847424209
2117.5,1.07316889433984
2117.6,1.39055169176497
2117.7,0.97551264897827
2117.8,0.413989238149196
2117.9,0.438403299489596
2118,0.853442342276298
2118.1,0.755786096914721
2118.2,0.487231422170382
2118.3,1.02434077165906
2118.4,0.487231422170379
2118.5,0.291918931447225
2118.6,-0.757885706189722
2118.7,-0.074291988658689
2118.8,-0.367260724743414
2118.9,0.926684526297487
2119,1.07316889433985
2119.1,-0.977612258253271
2119.2,-0.0254638659778948
2119.3,0.902270464957087
2119.4,-0.0742919886586776
2119.5,-0.831127890210911
2119.6,-0.70905758350894
2119.7,-0.391674786083814
2119.8,0.0233642567028937
2119.9,1.07316889433985
2120,1.14641107836103
2120.1,0.926684526297475
2120.2,1.07316889433985
2120.3,0.804614219595504
2120.4,0.658129851553144
2120.5,-0.489331031445391
2120.6,-0.123120111339477
2120.7,-0.684643522168545
2120.8,-0.123120111339472
2120.9,0.609301728872356
2121,-1.00202631959367
2121.1,-0.562573215466574
2121.2,-0.0498779273182947
2121.3,0.145434563404859
2121.4,0.584887667531962
2121.5,0.999926710318658
2121.6,0.145434563404859
2121.7,-0.0987060499990832
2121.8,-0.513745092785786
2121.9,-1.07526850361485
2122,-0.53815915412618
2122.1,0.389575176808813
2122.2,-0.196362295360655
2122.3,0.584887667531956
2122.4,0.926684526297475
2122.5,0.29191893144723
2122.6,-0.171948234020266
2122.7,-0.147534172679866
2122.8,0.145434563404865
2122.9,0.340747054128013
2123,-0.245190418041449
2123.1,-0.440502908764603
2123.2,-0.0987060499990775
2123.3,-0.074291988658689
2123.4,-0.53815915412618
2123.5,-0.611401338147363
2123.6,-0.440502908764603
2123.7,0.658129851553144
2123.8,-0.0742919886586776
2123.9,0.316332992787625
2124,-0.660229460828151
2124.1,0.121020502064471
2124.2,0.438403299489596
2124.3,1.48820793712655
2124.4,0.389575176808802
2124.5,0.145434563404865
2124.6,0.316332992787619
2124.7,1.07316889433984
2124.8,0.658129851553144
2124.9,-0.416088847424209
2125,0.0477783180432823
2125.1,1.34172356908418
2125.2,0.584887667531956
2125.3,-0.245190418041449
2125.4,0.413989238149196
2125.5,1.04875483299945
2125.6,0.731372035574321
2125.7,0.218676747426048
2125.8,0.0721923793836822
2125.9,0.951098587637881
2126,0.536059544851173
2126.1,0.0966064407240765
2126.2,0.682543912893533
2126.3,0.877856403616693
2126.4,0.682543912893533
2126.5,-0.147534172679866
2126.6,0.609301728872356
2126.7,-0.562573215466568
2126.8,0.46281736082999
2126.9,1.02434077165906
2127,0.218676747426048
2127.1,0.560473606191562
2127.2,1.02434077165907
2127.3,0.584887667531967
2127.4,0.194262686085648
2127.5,0.780200158255116
2127.6,0.389575176808802
2127.7,0.60930172887235
2127.8,0.291918931447236
2127.9,2.14738759331719
2128,1.2928954464034
2128.1,0.584887667531956
2128.2,0.365161115468408
2128.3,0.389575176808802
2128.4,0.340747054128019
2128.5,-0.17194823402026
2128.6,-0.70905758350894
2128.7,0.365161115468408
2128.8,0.682543912893539
2128.9,-0.855541951551305
2129,0.145434563404859
2129.1,1.29289544640339
2129.2,-0.245190418041449
2129.3,-0.0987060499990832
2129.4,0.169848624745254
2129.5,0.926684526297475
2129.6,1.34172356908418
2129.7,0.829028280935904
2129.8,-0.294018540722232
2129.9,1.04875483299945
2130,2.1229735319768
2130.1,2.24504383867878
2130.2,1.6835204278497
2130.3,0.926684526297487
2130.4,-0.977612258253276
2130.5,-0.660229460828151
2130.6,-0.8799560128917
2130.7,-0.977612258253276
2130.8,-0.757885706189717
2130.9,0.877856403616687
2131,-0.294018540722237
2131.1,-0.049877927318289
2131.2,0.63371579021275
2131.3,-0.171948234020255
2131.4,1.14641107836102
2131.5,0.658129851553139
2131.6,0.46281736082999
2131.7,-0.294018540722237
2131.8,-1.19733881031682
2131.9,0.121020502064465
2132,1.39055169176498
2132.1,0.999926710318658
2132.2,0.291918931447236
2132.3,-0.51374509278578
2132.4,-1.05085444227446
2132.5,-1.00202631959366
2132.6,0.609301728872362
2132.7,0.926684526297475
2132.8,0.0477783180432823
2132.9,-1.2949950556784
2133,-1.53913566908234
2133.1,0.560473606191567
2133.2,0.584887667531962
2133.3,0.169848624745254
2133.4,-0.660229460828151
2133.5,-0.489331031445386
2133.6,-0.70905758350894
2133.7,0.194262686085648
2133.8,0.365161115468413
2133.9,0.243090808766442
2134,-0.0987060499990832
2134.1,1.14641107836102
2134.2,0.121020502064465
2134.3,-0.245190418041449
2134.4,0.316332992787625
2134.5,1.02434077165906
2134.6,0.63371579021275
2134.7,0.023364256702888
2134.8,0.121020502064471
2134.9,0.145434563404859
2135,0.658129851553139
2135.1,0.169848624745254
2135.2,0.511645483510773
2135.3,0.487231422170379
2135.4,-0.513745092785786
2135.5,-1.14851068763604
2135.6,-0.245190418041449
2135.7,-0.19636229536066
2135.8,0.340747054128013
2135.9,0.511645483510773
2136,0.487231422170379
2136.1,0.389575176808808
2136.2,1.51262199846694
2136.3,0.560473606191562
2136.4,-0.391674786083814
2136.5,1.36613763042457
2136.6,0.633715790212744
2136.7,-0.342846663403026
2136.8,-0.586987276806968
2136.9,-0.367260724743414
2137,0.0966064407240765
2137.1,-0.147534172679872
2137.2,1.14641107836103
2137.3,-0.0987060499990775
2137.4,-0.831127890210905
2137.5,-1.17292474897643
2137.6,0.194262686085654
2137.7,0.633715790212744
2137.8,0.0233642567028937
2137.9,0.194262686085654
2138,-0.0987060499990832
2138.1,-0.440502908764597
2138.2,-0.00104980463750621
2138.3,0.121020502064471
2138.4,0.487231422170379
2138.5,0.169848624745254
2138.6,0.584887667531962
2138.7,-0.147534172679866
2138.8,0.365161115468413
2138.9,-0.489331031445391
2139,0.267504870106831
2139.1,0.975512648978275
2139.2,-0.123120111339466
2139.3,-0.294018540722237
2139.4,0.536059544851173
2139.5,0.194262686085654
2139.6,-0.269604479381837
2139.7,0.0721923793836822
2139.8,0.169848624745259
2139.9,0.267504870106831
2140,-0.123120111339477
2140.1,-0.586987276806968
2140.2,0.487231422170379
2140.3,0.536059544851167
2140.4,0.0233642567028937
2140.5,-0.635815399487757
2140.6,1.24406732372261
2140.7,-0.294018540722237
2140.8,-0.806713828870517
2140.9,-0.269604479381837
2141,0.340747054128013
2141.1,0.80461421959551
2141.2,-0.440502908764597
2141.3,0.023364256702888
2141.4,0.121020502064471
2141.5,-0.709057583508934
2141.6,-0.074291988658689
2141.7,0.0721923793836765
2141.8,0.413989238149196
2141.9,0.706957974233927
2142,0.65812985155315
2142.1,0.0721923793836765
2142.2,0.853442342276293
2142.3,0.0233642567028937
2142.4,-0.0254638659778948
2142.5,-0.171948234020266
2142.6,-1.00202631959367
2142.7,-1.34382317835919
2142.8,-0.586987276806963
2142.9,-1.51472160774195
2143,-1.66120597578432
2143.1,-0.635815399487751
2143.2,-1.07526850361485
2143.3,-1.17292474897642
2143.4,-0.367260724743409
2143.5,-0.342846663403026
2143.6,0.218676747426042
2143.7,0.0721923793836765
2143.8,-0.269604479381843
2143.9,-0.171948234020255
2144,0.975512648978264
2144.1,1.6591063665093
2144.2,0.97551264897827
2144.3,0.560473606191573
2144.4,1.63469230516892
2144.5,1.51262199846695
2144.6,0.560473606191562
2144.7,-0.855541951551299
2144.8,-0.074291988658689
2144.9,0.0477783180432823
2145,-0.855541951551305
2145.1,-0.733471644849328
2145.2,-0.196362295360655
2145.3,0.902270464957081
2145.4,0.169848624745254
2145.5,-0.171948234020255
2145.6,-0.123120111339472
2145.7,-0.513745092785774
2145.8,-0.294018540722237
2145.9,1.07316889433985
2146,0.584887667531962
2146.1,0.682543912893533
2146.2,0.584887667531956
2146.3,0.658129851553144
2146.4,0.413989238149202
2146.5,-1.02644038093406
2146.6,-0.904370074232094
2146.7,-0.220776356701054
2146.8,0.267504870106836
2146.9,0.0966064407240708
2147,0.584887667531956
2147.1,0.63371579021275
2147.2,-0.51374509278578
2147.3,-0.171948234020266
2147.4,0.389575176808802
2147.5,-0.611401338147363
2147.6,-0.904370074232088
2147.7,-0.269604479381843
2147.8,-0.0254638659779005
2147.9,0.536059544851167
2148,-0.0987060499990832
2148.1,-0.831127890210905
2148.2,-1.58796379176313
2148.3,-1.85651846650747
2148.4,-0.391674786083814
2148.5,1.04875483299945
2148.6,0.609301728872356
2148.7,-0.0498779273182947
2148.8,0.584887667531956
2148.9,0.731372035574321
2149,0.438403299489596
2149.1,-0.464916970104991
2149.2,0.633715790212756
2149.3,-0.17194823402026
2149.4,0.609301728872356
2149.5,0.780200158255116
2149.6,0.78020015825511
2149.7,0.121020502064465
2149.8,-0.269604479381843
2149.9,0.340747054128013
2150,-0.147534172679872
2150.1,-0.611401338147357
2150.2,-0.269604479381843
2150.3,0.047778318043288
2150.4,0.975512648978264
2150.5,1.19523920104181
2150.6,0.0477783180432823
2150.7,0.145434563404859
2150.8,0.047778318043288
2150.9,0.511645483510773
2151,-0.611401338147363
2151.1,-0.147534172679872
2151.2,-0.36726072474342
2151.3,0.121020502064476
2151.4,0.877856403616693
2151.5,0.438403299489602
2151.6,1.04875483299945
2151.7,0.975512648978264
2151.8,0.389575176808808
2151.9,1.21965326238221
2152,0.243090808766436
2152.1,-0.00104980463750621
2152.2,1.2928954464034
2152.3,1.24406732372261
2152.4,-0.220776356701054
2152.5,-0.0498779273182947
2152.6,1.02434077165906
2152.7,0.975512648978264
2152.8,0.194262686085648
2152.9,-0.562573215466574
2153,0.584887667531956
2153.1,-0.0742919886586776
2153.2,0.145434563404871
2153.3,-0.0498779273182947
2153.4,0.145434563404859
2153.5,0.218676747426042
2153.6,-0.318432602062626
2153.7,-0.53815915412618
2153.8,-1.02644038093406
2153.9,-0.782299767530122
2154,0.243090808766448
2154.1,0.121020502064471
2154.2,0.780200158255116
2154.3,1.36613763042458
2154.4,0.43840329948959
2154.5,0.389575176808802
2154.6,0.462817360829999
2154.7,0.63371579021275
2154.8,-0.19636229536066
2154.9,-0.0254638659778948
2155,0.0721923793836765
2155.1,0.340747054128019
2155.2,0.43840329948959
2155.3,-0.245190418041449
2155.4,-1.7100340984651
2155.5,-0.416088847424209
2155.6,0.316332992787619
2155.7,0.706957974233927
2155.8,0.0721923793836765
2155.9,-0.440502908764597
2156,-0.0254638659779005
2156.1,-0.416088847424209
2156.2,-0.440502908764597
2156.3,0.829028280935898
2156.4,0.877856403616687
2156.5,1.19523920104182
2156.6,0.780200158255121
2156.7,-0.391674786083814
2156.8,-0.586987276806968
2156.9,0.169848624745259
2157,-0.318432602062626
2157.1,1.04875483299945
2157.2,1.12199701702064
2157.3,0.218676747426042
2157.4,-0.464916970104997
2157.5,0.291918931447225
2157.6,-0.855541951551305
2157.7,-0.464916970104997
2157.8,0.658129851553139
2157.9,0.682543912893533
2158,-0.879956012891694
2158.1,0.462817360829985
2158.2,0.194262686085648
2158.3,-0.0987060499990832
2158.4,-0.513745092785786
2158.5,0.902270464957087
2158.6,0.975512648978264
2158.7,0.731372035574327
2158.8,-0.00104980463750053
2158.9,-0.245190418041449
2159,-0.0987060499990832
2159.1,-0.904370074232094
2159.2,0.413989238149202
2159.3,0.121020502064465
2159.4,-0.831127890210911
2159.5,-0.68464352216854
2159.6,-0.733471644849328
2159.7,-0.977612258253276
2159.8,-0.660229460828145
2159.9,-0.684643522168545
2160,-0.123120111339477
2160.1,0.438403299489596
2160.2,0.243090808766436
2160.3,-0.318432602062632
2160.4,-1.31940911701878
2160.5,-0.977612258253276
2160.6,0.267504870106831
2160.7,0.243090808766436
2160.8,0.121020502064465
2160.9,0.389575176808802
2161,0.267504870106836
2161.1,-0.51374509278578
2161.2,-0.440502908764597
2161.3,0.0721923793836765
2161.4,-0.562573215466574
2161.5,-0.855541951551305
2161.6,0.413989238149196
2161.7,0.755786096914716
2161.8,0.877856403616687
2161.9,0.121020502064471
2162,-1.05085444227446
2162.1,-0.855541951551305
2162.2,0.511645483510773
2162.3,0.755786096914721
2162.4,-0.8799560128917
2162.5,0.267504870106831
2162.6,-0.0254638659779005
2162.7,0.0966064407240822
2162.8,0.731372035574321
2162.9,0.291918931447225
2163,0.560473606191562
2163.1,0.169848624745254
2163.2,0.243090808766436
2163.3,0.169848624745259
2163.4,-0.440502908764597
2163.5,-0.806713828870511
2163.6,-0.53815915412618
2163.7,0.78020015825511
2163.8,-0.36726072474342
2163.9,-0.0498779273182947
2164,0.755786096914716
2164.1,0.047778318043288
2164.2,0.80461421959551
2164.3,0.902270464957081
2164.4,-0.294018540722237
2164.5,-1.27058099433801
2164.6,-0.782299767530122
2164.7,-0.855541951551305
2164.8,-0.34284666340302
2164.9,-0.220776356701054
2165,-0.635815399487757
2165.1,-0.0254638659778891
2165.2,-0.8799560128917
2165.3,-0.0498779273182947
2165.4,-0.0254638659779005
2165.5,-0.464916970104997
2165.6,-0.562573215466574
2165.7,0.487231422170379
2165.8,1.48820793712655
2165.9,0.755786096914716
2166,0.169848624745254
2166.1,-0.489331031445391
2166.2,-0.074291988658689
2166.3,0.243090808766442
2166.4,0.169848624745254
2166.5,-0.147534172679866
2166.6,-1.12409662629564
2166.7,-0.269604479381843
2166.8,0.706957974233933
2166.9,0.267504870106842
2167,-1.36823723969958
2167.1,0.0966064407240765
2167.2,0.46281736082999
2167.3,0.999926710318658
2167.4,1.19523920104182
2167.5,-0.489331031445391
2167.6,-0.953198196912882
2167.7,-0.70905758350894
2167.8,-0.51374509278578
2167.9,-0.611401338147357
2168,-0.586987276806968
2168.1,0.0966064407240708
2168.2,0.731372035574321
2168.3,0.365161115468408
2168.4,-0.00104980463750621
2168.5,0.0233642567028937
2168.6,0.267504870106831
2168.7,0.047778318043288
2168.8,0.633715790212744
2168.9,0.511645483510773
2169,-0.464916970104997
2169.1,0.243090808766436
2169.2,0.511645483510785
2169.3,0.389575176808802
2169.4,0.389575176808808
2169.5,0.291918931447236
2169.6,-0.220776356701054
2169.7,0.0233642567028937
2169.8,0.658129851553144
2169.9,1.09758295568024
2170,1.85441885723246
2170.1,2.02531728661523
2170.2,1.36613763042457
2170.3,0.316332992787619
2170.4,-0.391674786083809
2170.5,0.853442342276293
2170.6,-0.318432602062632
2170.7,0.243090808766436
2170.8,0.340747054128019
2170.9,0.755786096914721
2171,-0.074291988658689
2171.1,-0.34284666340302
2171.2,0.0477783180432823
2171.3,-0.171948234020266
2171.4,1.34172356908419
2171.5,1.04875483299945
2171.6,0.487231422170385
2171.7,0.0966064407240765
2171.8,0.951098587637875
2171.9,0.877856403616687
2172,0.609301728872356
2172.1,0.731372035574327
2172.2,0.511645483510773
2172.3,0.755786096914721
2172.4,-0.00104980463749484
2172.5,0.536059544851167
2172.6,1.17082513970142
2172.7,1.12199701702063
2172.8,0.706957974233927
2172.9,1.04875483299945
2173,1.85441885723247
2173.1,0.267504870106831
2173.2,1.12199701702064
2173.3,0.29191893144723
2173.4,0.340747054128013
2173.5,0.365161115468408
2173.6,0.584887667531956
2173.7,0.389575176808802
2173.8,1.34172356908418
2173.9,2.58684069744429
2174,0.560473606191562
2174.1,0.169848624745254
2174.2,0.218676747426042
2174.3,1.56145012114773
2174.4,0.829028280935898
2174.5,-0.318432602062632
2174.6,0.145434563404859
2174.7,-0.0498779273182947
2174.8,-0.562573215466574
2174.9,-0.709057583508934
2175,-0.562573215466574
2175.1,0.658129851553139
2175.2,0.877856403616687
2175.3,0.389575176808808
2175.4,0.755786096914716
2175.5,0.536059544851167
2175.6,-0.171948234020266
2175.7,-0.709057583508934
2175.8,-0.733471644849334
2175.9,-0.757885706189728
2176,0.902270464957081
2176.1,0.43840329948959
2176.2,-0.294018540722237
2176.3,-1.41706536238037
2176.4,-1.19733881031682
2176.5,-1.17292474897643
2176.6,-0.709057583508934
2176.7,0.047778318043288
2176.8,0.755786096914721
2176.9,0.365161115468413
2177,0.0721923793836822
2177.1,0.0721923793836879
2177.2,0.121020502064465
2177.3,-0.367260724743414
2177.4,-0.416088847424209
2177.5,-0.123120111339472
2177.6,0.731372035574327
2177.7,1.04875483299945
2177.8,-0.51374509278578
2177.9,-1.53913566908233
2178,-0.489331031445386
2178.1,-1.02644038093406
2178.2,-0.0254638659779005
2178.3,0.29191893144723
2178.4,-0.0254638659778891
2178.5,0.511645483510779
2178.6,-0.733471644849334
2178.7,0.462817360829985
2178.8,-0.31843260206262
2178.9,0.023364256702888
2179,0.243090808766442
2179.1,-0.049877927318289
2179.2,0.340747054128013
2179.3,0.63371579021275
2179.4,0.902270464957081
2179.5,0.63371579021275
2179.6,0.706957974233927
2179.7,0.658129851553139
2179.8,0.487231422170379
2179.9,0.0477783180432823
2180,-0.342846663403026
2180.1,-0.586987276806968
2180.2,0.0477783180432823
2180.3,0.658129851553139
2180.4,0.755786096914721
2180.5,0.755786096914721
2180.6,0.0966064407240765
2180.7,-0.928784135572482
2180.8,0.511645483510773
2180.9,0.218676747426048
2181,-0.953198196912882
2181.1,-1.07526850361485
2181.2,0.0966064407240708
2181.3,-0.464916970104991
2181.4,-1.02644038093406
2181.5,0.804614219595504
2181.6,0.267504870106836
2181.7,0.462817360829985
2181.8,0.218676747426042
2181.9,1.04875483299945
2182,0.536059544851179
2182.1,-0.416088847424209
2182.2,-0.196362295360655
2182.3,-0.269604479381837
2182.4,-0.147534172679872
2182.5,-0.123120111339477
2182.6,0.243090808766436
2182.7,-0.245190418041443
2182.8,0.413989238149202
2182.9,0.121020502064465
2183,-0.123120111339477
2183.1,-0.00104980463750621
2183.2,0.047778318043288
2183.3,0.0721923793836765
2183.4,-0.171948234020266
2183.5,1.29289544640339
2183.6,-0.342846663403026
2183.7,-1.31940911701879
2183.8,-0.928784135572488
2183.9,-0.0254638659779005
2184,-0.635815399487757
2184.1,0.267504870106831
2184.2,-1.14851068763604
2184.3,-1.61237785310353
2184.4,-0.782299767530122
2184.5,-0.19636229536066
2184.6,0.0477783180432823
2184.7,0.340747054128013
2184.8,1.7323485505305
2184.9,1.268481385063
2185,0.340747054128013
2185.1,0.316332992787619
2185.2,0.804614219595504
2185.3,1.17082513970143
2185.4,0.609301728872356
2185.5,-0.782299767530122
2185.6,-0.294018540722237
2185.7,-0.391674786083809
2185.8,-0.660229460828151
2185.9,-0.0987060499990832
2186,-0.196362295360655
2186.1,0.706957974233927
2186.2,-0.074291988658689
2186.3,0.0721923793836765
2186.4,0.0966064407240708
2186.5,-0.855541951551305
2186.6,-0.171948234020266
2186.7,-0.538159154126174
2186.8,0.584887667531962
2186.9,1.75676261187088
2187,0.902270464957087
2187.1,1.04875483299945
2187.2,0.291918931447242
2187.3,-0.416088847424209
2187.4,-0.538159154126163
2187.5,-0.00104980463750053
2187.6,1.24406732372261
2187.7,0.194262686085648
2187.8,-1.12409662629564
2187.9,1.19523920104182
2188,-0.66022946082814
2188.1,-0.464916970104997
2188.2,-0.318432602062626
2188.3,-0.904370074232094
2188.4,0.536059544851173
2188.5,0.829028280935898
2188.6,-0.269604479381843
2188.7,0.682543912893533
2188.8,-0.0254638659779005
2188.9,0.902270464957081
2189,1.07316889433984
2189.1,0.438403299489596
2189.2,0.511645483510785
2189.3,-0.245190418041449
2189.4,0.389575176808802
2189.5,-0.00104980463750621
2189.6,0.413989238149196
2189.7,0.706957974233927
2189.8,1.12199701702063
2189.9,0.267504870106831
2190,0.511645483510779
2190.1,0.78020015825511
2190.2,-0.806713828870517
2190.3,-0.391674786083814
2190.4,0.536059544851167
2190.5,1.29289544640341
2190.6,0.316332992787619
2190.7,0.438403299489596
2190.8,0.511645483510773
2190.9,1.46379387578615
2191,0.462817360829985
2191.1,0.121020502064471
2191.2,0.194262686085648
2191.3,0.365161115468413
2191.4,-0.049877927318289
2191.5,-0.0987060499990719
2191.6,1.268481385063
2191.7,2.02531728661522
2191.8,0.511645483510779
2191.9,0.780200158255116
2192,-0.123120111339472
2192.1,-0.17194823402026
2192.2,-1.02644038093406
2192.3,-0.855541951551305
2192.4,0.877856403616687
2192.5,0.877856403616693
2192.6,0.316332992787625
2192.7,0.609301728872356
2192.8,1.7079344891901
2192.9,0.975512648978264
2193,0.0721923793836765
2193.1,-1.44147942372077
2193.2,-1.00202631959366
2193.3,-0.147534172679866
2193.4,0.85344234227631
2193.5,1.36613763042459
2193.6,1.53703605980733
2193.7,0.487231422170379
2193.8,0.145434563404859
2193.9,0.560473606191562
2194,-0.464916970104991
2194.1,-0.074291988658689
2194.2,-1.41706536238037
2194.3,0.0721923793836765
2194.4,-0.342846663403026
2194.5,-0.318432602062632
2194.6,-0.0987060499990775
2194.7,-0.953198196912882
2194.8,-0.586987276806968
2194.9,0.218676747426042
2195,-0.0987060499990775
2195.1,-0.660229460828151
2195.2,-1.12409662629564
2195.3,0.0966064407240708
2195.4,1.36613763042457
2195.5,0.755786096914716
2195.6,-0.36726072474342
2195.7,-0.660229460828151
2195.8,0.389575176808802
2195.9,-0.074291988658689
2196,0.0477783180432823
2196.1,-0.635815399487751
2196.2,0.194262686085648
2196.3,0.487231422170385
2196.4,0.0721923793836765
2196.5,0.121020502064471
2196.6,1.19523920104181
2196.7,1.09758295568024
2196.8,0.267504870106831
2196.9,0.316332992787619
2197,0.829028280935898
2197.1,0.780200158255116
2197.2,-0.367260724743414
2197.3,-0.0498779273182947
2197.4,0.389575176808808
2197.5,-1.12409662629564
2197.6,-0.464916970104991
2197.7,1.09758295568024
2197.8,1.63469230516891
2197.9,2.12297353197679
2198,0.902270464957081
2198.1,-0.19636229536066
2198.2,-0.709057583508934
2198.3,0.0477783180432823
2198.4,0.218676747426042
2198.5,0.0721923793836765
2198.6,-0.586987276806968
2198.7,-0.660229460828151
2198.8,0.682543912893539
2198.9,0.340747054128019
2199,-0.123120111339477
2199.1,-0.147534172679866
2199.2,-0.53815915412618
2199.3,0.0966064407240708
2199.4,-0.733471644849334
2199.5,-0.562573215466574
2199.6,0.047778318043288
2199.7,-0.0254638659779005
2199.8,-1.24616693299761
2199.9,-1.00202631959367
2200,-0.782299767530122
2200.1,-0.855541951551299
2200.2,-0.831127890210911
2200.3,-0.0254638659778948
2200.4,0.194262686085654
2200.5,0.0966064407240765
2200.6,-1.58796379176312
2200.7,-1.36823723969958
2200.8,0.584887667531956
2200.9,-0.0254638659778891
2201,-0.879956012891688
2201.1,0.316332992787625
2201.2,-0.538159154126174
2201.3,-0.562573215466568
2201.4,-1.56354973042273
2201.5,-1.22175287165721
2201.6,-0.635815399487751
2201.7,-0.294018540722237
2201.8,0.243090808766436
2201.9,-0.53815915412618
2202,-0.684643522168545
2202.1,-0.904370074232094
2202.2,-0.0987060499990832
2202.3,0.047778318043288
2202.4,-0.220776356701049
2202.5,-0.318432602062632
2202.6,-0.68464352216854
2202.7,-0.928784135572488
2202.8,-1.00202631959366
2202.9,-0.0987060499990719
2203,-0.928784135572482
2203.1,-0.416088847424203
2203.2,-0.19636229536066
2203.3,-0.51374509278578
2203.4,-0.147534172679872
2203.5,-0.318432602062626
2203.6,0.536059544851167
2203.7,0.0966064407240708
2203.8,-0.831127890210905
2203.9,-0.831127890210905
2204,-0.367260724743403
2204.1,0.731372035574333
2204.2,-0.0254638659779005
2204.3,-0.367260724743414
2204.4,-0.70905758350894
2204.5,0.511645483510779
2204.6,-0.36726072474342
2204.7,-0.904370074232094
2204.8,-0.879956012891688
2204.9,-0.17194823402026
2205,0.243090808766442
2205.1,0.487231422170379
2205.2,-0.831127890210905
2205.3,-0.782299767530117
2205.4,-0.147534172679872
2205.5,-1.07526850361484
2205.6,-1.58796379176313
2205.7,-0.635815399487757
2205.8,-0.733471644849328
2205.9,0.97551264897827
2206,1.78117667321128
2206.1,-0.00104980463750621
2206.2,-1.78327628248629
2206.3,-1.88093252784785
2206.4,-0.855541951551305
2206.5,-1.12409662629564
2206.6,-0.562573215466574
2206.7,-0.513745092785786
2206.8,-0.586987276806968
2206.9,-0.611401338147363
2207,-1.12409662629563
2207.1,0.487231422170379
2207.2,-0.391674786083814
2207.3,-0.855541951551299
2207.4,-0.147534172679872
2207.5,-0.416088847424209
2207.6,-0.782299767530122
2207.7,-1.44147942372076
2207.8,-1.83210440516707
2207.9,-1.19733881031682
2208,0.0966064407240765
2208.1,-1.05085444227445
2208.2,-0.684643522168545
2208.3,-1.14851068763603
2208.4,-2.1250731412518
2208.5,-2.49128406135771
2208.6,-1.66120597578431
2208.7,-1.44147942372077
2208.8,-0.562573215466574
2208.9,0.560473606191562
2209,-0.00104980463750621
2209.1,-1.39265130103997
2209.2,-0.635815399487757
2209.3,-1.46589348506116
2209.4,-1.07526850361485
2209.5,-1.56354973042273
2209.6,-1.49030754640156
2209.7,-0.367260724743414
2209.8,0.511645483510773
2209.9,0.145434563404859
2210,-0.855541951551305
2210.1,-0.855541951551305
2210.2,-0.513745092785786
2210.3,-0.635815399487757
2210.4,-0.123120111339472
2210.5,-0.342846663403026
2210.6,-0.635815399487757
2210.7,-0.318432602062632
2210.8,-1.05085444227446
2210.9,-1.49030754640156
2211,0.145434563404865
2211.1,-0.34284666340302
2211.2,-0.391674786083814
2211.3,-0.855541951551305
2211.4,-1.19733881031682
2211.5,-0.562573215466574
2211.6,0.0966064407240708
2211.7,0.169848624745259
2211.8,-0.782299767530117
2211.9,-0.684643522168545
2212,0.316332992787619
2212.1,1.21965326238221
2212.2,-0.171948234020266
2212.3,-0.782299767530122
2212.4,-0.0254638659778948
2212.5,-0.440502908764603
2212.6,-0.806713828870511
2212.7,-0.489331031445386
2212.8,0.609301728872356
2212.9,-0.709057583508934
2213,-1.05085444227445
2213.1,-0.391674786083814
2213.2,-0.977612258253276
2213.3,-0.513745092785786
2213.4,-1.2949950556784
2213.5,-2.44245593867692
2213.6,-1.3194091170188
2213.7,-1.24616693299761
2213.8,-0.831127890210911
2213.9,-0.464916970104991
2214,-0.416088847424203
2214.1,-0.757885706189722
2214.2,-0.440502908764591
2214.3,-0.8799560128917
2214.4,-1.19733881031682
2214.5,-1.46589348506116
2214.6,-1.09968256495525
2214.7,-0.953198196912882
2214.8,-0.342846663403026
2214.9,0.218676747426042
2215,-0.318432602062632
2215.1,0.169848624745259
2215.2,1.12199701702063
2215.3,-0.586987276806968
2215.4,-1.36823723969958
2215.5,-0.806713828870517
2215.6,-0.416088847424209
2215.7,-0.855541951551299
2215.8,-0.416088847424209
2215.9,0.0477783180432823
2216,-1.17292474897642
2216.1,0.487231422170379
2216.2,0.706957974233927
2216.3,0.291918931447225
2216.4,-0.049877927318289
2216.5,0.340747054128013
2216.6,0.658129851553139
2216.7,0.780200158255116
2216.8,0.218676747426048
2216.9,0.194262686085654
2217,0.511645483510773
2217.1,-1.09968256495524
2217.2,-0.977612258253276
2217.3,0.0233642567028937
2217.4,0.121020502064471
2217.5,0.291918931447225
2217.6,-0.0987060499990775
2217.7,-0.635815399487751
2217.8,-0.635815399487757
2217.9,-0.464916970104991
2218,-0.586987276806963
2218.1,-1.22175287165721
2218.2,-0.953198196912882
2218.3,0.0477783180432823
2218.4,0.413989238149196
2218.5,0.389575176808813
2218.6,0.46281736082999
2218.7,-0.464916970104997
2218.8,-1.09968256495524
2218.9,-1.2949950556784
2219,0.60930172887235
2219.1,-0.977612258253276
2219.2,-0.196362295360649
2219.3,-0.171948234020266
2219.4,-0.318432602062626
2219.5,0.121020502064465
2219.6,0.145434563404865
2219.7,-0.269604479381837
2219.8,-0.562573215466563
2219.9,0.60930172887235
2220,1.51262199846694
2220.1,1.39055169176497
2220.2,1.02434077165905
2220.3,0.316332992787625
2220.4,-0.586987276806963
2220.5,-2.27155750929417
2220.6,-1.07526850361485
2220.7,-1.07526850361485
2220.8,-0.782299767530122
2220.9,0.413989238149202
2221,0.877856403616687
2221.1,1.36613763042457
2221.2,1.39055169176497
2221.3,0.145434563404859
2221.4,0.731372035574321
2221.5,1.17082513970142
2221.6,0.487231422170385
2221.7,-0.855541951551305
2221.8,-0.635815399487757
2221.9,0.63371579021275
2222,0.536059544851173
2222.1,0.658129851553139
2222.2,0.658129851553144
2222.3,0.413989238149196
2222.4,-0.245190418041443
2222.5,0.267504870106831
2222.6,0.926684526297481
2222.7,0.438403299489596
2222.8,0.0966064407240765
2222.9,-0.416088847424197
2223,0.438403299489596
2223.1,0.340747054128013
2223.2,0.0477783180432823
2223.3,-0.196362295360655
2223.4,0.0721923793836822
2223.5,-0.245190418041443
2223.6,-1.00202631959366
2223.7,-0.684643522168545
2223.8,1.24406732372261
2223.9,0.829028280935898
2224,-0.635815399487757
2224.1,-0.123120111339477
2224.2,0.316332992787619
2224.3,0.926684526297475
2224.4,0.243090808766436
2224.5,-1.51472160774194
2224.6,-2.02741689589023
2224.7,-0.538159154126174
2224.8,-0.855541951551305
2224.9,-1.41706536238037
2225,-0.855541951551305
2225.1,-0.171948234020266
2225.2,-0.0742919886586833
2225.3,-0.0742919886586776
2225.4,0.536059544851167
2225.5,-0.904370074232094
2225.6,-0.342846663403026
2225.7,-0.977612258253271
2225.8,-0.19636229536066
2225.9,-1.14851068763602
2226,-1.49030754640156
2226.1,-1.46589348506116
2226.2,-0.318432602062632
2226.3,-1.14851068763603
2226.4,-0.733471644849334
2226.5,-0.318432602062632
2226.6,0.121020502064465
2226.7,0.877856403616693
2226.8,0.169848624745259
2226.9,-0.34284666340302
2227,-0.513745092785786
2227.1,-0.416088847424203
2227.2,-0.489331031445386
2227.3,-0.611401338147363
2227.4,0.023364256702888
2227.5,0.0477783180432823
2227.6,0.0966064407240822
2227.7,-0.196362295360655
2227.8,-0.245190418041443
2227.9,-1.22175287165721
2228,0.0233642567028994
2228.1,0.389575176808808
2228.2,-0.562573215466574
2228.3,-0.562573215466574
2228.4,-0.147534172679872
2228.5,0.0966064407240765
2228.6,-0.489331031445391
2228.7,-0.8799560128917
2228.8,-0.367260724743409
2228.9,-0.245190418041449
2229,-0.220776356701049
2229.1,0.145434563404865
2229.2,-1.83210440516708
2229.3,-0.586987276806968
2229.4,0.194262686085654
2229.5,0.706957974233927
2229.6,1.19523920104181
2229.7,0.560473606191562
2229.8,0.218676747426048
2229.9,-0.342846663403014
2230,-0.416088847424209
2230.1,0.0477783180432823
2230.2,0.023364256702888
2230.3,-0.977612258253276
2230.4,0.0477783180432823
2230.5,0.169848624745259
2230.6,-0.464916970104997
2230.7,0.0233642567028937
2230.8,-0.440502908764603
2230.9,-1.12409662629563
2231,-0.220776356701054
2231.1,-0.269604479381843
2231.2,-0.342846663403026
2231.3,0.29191893144723
2231.4,-0.0254638659779005
2231.5,0.731372035574321
2231.6,0.0721923793836765
2231.7,-0.245190418041443
2231.8,1.2928954464034
2231.9,0.316332992787619
2232,0.829028280935898
2232.1,0.243090808766436
2232.2,0.487231422170385
2232.3,0.487231422170379
2232.4,-1.17292474897642
2232.5,-1.05085444227446
2232.6,-0.245190418041443
2232.7,-0.342846663403026
2232.8,-0.757885706189728
2232.9,0.829028280935904
2233,1.34172356908418
2233.1,0.316332992787619
2233.2,0.487231422170385
2233.3,-1.00202631959367
2233.4,-0.074291988658689
2233.5,0.706957974233933
2233.6,-0.562573215466574
2233.7,-0.342846663403026
2233.8,-0.17194823402026
2233.9,0.169848624745259
2234,0.560473606191567
2234.1,-0.0498779273182947
2234.2,-0.269604479381843
2234.3,0.560473606191562
2234.4,-0.245190418041443
2234.5,0.609301728872356
2234.6,-0.51374509278578
2234.7,-0.611401338147363
2234.8,-0.586987276806963
2234.9,-0.416088847424203
2235,0.316332992787625
2235.1,0.29191893144723
2235.2,0.0233642567028937
2235.3,0.365161115468408
2235.4,-0.53815915412618
2235.5,-0.049877927318289
2235.6,0.877856403616687
2235.7,-0.36726072474342
2235.8,-1.92976065052865
2235.9,0.0477783180432937
2236,0.0233642567028937
2236.1,1.21965326238221
2236.2,0.0966064407240708
2236.3,-1.05085444227446
2236.4,-1.6856200371247
2236.5,-0.586987276806963
2236.6,-0.660229460828151
2236.7,-0.294018540722237
2236.8,0.63371579021275
2236.9,-0.904370074232094
2237,-0.538159154126174
2237.1,-0.171948234020266
2237.2,-0.953198196912882
2237.3,-0.782299767530117
2237.4,-0.904370074232094
2237.5,-0.8799560128917
2237.6,-0.513745092785786
2237.7,-0.782299767530122
2237.8,-0.171948234020266
2237.9,-0.294018540722237
2238,0.267504870106842
2238.1,-1.00202631959366
2238.2,-0.928784135572488
2238.3,-0.19636229536066
2238.4,-1.07526850361485
2238.5,-1.00202631959366
2238.6,-0.53815915412618
2238.7,-0.855541951551305
2238.8,-1.07526850361485
2238.9,-1.34382317835919
2239,-1.09968256495524
2239.1,-1.36823723969958
2239.2,0.389575176808802
2239.3,0.291918931447225
2239.4,-0.831127890210905
2239.5,-0.855541951551294
2239.6,-0.831127890210911
2239.7,0.560473606191562
2239.8,1.41496575310536
2239.9,0.0721923793836765
2240,-0.953198196912882
2240.1,-0.17194823402026
2240.2,0.731372035574327
2240.3,-1.85651846650746
2240.4,-1.56354973042274
2240.5,-1.61237785310353
2240.6,-0.245190418041443
2240.7,-0.635815399487751
2240.8,-1.22175287165722
2240.9,-0.367260724743414
2241,-1.58796379176313
2241.1,-1.12409662629564
2241.2,0.804614219595504
2241.3,-0.660229460828145
2241.4,-1.44147942372076
2241.5,-0.635815399487751
2241.6,-0.0498779273182947
2241.7,-0.220776356701054
2241.8,-0.294018540722232
2241.9,-0.294018540722237
2242,-0.171948234020266
2242.1,-0.757885706189722
2242.2,-0.586987276806963
2242.3,-0.34284666340302
2242.4,0.243090808766442
2242.5,-1.78327628248628
2242.6,-1.19733881031682
2242.7,-0.147534172679872
2242.8,0.340747054128019
2242.9,-0.367260724743414
2243,-0.586987276806963
2243.1,-0.220776356701054
2243.2,-1.19733881031682
2243.3,0.902270464957093
2243.4,0.536059544851167
2243.5,0.121020502064465
2243.6,-0.074291988658689
2243.7,-0.806713828870517
2243.8,0.194262686085659
2243.9,-0.489331031445386
2244,-1.44147942372076
2244.1,-0.00104980463750621
2244.2,1.09758295568024
2244.3,-0.0742919886586776
2244.4,-0.928784135572471
2244.5,-0.757885706189722
2244.6,-1.05085444227446
2244.7,-0.879956012891694
2244.8,-0.440502908764603
2244.9,-1.09968256495525
2245,-1.12409662629564
2245.1,-0.70905758350894
2245.2,-0.586987276806968
2245.3,-0.00104980463750053
2245.4,-0.8799560128917
2245.5,-0.31843260206262
2245.6,-1.19733881031682
2245.7,0.584887667531956
2245.8,1.02434077165906
2245.9,-0.19636229536066
2246,-1.02644038093406
2246.1,-0.904370074232094
2246.2,-0.342846663403026
2246.3,-0.220776356701049
2246.4,0.658129851553144
2246.5,0.194262686085648
2246.6,-0.00104980463750621
2246.7,0.29191893144723
2246.8,-0.00104980463750053
2246.9,-0.24519041804144
2247,-0.440502908764597
2247.1,-1.63679191444392
2247.2,-1.19733881031682
2247.3,-0.269604479381843
2247.4,-0.245190418041449
2247.5,-0.635815399487757
2247.6,0.194262686085654
2247.7,0.291918931447225
2247.8,-0.489331031445391
2247.9,-0.953198196912871
2248,-0.171948234020266
2248.1,-0.245190418041443
2248.2,-1.34382317835919
2248.3,-0.611401338147357
2248.4,-0.586987276806963
2248.5,-0.904370074232094
2248.6,-0.342846663403026
2248.7,-0.245190418041449
2248.8,0.731372035574327
2248.9,0.169848624745259
2249,-0.416088847424203
2249.1,-0.269604479381837
2249.2,0.462817360829996
2249.3,0.169848624745256
2249.4,-0.123120111339472
2249.5,0.316332992787625
2249.6,-0.757885706189722
2249.7,-0.782299767530122
2249.8,0.43840329948959
2249.9,0.536059544851167
2250,0.267504870106831
2250.1,-0.562573215466574
2250.2,-0.611401338147363
2250.3,-0.245190418041449
2250.4,0.731372035574321
2250.5,-0.733471644849334
2250.6,-1.12409662629564
2250.7,-0.0742919886586833
2250.8,-0.171948234020255
2250.9,0.0966064407240765
2251,-0.074291988658689
2251.1,-0.074291988658689
2251.2,-0.806713828870517
2251.3,-1.3194091170188
2251.4,0.121020502064476
2251.5,-0.0987060499990775
2251.6,-1.17292474897643
2251.7,-0.464916970104997
2251.8,-0.269604479381843
2251.9,-0.0254638659778948
2252,-0.074291988658689
2252.1,0.804614219595504
2252.2,0.023364256702888
2252.3,-1.00202631959367
2252.4,-0.855541951551305
2252.5,0.0721923793836822
2252.6,0.63371579021275
2252.7,0.706957974233927
2252.8,0.0477783180432823
2252.9,-0.171948234020266
2253,0.853442342276298
2253.1,-0.0987060499990719
2253.2,-1.44147942372076
2253.3,-1.19733881031682
2253.4,-0.51374509278578
2253.5,-0.635815399487757
2253.6,0.0721923793836765
2253.7,0.78020015825511
2253.8,-0.0498779273182947
2253.9,-0.220776356701054
2254,-0.53815915412618
2254.1,0.0477783180432823
2254.2,0.389575176808808
2254.3,0.487231422170379
2254.4,1.36613763042458
2254.5,0.365161115468408
2254.6,0.804614219595504
2254.7,0.48723142217039
2254.8,0.267504870106831
2254.9,-0.416088847424197
2255,-1.00202631959367
2255.1,0.291918931447225
2255.2,0.047778318043288
2255.3,-0.416088847424203
2255.4,0.0966064407240822
2255.5,-0.074291988658689
2255.6,-0.220776356701054
2255.7,-0.733471644849334
2255.8,0.413989238149196
2255.9,1.63469230516891
2256,0.267504870106836
2256.1,-0.757885706189722
2256.2,-0.68464352216854
2256.3,0.291918931447225
2256.4,-0.196362295360655
2256.5,0.413989238149196
2256.6,-0.318432602062626
2256.7,-0.953198196912876
2256.8,0.218676747426053
2256.9,-0.36726072474342
2257,-0.806713828870517
2257.1,-0.53815915412618
2257.2,-0.049877927318289
2257.3,-0.245190418041443
2257.4,0.829028280935913
2257.5,0.80461421959551
2257.6,0.462817360829996
2257.7,0.0721923793836765
2257.8,0.121020502064465
2257.9,0.755786096914716
2258,-0.147534172679872
2258.1,0.0966064407240708
2258.2,1.02434077165905
2258.3,0.365161115468408
2258.4,0.584887667531956
2258.5,-0.294018540722237
2258.6,0.0966064407240765
2258.7,-0.440502908764603
2258.8,-1.46589348506116
2258.9,-0.53815915412618
2259,0.60930172887235
2259.1,0.829028280935898
2259.2,0.145434563404859
2259.3,0.829028280935898
2259.4,-0.17194823402026
2259.5,0.243090808766442
2259.6,0.804614219595504
2259.7,0.389575176808813
2259.8,-0.36726072474342
2259.9,-0.611401338147363
2260,0.243090808766436
2260.1,0.999926710318658
2260.2,0.926684526297475
2260.3,0.95109858763787
2260.4,0.658129851553139
2260.5,0.853442342276298
2260.6,0.999926710318658
2260.7,1.19523920104181
2260.8,0.267504870106831
2260.9,0.413989238149196
2261,1.6591063665093
2261.1,0.267504870106831
2261.2,0.462817360829985
2261.3,1.43937981444575
2261.4,1.36613763042457
2261.5,1.73234855053049
2261.6,0.169848624745254
2261.7,0.023364256702888
2261.8,0.584887667531962
2261.9,0.169848624745254
2262,-0.464916970104991
2262.1,0.023364256702888
2262.2,0.95109858763787
2262.3,0.511645483510773
2262.4,-0.635815399487751
2262.5,-0.831127890210911
2262.6,1.24406732372261
2262.7,1.36613763042457
2262.8,-0.684643522168545
2262.9,-0.14753417267986
2263,0.340747054128019
2263.1,1.2440673237226
2263.2,0.80461421959551
2263.3,0.0233642567028937
2263.4,-0.538159154126168
2263.5,-0.51374509278578
2263.6,-0.123120111339472
2263.7,1.12199701702064
2263.8,1.09758295568024
2263.9,-0.049877927318289
2264,-0.196362295360655
2264.1,0.413989238149196
2264.2,1.02434077165906
2264.3,-0.19636229536066
2264.4,0.902270464957081
2264.5,0.243090808766436
2264.6,-0.611401338147363
2264.7,0.365161115468413
2264.8,-0.36726072474342
2264.9,0.365161115468408
2265,0.584887667531962
2265.1,0.633715790212744
2265.2,0.926684526297475
2265.3,0.706957974233927
2265.4,-0.220776356701054
2265.5,0.218676747426048
2265.6,0.560473606191573
2265.7,-0.513745092785786
2265.8,0.340747054128013
2265.9,0.536059544851179
2266,1.12199701702063
2266.1,0.145434563404859
2266.2,-0.977612258253276
2266.3,-0.416088847424209
2266.4,-0.513745092785786
2266.5,-0.562573215466574
2266.6,-1.2949950556784
2266.7,-1.80769034382668
2266.8,-0.855541951551299
2266.9,-1.61237785310353
2267,-2.29597157063457
2267.1,-1.19733881031682
2267.2,-0.294018540722232
2267.3,-0.245190418041443
2267.4,-0.391674786083814
2267.5,-1.19733881031682
2267.6,-1.09968256495525
2267.7,0.340747054128019
2267.8,0.65812985155315
2267.9,1.17082513970142
2268,0.487231422170379
2268.1,-0.586987276806968
2268.2,0.731372035574321
2268.3,0.755786096914727
2268.4,1.17082513970142
2268.5,1.02434077165906
2268.6,2.07414540929601
2268.7,1.2440673237226
2268.8,0.804614219595504
2268.9,0.413989238149196
2269,0.80461421959551
2269.1,0.658129851553139
2269.2,0.511645483510779
2269.3,0.365161115468413
2269.4,-1.00202631959367
2269.5,-1.34382317835919
2269.6,-1.270580994338
2269.7,-0.391674786083814
2269.8,-0.0254638659779005
2269.9,0.316332992787625
2270,0.731372035574321
2270.1,0.682543912893539
2270.2,0.609301728872356
2270.3,-0.318432602062626
2270.4,-0.147534172679872
2270.5,0.60930172887235
2270.6,0.584887667531962
2270.7,0.511645483510773
2270.8,-0.36726072474342
2270.9,0.97551264897827
2271,0.121020502064471
2271.1,-0.0254638659778948
2271.2,0.560473606191567
2271.3,0.902270464957087
2271.4,0.780200158255116
2271.5,0.169848624745259
2271.6,1.17082513970142
2271.7,0.0966064407240708
2271.8,-0.8799560128917
2271.9,0.780200158255116
2272,0.829028280935904
2272.1,-0.586987276806968
2272.2,0.60930172887235
2272.3,-0.245190418041449
2272.4,-0.220776356701049
2272.5,0.487231422170385
2272.6,-0.147534172679872
2272.7,-0.977612258253271
2272.8,0.43840329948959
2272.9,1.07316889433984
2273,0.682543912893533
2273.1,-0.391674786083809
2273.2,-0.00104980463749484
2273.3,0.682543912893544
2273.4,0.951098587637875
2273.5,1.14641107836104
2273.6,1.19523920104182
2273.7,1.56145012114773
2273.8,0.60930172887235
2273.9,0.43840329948959
2274,0.951098587637875
2274.1,0.755786096914727
2274.2,0.706957974233933
2274.3,-0.391674786083814
2274.4,-0.806713828870517
2274.5,-1.51472160774195
2274.6,-1.17292474897643
2274.7,-0.391674786083814
2274.8,0.0721923793836765
2274.9,0.145434563404865
2275,-0.660229460828134
2275.1,0.658129851553139
2275.2,0.877856403616687
2275.3,0.78020015825511
2275.4,-0.464916970104997
2275.5,-0.220776356701049
2275.6,0.731372035574321
2275.7,0.975512648978264
2275.8,0.267504870106831
2275.9,-0.074291988658689
2276,0.267504870106831
2276.1,0.267504870106831
2276.2,1.21965326238221
2276.3,0.51164548351079
2276.4,0.43840329948959
2276.5,-0.538159154126174
2276.6,-0.220776356701054
2276.7,0.999926710318664
2276.8,0.853442342276293
2276.9,-0.684643522168545
2277,-0.70905758350894
2277.1,0.023364256702888
2277.2,-0.68464352216854
2277.3,-0.00104980463750621
2277.4,0.0966064407240765
2277.5,0.78020015825511
2277.6,0.755786096914716
2277.7,-0.464916970104997
2277.8,-0.586987276806968
2277.9,0.023364256702888
2278,-0.147534172679872
2278.1,-0.464916970104997
2278.2,-0.8799560128917
2278.3,0.145434563404859
2278.4,-0.0987060499990775
2278.5,0.194262686085648
2278.6,-0.0254638659779005
2278.7,0.169848624745265
2278.8,0.169848624745265
2278.9,1.56145012114773
2279,0.584887667531962
2279.1,1.14641107836103
2279.2,1.78117667321127
2279.3,1.75676261187089
2279.4,2.17180165465758
2279.5,1.07316889433985
2279.6,-0.0498779273182777
2279.7,0.0477783180432823
2279.8,0.365161115468413
2279.9,-0.049877927318289
2280,0.267504870106836
2280.1,0.877856403616693
2280.2,0.0477783180432823
2280.3,-0.171948234020266
2280.4,-0.245190418041449
2280.5,-0.245190418041449
2280.6,-0.171948234020266
2280.7,-0.34284666340302
2280.8,0.145434563404865
2280.9,-0.367260724743414
2281,-0.074291988658689
2281.1,0.731372035574327
2281.2,0.0721923793836822
2281.3,0.194262686085648
2281.4,1.31730950774379
2281.5,0.511645483510779
2281.6,-0.294018540722237
2281.7,0.389575176808802
2281.8,-0.294018540722232
2281.9,0.218676747426048
2282,0.560473606191562
2282.1,1.02434077165905
2282.2,0.316332992787619
2282.3,-0.0742919886586833
2282.4,1.19523920104181
2282.5,1.51262199846694
2282.6,1.02434077165905
2282.7,-0.147534172679866
2282.8,0.121020502064471
2282.9,0.389575176808802
2283,0.389575176808802
2283.1,-0.196362295360655
2283.2,-0.782299767530117
2283.3,0.511645483510779
2283.4,0.780200158255116
2283.5,-0.0987060499990775
2283.6,-0.53815915412618
2283.7,0.536059544851173
2283.8,-0.19636229536066
2283.9,0.706957974233927
2284,1.95207510259404
2284.1,0.536059544851184
2284.2,0.340747054128013
2284.3,0.560473606191562
2284.4,0.0721923793836822
2284.5,0.438403299489596
2284.6,2.09855947063641
2284.7,0.975512648978275
2284.8,0.145434563404865
2284.9,-0.269604479381837
2285,-0.440502908764597
2285.1,-0.562573215466574
2285.2,-0.00104980463750621
2285.3,-0.562573215466574
2285.4,-1.75886222114589
2285.5,-1.27058099433801
2285.6,-1.46589348506116
2285.7,-0.513745092785786
2285.8,-0.733471644849328
2285.9,-0.538159154126174
2286,-0.611401338147357
2286.1,-1.22175287165721
2286.2,-1.02644038093406
2286.3,-1.17292474897643
2286.4,-0.342846663403009
2286.5,-0.635815399487745
2286.6,-1.02644038093406
2286.7,-0.53815915412618
2286.8,-0.8799560128917
2286.9,-0.904370074232088
2287,0.0966064407240765
2287.1,0.29191893144723
2287.2,0.853442342276298
2287.3,-0.171948234020266
2287.4,1.75676261187089
2287.5,0.389575176808808
2287.6,0.999926710318664
2287.7,0.902270464957093
2287.8,0.291918931447225
2287.9,-0.635815399487757
2288,-0.294018540722237
2288.1,0.462817360829985
2288.2,-0.36726072474342
2288.3,-1.22175287165721
2288.4,-0.51374509278578
2288.5,-0.269604479381843
2288.6,-0.17194823402026
2288.7,-0.0254638659779005
2288.8,-1.58796379176313
2288.9,-0.0498779273182834
2289,-0.00104980463750053
2289.1,1.02434077165906
2289.2,0.511645483510779
2289.3,0.926684526297475
2289.4,0.926684526297475
2289.5,0.902270464957087
2289.6,-0.123120111339466
2289.7,-0.220776356701043
2289.8,-0.0987060499990832
2289.9,-0.782299767530122
2290,0.46281736082999
2290.1,0.511645483510779
2290.2,0.267504870106836
2290.3,-0.0498779273182947
2290.4,0.877856403616687
2290.5,0.511645483510779
2290.6,-0.464916970104997
2290.7,0.755786096914716
2290.8,0.194262686085648
2290.9,-0.757885706189717
2291,-0.0987060499990719
2291.1,0.023364256702888
2291.2,-0.489331031445391
2291.3,-1.44147942372077
2291.4,-1.07526850361485
2291.5,-0.782299767530122
2291.6,-1.39265130103998
2291.7,-0.709057583508934
2291.8,-0.049877927318289
2291.9,-1.09968256495525
2292,-0.953198196912882
2292.1,-1.80769034382668
2292.2,-0.294018540722237
2292.3,0.267504870106831
2292.4,0.291918931447225
2292.5,0.047778318043288
2292.6,1.31730950774379
2292.7,1.09758295568024
2292.8,1.268481385063
2292.9,0.0966064407240708
2293,-0.147534172679872
2293.1,-0.513745092785774
2293.2,-1.2949950556784
2293.3,-0.513745092785786
2293.4,-0.70905758350894
2293.5,-1.12409662629564
2293.6,-0.831127890210911
2293.7,-0.0254638659779005
2293.8,-1.14851068763603
2293.9,-1.78327628248628
2294,-0.318432602062632
2294.1,-1.73444815980549
2294.2,-0.68464352216854
2294.3,-0.782299767530111
2294.4,-0.391674786083814
2294.5,-0.953198196912876
2294.6,-0.367260724743414
2294.7,-0.757885706189717
2294.8,-1.14851068763604
2294.9,-1.41706536238037
2295,-1.07526850361485
2295.1,-1.39265130103997
2295.2,-1.270580994338
2295.3,-2.24714344795378
2295.4,-2.02741689589023
2295.5,-1.36823723969958
2295.6,0.316332992787636
2295.7,-0.269604479381843
2295.8,-0.782299767530122
2295.9,-0.709057583508934
2296,-0.684643522168545
2296.1,-0.904370074232088
2296.2,-0.294018540722232
2296.3,0.121020502064471
2296.4,-0.928784135572488
2296.5,-0.806713828870517
2296.6,-0.464916970104997
2296.7,-0.245190418041449
2296.8,0.267504870106842
2296.9,-0.123120111339477
2297,-0.416088847424203
2297.1,0.0721923793836879
2297.2,-0.36726072474342
2297.3,0.340747054128025
2297.4,0.0966064407240793
2297.5,0.413989238149202
2297.6,0.853442342276293
2297.7,0.218676747426042
2297.8,-0.147534172679872
2297.9,-0.196362295360649
2298,1.02434077165906
2298.1,0.609301728872356
2298.2,1.04875483299945
2298.3,1.04875483299945
2298.4,0.609301728872356
2298.5,0.145434563404859
2298.6,1.51262199846694
2298.7,0.682543912893544
2298.8,0.0721923793836822
2298.9,-0.782299767530111
2299,-1.78327628248629
2299.1,0.243090808766442
2299.2,0.902270464957081
2299.3,0.706957974233927
2299.4,0.389575176808808
2299.5,1.12199701702063
2299.6,0.706957974233933
2299.7,1.34172356908418
2299.8,1.19523920104181
2299.9,1.85441885723246
2300,0.609301728872356
2300.1,0.145434563404865
2300.2,-0.68464352216854
2300.3,-0.51374509278578
2300.4,0.902270464957087
2300.5,0.487231422170385
2300.6,0.755786096914721
2300.7,-0.0498779273182947
2300.8,-0.147534172679866
2300.9,0.121020502064465
2301,-0.757885706189728
2301.1,-0.513745092785786
2301.2,0.023364256702888
2301.3,-0.294018540722237
2301.4,-0.928784135572482
2301.5,-0.831127890210905
2301.6,0.999926710318664
2301.7,0.682543912893533
2301.8,-0.464916970104997
2301.9,-0.0254638659778948
2302,-0.855541951551305
2302.1,-0.513745092785786
2302.2,-0.831127890210911
2302.3,0.145434563404865
2302.4,0.60930172887235
2302.5,0.243090808766436
2302.6,-0.586987276806963
2302.7,-0.245190418041449
2302.8,0.46281736082999
2302.9,0.0721923793836765
2303,0.340747054128019
2303.1,-0.0987060499990832
2303.2,-0.269604479381843
2303.3,-0.586987276806968
2303.4,1.2440673237226
2303.5,0.706957974233927
2303.6,-1.46589348506116
2303.7,0.218676747426042
2303.8,-0.562573215466574
2303.9,-1.3194091170188
2304,-1.05085444227445
2304.1,0.999926710318658
2304.2,-0.0498779273182947
2304.3,-0.294018540722237
2304.4,-0.147534172679866
2304.5,-0.416088847424209
2304.6,-0.318432602062632
2304.7,-0.074291988658689
2304.8,-0.0987060499990832
2304.9,0.560473606191567
2305,0.291918931447225
2305.1,0.804614219595516
2305.2,1.2928954464034
2305.3,1.61027824382851
2305.4,1.21965326238222
2305.5,0.0721923793836765
2305.6,0.194262686085648
2305.7,0.43840329948959
2305.8,-0.342846663403026
2305.9,0.0477783180432823
2306,0.413989238149202
2306.1,-0.660229460828151
2306.2,-0.416088847424197
2306.3,-0.782299767530122
2306.4,-1.44147942372076
2306.5,-0.196362295360655
2306.6,0.511645483510773
2306.7,0.145434563404859
2306.8,-0.806713828870517
2306.9,-0.879956012891688
2307,-0.0987060499990719
2307.1,0.536059544851173
2307.2,0.731372035574327
2307.3,0.291918931447225
2307.4,-0.489331031445391
2307.5,-0.684643522168545
2307.6,0.340747054128013
2307.7,-0.36726072474342
2307.8,0.0477783180432823
2307.9,0.560473606191562
2308,-0.220776356701054
2308.1,0.365161115468408
2308.2,0.316332992787619
2308.3,0.267504870106842
2308.4,0.121020502064471
2308.5,-0.635815399487751
2308.6,-0.831127890210911
2308.7,-0.611401338147363
2308.8,-0.464916970104997
2308.9,-0.245190418041443
2309,0.047778318043288
2309.1,0.218676747426042
2309.2,0.218676747426042
2309.3,0.95109858763787
2309.4,0.560473606191567
2309.5,-0.709057583508934
2309.6,-1.39265130103997
2309.7,-1.53913566908234
2309.8,-1.66120597578432
2309.9,-0.53815915412618
2310,-0.34284666340302
2310.1,-0.440502908764597
2310.2,-0.8799560128917
2310.3,-0.733471644849334
2310.4,0.389575176808813
2310.5,0.047778318043288
2310.6,-1.00202631959366
2310.7,-0.51374509278578
2310.8,-0.70905758350894
2310.9,-0.074291988658689
2311,0.29191893144723
2311.1,0.267504870106836
2311.2,0.0721923793836765
2311.3,-0.049877927318289
2311.4,0.487231422170379
2311.5,1.19523920104181
2311.6,-0.074291988658689
2311.7,-0.220776356701054
2311.8,-0.269604479381843
2311.9,0.0477783180432823
2312,-0.391674786083803
2312.1,0.902270464957087
2312.2,-0.00104980463750621
2312.3,-0.074291988658689
2312.4,0.365161115468413
2312.5,0.0966064407240765
2312.6,1.2928954464034
2312.7,-0.782299767530122
2312.8,-0.416088847424203
2312.9,0.926684526297481
2313,1.12199701702064
2313.1,0.902270464957093
2313.2,0.658129851553144
2313.3,-0.269604479381843
2313.4,-0.51374509278578
2313.5,0.560473606191567
2313.6,-0.220776356701049
2313.7,-0.318432602062626
2313.8,-0.855541951551305
2313.9,0.145434563404859
2314,-0.245190418041443
2314.1,-0.245190418041446
2314.2,0.121020502064471
2314.3,0.0477783180432965
2314.4,0.38957517680881
2314.5,-0.367260724743414
2314.6,-0.171948234020266
2314.7,-0.245190418041443
2314.8,-0.733471644849328
2314.9,-0.70905758350894
2315,-1.05085444227446
2315.1,-0.733471644849334
2315.2,0.365161115468413
2315.3,-0.049877927318289
2315.4,-0.171948234020249
2315.5,1.48820793712655
2315.6,1.268481385063
2315.7,-1.09968256495524
2315.8,-0.489331031445391
2315.9,0.658129851553144
2316,0.755786096914721
2316.1,0.243090808766442
2316.2,-0.0987060499990775
2316.3,-0.0498779273182947
2316.4,-0.147534172679866
2316.5,0.0721923793836822
2316.6,-1.31940911701879
2316.7,-0.562573215466568
2316.8,-0.416088847424197
2316.9,-1.19733881031682
2317,-1.05085444227446
2317.1,-0.220776356701049
2317.2,0.194262686085654
2317.3,-0.17194823402026
2317.4,-0.440502908764597
2317.5,-0.294018540722232
2317.6,-1.31940911701879
2317.7,-0.19636229536066
2317.8,-0.0254638659778948
2317.9,-0.928784135572488
2318,-1.00202631959367
2318.1,0.316332992787625
2318.2,-1.09968256495524
2318.3,-1.51472160774195
2318.4,-1.14851068763604
2318.5,-0.977612258253271
2318.6,0.169848624745254
2318.7,-0.831127890210911
2318.8,-1.51472160774195
2318.9,0.0477783180432823
2319,0.0477783180432823
2319.1,-0.245190418041449
2319.2,-1.19733881031682
2319.3,0.511645483510779
2319.4,1.78117667321128
2319.5,0.829028280935904
2319.6,-0.171948234020266
2319.7,-0.660229460828145
2319.8,-1.73444815980549
2319.9,-0.757885706189728
2320,-0.489331031445391
2320.1,-0.12312011133946
2320.2,-0.68464352216854
2320.3,-0.0254638659779005
2320.4,0.97551264897827
2320.5,0.706957974233933
2320.6,0.780200158255121
2320.7,0.0477783180432823
2320.8,-0.269604479381837
2320.9,-0.31843260206262
2321,-0.70905758350894
2321.1,0.0477783180432823
2321.2,0.462817360829985
2321.3,1.17082513970142
2321.4,0.487231422170385
2321.5,0.0233642567028937
2321.6,0.29191893144723
2321.7,0.46281736082999
2321.8,0.853442342276298
2321.9,-1.19733881031682
2322,-0.831127890210911
2322.1,0.194262686085648
2322.2,-0.53815915412618
2322.3,0.243090808766436
2322.4,0.047778318043288
2322.5,0.706957974233939
2322.6,-0.391674786083803
2322.7,0.267504870106831
2322.8,1.29289544640339
2322.9,0.755786096914721
2323,-0.147534172679872
2323.1,-0.245190418041449
2323.2,-0.513745092785786
2323.3,-1.53913566908233
2323.4,-0.391674786083814
2323.5,-0.391674786083814
2323.6,0.389575176808802
2323.7,0.682543912893533
2323.8,-0.464916970104986
2323.9,0.633715790212756
2324,0.365161115468408
2324.1,0.291918931447225
2324.2,0.633715790212744
2324.3,0.0233642567028994
2324.4,0.023364256702888
2324.5,0.706957974233927
2324.6,-0.635815399487757
2324.7,-0.977612258253276
2324.8,-0.440502908764603
2324.9,-0.123120111339472
2325,-0.17194823402026
2325.1,0.78020015825511
2325.2,0.975512648978264
2325.3,0.926684526297481
2325.4,0.975512648978264
2325.5,0.462817360829985
2325.6,-0.464916970104997
2325.7,-0.220776356701049
2325.8,-0.831127890210911
2325.9,-0.318432602062632
2326,-0.269604479381843
2326.1,-0.709057583508928
2326.2,-0.294018540722237
2326.3,1.02434077165905
2326.4,0.291918931447236
2326.5,-1.19733881031682
2326.6,-0.928784135572482
2326.7,-0.294018540722237
2326.8,0.194262686085648
2326.9,0.267504870106831
2327,0.023364256702888
2327.1,-0.806713828870517
2327.2,0.169848624745254
2327.3,-0.245190418041443
2327.4,0.658129851553144
2327.5,-0.611401338147363
2327.6,0.487231422170396
2327.7,1.78117667321128
2327.8,-0.416088847424209
2327.9,-0.757885706189728
2328,-0.586987276806963
2328.1,0.731372035574327
2328.2,0.121020502064465
2328.3,0.145434563404865
2328.4,0.511645483510779
2328.5,-0.48933103144538
2328.6,0.145434563404859
2328.7,0.633715790212744
2328.8,0.121020502064471
2328.9,0.316332992787625
2329,0.121020502064465
2329.1,0.462817360829985
2329.2,0.706957974233933
2329.3,0.536059544851173
2329.4,0.218676747426042
2329.5,-0.489331031445391
2329.6,0.560473606191562
2329.7,-0.0498779273182947
2329.8,-0.318432602062632
2329.9,0.682543912893544
2330,-0.757885706189722
2330.1,-1.19733881031682
2330.2,0.682543912893533
2330.3,-0.049877927318289
2330.4,-1.73444815980549
2330.5,-1.19733881031682
2330.6,-0.318432602062626
2330.7,-0.782299767530117
2330.8,-0.855541951551299
2330.9,-0.562573215466568
2331,0.413989238149202
2331.1,0.804614219595504
2331.2,0.0477783180432823
2331.3,-0.660229460828145
2331.4,0.462817360829985
2331.5,0.0721923793836765
2331.6,-0.855541951551305
2331.7,-1.00202631959367
2331.8,0.926684526297481
2331.9,1.12199701702063
2332,-0.19636229536066
2332.1,-0.562573215466574
2332.2,0.218676747426042
2332.3,0.731372035574321
2332.4,0.243090808766436
2332.5,1.09758295568025
2332.6,0.584887667531956
2332.7,0.633715790212744
2332.8,0.609301728872356
2332.9,-0.294018540722232
2333,0.243090808766436
2333.1,0.609301728872362
2333.2,0.389575176808808
2333.3,0.706957974233933
2333.4,0.413989238149202
2333.5,0.121020502064471
2333.6,0.682543912893533
2333.7,0.829028280935898
2333.8,-0.0254638659778948
2333.9,0.267504870106831
2334,0.584887667531956
2334.1,0.46281736082999
2334.2,-0.928784135572482
2334.3,-0.00104980463750621
2334.4,0.853442342276293
2334.5,0.194262686085648
2334.6,0.560473606191562
2334.7,0.047778318043288
2334.8,0.243090808766442
2334.9,0.0233642567028937
2335,1.04875483299945
2335.1,1.19523920104181
2335.2,0.706957974233933
2335.3,0.194262686085648
2335.4,-1.58796379176313
2335.5,-1.09968256495525
2335.6,0.413989238149202
2335.7,-0.049877927318289
2335.8,-1.61237785310352
2335.9,0.291918931447225
2336,-0.806713828870517
2336.1,0.536059544851173
2336.2,-0.733471644849334
2336.3,-1.39265130103998
2336.4,-0.635815399487751
2336.5,-1.41706536238037
2336.6,-1.51472160774195
2336.7,-0.391674786083809
2336.8,0.78020015825511
2336.9,-0.19636229536066
2337,-0.489331031445386
2337.1,-0.123120111339472
2337.2,-0.806713828870517
2337.3,0.243090808766448
2337.4,-0.733471644849328
2337.5,-0.538159154126174
2337.6,-0.147534172679872
2337.7,0.194262686085648
2337.8,-0.440502908764603
2337.9,-0.0742919886586833
2338,0.584887667531962
2338.1,0.0233642567028937
2338.2,-1.17292474897642
2338.3,-1.00202631959366
2338.4,0.047778318043288
2338.5,0.975512648978264
2338.6,0.95109858763787
2338.7,-0.318432602062632
2338.8,-0.36726072474342
2338.9,0.169848624745265
2339,-1.00202631959367
2339.1,-1.12409662629564
2339.2,0.536059544851173
2339.3,0.658129851553144
2339.4,0.121020502064471
2339.5,0.169848624745271
2339.6,-0.269604479381837
2339.7,1.02434077165906
2339.8,-0.391674786083814
2339.9,-0.245190418041437
2340,-0.318432602062626
2340.1,-0.53815915412618
2340.2,0.194262686085648
2340.3,0.267504870106836
2340.4,1.14641107836103
2340.5,0.43840329948959
2340.6,-0.562573215466574
2340.7,-0.294018540722232
2340.8,-0.17194823402026
2340.9,-0.00104980463750621
2341,0.291918931447225
2341.1,0.46281736082999
2341.2,1.21965326238221
2341.3,0.316332992787625
2341.4,-0.562573215466568
2341.5,-0.269604479381843
2341.6,-0.269604479381843
2341.7,-1.22175287165721
2341.8,-1.05085444227446
2341.9,0.169848624745254
2342,0.487231422170385
2342.1,0.755786096914716
2342.2,-0.367260724743409
2342.3,-0.0498779273182947
2342.4,0.902270464957081
2342.5,0.340747054128019
2342.6,-0.391674786083814
2342.7,-0.171948234020266
2342.8,0.340747054128013
2342.9,-0.513745092785774
2343,0.121020502064465
2343.1,0.413989238149208
2343.2,-0.19636229536066
2343.3,0.536059544851179
2343.4,0.804614219595504
2343.5,-0.733471644849328
2343.6,-0.464916970104991
2343.7,0.780200158255121
2343.8,1.75676261187089
2343.9,0.48723142217039
2344,-0.00104980463750621
2344.1,1.14641107836105
2344.2,1.48820793712655
2344.3,0.389575176808808
2344.4,0.169848624745265
2344.5,-0.464916970104997
2344.6,-0.733471644849334
2344.7,-0.0254638659778948
2344.8,0.682543912893539
2344.9,-0.855541951551305
2345,0.121020502064476
2345.1,-0.0987060499990832
2345.2,-1.14851068763604
2345.3,-0.709057583508934
2345.4,0.584887667531967
2345.5,1.17082513970143
2345.6,-0.342846663403026
2345.7,-0.220776356701049
2345.8,0.267504870106836
2345.9,-0.171948234020266
2346,0.560473606191567
2346.1,0.0721923793836765
2346.2,-0.049877927318289
2346.3,-1.19733881031682
2346.4,0.145434563404865
2346.5,0.731372035574327
2346.6,-0.19636229536066
2346.7,0.145434563404859
2346.8,-0.074291988658689
2346.9,0.169848624745259
2347,-1.6856200371247
2347.1,-0.611401338147351
2347.2,-0.440502908764603
2347.3,-1.2949950556784
2347.4,-0.220776356701054
2347.5,-0.440502908764603
2347.6,-0.074291988658689
2347.7,-0.562573215466574
2347.8,-1.36823723969958
2347.9,-0.36726072474342
2348,-0.489331031445391
2348.1,-1.56354973042274
2348.2,-0.684643522168545
2348.3,-0.245190418041449
2348.4,0.609301728872356
2348.5,0.43840329948959
2348.6,0.82902828093591
2348.7,-0.269604479381837
2348.8,-1.83210440516708
2348.9,-0.269604479381832
2349,0.389575176808808
2349.1,0.413989238149196
2349.2,-1.05085444227446
2349.3,-1.24616693299761
2349.4,0.243090808766436
2349.5,0.169848624745271
2349.6,0.316332992787625
2349.7,0.804614219595504
2349.8,0.267504870106836
2349.9,-0.757885706189728
2350,-0.0254638659778948
2350.1,1.07316889433985
2350.2,-0.245190418041443
2350.3,-0.806713828870511
2350.4,0.462817360829985
2350.5,0.511645483510773
2350.6,0.46281736082999
2350.7,0.340747054128019
2350.8,0.121020502064476
2350.9,-0.123120111339477
2351,-0.635815399487757
2351.1,0.0966064407240765
2351.2,-0.00104980463750053
2351.3,0.658129851553139
2351.4,0.926684526297475
2351.5,0.389575176808802
2351.6,0.145434563404865
2351.7,-0.70905758350894
2351.8,0.243090808766436
2351.9,-0.757885706189722
2352,-0.611401338147357
2352.1,0.0966064407240822
2352.2,-0.196362295360655
2352.3,-0.782299767530122
2352.4,-1.2949950556784
2352.5,-0.806713828870505
2352.6,-1.14851068763603
2352.7,-1.19733881031682
2352.8,-0.660229460828151
2352.9,-1.02644038093406
2353,-2.05183095723062
2353.1,-0.855541951551305
2353.2,-0.245190418041449
2353.3,0.145434563404865
2353.4,-0.586987276806957
2353.5,-0.855541951551294
2353.6,0.121020502064471
2353.7,0.340747054128033
2353.8,-0.0987060499990719
2353.9,-0.220776356701054
2354,-0.440502908764603
2354.1,1.12199701702064
2354.2,1.02434077165906
2354.3,-0.440502908764597
2354.4,-0.611401338147357
2354.5,0.389575176808808
2354.6,0.145434563404859
2354.7,-0.733471644849334
2354.8,-0.196362295360655
2354.9,-1.05085444227446
2355,-1.36823723969957
2355.1,-0.245190418041437
2355.2,-0.147534172679872
2355.3,-0.391674786083803
2355.4,0.48723142217039
2355.5,0.487231422170379
2355.6,0.340747054128019
2355.7,-0.53815915412618
2355.8,-0.806713828870517
2355.9,-0.538159154126174
2356,-0.269604479381843
2356.1,-1.07526850361485
2356.2,-0.34284666340302
2356.3,0.706957974233933
2356.4,0.365161115468425
2356.5,0.0233642567028994
2356.6,-0.00104980463750621
2356.7,0.413989238149196
2356.8,0.536059544851167
2356.9,-0.391674786083814
2357,-0.342846663403026
2357.1,0.121020502064471
2357.2,-0.391674786083809
2357.3,0.755786096914727
2357.4,-0.294018540722232
2357.5,-1.22175287165722
2357.6,1.56145012114774
2357.7,-0.68464352216854
2357.8,-1.05085444227446
2357.9,-0.147534172679866
2358,-1.17292474897643
2358.1,0.023364256702888
2358.2,-0.53815915412618
2358.3,0.316332992787619
2358.4,0.804614219595504
2358.5,0.0477783180432823
2358.6,-1.24616693299761
2358.7,0.243090808766436
2358.8,1.48820793712656
2358.9,-0.0987060499990662
2359,0.804614219595516
2359.1,0.438403299489596
2359.2,0.243090808766436
2359.3,-0.806713828870517
2359.4,-1.12409662629564
2359.5,-0.294018540722237
2359.6,0.121020502064471
2359.7,0.926684526297481
2359.8,0.43840329948959
2359.9,1.04875483299945
2360,0.999926710318658
2360.1,1.41496575310536
2360.2,0.511645483510773
2360.3,-0.245190418041443
2360.4,-0.171948234020266
2360.5,0.853442342276298
2360.6,0.584887667531962
2360.7,-0.586987276806968
2360.8,1.268481385063
2360.9,1.19523920104182
2361,-0.00104980463750053
2361.1,0.389575176808802
2361.2,-0.0742919886586776
2361.3,0.731372035574321
2361.4,0.780200158255116
2361.5,0.999926710318664
2361.6,0.60930172887235
2361.7,0.194262686085659
2361.8,-0.269604479381837
2361.9,-0.611401338147363
2362,0.243090808766442
2362.1,-0.19636229536066
2362.2,0.389575176808808
2362.3,0.511645483510773
2362.4,1.6835204278497
2362.5,0.706957974233927
2362.6,-0.147534172679866
2362.7,0.365161115468408
2362.8,-0.416088847424203
2362.9,-0.586987276806968
2363,-1.07526850361485
2363.1,-0.8311278902109
2363.2,-1.05085444227445
2363.3,-0.391674786083814
2363.4,0.316332992787625
2363.5,0.0721923793836879
2363.6,0.121020502064476
2363.7,0.0721923793836765
2363.8,-1.58796379176313
2363.9,-0.19636229536066
2364,0.218676747426042
2364.1,-1.63679191444392
2364.2,-0.953198196912882
2364.3,-0.0987060499990832
2364.4,-1.44147942372077
2364.5,-0.928784135572488
2364.6,0.169848624745254
2364.7,-0.953198196912882
2364.8,-0.269604479381837
2364.9,1.04875483299945
2365,-0.538159154126174
2365.1,-1.00202631959366
2365.2,-0.831127890210905
2365.3,-0.513745092785774
2365.4,-1.22175287165721
2365.5,-0.977612258253276
2365.6,-0.977612258253276
2365.7,-0.440502908764597
2365.8,-0.19636229536066
2365.9,-0.709057583508934
2366,-0.782299767530122
2366.1,-1.02644038093406
2366.2,-1.68562003712471
2366.3,-1.00202631959367
2366.4,-0.36726072474342
2366.5,-0.440502908764597
2366.6,-1.17292474897643
2366.7,-1.05085444227445
2366.8,-1.09968256495525
2366.9,-0.0742919886586719
2367,-0.245190418041443
2367.1,-0.34284666340302
2367.2,0.584887667531959
2367.3,0.145434563404862
2367.4,-0.611401338147357
2367.5,-0.440502908764603
2367.6,0.46281736082999
2367.7,0.706957974233933
2367.8,-1.02644038093406
2367.9,-0.757885706189728
2368,-0.464916970104997
2368.1,-0.245190418041449
2368.2,-0.0987060499990832
2368.3,-0.440502908764603
2368.4,-0.660229460828151
2368.5,-0.709057583508934
2368.6,0.658129851553139
2368.7,0.438403299489596
2368.8,0.0721923793836765
2368.9,-0.611401338147363
2369,-0.611401338147357
2369.1,0.780200158255116
2369.2,1.04875483299945
2369.3,0.926684526297481
2369.4,0.316332992787619
2369.5,-0.074291988658689
2369.6,-0.513745092785786
2369.7,-0.855541951551305
2369.8,-0.440502908764603
2369.9,-0.049877927318289
2370,0.0233642567028994
2370.1,1.17082513970142
2370.2,0.267504870106836
2370.3,1.19523920104182
2370.4,0.609301728872356
2370.5,-0.294018540722237
2370.6,-0.562573215466574
2370.7,-0.00104980463750621
2370.8,0.291918931447236
2370.9,-0.0742919886586833
2371,-0.660229460828151
2371.1,-0.782299767530122
2371.2,-0.00104980463750053
2371.3,-1.36823723969958
2371.4,-0.635815399487757
2371.5,0.023364256702888
2371.6,-0.416088847424203
2371.7,-0.68464352216854
2371.8,-0.123120111339477
2371.9,-0.220776356701043
2372,0.121020502064465
2372.1,0.804614219595504
2372.2,0.682543912893533
2372.3,-0.733471644849334
2372.4,0.023364256702888
2372.5,-0.757885706189728
2372.6,0.218676747426042
2372.7,-0.806713828870511
2372.8,-0.123120111339477
2372.9,-0.31843260206262
2373,-0.19636229536066
2373.1,-0.562573215466574
2373.2,-0.17194823402026
2373.3,0.194262686085654
2373.4,0.755786096914727
2373.5,0.267504870106831
2373.6,-0.391674786083803
2373.7,-0.14753417267986
2373.8,-0.831127890210911
2373.9,-1.19733881031682
2374,-0.611401338147363
2374.1,0.145434563404859
2374.2,-0.855541951551305
2374.3,-1.31940911701879
2374.4,-0.660229460828151
2374.5,-0.269604479381843
2374.6,0.023364256702888
2374.7,0.291918931447225
2374.8,-0.123120111339477
2374.9,0.0721923793836765
2375,0.829028280935904
2375.1,-0.782299767530122
2375.2,-0.074291988658689
2375.3,0.46281736082999
2375.4,0.413989238149196
2375.5,-1.14851068763604
2375.6,-1.78327628248628
2375.7,-1.66120597578432
2375.8,-0.70905758350894
2375.9,-0.416088847424209
2376,0.243090808766448
2376.1,0.487231422170385
2376.2,0.999926710318664
2376.3,0.780200158255127
2376.4,-0.51374509278578
2376.5,-0.733471644849334
2376.6,-0.660229460828145
2376.7,-0.294018540722232
2376.8,-1.02644038093406
2376.9,0.365161115468419
2377,0.243090808766442
2377.1,0.438403299489602
2377.2,-1.78327628248629
2377.3,-1.05085444227446
2377.4,-0.611401338147363
2377.5,-1.14851068763603
2377.6,-1.07526850361485
2377.7,-0.611401338147363
2377.8,-1.2949950556784
2377.9,-1.80769034382668
2378,-0.611401338147351
2378.1,-0.660229460828145
2378.2,-0.53815915412618
2378.3,-1.27058099433801
2378.4,-1.05085444227445
2378.5,-0.806713828870517
2378.6,-2.24714344795378
2378.7,-0.34284666340302
2378.8,1.43937981444576
2378.9,0.047778318043288
2379,0.0721923793836822
2379.1,0.169848624745259
2379.2,0.145434563404859
2379.3,-0.782299767530122
2379.4,-0.660229460828145
2379.5,-0.171948234020255
2379.6,-0.00104980463750053
2379.7,0.145434563404859
2379.8,-0.440502908764603
2379.9,0.218676747426048
2380,1.17082513970142
2380.1,0.389575176808802
2380.2,0.63371579021275
2380.3,-0.00104980463750053
2380.4,0.29191893144723
2380.5,-0.879956012891694
2380.6,-0.733471644849334
2380.7,-0.294018540722237
2380.8,-1.22175287165722
2380.9,-0.17194823402026
2381,1.02434077165906
2381.1,0.365161115468408
2381.2,-0.416088847424209
2381.3,-0.440502908764597
2381.4,0.145434563404859
2381.5,-0.53815915412618
2381.6,-0.245190418041443
2381.7,-0.245190418041443
2381.8,-0.855541951551305
2381.9,-0.269604479381837
2382,-0.17194823402026
2382.1,-0.440502908764597
2382.2,0.340747054128019
2382.3,0.389575176808808
2382.4,-0.123120111339472
2382.5,-0.51374509278578
2382.6,-0.904370074232094
2382.7,-0.147534172679872
2382.8,0.121020502064465
2382.9,0.145434563404859
2383,0.511645483510779
2383.1,-0.611401338147357
2383.2,0.389575176808802
2383.3,-0.147534172679866
2383.4,-0.48933103144538
2383.5,-0.53815915412618
2383.6,-0.953198196912876
2383.7,-0.68464352216854
2383.8,-0.611401338147357
2383.9,-0.586987276806968
2384,-1.02644038093406
2384.1,-0.489331031445391
2384.2,0.462817360829985
2384.3,-0.806713828870505
2384.4,-0.391674786083809
2384.5,1.12199701702064
2384.6,0.023364256702888
2384.7,-0.879956012891694
2384.8,0.047778318043288
2384.9,0.194262686085654
2385,0.218676747426048
2385.1,0.169848624745254
2385.2,0.60930172887235
2385.3,-0.391674786083814
2385.4,-0.977612258253276
2385.5,-0.635815399487745
2385.6,-0.17194823402026
2385.7,0.316332992787619
2385.8,-0.489331031445386
2385.9,-0.660229460828151
2386,0.047778318043288
2386.1,0.169848624745259
2386.2,-0.416088847424209
2386.3,-0.806713828870517
2386.4,-0.245190418041443
2386.5,0.65812985155315
2386.6,0.487231422170385
2386.7,0.536059544851179
2386.8,-0.635815399487757
2386.9,-0.855541951551305
2387,-0.928784135572488
2387.1,-0.709057583508934
2387.2,-0.953198196912876
2387.3,0.145434563404859
2387.4,1.12199701702064
2387.5,0.0721923793836765
2387.6,0.0477783180432823
2387.7,0.462817360829985
2387.8,0.0233642567028937
2387.9,-1.34382317835919
2388,-0.123120111339477
2388.1,0.267504870106831
2388.2,-0.635815399487757
2388.3,-0.562573215466563
2388.4,0.121020502064465
2388.5,0.804614219595504
2388.6,0.023364256702888
2388.7,-0.245190418041443
2388.8,0.658129851553144
2388.9,-0.70905758350894
2389,-0.757885706189728
2389.1,0.267504870106831
2389.2,0.413989238149202
2389.3,1.24406732372261
2389.4,0.487231422170379
2389.5,1.02434077165905
2389.6,0.389575176808802
2389.7,0.462817360829985
2389.8,-0.294018540722237
2389.9,-1.00202631959367
2390,0.902270464957081
2390.1,-0.0254638659779005
2390.2,-0.733471644849328
2390.3,-0.8799560128917
2390.4,-0.538159154126174
2390.5,0.731372035574333
2390.6,-0.269604479381843
2390.7,-0.074291988658689
2390.8,0.243090808766442
2390.9,0.536059544851179
2391,2.12297353197679
2391.1,1.21965326238221
2391.2,1.19523920104182
2391.3,0.999926710318658
2391.4,0.682543912893533
2391.5,-0.147534172679872
2391.6,-0.391674786083814
2391.7,-0.953198196912876
2391.8,-0.36726072474342
2391.9,-0.269604479381843
2392,0.169848624745254
2392.1,-0.196362295360655
2392.2,-0.440502908764597
2392.3,0.0966064407240708
2392.4,0.902270464957087
2392.5,0.169848624745259
2392.6,0.316332992787619
2392.7,0.780200158255116
2392.8,0.145434563404865
2392.9,-0.294018540722232
2393,-0.416088847424209
2393.1,-1.02644038093405
2393.2,-1.39265130103998
2393.3,-0.342846663403026
2393.4,0.804614219595504
2393.5,-1.17292474897643
2393.6,-0.391674786083814
2393.7,-0.123120111339472
2393.8,-0.635815399487751
2393.9,-0.733471644849334
2394,-1.56354973042274
2394.1,-0.953198196912876
2394.2,0.560473606191567
2394.3,0.389575176808802
2394.4,-0.904370074232088
2394.5,-1.88093252784786
2394.6,-1.07526850361485
2394.7,-0.245190418041449
2394.8,-0.00104980463750621
2394.9,-0.440502908764603
2395,0.853442342276293
2395.1,1.53703605980734
2395.2,1.21965326238221
2395.3,0.536059544851167
2395.4,0.43840329948959
2395.5,-0.196362295360655
2395.6,0.0721923793836765
2395.7,-0.171948234020266
2395.8,-0.806713828870511
2395.9,0.340747054128019
2396,-0.831127890210905
2396.1,-2.00300283454983
2396.2,-0.806713828870517
2396.3,0.267504870106831
2396.4,0.462817360829985
2396.5,0.291918931447225
2396.6,-0.8799560128917
2396.7,-0.464916970104997
2396.8,-0.17194823402026
2396.9,-0.171948234020266
2397,0.829028280935904
2397.1,-0.464916970104997
2397.2,-0.416088847424203
2397.3,0.462817360829985
2397.4,0.0966064407240708
2397.5,-0.757885706189717
2397.6,-0.8799560128917
2397.7,-0.269604479381832
2397.8,-0.782299767530114
2397.9,-0.440502908764597
2398,-0.757885706189728
2398.1,0.243090808766442
2398.2,-0.196362295360655
2398.3,-0.464916970104997
2398.4,-1.19733881031682
2398.5,-0.806713828870511
2398.6,-0.416088847424203
2398.7,-0.806713828870517
2398.8,0.145434563404865
2398.9,1.43937981444576
2399,1.19523920104181
2399.1,0.291918931447225
2399.2,-0.147534172679872
2399.3,-0.391674786083803
2399.4,-0.464916970104991
2399.5,-1.24616693299761
2399.6,-1.22175287165721
2399.7,-1.07526850361485
2399.8,-1.85651846650747
2399.9,-1.12409662629563
2400,-0.294018540722237
2400.1,0.975512648978281
2400.2,0.584887667531962
2400.3,-1.00202631959367
2400.4,-0.70905758350894
2400.5,0.291918931447236
2400.6,-0.34284666340302
2400.7,-0.684643522168545
2400.8,-0.00104980463750621
2400.9,-0.19636229536066
2401,-0.391674786083814
2401.1,-1.270580994338
2401.2,-0.586987276806968
2401.3,-0.00104980463750621
2401.4,-0.294018540722232
2401.5,-0.806713828870511
2401.6,0.0721923793836822
2401.7,1.24406732372261
2401.8,-0.123120111339477
2401.9,-0.586987276806963
2402,-0.294018540722237
2402.1,-0.0987060499990832
2402.2,0.853442342276298
2402.3,0.0966064407240708
2402.4,0.97551264897827
2402.5,0.243090808766436
2402.6,0.145434563404859
2402.7,0.682543912893533
2402.8,1.41496575310538
2402.9,0.926684526297475
2403,-0.0742919886586776
2403.1,0.218676747426042
2403.2,-0.294018540722237
2403.3,0.682543912893533
2403.4,0.926684526297481
2403.5,0.194262686085648
2403.6,1.31730950774379
2403.7,-0.0742919886586833
2403.8,-0.269604479381843
2403.9,0.536059544851179
2404,1.12199701702063
2404.1,1.19523920104181
2404.2,1.19523920104182
2404.3,0.511645483510773
2404.4,-0.147534172679872
2404.5,0.389575176808802
2404.6,0.169848624745259
2404.7,0.682543912893533
2404.8,0.877856403616687
2404.9,0.340747054128013
2405,1.51262199846695
2405.1,0.853442342276298
2405.2,-0.0254638659778948
2405.3,-0.171948234020266
2405.4,-0.0987060499990832
2405.5,0.584887667531956
2405.6,1.09758295568024
2405.7,-0.635815399487757
2405.8,0.63371579021275
2405.9,0.902270464957087
2406,0.951098587637875
2406.1,0.0477783180432823
2406.2,0.243090808766436
2406.3,1.39055169176497
2406.4,1.21965326238222
2406.5,1.73234855053049
2406.6,0.73137203557433
2406.7,0.706957974233933
2406.8,0.926684526297475
2406.9,1.09758295568024
2407,-0.586987276806968
2407.1,-0.660229460828151
2407.2,-0.757885706189722
2407.3,-0.806713828870511
2407.4,-0.123120111339472
2407.5,-0.782299767530122
2407.6,-0.70905758350894
2407.7,-0.51374509278578
2407.8,-0.831127890210905
2407.9,-0.17194823402026
2408,1.46379387578615
2408.1,0.536059544851167
2408.2,-0.0987060499990832
2408.3,0.829028280935904
2408.4,1.12199701702063
2408.5,0.340747054128013
2408.6,0.365161115468408
2408.7,-0.635815399487745
2408.8,-1.09968256495524
2408.9,-1.36823723969958
2409,-0.904370074232094
2409.1,0.560473606191562
2409.2,0.706957974233939
2409.3,-1.34382317835919
2409.4,-0.904370074232094
2409.5,0.121020502064471
2409.6,-0.00104980463750053
2409.7,0.902270464957093
2409.8,-0.635815399487757
2409.9,-0.782299767530117
2410,0.43840329948959
2410.1,0.536059544851173
2410.2,0.951098587637875
2410.3,-0.0254638659778948
2410.4,-0.51374509278578
2410.5,-0.269604479381843
2410.6,0.0721923793836822
2410.7,0.0233642567028937
2410.8,0.340747054128019
2410.9,0.80461421959551
2411,1.78117667321128
2411.1,0.731372035574333
2411.2,-0.171948234020266
2411.3,-0.464916970104991
2411.4,-0.171948234020266
2411.5,-0.00104980463750053
2411.6,-1.02644038093406
2411.7,-0.196362295360655
2411.8,-0.831127890210911
2411.9,0.023364256702888
2412,0.023364256702888
2412.1,-0.0498779273182947
2412.2,-1.02644038093406
2412.3,-1.92976065052865
2412.4,-1.75886222114589
2412.5,-1.88093252784786
2412.6,-1.44147942372077
2412.7,-0.977612258253271
2412.8,0.0477783180432823
2412.9,0.121020502064465
2413,-0.538159154126174
2413.1,-0.733471644849334
2413.2,-0.391674786083809
2413.3,-0.68464352216854
2413.4,-0.8799560128917
2413.5,0.316332992787619
2413.6,0.169848624745254
2413.7,-0.0254638659778948
2413.8,-0.782299767530122
2413.9,0.902270464957087
2414,-0.049877927318289
2414.1,-0.220776356701054
2414.2,0.511645483510779
2414.3,0.047778318043288
2414.4,0.0721923793836765
2414.5,-0.53815915412618
2414.6,-0.318432602062632
2414.7,0.731372035574321
2414.8,-0.611401338147363
2414.9,-1.22175287165722
2415,-0.391674786083809
2415.1,-1.85651846650747
2415.2,0.0477783180432937
2415.3,-0.171948234020266
2415.4,-0.123120111339477
2415.5,0.633715790212744
2415.6,-0.0987060499990832
2415.7,0.267504870106831
2415.8,0.243090808766442
2415.9,-0.0987060499990775
2416,0.145434563404859
2416.1,0.999926710318664
2416.2,-0.196362295360655
2416.3,0.584887667531962
2416.4,-0.294018540722237
2416.5,-1.66120597578432
2416.6,-0.416088847424209
2416.7,0.121020502064465
2416.8,0.218676747426059
2416.9,0.438403299489596
2417,0.926684526297481
2417.1,-0.513745092785786
2417.2,-0.318432602062632
2417.3,-0.19636229536066
2417.4,-0.855541951551305
2417.5,0.658129851553144
2417.6,0.023364256702888
2417.7,0.0233642567028937
2417.8,-0.904370074232094
2417.9,0.43840329948959
2418,0.194262686085648
2418.1,0.145434563404859
2418.2,0.560473606191567
2418.3,0.365161115468408
2418.4,-0.660229460828151
2418.5,0.243090808766436
2418.6,-1.12409662629564
2418.7,-1.58796379176313
2418.8,-0.928784135572488
2418.9,-1.80769034382668
2419,-0.562573215466574
2419.1,0.023364256702888
2419.2,1.07316889433984
2419.3,0.536059544851173
2419.4,0.633715790212756
2419.5,-0.0742919886586833
2419.6,0.29191893144723
2419.7,0.0966064407240708
2419.8,0.389575176808808
2419.9,0.804614219595504
2420,-0.562573215466574
2420.1,-1.36823723969958
2420.2,-0.416088847424203
2420.3,-0.00104980463750621
2420.4,-1.31940911701879
2420.5,-1.2949950556784
2420.6,-0.294018540722237
2420.7,-0.171948234020266
2420.8,-0.586987276806968
2420.9,-0.611401338147357
2421,-0.269604479381843
2421.1,0.46281736082999
2421.2,0.682543912893533
2421.3,0.169848624745254
2421.4,-0.074291988658689
2421.5,1.19523920104182
2421.6,-0.416088847424203
2421.7,0.829028280935904
2421.8,2.24504383867877
2421.9,1.12199701702064
2422,1.26848138506301
2422.1,1.61027824382852
2422.2,1.39055169176497
2422.3,1.31730950774379
2422.4,-0.049877927318289
2422.5,0.267504870106848
2422.6,-0.733471644849334
2422.7,-0.0742919886586833
2422.8,0.438403299489599
2422.9,-0.53815915412618
2423,-0.0498779273182947
2423.1,0.560473606191573
2423.2,0.658129851553144
2423.3,0.60930172887235
2423.4,0.706957974233927
2423.5,-0.611401338147363
2423.6,1.07316889433985
2423.7,1.36613763042458
2423.8,0.78020015825511
2423.9,-0.68464352216854
2424,0.121020502064465
2424.1,1.12199701702063
2424.2,1.31730950774379
2424.3,0.487231422170379
2424.4,-0.562573215466574
2424.5,0.560473606191562
2424.6,1.17082513970142
2424.7,1.51262199846695
2424.8,1.78117667321127
2424.9,0.43840329948959
2425,0.926684526297493
2425.1,1.19523920104182
2425.2,0.413989238149202
2425.3,-0.562573215466574
2425.4,-0.367260724743414
2425.5,-0.904370074232094
2425.6,0.755786096914716
2425.7,1.6591063665093
2425.8,1.09758295568024
2425.9,1.04875483299945
2426,0.438403299489596
2426.1,-0.0987060499990832
2426.2,-0.269604479381843
2426.3,0.829028280935904
2426.4,1.09758295568024
2426.5,0.413989238149202
2426.6,0.340747054128019
2426.7,0.0233642567028937
2426.8,-0.0254638659779005
2426.9,-0.391674786083814
2427,-1.00202631959367
2427.1,-0.0987060499990832
2427.2,1.58586418248812
2427.3,1.48820793712654
2427.4,1.19523920104181
2427.5,1.24406732372261
2427.6,0.584887667531956
2427.7,-0.660229460828145
2427.8,0.340747054128013
2427.9,1.17082513970142
2428,1.09758295568024
2428.1,0.340747054128013
2428.2,0.731372035574321
2428.3,0.731372035574327
2428.4,1.21965326238221
2428.5,0.97551264897827
2428.6,0.536059544851167
2428.7,0.243090808766442
2428.8,1.31730950774378
2428.9,0.60930172887235
2429,-0.34284666340302
2429.1,1.51262199846694
2429.2,0.365161115468408
2429.3,-1.3194091170188
2429.4,-0.684643522168545
2429.5,1.34172356908418
2429.6,0.975512648978275
2429.7,-0.0987060499990775
2429.8,-0.68464352216854
2429.9,0.487231422170379
2430,0.0721923793836822
2430.1,0.243090808766436
2430.2,-0.049877927318289
2430.3,0.267504870106831
2430.4,0.853442342276293
2430.5,-0.611401338147363
2430.6,-0.0498779273182834
2430.7,-0.049877927318289
2430.8,1.19523920104182
2430.9,1.85441885723247
2431,0.0477783180432823
2431.1,-0.19636229536066
2431.2,-0.709057583508934
2431.3,-0.245190418041449
2431.4,0.584887667531967
2431.5,-0.171948234020266
2431.6,-0.416088847424209
2431.7,0.462817360829985
2431.8,-0.709057583508934
2431.9,0.389575176808802
2432,1.51262199846694
2432.1,0.609301728872356
2432.2,0.145434563404859
2432.3,0.902270464957093
2432.4,0.682543912893539
2432.5,1.17082513970142
2432.6,1.07316889433985
2432.7,0.0477783180432823
2432.8,0.780200158255116
2432.9,0.218676747426048
2433,0.0233642567028937
2433.1,-0.733471644849334
2433.2,0.829028280935904
2433.3,1.09758295568024
2433.4,0.755786096914733
2433.5,-0.19636229536066
2433.6,1.21965326238221
2433.7,1.17082513970142
2433.8,-0.123120111339472
2433.9,-0.953198196912882
2434,0.0233642567028994
2434.1,1.36613763042458
2434.2,1.12199701702063
2434.3,-0.171948234020266
2434.4,-0.53815915412618
2434.5,-0.147534172679866
2434.6,-1.24616693299761
2434.7,-1.78327628248629
2434.8,-0.831127890210911
2434.9,0.706957974233927
2435,0.536059544851167
2435.1,1.17082513970142
2435.2,0.731372035574321
2435.3,-0.0498779273182947
2435.4,0.706957974233927
2435.5,0.218676747426042
2435.6,0.194262686085648
2435.7,-0.879956012891694
2435.8,0.584887667531956
2435.9,0.584887667531962
2436,1.12199701702063
2436.1,0.389575176808808
2436.2,0.340747054128013
2436.3,-0.68464352216854
2436.4,-0.562573215466574
2436.5,-0.245190418041449
2436.6,-1.07526850361485
2436.7,-0.318432602062626
2436.8,-0.220776356701054
2436.9,-0.294018540722237
2437,-0.635815399487757
2437.1,-0.123120111339477
2437.2,0.243090808766436
2437.3,0.438403299489596
2437.4,0.0966064407240708
2437.5,0.60930172887235
2437.6,0.291918931447225
2437.7,0.43840329948959
2437.8,0.536059544851167
2437.9,-0.464916970104997
2438,0.340747054128019
2438.1,0.511645483510773
2438.2,0.0966064407240708
2438.3,0.853442342276293
2438.4,0.829028280935898
2438.5,0.0477783180432823
2438.6,-1.00202631959366
2438.7,-0.855541951551294
2438.8,0.511645483510773
2438.9,0.682543912893539
2439,0.487231422170379
2439.1,0.243090808766436
2439.2,-0.00104980463750621
2439.3,0.29191893144723
2439.4,0.0477783180432823
2439.5,1.07316889433984
2439.6,0.658129851553139
2439.7,0.804614219595504
2439.8,-0.123120111339472
2439.9,0.682543912893539
2440,0.0233642567028937
2440.1,-0.586987276806968
2440.2,0.877856403616693
2440.3,0.926684526297481
2440.4,0.243090808766436
2440.5,-0.660229460828151
2440.6,-0.660229460828145
2440.7,0.218676747426048
2440.8,0.560473606191562
2440.9,1.53703605980733
2441,0.78020015825511
2441.1,0.584887667531956
2441.2,0.169848624745254
2441.3,0.169848624745271
2441.4,0.755786096914716
2441.5,1.21965326238221
2441.6,1.41496575310537
2441.7,1.39055169176498
2441.8,0.80461421959551
2441.9,0.63371579021275
2442,0.731372035574321
2442.1,-0.074291988658689
2442.2,1.39055169176498
2442.3,1.2928954464034
2442.4,-0.147534172679866
2442.5,-0.0254638659778948
2442.6,-0.684643522168545
2442.7,-0.220776356701054
2442.8,0.169848624745254
2442.9,0.218676747426042
2443,0.194262686085654
2443.1,-0.977612258253271
2443.2,-0.147534172679866
2443.3,1.29289544640339
2443.4,0.023364256702888
2443.5,-0.513745092785786
2443.6,0.584887667531956
2443.7,0.536059544851173
2443.8,0.462817360829985
2443.9,-0.245190418041449
2444,-0.611401338147363
2444.1,0.584887667531962
2444.2,0.926684526297481
2444.3,0.462817360829985
2444.4,1.46379387578615
2444.5,0.755786096914721
2444.6,1.29289544640339
2444.7,0.951098587637875
2444.8,0.60930172887235
2444.9,1.36613763042457
2445,0.63371579021275
2445.1,0.731372035574321
2445.2,1.19523920104181
2445.3,0.658129851553139
2445.4,-0.196362295360655
2445.5,-0.782299767530111
2445.6,0.145434563404876
2445.7,0.511645483510773
2445.8,1.63469230516891
2445.9,1.07316889433985
2446,0.584887667531956
2446.1,0.804614219595504
2446.2,0.658129851553139
2446.3,-0.806713828870517
2446.4,-0.269604479381837
2446.5,0.169848624745254
2446.6,0.902270464957081
2446.7,-0.0498779273182947
2446.8,-0.684643522168545
2446.9,-0.0987060499990719
2447,0.853442342276298
2447.1,1.12199701702064
2447.2,1.26848138506301
2447.3,0.853442342276298
2447.4,0.975512648978264
2447.5,1.85441885723246
2447.6,1.41496575310536
2447.7,0.194262686085654
2447.8,-0.0498779273182947
2447.9,0.145434563404859
2448,-0.00104980463750053
2448.1,0.462817360829985
2448.2,0.462817360829985
2448.3,-0.0742919886586833
2448.4,-0.34284666340302
2448.5,0.609301728872356
2448.6,0.60930172887235
2448.7,0.145434563404859
2448.8,-0.831127890210905
2448.9,-0.831127890210894
2449,-1.07526850361485
2449.1,-0.513745092785774
2449.2,0.31633299278763
2449.3,0.780200158255116
2449.4,0.731372035574321
2449.5,0.218676747426048
2449.6,-0.220776356701049
2449.7,-0.562573215466568
2449.8,0.340747054128013
2449.9,1.17082513970142
2450,0.46281736082999
2450.1,-0.660229460828145
2450.2,0.584887667531962
2450.3,0.658129851553139
2450.4,0.63371579021275
2450.5,0.999926710318664
2450.6,0.487231422170385
2450.7,1.12199701702065
2450.8,0.78020015825511
2450.9,0.145434563404859
2451,0.291918931447225
2451.1,0.023364256702888
2451.2,1.17082513970142
2451.3,0.145434563404859
2451.4,-0.0742919886586833
2451.5,0.169848624745254
2451.6,0.0966064407240765
2451.7,1.12199701702064
2451.8,0.97551264897827
2451.9,0.902270464957087
2452,0.389575176808802
2452.1,-0.806713828870511
2452.2,0.43840329948959
2452.3,0.389575176808802
2452.4,0.0966064407240708
2452.5,0.926684526297481
2452.6,0.0966064407240765
2452.7,-0.68464352216854
2452.8,0.682543912893539
2452.9,0.877856403616693
2453,0.511645483510773
2453.1,0.365161115468408
2453.2,-0.00104980463750621
2453.3,-0.489331031445391
2453.4,0.536059544851167
2453.5,0.0721923793836822
2453.6,-1.12409662629564
2453.7,-0.367260724743414
2453.8,-0.391674786083814
2453.9,-0.51374509278578
2454,-0.586987276806968
2454.1,-0.147534172679872
2454.2,-0.074291988658689
2454.3,0.145434563404865
2454.4,0.487231422170385
2454.5,-0.586987276806968
2454.6,-0.855541951551305
2454.7,0.145434563404865
2454.8,0.413989238149196
2454.9,0.0721923793836765
2455,-0.8799560128917
2455.1,-2.12507314125181
2455.2,-1.36823723969958
2455.3,-1.41706536238037
2455.4,-1.90534658918825
2455.5,-0.70905758350894
2455.6,-0.953198196912882
2455.7,-0.489331031445386
2455.8,0.291918931447225
2455.9,-0.34284666340302
2456,-0.440502908764597
2456.1,-0.220776356701054
2456.2,-1.09968256495525
2456.3,-0.855541951551305
2456.4,0.194262686085654
2456.5,0.560473606191567
2456.6,-0.318432602062632
2456.7,0.316332992787625
2456.8,-0.904370074232094
2456.9,-1.05085444227446
2457,-0.977612258253271
2457.1,0.0233642567028994
2457.2,-0.19636229536066
2457.3,-0.220776356701049
2457.4,-0.245190418041443
2457.5,-0.318432602062626
2457.6,0.169848624745254
2457.7,0.731372035574327
2457.8,0.291918931447236
2457.9,-0.0987060499990775
2458,-0.440502908764603
2458.1,-0.0987060499990662
2458.2,0.340747054128013
2458.3,-0.318432602062626
2458.4,-1.6856200371247
2458.5,-0.513745092785786
2458.6,0.194262686085654
2458.7,-0.684643522168545
2458.8,0.0477783180432823
2458.9,-0.171948234020266
2459,-0.611401338147363
2459.1,-1.22175287165721
2459.2,0.0721923793836765
2459.3,-0.19636229536066
2459.4,0.560473606191562
2459.5,0.145434563404859
2459.6,0.877856403616704
2459.7,0.121020502064471
2459.8,-0.416088847424197
2459.9,-0.684643522168545
2460,-0.17194823402026
2460.1,0.413989238149196
2460.2,-0.36726072474342
2460.3,0.194262686085648
2460.4,0.169848624745259
2460.5,-0.977612258253276
2460.6,-1.12409662629564
2460.7,-0.757885706189728
2460.8,0.706957974233933
2460.9,0.438403299489596
2461,0.194262686085654
2461.1,0.658129851553156
2461.2,0.0233642567028994
2461.3,1.39055169176498
2461.4,0.731372035574333
2461.5,0.462817360829996
2461.6,0.902270464957087
2461.7,-0.0742919886586833
2461.8,-0.709057583508934
2461.9,-0.440502908764603
2462,-0.147534172679872
2462.1,-0.367260724743414
2462.2,0.194262686085654
2462.3,0.023364256702888
2462.4,0.97551264897827
2462.5,1.63469230516891
2462.6,0.97551264897827
2462.7,0.438403299489596
2462.8,0.487231422170385
2462.9,0.340747054128019
2463,0.536059544851173
2463.1,-0.00104980463750053
2463.2,-0.757885706189728
2463.3,-0.220776356701054
2463.4,-0.611401338147363
2463.5,-1.05085444227446
2463.6,-0.342846663403026
2463.7,-0.318432602062626
2463.8,-1.14851068763603
2463.9,-2.05183095723062
2464,-1.2949950556784
2464.1,-0.123120111339466
2464.2,-0.733471644849334
2464.3,-0.51374509278578
2464.4,-1.12409662629564
2464.5,-1.78327628248629
2464.6,0.0477783180432937
2464.7,-0.0987060499990832
2464.8,-0.8799560128917
2464.9,-0.0987060499990832
2465,-0.538159154126174
2465.1,-0.391674786083814
2465.2,-0.733471644849334
2465.3,0.804614219595507
2465.4,1.34172356908419
2465.5,0.926684526297475
2465.6,0.780200158255116
2465.7,-0.562573215466563
2465.8,1.58586418248813
2465.9,0.536059544851167
2466,-1.53913566908234
2466.1,-0.977612258253271
2466.2,-0.733471644849317
2466.3,-1.09968256495524
2466.4,-0.464916970104997
2466.5,0.316332992787619
2466.6,-0.0987060499990775
2466.7,-0.8799560128917
2466.8,0.682543912893533
2466.9,-0.0742919886586833
2467,0.0477783180432823
2467.1,-0.391674786083814
2467.2,0.218676747426048
2467.3,0.60930172887235
2467.4,0.121020502064471
2467.5,-0.416088847424209
2467.6,0.536059544851167
2467.7,0.413989238149196
2467.8,-0.806713828870517
2467.9,0.43840329948959
2468,0.536059544851179
2468.1,0.926684526297481
2468.2,0.389575176808802
2468.3,-0.269604479381837
2468.4,0.145434563404859
2468.5,2.14738759331719
2468.6,1.53703605980734
2468.7,-0.0987060499990775
2468.8,0.682543912893539
2468.9,1.12199701702064
2469,0.121020502064471
2469.1,-0.0987060499990832
2469.2,0.706957974233927
2469.3,0.975512648978275
2469.4,0.60930172887235
2469.5,-0.14753417267986
2469.6,-0.562573215466568
2469.7,-0.611401338147363
2469.8,-1.51472160774194
2469.9,-1.00202631959366
2470,-1.90534658918826
2470.1,-0.220776356701054
2470.2,0.731372035574327
2470.3,0.682543912893539
2470.4,-1.00202631959367
2470.5,-0.318432602062632
2470.6,0.169848624745265
2470.7,0.536059544851167
2470.8,1.14641107836102
2470.9,0.291918931447225
2471,0.706957974233927
2471.1,0.877856403616698
2471.2,0.78020015825511
2471.3,-1.63679191444392
2471.4,-0.855541951551305
2471.5,0.169848624745259
2471.6,-0.220776356701054
2471.7,-0.342846663403026
2471.8,0.389575176808802
2471.9,1.12199701702063
2472,-0.513745092785786
2472.1,-1.39265130103998
2472.2,0.340747054128013
2472.3,0.755786096914721
2472.4,0.389575176808802
2472.5,-0.36726072474342
2472.6,-0.48933103144538
2472.7,0.60930172887235
2472.8,-1.05085444227446
2472.9,-0.416088847424209
2473,-0.0254638659779005
2473.1,-0.196362295360655
2473.2,-0.0254638659779005
2473.3,-0.611401338147363
2473.4,-0.586987276806968
2473.5,-1.36823723969958
2473.6,-1.3194091170188
2473.7,-0.0742919886586776
2473.8,-0.709057583508934
2473.9,-1.44147942372077
2474,0.218676747426042
2474.1,0.853442342276298
2474.2,-0.904370074232094
2474.3,-0.391674786083814
2474.4,-0.416088847424203
2474.5,0.462817360830002
2474.6,-1.02644038093406
2474.7,-0.220776356701049
2474.8,0.365161115468408
2474.9,0.169848624745254
2475,-0.074291988658689
2475.1,0.340747054128025
2475.2,1.268481385063
2475.3,-1.02644038093406
2475.4,-0.831127890210911
2475.5,0.584887667531956
2475.6,0.584887667531967
2475.7,-0.36726072474342
2475.8,-0.17194823402026
2475.9,0.46281736082999
2476,-0.586987276806968
2476.1,-1.00202631959366
2476.2,0.365161115468413
2476.3,0.0721923793836765
2476.4,0.047778318043288
2476.5,1.09758295568024
2476.6,-0.074291988658689
2476.7,-0.513745092785786
2476.8,1.07316889433985
2476.9,1.53703605980735
2477,0.0477783180432823
2477.1,0.0721923793836765
2477.2,0.706957974233933
2477.3,0.0966064407240708
2477.4,0.023364256702888
2477.5,-0.440502908764603
2477.6,-0.049877927318289
2477.7,0.365161115468408
2477.8,0.584887667531956
2477.9,0.121020502064465
2478,0.0233642567028937
2478.1,0.389575176808802
2478.2,-0.245190418041449
2478.3,0.243090808766436
2478.4,0.877856403616687
2478.5,-0.294018540722237
2478.6,0.169848624745259
2478.7,-0.171948234020255
2478.8,-0.294018540722237
2478.9,0.487231422170379
2479,0.389575176808802
2479.1,0.243090808766436
2479.2,-0.34284666340302
2479.3,0.731372035574327
2479.4,0.63371579021275
2479.5,1.39055169176497
2479.6,1.02434077165906
2479.7,-0.440502908764591
2479.8,-0.245190418041437
2479.9,0.682543912893533
2480,0.63371579021275
2480.1,-0.269604479381837
2480.2,0.243090808766442
2480.3,1.17082513970142
2480.4,0.365161115468408
2480.5,-0.635815399487757
2480.6,-0.294018540722232
2480.7,-0.660229460828151
2480.8,-0.489331031445391
2480.9,-0.34284666340302
2481,1.02434077165905
2481.1,1.65910636650931
2481.2,0.194262686085648
2481.3,0.536059544851173
2481.4,0.194262686085648
2481.5,-0.220776356701054
2481.6,0.560473606191562
2481.7,0.853442342276304
2481.8,1.73234855053051
2481.9,1.87883291857286
2482,1.17082513970142
2482.1,0.243090808766436
2482.2,0.755786096914716
2482.3,0.926684526297487
2482.4,0.853442342276298
2482.5,1.09758295568024
2482.6,0.218676747426042
2482.7,-0.416088847424203
2482.8,0.755786096914721
2482.9,0.0966064407240708
2483,-0.440502908764603
2483.1,-0.464916970104986
2483.2,0.413989238149202
2483.3,0.243090808766436
2483.4,0.047778318043288
2483.5,1.02434077165905
2483.6,0.169848624745254
2483.7,0.462817360829985
2483.8,0.487231422170379
2483.9,0.95109858763787
2484,0.487231422170385
2484.1,0.316332992787625
2484.2,0.682543912893533
2484.3,0.633715790212744
2484.4,0.731372035574321
2484.5,0.218676747426048
2484.6,-0.0254638659779005
2484.7,-0.220776356701054
2484.8,-0.171948234020266
2484.9,-0.904370074232088
2485,-0.0742919886586833
2485.1,-0.245190418041449
2485.2,-0.245190418041443
2485.3,0.0721923793836765
2485.4,-0.806713828870511
2485.5,0.511645483510779
2485.6,1.39055169176497
2485.7,0.877856403616693
2485.8,0.0477783180432994
2485.9,0.560473606191562
2486,-0.0742919886586833
2486.1,0.80461421959551
2486.2,0.780200158255116
2486.3,0.46281736082999
2486.4,0.755786096914721
2486.5,0.584887667531962
2486.6,-0.0987060499990775
2486.7,-0.0254638659778948
2486.8,-0.733471644849328
2486.9,-0.586987276806968
2487,-0.049877927318289
2487.1,-0.416088847424209
2487.2,-0.269604479381843
2487.3,0.999926710318664
2487.4,0.99992671031867
2487.5,1.65910636650931
2487.6,1.14641107836103
2487.7,0.511645483510773
2487.8,0.829028280935898
2487.9,0.902270464957081
2488,0.633715790212744
2488.1,0.536059544851167
2488.2,-0.318432602062626
2488.3,-0.635815399487745
2488.4,0.658129851553139
2488.5,1.12199701702064
2488.6,0.194262686085654
2488.7,0.121020502064465
2488.8,0.487231422170379
2488.9,0.218676747426048
2489,0.0721923793836765
2489.1,0.291918931447225
2489.2,0.60930172887235
2489.3,0.0721923793836765
2489.4,0.731372035574327
2489.5,0.511645483510773
2489.6,1.14641107836102
2489.7,1.34172356908418
2489.8,1.21965326238221
2489.9,-0.19636229536066
2490,-0.831127890210905
2490.1,0.340747054128013
2490.2,1.02434077165906
2490.3,1.46379387578615
2490.4,-0.123120111339477
2490.5,0.536059544851167
2490.6,0.413989238149196
2490.7,1.41496575310537
2490.8,2.85539537218863
2490.9,0.95109858763787
2491,0.413989238149196
2491.1,0.462817360829985
2491.2,0.023364256702888
2491.3,1.12199701702063
2491.4,1.65910636650931
2491.5,0.511645483510773
2491.6,-0.831127890210905
2491.7,0.511645483510773
2491.8,0.218676747426042
2491.9,0.487231422170385
2492,0.511645483510773
2492.1,0.389575176808802
2492.2,0.731372035574327
2492.3,-0.123120111339477
2492.4,0.316332992787619
2492.5,-0.757885706189722
2492.6,-0.562573215466574
2492.7,-0.36726072474342
2492.8,0.487231422170385
2492.9,-0.489331031445386
2493,-0.904370074232088
2493.1,0.511645483510779
2493.2,1.04875483299945
2493.3,0.658129851553144
2493.4,0.43840329948959
2493.5,0.194262686085648
2493.6,0.682543912893533
2493.7,0.46281736082999
2493.8,-0.269604479381843
2493.9,-1.09968256495525
2494,-0.220776356701049
2494.1,-0.733471644849334
2494.2,0.853442342276298
2494.3,1.24406732372261
2494.4,0.560473606191562
2494.5,-0.660229460828151
2494.6,-0.34284666340302
2494.7,0.023364256702888
2494.8,-0.660229460828151
2494.9,-1.14851068763604
2495,-0.123120111339477
2495.1,-0.879956012891694
2495.2,-0.489331031445391
2495.3,0.755786096914716
2495.4,0.0966064407240765
2495.5,-0.36726072474342
2495.6,-0.220776356701054
2495.7,0.169848624745254
2495.8,0.829028280935898
2495.9,0.389575176808808
2496,0.755786096914716
2496.1,1.04875483299945
2496.2,0.511645483510773
2496.3,2.26945790001917
2496.4,0.145434563404865
2496.5,-0.562573215466574
2496.6,0.536059544851167
2496.7,0.511645483510773
2496.8,1.41496575310537
2496.9,0.804614219595518
2497,-0.19636229536066
2497.1,-0.611401338147363
2497.2,-0.782299767530117
2497.3,-0.464916970104997
2497.4,1.19523920104182
2497.5,-1.00202631959367
2497.6,-0.489331031445386
2497.7,0.584887667531962
2497.8,0.121020502064465
2497.9,-0.074291988658689
2498,-0.34284666340302
2498.1,-1.14851068763604
2498.2,-0.220776356701054
2498.3,0.462817360829985
2498.4,1.58586418248813
2498.5,1.56145012114773
2498.6,1.19523920104182
2498.7,0.999926710318664
2498.8,0.877856403616687
2498.9,1.51262199846694
2499,1.83000479589207
2499.1,0.658129851553144
2499.2,-0.831127890210911
2499.3,0.682543912893533
2499.4,1.31730950774378
2499.5,0.999926710318664
2499.6,0.365161115468413
2499.7,0.682543912893533
2499.8,0.194262686085654
2499.9,-0.34284666340302
2500,-0.489331031445391
2500.1,1.21965326238221
2500.2,1.61027824382852
2500.3,0.291918931447225
2500.4,0.169848624745254
2500.5,-0.733471644849328
2500.6,-0.391674786083814
2500.7,-0.562573215466563
2500.8,0.194262686085654
2500.9,0.682543912893539
2501,0.316332992787619
2501.1,0.243090808766436
2501.2,1.07316889433985
2501.3,-0.00104980463750621
2501.4,-0.709057583508934
2501.5,0.609301728872362
2501.6,1.14641107836102
2501.7,-0.53815915412618
2501.8,-0.757885706189728
2501.9,-0.489331031445391
2502,-0.586987276806963
2502.1,-0.049877927318289
2502.2,0.267504870106831
2502.3,-0.757885706189728
2502.4,-0.51374509278578
2502.5,-0.269604479381843
2502.6,-0.416088847424209
2502.7,0.0966064407240708
2502.8,1.02434077165906
2502.9,1.09758295568024
2503,-0.36726072474342
2503.1,-0.294018540722232
2503.2,-0.049877927318289
2503.3,0.047778318043288
2503.4,-0.123120111339477
2503.5,0.80461421959551
2503.6,1.36613763042458
2503.7,0.487231422170379
2503.8,0.0233642567028994
2503.9,-0.513745092785786
2504,-0.19636229536066
2504.1,-0.0498779273182947
2504.2,-0.074291988658689
2504.3,-0.904370074232094
2504.4,0.584887667531956
2504.5,1.17082513970142
2504.6,0.389575176808802
2504.7,0.413989238149196
2504.8,-0.220776356701049
2504.9,-0.245190418041449
2505,0.340747054128013
2505.1,0.340747054128019
2505.2,0.536059544851173
2505.3,-0.660229460828151
2505.4,-0.53815915412618
2505.5,-0.220776356701054
2505.6,-0.709057583508934
2505.7,-0.367260724743409
2505.8,0.267504870106831
2505.9,0.462817360829985
2506,1.14641107836102
2506.1,0.658129851553139
2506.2,0.413989238149202
2506.3,-0.196362295360655
2506.4,0.389575176808813
2506.5,0.877856403616687
2506.6,1.29289544640339
2506.7,0.584887667531956
2506.8,1.02434077165905
2506.9,0.975512648978275
2507,0.389575176808802
2507.1,0.169848624745259
2507.2,-0.147534172679866
2507.3,0.29191893144723
2507.4,0.267504870106836
2507.5,-0.440502908764603
2507.6,0.926684526297481
2507.7,0.46281736082999
2507.8,-0.294018540722237
2507.9,-0.245190418041449
2508,-0.00104980463750621
2508.1,1.53703605980733
2508.2,0.536059544851173
2508.3,0.267504870106831
2508.4,0.804614219595504
2508.5,0.121020502064465
2508.6,-0.245190418041449
2508.7,-0.660229460828151
2508.8,0.243090808766442
2508.9,0.487231422170379
2509,1.29289544640339
2509.1,0.389575176808802
2509.2,-0.68464352216854
2509.3,-0.294018540722237
2509.4,-0.269604479381837
2509.5,0.706957974233927
2509.6,0.95109858763787
2509.7,0.316332992787619
2509.8,0.706957974233927
2509.9,1.12199701702064
2510,-0.171948234020266
2510.1,0.340747054128019
2510.2,0.95109858763787
2510.3,0.243090808766436
2510.4,-0.220776356701049
2510.5,-0.733471644849328
2510.6,-0.757885706189728
2510.7,0.145434563404859
2510.8,1.75676261187089
2510.9,1.56145012114773
2511,0.0233642567028937
2511.1,-0.8799560128917
2511.2,0.536059544851167
2511.3,-0.0987060499990832
2511.4,-0.53815915412618
2511.5,0.365161115468413
2511.6,0.389575176808813
2511.7,0.682543912893539
2511.8,-0.0987060499990832
2511.9,0.462817360829985
2512,0.291918931447225
2512.1,-0.245190418041443
2512.2,0.511645483510779
2512.3,0.291918931447225
2512.4,-0.416088847424197
2512.5,0.682543912893533
2512.6,1.83000479589207
2512.7,1.63469230516891
2512.8,1.2440673237226
2512.9,0.487231422170385
2513,-0.220776356701054
2513.1,-0.245190418041449
2513.2,-0.0254638659779005
2513.3,-0.049877927318289
2513.4,0.438403299489596
2513.5,0.243090808766436
2513.6,-0.464916970104997
2513.7,-0.318432602062632
2513.8,-0.294018540722237
2513.9,0.511645483510773
2514,0.29191893144723
2514.1,0.291918931447225
2514.2,0.95109858763787
2514.3,1.268481385063
2514.4,-0.220776356701054
2514.5,-0.220776356701054
2514.6,0.29191893144723
2514.7,0.584887667531956
2514.8,0.121020502064465
2514.9,-0.220776356701049
2515,0.121020502064465
2515.1,0.487231422170385
2515.2,-0.391674786083809
2515.3,-0.416088847424203
2515.4,-0.586987276806968
2515.5,0.658129851553139
2515.6,0.0477783180432937
2515.7,0.658129851553139
2515.8,0.218676747426042
2515.9,-0.171948234020266
2516,1.26848138506301
2516.1,1.02434077165906
2516.2,-0.562573215466574
2516.3,0.145434563404865
2516.4,1.07316889433985
2516.5,0.755786096914716
2516.6,-0.440502908764597
2516.7,0.389575176808808
2516.8,0.975512648978264
2516.9,0.291918931447225
2517,0.584887667531956
2517.1,-0.513745092785786
2517.2,-0.0498779273182947
2517.3,0.584887667531956
2517.4,0.438403299489596
2517.5,0.194262686085654
2517.6,-0.855541951551305
2517.7,-1.36823723969958
2517.8,-1.34382317835919
2517.9,-0.074291988658689
2518,-0.0742919886586833
2518.1,0.43840329948959
2518.2,1.19523920104182
2518.3,0.829028280935898
2518.4,0.0966064407240708
2518.5,0.43840329948959
2518.6,0.658129851553139
2518.7,0.999926710318664
2518.8,0.902270464957081
2518.9,0.78020015825511
2519,0.121020502064471
2519.1,0.145434563404865
2519.2,0.97551264897827
2519.3,0.829028280935898
2519.4,-0.0742919886586833
2519.5,0.46281736082999
2519.6,-0.171948234020266
2519.7,0.560473606191562
2519.8,-0.294018540722232
2519.9,0.877856403616687
2520,1.04875483299945
2520.1,-0.294018540722237
2520.2,0.706957974233927
2520.3,0.560473606191567
2520.4,-0.48933103144538
2520.5,-0.269604479381837
2520.6,0.78020015825511
2520.7,1.04875483299945
2520.8,0.365161115468408
2520.9,-0.928784135572482
2521,-0.757885706189728
2521.1,-0.0742919886586833
2521.2,0.487231422170385
2521.3,-0.513745092785786
2521.4,-1.02644038093406
2521.5,-1.02644038093406
2521.6,-1.09968256495524
2521.7,-0.660229460828151
2521.8,0.121020502064465
2521.9,0.291918931447225
2522,-0.245190418041449
2522.1,-0.489331031445391
2522.2,-0.904370074232094
2522.3,-0.8799560128917
2522.4,-2.02741689589023
2522.5,-1.17292474897643
2522.6,-0.733471644849328
2522.7,-1.41706536238037
2522.8,-1.56354973042272
2522.9,-0.977612258253271
2523,0.389575176808808
2523.1,-0.416088847424203
2523.2,-1.12409662629563
2523.3,0.145434563404859
2523.4,-0.489331031445391
2523.5,-1.05085444227446
2523.6,-0.416088847424209
2523.7,0.047778318043288
2523.8,-0.123120111339472
2523.9,-1.09968256495524
2524,-2.05183095723062
2524.1,-0.977612258253276
2524.2,0.047778318043288
2524.3,0.902270464957081
2524.4,0.804614219595504
2524.5,0.584887667531962
2524.6,-0.757885706189722
2524.7,1.17082513970144
2524.8,0.389575176808808
2524.9,-0.318432602062632
2525,1.17082513970142
2525.1,0.218676747426042
2525.2,-0.00104980463750053
2525.3,0.43840329948959
2525.4,-0.294018540722237
2525.5,0.145434563404859
2525.6,-0.342846663403026
2525.7,0.68254391289355
2525.8,0.560473606191562
2525.9,0.389575176808808
2526,0.340747054128013
2526.1,0.462817360829985
2526.2,0.438403299489596
2526.3,0.80461421959551
2526.4,0.78020015825511
2526.5,-0.342846663403026
2526.6,1.58586418248813
2526.7,0.829028280935904
2526.8,0.536059544851179
2526.9,0.780200158255121
2527,1.41496575310537
2527.1,0.389575176808802
2527.2,0.145434563404859
2527.3,0.169848624745254
2527.4,0.218676747426042
2527.5,0.780200158255127
2527.6,0.877856403616698
2527.7,2.04973134795562
2527.8,0.999926710318664
2527.9,0.267504870106831
2528,-0.660229460828151
2528.1,-0.953198196912876
2528.2,0.706957974233933
2528.3,1.09758295568025
2528.4,0.487231422170379
2528.5,0.584887667531962
2528.6,-0.53815915412618
2528.7,-0.733471644849328
2528.8,-0.123120111339477
2528.9,-0.904370074232088
2529,-1.85651846650746
2529.1,-0.928784135572488
2529.2,-0.123120111339477
2529.3,-0.416088847424209
2529.4,-0.34284666340302
2529.5,-1.68562003712471
2529.6,-0.904370074232094
2529.7,-0.464916970104994
2529.8,-1.02644038093406
2529.9,-0.342846663403026
2530,-0.220776356701049
2530.1,-1.07526850361485
2530.2,-0.8799560128917
2530.3,-0.147534172679872
2530.4,-0.831127890210911
2530.5,-0.171948234020266
2530.6,0.609301728872356
2530.7,0.389575176808808
2530.8,0.243090808766436
2530.9,-0.00104980463750053
2531,-0.342846663403026
2531.1,-0.953198196912876
2531.2,-1.14851068763603
2531.3,-0.8799560128917
2531.4,-0.70905758350894
2531.5,-0.806713828870517
2531.6,-0.733471644849334
2531.7,0.29191893144723
2531.8,0.853442342276293
2531.9,-0.123120111339477
2532,0.145434563404871
2532.1,1.21965326238222
2532.2,0.316332992787625
2532.3,0.0233642567028937
2532.4,0.0721923793836765
2532.5,0.755786096914716
2532.6,-0.660229460828145
2532.7,-1.22175287165722
2532.8,-0.70905758350894
2532.9,-1.46589348506116
2533,-0.318432602062632
2533.1,-0.53815915412618
2533.2,-1.22175287165722
2533.3,-1.12409662629564
2533.4,-0.0987060499990775
2533.5,0.316332992787625
2533.6,-0.220776356701049
2533.7,-0.245190418041449
2533.8,0.316332992787619
2533.9,-0.269604479381837
2534,-1.05085444227445
2534.1,-1.09968256495524
2534.2,-0.0987060499990832
2534.3,-0.48933103144538
2534.4,-0.513745092785786
2534.5,-1.58796379176312
2534.6,-0.8799560128917
2534.7,-0.0987060499990832
2534.8,-0.391674786083814
2534.9,-0.245190418041449
2535,0.560473606191562
2535.1,0.0477783180432823
2535.2,-1.270580994338
2535.3,-1.09968256495525
2535.4,-0.074291988658689
2535.5,-0.709057583508934
2535.6,-1.270580994338
2535.7,-0.342846663403014
2535.8,0.95109858763787
2535.9,0.145434563404865
2536,-0.562573215466568
2536.1,-1.2949950556784
2536.2,-0.757885706189728
2536.3,-0.245190418041437
2536.4,-1.58796379176313
2536.5,-2.22272938661338
2536.6,-1.27058099433801
2536.7,-0.733471644849328
2536.8,-1.05085444227446
2536.9,-0.635815399487757
2537,-0.684643522168534
2537.1,-0.19636229536066
2537.2,-0.0498779273182947
2537.3,-0.220776356701054
2537.4,-0.0987060499990832
2537.5,1.17082513970142
2537.6,-0.391674786083809
2537.7,-1.09968256495524
2537.8,0.267504870106836
2537.9,0.267504870106831
2538,0.023364256702888
2538.1,0.194262686085654
2538.2,-0.00104980463750053
2538.3,-0.269604479381843
2538.4,-0.00104980463750621
2538.5,0.047778318043288
2538.6,0.29191893144723
2538.7,0.29191893144723
2538.8,0.389575176808802
2538.9,0.243090808766442
2539,0.511645483510773
2539.1,0.853442342276304
2539.2,0.389575176808808
2539.3,0.487231422170379
2539.4,-0.953198196912882
2539.5,-0.00104980463750053
2539.6,0.487231422170379
2539.7,0.0477783180432823
2539.8,0.999926710318658
2539.9,-0.342846663403026
2540,-0.269604479381843
2540.1,-0.611401338147363
2540.2,-0.635815399487757
2540.3,-0.757885706189728
2540.4,0.682543912893539
2540.5,1.39055169176497
2540.6,-0.0254638659778948
2540.7,0.121020502064465
2540.8,-0.464916970104991
2540.9,0.023364256702888
2541,0.145434563404859
2541.1,-0.14753417267986
2541.2,0.0721923793836765
2541.3,-0.171948234020255
2541.4,0.169848624745254
2541.5,0.0233642567028937
2541.6,-0.904370074232088
2541.7,0.145434563404865
2541.8,0.267504870106831
2541.9,0.853442342276293
2542,0.877856403616693
2542.1,-0.269604479381837
2542.2,0.389575176808808
2542.3,0.218676747426042
2542.4,0.340747054128019
2542.5,-1.00202631959367
2542.6,-0.0987060499990775
2542.7,0.999926710318658
2542.8,1.75676261187089
2542.9,1.31730950774378
2543,0.584887667531956
2543.1,1.36613763042458
2543.2,1.43937981444576
2543.3,1.39055169176497
2543.4,1.53703605980734
2543.5,1.48820793712655
2543.6,1.04875483299945
2543.7,0.829028280935904
2543.8,0.975512648978275
2543.9,-0.904370074232094
2544,0.389575176808808
2544.1,1.31730950774379
2544.2,0.731372035574327
2544.3,0.829028280935898
2544.4,0.926684526297475
2544.5,1.85441885723246
2544.6,0.438403299489596
2544.7,-0.0742919886586833
2544.8,-0.660229460828151
2544.9,0.194262686085648
2545,1.41496575310537
2545.1,0.829028280935904
2545.2,-1.17292474897643
2545.3,-1.51472160774194
2545.4,-0.66022946082814
2545.5,-0.904370074232088
2545.6,-0.391674786083814
2545.7,1.12199701702064
2545.8,0.902270464957087
2545.9,-0.0254638659779005
2546,0.804614219595504
2546.1,1.14641107836103
2546.2,0.413989238149202
2546.3,-0.19636229536066
2546.4,0.438403299489596
2546.5,0.0966064407240765
2546.6,1.2440673237226
2546.7,1.87883291857286
2546.8,-0.147534172679866
2546.9,-0.318432602062626
2547,1.24406732372261
2547.1,1.04875483299945
2547.2,0.487231422170379
2547.3,-0.416088847424209
2547.4,0.487231422170379
2547.5,0.999926710318658
2547.6,0.511645483510779
2547.7,1.34172356908418
2547.8,1.24406732372261
2547.9,-0.367260724743417
2548,-1.22175287165721
2548.1,0.169848624745254
2548.2,0.560473606191562
2548.3,-0.147534172679872
2548.4,-0.123120111339472
2548.5,-0.733471644849334
2548.6,-0.318432602062626
2548.7,1.19523920104182
2548.8,1.12199701702064
2548.9,0.121020502064465
2549,0.0966064407240708
2549.1,-0.733471644849334
2549.2,0.389575176808802
2549.3,-0.00104980463750053
2549.4,-1.34382317835918
2549.5,-0.147534172679866
2549.6,-1.66120597578432
2549.7,-0.269604479381843
2549.8,-0.074291988658689
2549.9,-0.51374509278578
2550,-0.36726072474342
2550.1,-0.0987060499990775
2550.2,0.536059544851167
2550.3,0.243090808766436
2550.4,0.023364256702888
2550.5,0.511645483510773
2550.6,0.560473606191562
2550.7,0.267504870106831
2550.8,-0.245190418041443
2550.9,-0.660229460828151
2551,-0.0987060499990832
2551.1,0.43840329948959
2551.2,0.291918931447225
2551.3,-0.855541951551305
2551.4,-0.855541951551288
2551.5,-0.757885706189728
2551.6,-0.440502908764603
2551.7,-0.68464352216854
2551.8,0.121020502064465
2551.9,0.902270464957087
2552,0.145434563404859
2552.1,-0.123120111339477
2552.2,-0.733471644849334
2552.3,-1.63679191444392
2552.4,-0.70905758350894
2552.5,0.0721923793836822
2552.6,0.340747054128013
2552.7,-0.36726072474342
2552.8,1.24406732372261
2552.9,0.413989238149202
2553,0.536059544851167
2553.1,-0.53815915412618
2553.2,-0.19636229536066
2553.3,0.80461421959551
2553.4,0.560473606191562
2553.5,0.145434563404871
2553.6,-0.0498779273182947
2553.7,0.43840329948959
2553.8,-0.318432602062626
2553.9,-0.0498779273182947
2554,0.267504870106836
2554.1,1.14641107836103
2554.2,0.877856403616687
2554.3,-0.220776356701049
2554.4,0.365161115468408
2554.5,0.121020502064465
2554.6,0.584887667531956
2554.7,0.169848624745254
2554.8,-0.440502908764591
2554.9,-0.538159154126163
2555,-0.611401338147363
2555.1,-0.70905758350894
2555.2,-0.440502908764603
2555.3,0.121020502064471
2555.4,0.194262686085654
2555.5,-0.757885706189728
2555.6,-1.07526850361485
2555.7,-1.31940911701879
2555.8,-0.733471644849322
2555.9,-0.245190418041443
2556,0.243090808766436
2556.1,-0.0742919886586833
2556.2,-0.342846663403012
2556.3,-0.709057583508934
2556.4,-0.00104980463749769
2556.5,-1.02644038093406
2556.6,-0.123120111339477
2556.7,0.121020502064471
2556.8,-0.464916970104997
2556.9,0.536059544851173
2557,-0.269604479381843
2557.1,-0.562573215466574
2557.2,0.0233642567028937
2557.3,-0.0987060499990832
2557.4,0.0477783180432823
2557.5,0.438403299489596
2557.6,0.218676747426042
2557.7,0.0721923793836765
2557.8,-0.074291988658689
2557.9,-0.782299767530122
2558,-0.904370074232088
2558.1,-0.635815399487751
2558.2,0.926684526297475
2558.3,0.755786096914716
2558.4,0.243090808766436
2558.5,0.536059544851167
2558.6,0.340747054128013
2558.7,1.24406732372261
2558.8,0.609301728872362
2558.9,0.43840329948959
2559,1.17082513970142
2559.1,1.12199701702064
2559.2,0.291918931447242
2559.3,0.43840329948959
2559.4,0.902270464957087
2559.5,1.09758295568024
2559.6,1.53703605980734
2559.7,0.243090808766448
2559.8,0.194262686085648
2559.9,-0.0498779273182947
2560,-0.245190418041449
2560.1,1.268481385063
2560.2,0.877856403616693
2560.3,1.14641107836102
2560.4,0.121020502064465
2560.5,0.0477783180432823
2560.6,0.121020502064465
2560.7,0.267504870106831
2560.8,0.0721923793836765
2560.9,0.804614219595513
2561,0.047778318043288
2561.1,0.121020502064465
2561.2,0.145434563404859
2561.3,-0.147534172679866
2561.4,0.29191893144723
2561.5,-0.147534172679866
2561.6,-0.562573215466568
2561.7,-0.953198196912876
2561.8,-0.171948234020266
2561.9,-0.318432602062632
2562,-0.196362295360655
2562.1,0.0721923793836822
2562.2,-0.220776356701054
2562.3,0.462817360829985
2562.4,1.34172356908418
2562.5,2.26945790001918
2562.6,1.73234855053049
2562.7,1.268481385063
2562.8,0.60930172887235
2562.9,-0.806713828870517
2563,0.145434563404859
2563.1,0.780200158255116
2563.2,-0.294018540722237
2563.3,0.0477783180432823
2563.4,0.267504870106831
2563.5,0.413989238149202
2563.6,1.19523920104181
2563.7,0.63371579021275
2563.8,-0.416088847424203
2563.9,0.853442342276298
2564,1.2928954464034
2564.1,0.926684526297475
2564.2,1.29289544640339
2564.3,-0.391674786083814
2564.4,-0.416088847424209
2564.5,1.39055169176498
2564.6,0.365161115468413
2564.7,-0.51374509278578
2564.8,-0.0742919886586833
2564.9,-0.513745092785786
2565,0.340747054128013
2565.1,0.487231422170379
2565.2,0.0721923793836822
2565.3,1.58586418248812
2565.4,0.0721923793836765
2565.5,0.0721923793836765
2565.6,0.340747054128013
2565.7,0.536059544851167
2565.8,-0.171948234020266
2565.9,-0.318432602062632
2566,-0.269604479381832
2566.1,-0.171948234020266
2566.2,0.487231422170385
2566.3,-0.0254638659779005
2566.4,0.731372035574327
2566.5,1.02434077165906
2566.6,0.340747054128013
2566.7,-0.904370074232094
2566.8,0.658129851553139
2566.9,1.43937981444577
2567,1.31730950774379
2567.1,0.951098587637875
2567.2,-0.17194823402026
2567.3,0.46281736082999
2567.4,0.633715790212744
2567.5,1.97648916393443
2567.6,0.902270464957081
2567.7,-0.0254638659779005
2567.8,1.34172356908418
2567.9,1.46379387578615
2568,0.316332992787625
2568.1,0.316332992787625
2568.2,0.682543912893533
2568.3,0.267504870106836
2568.4,0.82902828093591
2568.5,0.31633299278763
2568.6,0.853442342276293
2568.7,0.218676747426042
2568.8,-0.464916970104997
2568.9,-1.12409662629563
2569,-1.17292474897642
2569.1,-0.171948234020266
2569.2,0.536059544851176
2569.3,0.60930172887235
2569.4,0.0721923793836765
2569.5,-0.0254638659779005
2569.6,0.853442342276293
2569.7,0.218676747426042
2569.8,0.511645483510773
2569.9,0.926684526297475
2570,1.56145012114773
2570.1,0.853442342276293
2570.2,-0.391674786083814
2570.3,-0.19636229536066
2570.4,0.291918931447225
2570.5,0.0966064407240708
2570.6,-0.53815915412618
2570.7,-0.0987060499990832
2570.8,-0.660229460828145
2570.9,0.755786096914727
2571,2.36711414538075
2571.1,1.53703605980734
2571.2,-0.464916970104991
2571.3,-0.391674786083809
2571.4,0.340747054128013
2571.5,0.706957974233927
2571.6,0.438403299489596
2571.7,-0.074291988658689
2571.8,-1.05085444227446
2571.9,-0.513745092785786
2572,0.0721923793836822
2572.1,0.218676747426042
2572.2,-0.19636229536066
2572.3,1.19523920104181
2572.4,0.0233642567028937
2572.5,-0.0987060499990832
2572.6,1.268481385063
2572.7,1.7079344891901
2572.8,0.63371579021275
2572.9,1.2928954464034
2573,1.85441885723246
2573.1,0.658129851553139
2573.2,0.0966064407240822
2573.3,0.78020015825511
2573.4,0.853442342276304
2573.5,-0.074291988658689
2573.6,0.755786096914716
2573.7,0.340747054128013
2573.8,0.99992671031867
2573.9,2.48918445208272
2574,1.78117667321129
2574.1,1.46379387578615
2574.2,1.14641107836102
2574.3,1.02434077165905
2574.4,-0.0987060499990832
2574.5,0.267504870106831
2574.6,1.14641107836104
2574.7,1.24406732372261
2574.8,1.34172356908418
2574.9,1.75676261187089
2575,1.80559073455167
2575.1,0.536059544851167
2575.2,-0.464916970104997
2575.3,0.755786096914716
2575.4,-0.464916970104997
2575.5,1.07316889433985
2575.6,1.2928954464034
2575.7,1.21965326238221
2575.8,0.853442342276298
2575.9,0.121020502064465
2576,0.511645483510773
2576.1,-0.0254638659779005
2576.2,-0.367260724743409
2576.3,0.511645483510779
2576.4,0.853442342276293
2576.5,0.999926710318658
2576.6,1.97648916393443
2576.7,1.78117667321127
2576.8,2.41594226806153
2576.9,0.975512648978264
2577,1.56145012114773
2577.1,0.60930172887235
2577.2,1.17082513970142
2577.3,1.63469230516891
2577.4,0.365161115468408
2577.5,2.41594226806153
2577.6,2.24504383867877
2577.7,1.73234855053049
2577.8,1.61027824382852
2577.9,2.19621571599799
2578,1.95207510259405
2578.1,1.63469230516892
2578.2,1.17082513970143
2578.3,1.04875483299945
2578.4,0.31633299278763
2578.5,0.340747054128025
2578.6,0.169848624745254
2578.7,0.43840329948959
2578.8,0.633715790212759
2578.9,0.853442342276298
2579,0.316332992787619
2579.1,-0.342846663403026
2579.2,0.340747054128013
2579.3,0.291918931447225
2579.4,-0.294018540722232
2579.5,-1.44147942372077
2579.6,-1.56354973042273
2579.7,-0.8799560128917
2579.8,1.56145012114773
2579.9,0.43840329948959
2580,0.511645483510785
2580.1,0.706957974233933
2580.2,-0.440502908764603
2580.3,0.829028280935898
2580.4,1.61027824382851
2580.5,0.755786096914716
2580.6,0.169848624745254
2580.7,-0.074291988658689
2580.8,0.731372035574321
2580.9,0.413989238149202
2581,0.609301728872356
2581.1,1.53703605980734
2581.2,1.02434077165906
2581.3,-0.0987060499990832
2581.4,-0.17194823402026
2581.5,0.413989238149196
2581.6,0.926684526297481
2581.7,1.7079344891901
2581.8,0.731372035574327
2581.9,0.853442342276293
2582,1.26848138506301
2582.1,0.63371579021275
2582.2,0.682543912893539
2582.3,-0.245190418041449
2582.4,-0.147534172679872
2582.5,0.560473606191567
2582.6,1.48820793712655
2582.7,0.682543912893533
2582.8,0.121020502064471
2582.9,0.0477783180432823
2583,0.291918931447225
2583.1,1.02434077165906
2583.2,-0.611401338147351
2583.3,0.80461421959551
2583.4,0.413989238149202
2583.5,-0.782299767530122
2583.6,0.0721923793836765
2583.7,0.267504870106836
2583.8,0.609301728872362
2583.9,-0.757885706189717
2584,0.43840329948959
2584.1,-0.391674786083814
2584.2,-0.660229460828145
2584.3,-0.342846663403026
2584.4,-0.220776356701049
2584.5,0.389575176808802
2584.6,-1.00202631959367
2584.7,0.121020502064476
2584.8,0.218676747426048
2584.9,0.194262686085648
2585,-0.635815399487757
2585.1,-1.2949950556784
2585.2,-0.147534172679872
2585.3,-0.318432602062632
2585.4,-0.53815915412618
2585.5,0.340747054128019
2585.6,-0.269604479381843
2585.7,-1.27058099433801
2585.8,-0.879956012891688
2585.9,-0.586987276806968
2586,-0.416088847424203
2586.1,-0.17194823402026
2586.2,0.194262686085648
2586.3,-0.586987276806968
2586.4,-0.31843260206262
2586.5,1.51262199846695
2586.6,0.999926710318664
2586.7,0.194262686085659
2586.8,0.926684526297481
2586.9,0.267504870106836
2587,-0.342846663403026
2587.1,0.047778318043288
2587.2,1.83000479589207
2587.3,-0.147534172679872
2587.4,-0.53815915412618
2587.5,0.218676747426048
2587.6,0.487231422170379
2587.7,0.487231422170379
2587.8,0.804614219595504
2587.9,0.60930172887235
2588,1.43937981444576
2588.1,2.02531728661522
2588.2,0.829028280935898
2588.3,0.78020015825511
2588.4,0.926684526297487
2588.5,1.09758295568025
2588.6,-0.0987060499990775
2588.7,0.731372035574327
2588.8,0.80461421959551
2588.9,0.365161115468413
2589,0.902270464957081
2589.1,0.999926710318658
2589.2,0.829028280935904
2589.3,1.51262199846694
2589.4,0.267504870106831
2589.5,0.267504870106836
2589.6,0.536059544851167
2589.7,1.46379387578615
2589.8,1.63469230516891
2589.9,0.902270464957087
2590,0.877856403616693
2590.1,1.7079344891901
2590.2,1.02434077165905
2590.3,1.92766104125365
2590.4,0.97551264897827
2590.5,1.07316889433985
2590.6,0.633715790212756
2590.7,0.975512648978267
2590.8,0.975512648978264
2590.9,0.536059544851173
2591,0.340747054128013
2591.1,0.536059544851167
2591.2,0.169848624745254
2591.3,0.389575176808802
2591.4,1.78117667321127
2591.5,0.975512648978264
2591.6,0.218676747426042
2591.7,1.80559073455167
2591.8,2.17180165465759
2591.9,0.829028280935904
2592,0.413989238149202
2592.1,1.02434077165906
2592.2,1.17082513970143
2592.3,0.999926710318664
2592.4,0.853442342276304
2592.5,1.46379387578615
2592.6,1.61027824382852
2592.7,0.682543912893533
2592.8,0.023364256702888
2592.9,0.536059544851173
2593,0.0721923793836822
2593.1,0.267504870106831
2593.2,1.268481385063
2593.3,2.07414540929601
2593.4,1.75676261187088
2593.5,1.12199701702063
2593.6,0.95109858763787
2593.7,-0.36726072474342
2593.8,1.2928954464034
2593.9,0.706957974233927
2594,1.43937981444576
2594.1,1.12199701702064
2594.2,1.2928954464034
2594.3,1.39055169176497
2594.4,1.17082513970142
2594.5,0.658129851553144
2594.6,1.17082513970142
2594.7,1.65910636650931
2594.8,1.39055169176498
2594.9,1.24406732372261
2595,0.731372035574333
2595.1,0.511645483510779
2595.2,-0.00104980463750621
2595.3,0.902270464957081
2595.4,1.02434077165906
2595.5,0.536059544851167
2595.6,-0.00104980463750621
2595.7,-0.294018540722232
2595.8,0.609301728872356
2595.9,0.95109858763787
2596,0.218676747426042
2596.1,0.755786096914716
2596.2,1.78117667321127
2596.3,1.19523920104181
2596.4,0.780200158255121
2596.5,0.780200158255116
2596.6,0.829028280935904
2596.7,1.83000479589207
2596.8,1.46379387578615
2596.9,1.02434077165905
2597,-0.586987276806968
2597.1,-0.757885706189722
2597.2,0.999926710318658
2597.3,1.04875483299945
2597.4,0.145434563404871
2597.5,-0.269604479381843
2597.6,0.340747054128013
2597.7,1.43937981444575
2597.8,0.60930172887235
2597.9,1.04875483299945
2598,0.682543912893539
2598.1,0.0477783180432823
2598.2,0.97551264897827
2598.3,1.24406732372261
2598.4,1.24406732372261
2598.5,0.316332992787619
2598.6,0.902270464957087
2598.7,-0.245190418041449
2598.8,-0.147534172679872
2598.9,-0.269604479381843
2599,-0.489331031445386
2599.1,-0.17194823402026
2599.2,0.462817360829985
2599.3,1.02434077165905
2599.4,1.6835204278497
2599.5,0.829028280935898
2599.6,0.999926710318664
2599.7,1.07316889433985
2599.8,0.511645483510773
2599.9,-0.269604479381832
2600,-0.0987060499990832
2600.1,0.780200158255116
2600.2,0.145434563404859
2600.3,1.31730950774379
2600.4,1.24406732372261
2600.5,0.169848624745254
2600.6,0.560473606191562
2600.7,1.46379387578615
2600.8,1.6591063665093
2600.9,-0.53815915412618
2601,-0.36726072474342
2601.1,1.12199701702064
2601.2,0.999926710318658
2601.3,-0.0742919886586833
2601.4,0.80461421959551
2601.5,1.61027824382852
2601.6,0.0721923793836822
2601.7,0.243090808766436
2601.8,0.023364256702888
2601.9,1.41496575310536
2602,0.536059544851167
2602.1,0.755786096914721
2602.2,0.80461421959551
2602.3,0.487231422170379
2602.4,0.80461421959551
2602.5,0.706957974233927
2602.6,0.682543912893539
2602.7,0.658129851553139
2602.8,0.316332992787619
2602.9,0.218676747426042
2603,0.755786096914716
2603.1,-0.0254638659778891
2603.2,-0.318432602062626
2603.3,0.169848624745254
2603.4,0.462817360829996
2603.5,0.365161115468419
2603.6,-0.342846663403026
2603.7,-0.709057583508934
2603.8,-0.879956012891694
2603.9,-0.416088847424197
2604,-0.00104980463750053
2604.1,0.536059544851173
2604.2,0.46281736082999
2604.3,-0.464916970104991
2604.4,-0.17194823402026
2604.5,0.951098587637875
2604.6,0.536059544851167
2604.7,1.09758295568024
2604.8,0.0966064407240708
2604.9,-0.416088847424209
2605,0.121020502064465
2605.1,0.316332992787619
2605.2,0.218676747426042
2605.3,0.853442342276298
2605.4,0.169848624745259
2605.5,0.291918931447225
2605.6,0.706957974233933
2605.7,0.804614219595504
2605.8,1.04875483299945
2605.9,0.97551264897827
2606,1.39055169176497
2606.1,1.07316889433984
2606.2,1.61027824382853
2606.3,0.97551264897827
2606.4,0.0966064407240765
2606.5,-0.464916970104991
2606.6,-0.36726072474342
2606.7,0.682543912893539
2606.8,1.14641107836102
2606.9,0.0966064407240822
2607,0.121020502064471
2607.1,1.09758295568024
2607.2,1.92766104125365
2607.3,1.17082513970142
2607.4,0.78020015825511
2607.5,0.340747054128019
2607.6,0.316332992787625
2607.7,0.536059544851173
2607.8,0.487231422170385
2607.9,0.829028280935904
2608,0.951098587637875
2608.1,1.43937981444576
2608.2,0.316332992787619
2608.3,0.218676747426042
2608.4,0.487231422170387
2608.5,0.682543912893536
2608.6,0.0721923793836822
2608.7,0.755786096914721
2608.8,0.706957974233933
2608.9,-0.416088847424203
2609,0.46281736082999
2609.1,-0.220776356701054
2609.2,-0.0742919886586833
2609.3,1.39055169176498
2609.4,1.7079344891901
2609.5,0.243090808766436
2609.6,1.48820793712655
2609.7,0.853442342276293
2609.8,0.462817360829985
2609.9,0.804614219595504
2610,1.7079344891901
2610.1,1.80559073455169
2610.2,1.43937981444576
2610.3,0.560473606191567
2610.4,-0.416088847424203
2610.5,-0.440502908764603
2610.6,-0.53815915412618
2610.7,-0.440502908764591
2610.8,1.02434077165906
2610.9,0.536059544851167
2611,-0.220776356701049
2611.1,0.169848624745259
2611.2,0.682543912893539
2611.3,0.023364256702888
2611.4,-0.220776356701049
2611.5,-0.489331031445391
2611.6,0.218676747426053
2611.7,0.46281736082999
2611.8,0.243090808766442
2611.9,0.487231422170379
2612,0.0477783180432823
2612.1,0.658129851553139
2612.2,1.21965326238221
2612.3,1.02434077165905
2612.4,0.999926710318664
2612.5,-0.489331031445391
2612.6,0.658129851553139
2612.7,0.682543912893539
2612.8,1.04875483299945
2612.9,1.41496575310537
2613,1.09758295568024
2613.1,0.121020502064471
2613.2,-0.147534172679872
2613.3,0.511645483510773
2613.4,1.24406732372261
2613.5,0.853442342276298
2613.6,0.658129851553139
2613.7,0.755786096914716
2613.8,0.780200158255116
2613.9,0.877856403616693
2614,1.80559073455169
2614.1,0.633715790212744
2614.2,0.291918931447225
2614.3,0.536059544851179
2614.4,0.316332992787619
2614.5,1.04875483299946
2614.6,0.706957974233927
2614.7,1.43937981444575
2614.8,0.780200158255121
2614.9,0.365161115468413
2615,1.48820793712655
2615.1,1.21965326238221
2615.2,1.07316889433984
2615.3,1.97648916393444
2615.4,0.169848624745254
2615.5,0.584887667531967
2615.6,-0.0254638659778948
2615.7,0.706957974233933
2615.8,1.2928954464034
2615.9,0.340747054128019
2616,1.24406732372261
2616.1,0.951098587637875
2616.2,0.804614219595507
2616.3,-0.269604479381843
2616.4,-0.147534172679866
2616.5,1.34172356908418
2616.6,2.0985594706364
2616.7,0.951098587637881
2616.8,1.63469230516892
2616.9,0.755786096914733
2617,-0.171948234020266
2617.1,-0.049877927318289
2617.2,-0.00104980463750621
2617.3,-0.0987060499990832
2617.4,-0.367260724743409
2617.5,0.121020502064465
2617.6,-0.269604479381843
2617.7,-0.782299767530122
2617.8,0.365161115468413
2617.9,0.706957974233927
2618,0.340747054128019
2618.1,0.682543912893539
2618.2,0.169848624745254
2618.3,-0.586987276806968
2618.4,0.951098587637875
2618.5,0.291918931447225
2618.6,-0.416088847424203
2618.7,-0.0498779273182947
2618.8,-0.586987276806957
2618.9,-1.63679191444392
2619,0.29191893144723
2619.1,1.09758295568024
2619.2,0.365161115468413
2619.3,0.95109858763787
2619.4,0.536059544851179
2619.5,0.633715790212756
2619.6,-0.049877927318289
2619.7,1.34172356908418
2619.8,1.58586418248813
2619.9,0.97551264897827
2620,0.682543912893539
2620.1,0.0477783180432823
2620.2,0.902270464957087
2620.3,0.95109858763787
2620.4,0.80461421959551
2620.5,0.243090808766442
2620.6,0.0721923793836879
2620.7,-0.294018540722232
2620.8,-0.8799560128917
2620.9,-0.684643522168545
2621,0.462817360829985
2621.1,0.536059544851173
2621.2,0.536059544851167
2621.3,-0.269604479381843
2621.4,-0.19636229536066
2621.5,-0.19636229536066
2621.6,-0.416088847424209
2621.7,-0.757885706189728
2621.8,-1.07526850361485
2621.9,-0.806713828870511
2622,-0.953198196912876
2622.1,0.0721923793836822
2622.2,-0.586987276806968
2622.3,-0.0254638659779005
2622.4,0.243090808766436
2622.5,-0.977612258253276
2622.6,0.829028280935898
2622.7,1.21965326238221
2622.8,-0.0742919886586833
2622.9,0.023364256702888
2623,0.145434563404865
2623.1,0.584887667531962
2623.2,0.194262686085648
2623.3,0.462817360829985
2623.4,1.36613763042458
2623.5,0.145434563404859
2623.6,-0.489331031445386
2623.7,0.97551264897827
2623.8,-0.0742919886586776
2623.9,0.633715790212744
2624,0.999926710318658
2624.1,0.291918931447225
2624.2,-0.757885706189722
2624.3,-0.391674786083814
2624.4,0.389575176808808
2624.5,0.218676747426048
2624.6,0.853442342276293
2624.7,0.780200158255116
2624.8,0.926684526297487
2624.9,0.755786096914716
2625,0.218676747426042
2625.1,0.340747054128013
2625.2,0.975512648978264
2625.3,1.14641107836102
2625.4,0.413989238149196
2625.5,0.340747054128019
2625.6,1.65910636650932
2625.7,1.31730950774379
2625.8,-0.147534172679855
2625.9,0.316332992787625
2626,0.975512648978264
2626.1,0.82902828093591
2626.2,0.047778318043288
2626.3,1.61027824382852
2626.4,1.29289544640339
2626.5,0.951098587637875
2626.6,0.877856403616687
2626.7,1.61027824382852
2626.8,1.51262199846694
2626.9,0.145434563404871
2627,0.804614219595504
2627.1,1.36613763042458
2627.2,1.24406732372261
2627.3,2.53801257476351
2627.4,0.63371579021275
2627.5,0.169848624745259
2627.6,0.853442342276304
2627.7,1.68352042784971
2627.8,0.804614219595516
2627.9,0.243090808766442
2628,1.19523920104182
2628.1,1.2928954464034
2628.2,0.755786096914721
2628.3,1.46379387578615
2628.4,1.19523920104183
2628.5,1.46379387578615
2628.6,0.829028280935898
2628.7,0.487231422170379
2628.8,0.731372035574327
2628.9,0.243090808766436
2629,-0.0987060499990775
2629.1,0.560473606191573
2629.2,0.853442342276298
2629.3,0.145434563404859
2629.4,-0.416088847424203
2629.5,0.43840329948959
2629.6,0.365161115468408
2629.7,0.0233642567028937
2629.8,0.584887667531967
2629.9,0.731372035574321
2630,0.43840329948959
2630.1,1.17082513970142
2630.2,1.34172356908418
2630.3,1.12199701702063
2630.4,1.80559073455167
2630.5,0.731372035574321
2630.6,0.97551264897827
2630.7,0.63371579021275
2630.8,0.121020502064465
2630.9,1.07316889433985
2631,1.6835204278497
2631.1,0.975512648978264
2631.2,0.609301728872356
2631.3,0.169848624745259
2631.4,0.951098587637875
2631.5,1.43937981444576
2631.6,0.658129851553153
2631.7,0.487231422170385
2631.8,-0.171948234020266
2631.9,0.316332992787625
2632,0.65812985155315
2632.1,1.48820793712656
2632.2,1.46379387578615
2632.3,0.609301728872362
2632.4,0.0477783180432937
2632.5,0.121020502064465
2632.6,0.877856403616698
2632.7,0.413989238149202
2632.8,1.21965326238221
2632.9,1.51262199846694
2633,1.34172356908418
2633.1,1.12199701702064
2633.2,0.194262686085654
2633.3,0.853442342276293
2633.4,1.48820793712655
2633.5,1.73234855053049
2633.6,1.04875483299945
2633.7,-0.0987060499990775
2633.8,0.413989238149196
2633.9,0.99992671031867
2634,0.46281736082999
2634.1,-0.00104980463750053
2634.2,0.340747054128013
2634.3,0.487231422170385
2634.4,-0.586987276806963
2634.5,-0.953198196912871
2634.6,0.511645483510782
2634.7,1.53703605980734
2634.8,0.60930172887235
2634.9,0.682543912893544
2635,0.145434563404862
2635.1,-0.0498779273182834
2635.2,0.243090808766448
2635.3,0.047778318043288
2635.4,0.169848624745254
2635.5,0.145434563404859
2635.6,0.43840329948959
2635.7,0.43840329948959
2635.8,1.24406732372261
2635.9,0.609301728872356
2636,0.584887667531962
2636.1,0.95109858763787
2636.2,0.975512648978275
2636.3,0.853442342276293
2636.4,0.145434563404865
2636.5,0.487231422170385
2636.6,-0.123120111339477
2636.7,1.36613763042457
2636.8,0.926684526297481
2636.9,-0.782299767530111
2637,-0.049877927318289
2637.1,0.267504870106836
2637.2,0.487231422170385
2637.3,-0.440502908764597
2637.4,-0.53815915412618
2637.5,0.48723142217039
2637.6,-0.196362295360655
2637.7,-0.538159154126174
2637.8,0.560473606191567
2637.9,0.658129851553144
2638,-0.0498779273182947
2638.1,-0.049877927318289
2638.2,-0.611401338147363
2638.3,-0.074291988658689
2638.4,0.560473606191562
2638.5,0.731372035574321
2638.6,0.706957974233933
2638.7,0.584887667531956
2638.8,1.36613763042457
2638.9,0.536059544851167
2639,-0.00104980463750621
2639.1,0.0721923793836822
2639.2,0.731372035574327
2639.3,2.14738759331719
2639.4,1.61027824382852
2639.5,1.04875483299945
2639.6,0.97551264897827
2639.7,2.29387196135957
2639.8,2.04973134795562
2639.9,1.6835204278497
2640,-0.0498779273182834
2640.1,0.682543912893544
2640.2,1.43937981444576
2640.3,1.87883291857286
2640.4,1.53703605980734
2640.5,0.755786096914721
2640.6,-0.464916970104997
2640.7,1.12199701702063
2640.8,0.804614219595504
2640.9,-0.0254638659779005
2641,0.78020015825511
2641.1,0.243090808766436
2641.2,-0.0254638659779005
2641.3,0.65812985155315
2641.4,0.511645483510773
2641.5,1.19523920104182
2641.6,0.340747054128013
2641.7,0.121020502064465
2641.8,-0.294018540722232
2641.9,-0.733471644849328
2642,-0.294018540722237
2642.1,0.584887667531962
2642.2,-0.00104980463750621
2642.3,-0.611401338147357
2642.4,-0.733471644849334
2642.5,0.46281736082999
2642.6,1.17082513970142
2642.7,-0.831127890210905
2642.8,-0.294018540722232
2642.9,-0.00104980463750621
2643,-1.22175287165721
2643.1,0.194262686085648
2643.2,0.121020502064465
2643.3,-1.41706536238037
2643.4,-0.928784135572488
2643.5,-0.147534172679855
2643.6,-0.831127890210911
2643.7,-0.757885706189728
2643.8,0.316332992787619
2643.9,-0.171948234020266
2644,0.31633299278763
2644.1,0.316332992787619
2644.2,-0.0498779273182947
2644.3,0.267504870106831
2644.4,0.389575176808802
2644.5,0.023364256702888
2644.6,-0.635815399487757
2644.7,-0.806713828870505
2644.8,0.389575176808802
2644.9,0.877856403616687
2645,0.29191893144723
2645.1,0.218676747426042
2645.2,-0.00104980463750621
2645.3,-0.196362295360655
2645.4,-0.904370074232088
2645.5,-0.709057583508934
2645.6,-0.269604479381843
2645.7,0.218676747426053
2645.8,0.853442342276304
2645.9,0.487231422170379
2646,0.047778318043288
2646.1,0.413989238149196
2646.2,0.0477783180432823
2646.3,-0.928784135572488
2646.4,-0.586987276806968
2646.5,0.536059544851179
2646.6,0.023364256702888
2646.7,0.462817360829985
2646.8,0.951098587637881
2646.9,0.413989238149196
2647,-0.342846663403026
2647.1,0.340747054128025
2647.2,0.267504870106831
2647.3,1.39055169176498
2647.4,1.02434077165906
2647.5,0.0477783180432994
2647.6,-0.00104980463750621
2647.7,-0.294018540722237
2647.8,-0.806713828870517
2647.9,-0.782299767530122
2648,-0.831127890210905
2648.1,0.023364256702888
2648.2,0.365161115468408
2648.3,-0.611401338147363
2648.4,-0.00104980463750621
2648.5,-0.953198196912882
2648.6,-0.123120111339477
2648.7,-0.513745092785786
2648.8,1.41496575310536
2648.9,-0.147534172679872
2649,-0.70905758350894
2649.1,-0.294018540722226
2649.2,-0.440502908764603
2649.3,0.340747054128019
2649.4,0.340747054128013
2649.5,0.95109858763787
2649.6,1.2440673237226
2649.7,0.780200158255116
2649.8,0.584887667531956
2649.9,-0.0987060499990832
2650,-0.14753417267986
2650.1,0.121020502064465
2650.2,1.43937981444575
2650.3,0.389575176808802
2650.4,0.0233642567028937
2650.5,1.34172356908418
2650.6,0.926684526297481
2650.7,1.268481385063
2650.8,-0.171948234020266
2650.9,0.511645483510773
2651,1.04875483299945
2651.1,0.0966064407240708
2651.2,0.658129851553139
2651.3,0.169848624745254
2651.4,0.536059544851167
2651.5,2.02531728661522
2651.6,-0.147534172679872
2651.7,0.340747054128013
2651.8,0.658129851553144
2651.9,0.877856403616693
2652,0.804614219595516
2652.1,1.21965326238222
2652.2,0.365161115468413
2652.3,1.80559073455167
2652.4,1.48820793712655
2652.5,0.0477783180432823
2652.6,1.41496575310538
2652.7,1.268481385063
2652.8,1.02434077165905
2652.9,-0.220776356701049
2653,0.413989238149202
2653.1,0.682543912893533
2653.2,0.023364256702888
2653.3,-0.147534172679872
2653.4,1.09758295568024
2653.5,1.14641107836102
2653.6,1.19523920104181
2653.7,0.853442342276298
2653.8,0.853442342276298
2653.9,0.169848624745265
2654,1.87883291857285
2654.1,1.46379387578615
2654.2,0.658129851553144
2654.3,0.169848624745259
2654.4,0.487231422170379
2654.5,0.536059544851167
2654.6,0.706957974233933
2654.7,-0.00104980463750621
2654.8,0.340747054128025
2654.9,0.63371579021275
2655,0.267504870106831
2655.1,-0.269604479381832
2655.2,-0.00104980463749484
2655.3,-0.196362295360649
2655.4,-0.831127890210911
2655.5,-0.0254638659779005
2655.6,-1.39265130103997
2655.7,0.0966064407240765
2655.8,0.0966064407240765
2655.9,-0.049877927318289
2656,-0.855541951551305
2656.1,-0.269604479381843
2656.2,0.267504870106831
2656.3,1.78117667321128
2656.4,1.21965326238221
2656.5,-0.269604479381843
2656.6,-0.342846663403026
2656.7,-1.17292474897643
2656.8,-0.733471644849334
2656.9,-0.391674786083803
2657,-0.245190418041449
2657.1,-0.831127890210911
2657.2,-1.02644038093406
2657.3,-0.513745092785786
2657.4,-0.391674786083814
2657.5,-0.562573215466574
2657.6,-0.318432602062632
2657.7,-0.342846663403014
2657.8,-0.220776356701043
2657.9,0.511645483510773
2658,-0.269604479381837
2658.1,-0.464916970104997
2658.2,-0.416088847424197
2658.3,-0.245190418041449
2658.4,-0.123120111339477
2658.5,0.78020015825511
2658.6,0.316332992787625
2658.7,-0.660229460828145
2658.8,0.389575176808808
2658.9,-0.00104980463750621
2659,-0.440502908764603
2659.1,0.243090808766436
2659.2,1.19523920104181
2659.3,0.829028280935898
2659.4,0.0477783180432823
2659.5,-0.36726072474342
2659.6,0.780200158255116
2659.7,1.24406732372261
2659.8,1.70793448919009
2659.9,0.731372035574321
2660,0.829028280935898
2660.1,1.48820793712654
2660.2,-0.269604479381843
2660.3,0.121020502064471
2660.4,0.60930172887235
2660.5,-0.19636229536066
2660.6,0.267504870106831
2660.7,0.0721923793836822
2660.8,0.0477783180432823
2660.9,-0.367260724743414
2661,-1.14851068763603
2661.1,-1.00202631959367
2661.2,1.17082513970142
2661.3,-0.074291988658689
2661.4,-0.513745092785786
2661.5,-0.049877927318289
2661.6,-0.0987060499990832
2661.7,-0.123120111339477
2661.8,-0.391674786083809
2661.9,0.047778318043288
2662,0.218676747426048
2662.1,0.609301728872356
2662.2,0.780200158255121
2662.3,0.877856403616693
2662.4,0.80461421959551
2662.5,1.12199701702064
2662.6,0.389575176808802
2662.7,-1.17292474897643
2662.8,0.340747054128013
2662.9,0.487231422170379
2663,0.43840329948959
2663.1,0.316332992787625
2663.2,0.413989238149196
2663.3,1.07316889433985
2663.4,0.682543912893533
2663.5,-0.171948234020266
2663.6,0.169848624745254
2663.7,0.291918931447225
2663.8,-0.953198196912882
2663.9,0.243090808766442
2664,0.682543912893539
2664.1,0.902270464957093
2664.2,0.902270464957081
2664.3,1.46379387578615
2664.4,1.2928954464034
2664.5,0.389575176808802
2664.6,-0.123120111339477
2664.7,0.145434563404859
2664.8,-1.02644038093406
2664.9,-0.831127890210905
2665,-0.953198196912882
2665.1,-0.977612258253271
2665.2,-1.68562003712471
2665.3,-0.953198196912882
2665.4,-0.269604479381832
2665.5,0.365161115468413
2665.6,0.023364256702888
2665.7,-0.684643522168545
2665.8,0.511645483510779
2665.9,0.658129851553139
2666,0.755786096914716
2666.1,0.0966064407240765
2666.2,-0.440502908764597
2666.3,0.389575176808802
2666.4,0.633715790212744
2666.5,0.365161115468408
2666.6,-0.245190418041449
2666.7,-0.586987276806968
2666.8,-0.318432602062632
2666.9,-0.342846663403026
2667,-0.733471644849334
2667.1,-0.0498779273182947
2667.2,0.243090808766436
2667.3,-0.0254638659778948
2667.4,0.267504870106831
2667.5,-0.757885706189717
2667.6,-0.00104980463750053
2667.7,-0.0987060499990775
2667.8,-0.342846663403026
2667.9,-0.562573215466574
2668,-0.733471644849334
2668.1,-1.7100340984651
2668.2,-1.44147942372076
2668.3,0.218676747426042
2668.4,0.829028280935904
2668.5,-0.928784135572488
2668.6,-1.51472160774194
2668.7,-0.220776356701054
2668.8,-0.953198196912882
2668.9,0.340747054128019
2669,0.487231422170379
2669.1,0.0966064407240822
2669.2,0.291918931447225
2669.3,0.706957974233927
2669.4,1.12199701702064
2669.5,0.413989238149202
2669.6,0.145434563404859
2669.7,-0.220776356701054
2669.8,-0.0498779273182947
2669.9,-0.684643522168545
2670,-0.904370074232094
2670.1,-0.855541951551299
2670.2,0.511645483510773
2670.3,1.02434077165905
2670.4,0.438403299489596
2670.5,-0.17194823402026
2670.6,0.853442342276298
2670.7,0.536059544851173
2670.8,-0.220776356701054
2670.9,0.0477783180432937
2671,-0.928784135572482
2671.1,0.267504870106836
2671.2,-0.489331031445386
2671.3,-0.416088847424203
2671.4,0.682543912893533
2671.5,0.755786096914721
2671.6,0.365161115468413
2671.7,0.316332992787625
2671.8,-0.562573215466574
2671.9,1.12199701702064
2672,0.48723142217039
2672.1,-0.196362295360655
2672.2,-0.0987060499990775
2672.3,-0.489331031445391
2672.4,0.902270464957087
2672.5,1.36613763042458
2672.6,0.658129851553139
2672.7,0.169848624745254
2672.8,0.487231422170379
2672.9,0.340747054128019
2673,-0.635815399487751
2673.1,-0.123120111339477
2673.2,0.0966064407240708
2673.3,0.243090808766442
2673.4,0.291918931447225
2673.5,0.243090808766442
2673.6,0.316332992787625
2673.7,-0.855541951551299
2673.8,-0.00104980463750621
2673.9,-0.0498779273182947
2674,-0.147534172679872
2674.1,0.0966064407240765
2674.2,0.243090808766442
2674.3,-0.342846663403026
2674.4,0.413989238149196
2674.5,-0.074291988658689
2674.6,0.0966064407240708
2674.7,-0.0742919886586833
2674.8,-0.19636229536066
2674.9,0.560473606191562
2675,0.999926710318658
2675.1,0.243090808766448
2675.2,-0.904370074232088
2675.3,-1.2949950556784
2675.4,-0.489331031445391
2675.5,-1.00202631959367
2675.6,0.194262686085654
2675.7,1.07316889433984
2675.8,0.829028280935898
2675.9,0.902270464957087
2676,0.780200158255116
2676.1,0.78020015825511
2676.2,-0.928784135572488
2676.3,0.316332992787625
2676.4,1.14641107836102
2676.5,2.04973134795562
2676.6,1.39055169176497
2676.7,0.60930172887235
2676.8,0.682543912893533
2676.9,0.584887667531962
2677,-0.684643522168545
2677.1,0.706957974233927
2677.2,0.829028280935898
2677.3,0.658129851553144
2677.4,0.780200158255116
2677.5,0.658129851553139
2677.6,0.389575176808802
2677.7,0.46281736082999
2677.8,-0.074291988658689
2677.9,-0.318432602062626
2678,1.29289544640339
2678.1,0.926684526297481
2678.2,0.804614219595504
2678.3,1.53703605980734
2678.4,1.61027824382852
2678.5,1.2928954464034
2678.6,0.560473606191562
2678.7,-0.00104980463750621
2678.8,0.243090808766442
2678.9,0.853442342276293
2679,0.633715790212744
2679.1,0.0966064407240765
2679.2,0.145434563404859
2679.3,0.145434563404865
2679.4,1.31730950774378
2679.5,1.65910636650931
2679.6,0.902270464957081
2679.7,0.0233642567028937
2679.8,-0.928784135572482
2679.9,0.462817360829985
2680,1.07316889433984
2680.1,-0.53815915412618
2680.2,0.291918931447225
2680.3,1.29289544640339
2680.4,0.829028280935898
2680.5,0.121020502064465
2680.6,0.487231422170379
2680.7,0.95109858763787
2680.8,1.90324697991325
2680.9,2.5135985134231
2681,1.63469230516891
2681.1,1.65910636650931
2681.2,-0.53815915412618
2681.3,0.877856403616687
2681.4,2.29387196135956
2681.5,1.09758295568024
2681.6,1.39055169176497
2681.7,0.365161115468408
2681.8,1.31730950774379
2681.9,1.19523920104181
2682,1.17082513970142
2682.1,1.61027824382852
2682.2,1.68352042784971
2682.3,1.04875483299945
2682.4,0.267504870106836
2682.5,0.194262686085654
2682.6,1.46379387578615
2682.7,1.63469230516891
2682.8,1.34172356908418
2682.9,1.17082513970142
2683,0.365161115468408
2683.1,0.218676747426042
2683.2,0.902270464957081
2683.3,-0.0987060499990775
2683.4,-0.245190418041449
2683.5,0.218676747426042
2683.6,0.0721923793836822
2683.7,0.316332992787619
2683.8,-0.318432602062632
2683.9,0.0721923793836765
2684,0.023364256702888
2684.1,1.87883291857286
2684.2,1.80559073455167
2684.3,1.78117667321129
2684.4,0.584887667531956
2684.5,0.169848624745254
2684.6,0.169848624745254
2684.7,0.511645483510773
2684.8,0.780200158255116
2684.9,0.853442342276293
2685,0.78020015825511
2685.1,0.511645483510773
2685.2,0.316332992787619
2685.3,0.194262686085648
2685.4,-0.34284666340302
2685.5,-0.294018540722237
2685.6,-0.342846663403026
2685.7,-0.782299767530122
2685.8,0.0721923793836765
2685.9,0.731372035574321
2686,0.218676747426042
2686.1,0.658129851553139
2686.2,0.99992671031867
2686.3,0.877856403616687
2686.4,0.658129851553144
2686.5,1.07316889433985
2686.6,1.43937981444576
2686.7,-0.245190418041449
2686.8,0.853442342276293
2686.9,-0.269604479381843
2687,0.413989238149196
2687.1,1.04875483299945
2687.2,0.731372035574321
2687.3,0.46281736082999
2687.4,-0.342846663403026
2687.5,-0.0254638659779005
2687.6,-0.123120111339477
2687.7,0.829028280935904
2687.8,0.951098587637875
2687.9,-0.0498779273182947
2688,-0.391674786083814
2688.1,-0.513745092785786
2688.2,0.902270464957081
2688.3,0.46281736082999
2688.4,-0.123120111339477
2688.5,1.61027824382853
2688.6,1.09758295568024
2688.7,0.877856403616698
2688.8,1.12199701702063
2688.9,0.194262686085654
2689,0.511645483510773
2689.1,1.78117667321128
2689.2,1.24406732372261
2689.3,-0.51374509278578
2689.4,0.780200158255116
2689.5,2.34270008404036
2689.6,0.829028280935904
2689.7,0.755786096914716
2689.8,1.43937981444575
2689.9,1.14641107836102
2690,-0.196362295360649
2690.1,0.0966064407240765
2690.2,1.61027824382852
2690.3,0.0477783180432823
2690.4,1.14641107836103
2690.5,1.2928954464034
2690.6,1.80559073455169
2690.7,1.75676261187088
2690.8,0.169848624745254
2690.9,0.731372035574321
2691,0.389575176808802
2691.1,-0.220776356701054
2691.2,-0.0987060499990832
2691.3,0.218676747426042
2691.4,1.07316889433985
2691.5,0.121020502064471
2691.6,0.291918931447225
2691.7,0.731372035574321
2691.8,0.99992671031867
2691.9,-0.586987276806968
2692,-0.416088847424209
2692.1,-0.562573215466574
2692.2,-1.68562003712471
2692.3,-1.05085444227446
2692.4,1.02434077165905
2692.5,-0.586987276806963
2692.6,-0.977612258253276
2692.7,1.07316889433985
2692.8,-0.0987060499990832
2692.9,-0.318432602062632
2693,0.413989238149196
2693.1,0.60930172887235
2693.2,1.14641107836102
2693.3,0.926684526297475
2693.4,0.413989238149202
2693.5,-0.0987060499990719
2693.6,-0.318432602062626
2693.7,-0.562573215466574
2693.8,1.31730950774379
2693.9,1.43937981444578
2694,-0.36726072474342
2694.1,0.023364256702888
2694.2,0.755786096914721
2694.3,1.63469230516892
2694.4,1.31730950774379
2694.5,0.95109858763787
2694.6,1.07316889433985
2694.7,-0.611401338147363
2694.8,0.560473606191562
2694.9,0.169848624745259
2695,0.243090808766442
2695.1,1.268481385063
2695.2,0.316332992787619
2695.3,-0.074291988658689
2695.4,1.12199701702064
2695.5,0.633715790212744
2695.6,0.877856403616693
2695.7,0.487231422170379
2695.8,1.36613763042458
2695.9,1.6835204278497
2696,0.926684526297475
2696.1,-0.53815915412618
2696.2,-0.635815399487757
2696.3,-0.074291988658689
2696.4,-0.53815915412618
2696.5,0.0966064407240708
2696.6,0.0477783180432823
2696.7,0.97551264897827
2696.8,0.60930172887235
2696.9,0.731372035574333
2697,0.877856403616687
2697.1,-0.294018540722237
2697.2,-0.0498779273182947
2697.3,0.413989238149196
2697.4,0.706957974233933
2697.5,-0.440502908764603
2697.6,-0.245190418041443
2697.7,0.877856403616693
2697.8,1.2928954464034
2697.9,0.365161115468408
2698,0.682543912893533
2698.1,0.511645483510779
2698.2,-0.00104980463750053
2698.3,0.267504870106836
2698.4,-0.171948234020266
2698.5,-0.684643522168545
2698.6,1.29289544640339
2698.7,1.83000479589207
2698.8,0.999926710318678
2698.9,-1.17292474897642
2699,-0.391674786083814
2699.1,-0.538159154126174
2699.2,0.413989238149196
2699.3,0.511645483510773
2699.4,0.365161115468408
2699.5,0.194262686085654
2699.6,0.78020015825511
2699.7,0.829028280935898
2699.8,-0.953198196912882
2699.9,-0.318432602062626
2700,0.97551264897827
2700.1,1.75676261187088
2700.2,1.07316889433984
2700.3,1.53703605980733
2700.4,0.999926710318664
2700.5,-0.294018540722232
2700.6,1.04875483299945
2700.7,1.2928954464034
2700.8,0.804614219595521
2700.9,0.194262686085648
2701,-0.440502908764603
2701.1,0.218676747426042
2701.2,-0.367260724743414
2701.3,0.365161115468413
2701.4,0.706957974233927
2701.5,0.0721923793836765
2701.6,1.268481385063
2701.7,0.853442342276296
2701.8,0.902270464957093
2701.9,1.80559073455167
2702,1.04875483299945
2702.1,0.0966064407240708
2702.2,-0.245190418041449
2702.3,0.902270464957087
2702.4,0.853442342276298
2702.5,0.243090808766436
2702.6,0.413989238149196
2702.7,0.0966064407240765
2702.8,-0.611401338147363
2702.9,-0.0498779273182947
2703,0.560473606191567
2703.1,0.462817360829996
2703.2,1.09758295568024
2703.3,0.95109858763787
2703.4,1.53703605980734
2703.5,0.560473606191567
2703.6,1.21965326238221
2703.7,1.02434077165906
2703.8,-0.196362295360655
2703.9,0.121020502064465
2704,0.0966064407240708
2704.1,-0.318432602062632
2704.2,0.902270464957081
2704.3,1.7079344891901
2704.4,0.389575176808813
2704.5,-0.489331031445391
2704.6,-0.440502908764603
2704.7,-0.855541951551305
2704.8,-0.53815915412618
2704.9,0.340747054128019
2705,1.02434077165905
2705.1,0.487231422170379
2705.2,-0.0987060499990832
2705.3,-0.0987060499990832
2705.4,-0.36726072474342
2705.5,-1.3194091170188
2705.6,0.48723142217039
2705.7,0.487231422170396
2705.8,0.0721923793836822
2705.9,0.609301728872362
2706,0.804614219595504
2706.1,0.218676747426042
2706.2,-0.220776356701054
2706.3,0.462817360829985
2706.4,0.438403299489596
2706.5,0.023364256702888
2706.6,0.731372035574333
2706.7,-0.294018540722237
2706.8,-0.171948234020266
2706.9,0.121020502064476
2707,-0.855541951551305
2707.1,0.0966064407240822
2707.2,-0.0498779273182947
2707.3,-0.757885706189722
2707.4,0.487231422170379
2707.5,0.291918931447225
2707.6,0.0477783180432823
2707.7,-0.611401338147363
2707.8,-0.562573215466568
2707.9,-0.733471644849334
2708,-1.41706536238037
2708.1,-0.171948234020266
2708.2,-0.34284666340302
2708.3,-0.513745092785786
2708.4,-0.245190418041443
2708.5,-0.611401338147351
2708.6,0.511645483510773
2708.7,0.731372035574321
2708.8,-0.611401338147357
2708.9,-1.41706536238037
2709,-0.0254638659779005
2709.1,0.829028280935898
2709.2,-0.367260724743414
2709.3,0.658129851553144
2709.4,1.34172356908418
2709.5,0.536059544851173
2709.6,0.97551264897827
2709.7,0.658129851553139
2709.8,0.511645483510773
2709.9,0.877856403616687
2710,-0.855541951551299
2710.1,-0.440502908764603
2710.2,0.169848624745254
2710.3,0.46281736082999
2710.4,-0.0498779273182947
2710.5,1.56145012114773
2710.6,1.80559073455168
2710.7,0.877856403616693
2710.8,0.316332992787619
2710.9,0.511645483510785
2711,0.413989238149196
2711.1,1.02434077165905
2711.2,0.584887667531956
2711.3,0.560473606191567
2711.4,0.780200158255121
2711.5,0.316332992787625
2711.6,0.0721923793836765
2711.7,0.902270464957087
2711.8,0.536059544851173
2711.9,0.853442342276293
2712,0.682543912893533
2712.1,0.0477783180432823
2712.2,2.19621571599798
2712.3,2.29387196135956
2712.4,0.999926710318658
2712.5,0.218676747426042
2712.6,0.023364256702888
2712.7,0.609301728872362
2712.8,0.462817360829985
2712.9,0.0721923793836765
2713,1.04875483299946
2713.1,1.6835204278497
2713.2,1.41496575310537
2713.3,1.268481385063
2713.4,0.78020015825511
2713.5,-0.294018540722237
2713.6,-0.904370074232094
2713.7,0.731372035574327
2713.8,1.36613763042457
2713.9,0.536059544851173
2714,1.36613763042458
2714.1,0.584887667531956
2714.2,0.389575176808808
2714.3,0.0477783180432823
2714.4,0.243090808766442
2714.5,-0.00104980463750621
2714.6,-0.123120111339477
2714.7,-0.294018540722237
2714.8,-0.171948234020266
2714.9,-0.19636229536066
2715,-0.0254638659779005
2715.1,-0.611401338147363
2715.2,-1.12409662629564
2715.3,0.0966064407240708
2715.4,0.340747054128013
2715.5,-0.34284666340302
2715.6,-0.391674786083814
2715.7,0.487231422170379
2715.8,-0.8311278902109
2715.9,0.80461421959551
2716,-0.00104980463750621
2716.1,-1.24616693299761
2716.2,-0.904370074232094
2716.3,-1.07526850361485
2716.4,-0.464916970104997
2716.5,-0.489331031445386
2716.6,-0.879956012891694
2716.7,-0.635815399487757
2716.8,-0.147534172679872
2716.9,-0.391674786083814
2717,-0.586987276806968
2717.1,0.0966064407240708
2717.2,-0.0987060499990832
2717.3,-0.440502908764603
2717.4,-0.757885706189728
2717.5,-1.41706536238037
2717.6,-1.53913566908234
2717.7,-1.24616693299761
2717.8,0.047778318043288
2717.9,-0.342846663403026
2718,-1.7344481598055
2718.1,-2.17390126393259
2718.2,-0.36726072474342
2718.3,-0.245190418041449
2718.4,-0.586987276806968
2718.5,-0.635815399487757
2718.6,-0.562573215466574
2718.7,-0.0254638659779005
2718.8,0.316332992787619
2718.9,0.023364256702888
2719,0.121020502064465
2719.1,0.121020502064465
2719.2,-0.123120111339477
2719.3,1.46379387578615
2719.4,0.99992671031867
2719.5,-0.171948234020266
2719.6,-0.294018540722237
2719.7,-0.0498779273182947
2719.8,0.121020502064471
2719.9,-0.733471644849328
2720,-0.220776356701054
2720.1,0.0477783180432823
2720.2,-1.05085444227446
2720.3,-0.684643522168545
2720.4,-0.0498779273182947
2720.5,0.365161115468408
2720.6,-0.17194823402026
2720.7,0.413989238149202
2720.8,0.243090808766436
2720.9,-0.147534172679872
2721,0.316332992787619
2721.1,-0.611401338147363
2721.2,-0.0254638659779005
2721.3,0.926684526297475
2721.4,0.926684526297481
2721.5,-0.269604479381843
2721.6,-0.586987276806968
2721.7,-0.0987060499990775
2721.8,0.218676747426048
2721.9,-0.123120111339477
2722,0.511645483510773
2722.1,-0.0254638659779005
2722.2,-0.684643522168534
2722.3,1.04875483299945
2722.4,2.02531728661522
2722.5,0.267504870106831
2722.6,0.731372035574327
2722.7,1.29289544640339
2722.8,1.17082513970142
2722.9,1.04875483299945
2723,-0.171948234020266
2723.1,-0.904370074232094
2723.2,0.0477783180432823
2723.3,0.145434563404859
2723.4,-0.34284666340302
2723.5,-0.733471644849322
2723.6,0.0966064407240708
2723.7,1.09758295568024
2723.8,0.340747054128013
2723.9,0.853442342276298
2724,1.12199701702064
2724.1,1.53703605980733
2724.2,0.902270464957081
2724.3,1.39055169176497
2724.4,-0.48933103144538
2724.5,-0.269604479381843
2724.6,0.145434563404859
2724.7,-0.684643522168545
2724.8,0.31633299278763
2724.9,1.41496575310537
2725,1.31730950774379
2725.1,-0.0254638659779005
2725.2,-0.391674786083814
2725.3,0.511645483510773
2725.4,1.34172356908418
2725.5,1.41496575310537
2725.6,1.24406732372261
2725.7,0.999926710318658
2725.8,1.07316889433984
2725.9,1.6591063665093
2726,0.731372035574321
2726.1,1.53703605980733
2726.2,1.85441885723246
2726.3,1.04875483299945
2726.4,0.951098587637875
2726.5,0.560473606191562
2726.6,0.926684526297475
2726.7,0.218676747426048
2726.8,-0.19636229536066
2726.9,0.0477783180432823
2727,1.19523920104181
2727.1,1.268481385063
2727.2,1.48820793712654
2727.3,1.04875483299945
2727.4,0.340747054128019
2727.5,1.04875483299945
2727.6,1.6591063665093
2727.7,1.78117667321129
2727.8,1.14641107836103
2727.9,1.43937981444576
2728,1.39055169176497
2728.1,2.46477039074232
2728.2,2.46477039074232
2728.3,1.75676261187089
2728.4,0.487231422170379
2728.5,1.92766104125365
2728.6,1.14641107836102
2728.7,1.63469230516891
2728.8,1.97648916393444
2728.9,1.46379387578615
2729,2.31828602269997
2729.1,1.58586418248813
2729.2,1.21965326238221
2729.3,0.829028280935898
2729.4,0.902270464957081
2729.5,0.609301728872362
2729.6,0.853442342276298
2729.7,2.07414540929601
2729.8,1.95207510259404
2729.9,0.243090808766442
2730,0.877856403616698
2730.1,2.34270008404035
2730.2,0.80461421959551
2730.3,-0.342846663403026
2730.4,-0.416088847424209
2730.5,0.340747054128019
2730.6,-0.294018540722237
2730.7,-0.0742919886586776
2730.8,0.43840329948959
2730.9,1.17082513970142
2731,1.56145012114773
2731.1,1.90324697991325
2731.2,2.1229735319768
2731.3,1.17082513970142
2731.4,1.04875483299945
2731.5,0.951098587637875
2731.6,1.56145012114773
2731.7,1.80559073455167
2731.8,0.658129851553139
2731.9,0.60930172887235
2732,0.926684526297481
2732.1,0.267504870106842
2732.2,0.609301728872356
2732.3,0.023364256702888
2732.4,0.0233642567028937
2732.5,0.95109858763787
2732.6,1.31730950774378
2732.7,0.902270464957087
2732.8,-0.123120111339477
2732.9,-0.220776356701049
2733,0.413989238149202
2733.1,1.04875483299946
2733.2,0.755786096914733
2733.3,1.12199701702064
2733.4,1.34172356908419
2733.5,0.121020502064476
2733.6,-0.24519041804144
2733.7,0.536059544851173
2733.8,1.56145012114773
2733.9,1.04875483299945
2734,1.21965326238221
2734.1,0.975512648978264
2734.2,1.43937981444576
2734.3,0.365161115468408
2734.4,-0.342846663403026
2734.5,-0.0987060499990832
2734.6,-0.0987060499990832
2734.7,0.267504870106831
2734.8,1.21965326238221
2734.9,0.829028280935898
2735,0.999926710318658
2735.1,0.853442342276293
2735.2,0.29191893144723
2735.3,-0.049877927318289
2735.4,0.780200158255116
2735.5,1.17082513970142
2735.6,1.34172356908418
2735.7,0.706957974233927
2735.8,-0.245190418041449
2735.9,1.34172356908418
2736,0.902270464957087
2736.1,0.536059544851173
2736.2,1.65910636650931
2736.3,0.706957974233927
2736.4,1.14641107836103
2736.5,0.951098587637881
2736.6,0.902270464957093
2736.7,1.02434077165905
2736.8,0.560473606191562
2736.9,0.194262686085648
2737,0.121020502064471
2737.1,0.365161115468408
2737.2,0.60930172887235
2737.3,0.560473606191562
2737.4,-0.147534172679872
2737.5,0.95109858763787
2737.6,0.0721923793836822
2737.7,0.169848624745259
2737.8,0.389575176808808
2737.9,0.0721923793836765
2738,1.21965326238221
2738.1,1.39055169176497
2738.2,0.0233642567028994
2738.3,0.584887667531956
2738.4,0.389575176808802
2738.5,0.169848624745254
2738.6,0.682543912893533
2738.7,0.63371579021275
2738.8,0.121020502064465
2738.9,0.145434563404865
2739,1.36613763042457
2739.1,1.43937981444577
2739.2,0.0721923793836765
2739.3,1.14641107836102
2739.4,1.48820793712655
2739.5,0.438403299489596
2739.6,-0.049877927318289
2739.7,-0.440502908764603
2739.8,-0.220776356701054
2739.9,-0.245190418041449
2740,-0.220776356701054
2740.1,0.511645483510773
2740.2,0.877856403616687
2740.3,-0.806713828870517
2740.4,-0.733471644849328
2740.5,1.39055169176497
2740.6,1.21965326238221
2740.7,0.682543912893533
2740.8,-0.00104980463750621
2740.9,-0.416088847424209
2741,0.243090808766442
2741.1,-0.391674786083809
2741.2,0.95109858763787
2741.3,0.804614219595504
2741.4,0.243090808766442
2741.5,0.560473606191562
2741.6,0.413989238149202
2741.7,0.46281736082999
2741.8,0.536059544851173
2741.9,-0.0987060499990832
2742,-0.440502908764603
2742.1,0.877856403616693
2742.2,0.682543912893539
2742.3,-0.0987060499990832
2742.4,0.0721923793836822
2742.5,0.560473606191562
2742.6,0.975512648978264
2742.7,0.511645483510773
2742.8,0.755786096914716
2742.9,1.31730950774379
2743,1.36613763042458
2743.1,0.999926710318664
2743.2,0.853442342276293
2743.3,2.07414540929602
2743.4,1.61027824382853
2743.5,0.755786096914716
2743.6,0.853442342276293
2743.7,-0.269604479381843
2743.8,0.46281736082999
2743.9,2.04973134795562
2744,1.6835204278497
2744.1,1.19523920104182
2744.2,1.09758295568025
2744.3,0.755786096914721
2744.4,-0.416088847424209
2744.5,0.902270464957081
2744.6,0.731372035574327
2744.7,0.755786096914716
2744.8,-0.0254638659779005
2744.9,0.243090808766436
2745,1.04875483299945
2745.1,1.7079344891901
2745.2,1.36613763042458
2745.3,1.36613763042457
2745.4,0.0233642567028937
2745.5,-0.660229460828145
2745.6,1.2928954464034
2745.7,1.43937981444575
2745.8,1.90324697991325
2745.9,1.09758295568024
2746,1.85441885723246
2746.1,2.22062977733837
2746.2,0.902270464957081
2746.3,0.0966064407240708
2746.4,0.658129851553144
2746.5,1.14641107836104
2746.6,0.0477783180432823
2746.7,-0.562573215466568
2746.8,0.560473606191562
2746.9,2.02531728661522
2747,1.39055169176498
2747.1,1.21965326238221
2747.2,0.926684526297487
2747.3,0.267504870106831
2747.4,1.6835204278497
2747.5,1.75676261187088
2747.6,0.487231422170379
2747.7,1.31730950774379
2747.8,0.536059544851167
2747.9,-0.831127890210911
2748,-0.19636229536066
2748.1,-0.0498779273182947
2748.2,1.70793448919011
2748.3,0.731372035574321
2748.4,0.243090808766442
2748.5,0.121020502064471
2748.6,0.877856403616687
2748.7,0.951098587637875
2748.8,1.63469230516891
2748.9,0.731372035574327
2749,-0.709057583508934
2749.1,1.02434077165905
2749.2,2.36711414538074
2749.3,1.24406732372261
2749.4,0.877856403616687
2749.5,0.023364256702888
2749.6,1.268481385063
2749.7,0.487231422170385
2749.8,0.145434563404859
2749.9,0.316332992787619
2750,0.536059544851167
2750.1,1.2440673237226
2750.2,1.17082513970142
2750.3,1.19523920104181
2750.4,1.17082513970142
2750.5,1.07316889433984
2750.6,0.78020015825511
2750.7,-0.245190418041449
2750.8,-0.36726072474342
2750.9,1.02434077165905
2751,2.24504383867877
2751.1,0.584887667531956
2751.2,0.902270464957081
2751.3,1.73234855053049
2751.4,0.462817360829985
2751.5,0.63371579021275
2751.6,1.83000479589206
2751.7,1.21965326238221
2751.8,0.706957974233927
2751.9,1.85441885723246
2752,1.75676261187088
2752.1,0.511645483510773
2752.2,0.560473606191562
2752.3,0.682543912893533
2752.4,1.14641107836103
2752.5,1.48820793712655
2752.6,-0.0498779273182947
2752.7,0.60930172887235
2752.8,1.48820793712654
2752.9,1.14641107836103
2753,0.560473606191562
2753.1,1.29289544640341
